run_label,kernel,matrix_stage,initialization_family,matrix_case_index,member_index,initialization_seed,collision_seed,max_superdroplets,collision_timestep_s,observation_timestep_s,end_time_s,time_s,n_superdroplet_records,number_concentration_cm3,liquid_water_gm3,relative_liquid_mass_drift,radius_moment_0_m3,radius_moment_3_um3_m3,radius_moment_6_um6_m3,max_radius_um,mass_fraction_r_ge_cloud_threshold,mass_fraction_r_ge_large_threshold,mass_fraction_r_ge_onset_threshold,mass_weighted_radius_q99_um,golovin_l1_relative,golovin_fixed_bin_l1_relative_bins_250,fixed_bin_mass_below_range_fraction_bins_250,fixed_bin_mass_above_range_fraction_bins_250,golovin_fixed_bin_l1_relative_bins_500,fixed_bin_mass_below_range_fraction_bins_500,fixed_bin_mass_above_range_fraction_bins_500,golovin_fixed_bin_l1_relative_bins_1000,fixed_bin_mass_below_range_fraction_bins_1000,fixed_bin_mass_above_range_fraction_bins_1000,golovin_fixed_bin_l1_relative,fixed_bin_mass_below_range_fraction,fixed_bin_mass_above_range_fraction,golovin_analytical_radius_moment_0_m3,golovin_relative_error_radius_moment_0_m3,golovin_analytical_radius_moment_3_um3_m3,golovin_relative_error_radius_moment_3_um3_m3,golovin_analytical_radius_moment_6_um6_m3,golovin_relative_error_radius_moment_6_um6_m3
golovin_fixed10_high_resolution_screen_v2_N004096_dt0p1_m000,golovin,golovin_fixed10_high_resolution_screen_v2,controlled,0,0,not_applicable,12181403248578735360,4096,0.1,300.0,3600.0,0.0,4096,8.388608,0.9982363416892331,0.0,8388608.0,238740388709.22803,1.3588177365756646e+16,74.960205078125,0.34221198606522885,0.0,0.0,57.35297775268555,0.10384044884754319,0.01364704981020734,0.0,0.0,0.01667750025446505,0.0,0.0,0.01825478810580494,0.0,0.0,0.01667750025446505,0.0,0.0,8388608.0,0.0,238733292669.84543,2.9723710938123205e-05,1.3588329560514944e+16,-1.12004023467005e-05
golovin_fixed10_high_resolution_screen_v2_N004096_dt0p1_m000,golovin,golovin_fixed10_high_resolution_screen_v2,controlled,0,0,not_applicable,12181403248578735360,4096,0.1,300.0,3600.0,300.00001192092896,4096,5.495356627474553,0.9982363465963047,4.915741147470953e-09,5495356.627474553,238740389882.81403,3.0780882681482164e+16,110.47208404541016,0.6017699142280185,0.0,0.0,83.45275115966797,0.08997667132242128,0.17193634365533914,0.0,0.0,0.2213967765183847,0.0,0.0,0.30255260031085185,0.0,0.0,0.2213967765183847,0.0,0.0,5348803.665523084,0.027399203843676112,238733292669.84543,2.9728626825376026e-05,3.3422009487832736e+16,-0.07902357897756185
golovin_fixed10_high_resolution_screen_v2_N004096_dt0p1_m000,golovin,golovin_fixed10_high_resolution_screen_v2,controlled,0,0,not_applicable,12181403248578735360,4096,0.1,300.0,3600.0,600.0000238418579,4096,3.559208790760792,0.998236343044917,1.3580789826050932e-09,3559208.790760792,238740389033.45636,7.2446548634047e+16,139.9742889404297,0.7694099912448312,0.0,0.0,121.66861724853516,0.10739745300632372,0.202851470280166,0.0,0.0,0.26542928658863196,0.0,0.0,0.3510565459147157,0.0,0.0,0.26542928658863196,0.0,0.0,3410542.089022777,0.043590343663113096,238733292669.84543,2.9725069057517928e-05,8.220515356432454e+16,-0.11871037893800107
golovin_fixed10_high_resolution_screen_v2_N004096_dt0p1_m000,golovin,golovin_fixed10_high_resolution_screen_v2,controlled,0,0,not_applicable,12181403248578735360,4096,0.1,300.0,3600.0,899.9999761581421,4096,2.313788523184518,0.99823634294266,1.255641368658189e-09,2313788.5231845183,238740389009.0003,1.819646467400644e+17,203.92996215820312,0.8599310933723222,0.0,0.0,164.45693969726562,0.0977186223281565,0.21472504795253003,0.0,0.0,0.2693039126875532,0.0,0.0,0.3416245098123543,0.0,0.0,0.2693039126875532,0.0,0.0,2174654.2046287498,0.06397997357907359,238733292669.84543,2.9724966616573312e-05,2.021926918134987e+17,-0.10004340360675612
golovin_fixed10_high_resolution_screen_v2_N004096_dt0p1_m000,golovin,golovin_fixed10_high_resolution_screen_v2,controlled,0,0,not_applicable,12181403248578735360,4096,0.1,300.0,3600.0,1200.0000476837158,4096,1.4683080179529968,0.9982363471909491,5.5114361963148895e-09,1468308.0179529968,238740390025.03046,4.130772019453061e+17,265.7911376953125,0.9185705206834922,0.0,0.0,221.45901489257812,0.07657541529232094,0.2154869231245502,0.0,0.0,0.27561432055272095,0.0,0.0,0.3712630949642116,0.0,0.0,0.27561432055272095,0.0,0.0,1386618.2972187817,0.05891291128788989,238733292669.84543,2.9729222537966393e-05,4.97315526712769e+17,-0.16938607431839914
golovin_fixed10_high_resolution_screen_v2_N004096_dt0p1_m000,golovin,golovin_fixed10_high_resolution_screen_v2,controlled,0,0,not_applicable,12181403248578735360,4096,0.1,300.0,3600.0,1500.0,4096,0.9536448892195721,0.9982363462207432,4.539516318402548e-09,953644.8892195722,238740389792.99387,9.809830049124017e+17,331.5608825683594,0.9479005718925683,0.0,0.0,291.6223449707031,0.09474758677491646,0.20508927380810008,0.0,0.0,0.2669714334857731,0.0,0.0,0.36456058967158034,0.0,0.0,0.2669714334857731,0.0,0.0,884145.4617925527,0.07860632716036742,238733292669.84543,2.9728250589000638e-05,1.2232026906685448e+18,-0.19802089024490066
golovin_fixed10_high_resolution_screen_v2_N004096_dt0p1_m000,golovin,golovin_fixed10_high_resolution_screen_v2,controlled,0,0,not_applicable,12181403248578735360,4096,0.1,300.0,3600.0,1799.9999523162842,4096,0.6079147444328967,0.9982363490801172,7.40394212606077e-09,607914.7444328967,238740390476.84802,2.288374645573929e+18,464.6542663574219,0.9678560313333816,0.0,0.0,381.28570556640625,0.12102230266726441,0.23055611624730746,0.0,0.0,0.2933862475313502,0.0,0.0,0.3917942656601114,0.0,0.0,0.2933862475313502,0.0,0.0,563755.1438462138,0.0783311710211716,238733292669.84543,2.9731115100073424e-05,3.0086026719268946e+18,-0.23938954554330938
golovin_fixed10_high_resolution_screen_v2_N004096_dt0p1_m000,golovin,golovin_fixed10_high_resolution_screen_v2,controlled,0,0,not_applicable,12181403248578735360,4096,0.1,300.0,3600.0,2099.9999046325684,4096,0.38899097252933973,0.9982363458098371,4.127884256632797e-09,388990.9725293397,238740389694.72076,5.880164233382944e+18,605.3660278320312,0.9796563312132827,0.0,0.0,560.4948120117188,0.1377517063584693,0.22110928982159003,0.0,0.0,0.2730609672411078,0.0,0.0,0.3612649086911525,0.0,0.0,0.2730609672411078,0.0,0.0,359465.58111456485,0.08213690813798635,238733292669.84543,2.9727838945170504e-05,7.39999192822117e+18,-0.20538234495122842
golovin_fixed10_high_resolution_screen_v2_N004096_dt0p1_m000,golovin,golovin_fixed10_high_resolution_screen_v2,controlled,0,0,not_applicable,12181403248578735360,4096,0.1,300.0,3600.0,2400.0000953674316,4096,0.2469837074561349,0.9982363503721227,8.698230136161555e-09,246983.7074561349,238740390785.84695,1.4537190831625796e+19,835.8274536132812,0.9870679693543237,0.0,0.0,738.7962036132812,0.1215611527790539,0.21769854330419258,0.0,0.0,0.29594197648499876,0.0,0.0,0.3999923435137174,0.0,0.0,0.29594197648499876,0.0,0.0,229204.92913507385,0.07756717269628943,238733292669.84543,2.973240942694133e-05,1.8201113831406539e+19,-0.2013021309420383
golovin_fixed10_high_resolution_screen_v2_N004096_dt0p1_m000,golovin,golovin_fixed10_high_resolution_screen_v2,controlled,0,0,not_applicable,12181403248578735360,4096,0.1,300.0,3600.0,2700.000047683716,4096,0.15846441101722647,0.9982363487297773,7.0529833084975735e-09,158464.41101722646,238740390393.06,3.4204084463377367e+19,1043.380126953125,0.9917774522251915,0.010073953213817611,0.010073953213817611,1006.4139404296875,0.13387560139034588,0.21706393155967452,0.0,0.0,0.3088773020376343,0.0,0.0,0.4398974252658337,0.0,0.0,0.3088773020376343,0.0,0.0,146147.28387886327,0.08427886452253519,238733292669.84543,2.973076413104181e-05,4.476765798748041e+19,-0.23596439927809543
golovin_fixed10_high_resolution_screen_v2_N004096_dt0p1_m000,golovin,golovin_fixed10_high_resolution_screen_v2,controlled,0,0,not_applicable,12181403248578735360,4096,0.1,300.0,3600.0,3000.0,4096,0.10143669808467441,0.9982363428194055,1.1321692472421319e-09,101436.69808467441,238740388979.52255,9.082835829118992e+19,1588.3818359375,0.994783715317689,0.09073091743585593,0.09073091743585593,1474.2078857421875,0.10774122334362524,0.2070744558830759,0.0,0.0,0.32150022005595824,0.0,0.0,0.4484791167119549,0.0,0.0,0.32150022005595824,0.0,0.0,93187.47491936282,0.088522874693727,238733292669.84543,2.9724843140899182e-05,1.1011101959187887e+20,-0.17512017754589138
golovin_fixed10_high_resolution_screen_v2_N004096_dt0p1_m000,golovin,golovin_fixed10_high_resolution_screen_v2,controlled,0,0,not_applicable,12181403248578735360,4096,0.1,300.0,3600.0,3299.999952316284,4096,0.0643373439191272,0.9982363544958659,1.2829259210533905e-08,64337.34391912719,238740391772.0903,2.168794380540228e+20,2001.7791748046875,0.9966848323959854,0.29044006423605073,0.29044006423605073,1874.3509521484375,0.101496759473568,0.24134351546626504,0.0,0.0,0.34622918019140414,0.0,0.0,0.48066111505424897,0.0,0.0,0.34622918019140414,0.0,0.0,59418.863295774216,0.08277641729478802,238733292669.84543,2.973654057836228e-05,2.7083026409274727e+20,-0.19920530749934473
golovin_fixed10_high_resolution_screen_v2_N004096_dt0p1_m000,golovin,golovin_fixed10_high_resolution_screen_v2,controlled,0,0,not_applicable,12181403248578735360,4096,0.1,300.0,3600.0,3599.9999046325684,4096,0.040907075237559695,0.9982363531463484,1.1477357286793222e-08,40907.07523755969,238740391449.33682,5.464167547094609e+20,2483.8330078125,0.9979000172343204,0.510710673401009,0.510710673401009,2369.060791015625,0.13523463321103388,0.2684557313534898,0.0,0.0,0.3823947802556166,0.0,0.0,0.4981785191166765,0.0,0.0,0.3823947802556166,0.0,0.0,37887.079979546696,0.07971042528596395,238733292669.84543,2.9735188636692556e-05,6.661370698447075e+20,-0.1797232439911448
golovin_fixed10_high_resolution_screen_v2_N004096_dt0p1_m001,golovin,golovin_fixed10_high_resolution_screen_v2,controlled,1,1,not_applicable,8807854718760990984,4096,0.1,300.0,3600.0,0.0,4096,8.388608,0.9982363416892331,0.0,8388608.0,238740388709.22803,1.3588177365756646e+16,74.960205078125,0.34221198606522885,0.0,0.0,57.35297775268555,0.1039808044392424,0.01364704981020734,0.0,0.0,0.01667750025446505,0.0,0.0,0.01825478810580494,0.0,0.0,0.01667750025446505,0.0,0.0,8388608.0,0.0,238733292669.84543,2.9723710938123205e-05,1.3588329560514944e+16,-1.12004023467005e-05
golovin_fixed10_high_resolution_screen_v2_N004096_dt0p1_m001,golovin,golovin_fixed10_high_resolution_screen_v2,controlled,1,1,not_applicable,8807854718760990984,4096,0.1,300.0,3600.0,300.00001192092896,4096,5.377730998569203,0.9982363445741188,2.889982697595883e-09,5377730.998569203,238740389399.1836,3.454633907343384e+16,110.2472152709961,0.629064819127344,0.0,0.0,85.99800109863281,0.09560030654742876,0.17374774466471393,0.0,0.0,0.22243326646593212,0.0,0.0,0.31093077635245453,0.0,0.0,0.22243326646593212,0.0,0.0,5348803.665523084,0.005408187485470117,238733292669.84543,2.9726601006530018e-05,3.3422009487832736e+16,0.0336403945433148
golovin_fixed10_high_resolution_screen_v2_N004096_dt0p1_m001,golovin,golovin_fixed10_high_resolution_screen_v2,controlled,1,1,not_applicable,8807854718760990984,4096,0.1,300.0,3600.0,600.0000238418579,4096,3.4647439999567338,0.9982363481521224,6.474307756576536e-09,3464743.9999567335,238740390254.90677,8.720512786617453e+16,163.06686401367188,0.7852083287915947,0.0,0.0,135.908447265625,0.0672806994909799,0.16022418291130716,0.0,0.0,0.27588950275186114,0.0,0.0,0.377780846202403,0.0,0.0,0.27588950275186114,0.0,0.0,3410542.089022777,0.015892462112815364,238733292669.84543,2.973018543817041e-05,8.220515356432454e+16,0.06082312464677253
golovin_fixed10_high_resolution_screen_v2_N004096_dt0p1_m001,golovin,golovin_fixed10_high_resolution_screen_v2,controlled,1,1,not_applicable,8807854718760990984,4096,0.1,300.0,3600.0,899.9999761581421,4096,2.236658767568218,0.9982363446815357,2.997589287900837e-09,2236658.767568218,238740389424.8737,2.0929984039055744e+17,211.6027069091797,0.8706146413641023,0.0,0.0,182.3250732421875,0.05529762685088589,0.1706415489095323,0.0,0.0,0.2374253047372746,0.0,0.0,0.3400554907701422,0.0,0.0,0.2374253047372746,0.0,0.0,2174654.2046287498,0.028512378109352587,238733292669.84543,2.9726708616450992e-05,2.021926918134987e+17,0.03515037320742698
golovin_fixed10_high_resolution_screen_v2_N004096_dt0p1_m001,golovin,golovin_fixed10_high_resolution_screen_v2,controlled,1,1,not_applicable,8807854718760990984,4096,0.1,300.0,3600.0,1200.0000476837158,4096,1.43317199745953,0.9982363477008827,6.022270682137787e-09,1433171.9974595301,238740390146.9873,5.151930223365924e+17,296.5743713378906,0.919646996745206,0.0,0.0,249.19876098632812,0.060839030258087984,0.17400374501282337,0.0,0.0,0.2309139262774618,0.0,0.0,0.33273455072494534,0.0,0.0,0.2309139262774618,0.0,0.0,1386618.2972187817,0.033573551087652476,238733292669.84543,2.9729733387773294e-05,4.97315526712769e+17,0.03594799410746874
golovin_fixed10_high_resolution_screen_v2_N004096_dt0p1_m001,golovin,golovin_fixed10_high_resolution_screen_v2,controlled,1,1,not_applicable,8807854718760990984,4096,0.1,300.0,3600.0,1500.0,4096,0.9190523962850703,0.9982363457012757,4.01913102798801e-09,919052.3962850703,238740389668.75696,1.2985250304307315e+18,399.4818420410156,0.9506983546847307,0.0,0.0,322.31622314453125,0.07508197658579503,0.18511947063749634,0.0,0.0,0.22607341407211531,0.0,0.0,0.36510759757871303,0.0,0.0,0.22607341407211531,0.0,0.0,884145.4617925527,0.03948098587956994,238733292669.84543,2.972773018861119e-05,1.2232026906685448e+18,0.061577970958369255
golovin_fixed10_high_resolution_screen_v2_N004096_dt0p1_m001,golovin,golovin_fixed10_high_resolution_screen_v2,controlled,1,1,not_applicable,8807854718760990984,4096,0.1,300.0,3600.0,1799.9999523162842,4096,0.5890473834929999,0.9982363446589326,2.974946289313607e-09,589047.383493,238740389419.4679,3.16451775197878e+18,511.5404357910156,0.9690992098252359,0.0,0.0,467.6477966308594,0.0523251670883922,0.1731109250332287,0.0,0.0,0.2593542155736712,0.0,0.0,0.3665869402521853,0.0,0.0,0.2593542155736712,0.0,0.0,563755.1438462138,0.04486387383400192,238733292669.84543,2.972668597278627e-05,3.0086026719268946e+18,0.05182308767678778
golovin_fixed10_high_resolution_screen_v2_N004096_dt0p1_m001,golovin,golovin_fixed10_high_resolution_screen_v2,controlled,1,1,not_applicable,8807854718760990984,4096,0.1,300.0,3600.0,2099.9999046325684,4096,0.3747506366744158,0.9982363448402696,3.156603645138034e-09,374750.63667441584,238740389462.83682,7.864366218886818e+18,668.642822265625,0.9809033796375868,0.0,0.0,594.0448608398438,0.05474919539427286,0.16910238723309146,0.0,0.0,0.24436114370773068,0.0,0.0,0.3472600572463316,0.0,0.0,0.24436114370773068,0.0,0.0,359465.58111456485,0.042521610865935866,238733292669.84543,2.9726867635471166e-05,7.39999192822117e+18,0.06275335097254309
golovin_fixed10_high_resolution_screen_v2_N004096_dt0p1_m001,golovin,golovin_fixed10_high_resolution_screen_v2,controlled,1,1,not_applicable,8807854718760990984,4096,0.1,300.0,3600.0,2400.0000953674316,4096,0.2373918753867762,0.9982363475975718,5.918777468139069e-09,237391.8753867762,238740390122.27927,1.8729594175056204e+19,914.7332763671875,0.9880444552066845,0.0,0.0,784.6524047851562,0.035893947390013274,0.17716568268064042,0.0,0.0,0.26418798296820906,0.0,0.0,0.3594445800825457,0.0,0.0,0.26418798296820906,0.0,0.0,229204.92913507385,0.03571889261979022,238733292669.84543,2.972962989145067e-05,1.8201113831406539e+19,0.02903560455392329
golovin_fixed10_high_resolution_screen_v2_N004096_dt0p1_m001,golovin,golovin_fixed10_high_resolution_screen_v2,controlled,1,1,not_applicable,8807854718760990984,4096,0.1,300.0,3600.0,2700.000047683716,4096,0.15113986917376043,0.9982363443308503,2.6462843027985627e-09,151139.86917376044,238740389341.00302,4.582018158494361e+19,1196.8411865234375,0.9924007695090225,0.029465627138656903,0.029465627138656903,1074.10302734375,0.037903293242279625,0.19690186790359146,0.0,0.0,0.30691476319920996,0.0,0.0,0.40590570748057697,0.0,0.0,0.30691476319920996,0.0,0.0,146147.28387886327,0.03416132795896076,238733292669.84543,2.9726357301251838e-05,4.476765798748041e+19,0.02351080321775023
golovin_fixed10_high_resolution_screen_v2_N004096_dt0p1_m001,golovin,golovin_fixed10_high_resolution_screen_v2,controlled,1,1,not_applicable,8807854718760990984,4096,0.1,300.0,3600.0,3000.0,4096,0.0965376141593744,0.9982363508329926,9.159914382550483e-09,96537.6141593744,238740390896.06955,1.1468101834195152e+20,1655.8858642578125,0.9951584475141878,0.14345078918049567,0.14345078918049567,1590.903564453125,0.07663755820120143,0.22491702084928014,0.0,0.0,0.3494394956541655,0.0,0.0,0.4518180033734563,0.0,0.0,0.3494394956541655,0.0,0.0,93187.47491936282,0.0359505313660502,238733292669.84543,2.973287112473244e-05,1.1011101959187887e+20,0.0415035549303886
golovin_fixed10_high_resolution_screen_v2_N004096_dt0p1_m001,golovin,golovin_fixed10_high_resolution_screen_v2,controlled,1,1,not_applicable,8807854718760990984,4096,0.1,300.0,3600.0,3299.999952316284,4096,0.061407295799829884,0.9982363481622878,6.484491166247608e-09,61407.29579982988,238740390257.33798,2.724202155470787e+20,2190.869384765625,0.9969002338094463,0.3379985692694933,0.3379985692694933,2036.6717529296875,0.07725547665361096,0.22933994492462728,0.0,0.0,0.3122832320843955,0.0,0.0,0.4729892079441062,0.0,0.0,0.3122832320843955,0.0,0.0,59418.863295774216,0.03346466751068067,238733292669.84543,2.973019562202417e-05,2.7083026409274727e+20,0.0058706565149120316
golovin_fixed10_high_resolution_screen_v2_N004096_dt0p1_m001,golovin,golovin_fixed10_high_resolution_screen_v2,controlled,1,1,not_applicable,8807854718760990984,4096,0.1,300.0,3600.0,3599.9999046325684,4096,0.039282020737937885,0.9982363455575427,3.875143983478324e-09,39282.020737937884,238740389634.38138,6.819300125447839e+20,3359.62060546875,0.9980249275042156,0.5413541468320633,0.5413541468320633,2657.583984375,0.05954056700604808,0.24992388217314726,0.0,0.0,0.37558924490110746,0.0,0.0,0.504148027734143,0.0,0.0,0.37558924490110746,0.0,0.0,37887.079979546696,0.036818376057068614,238733292669.84543,2.9727586197125788e-05,6.661370698447075e+20,0.023708247769123725
golovin_fixed10_high_resolution_screen_v2_N004096_dt0p1_m002,golovin,golovin_fixed10_high_resolution_screen_v2,controlled,2,2,not_applicable,9864149193895208150,4096,0.1,300.0,3600.0,0.0,4096,8.388608,0.9982363416892331,0.0,8388608.0,238740388709.22803,1.3588177365756646e+16,74.960205078125,0.34221198606522885,0.0,0.0,57.35297775268555,0.10388811332632034,0.01364704981020734,0.0,0.0,0.01667750025446505,0.0,0.0,0.01825478810580494,0.0,0.0,0.01667750025446505,0.0,0.0,8388608.0,0.0,238733292669.84543,2.9723710938123205e-05,1.3588329560514944e+16,-1.12004023467005e-05
golovin_fixed10_high_resolution_screen_v2_N004096_dt0p1_m002,golovin,golovin_fixed10_high_resolution_screen_v2,controlled,2,2,not_applicable,9864149193895208150,4096,0.1,300.0,3600.0,300.00001192092896,4096,5.394880303058631,0.9982363451176987,3.4345228883125856e-09,5394880.303058631,238740389529.18738,3.3446879867843276e+16,113.43340301513672,0.6272759351138729,0.0,0.0,91.52880096435547,0.0683717307273908,0.14946157445565075,0.0,0.0,0.2457102217159786,0.0,0.0,0.3185504824016963,0.0,0.0,0.2457102217159786,0.0,0.0,5348803.665523084,0.0086143819098361,238733292669.84543,2.9727145563152035e-05,3.3422009487832736e+16,0.0007441317979277606
golovin_fixed10_high_resolution_screen_v2_N004096_dt0p1_m002,golovin,golovin_fixed10_high_resolution_screen_v2,controlled,2,2,not_applicable,9864149193895208150,4096,0.1,300.0,3600.0,600.0000238418579,4096,3.508687348696976,0.9982363461505313,4.469180137078865e-09,3508687.348696976,238740389776.20187,8.256158372870747e+16,159.06005859375,0.7818070507885168,0.0,0.0,132.12841796875,0.0891052441742155,0.1777987945746738,0.0,0.0,0.24975241628981043,0.0,0.0,0.35685511024290006,0.0,0.0,0.24975241628981043,0.0,0.0,3410542.089022777,0.028777026382430737,238733292669.84543,2.9728180251265002e-05,8.220515356432454e+16,0.004335861547950515
golovin_fixed10_high_resolution_screen_v2_N004096_dt0p1_m002,golovin,golovin_fixed10_high_resolution_screen_v2,controlled,2,2,not_applicable,9864149193895208150,4096,0.1,300.0,3600.0,899.9999761581421,4096,2.248132965752803,0.9982363478182614,6.1398568451664914e-09,2248132.9657528033,238740390175.05988,2.101850598811773e+17,221.84274291992188,0.869973126699232,0.0,0.0,186.35470581054688,0.0699768576479294,0.17920849751671383,0.0,0.0,0.2211031987165262,0.0,0.0,0.33623219849716496,0.0,0.0,0.2211031987165262,0.0,0.0,2174654.2046287498,0.03378871039250941,238733292669.84543,2.9729850977489036e-05,2.021926918134987e+17,0.0395284715584614
golovin_fixed10_high_resolution_screen_v2_N004096_dt0p1_m002,golovin,golovin_fixed10_high_resolution_screen_v2,controlled,2,2,not_applicable,9864149193895208150,4096,0.1,300.0,3600.0,1200.0000476837158,4096,1.4264523334281838,0.9982363465287861,4.848103474230925e-09,1426452.3334281838,238740389866.66617,5.161410240297681e+17,284.91717529296875,0.921617644871894,0.0,0.0,254.1079559326172,0.07471900915766275,0.215493512961025,0.0,0.0,0.26226024470044884,0.0,0.0,0.36277124897451507,0.0,0.0,0.26226024470044884,0.0,0.0,1386618.2972187817,0.028727470486506368,238733292669.84543,2.9728559185704384e-05,4.97315526712769e+17,0.03785423198313298
golovin_fixed10_high_resolution_screen_v2_N004096_dt0p1_m002,golovin,golovin_fixed10_high_resolution_screen_v2,controlled,2,2,not_applicable,9864149193895208150,4096,0.1,300.0,3600.0,1500.0,4096,0.9224310291366496,0.9982363517383109,1.0066832256683256e-08,922431.0291366497,238740391112.5875,1.2255150472156508e+18,404.1737060546875,0.9509205576168562,0.0,0.0,334.24261474609375,0.058420890766975916,0.1880267331151849,0.0,0.0,0.24811282619846145,0.0,0.0,0.3613464027104862,0.0,0.0,0.24811282619846145,0.0,0.0,884145.4617925527,0.04330233994129795,238733292669.84543,2.973377806947397e-05,1.2232026906685448e+18,0.001890411593063357
golovin_fixed10_high_resolution_screen_v2_N004096_dt0p1_m002,golovin,golovin_fixed10_high_resolution_screen_v2,controlled,2,2,not_applicable,9864149193895208150,4096,0.1,300.0,3600.0,1799.9999523162842,4096,0.5851428237706869,0.9982363521912081,1.052052955863303e-08,585142.823770687,238740391220.9034,3.174770453665352e+18,504.6868896484375,0.9688809593703976,0.0,0.0,447.69879150390625,0.06679095619226805,0.2131999926768255,0.0,0.0,0.27560777142163984,0.0,0.0,0.3705064033946923,0.0,0.0,0.27560777142163984,0.0,0.0,563755.1438462138,0.03793788874112258,238733292669.84543,2.9734231780542686e-05,3.0086026719268946e+18,0.05523088285766686
golovin_fixed10_high_resolution_screen_v2_N004096_dt0p1_m002,golovin,golovin_fixed10_high_resolution_screen_v2,controlled,2,2,not_applicable,9864149193895208150,4096,0.1,300.0,3600.0,2099.9999046325684,4096,0.37184872502149763,0.9982363452165303,3.5335290249349782e-09,371848.72502149764,238740389552.8241,7.375199063654157e+18,658.2765502929688,0.9807883431895159,0.0,0.0,607.7658081054688,0.050390448848467974,0.18855452072405804,0.0,0.0,0.25036899389385914,0.0,0.0,0.3827139482209524,0.0,0.0,0.25036899389385914,0.0,0.0,359465.58111456485,0.034448761042816356,238733292669.84543,2.9727244571953193e-05,7.39999192822117e+18,-0.003350390758192656
golovin_fixed10_high_resolution_screen_v2_N004096_dt0p1_m002,golovin,golovin_fixed10_high_resolution_screen_v2,controlled,2,2,not_applicable,9864149193895208150,4096,0.1,300.0,3600.0,2400.0000953674316,4096,0.2374349684511964,0.9982363520357036,1.036475039128959e-08,237434.96845119642,238740391183.7126,2.0266814654371287e+19,914.8187866210938,0.9877950336847193,0.0,0.0,798.901611328125,0.0842736205094861,0.21851324340385664,0.0,0.0,0.3038360145540708,0.0,0.0,0.3898067118771609,0.0,0.0,0.3038360145540708,0.0,0.0,229204.92913507385,0.03590690369172855,238733292669.84543,2.973407599649036e-05,1.8201113831406539e+19,0.1134930994937422
golovin_fixed10_high_resolution_screen_v2_N004096_dt0p1_m002,golovin,golovin_fixed10_high_resolution_screen_v2,controlled,2,2,not_applicable,9864149193895208150,4096,0.1,300.0,3600.0,2700.000047683716,4096,0.15153707192947755,0.9982363442373798,2.552648759035492e-09,151537.07192947753,238740389318.6484,4.8524510433344725e+19,1203.5347900390625,0.9922709372277138,0.019954254434570995,0.019954254434570995,1154.27001953125,0.0690656886913495,0.19212827417829892,0.0,0.0,0.2741763171299019,0.0,0.0,0.41481588808530817,0.0,0.0,0.2741763171299019,0.0,0.0,146147.28387886327,0.03687915305413192,238733292669.84543,2.9726263662821495e-05,4.476765798748041e+19,0.08391889624681603
golovin_fixed10_high_resolution_screen_v2_N004096_dt0p1_m002,golovin,golovin_fixed10_high_resolution_screen_v2,controlled,2,2,not_applicable,9864149193895208150,4096,0.1,300.0,3600.0,3000.0,4096,0.09710038843035385,0.998236346779885,5.099646038786432e-09,97100.38843035385,238740389926.7195,1.1531051416985418e+20,1600.6231689453125,0.9950382927562481,0.18393737818307976,0.18393737818307976,1466.560791015625,0.13138208722697847,0.24963972343150767,0.0,0.0,0.33874391153123495,0.0,0.0,0.44470581007777377,0.0,0.0,0.33874391153123495,0.0,0.0,93187.47491936282,0.04198969351167592,238733292669.84543,2.972881073559641e-05,1.1011101959187887e+20,0.047220474365299525
golovin_fixed10_high_resolution_screen_v2_N004096_dt0p1_m002,golovin,golovin_fixed10_high_resolution_screen_v2,controlled,2,2,not_applicable,9864149193895208150,4096,0.1,300.0,3600.0,3299.999952316284,4096,0.061929550321630854,0.9982363453728161,3.6900911215553833e-09,61929.55032163086,238740389590.20187,2.8331326950543557e+20,2044.0303955078125,0.9968440468998596,0.41340827736569513,0.41340827736569513,1962.4324951171875,0.11514096848415663,0.2683199714347557,0.0,0.0,0.3552610170838928,0.0,0.0,0.4745625946639679,0.0,0.0,0.3552610170838928,0.0,0.0,59418.863295774216,0.04225403998994359,238733292669.84543,2.972740113915684e-05,2.7083026409274727e+20,0.046091619245378856
golovin_fixed10_high_resolution_screen_v2_N004096_dt0p1_m002,golovin,golovin_fixed10_high_resolution_screen_v2,controlled,2,2,not_applicable,9864149193895208150,4096,0.1,300.0,3600.0,3599.9999046325684,4096,0.03960887350055459,0.9982363518422221,1.0170926989516715e-08,39608.87350055459,238740391137.43918,6.467265794521602e+20,2567.40673828125,0.9979902315383918,0.604422983171682,0.604422983171682,2502.155029296875,0.10192362604585035,0.24603372808688465,0.0,0.0,0.3831112267918676,0.0,0.0,0.5150579733164421,0.0,0.0,0.3831112267918676,0.0,0.0,37887.079979546696,0.045445400435647265,238733292669.84543,2.9733882167759518e-05,6.661370698447075e+20,-0.029138883378870273
golovin_fixed10_high_resolution_screen_v2_N004096_dt0p1_m003,golovin,golovin_fixed10_high_resolution_screen_v2,controlled,3,3,not_applicable,7421825872465425726,4096,0.1,300.0,3600.0,0.0,4096,8.388608,0.9982363416892331,0.0,8388608.0,238740388709.22803,1.3588177365756646e+16,74.960205078125,0.34221198606522885,0.0,0.0,57.35297775268555,0.10384640806992262,0.01364704981020734,0.0,0.0,0.01667750025446505,0.0,0.0,0.01825478810580494,0.0,0.0,0.01667750025446505,0.0,0.0,8388608.0,0.0,238733292669.84543,2.9723710938123205e-05,1.3588329560514944e+16,-1.12004023467005e-05
golovin_fixed10_high_resolution_screen_v2_N004096_dt0p1_m003,golovin,golovin_fixed10_high_resolution_screen_v2,controlled,3,3,not_applicable,7421825872465425726,4096,0.1,300.0,3600.0,300.00001192092896,4096,5.343485930574104,0.9982363451547608,3.47165052261289e-09,5343485.930574104,238740389538.05124,3.4663538500152536e+16,125.55853271484375,0.633657237679052,0.0,0.0,94.72860717773438,0.06505026375925145,0.1689605980115902,0.0,0.0,0.22733049435727873,0.0,0.0,0.34328519012100445,0.0,0.0,0.22733049435727873,0.0,0.0,5348803.665523084,-0.0009941914643935013,238733292669.84543,2.972718269189656e-05,3.3422009487832736e+16,0.03714704864684393
golovin_fixed10_high_resolution_screen_v2_N004096_dt0p1_m003,golovin,golovin_fixed10_high_resolution_screen_v2,controlled,3,3,not_applicable,7421825872465425726,4096,0.1,300.0,3600.0,600.0000238418579,4096,3.3964848613307717,0.9982363487507246,7.0739676338860136e-09,3396484.861330772,238740390398.0698,8.562004992252811e+16,140.36019897460938,0.7929502092095406,0.0,0.0,123.74076080322266,0.05260296247073815,0.16319492323922224,0.0,0.0,0.268639369739886,0.0,0.0,0.35343235343395607,0.0,0.0,0.268639369739886,0.0,0.0,3410542.089022777,-0.004121698933799989,238733292669.84543,2.9730785115811287e-05,8.220515356432454e+16,0.04154114687628985
golovin_fixed10_high_resolution_screen_v2_N004096_dt0p1_m003,golovin,golovin_fixed10_high_resolution_screen_v2,controlled,3,3,not_applicable,7421825872465425726,4096,0.1,300.0,3600.0,899.9999761581421,4096,2.1959263871345107,0.998236345873367,4.191526237207199e-09,2195926.3871345106,238740389709.9146,2.0668649949160054e+17,201.97071838378906,0.8769818363922394,0.0,0.0,163.704345703125,0.050961232914772836,0.1880700021032861,0.0,0.0,0.24702951135106443,0.0,0.0,0.36169988468713615,0.0,0.0,0.24702951135106443,0.0,0.0,2174654.2046287498,0.009781868979667152,238733292669.84543,2.972790258870539e-05,2.021926918134987e+17,0.022225371440461883
golovin_fixed10_high_resolution_screen_v2_N004096_dt0p1_m003,golovin,golovin_fixed10_high_resolution_screen_v2,controlled,3,3,not_applicable,7421825872465425726,4096,0.1,300.0,3600.0,1200.0000476837158,4096,1.4128774643093747,0.9982363451731985,3.490120636939764e-09,1412877.4643093746,238740389542.46085,5.219966054938925e+17,285.903076171875,0.9214630794608285,0.0,0.0,243.5389404296875,0.06478370181310526,0.15828843553422173,0.0,0.0,0.2596766993527888,0.0,0.0,0.3550482182372826,0.0,0.0,0.2596766993527888,0.0,0.0,1386618.2972187817,0.018937559920608527,238733292669.84543,2.972720116267702e-05,4.97315526712769e+17,0.04962861092285653
golovin_fixed10_high_resolution_screen_v2_N004096_dt0p1_m003,golovin,golovin_fixed10_high_resolution_screen_v2,controlled,3,3,not_applicable,7421825872465425726,4096,0.1,300.0,3600.0,1500.0,4096,0.9011701874825289,0.9982363484719777,6.794728113490578e-09,901170.1874825289,238740390331.4041,1.2533862709863127e+18,374.8747863769531,0.9513872904591182,0.0,0.0,314.5921630859375,0.058519581836178045,0.15949509572291404,0.0,0.0,0.23076889880347376,0.0,0.0,0.3646107214573631,0.0,0.0,0.23076889880347376,0.0,0.0,884145.4617925527,0.01925557097297026,238733292669.84543,2.9730505868297286e-05,1.2232026906685448e+18,0.024675861611513472
golovin_fixed10_high_resolution_screen_v2_N004096_dt0p1_m003,golovin,golovin_fixed10_high_resolution_screen_v2,controlled,3,3,not_applicable,7421825872465425726,4096,0.1,300.0,3600.0,1799.9999523162842,4096,0.568908825112978,0.998236345791096,4.1091099411971754e-09,568908.825112978,238740389690.2385,2.993902419959298e+18,485.9323425292969,0.97044182113095,0.0,0.0,440.62225341796875,0.03892593694076581,0.18645428281804885,0.0,0.0,0.25478090235927614,0.0,0.0,0.36522545952511987,0.0,0.0,0.25478090235927614,0.0,0.0,563755.1438462138,0.009141701540146041,238733292669.84543,2.972782016996689e-05,3.0086026719268946e+18,-0.0048860728951561905
golovin_fixed10_high_resolution_screen_v2_N004096_dt0p1_m003,golovin,golovin_fixed10_high_resolution_screen_v2,controlled,3,3,not_applicable,7421825872465425726,4096,0.1,300.0,3600.0,2099.9999046325684,4096,0.3621713492780261,0.9982363412990515,-3.908710022315631e-10,362171.3492780261,238740388615.91135,7.303794969960774e+18,648.201416015625,0.9815839599842796,0.0,0.0,568.2131958007812,0.048650626881513385,0.18508997284161768,0.0,0.0,0.25616157852535737,0.0,0.0,0.3629011063348156,0.0,0.0,0.25616157852535737,0.0,0.0,359465.58111456485,0.007527196776591749,238733292669.84543,2.972332005546363e-05,7.39999192822117e+18,-0.012999603133826643
golovin_fixed10_high_resolution_screen_v2_N004096_dt0p1_m003,golovin,golovin_fixed10_high_resolution_screen_v2,controlled,3,3,not_applicable,7421825872465425726,4096,0.1,300.0,3600.0,2400.0000953674316,4096,0.23014016251101996,0.9982363486145452,6.937547647467568e-09,230140.16251101997,238740390365.50085,1.6701423259236927e+19,808.3384399414062,0.9884299290927144,0.0,0.0,748.9344482421875,0.025716007184698377,0.15877927467356118,0.0,0.0,0.2661478123367235,0.0,0.0,0.3668334891639829,0.0,0.0,0.2661478123367235,0.0,0.0,229204.92913507385,0.00408033710040745,238733292669.84543,2.9730648691828065e-05,1.8201113831406539e+19,-0.08239553832039948
golovin_fixed10_high_resolution_screen_v2_N004096_dt0p1_m003,golovin,golovin_fixed10_high_resolution_screen_v2,controlled,3,3,not_applicable,7421825872465425726,4096,0.1,300.0,3600.0,2700.000047683716,4096,0.14673770271678369,0.9982363516542373,9.982610071901377e-09,146737.70271678368,238740391092.48026,4.0488344277633696e+19,1062.319580078125,0.9926711088902354,0.014439170394084067,0.014439170394084067,1043.0067138671875,0.04350807009308368,0.20038931552241135,0.0,0.0,0.29432157080728655,0.0,0.0,0.42571173924149647,0.0,0.0,0.29432157080728655,0.0,0.0,146147.28387886327,0.004039889228525162,238733292669.84543,2.9733693844846698e-05,4.476765798748041e+19,-0.09558940320361309
golovin_fixed10_high_resolution_screen_v2_N004096_dt0p1_m003,golovin,golovin_fixed10_high_resolution_screen_v2,controlled,3,3,not_applicable,7421825872465425726,4096,0.1,300.0,3600.0,3000.0,4096,0.09298674549211092,0.9982363472525898,5.573185912766121e-09,92986.74549211092,238740390039.7726,9.160229224785347e+19,1588.729248046875,0.99545200498457,0.11441253074259042,0.11441253074259042,1245.788818359375,0.06200148628917436,0.18544524634802967,0.0,0.0,0.31364737641296364,0.0,0.0,0.42896106888528873,0.0,0.0,0.31364737641296364,0.0,0.0,93187.47491936282,-0.002154038699144989,238733292669.84543,2.9729284289681246e-05,1.1011101959187887e+20,-0.16809150812177653
golovin_fixed10_high_resolution_screen_v2_N004096_dt0p1_m003,golovin,golovin_fixed10_high_resolution_screen_v2,controlled,3,3,not_applicable,7421825872465425726,4096,0.1,300.0,3600.0,3299.999952316284,4096,0.05939189230286958,0.9982363483701661,6.692736587154968e-09,59391.89230286958,238740390307.0546,2.123091791614304e+20,2036.640625,0.9971166343498712,0.32527301757661364,0.32527301757661364,1573.04541015625,0.09945535999751087,0.25625028903210356,0.0,0.0,0.36971534061826467,0.0,0.0,0.49004819472286226,0.0,0.0,0.36971534061826467,0.0,0.0,59418.863295774216,-0.0004539129732317182,238733292669.84543,2.9730403873662326e-05,2.7083026409274727e+20,-0.21608030080152352
golovin_fixed10_high_resolution_screen_v2_N004096_dt0p1_m003,golovin,golovin_fixed10_high_resolution_screen_v2,controlled,3,3,not_applicable,7421825872465425726,4096,0.1,300.0,3600.0,3599.9999046325684,4096,0.03812678641024889,0.9982363423038194,6.156721799044362e-10,38126.7864102489,238740388856.2139,5.114588446014242e+20,2647.287109375,0.9981578434169138,0.5170577962712485,0.5170577962712485,2463.517822265625,0.11572012699818379,0.26897550950198656,0.0,0.0,0.36015179521396173,0.0,0.0,0.524275558487,0.0,0.0,0.36015179521396173,0.0,0.0,37887.079979546696,0.006326864747338901,238733292669.84543,2.972432662873281e-05,6.661370698447075e+20,-0.23220179786622974
golovin_fixed10_high_resolution_screen_v2_N004096_dt0p1_m004,golovin,golovin_fixed10_high_resolution_screen_v2,controlled,4,4,not_applicable,18015671903480507484,4096,0.1,300.0,3600.0,0.0,4096,8.388608,0.9982363416892331,0.0,8388608.0,238740388709.22803,1.3588177365756646e+16,74.960205078125,0.34221198606522885,0.0,0.0,57.35297775268555,0.10399529835764929,0.01364704981020734,0.0,0.0,0.01667750025446505,0.0,0.0,0.01825478810580494,0.0,0.0,0.01667750025446505,0.0,0.0,8388608.0,0.0,238733292669.84543,2.9723710938123205e-05,1.3588329560514944e+16,-1.12004023467005e-05
golovin_fixed10_high_resolution_screen_v2_N004096_dt0p1_m004,golovin,golovin_fixed10_high_resolution_screen_v2,controlled,4,4,not_applicable,18015671903480507484,4096,0.1,300.0,3600.0,300.00001192092896,4096,5.377574892497629,0.9982363444887236,2.804436460834836e-09,5377574.892497629,238740389378.76028,3.0301242887492308e+16,112.99330139160156,0.6121191671714161,0.0,0.0,83.52450561523438,0.06762550404994618,0.15580407580462463,0.0,0.0,0.21033474432037716,0.0,0.0,0.30365442878743204,0.0,0.0,0.21033474432037716,0.0,0.0,5348803.665523084,0.005379002254279008,238733292669.84543,2.9726515457850766e-05,3.3422009487832736e+16,-0.0933745950098106
golovin_fixed10_high_resolution_screen_v2_N004096_dt0p1_m004,golovin,golovin_fixed10_high_resolution_screen_v2,controlled,4,4,not_applicable,18015671903480507484,4096,0.1,300.0,3600.0,600.0000238418579,4096,3.4680953404211903,0.9982363456473589,3.965118899884601e-09,3468095.3404211905,238740389655.86206,7.549358784440222e+16,151.66082763671875,0.7676711013152231,0.0,0.0,120.5426025390625,0.08369113325963679,0.17051241074799123,0.0,0.0,0.2437237853509756,0.0,0.0,0.34310026113971964,0.0,0.0,0.2437237853509756,0.0,0.0,3410542.089022777,0.016875103692065574,238733292669.84543,2.972767617470673e-05,8.220515356432454e+16,-0.08164409929203043
golovin_fixed10_high_resolution_screen_v2_N004096_dt0p1_m004,golovin,golovin_fixed10_high_resolution_screen_v2,controlled,4,4,not_applicable,18015671903480507484,4096,0.1,300.0,3600.0,899.9999761581421,4096,2.195162086555148,0.9982363428001993,1.112929082225378e-09,2195162.086555148,238740388974.92917,1.897391133442575e+17,216.56980895996094,0.8666512440898655,0.0,0.0,171.2454376220703,0.06625095976770098,0.14933501919609393,0.0,0.0,0.2328324128214961,0.0,0.0,0.35962823852389314,0.0,0.0,0.2328324128214961,0.0,0.0,2174654.2046287498,0.009430410537338396,238733292669.84543,2.9724823900290076e-05,2.021926918134987e+17,-0.06159262413266786
golovin_fixed10_high_resolution_screen_v2_N004096_dt0p1_m004,golovin,golovin_fixed10_high_resolution_screen_v2,controlled,4,4,not_applicable,18015671903480507484,4096,0.1,300.0,3600.0,1200.0000476837158,4096,1.3900100157652397,0.9982363455872049,3.9048586586432066e-09,1390010.0157652397,238740389641.4755,4.407276494666839e+17,264.99786376953125,0.9217385398325639,0.0,0.0,216.711669921875,0.05635268087014082,0.15791511935217237,0.0,0.0,0.24692214835366996,0.0,0.0,0.368166886109848,0.0,0.0,0.24692214835366996,0.0,0.0,1386618.2972187817,0.0024460361970277678,238733292669.84543,2.972761591268913e-05,4.97315526712769e+17,-0.11378666903912726
golovin_fixed10_high_resolution_screen_v2_N004096_dt0p1_m004,golovin,golovin_fixed10_high_resolution_screen_v2,controlled,4,4,not_applicable,18015671903480507484,4096,0.1,300.0,3600.0,1500.0,4096,0.8908904338458716,0.9982363465441442,4.86348850081697e-09,890890.4338458716,238740389870.3392,1.0498745902497161e+18,378.8699645996094,0.9514407064557102,0.0,0.0,302.6656188964844,0.05030429694852599,0.1910386223522801,0.0,0.0,0.24432470034151396,0.0,0.0,0.35452977451240375,0.0,0.0,0.24432470034151396,0.0,0.0,884145.4617925527,0.007628803567734099,238733292669.84543,2.972857457117506e-05,1.2232026906685448e+18,-0.1417002282132781
golovin_fixed10_high_resolution_screen_v2_N004096_dt0p1_m004,golovin,golovin_fixed10_high_resolution_screen_v2,controlled,4,4,not_applicable,18015671903480507484,4096,0.1,300.0,3600.0,1799.9999523162842,4096,0.5650569411028307,0.9982363492550127,7.57914664362147e-09,565056.9411028307,238740390518.67642,2.662368866691013e+18,483.0243835449219,0.9701871929039312,0.0,0.0,429.12322998046875,0.0584079355394628,0.17949911023006088,0.0,0.0,0.2696022730459715,0.0,0.0,0.3767220931036434,0.0,0.0,0.2696022730459715,0.0,0.0,563755.1438462138,0.002309153665074115,238733292669.84543,2.9731290309920055e-05,3.0086026719268946e+18,-0.11508126628569804
golovin_fixed10_high_resolution_screen_v2_N004096_dt0p1_m004,golovin,golovin_fixed10_high_resolution_screen_v2,controlled,4,4,not_applicable,18015671903480507484,4096,0.1,300.0,3600.0,2099.9999046325684,4096,0.36146597414909415,0.9982363467068662,5.026498106630584e-09,361465.97414909414,238740389909.25613,6.887778539730596e+18,647.926025390625,0.9810940457107358,0.0,0.0,580.6557006835938,0.06296269596469796,0.1909270863597515,0.0,0.0,0.24373188065926044,0.0,0.0,0.36601272044755206,0.0,0.0,0.24373188065926044,0.0,0.0,359465.58111456485,0.005564908407438729,238733292669.84543,2.972873758544381e-05,7.39999192822117e+18,-0.06921810097348324
golovin_fixed10_high_resolution_screen_v2_N004096_dt0p1_m004,golovin,golovin_fixed10_high_resolution_screen_v2,controlled,4,4,not_applicable,18015671903480507484,4096,0.1,300.0,3600.0,2400.0000953674316,4096,0.23256790205037584,0.998236347909084,6.230839844079128e-09,232567.90205037582,238740390196.78116,1.5868120589946794e+19,901.8858032226562,0.9879496890715249,0.0,0.0,759.6732177734375,0.06764243112958479,0.20462738856254112,0.0,0.0,0.2951648085972971,0.0,0.0,0.40877559363285776,0.0,0.0,0.2951648085972971,0.0,0.0,229204.92913507385,0.014672341157724977,238733292669.84543,2.9729941963152484e-05,1.8201113831406539e+19,-0.12817859736881043
golovin_fixed10_high_resolution_screen_v2_N004096_dt0p1_m004,golovin,golovin_fixed10_high_resolution_screen_v2,controlled,4,4,not_applicable,18015671903480507484,4096,0.1,300.0,3600.0,2700.000047683716,4096,0.1493012423424242,0.9982363447787913,3.0950166873822127e-09,149301.2423424242,238740389448.13354,4.0177973605042676e+19,1107.694091796875,0.9923030860947033,0.02528242629234615,0.02528242629234615,1068.3994140625,0.0762190725167197,0.1883668393533397,0.0,0.0,0.2809807419775881,0.0,0.0,0.4085505498356357,0.0,0.0,0.2809807419775881,0.0,0.0,146147.28387886327,0.021580684771228098,238733292669.84543,2.9726806046737053e-05,4.476765798748041e+19,-0.10252232501689662
golovin_fixed10_high_resolution_screen_v2_N004096_dt0p1_m004,golovin,golovin_fixed10_high_resolution_screen_v2,controlled,4,4,not_applicable,18015671903480507484,4096,0.1,300.0,3600.0,3000.0,4096,0.09505403422505847,0.9982363473922878,5.7131306352431466e-09,95054.03422505847,238740390073.1831,1.0231596384103676e+20,1644.046875,0.9951677415253862,0.12464240779509296,0.12464240779509296,1570.1552734375,0.06633353453969901,0.19130729466211416,0.0,0.0,0.3094851094029576,0.0,0.0,0.4403993598528477,0.0,0.0,0.3094851094029576,0.0,0.0,93187.47491936282,0.020030152199217888,238733292669.84543,2.972942423862257e-05,1.1011101959187887e+20,-0.0707926943164644
golovin_fixed10_high_resolution_screen_v2_N004096_dt0p1_m004,golovin,golovin_fixed10_high_resolution_screen_v2,controlled,4,4,not_applicable,18015671903480507484,4096,0.1,300.0,3600.0,3299.999952316284,4096,0.060624001916877425,0.9982363495286936,7.853310890482135e-09,60624.00191687742,238740390584.13058,2.8128565415168904e+20,2231.943115234375,0.9969482221045147,0.32562470853324793,0.32562470853324793,2003.515869140625,0.10721638061593194,0.29203292060855524,0.0,0.0,0.3784717460482703,0.0,0.0,0.5125751738589165,0.0,0.0,0.3784717460482703,0.0,0.0,59418.863295774216,0.020282088115760377,238733292669.84543,2.973156448260461e-05,2.7083026409274727e+20,0.03860495463446911
golovin_fixed10_high_resolution_screen_v2_N004096_dt0p1_m004,golovin,golovin_fixed10_high_resolution_screen_v2,controlled,4,4,not_applicable,18015671903480507484,4096,0.1,300.0,3600.0,3599.9999046325684,4096,0.03842525927545419,0.9982363496531936,7.97803090257787e-09,38425.25927545419,238740390613.9063,7.198801991278774e+20,2861.44775390625,0.9980776879120721,0.5211128537060992,0.5211128537060992,2503.85400390625,0.14538444282341537,0.3200763307648301,0.0,0.0,0.43241049717111524,0.0,0.0,0.5351302019652058,0.0,0.0,0.43241049717111524,0.0,0.0,37887.079979546696,0.01420482381323751,238733292669.84543,2.9731689206391465e-05,6.661370698447075e+20,0.08067878476677293
golovin_fixed10_high_resolution_screen_v2_N004096_dt0p1_m005,golovin,golovin_fixed10_high_resolution_screen_v2,controlled,5,5,not_applicable,1148155466006386392,4096,0.1,300.0,3600.0,0.0,4096,8.388608,0.9982363416892331,0.0,8388608.0,238740388709.22803,1.3588177365756646e+16,74.960205078125,0.34221198606522885,0.0,0.0,57.35297775268555,0.10400404194398981,0.01364704981020734,0.0,0.0,0.01667750025446505,0.0,0.0,0.01825478810580494,0.0,0.0,0.01667750025446505,0.0,0.0,8388608.0,0.0,238733292669.84543,2.9723710938123205e-05,1.3588329560514944e+16,-1.12004023467005e-05
golovin_fixed10_high_resolution_screen_v2_N004096_dt0p1_m005,golovin,golovin_fixed10_high_resolution_screen_v2,controlled,5,5,not_applicable,1148155466006386392,4096,0.1,300.0,3600.0,300.00001192092896,4096,5.336032070343664,0.9982363435444751,1.8585197825160549e-09,5336032.070343664,238740389152.9318,3.3679816870772428e+16,120.78346252441406,0.6346151147398242,0.0,0.0,87.13482666015625,0.06487557035117753,0.15319013972136933,0.0,0.0,0.19250614891222093,0.0,0.0,0.329077302634843,0.0,0.0,0.19250614891222093,0.0,0.0,5348803.665523084,-0.0023877479859173434,238733292669.84543,2.9725569513194827e-05,3.3422009487832736e+16,0.007713700848344995
golovin_fixed10_high_resolution_screen_v2_N004096_dt0p1_m005,golovin,golovin_fixed10_high_resolution_screen_v2,controlled,5,5,not_applicable,1148155466006386392,4096,0.1,300.0,3600.0,600.0000238418579,4096,3.3556388847214733,0.9982363483554145,6.6779590746079975e-09,3355638.8847214733,238740390303.52658,8.508589811536142e+16,150.42584228515625,0.8046298874120288,0.0,0.0,126.29055786132812,0.04377069582531409,0.19328013480187883,0.0,0.0,0.2565405127505501,0.0,0.0,0.3464737573905091,0.0,0.0,0.2565405127505501,0.0,0.0,3410542.089022777,-0.016098087303486497,238733292669.84543,2.973038909570569e-05,8.220515356432454e+16,0.035043357090534855
golovin_fixed10_high_resolution_screen_v2_N004096_dt0p1_m005,golovin,golovin_fixed10_high_resolution_screen_v2,controlled,5,5,not_applicable,1148155466006386392,4096,0.1,300.0,3600.0,899.9999761581421,4096,2.1315325754915744,0.9982363471732703,5.493726140670674e-09,2131532.5754915746,238740390020.8024,2.0624638549063306e+17,247.6652374267578,0.8839110151846272,0.0,0.0,179.0949249267578,0.04819516775749216,0.19169368852247046,0.0,0.0,0.2744033745509823,0.0,0.0,0.3638475263909492,0.0,0.0,0.2744033745509823,0.0,0.0,2174654.2046287498,-0.019829188955830634,238733292669.84543,2.9729204827688704e-05,2.021926918134987e+17,0.020048665660346687
golovin_fixed10_high_resolution_screen_v2_N004096_dt0p1_m005,golovin,golovin_fixed10_high_resolution_screen_v2,controlled,5,5,not_applicable,1148155466006386392,4096,0.1,300.0,3600.0,1200.0000476837158,4096,1.3377475866423902,0.9982363476585329,5.979846173786996e-09,1337747.5866423903,238740390136.85886,5.103081521692027e+17,278.5918273925781,0.9286009110487203,0.0,0.0,235.69876098632812,0.048221972476270594,0.1532680504469408,0.0,0.0,0.22090869776216057,0.0,0.0,0.34338286921743133,0.0,0.0,0.22090869776216057,0.0,0.0,1386618.2972187817,-0.0352445302895642,238733292669.84543,2.972969096215472e-05,4.97315526712769e+17,0.026125517420126254
golovin_fixed10_high_resolution_screen_v2_N004096_dt0p1_m005,golovin,golovin_fixed10_high_resolution_screen_v2,controlled,5,5,not_applicable,1148155466006386392,4096,0.1,300.0,3600.0,1500.0,4096,0.8516461314818987,0.9982363507248555,9.051586369324127e-09,851646.1314818987,238740390870.2073,1.2620595204430595e+18,366.4169921875,0.9563191466673037,0.0,0.0,327.89263916015625,0.05082931881156934,0.1740659708257091,0.0,0.0,0.27255509675504136,0.0,0.0,0.4051191417225196,0.0,0.0,0.27255509675504136,0.0,0.0,884145.4617925527,-0.03675789981974631,238733292669.84543,2.973276279361059e-05,1.2232026906685448e+18,0.031766468526387426
golovin_fixed10_high_resolution_screen_v2_N004096_dt0p1_m005,golovin,golovin_fixed10_high_resolution_screen_v2,controlled,5,5,not_applicable,1148155466006386392,4096,0.1,300.0,3600.0,1799.9999523162842,4096,0.5434390067368351,0.998236346030483,4.348919890873049e-09,543439.0067368351,238740389747.49088,3.250424420833185e+18,477.6336364746094,0.9732678299957582,0.0,0.0,447.8205871582031,0.05990859647044976,0.19158712587027216,0.0,0.0,0.2638256426151069,0.0,0.0,0.35920043627434367,0.0,0.0,0.2638256426151069,0.0,0.0,563755.1438462138,-0.03603716494854847,238733292669.84543,2.9728059987244038e-05,3.0086026719268946e+18,0.08037676465646837
golovin_fixed10_high_resolution_screen_v2_N004096_dt0p1_m005,golovin,golovin_fixed10_high_resolution_screen_v2,controlled,5,5,not_applicable,1148155466006386392,4096,0.1,300.0,3600.0,2099.9999046325684,4096,0.342632983785778,0.9982363500590392,8.384593686017183e-09,342632.983785778,238740390710.96915,8.156815062327118e+18,688.8731079101562,0.9834068564934745,0.0,0.0,561.4449462890625,0.07972579584153903,0.21319881512597477,0.0,0.0,0.2878714280222125,0.0,0.0,0.3693614690168447,0.0,0.0,0.2878714280222125,0.0,0.0,359465.58111456485,-0.046826728936315454,238733292669.84543,2.9732095780721224e-05,7.39999192822117e+18,0.10227350805879531
golovin_fixed10_high_resolution_screen_v2_N004096_dt0p1_m005,golovin,golovin_fixed10_high_resolution_screen_v2,controlled,5,5,not_applicable,1148155466006386392,4096,0.1,300.0,3600.0,2400.0000953674316,4096,0.2191300075655257,0.9982363509303578,9.257451694111296e-09,219130.0075655257,238740390919.35562,1.948559151982357e+19,1011.7608642578125,0.9894723762036955,0.003623324080815867,0.003623324080815867,814.1176147460938,0.08636222709224849,0.23702302038113293,0.0,0.0,0.29494865211156335,0.0,0.0,0.39485768660963877,0.0,0.0,0.29494865211156335,0.0,0.0,229204.92913507385,-0.04395595508162409,238733292669.84543,2.9732968664708537e-05,1.8201113831406539e+19,0.07057137823074466
golovin_fixed10_high_resolution_screen_v2_N004096_dt0p1_m005,golovin,golovin_fixed10_high_resolution_screen_v2,controlled,5,5,not_applicable,1148155466006386392,4096,0.1,300.0,3600.0,2700.000047683716,4096,0.13980855605861162,0.9982363455100386,3.827556049884606e-09,139808.5560586116,238740389623.02023,4.594823454899842e+19,1164.2716064453125,0.9933149862882378,0.020032967439859956,0.020032967439859956,1098.9481201171875,0.07485061573772166,0.22327410359568442,0.0,0.0,0.3167654684181035,0.0,0.0,0.44367939290787084,0.0,0.0,0.3167654684181035,0.0,0.0,146147.28387886327,-0.04337219038231066,238733292669.84543,2.9727538607859927e-05,4.476765798748041e+19,0.026371193280831706
golovin_fixed10_high_resolution_screen_v2_N004096_dt0p1_m005,golovin,golovin_fixed10_high_resolution_screen_v2,controlled,5,5,not_applicable,1148155466006386392,4096,0.1,300.0,3600.0,3000.0,4096,0.0893599653565193,0.9982363531720346,1.1503088925834959e-08,89359.9653565193,238740391455.47998,1.1400560757540762e+20,1592.735107421875,0.9957147807930326,0.15658666019902157,0.15658666019902157,1440.6761474609375,0.06633046243188619,0.2361629304659086,0.0,0.0,0.3381172673911002,0.0,0.0,0.48026897463384566,0.0,0.0,0.3381172673911002,0.0,0.0,93187.47491936282,-0.04107321897235172,238733292669.84543,2.973521436899773e-05,1.1011101959187887e+20,0.035369647815121974
golovin_fixed10_high_resolution_screen_v2_N004096_dt0p1_m005,golovin,golovin_fixed10_high_resolution_screen_v2,controlled,5,5,not_applicable,1148155466006386392,4096,0.1,300.0,3600.0,3299.999952316284,4096,0.05692859385454744,0.9982363470900181,5.410326853194647e-09,56928.59385454744,238740390000.8916,2.9907674568880593e+20,2092.2216796875,0.9972933652701702,0.37736376441912656,0.37736376441912656,1978.9796142578125,0.06596026036479824,0.2801313309273739,0.0,0.0,0.3708648906421311,0.0,0.0,0.519835044950867,0.0,0.0,0.3708648906421311,0.0,0.0,59418.863295774216,-0.04191041873067736,238733292669.84543,2.9729121425736693e-05,2.7083026409274727e+20,0.10429588321926064
golovin_fixed10_high_resolution_screen_v2_N004096_dt0p1_m005,golovin,golovin_fixed10_high_resolution_screen_v2,controlled,5,5,not_applicable,1148155466006386392,4096,0.1,300.0,3600.0,3599.9999046325684,4096,0.036202943588670225,0.998236346766572,5.08630937368082e-09,36202.94358867023,238740389923.53552,6.930699793363918e+20,2988.2080078125,0.9982902717756039,0.5720698058228426,0.5720698058228426,2988.2080078125,0.058494927820480505,0.29347573843163505,0.0,0.0,0.3862443087785976,0.0,0.0,0.5336120194834477,0.0,0.0,0.3862443087785976,0.0,0.0,37887.079979546696,-0.04445146978298797,238733292669.84543,2.972879739870926e-05,6.661370698447075e+20,0.040431482814734965
golovin_fixed10_high_resolution_screen_v2_N004096_dt0p1_m006,golovin,golovin_fixed10_high_resolution_screen_v2,controlled,6,6,not_applicable,11380886065858597060,4096,0.1,300.0,3600.0,0.0,4096,8.388608,0.9982363416892331,0.0,8388608.0,238740388709.22803,1.3588177365756646e+16,74.960205078125,0.34221198606522885,0.0,0.0,57.35297775268555,0.10402110078892128,0.01364704981020734,0.0,0.0,0.01667750025446505,0.0,0.0,0.01825478810580494,0.0,0.0,0.01667750025446505,0.0,0.0,8388608.0,0.0,238733292669.84543,2.9723710938123205e-05,1.3588329560514944e+16,-1.12004023467005e-05
golovin_fixed10_high_resolution_screen_v2_N004096_dt0p1_m006,golovin,golovin_fixed10_high_resolution_screen_v2,controlled,6,6,not_applicable,11380886065858597060,4096,0.1,300.0,3600.0,300.00001192092896,4096,5.3221666658939615,0.9982363437651411,2.079575622815355e-09,5322166.665893962,238740389205.70673,3.3023393837201116e+16,117.78923797607422,0.6283619613463833,0.0,0.0,84.57382202148438,0.062130616196901106,0.20015052158701574,0.0,0.0,0.24406159396574162,0.0,0.0,0.3535376042549237,0.0,0.0,0.24406159396574162,0.0,0.0,5348803.665523084,-0.004979992030894165,238733292669.84543,2.972579057547442e-05,3.3422009487832736e+16,-0.011926740993139173
golovin_fixed10_high_resolution_screen_v2_N004096_dt0p1_m006,golovin,golovin_fixed10_high_resolution_screen_v2,controlled,6,6,not_applicable,11380886065858597060,4096,0.1,300.0,3600.0,600.0000238418579,4096,3.3798625306237677,0.9982363457699287,4.087905125516045e-09,3379862.5306237675,238740389685.17615,8.163920335769387e+16,152.03781127929688,0.7861746557636177,0.0,0.0,120.29320526123047,0.03902991106633266,0.14839838284913517,0.0,0.0,0.22971080718008177,0.0,0.0,0.33283224210817397,0.0,0.0,0.22971080718008177,0.0,0.0,3410542.089022777,-0.008995507927538893,238733292669.84543,2.9727798964929164e-05,8.220515356432454e+16,-0.0068846073766873905
golovin_fixed10_high_resolution_screen_v2_N004096_dt0p1_m006,golovin,golovin_fixed10_high_resolution_screen_v2,controlled,6,6,not_applicable,11380886065858597060,4096,0.1,300.0,3600.0,899.9999761581421,4096,2.196605127085321,0.9982363454245498,3.741916110300281e-09,2196605.1270853207,238740389602.5746,2.0401955301238838e+17,220.2552490234375,0.8777558795124785,0.0,0.0,177.969482421875,0.059732854239110324,0.17178353443254754,0.0,0.0,0.23824879613674718,0.0,0.0,0.349507902688323,0.0,0.0,0.23824879613674718,0.0,0.0,2174654.2046287498,0.010093982946736357,238733292669.84543,2.9727452965477852e-05,2.021926918134987e+17,0.009035248418250319
golovin_fixed10_high_resolution_screen_v2_N004096_dt0p1_m006,golovin,golovin_fixed10_high_resolution_screen_v2,controlled,6,6,not_applicable,11380886065858597060,4096,0.1,300.0,3600.0,1200.0000476837158,4096,1.3840818903324916,0.9982363456724195,3.990223707006635e-09,1384081.8903324916,238740389661.85562,5.2654528317153517e+17,278.3401794433594,0.9255154692719073,0.0,0.0,240.03854370117188,0.07453225641918458,0.20830056584123127,0.0,0.0,0.2584279033888344,0.0,0.0,0.34946215721156015,0.0,0.0,0.2584279033888344,0.0,0.0,1386618.2972187817,-0.0018292033873903435,238733292669.84543,2.972770128040203e-05,4.97315526712769e+17,0.05877507314515884
golovin_fixed10_high_resolution_screen_v2_N004096_dt0p1_m006,golovin,golovin_fixed10_high_resolution_screen_v2,controlled,6,6,not_applicable,11380886065858597060,4096,0.1,300.0,3600.0,1500.0,4096,0.8845621317185732,0.9982363449403405,3.2568514551911676e-09,884562.1317185733,238740389486.77005,1.2248294151987228e+18,357.8641357421875,0.9534873151328411,0.0,0.0,310.5299987792969,0.059901041558087856,0.17162242582285597,0.0,0.0,0.26918283329743703,0.0,0.0,0.3566856098805527,0.0,0.0,0.26918283329743703,0.0,0.0,884145.4617925527,0.0004712685231407221,238733292669.84543,2.9726967886389843e-05,1.2232026906685448e+18,0.0013298895944129363
golovin_fixed10_high_resolution_screen_v2_N004096_dt0p1_m006,golovin,golovin_fixed10_high_resolution_screen_v2,controlled,6,6,not_applicable,11380886065858597060,4096,0.1,300.0,3600.0,1799.9999523162842,4096,0.5636131109905556,0.998236349008136,7.3318335847005756e-09,563613.1109905556,238740390459.63287,2.9166651819888184e+18,481.64422607421875,0.9709039779355679,0.0,0.0,427.5932922363281,0.039160354818423,0.14290793201778237,0.0,0.0,0.24400044355604414,0.0,0.0,0.37167939685418866,0.0,0.0,0.24400044355604414,0.0,0.0,563755.1438462138,-0.00025194068241962686,238733292669.84543,2.9731042989755707e-05,3.0086026719268946e+18,-0.030558202582195326
golovin_fixed10_high_resolution_screen_v2_N004096_dt0p1_m006,golovin,golovin_fixed10_high_resolution_screen_v2,controlled,6,6,not_applicable,11380886065858597060,4096,0.1,300.0,3600.0,2099.9999046325684,4096,0.3597624787552353,0.9982363419486724,2.59897658949626e-10,359762.4787552353,238740388771.2761,6.811296406536731e+18,739.95751953125,0.9818884091425057,0.0,0.0,550.376953125,0.05775994129129792,0.21976315907741104,0.0,0.0,0.2797810668308477,0.0,0.0,0.37425664960652627,0.0,0.0,0.2797810668308477,0.0,0.0,359465.58111456485,0.000825941776539274,238733292669.84543,2.972397084333167e-05,7.39999192822117e+18,-0.0795535356517546
golovin_fixed10_high_resolution_screen_v2_N004096_dt0p1_m006,golovin,golovin_fixed10_high_resolution_screen_v2,controlled,6,6,not_applicable,11380886065858597060,4096,0.1,300.0,3600.0,2400.0000953674316,4096,0.23091064428989835,0.9982363483658064,6.688369191820698e-09,230910.64428989837,238740390306.01193,1.7657324550127958e+19,965.7894897460938,0.9884575818108697,0.0,0.0,790.6219482421875,0.043190913057949316,0.2019049746488896,0.0,0.0,0.2703574696587046,0.0,0.0,0.40745531727368234,0.0,0.0,0.2703574696587046,0.0,0.0,229204.92913507385,0.007441878153585879,238733292669.84543,2.973039950626699e-05,1.8201113831406539e+19,-0.029876703498236346
golovin_fixed10_high_resolution_screen_v2_N004096_dt0p1_m006,golovin,golovin_fixed10_high_resolution_screen_v2,controlled,6,6,not_applicable,11380886065858597060,4096,0.1,300.0,3600.0,2700.000047683716,4096,0.14823276408851835,0.9982363465769326,4.8963348930897155e-09,148232.76408851834,238740389878.18094,4.460305113191743e+19,1252.9334716796875,0.9926336157744158,0.026327729188260363,0.026327729188260363,1111.7442626953125,0.04133416120175936,0.21510366005804596,0.0,0.0,0.2765929103022103,0.0,0.0,0.39995020681848886,0.0,0.0,0.2765929103022103,0.0,0.0,146147.28387886327,0.01426971582573966,238733292669.84543,2.972860741845551e-05,4.476765798748041e+19,-0.0036769146067239245
golovin_fixed10_high_resolution_screen_v2_N004096_dt0p1_m006,golovin,golovin_fixed10_high_resolution_screen_v2,controlled,6,6,not_applicable,11380886065858597060,4096,0.1,300.0,3600.0,3000.0,4096,0.09501181810549313,0.9982363497178331,8.042784660489133e-09,95011.81810549312,238740390629.3656,1.0796027312135679e+20,1647.4801025390625,0.9953069014039512,0.12968548983850636,0.12968548983850636,1472.378662109375,0.056544174090822644,0.2545243725543101,0.0,0.0,0.3460512801690874,0.0,0.0,0.4808041701585485,0.0,0.0,0.3460512801690874,0.0,0.0,93187.47491936282,0.019577128661431686,238733292669.84543,2.9731753961925733e-05,1.1011101959187887e+20,-0.019532527066716043
golovin_fixed10_high_resolution_screen_v2_N004096_dt0p1_m006,golovin,golovin_fixed10_high_resolution_screen_v2,controlled,6,6,not_applicable,11380886065858597060,4096,0.1,300.0,3600.0,3299.999952316284,4096,0.0605058754997824,0.99823634737294,5.6937485837238455e-09,60505.8754997824,238740390068.55582,2.343867574860641e+20,1906.53564453125,0.997004036077955,0.31190665274742735,0.31190665274742735,1762.828369140625,0.06573393131759259,0.2771968220669101,0.0,0.0,0.40378153144480167,0.0,0.0,0.4882223576610255,0.0,0.0,0.40378153144480167,0.0,0.0,59418.863295774216,0.018294059221518166,238733292669.84543,2.9729404855904917e-05,2.7083026409274727e+20,-0.13456216471510318
golovin_fixed10_high_resolution_screen_v2_N004096_dt0p1_m006,golovin,golovin_fixed10_high_resolution_screen_v2,controlled,6,6,not_applicable,11380886065858597060,4096,0.1,300.0,3600.0,3599.9999046325684,4096,0.03848164988431121,0.9982363465192325,4.838532907669446e-09,38481.649884311206,238740389864.38132,6.336301219319988e+20,2669.045166015625,0.9980758832081119,0.5439618904751509,0.5439618904751509,2530.780517578125,0.06615115113523284,0.30105789822624407,0.0,0.0,0.3987975699272792,0.0,0.0,0.5385151762743337,0.0,0.0,0.3987975699272792,0.0,0.0,37887.079979546696,0.01569321006225577,238733292669.84543,2.9728549614915778e-05,6.661370698447075e+20,-0.048799187711152214
golovin_fixed10_high_resolution_screen_v2_N004096_dt0p1_m007,golovin,golovin_fixed10_high_resolution_screen_v2,controlled,7,7,not_applicable,17626333244069062560,4096,0.1,300.0,3600.0,0.0,4096,8.388608,0.9982363416892331,0.0,8388608.0,238740388709.22803,1.3588177365756646e+16,74.960205078125,0.34221198606522885,0.0,0.0,57.35297775268555,0.1037986009979314,0.01364704981020734,0.0,0.0,0.01667750025446505,0.0,0.0,0.01825478810580494,0.0,0.0,0.01667750025446505,0.0,0.0,8388608.0,0.0,238733292669.84543,2.9723710938123205e-05,1.3588329560514944e+16,-1.12004023467005e-05
golovin_fixed10_high_resolution_screen_v2_N004096_dt0p1_m007,golovin,golovin_fixed10_high_resolution_screen_v2,controlled,7,7,not_applicable,17626333244069062560,4096,0.1,300.0,3600.0,300.00001192092896,4096,5.282625752527465,0.9982363456931603,4.01100130886789e-09,5282625.752527465,238740389666.81604,3.3749129074223384e+16,112.6156997680664,0.64577244211836,0.0,0.0,87.01152801513672,0.04777369042392163,0.17177626627105602,0.0,0.0,0.22638324115079214,0.0,0.0,0.31358619500250434,0.0,0.0,0.22638324115079214,0.0,0.0,5348803.665523084,-0.0123724700201997,238733292669.84543,2.972772205844798e-05,3.3422009487832736e+16,0.009787549923045091
golovin_fixed10_high_resolution_screen_v2_N004096_dt0p1_m007,golovin,golovin_fixed10_high_resolution_screen_v2,controlled,7,7,not_applicable,17626333244069062560,4096,0.1,300.0,3600.0,600.0000238418579,4096,3.3974266993633444,0.9982363479864448,6.3083374080008525e-09,3397426.6993633443,238740390215.28302,7.687182782756083e+16,146.46261596679688,0.795589104162787,0.0,0.0,123.9913558959961,0.04366982737115346,0.19275134568734312,0.0,0.0,0.26231960063501797,0.0,0.0,0.3576977635567281,0.0,0.0,0.26231960063501797,0.0,0.0,3410542.089022777,-0.003845543997725742,238733292669.84543,2.9730019463158897e-05,8.220515356432454e+16,-0.06487824066395609
golovin_fixed10_high_resolution_screen_v2_N004096_dt0p1_m007,golovin,golovin_fixed10_high_resolution_screen_v2,controlled,7,7,not_applicable,17626333244069062560,4096,0.1,300.0,3600.0,899.9999761581421,4096,2.1453614961287566,0.9982363469814591,5.301576067040514e-09,2145361.4961287566,238740389974.9284,1.945077659377936e+17,230.9366912841797,0.882090528014325,0.0,0.0,174.8438262939453,0.06311326271363442,0.17335874581357916,0.0,0.0,0.23082189328736452,0.0,0.0,0.3265045875470451,0.0,0.0,0.23082189328736452,0.0,0.0,2174654.2046287498,-0.013470053509033186,238733292669.84543,2.9729012671841915e-05,2.021926918134987e+17,-0.03800793098295374
golovin_fixed10_high_resolution_screen_v2_N004096_dt0p1_m007,golovin,golovin_fixed10_high_resolution_screen_v2,controlled,7,7,not_applicable,17626333244069062560,4096,0.1,300.0,3600.0,1200.0000476837158,4096,1.3567688567596867,0.9982363459417835,4.260063635186384e-09,1356768.8567596867,238740389726.27728,4.6010186026448666e+17,264.86859130859375,0.9292038161123349,0.0,0.0,226.4762420654297,0.04599332577768581,0.16955831622444334,0.0,0.0,0.2572906241115703,0.0,0.0,0.3503121038053483,0.0,0.0,0.2572906241115703,0.0,0.0,1386618.2972187817,-0.02152678968607702,238733292669.84543,2.9727971128323816e-05,4.97315526712769e+17,-0.07482908626292617
golovin_fixed10_high_resolution_screen_v2_N004096_dt0p1_m007,golovin,golovin_fixed10_high_resolution_screen_v2,controlled,7,7,not_applicable,17626333244069062560,4096,0.1,300.0,3600.0,1500.0,4096,0.8673024276230021,0.9982363476138909,5.93512528013207e-09,867302.4276230021,238740390126.1822,1.1904135926984271e+18,382.5144958496094,0.9546860604996823,0.0,0.0,318.0955810546875,0.06309681262847494,0.18913657093230404,0.0,0.0,0.2596805734118933,0.0,0.0,0.357996907483304,0.0,0.0,0.2596805734118933,0.0,0.0,884145.4617925527,-0.019050071393684864,238733292669.84543,2.9729646239928798e-05,1.2232026906685448e+18,-0.026805940029609232
golovin_fixed10_high_resolution_screen_v2_N004096_dt0p1_m007,golovin,golovin_fixed10_high_resolution_screen_v2,controlled,7,7,not_applicable,17626333244069062560,4096,0.1,300.0,3600.0,1799.9999523162842,4096,0.5560207416274798,0.9982363486752028,6.998312374051352e-09,556020.7416274798,238740390380.0079,2.7524498532571284e+18,475.6205139160156,0.9709198409460459,0.0,0.0,411.9722900390625,0.043809807322916595,0.1978937307880608,0.0,0.0,0.2778780689740462,0.0,0.0,0.35172659854078925,0.0,0.0,0.2778780689740462,0.0,0.0,563755.1438462138,-0.013719435295909022,238733292669.84543,2.973070945855305e-05,3.0086026719268946e+18,-0.08514012869160625
golovin_fixed10_high_resolution_screen_v2_N004096_dt0p1_m007,golovin,golovin_fixed10_high_resolution_screen_v2,controlled,7,7,not_applicable,17626333244069062560,4096,0.1,300.0,3600.0,2099.9999046325684,4096,0.35145983396267594,0.9982363489097523,7.233276200224736e-09,351459.83396267594,238740390436.1032,6.754265303076846e+18,668.7744140625,0.9819567895288058,0.0,0.0,567.39306640625,0.03114990746241759,0.15868626830770102,0.0,0.0,0.25697429649481723,0.0,0.0,0.3580278897063951,0.0,0.0,0.25697429649481723,0.0,0.0,359465.58111456485,-0.022271248131924493,238733292669.84543,2.9730944429262607e-05,7.39999192822117e+18,-0.08726044993126714
golovin_fixed10_high_resolution_screen_v2_N004096_dt0p1_m007,golovin,golovin_fixed10_high_resolution_screen_v2,controlled,7,7,not_applicable,17626333244069062560,4096,0.1,300.0,3600.0,2400.0000953674316,4096,0.22778123379787857,0.9982363469893298,5.309460870961402e-09,227781.23379787858,238740389976.81073,1.7689578349343422e+19,836.3141479492188,0.9884381104840253,0.0,0.0,740.5596313476562,0.07261760181740146,0.21743734273993465,0.0,0.0,0.27599023125083616,0.0,0.0,0.3892196541401897,0.0,0.0,0.27599023125083616,0.0,0.0,229204.92913507385,-0.006211451658425182,238733292669.84543,2.972902055642379e-05,1.8201113831406539e+19,-0.02810462517851231
golovin_fixed10_high_resolution_screen_v2_N004096_dt0p1_m007,golovin,golovin_fixed10_high_resolution_screen_v2,controlled,7,7,not_applicable,17626333244069062560,4096,0.1,300.0,3600.0,2700.000047683716,4096,0.14555288148949996,0.998236347985002,6.3068921196673955e-09,145552.88148949997,238740390214.93787,4.085879374682979e+19,1109.7236328125,0.992711337948491,0.015147863812379975,0.015147863812379975,1050.560791015625,0.045909113171777934,0.19655449190152957,0.0,0.0,0.28815077938490397,0.0,0.0,0.39922310210079515,0.0,0.0,0.28815077938490397,0.0,0.0,146147.28387886327,-0.004067146330656302,238733292669.84543,2.9730018017426474e-05,4.476765798748041e+19,-0.08731446799704745
golovin_fixed10_high_resolution_screen_v2_N004096_dt0p1_m007,golovin,golovin_fixed10_high_resolution_screen_v2,controlled,7,7,not_applicable,17626333244069062560,4096,0.1,300.0,3600.0,3000.0,4096,0.09253225806965229,0.9982363530812502,1.1412144340638974e-08,92532.2580696523,238740391433.76776,1.0675509958713043e+20,1637.570556640625,0.9954300701067769,0.12470362900245677,0.12470362900245677,1525.6036376953125,0.07642993343470265,0.24858701229615268,0.0,0.0,0.31529798527165603,0.0,0.0,0.4433884225242258,0.0,0.0,0.31529798527165603,0.0,0.0,93187.47491936282,-0.007031168623009787,238733292669.84543,2.973512342130391e-05,1.1011101959187887e+20,-0.03047760357852458
golovin_fixed10_high_resolution_screen_v2_N004096_dt0p1_m007,golovin,golovin_fixed10_high_resolution_screen_v2,controlled,7,7,not_applicable,17626333244069062560,4096,0.1,300.0,3600.0,3299.999952316284,4096,0.05919883934304922,0.9982363507711031,9.097915532052525e-09,59198.839343049214,238740390881.26797,2.7985008613394504e+20,2005.16064453125,0.9971111005320928,0.33812023371488503,0.33812023371488503,1900.19873046875,0.07595635236130471,0.24525337247098938,0.0,0.0,0.32235059972811236,0.0,0.0,0.4796705016741136,0.0,0.0,0.32235059972811236,0.0,0.0,59418.863295774216,-0.0037029310310056074,238733292669.84543,2.9732809124105586e-05,2.7083026409274727e+20,0.03330433573003089
golovin_fixed10_high_resolution_screen_v2_N004096_dt0p1_m007,golovin,golovin_fixed10_high_resolution_screen_v2,controlled,7,7,not_applicable,17626333244069062560,4096,0.1,300.0,3600.0,3599.9999046325684,4096,0.03789962953320428,0.9982363492951057,7.61931051584952e-09,37899.62953320429,238740390528.26514,6.352771308068425e+20,2437.262939453125,0.9981509748223578,0.5446961819153895,0.5446961819153895,2321.16650390625,0.08358178657752188,0.26313474370287293,0.0,0.0,0.3655525646464068,0.0,0.0,0.547879046849707,0.0,0.0,0.3655525646464068,0.0,0.0,37887.079979546696,0.00033123570526849555,238733292669.84543,2.9731330474902506e-05,6.661370698447075e+20,-0.04632671027459745
golovin_fixed10_high_resolution_screen_v2_N004096_dt0p1_m008,golovin,golovin_fixed10_high_resolution_screen_v2,controlled,8,8,not_applicable,3574674060218770426,4096,0.1,300.0,3600.0,0.0,4096,8.388608,0.9982363416892331,0.0,8388608.0,238740388709.22803,1.3588177365756646e+16,74.960205078125,0.34221198606522885,0.0,0.0,57.35297775268555,0.10394256773190191,0.01364704981020734,0.0,0.0,0.01667750025446505,0.0,0.0,0.01825478810580494,0.0,0.0,0.01667750025446505,0.0,0.0,8388608.0,0.0,238733292669.84543,2.9723710938123205e-05,1.3588329560514944e+16,-1.12004023467005e-05
golovin_fixed10_high_resolution_screen_v2_N004096_dt0p1_m008,golovin,golovin_fixed10_high_resolution_screen_v2,controlled,8,8,not_applicable,3574674060218770426,4096,0.1,300.0,3600.0,300.00001192092896,4096,5.319871328237679,0.9982363451819621,3.49889983652929e-09,5319871.328237679,238740389544.5568,3.302170484569241e+16,113.65908813476562,0.6528487552847997,0.0,0.0,86.7341537475586,0.049255900825380575,0.16301484911167036,0.0,0.0,0.21802716053694687,0.0,0.0,0.32551208274838855,0.0,0.0,0.21802716053694687,0.0,0.0,5348803.665523084,-0.0054091230665083145,238733292669.84543,2.9727209942098654e-05,3.3422009487832736e+16,-0.011977276300099704
golovin_fixed10_high_resolution_screen_v2_N004096_dt0p1_m008,golovin,golovin_fixed10_high_resolution_screen_v2,controlled,8,8,not_applicable,3574674060218770426,4096,0.1,300.0,3600.0,600.0000238418579,4096,3.413795195325519,0.9982363503092744,8.635270942747297e-09,3413795.195325519,238740390770.816,8.200347166217613e+16,147.23269653320312,0.7967365702848598,0.0,0.0,121.04801940917969,0.055196303375237156,0.1303557066823424,0.0,0.0,0.21144082588835061,0.0,0.0,0.3000417263735089,0.0,0.0,0.21144082588835061,0.0,0.0,3410542.089022777,0.0009538384860319216,238733292669.84543,2.9732346465749515e-05,8.220515356432454e+16,-0.002453397304228666
golovin_fixed10_high_resolution_screen_v2_N004096_dt0p1_m008,golovin,golovin_fixed10_high_resolution_screen_v2,controlled,8,8,not_applicable,3574674060218770426,4096,0.1,300.0,3600.0,899.9999761581421,4096,2.190678097185065,0.9982363477892487,6.110792982738644e-09,2190678.097185065,238740390168.12115,2.008621197132745e+17,203.76681518554688,0.8804704653142356,0.0,0.0,172.2529296875,0.044520250544661535,0.17312001785388842,0.0,0.0,0.2503040073448134,0.0,0.0,0.35595122346394265,0.0,0.0,0.2503040073448134,0.0,0.0,2174654.2046287498,0.00736847841013466,238733292669.84543,2.972982191273843e-05,2.021926918134987e+17,-0.006580713122171122
golovin_fixed10_high_resolution_screen_v2_N004096_dt0p1_m008,golovin,golovin_fixed10_high_resolution_screen_v2,controlled,8,8,not_applicable,3574674060218770426,4096,0.1,300.0,3600.0,1200.0000476837158,4096,1.3643308784461128,0.998236345454906,3.7723260071231834e-09,1364330.8784461129,238740389609.83463,5.249765489342772e+17,275.66851806640625,0.9303862739208816,0.0,0.0,234.95579528808594,0.0486524457775595,0.18049321602925986,0.0,0.0,0.26280045820318426,0.0,0.0,0.363301741183105,0.0,0.0,0.26280045820318426,0.0,0.0,1386618.2972187817,-0.01607321843175724,238733292669.84543,2.9727483376262853e-05,4.97315526712769e+17,0.05562066884246741
golovin_fixed10_high_resolution_screen_v2_N004096_dt0p1_m008,golovin,golovin_fixed10_high_resolution_screen_v2,controlled,8,8,not_applicable,3574674060218770426,4096,0.1,300.0,3600.0,1500.0,4096,0.8613124774114574,0.9982363480544117,6.376424499521249e-09,861312.4774114575,238740390231.53806,1.2901764226403466e+18,363.6110534667969,0.9562821968589565,0.0,0.0,309.8402404785156,0.07196151616859875,0.18881989090779713,0.0,0.0,0.2618891712852698,0.0,0.0,0.3633859330795349,0.0,0.0,0.2618891712852698,0.0,0.0,884145.4617925527,-0.025824918373502426,238733292669.84543,2.973008755180473e-05,1.2232026906685448e+18,0.05475276704566201
golovin_fixed10_high_resolution_screen_v2_N004096_dt0p1_m008,golovin,golovin_fixed10_high_resolution_screen_v2,controlled,8,8,not_applicable,3574674060218770426,4096,0.1,300.0,3600.0,1799.9999523162842,4096,0.5491134863361367,0.998236347719592,6.041013245194904e-09,549113.4863361367,238740390151.46188,3.3521042653607977e+18,503.3133239746094,0.9721135282348016,0.0,0.0,478.0879821777344,0.08211600775486347,0.18758216416089882,0.0,0.0,0.2550752128569628,0.0,0.0,0.37944249739782304,0.0,0.0,0.2550752128569628,0.0,0.0,563755.1438462138,-0.025971661048065253,238733292669.84543,2.972975213078044e-05,3.0086026719268946e+18,0.11417313314220512
golovin_fixed10_high_resolution_screen_v2_N004096_dt0p1_m008,golovin,golovin_fixed10_high_resolution_screen_v2,controlled,8,8,not_applicable,3574674060218770426,4096,0.1,300.0,3600.0,2099.9999046325684,4096,0.3505790566928725,0.9982363529715106,1.1302210722874406e-08,350579.0566928725,238740391407.52222,8.108195113044691e+18,672.6390991210938,0.9824906443205554,0.0,0.0,596.7504272460938,0.0544546329748715,0.18075565969215573,0.0,0.0,0.2565671687325138,0.0,0.0,0.35798309256444477,0.0,0.0,0.2565671687325138,0.0,0.0,359465.58111456485,-0.024721489034189803,238733292669.84543,2.9735013484799566e-05,7.39999192822117e+18,0.09570323747552534
golovin_fixed10_high_resolution_screen_v2_N004096_dt0p1_m008,golovin,golovin_fixed10_high_resolution_screen_v2,controlled,8,8,not_applicable,3574674060218770426,4096,0.1,300.0,3600.0,2400.0000953674316,4096,0.22084487100648942,0.9982363468353992,5.1552582203129305e-09,220844.8710064894,238740389939.99643,1.9646209895858217e+19,980.383544921875,0.9889536774224226,0.0,0.0,813.5681762695312,0.05187093006026377,0.17233654514182822,0.0,0.0,0.2596167071183971,0.0,0.0,0.3729726812737711,0.0,0.0,0.2596167071183971,0.0,0.0,229204.92913507385,-0.03647416379801205,238733292669.84543,2.972886634977634e-05,1.8201113831406539e+19,0.07939602366302023
golovin_fixed10_high_resolution_screen_v2_N004096_dt0p1_m008,golovin,golovin_fixed10_high_resolution_screen_v2,controlled,8,8,not_applicable,3574674060218770426,4096,0.1,300.0,3600.0,2700.000047683716,4096,0.14086804946619352,0.9982363466797578,4.999341829403647e-09,140868.04946619354,238740389902.7729,4.918504301851045e+19,1207.0069580078125,0.9929751263441146,0.03431096682933797,0.03431096682933797,1166.827392578125,0.06569513115782746,0.19005130339874846,0.0,0.0,0.29198841671491255,0.0,0.0,0.4255963232832651,0.0,0.0,0.29198841671491255,0.0,0.0,146147.28387886327,-0.03612269946149338,238733292669.84543,2.9728710428722493e-05,4.476765798748041e+19,0.09867357886502326
golovin_fixed10_high_resolution_screen_v2_N004096_dt0p1_m008,golovin,golovin_fixed10_high_resolution_screen_v2,controlled,8,8,not_applicable,3574674060218770426,4096,0.1,300.0,3600.0,3000.0,4096,0.09011020162872052,0.9982363507727312,9.0995464496757e-09,90110.20162872052,238740390881.65732,1.1882910167316364e+20,1751.906982421875,0.9955206525663588,0.16606582162846037,0.16606582162846037,1453.44482421875,0.07760193458858142,0.22008643952215065,0.0,0.0,0.3055082049280945,0.0,0.0,0.4396452456616298,0.0,0.0,0.3055082049280945,0.0,0.0,93187.47491936282,-0.033022391617598124,238733292669.84543,2.973281075502321e-05,1.1011101959187887e+20,0.07917538238768396
golovin_fixed10_high_resolution_screen_v2_N004096_dt0p1_m008,golovin,golovin_fixed10_high_resolution_screen_v2,controlled,8,8,not_applicable,3574674060218770426,4096,0.1,300.0,3600.0,3299.999952316284,4096,0.05702887226253061,0.9982363482693704,6.591762913288335e-09,57028.87226253061,238740390282.9481,2.944570852534541e+20,2332.79638671875,0.9971601347545085,0.37030823019719705,0.37030823019719705,1999.107666015625,0.08350023052740844,0.25922738459111955,0.0,0.0,0.3218795615392419,0.0,0.0,0.4667587829408189,0.0,0.0,0.3218795615392419,0.0,0.0,59418.863295774216,-0.04022276598168406,238733292669.84543,2.9730302896879834e-05,2.7083026409274727e+20,0.08723848215358876
golovin_fixed10_high_resolution_screen_v2_N004096_dt0p1_m008,golovin,golovin_fixed10_high_resolution_screen_v2,controlled,8,8,not_applicable,3574674060218770426,4096,0.1,300.0,3600.0,3599.9999046325684,4096,0.03635810285418191,0.9982363451292072,3.446051666244898e-09,36358.10285418191,238740389531.9398,7.154020844486888e+20,2890.240234375,0.9981887663481858,0.5624249548110175,0.5624249548110175,2637.090087890625,0.0707478429197001,0.23880545649425203,0.0,0.0,0.3578403507498732,0.0,0.0,0.49573373351465183,0.0,0.0,0.3578403507498732,0.0,0.0,37887.079979546696,-0.040356161683354874,238733292669.84543,2.9727157092374057e-05,6.661370698447075e+20,0.07395627241622527
golovin_fixed10_high_resolution_screen_v2_N004096_dt0p1_m009,golovin,golovin_fixed10_high_resolution_screen_v2,controlled,9,9,not_applicable,6670322083443627212,4096,0.1,300.0,3600.0,0.0,4096,8.388608,0.9982363416892331,0.0,8388608.0,238740388709.22803,1.3588177365756646e+16,74.960205078125,0.34221198606522885,0.0,0.0,57.35297775268555,0.10386739685324521,0.01364704981020734,0.0,0.0,0.01667750025446505,0.0,0.0,0.01825478810580494,0.0,0.0,0.01667750025446505,0.0,0.0,8388608.0,0.0,238733292669.84543,2.9723710938123205e-05,1.3588329560514944e+16,-1.12004023467005e-05
golovin_fixed10_high_resolution_screen_v2_N004096_dt0p1_m009,golovin,golovin_fixed10_high_resolution_screen_v2,controlled,9,9,not_applicable,6670322083443627212,4096,0.1,300.0,3600.0,300.00001192092896,4096,5.347158660539199,0.9982363438817803,2.1964208229974247e-09,5347158.660539199,238740389233.60242,3.202820213285078e+16,111.79618835449219,0.6393428087312043,0.0,0.0,85.87635040283203,0.042387716786952745,0.13835288016848998,0.0,0.0,0.22937192092502146,0.0,0.0,0.3088052486701431,0.0,0.0,0.22937192092502146,0.0,0.0,5348803.665523084,-0.0003075463387239852,238733292669.84543,2.9725907424227316e-05,3.3422009487832736e+16,-0.04170327805960827
golovin_fixed10_high_resolution_screen_v2_N004096_dt0p1_m009,golovin,golovin_fixed10_high_resolution_screen_v2,controlled,9,9,not_applicable,6670322083443627212,4096,0.1,300.0,3600.0,600.0000238418579,4096,3.3617847661420983,0.998236343398555,1.7123418238895738e-09,3361784.7661420982,238740389118.03323,7.987135316932435e+16,147.65927124023438,0.793567947012582,0.0,0.0,124.83393859863281,0.05671988632323498,0.19470810521015344,0.0,0.0,0.28142791706829573,0.0,0.0,0.3571972254018625,0.0,0.0,0.28142791706829573,0.0,0.0,3410542.089022777,-0.014296062505022245,238733292669.84543,2.9725423331017353e-05,8.220515356432454e+16,-0.028389952379007766
golovin_fixed10_high_resolution_screen_v2_N004096_dt0p1_m009,golovin,golovin_fixed10_high_resolution_screen_v2,controlled,9,9,not_applicable,6670322083443627212,4096,0.1,300.0,3600.0,899.9999761581421,4096,2.153600783074427,0.9982363461759344,4.494628225160113e-09,2153600.783074427,238740389782.27737,2.031978851223254e+17,225.5491180419922,0.8782989041172259,0.0,0.0,175.86447143554688,0.07090039621569243,0.17296650666902177,0.0,0.0,0.2671746448888062,0.0,0.0,0.3522272173619583,0.0,0.0,0.2671746448888062,0.0,0.0,2174654.2046287498,-0.009681273238527077,238733292669.84543,2.9728205700019217e-05,2.021926918134987e+17,0.004971462122646431
golovin_fixed10_high_resolution_screen_v2_N004096_dt0p1_m009,golovin,golovin_fixed10_high_resolution_screen_v2,controlled,9,9,not_applicable,6670322083443627212,4096,0.1,300.0,3600.0,1200.0000476837158,4096,1.3773033503638668,0.9982363454249479,3.742314902410726e-09,1377303.3503638667,238740389602.66974,5.1717675110575494e+17,277.9864807128906,0.925012090839225,0.0,0.0,232.06005859375,0.07095416841390878,0.21158654583035852,0.0,0.0,0.27751074401698606,0.0,0.0,0.3750639705267482,0.0,0.0,0.27751074401698606,0.0,0.0,1386618.2972187817,-0.006717744078235888,238733292669.84543,2.9727453364047918e-05,4.97315526712769e+17,0.03993686769497762
golovin_fixed10_high_resolution_screen_v2_N004096_dt0p1_m009,golovin,golovin_fixed10_high_resolution_screen_v2,controlled,9,9,not_applicable,6670322083443627212,4096,0.1,300.0,3600.0,1500.0,4096,0.8683159201346962,0.9982363501952863,8.521081396040131e-09,868315.9201346962,238740390743.55432,1.3443878859563366e+18,421.46942138671875,0.9536840967132099,0.0,0.0,331.6748046875,0.07669066084863665,0.18239282418154307,0.0,0.0,0.24642159274518383,0.0,0.0,0.3469097347588851,0.0,0.0,0.24642159274518383,0.0,0.0,884145.4617925527,-0.017903775274447642,238733292669.84543,2.9732232272650094e-05,1.2232026906685448e+18,0.09907204767638134
golovin_fixed10_high_resolution_screen_v2_N004096_dt0p1_m009,golovin,golovin_fixed10_high_resolution_screen_v2,controlled,9,9,not_applicable,6670322083443627212,4096,0.1,300.0,3600.0,1799.9999523162842,4096,0.5565939595176036,0.9982363499533682,8.278735919020619e-09,556593.9595176036,238740390685.69662,3.208924342151696e+18,509.033203125,0.970894204603658,0.0,0.0,433.3258361816406,0.07539899008456423,0.18433474900179928,0.0,0.0,0.2693324319716449,0.0,0.0,0.35897791047441413,0.0,0.0,0.2693324319716449,0.0,0.0,563755.1438462138,-0.012702650089812195,238733292669.84543,2.9731989919845603e-05,3.0086026719268946e+18,0.0665829596224159
golovin_fixed10_high_resolution_screen_v2_N004096_dt0p1_m009,golovin,golovin_fixed10_high_resolution_screen_v2,controlled,9,9,not_applicable,6670322083443627212,4096,0.1,300.0,3600.0,2099.9999046325684,4096,0.35482679854513643,0.9982363552258208,1.3560503830944981e-08,354826.7985451364,238740391946.66803,7.716705048851864e+18,650.537109375,0.981815496507164,0.0,0.0,595.9484252929688,0.061257522650818325,0.17685768179132202,0.0,0.0,0.25210388799933153,0.0,0.0,0.372621649833112,0.0,0.0,0.25210388799933153,0.0,0.0,359465.58111456485,-0.012904664071161864,238733292669.84543,2.9737271845187152e-05,7.39999192822117e+18,0.04279911703995953
golovin_fixed10_high_resolution_screen_v2_N004096_dt0p1_m009,golovin,golovin_fixed10_high_resolution_screen_v2,controlled,9,9,not_applicable,6670322083443627212,4096,0.1,300.0,3600.0,2400.0000953674316,4096,0.22500843878789492,0.9982363473525271,5.67329960787788e-09,225008.43878789493,238740390063.67383,1.8603988648961933e+19,983.8984985351562,0.9887137269711413,0.0,0.0,790.9199829101562,0.05386618756151012,0.18163106569472712,0.0,0.0,0.27543881213533494,0.0,0.0,0.37646734277766064,0.0,0.0,0.27543881213533494,0.0,0.0,229204.92913507385,-0.0183089009604408,238733292669.84543,2.9729384406484982e-05,1.8201113831406539e+19,0.022134624358000732
golovin_fixed10_high_resolution_screen_v2_N004096_dt0p1_m009,golovin,golovin_fixed10_high_resolution_screen_v2,controlled,9,9,not_applicable,6670322083443627212,4096,0.1,300.0,3600.0,2700.000047683716,4096,0.14351347378953558,0.9982363465366884,4.856019586441107e-09,143513.47378953558,238740389868.5561,4.486902692440188e+19,1141.2498779296875,0.9928402327231578,0.02672217566940848,0.02672217566940848,1111.662841796875,0.03410403956160883,0.19237095339554003,0.0,0.0,0.28491132126369384,0.0,0.0,0.4054377046165389,0.0,0.0,0.28491132126369384,0.0,0.0,146147.28387886327,-0.018021615040829442,238733292669.84543,2.9728567102260683e-05,4.476765798748041e+19,0.0022643341527897043
golovin_fixed10_high_resolution_screen_v2_N004096_dt0p1_m009,golovin,golovin_fixed10_high_resolution_screen_v2,controlled,9,9,not_applicable,6670322083443627212,4096,0.1,300.0,3600.0,3000.0,4096,0.09151962838178282,0.9982363471110142,5.4313600283961705e-09,91519.62838178282,238740390005.9131,9.821074307736297e+19,1391.82568359375,0.9954657532027681,0.11521142047272304,0.11521142047272304,1298.7384033203125,0.05890846515632354,0.21246924149564642,0.0,0.0,0.32168479977513836,0.0,0.0,0.43542811180609253,0.0,0.0,0.32168479977513836,0.0,0.0,93187.47491936282,-0.017897754381940523,238733292669.84543,2.9729142459800073e-05,1.1011101959187887e+20,-0.10807525494381665
golovin_fixed10_high_resolution_screen_v2_N004096_dt0p1_m009,golovin,golovin_fixed10_high_resolution_screen_v2,controlled,9,9,not_applicable,6670322083443627212,4096,0.1,300.0,3600.0,3299.999952316284,4096,0.05851737938671814,0.9982363504859948,8.812303553540346e-09,58517.37938671814,238740390813.08078,2.296104532129928e+20,1977.8717041015625,0.9971331771071676,0.3386630564366108,0.3386630564366108,1657.24169921875,0.06080378643134167,0.235053559266758,0.0,0.0,0.3616446023717381,0.0,0.0,0.49098346715172003,0.0,0.0,0.3616446023717381,0.0,0.0,59418.863295774216,-0.015171678807934907,238733292669.84543,2.9732523503467334e-05,2.7083026409274727e+20,-0.15219794958232036
golovin_fixed10_high_resolution_screen_v2_N004096_dt0p1_m009,golovin,golovin_fixed10_high_resolution_screen_v2,controlled,9,9,not_applicable,6670322083443627212,4096,0.1,300.0,3600.0,3599.9999046325684,4096,0.037197833472709024,0.9982363452777405,3.5948475307634453e-09,37197.833472709026,238740389567.4633,5.18016364779627e+20,2545.953125,0.9981861072095974,0.5293684843043368,0.5293684843043368,2359.739990234375,0.0988709343106799,0.2637041833601189,0.0,0.0,0.3646352271748624,0.0,0.0,0.48705948435991175,0.0,0.0,0.3646352271748624,0.0,0.0,37887.079979546696,-0.0181921253158005,238733292669.84543,2.972730589223538e-05,6.661370698447075e+20,-0.2223576974925161
golovin_fixed10_high_resolution_screen_v2_N008192_dt0p1_m000,golovin,golovin_fixed10_high_resolution_screen_v2,controlled,10,0,not_applicable,15757455143183389332,8192,0.1,300.0,3600.0,0.0,8192,8.388608,0.9982363455248487,0.0,8388608.0,238740389626.5623,1.3588185952531384e+16,74.98017120361328,0.34305567999300346,0.0,0.0,57.36815643310547,0.08118244964778278,0.007129152189405098,0.0,0.0,0.013490960478452555,0.0,0.0,0.016663818807210712,0.0,0.0,0.013490960478452555,0.0,0.0,8388608.0,0.0,238733292669.84543,2.9727553444658383e-05,1.3588329560514944e+16,-1.0568479585360002e-05
golovin_fixed10_high_resolution_screen_v2_N008192_dt0p1_m000,golovin,golovin_fixed10_high_resolution_screen_v2,controlled,10,0,not_applicable,15757455143183389332,8192,0.1,300.0,3600.0,300.00001192092896,8192,5.378626406317707,0.9982363454993909,-2.5502822076362008e-11,5378626.406317707,238740389620.4737,3.3641915140603644e+16,122.0709228515625,0.6274037455505681,0.0,0.0,87.56449890136719,0.059418867421409775,0.11473596949150493,0.0,0.0,0.16408825921279904,0.0,0.0,0.23196363448445165,0.0,0.0,0.16408825921279904,0.0,0.0,5348803.665523084,0.005575590853493573,238733292669.84543,2.9727527940837106e-05,3.3422009487832736e+16,0.006579665799298029
golovin_fixed10_high_resolution_screen_v2_N008192_dt0p1_m000,golovin,golovin_fixed10_high_resolution_screen_v2,controlled,10,0,not_applicable,15757455143183389332,8192,0.1,300.0,3600.0,600.0000238418579,8192,3.453646039200359,0.9982363485841531,3.0647093751667853e-09,3453646.039200359,238740390358.2322,8.394742292928155e+16,147.5590057373047,0.7834394526857009,0.0,0.0,125.72875213623047,0.05957518626548071,0.13135375311179007,0.0,0.0,0.17926263227661834,0.0,0.0,0.24306860806693756,0.0,0.0,0.17926263227661834,0.0,0.0,3410542.089022777,0.012638445458954095,238733292669.84543,2.9730618245071838e-05,8.220515356432454e+16,0.021194162280758988
golovin_fixed10_high_resolution_screen_v2_N008192_dt0p1_m000,golovin,golovin_fixed10_high_resolution_screen_v2,controlled,10,0,not_applicable,15757455143183389332,8192,0.1,300.0,3600.0,899.9999761581421,8192,2.2444087237052894,0.9982363490289768,3.5103191464713746e-09,2244408.7237052894,238740390464.61722,2.125257092731553e+17,229.30609130859375,0.8675479942588493,0.0,0.0,173.20433044433594,0.06026418693682138,0.13297235564844745,0.0,0.0,0.18851451538109906,0.0,0.0,0.2756420069616923,0.0,0.0,0.18851451538109906,0.0,0.0,2174654.2046287498,0.032076142923351814,238733292669.84543,2.9731063867943774e-05,2.021926918134987e+17,0.05110480189455968
golovin_fixed10_high_resolution_screen_v2_N008192_dt0p1_m000,golovin,golovin_fixed10_high_resolution_screen_v2,controlled,10,0,not_applicable,15757455143183389332,8192,0.1,300.0,3600.0,1200.0000476837158,8192,1.422945557227565,0.9982363502022539,4.685668963944067e-09,1422945.5572275652,238740390745.2207,5.000426895739886e+17,285.7781066894531,0.9218038427312758,0.0,0.0,235.7977294921875,0.03868921286943005,0.1306540703837502,0.0,0.0,0.184729191471112,0.0,0.0,0.24199874440293986,0.0,0.0,0.184729191471112,0.0,0.0,1386618.2972187817,0.02619845712525737,238733292669.84543,2.9732239252844295e-05,4.97315526712769e+17,0.005483767778669657
golovin_fixed10_high_resolution_screen_v2_N008192_dt0p1_m000,golovin,golovin_fixed10_high_resolution_screen_v2,controlled,10,0,not_applicable,15757455143183389332,8192,0.1,300.0,3600.0,1500.0,8192,0.9148549088646479,0.998236351237843,5.7230877814618e-09,914854.908864648,238740390992.8945,1.2010087693683707e+18,387.4395751953125,0.9513666322715018,0.0,0.0,312.9735412597656,0.028554180878505094,0.12904019121415833,0.0,0.0,0.18728539094534424,0.0,0.0,0.2789286635353419,0.0,0.0,0.18728539094534424,0.0,0.0,884145.4617925527,0.03473347814265049,238733292669.84543,2.9733276702526013e-05,1.2232026906685448e+18,-0.018144107652382613
golovin_fixed10_high_resolution_screen_v2_N008192_dt0p1_m000,golovin,golovin_fixed10_high_resolution_screen_v2,controlled,10,0,not_applicable,15757455143183389332,8192,0.1,300.0,3600.0,1799.9999523162842,8192,0.5864353339725125,0.9982363500879853,4.571198530811671e-09,586435.3339725125,238740390717.89197,3.011443742487071e+18,511.6039123535156,0.9695778369258693,0.0,0.0,428.72454833984375,0.03320670366879118,0.12439585152616836,0.0,0.0,0.17393906869790351,0.0,0.0,0.25367873968880167,0.0,0.0,0.17393906869790351,0.0,0.0,563755.1438462138,0.040230568845125436,238733292669.84543,2.973212477885845e-05,3.0086026719268946e+18,0.0009443156408410758
golovin_fixed10_high_resolution_screen_v2_N008192_dt0p1_m000,golovin,golovin_fixed10_high_resolution_screen_v2,controlled,10,0,not_applicable,15757455143183389332,8192,0.1,300.0,3600.0,2099.9999046325684,8192,0.372822993804734,0.9982363466005308,1.0775826897457819e-09,372822.99380473397,238740389883.82477,6.863065243121926e+18,764.9638061523438,0.980934533702121,0.0,0.0,568.0608520507812,0.04138281935789541,0.13171288000839224,0.0,0.0,0.20086642345694153,0.0,0.0,0.26427819136271913,0.0,0.0,0.20086642345694153,0.0,0.0,359465.58111456485,0.03715908668850276,238733292669.84543,2.9728631059322552e-05,7.39999192822117e+18,-0.07255773929314424
golovin_fixed10_high_resolution_screen_v2_N008192_dt0p1_m000,golovin,golovin_fixed10_high_resolution_screen_v2,controlled,10,0,not_applicable,15757455143183389332,8192,0.1,300.0,3600.0,2400.0000953674316,8192,0.2370744601948937,0.9982363499680689,4.45107017910118e-09,237074.4601948937,238740390689.21252,1.691002300250086e+19,976.04443359375,0.9879081224545095,0.0,0.0,811.2239379882812,0.05260887254048609,0.16451663705110212,0.0,0.0,0.21093953321609052,0.0,0.0,0.3005579136552757,0.0,0.0,0.21093953321609052,0.0,0.0,229204.92913507385,0.03433403936606538,238733292669.84543,2.973200464717607e-05,1.8201113831406539e+19,-0.07093471536219198
golovin_fixed10_high_resolution_screen_v2_N008192_dt0p1_m000,golovin,golovin_fixed10_high_resolution_screen_v2,controlled,10,0,not_applicable,15757455143183389332,8192,0.1,300.0,3600.0,2700.000047683716,8192,0.15068644796890637,0.9982363467899438,1.2673302407506526e-09,150686.44796890637,238740389929.12515,4.16100068699782e+19,1193.841064453125,0.9923140110157627,0.016775006569890942,0.016775006569890942,1037.96728515625,0.06306265412058154,0.15438645286618757,0.0,0.0,0.20708856410336401,0.0,0.0,0.29476283400413816,0.0,0.0,0.20708856410336401,0.0,0.0,146147.28387886327,0.031058833045473966,238733292669.84543,2.9728820812424672e-05,4.476765798748041e+19,-0.07053420391983134
golovin_fixed10_high_resolution_screen_v2_N008192_dt0p1_m000,golovin,golovin_fixed10_high_resolution_screen_v2,controlled,10,0,not_applicable,15757455143183389332,8192,0.1,300.0,3600.0,3000.0,8192,0.09600523031728096,0.9982363465591003,1.0360787783270098e-09,96005.23031728096,238740389873.91614,1.0078148706718166e+20,1539.52197265625,0.9951019280907584,0.13345653997923265,0.13345653997923265,1348.0631103515625,0.060944963749393066,0.15740354564664508,0.0,0.0,0.2194703958950703,0.0,0.0,0.3000626990733198,0.0,0.0,0.2194703958950703,0.0,0.0,93187.47491936282,0.03023749061079717,238733292669.84543,2.972858955430091e-05,1.1011101959187887e+20,-0.08472841827527045
golovin_fixed10_high_resolution_screen_v2_N008192_dt0p1_m000,golovin,golovin_fixed10_high_resolution_screen_v2,controlled,10,0,not_applicable,15757455143183389332,8192,0.1,300.0,3600.0,3299.999952316284,8192,0.061048978266249034,0.998236350746282,5.230658350896533e-09,61048.97826624903,238740390875.33163,2.3452547659499225e+20,1951.7237548828125,0.996895445987438,0.3354054086798056,0.3354054086798056,1771.6861572265625,0.060579562280009776,0.1725208733370115,0.0,0.0,0.24822707309728595,0.0,0.0,0.34250519123491824,0.0,0.0,0.24822707309728595,0.0,0.0,59418.863295774216,0.02743430082733922,238733292669.84543,2.973278425821846e-05,2.7083026409274727e+20,-0.13404996527759638
golovin_fixed10_high_resolution_screen_v2_N008192_dt0p1_m000,golovin,golovin_fixed10_high_resolution_screen_v2,controlled,10,0,not_applicable,15757455143183389332,8192,0.1,300.0,3600.0,3599.9999046325684,8192,0.03896817752581702,0.9982363473359329,1.8142838342782852e-09,38968.177525817024,238740390059.70514,6.323995785450694e+20,2899.830322265625,0.9980305005706283,0.5406100342689637,0.5406100342689637,2470.685302734375,0.06290315715262838,0.22002776668600652,0.0,0.0,0.2644895794085959,0.0,0.0,0.36262961507153774,0.0,0.0,0.2644895794085959,0.0,0.0,37887.079979546696,0.02853472864242801,238733292669.84543,2.97293677824495e-05,6.661370698447075e+20,-0.050646470264000154
golovin_fixed10_high_resolution_screen_v2_N008192_dt0p1_m001,golovin,golovin_fixed10_high_resolution_screen_v2,controlled,11,1,not_applicable,15869164551713118159,8192,0.1,300.0,3600.0,0.0,8192,8.388608,0.9982363455248487,0.0,8388608.0,238740389626.5623,1.3588185952531384e+16,74.98017120361328,0.34305567999300346,0.0,0.0,57.36815643310547,0.08110143568158666,0.007129152189405098,0.0,0.0,0.013490960478452555,0.0,0.0,0.016663818807210712,0.0,0.0,0.013490960478452555,0.0,0.0,8388608.0,0.0,238733292669.84543,2.9727553444658383e-05,1.3588329560514944e+16,-1.0568479585360002e-05
golovin_fixed10_high_resolution_screen_v2_N008192_dt0p1_m001,golovin,golovin_fixed10_high_resolution_screen_v2,controlled,11,1,not_applicable,15869164551713118159,8192,0.1,300.0,3600.0,300.00001192092896,8192,5.4004115405904365,0.998236344298898,-1.2281167194316822e-09,5400411.540590436,238740389333.3612,3.2156943377197904e+16,119.27133178710938,0.6238818616103641,0.0,0.0,87.76921081542969,0.039186022601300566,0.10043925911190929,0.0,0.0,0.15315320902859655,0.0,0.0,0.2286679706917395,0.0,0.0,0.15315320902859655,0.0,0.0,5348803.665523084,0.009648489324818987,238733292669.84543,2.9726325291301592e-05,3.3422009487832736e+16,-0.03785128811884808
golovin_fixed10_high_resolution_screen_v2_N008192_dt0p1_m001,golovin,golovin_fixed10_high_resolution_screen_v2,controlled,11,1,not_applicable,15869164551713118159,8192,0.1,300.0,3600.0,600.0000238418579,8192,3.3945133404247283,0.998236345374149,-1.50966017464782e-10,3394513.340424728,238740389590.52057,8.107721919874178e+16,166.76449584960938,0.7947390616394643,0.0,0.0,127.77459716796875,0.039175453698742924,0.14816272237347813,0.0,0.0,0.19143154375059696,0.0,0.0,0.25842730085174886,0.0,0.0,0.19143154375059696,0.0,0.0,3410542.089022777,-0.004699765661781208,238733292669.84543,2.9727402474089004e-05,8.220515356432454e+16,-0.013720969022947838
golovin_fixed10_high_resolution_screen_v2_N008192_dt0p1_m001,golovin,golovin_fixed10_high_resolution_screen_v2,controlled,11,1,not_applicable,15869164551713118159,8192,0.1,300.0,3600.0,899.9999761581421,8192,2.133250244617383,0.9982363423111492,-3.21937743130718e-09,2133250.244617383,238740388857.96683,2.0335645397852934e+17,219.72634887695312,0.882523656325723,0.0,0.0,177.79006958007812,0.06473326203514523,0.14298658653550114,0.0,0.0,0.18501921675979444,0.0,0.0,0.2585574430935104,0.0,0.0,0.18501921675979444,0.0,0.0,2174654.2046287498,-0.01903933044768147,238733292669.84543,2.9724333971303807e-05,2.021926918134987e+17,0.005755708352229272
golovin_fixed10_high_resolution_screen_v2_N008192_dt0p1_m001,golovin,golovin_fixed10_high_resolution_screen_v2,controlled,11,1,not_applicable,15869164551713118159,8192,0.1,300.0,3600.0,1200.0000476837158,8192,1.3683221716923029,0.9982363477334868,2.2125401510919573e-09,1368322.171692303,238740390154.785,4.985024343178114e+17,290.3782653808594,0.9280290999763682,0.0,0.0,234.12876892089844,0.05209831236760719,0.13162803548365398,0.0,0.0,0.1755089503685628,0.0,0.0,0.24816823074010708,0.0,0.0,0.1755089503685628,0.0,0.0,1386618.2972187817,-0.013194781551041368,238733292669.84543,2.9729766050756723e-05,4.97315526712769e+17,0.002386628893104925
golovin_fixed10_high_resolution_screen_v2_N008192_dt0p1_m001,golovin,golovin_fixed10_high_resolution_screen_v2,controlled,11,1,not_applicable,15869164551713118159,8192,0.1,300.0,3600.0,1500.0,8192,0.8695317682860796,0.9982363473209556,1.799280058278896e-09,869531.7682860796,238740390056.12314,1.2203523147339087e+18,370.7376708984375,0.9556994649667052,0.0,0.0,321.4935607910156,0.04330599380657747,0.13649403553150377,0.0,0.0,0.20963355811573664,0.0,0.0,0.2818852723908805,0.0,0.0,0.20963355811573664,0.0,0.0,884145.4617925527,-0.016528607721227995,238733292669.84543,2.9729352778229412e-05,1.2232026906685448e+18,-0.002330256429601385
golovin_fixed10_high_resolution_screen_v2_N008192_dt0p1_m001,golovin,golovin_fixed10_high_resolution_screen_v2,controlled,11,1,not_applicable,15869164551713118159,8192,0.1,300.0,3600.0,1799.9999523162842,8192,0.5589090242220728,0.9982363447812349,-7.449276751003708e-10,558909.0242220728,238740389448.718,3.021449969925155e+18,524.8460693359375,0.972027545629954,0.0,0.0,432.5556640625,0.04520172406643303,0.11984253919014062,0.0,0.0,0.1723958826609532,0.0,0.0,0.24407588294542146,0.0,0.0,0.1723958826609532,0.0,0.0,563755.1438462138,-0.008596142628656822,238733292669.84543,2.9726808495000867e-05,3.0086026719268946e+18,0.004270187658256708
golovin_fixed10_high_resolution_screen_v2_N008192_dt0p1_m001,golovin,golovin_fixed10_high_resolution_screen_v2,controlled,11,1,not_applicable,15869164551713118159,8192,0.1,300.0,3600.0,2099.9999046325684,8192,0.35590963168378653,0.9982363465575662,1.0345420076163236e-09,355909.6316837865,238740389873.54922,7.799869909161512e+18,693.3119506835938,0.982411358763672,0.0,0.0,628.9218139648438,0.0460977345129458,0.1215297829400612,0.0,0.0,0.2004870114895042,0.0,0.0,0.2673155441170691,0.0,0.0,0.2004870114895042,0.0,0.0,359465.58111456485,-0.00989232242973781,238733292669.84543,2.9728588017308155e-05,7.39999192822117e+18,0.05403762393514744
golovin_fixed10_high_resolution_screen_v2_N008192_dt0p1_m001,golovin,golovin_fixed10_high_resolution_screen_v2,controlled,11,1,not_applicable,15869164551713118159,8192,0.1,300.0,3600.0,2400.0000953674316,8192,0.22759275201209075,0.9982363494451606,3.927238090284391e-09,227592.75201209076,238740390564.15265,1.892870517679637e+19,963.6533813476562,0.9888345104488996,0.0,0.0,806.8342895507812,0.05055549301727599,0.12458579233632476,0.0,0.0,0.1907520380029718,0.0,0.0,0.272216399244786,0.0,0.0,0.1907520380029718,0.0,0.0,229204.92913507385,-0.007033780333899453,238733292669.84543,2.973148079954413e-05,1.8201113831406539e+19,0.03997509999274618
golovin_fixed10_high_resolution_screen_v2_N008192_dt0p1_m001,golovin,golovin_fixed10_high_resolution_screen_v2,controlled,11,1,not_applicable,15869164551713118159,8192,0.1,300.0,3600.0,2700.000047683716,8192,0.14619490231307003,0.9982363437581036,-1.7698665866205943e-09,146194.90231307002,238740389204.02362,4.780186298125803e+19,1175.11962890625,0.9929004685542386,0.03029831692496186,0.03029831692496186,1048.6455078125,0.06967804712499931,0.17352687168245354,0.0,0.0,0.23105386829700983,0.0,0.0,0.31438436369451267,0.0,0.0,0.23105386829700983,0.0,0.0,146147.28387886327,0.0003258249687776438,238733292669.84543,2.972578352533617e-05,4.476765798748041e+19,0.06777671940368535
golovin_fixed10_high_resolution_screen_v2_N008192_dt0p1_m001,golovin,golovin_fixed10_high_resolution_screen_v2,controlled,11,1,not_applicable,15869164551713118159,8192,0.1,300.0,3600.0,3000.0,8192,0.09317670836670673,0.9982363487285855,3.2093969704050096e-09,93176.70836670673,238740390392.77493,1.2093027611694627e+20,1719.0111083984375,0.9955170613942704,0.17557388743784075,0.17557388743784075,1514.13623046875,0.07595877601471314,0.1624107789271899,0.0,0.0,0.21491355290979494,0.0,0.0,0.32534544625274325,0.0,0.0,0.21491355290979494,0.0,0.0,93187.47491936282,-0.00011553647810935708,238733292669.84543,2.9730762936885924e-05,1.1011101959187887e+20,0.09825770903919029
golovin_fixed10_high_resolution_screen_v2_N008192_dt0p1_m001,golovin,golovin_fixed10_high_resolution_screen_v2,controlled,11,1,not_applicable,15869164551713118159,8192,0.1,300.0,3600.0,3299.999952316284,8192,0.05934149197113957,0.9982363483704629,2.8506417226736858e-09,59341.49197113957,238740390307.12558,2.7569274579443938e+20,2032.8194580078125,0.9971580951065824,0.3729068643771608,0.3729068643771608,1906.46484375,0.05670311512970403,0.16918913965285223,0.0,0.0,0.22071971523437736,0.0,0.0,0.346072731290837,0.0,0.0,0.22071971523437736,0.0,0.0,59418.863295774216,-0.0013021340420046323,238733292669.84543,2.973040417098005e-05,2.7083026409274727e+20,0.017953982055812334
golovin_fixed10_high_resolution_screen_v2_N008192_dt0p1_m001,golovin,golovin_fixed10_high_resolution_screen_v2,controlled,11,1,not_applicable,15869164551713118159,8192,0.1,300.0,3600.0,3599.9999046325684,8192,0.03792890787674017,0.9982363455158872,-8.977374399421478e-12,37928.90787674017,238740389624.419,6.74983179054424e+20,2767.005859375,0.9982038385808097,0.5744908719661381,0.5744908719661381,2507.006103515625,0.061855623764156036,0.2118837009284801,0.0,0.0,0.26536341315909057,0.0,0.0,0.38288533914659195,0.0,0.0,0.26536341315909057,0.0,0.0,37887.079979546696,0.001104014804415021,238733292669.84543,2.9727544466950917e-05,6.661370698447075e+20,0.013279713155400108
golovin_fixed10_high_resolution_screen_v2_N008192_dt0p1_m002,golovin,golovin_fixed10_high_resolution_screen_v2,controlled,12,2,not_applicable,12883109848255521616,8192,0.1,300.0,3600.0,0.0,8192,8.388608,0.9982363455248487,0.0,8388608.0,238740389626.5623,1.3588185952531384e+16,74.98017120361328,0.34305567999300346,0.0,0.0,57.36815643310547,0.08115009491707255,0.007129152189405098,0.0,0.0,0.013490960478452555,0.0,0.0,0.016663818807210712,0.0,0.0,0.013490960478452555,0.0,0.0,8388608.0,0.0,238733292669.84543,2.9727553444658383e-05,1.3588329560514944e+16,-1.0568479585360002e-05
golovin_fixed10_high_resolution_screen_v2_N008192_dt0p1_m002,golovin,golovin_fixed10_high_resolution_screen_v2,controlled,12,2,not_applicable,12883109848255521616,8192,0.1,300.0,3600.0,300.00001192092896,8192,5.385377115902602,0.9982363461504659,6.267224517131353e-10,5385377.115902603,238740389776.18622,3.2611572352287824e+16,115.91676330566406,0.6268645966068931,0.0,0.0,85.76870727539062,0.04499428974588162,0.09839301923853998,0.0,0.0,0.12774198633295583,0.0,0.0,0.21236816977631617,0.0,0.0,0.12774198633295583,0.0,0.0,5348803.665523084,0.006837687951655624,238733292669.84543,2.97281801855398e-05,3.3422009487832736e+16,-0.02424860587272437
golovin_fixed10_high_resolution_screen_v2_N008192_dt0p1_m002,golovin,golovin_fixed10_high_resolution_screen_v2,controlled,12,2,not_applicable,12883109848255521616,8192,0.1,300.0,3600.0,600.0000238418579,8192,3.4471250088456484,0.998236347632392,2.111266717008675e-09,3447125.0088456483,238740390130.60693,8.215079799432931e+16,161.51504516601562,0.7850911966549056,0.0,0.0,130.02159118652344,0.035132578687191225,0.11524589260765586,0.0,0.0,0.1546062889832748,0.0,0.0,0.23286570626180342,0.0,0.0,0.1546062889832748,0.0,0.0,3410542.089022777,0.010726423796562301,238733292669.84543,2.9729664774214015e-05,8.220515356432454e+16,-0.000661218520231821
golovin_fixed10_high_resolution_screen_v2_N008192_dt0p1_m002,golovin,golovin_fixed10_high_resolution_screen_v2,controlled,12,2,not_applicable,12883109848255521616,8192,0.1,300.0,3600.0,899.9999761581421,8192,2.1639995985587333,0.9982363468418842,1.319362397111945e-09,2163999.5985587332,238740389941.54736,2.1505779175690704e+17,202.11257934570312,0.8735395888977854,0.0,0.0,174.7425079345703,0.04785907525060831,0.12377780314612198,0.0,0.0,0.16905464717761168,0.0,0.0,0.24708727576792652,0.0,0.0,0.16905464717761168,0.0,0.0,2174654.2046287498,-0.00489944840303258,238733292669.84543,2.9728872846135346e-05,2.021926918134987e+17,0.06362791764637588
golovin_fixed10_high_resolution_screen_v2_N008192_dt0p1_m002,golovin,golovin_fixed10_high_resolution_screen_v2,controlled,12,2,not_applicable,12883109848255521616,8192,0.1,300.0,3600.0,1200.0000476837158,8192,1.3743893302790442,0.99823634806247,2.542104526881417e-09,1374389.330279044,238740390233.46533,5.258041781929242e+17,273.7839050292969,0.9225959921854429,0.0,0.0,234.50706481933594,0.05986452806236739,0.1257011459221857,0.0,0.0,0.1739471177957749,0.0,0.0,0.23955730953200824,0.0,0.0,0.1739471177957749,0.0,0.0,1386618.2972187817,-0.008819274175355885,238733292669.84543,2.9730095624902475e-05,4.97315526712769e+17,0.05728486232566232
golovin_fixed10_high_resolution_screen_v2_N008192_dt0p1_m002,golovin,golovin_fixed10_high_resolution_screen_v2,controlled,12,2,not_applicable,12883109848255521616,8192,0.1,300.0,3600.0,1500.0,8192,0.8867411966317209,0.9982363458021921,2.778333119124454e-10,886741.1966317209,238740389692.89233,1.2993956082113219e+18,389.32965087890625,0.950815572379004,0.0,0.0,323.5330505371094,0.06262506751652122,0.12098781145615586,0.0,0.0,0.17027738628391392,0.0,0.0,0.25709370953774885,0.0,0.0,0.17027738628391392,0.0,0.0,884145.4617925527,0.002935868532204511,238733292669.84543,2.9727831286185946e-05,1.2232026906685448e+18,0.062289690926966124
golovin_fixed10_high_resolution_screen_v2_N008192_dt0p1_m002,golovin,golovin_fixed10_high_resolution_screen_v2,controlled,12,2,not_applicable,12883109848255521616,8192,0.1,300.0,3600.0,1799.9999523162842,8192,0.5632368076486284,0.998236346729451,1.2067304933083278e-09,563236.8076486284,238740389914.6576,3.2008853239099464e+18,491.16754150390625,0.9694221537174792,0.0,0.0,432.14898681640625,0.04935684382491732,0.11846332102001382,0.0,0.0,0.19202792176826058,0.0,0.0,0.27618519877382874,0.0,0.0,0.19202792176826058,0.0,0.0,563755.1438462138,-0.0009194349767686072,238733292669.84543,2.9728760210900873e-05,3.0086026719268946e+18,0.06391094901870242
golovin_fixed10_high_resolution_screen_v2_N008192_dt0p1_m002,golovin,golovin_fixed10_high_resolution_screen_v2,controlled,12,2,not_applicable,12883109848255521616,8192,0.1,300.0,3600.0,2099.9999046325684,8192,0.36047064393786654,0.9982363498844087,4.367262329552091e-09,360470.64393786655,238740390669.20422,7.52597205647732e+18,703.4649658203125,0.980745010609344,0.0,0.0,588.652587890625,0.0410189048773809,0.14065514825012684,0.0,0.0,0.19644197420750042,0.0,0.0,0.26801588613709304,0.0,0.0,0.19644197420750042,0.0,0.0,359465.58111456485,0.002795991817033938,238733292669.84543,2.973192083688403e-05,7.39999192822117e+18,0.017024360226084
golovin_fixed10_high_resolution_screen_v2_N008192_dt0p1_m002,golovin,golovin_fixed10_high_resolution_screen_v2,controlled,12,2,not_applicable,12883109848255521616,8192,0.1,300.0,3600.0,2400.0000953674316,8192,0.22912979507827047,0.9982363492928089,3.774617285401405e-09,229129.79507827046,238740390527.71588,1.7431680870620582e+19,836.9392700195312,0.9880289074265639,0.0,0.0,771.4475708007812,0.02079228880402672,0.1389811416725995,0.0,0.0,0.17580083302042404,0.0,0.0,0.2727891043959325,0.0,0.0,0.17580083302042404,0.0,0.0,229204.92913507385,-0.0003278029712838748,238733292669.84543,2.973132817407631e-05,1.8201113831406539e+19,-0.042273949161192426
golovin_fixed10_high_resolution_screen_v2_N008192_dt0p1_m002,golovin,golovin_fixed10_high_resolution_screen_v2,controlled,12,2,not_applicable,12883109848255521616,8192,0.1,300.0,3600.0,2700.000047683716,8192,0.1452217722869879,0.9982363470950576,1.5729830771249453e-09,145221.7722869879,238740390002.0969,4.386753894230036e+19,1185.435791015625,0.992476505158633,0.019242654753066545,0.019242654753066545,1060.0450439453125,0.03319639953765312,0.13462663310274606,0.0,0.0,0.197270619986849,0.0,0.0,0.27382467926058035,0.0,0.0,0.197270619986849,0.0,0.0,146147.28387886327,-0.006332732072136915,238733292669.84543,2.972912647458692e-05,4.476765798748041e+19,-0.020106458225529256
golovin_fixed10_high_resolution_screen_v2_N008192_dt0p1_m002,golovin,golovin_fixed10_high_resolution_screen_v2,controlled,12,2,not_applicable,12883109848255521616,8192,0.1,300.0,3600.0,3000.0,8192,0.09242313694500934,0.9982363467670765,1.2444225649943519e-09,92423.13694500933,238740389923.65622,1.0996258757177878e+20,1611.80126953125,0.9952077142372773,0.13960889055984999,0.13960889055984999,1438.5120849609375,0.06564370306173445,0.1379842823914272,0.0,0.0,0.22265946818242963,0.0,0.0,0.3141958849933775,0.0,0.0,0.22265946818242963,0.0,0.0,93187.47491936282,-0.008202153508450438,238733292669.84543,2.9728797904304827e-05,1.1011101959187887e+20,-0.001348021484591122
golovin_fixed10_high_resolution_screen_v2_N008192_dt0p1_m002,golovin,golovin_fixed10_high_resolution_screen_v2,controlled,12,2,not_applicable,12883109848255521616,8192,0.1,300.0,3600.0,3299.999952316284,8192,0.058699808620547494,0.998236348434949,2.91524182571834e-09,58699.8086205475,238740390322.54822,2.6157128279300247e+20,2128.66455078125,0.9969626603790005,0.3396826929679307,0.3396826929679307,1934.724365234375,0.05255264622834715,0.16956824455357178,0.0,0.0,0.2745587609262738,0.0,0.0,0.3537663799244318,0.0,0.0,0.2745587609262738,0.0,0.0,59418.863295774216,-0.012101454577604809,238733292669.84543,2.9730468773081498e-05,2.7083026409274727e+20,-0.03418739530739445
golovin_fixed10_high_resolution_screen_v2_N008192_dt0p1_m002,golovin,golovin_fixed10_high_resolution_screen_v2,controlled,12,2,not_applicable,12883109848255521616,8192,0.1,300.0,3600.0,3599.9999046325684,8192,0.03743598242591213,0.9982363505774733,5.061551400231679e-09,37435.98242591213,238740390834.959,6.103225769278934e+20,2848.52734375,0.9980583054462198,0.5407181683809069,0.5407181683809069,2462.525390625,0.04565993614879469,0.18366605665717226,0.0,0.0,0.2738092751241199,0.0,0.0,0.38313277941516294,0.0,0.0,0.2738092751241199,0.0,0.0,37887.079979546696,-0.011906368975336479,238733292669.84543,2.9732615146382813e-05,6.661370698447075e+20,-0.08378830040163632
golovin_fixed10_high_resolution_screen_v2_N008192_dt0p1_m003,golovin,golovin_fixed10_high_resolution_screen_v2,controlled,13,3,not_applicable,11775821216288800937,8192,0.1,300.0,3600.0,0.0,8192,8.388608,0.9982363455248487,0.0,8388608.0,238740389626.5623,1.3588185952531384e+16,74.98017120361328,0.34305567999300346,0.0,0.0,57.36815643310547,0.08112416045289934,0.007129152189405098,0.0,0.0,0.013490960478452555,0.0,0.0,0.016663818807210712,0.0,0.0,0.013490960478452555,0.0,0.0,8388608.0,0.0,238733292669.84543,2.9727553444658383e-05,1.3588329560514944e+16,-1.0568479585360002e-05
golovin_fixed10_high_resolution_screen_v2_N008192_dt0p1_m003,golovin,golovin_fixed10_high_resolution_screen_v2,controlled,13,3,not_applicable,11775821216288800937,8192,0.1,300.0,3600.0,300.00001192092896,8192,5.364404267746614,0.9982363471566291,1.6346632936148353e-09,5364404.267746613,238740390016.82248,3.3047982199030132e+16,107.42008209228516,0.6346208624200639,0.0,0.0,85.39925384521484,0.05729947802618889,0.09519501486153821,0.0,0.0,0.17436059906080997,0.0,0.0,0.24446212516329077,0.0,0.0,0.17436059906080997,0.0,0.0,5348803.665523084,0.002916652619741278,238733292669.84543,2.972918815680181e-05,3.3422009487832736e+16,-0.011191047292915424
golovin_fixed10_high_resolution_screen_v2_N008192_dt0p1_m003,golovin,golovin_fixed10_high_resolution_screen_v2,controlled,13,3,not_applicable,11775821216288800937,8192,0.1,300.0,3600.0,600.0000238418579,8192,3.3978052947123794,0.9982363452135141,-3.118846292338162e-10,3397805.2947123796,238740389552.1028,8.057185254475552e+16,149.4972381591797,0.7900594037024228,0.0,0.0,121.60105895996094,0.02775045969633963,0.12119068261298654,0.0,0.0,0.19056942715098443,0.0,0.0,0.26024622785293416,0.0,0.0,0.19056942715098443,0.0,0.0,3410542.089022777,-0.0037345366155697723,238733292669.84543,2.9727241550592254e-05,8.220515356432454e+16,-0.019868596417023765
golovin_fixed10_high_resolution_screen_v2_N008192_dt0p1_m003,golovin,golovin_fixed10_high_resolution_screen_v2,controlled,13,3,not_applicable,11775821216288800937,8192,0.1,300.0,3600.0,899.9999761581421,8192,2.1799081054529097,0.998236347852983,2.3322475062315107e-09,2179908.1054529096,238740390183.36395,1.9691221719904147e+17,217.66204833984375,0.8746447837564822,0.0,0.0,167.54054260253906,0.03449732937952499,0.1084773832727588,0.0,0.0,0.18056574397168632,0.0,0.0,0.23558304595861848,0.0,0.0,0.18056574397168632,0.0,0.0,2174654.2046287498,0.002415970692249303,238733292669.84543,2.972988576144253e-05,2.021926918134987e+17,-0.026116050818136838
golovin_fixed10_high_resolution_screen_v2_N008192_dt0p1_m003,golovin,golovin_fixed10_high_resolution_screen_v2,controlled,13,3,not_applicable,11775821216288800937,8192,0.1,300.0,3600.0,1200.0000476837158,8192,1.3829364732147011,0.9982363480741611,2.5538162695681876e-09,1382936.473214701,238740390236.26138,4.8439150595785094e+17,294.3207092285156,0.9242940953492443,0.0,0.0,230.3641357421875,0.036293123056353335,0.1242993719309612,0.0,0.0,0.174586683455111,0.0,0.0,0.27256688053572575,0.0,0.0,0.174586683455111,0.0,0.0,1386618.2972187817,-0.002655254161484377,238733292669.84543,2.9730107336867206e-05,4.97315526712769e+17,-0.025987567370649445
golovin_fixed10_high_resolution_screen_v2_N008192_dt0p1_m003,golovin,golovin_fixed10_high_resolution_screen_v2,controlled,13,3,not_applicable,11775821216288800937,8192,0.1,300.0,3600.0,1500.0,8192,0.8778801230159308,0.9982363481457633,2.62554511465396e-09,877880.1230159308,238740390253.3859,1.1910531930747113e+18,416.650390625,0.9529756750127306,0.0,0.0,330.9596252441406,0.042506978515133374,0.13666858498543458,0.0,0.0,0.18107325532502017,0.0,0.0,0.2615595323050712,0.0,0.0,0.18107325532502017,0.0,0.0,884145.4617925527,-0.007086321252975036,238733292669.84543,2.973017906748865e-05,1.2232026906685448e+18,-0.026283050093899085
golovin_fixed10_high_resolution_screen_v2_N008192_dt0p1_m003,golovin,golovin_fixed10_high_resolution_screen_v2,controlled,13,3,not_applicable,11775821216288800937,8192,0.1,300.0,3600.0,1799.9999523162842,8192,0.5612932486229308,0.9982363484628456,2.9431876935603896e-09,561293.2486229308,238740390329.22,2.9449086890991227e+18,515.3873291015625,0.9701986397291721,0.0,0.0,432.85467529296875,0.04331132460172898,0.1477405969306343,0.0,0.0,0.20726621251703553,0.0,0.0,0.2781187485551871,0.0,0.0,0.20726621251703553,0.0,0.0,563755.1438462138,-0.004366958333163473,238733292669.84543,2.9730496719615473e-05,3.0086026719268946e+18,-0.021170619644161337
golovin_fixed10_high_resolution_screen_v2_N008192_dt0p1_m003,golovin,golovin_fixed10_high_resolution_screen_v2,controlled,13,3,not_applicable,11775821216288800937,8192,0.1,300.0,3600.0,2099.9999046325684,8192,0.3572079435793525,0.9982363479410781,2.4204982462805447e-09,357207.94357935246,238740390204.43298,7.301105856706993e+18,666.6705322265625,0.9807895810068352,0.0,0.0,577.599853515625,0.038439560308683486,0.12015752269388212,0.0,0.0,0.16696210197578792,0.0,0.0,0.21821538703775753,0.0,0.0,0.16696210197578792,0.0,0.0,359465.58111456485,-0.0062805388160177555,238733292669.84543,2.9729974014847116e-05,7.39999192822117e+18,-0.01336299721315326
golovin_fixed10_high_resolution_screen_v2_N008192_dt0p1_m003,golovin,golovin_fixed10_high_resolution_screen_v2,controlled,13,3,not_applicable,11775821216288800937,8192,0.1,300.0,3600.0,2400.0000953674316,8192,0.22845221755366693,0.9982363490050314,3.4863314457567185e-09,228452.21755366694,238740390458.8904,1.7370657448812618e+19,852.356689453125,0.987920736056821,0.0,0.0,780.906005859375,0.04976295830709165,0.12421201488529085,0.0,0.0,0.19468621090672683,0.0,0.0,0.2869691384538743,0.0,0.0,0.19468621090672683,0.0,0.0,229204.92913507385,-0.003284011317938651,238733292669.84543,2.973103987979897e-05,1.8201113831406539e+19,-0.04562667923986852
golovin_fixed10_high_resolution_screen_v2_N008192_dt0p1_m003,golovin,golovin_fixed10_high_resolution_screen_v2,controlled,13,3,not_applicable,11775821216288800937,8192,0.1,300.0,3600.0,2700.000047683716,8192,0.14509613658455392,0.9982363457880375,2.6365376548653785e-10,145096.13658455393,238740389689.50708,4.190979100040971e+19,1197.069580078125,0.9924027602953651,0.016822878199468164,0.016822878199468164,1020.4254150390625,0.03704231269333278,0.1428710255098215,0.0,0.0,0.19125011941323522,0.0,0.0,0.29569424771396174,0.0,0.0,0.19125011941323522,0.0,0.0,146147.28387886327,-0.0071923833711518,238733292669.84543,2.972781710619543e-05,4.476765798748041e+19,-0.06383775956897109
golovin_fixed10_high_resolution_screen_v2_N008192_dt0p1_m003,golovin,golovin_fixed10_high_resolution_screen_v2,controlled,13,3,not_applicable,11775821216288800937,8192,0.1,300.0,3600.0,3000.0,8192,0.09306013934084374,0.9982363497988996,4.281602183908717e-09,93060.13934084374,238740390648.75366,1.0106135272962014e+20,1665.4251708984375,0.9951158353965862,0.12521064591601708,0.12521064591601708,1396.52099609375,0.060745034571446734,0.1740200773168898,0.0,0.0,0.25671231080056034,0.0,0.0,0.3331494272054148,0.0,0.0,0.25671231080056034,0.0,0.0,93187.47491936282,-0.0013664452076769251,238733292669.84543,2.973183517407385e-05,1.1011101959187887e+20,-0.082186750207208
golovin_fixed10_high_resolution_screen_v2_N008192_dt0p1_m003,golovin,golovin_fixed10_high_resolution_screen_v2,controlled,13,3,not_applicable,11775821216288800937,8192,0.1,300.0,3600.0,3299.999952316284,8192,0.05939049544532801,0.9982363449539597,-5.718976403557008e-10,59390.495445328015,238740389490.0272,2.4432990161748132e+20,2062.42041015625,0.996875352870701,0.3263068431523743,0.3263068431523743,1773.2449951171875,0.04986952160490091,0.1830712343182514,0.0,0.0,0.258905435368291,0.0,0.0,0.3764855399563411,0.0,0.0,0.258905435368291,0.0,0.0,59418.863295774216,-0.0004774216279599397,238733292669.84543,2.9726981529920593e-05,2.7083026409274727e+20,-0.09784860109352755
golovin_fixed10_high_resolution_screen_v2_N008192_dt0p1_m003,golovin,golovin_fixed10_high_resolution_screen_v2,controlled,13,3,not_applicable,11775821216288800937,8192,0.1,300.0,3600.0,3599.9999046325684,8192,0.03799259270027605,0.9982363477203369,2.199367132860175e-09,37992.59270027605,238740390151.64005,5.725423455379468e+20,2623.529296875,0.9980004048149099,0.5396970157735421,0.5396970157735421,2291.60400390625,0.055923667111257215,0.2167512845389808,0.0,0.0,0.2805112095453345,0.0,0.0,0.41426924647533686,0.0,0.0,0.2805112095453345,0.0,0.0,37887.079979546696,0.0027849261749999243,238733292669.84543,2.9729752877072357e-05,6.661370698447075e+20,-0.14050370193116546
golovin_fixed10_high_resolution_screen_v2_N008192_dt0p1_m004,golovin,golovin_fixed10_high_resolution_screen_v2,controlled,14,4,not_applicable,18238048841119580033,8192,0.1,300.0,3600.0,0.0,8192,8.388608,0.9982363455248487,0.0,8388608.0,238740389626.5623,1.3588185952531384e+16,74.98017120361328,0.34305567999300346,0.0,0.0,57.36815643310547,0.08110767960623942,0.007129152189405098,0.0,0.0,0.013490960478452555,0.0,0.0,0.016663818807210712,0.0,0.0,0.013490960478452555,0.0,0.0,8388608.0,0.0,238733292669.84543,2.9727553444658383e-05,1.3588329560514944e+16,-1.0568479585360002e-05
golovin_fixed10_high_resolution_screen_v2_N008192_dt0p1_m004,golovin,golovin_fixed10_high_resolution_screen_v2,controlled,14,4,not_applicable,18238048841119580033,8192,0.1,300.0,3600.0,300.00001192092896,8192,5.375806692576655,0.9982363512544848,5.739759112444176e-09,5375806.692576655,238740390996.8746,3.408292722018946e+16,115.82329559326172,0.6409439384539383,0.0,0.0,87.72361755371094,0.05572440276748694,0.11015895095034871,0.0,0.0,0.17116796654633895,0.0,0.0,0.24661332570988378,0.0,0.0,0.17116796654633895,0.0,0.0,5348803.665523084,0.005048423674180791,238733292669.84543,2.9733293374301084e-05,3.3422009487832736e+16,0.01977492504145606
golovin_fixed10_high_resolution_screen_v2_N008192_dt0p1_m004,golovin,golovin_fixed10_high_resolution_screen_v2,controlled,14,4,not_applicable,18238048841119580033,8192,0.1,300.0,3600.0,600.0000238418579,8192,3.4176565856627237,0.9982363433329032,-2.195818193939658e-09,3417656.5856627235,238740389102.33176,8.127709435776008e+16,152.30673217773438,0.7957377749601385,0.0,0.0,125.7417221069336,0.040342528787060586,0.1324691335967549,0.0,0.0,0.1701561883565407,0.0,0.0,0.24813317803664112,0.0,0.0,0.1701561883565407,0.0,0.0,3410542.089022777,0.002086031033847968,238733292669.84543,2.9725357560961285e-05,8.220515356432454e+16,-0.011289550184201858
golovin_fixed10_high_resolution_screen_v2_N008192_dt0p1_m004,golovin,golovin_fixed10_high_resolution_screen_v2,controlled,14,4,not_applicable,18238048841119580033,8192,0.1,300.0,3600.0,899.9999761581421,8192,2.199226341290859,0.9982363461885218,6.648455119773189e-10,2199226.341290859,238740389785.28775,1.9684504761238666e+17,230.0167694091797,0.8769653256902314,0.0,0.0,170.3087921142578,0.0460700094387246,0.13430762936351318,0.0,0.0,0.20721937095600615,0.0,0.0,0.2757637566146632,0.0,0.0,0.20721937095600615,0.0,0.0,2174654.2046287498,0.011299330537152708,238733292669.84543,2.972821830993233e-05,2.021926918134987e+17,-0.02644825662662753
golovin_fixed10_high_resolution_screen_v2_N008192_dt0p1_m004,golovin,golovin_fixed10_high_resolution_screen_v2,controlled,14,4,not_applicable,18238048841119580033,8192,0.1,300.0,3600.0,1200.0000476837158,8192,1.3959242711388051,0.9982363500826524,4.56585635966178e-09,1395924.2711388052,238740390716.6166,4.8653274622252576e+17,293.6008605957031,0.9247229178842161,0.0,0.0,222.90335083007812,0.06232192642541253,0.1377971114428952,0.0,0.0,0.2034109601362974,0.0,0.0,0.269826549502583,0.0,0.0,0.2034109601362974,0.0,0.0,1386618.2972187817,0.0067112729860041576,238733292669.84543,2.97321194366873e-05,4.97315526712769e+17,-0.021681970320767796
golovin_fixed10_high_resolution_screen_v2_N008192_dt0p1_m004,golovin,golovin_fixed10_high_resolution_screen_v2,controlled,14,4,not_applicable,18238048841119580033,8192,0.1,300.0,3600.0,1500.0,8192,0.892825536966174,0.9982363455263464,1.5003553954784365e-12,892825.5369661739,238740389626.92047,1.1836487717666637e+18,419.78875732421875,0.952495619442324,0.0,0.0,305.9266052246094,0.05038825563323604,0.1437965525090351,0.0,0.0,0.19470927031675736,0.0,0.0,0.2544955013125729,0.0,0.0,0.19470927031675736,0.0,0.0,884145.4617925527,0.009817474102081336,238733292669.84543,2.972755494501378e-05,1.2232026906685448e+18,-0.03233635701067894
golovin_fixed10_high_resolution_screen_v2_N008192_dt0p1_m004,golovin,golovin_fixed10_high_resolution_screen_v2,controlled,14,4,not_applicable,18238048841119580033,8192,0.1,300.0,3600.0,1799.9999523162842,8192,0.5687924132141515,0.9982363466224577,1.0995482302433857e-09,568792.4132141515,238740389889.06885,2.8635457795371085e+18,511.48236083984375,0.9703469282387571,0.0,0.0,434.68255615234375,0.048997222077442365,0.12836686514281953,0.0,0.0,0.17697010214207148,0.0,0.0,0.24882954450371864,0.0,0.0,0.17697010214207148,0.0,0.0,563755.1438462138,0.008935207816590296,238733292669.84543,2.9728653025529184e-05,3.0086026719268946e+18,-0.04821404093777615
golovin_fixed10_high_resolution_screen_v2_N008192_dt0p1_m004,golovin,golovin_fixed10_high_resolution_screen_v2,controlled,14,4,not_applicable,18238048841119580033,8192,0.1,300.0,3600.0,2099.9999046325684,8192,0.36191610817848346,0.9982363462580689,7.345155594862263e-10,361916.10817848344,238740389801.9208,7.540057030418623e+18,791.7063598632812,0.9813679676814345,0.0,0.0,642.7096557617188,0.0714619086321934,0.13539507138986698,0.0,0.0,0.20121885796175298,0.0,0.0,0.2751343798665298,0.0,0.0,0.20121885796175298,0.0,0.0,359465.58111456485,0.006817139644692771,238733292669.84543,2.972828798197824e-05,7.39999192822117e+18,0.018927737159184055
golovin_fixed10_high_resolution_screen_v2_N008192_dt0p1_m004,golovin,golovin_fixed10_high_resolution_screen_v2,controlled,14,4,not_applicable,18238048841119580033,8192,0.1,300.0,3600.0,2400.0000953674316,8192,0.23222852914250652,0.9982363463684819,8.451237487605567e-10,232228.52914250654,238740389828.32748,1.888806924199959e+19,946.15283203125,0.9880807479657728,0.0,0.0,851.1644287109375,0.06297934886585428,0.13899468564329007,0.0,0.0,0.20269765244756047,0.0,0.0,0.2777384091171865,0.0,0.0,0.20269765244756047,0.0,0.0,229204.92913507385,0.013191688411076097,238733292669.84543,2.972839859372023e-05,1.8201113831406539e+19,0.03774249295708976
golovin_fixed10_high_resolution_screen_v2_N008192_dt0p1_m004,golovin,golovin_fixed10_high_resolution_screen_v2,controlled,14,4,not_applicable,18238048841119580033,8192,0.1,300.0,3600.0,2700.000047683716,8192,0.14739738945584582,0.9982363487372422,3.2180689224503567e-09,147397.3894558458,238740390394.84537,4.475860056891262e+19,1164.0885009765625,0.9925435557939375,0.019927670568794385,0.019927670568794385,1041.4141845703125,0.07208841617013488,0.14882666752845083,0.0,0.0,0.22205103451747454,0.0,0.0,0.3313534652036461,0.0,0.0,0.22205103451747454,0.0,0.0,146147.28387886327,0.00855373800869752,238733292669.84543,2.9730771609504103e-05,4.476765798748041e+19,-0.00020232058086055993
golovin_fixed10_high_resolution_screen_v2_N008192_dt0p1_m004,golovin,golovin_fixed10_high_resolution_screen_v2,controlled,14,4,not_applicable,18238048841119580033,8192,0.1,300.0,3600.0,3000.0,8192,0.09399824424111182,0.9982363485394365,3.0199138745246046e-09,93998.24424111182,238740390347.5377,1.05876702834185e+20,1687.98779296875,0.995258152580035,0.1388939707182489,0.1388939707182489,1365.8597412109375,0.04138692126068485,0.1597900288581417,0.0,0.0,0.2159336268894245,0.0,0.0,0.32635389657982,0.0,0.0,0.2159336268894245,0.0,0.0,93187.47491936282,0.008700410891598676,238733292669.84543,2.973057344823893e-05,1.1011101959187887e+20,-0.03845497728917746
golovin_fixed10_high_resolution_screen_v2_N008192_dt0p1_m004,golovin,golovin_fixed10_high_resolution_screen_v2,controlled,14,4,not_applicable,18238048841119580033,8192,0.1,300.0,3600.0,3299.999952316284,8192,0.05968449555259263,0.9982363434997472,-2.028679446652859e-09,59684.49555259263,238740389142.23456,2.75624591451969e+20,2171.52783203125,0.9970014191413125,0.3461863806952006,0.3461863806952006,1927.814697265625,0.06063789327424286,0.17817039916137767,0.0,0.0,0.2535168162251616,0.0,0.0,0.34393833838050625,0.0,0.0,0.2535168162251616,0.0,0.0,59418.863295774216,0.004470503844816953,238733292669.84543,2.9725524704815598e-05,2.7083026409274727e+20,0.017702332401004828
golovin_fixed10_high_resolution_screen_v2_N008192_dt0p1_m004,golovin,golovin_fixed10_high_resolution_screen_v2,controlled,14,4,not_applicable,18238048841119580033,8192,0.1,300.0,3600.0,3599.9999046325684,8192,0.03802183132838008,0.9982363436720263,-1.8560959436086932e-09,38021.83132838008,238740389183.4372,6.202486693360817e+20,2642.58837890625,0.998099898629739,0.5460409749865568,0.5460409749865568,2473.422119140625,0.06006633424407585,0.19882332790120066,0.0,0.0,0.2499163106620233,0.0,0.0,0.3655018879262514,0.0,0.0,0.2499163106620233,0.0,0.0,37887.079979546696,0.0035566570162210986,238733292669.84543,2.9725697293425668e-05,6.661370698447075e+20,-0.06888732452515145
golovin_fixed10_high_resolution_screen_v2_N008192_dt0p1_m005,golovin,golovin_fixed10_high_resolution_screen_v2,controlled,15,5,not_applicable,5120199317635885658,8192,0.1,300.0,3600.0,0.0,8192,8.388608,0.9982363455248487,0.0,8388608.0,238740389626.5623,1.3588185952531384e+16,74.98017120361328,0.34305567999300346,0.0,0.0,57.36815643310547,0.08110233131473289,0.007129152189405098,0.0,0.0,0.013490960478452555,0.0,0.0,0.016663818807210712,0.0,0.0,0.013490960478452555,0.0,0.0,8388608.0,0.0,238733292669.84543,2.9727553444658383e-05,1.3588329560514944e+16,-1.0568479585360002e-05
golovin_fixed10_high_resolution_screen_v2_N008192_dt0p1_m005,golovin,golovin_fixed10_high_resolution_screen_v2,controlled,15,5,not_applicable,5120199317635885658,8192,0.1,300.0,3600.0,300.00001192092896,8192,5.436517871735938,0.9982363475739865,2.0527581856555344e-09,5436517.871735938,238740390116.63855,3.297524956776983e+16,112.11487579345703,0.6179366873541754,0.0,0.0,87.9871826171875,0.05690818483419875,0.12956853485289227,0.0,0.0,0.16931462902019334,0.0,0.0,0.24425494953042073,0.0,0.0,0.16931462902019334,0.0,0.0,5348803.665523084,0.016398845741569357,238733292669.84543,2.972960626368426e-05,3.3422009487832736e+16,-0.01336723694682529
golovin_fixed10_high_resolution_screen_v2_N008192_dt0p1_m005,golovin,golovin_fixed10_high_resolution_screen_v2,controlled,15,5,not_applicable,5120199317635885658,8192,0.1,300.0,3600.0,600.0000238418579,8192,3.4766839649581076,0.9982363502446773,4.728167413148299e-09,3476683.9649581076,238740390755.36673,8.348533996056054e+16,159.08511352539062,0.7893023162264827,0.0,0.0,129.77037048339844,0.042175034066202106,0.1455601026557503,0.0,0.0,0.18039440952349098,0.0,0.0,0.24242448950611203,0.0,0.0,0.18039440952349098,0.0,0.0,3410542.089022777,0.019393361585601232,238733292669.84543,2.9732281752181677e-05,8.220515356432454e+16,0.015573067389677231
golovin_fixed10_high_resolution_screen_v2_N008192_dt0p1_m005,golovin,golovin_fixed10_high_resolution_screen_v2,controlled,15,5,not_applicable,5120199317635885658,8192,0.1,300.0,3600.0,899.9999761581421,8192,2.214089733004266,0.99823634726794,1.7461707635391122e-09,2214089.733004266,238740390043.44376,2.1018897644160102e+17,217.9060516357422,0.8783708540934931,0.0,0.0,179.35853576660156,0.03904704585141867,0.12030931373312914,0.0,0.0,0.17203361676108256,0.0,0.0,0.24856424897213691,0.0,0.0,0.17203361676108256,0.0,0.0,2174654.2046287498,0.01813416049851857,238733292669.84543,2.9729299667158315e-05,2.021926918134987e+17,0.03954784199360706
golovin_fixed10_high_resolution_screen_v2_N008192_dt0p1_m005,golovin,golovin_fixed10_high_resolution_screen_v2,controlled,15,5,not_applicable,5120199317635885658,8192,0.1,300.0,3600.0,1200.0000476837158,8192,1.4188889722536628,0.9982363446586419,-8.677373264376342e-10,1418888.9722536628,238740389419.39835,5.138608488789473e+17,287.0873107910156,0.9256622546436604,0.0,0.0,244.51242065429688,0.03932539055819786,0.12151885786050445,0.0,0.0,0.1794362708272381,0.0,0.0,0.2464625894742946,0.0,0.0,0.1794362708272381,0.0,0.0,1386618.2972187817,0.023272933221498926,238733292669.84543,2.972668568146375e-05,4.97315526712769e+17,0.03326926524000173
golovin_fixed10_high_resolution_screen_v2_N008192_dt0p1_m005,golovin,golovin_fixed10_high_resolution_screen_v2,controlled,15,5,not_applicable,5120199317635885658,8192,0.1,300.0,3600.0,1500.0,8192,0.9013806596170861,0.9982363471868322,1.6649197576157349e-09,901380.6596170862,238740390024.04587,1.2026027106896655e+18,369.2911376953125,0.9540036035689508,0.0,0.0,311.3428649902344,0.036105701843645456,0.13403187709297584,0.0,0.0,0.17459214947614582,0.0,0.0,0.24914881513736997,0.0,0.0,0.17459214947614582,0.0,0.0,884145.4617925527,0.019493622451660864,238733292669.84543,2.9729218413931946e-05,1.2232026906685448e+18,-0.016841019183517547
golovin_fixed10_high_resolution_screen_v2_N008192_dt0p1_m005,golovin,golovin_fixed10_high_resolution_screen_v2,controlled,15,5,not_applicable,5120199317635885658,8192,0.1,300.0,3600.0,1799.9999523162842,8192,0.5754503628770331,0.9982363490195996,3.500925327415416e-09,575450.3628770331,238740390462.3745,3.0145688501863255e+18,511.598876953125,0.971250756027525,0.0,0.0,419.1191101074219,0.047401471468543704,0.11803687375895662,0.0,0.0,0.1943525643261573,0.0,0.0,0.27012556957380496,0.0,0.0,0.1943525643261573,0.0,0.0,563755.1438462138,0.020745210324873975,238733292669.84543,2.9731054473902674e-05,3.0086026719268946e+18,0.0019830396067586076
golovin_fixed10_high_resolution_screen_v2_N008192_dt0p1_m005,golovin,golovin_fixed10_high_resolution_screen_v2,controlled,15,5,not_applicable,5120199317635885658,8192,0.1,300.0,3600.0,2099.9999046325684,8192,0.36836681678877825,0.9982363469389389,1.4165886241812586e-09,368366.81678877823,238740389964.7592,7.295365384524276e+18,685.76416015625,0.9816109559196297,0.0,0.0,573.5291748046875,0.042699766194411765,0.1470394356296162,0.0,0.0,0.21436893488568023,0.0,0.0,0.2870633305374324,0.0,0.0,0.21436893488568023,0.0,0.0,359465.58111456485,0.02476241437807225,238733292669.84543,2.9728970075248995e-05,7.39999192822117e+18,-0.014138737543467061
golovin_fixed10_high_resolution_screen_v2_N008192_dt0p1_m005,golovin,golovin_fixed10_high_resolution_screen_v2,controlled,15,5,not_applicable,5120199317635885658,8192,0.1,300.0,3600.0,2400.0000953674316,8192,0.2355936186671154,0.9982363450858568,-4.3976755570440673e-10,235593.6186671154,238740389521.572,1.7283795306865297e+19,873.0264892578125,0.9883539594191117,0.0,0.0,768.3870239257812,0.03469303177993204,0.12539858023821246,0.0,0.0,0.20266871762381075,0.0,0.0,0.2758335959380083,0.0,0.0,0.20266871762381075,0.0,0.0,229204.92913507385,0.02787326414030389,238733292669.84543,2.9727113664002047e-05,1.8201113831406539e+19,-0.05039903233605314
golovin_fixed10_high_resolution_screen_v2_N008192_dt0p1_m005,golovin,golovin_fixed10_high_resolution_screen_v2,controlled,15,5,not_applicable,5120199317635885658,8192,0.1,300.0,3600.0,2700.000047683716,8192,0.1497415191879813,0.9982363487954282,3.2763578516892267e-09,149741.5191879813,238740390408.76123,4.390537006670582e+19,1130.25,0.992657875724345,0.012783949742541845,0.012783949742541845,1052.9140625,0.04869711869082474,0.16268695035670724,0.0,0.0,0.2339958795629773,0.0,0.0,0.3035709271074226,0.0,0.0,0.2339958795629773,0.0,0.0,146147.28387886327,0.02459324055654144,238733292669.84543,2.973082989976561e-05,4.476765798748041e+19,-0.019261403422438095
golovin_fixed10_high_resolution_screen_v2_N008192_dt0p1_m005,golovin,golovin_fixed10_high_resolution_screen_v2,controlled,15,5,not_applicable,5120199317635885658,8192,0.1,300.0,3600.0,3000.0,8192,0.09574226323047258,0.998236348729268,3.2100808677881787e-09,95742.26323047258,238740390392.93823,1.047935230264353e+20,1539.287353515625,0.9953175006569895,0.13117108994842194,0.13117108994842194,1348.04833984375,0.04175450139163333,0.1410599727730914,0.0,0.0,0.20672741424656174,0.0,0.0,0.3137407926870287,0.0,0.0,0.20672741424656174,0.0,0.0,93187.47491936282,0.02741557610956269,238733292669.84543,2.9730763620783307e-05,1.1011101959187887e+20,-0.04829213810890698
golovin_fixed10_high_resolution_screen_v2_N008192_dt0p1_m005,golovin,golovin_fixed10_high_resolution_screen_v2,controlled,15,5,not_applicable,5120199317635885658,8192,0.1,300.0,3600.0,3299.999952316284,8192,0.06104041500755719,0.9982363462327944,7.091964793204397e-10,61040.41500755719,238740389795.8761,2.6090539160171315e+20,2312.167724609375,0.9969926431647084,0.34675464804336076,0.34675464804336076,2004.580810546875,0.039828515203144475,0.20416426386362993,0.0,0.0,0.26649164201620495,0.0,0.0,0.3576388033601945,0.0,0.0,0.26649164201620495,0.0,0.0,59418.863295774216,0.02729018398940486,238733292669.84543,2.9728262662009897e-05,2.7083026409274727e+20,-0.036646098338682265
golovin_fixed10_high_resolution_screen_v2_N008192_dt0p1_m005,golovin,golovin_fixed10_high_resolution_screen_v2,controlled,15,5,not_applicable,5120199317635885658,8192,0.1,300.0,3600.0,3599.9999046325684,8192,0.03886292139040814,0.9982363479976553,2.477175353732264e-09,38862.92139040814,238740390217.96408,6.355993002613026e+20,2903.92919921875,0.998080882825824,0.5421351383853539,0.5421351383853539,2582.898681640625,0.04505242672533398,0.19375700212557032,0.0,0.0,0.2742669574751117,0.0,0.0,0.3760481135597014,0.0,0.0,0.2742669574751117,0.0,0.0,37887.079979546696,0.025756574837339175,238733292669.84543,2.973003069350888e-05,6.661370698447075e+20,-0.04584307189288228
golovin_fixed10_high_resolution_screen_v2_N008192_dt0p1_m006,golovin,golovin_fixed10_high_resolution_screen_v2,controlled,16,6,not_applicable,12565268948356273084,8192,0.1,300.0,3600.0,0.0,8192,8.388608,0.9982363455248487,0.0,8388608.0,238740389626.5623,1.3588185952531384e+16,74.98017120361328,0.34305567999300346,0.0,0.0,57.36815643310547,0.08108505356016009,0.007129152189405098,0.0,0.0,0.013490960478452555,0.0,0.0,0.016663818807210712,0.0,0.0,0.013490960478452555,0.0,0.0,8388608.0,0.0,238733292669.84543,2.9727553444658383e-05,1.3588329560514944e+16,-1.0568479585360002e-05
golovin_fixed10_high_resolution_screen_v2_N008192_dt0p1_m006,golovin,golovin_fixed10_high_resolution_screen_v2,controlled,16,6,not_applicable,12565268948356273084,8192,0.1,300.0,3600.0,300.00001192092896,8192,5.277262516296773,0.9982363473879907,1.866433674280188e-09,5277262.516296773,238740390072.15536,3.456245720684144e+16,125.08421325683594,0.6477081148651964,0.0,0.0,89.81765747070312,0.05682049392554967,0.14570015082254056,0.0,0.0,0.17030433455748892,0.0,0.0,0.2560084761669213,0.0,0.0,0.17030433455748892,0.0,0.0,5348803.665523084,-0.013375168299304963,238733292669.84543,2.972941993362177e-05,3.3422009487832736e+16,0.034122655593879836
golovin_fixed10_high_resolution_screen_v2_N008192_dt0p1_m006,golovin,golovin_fixed10_high_resolution_screen_v2,controlled,16,6,not_applicable,12565268948356273084,8192,0.1,300.0,3600.0,600.0000238418579,8192,3.3424445635446904,0.9982363476242405,2.1031008046179522e-09,3342444.5635446906,238740390128.65735,8.32547687885651e+16,151.91146850585938,0.800857499550037,0.0,0.0,121.96137237548828,0.044565042478106796,0.13689394150071713,0.0,0.0,0.17930080436821164,0.0,0.0,0.25723070851530033,0.0,0.0,0.17930080436821164,0.0,0.0,3410542.089022777,-0.019966774694634704,238733292669.84543,2.9729656607857535e-05,8.220515356432454e+16,0.012768241147061987
golovin_fixed10_high_resolution_screen_v2_N008192_dt0p1_m006,golovin,golovin_fixed10_high_resolution_screen_v2,controlled,16,6,not_applicable,12565268948356273084,8192,0.1,300.0,3600.0,899.9999761581421,8192,2.1689286858171943,0.9982363502187817,4.702225941954907e-09,2168928.685817194,238740390749.17352,2.0349792444999427e+17,213.18618774414062,0.8775777584761237,0.0,0.0,168.98121643066406,0.03832215659715337,0.12890948268385852,0.0,0.0,0.17608482189287508,0.0,0.0,0.2685402599952254,0.0,0.0,0.17608482189287508,0.0,0.0,2174654.2046287498,-0.0026328410279523595,238733292669.84543,2.9732255810266395e-05,2.021926918134987e+17,0.0064553897808508065
golovin_fixed10_high_resolution_screen_v2_N008192_dt0p1_m006,golovin,golovin_fixed10_high_resolution_screen_v2,controlled,16,6,not_applicable,12565268948356273084,8192,0.1,300.0,3600.0,1200.0000476837158,8192,1.4000111852162094,0.9982363491159294,3.59742524658202e-09,1400011.1852162094,238740390485.41302,4.992392167174827e+17,276.869873046875,0.9230202399834426,0.0,0.0,230.58457946777344,0.03745140717747321,0.12497818413081123,0.0,0.0,0.16481331599802904,0.0,0.0,0.23507571434366525,0.0,0.0,0.16481331599802904,0.0,0.0,1386618.2972187817,0.009658669602363279,238733292669.84543,2.9731150976930465e-05,4.97315526712769e+17,0.0038681478887843124
golovin_fixed10_high_resolution_screen_v2_N008192_dt0p1_m006,golovin,golovin_fixed10_high_resolution_screen_v2,controlled,16,6,not_applicable,12565268948356273084,8192,0.1,300.0,3600.0,1500.0,8192,0.8856281349643945,0.9982363464485691,9.253522392782543e-10,885628.1349643945,238740389847.4813,1.2343504990212805e+18,414.1925354003906,0.9534404270789983,0.0,0.0,315.0235595703125,0.0371592666951188,0.13368534380031816,0.0,0.0,0.17694856146374452,0.0,0.0,0.2583875041503121,0.0,0.0,0.17694856146374452,0.0,0.0,884145.4617925527,0.0016769561524816456,238733292669.84543,2.9728478824653237e-05,1.2232026906685448e+18,0.009113623145026617
golovin_fixed10_high_resolution_screen_v2_N008192_dt0p1_m006,golovin,golovin_fixed10_high_resolution_screen_v2,controlled,16,6,not_applicable,12565268948356273084,8192,0.1,300.0,3600.0,1799.9999523162842,8192,0.5636660839177493,0.9982363490358565,3.5172107448744327e-09,563666.0839177493,238740390466.26257,3.018924682212457e+18,553.9102172851562,0.9710696817670219,0.0,0.0,420.37640380859375,0.03211779159252179,0.12134022750260819,0.0,0.0,0.1665958475540803,0.0,0.0,0.2651440117529319,0.0,0.0,0.1665958475540803,0.0,0.0,563755.1438462138,-0.00015797625872970844,238733292669.84543,2.9731070759986267e-05,3.0086026719268946e+18,0.0034308319878448845
golovin_fixed10_high_resolution_screen_v2_N008192_dt0p1_m006,golovin,golovin_fixed10_high_resolution_screen_v2,controlled,16,6,not_applicable,12565268948356273084,8192,0.1,300.0,3600.0,2099.9999046325684,8192,0.3557824888627288,0.9982363491212045,3.602709686134631e-09,355782.48886272876,238740390486.6746,8.04240665035621e+18,796.2847900390625,0.9820798866194634,0.0,0.0,614.0758056640625,0.03919538432479887,0.12708975690003352,0.0,0.0,0.19804727791394774,0.0,0.0,0.2742861586954865,0.0,0.0,0.19804727791394774,0.0,0.0,359465.58111456485,-0.010246021998590926,238733292669.84543,2.9731156261370018e-05,7.39999192822117e+18,0.08681289498236855
golovin_fixed10_high_resolution_screen_v2_N008192_dt0p1_m006,golovin,golovin_fixed10_high_resolution_screen_v2,controlled,16,6,not_applicable,12565268948356273084,8192,0.1,300.0,3600.0,2400.0000953674316,8192,0.22715221896355484,0.9982363491802666,3.6618761356521645e-09,227152.21896355483,238740390500.8,2.0036336375497007e+19,1053.21142578125,0.9886217155130683,0.0037629600690471314,0.0037629600690471314,848.9512939453125,0.044432157934970476,0.1544469262657447,0.0,0.0,0.20091285974566347,0.0,0.0,0.2600050928775322,0.0,0.0,0.20091285974566347,0.0,0.0,229204.92913507385,-0.008955785459174526,238733292669.84543,2.9731215429595892e-05,1.8201113831406539e+19,0.1008302327588182
golovin_fixed10_high_resolution_screen_v2_N008192_dt0p1_m006,golovin,golovin_fixed10_high_resolution_screen_v2,controlled,16,6,not_applicable,12565268948356273084,8192,0.1,300.0,3600.0,2700.000047683716,8192,0.14489001925591505,0.9982363476858516,2.1648207670921238e-09,144890.01925591505,238740390143.39243,4.680081940082953e+19,1290.007568359375,0.9927593865543345,0.02740652251598616,0.02740652251598616,1107.920654296875,0.04024211617807633,0.14051601132327998,0.0,0.0,0.20374814378125752,0.0,0.0,0.3063984903810877,0.0,0.0,0.20374814378125752,0.0,0.0,146147.28387886327,-0.00860272315420052,238733292669.84543,2.9729718329596366e-05,4.476765798748041e+19,0.04541585387195601
golovin_fixed10_high_resolution_screen_v2_N008192_dt0p1_m006,golovin,golovin_fixed10_high_resolution_screen_v2,controlled,16,6,not_applicable,12565268948356273084,8192,0.1,300.0,3600.0,3000.0,8192,0.0927681308086448,0.9982363469608173,1.4385055369103839e-09,92768.1308086448,238740389969.9916,1.1606808158803934e+20,1650.923583984375,0.99539402969816,0.14626447205440654,0.14626447205440654,1495.1688232421875,0.06301573931638314,0.16101514976904172,0.0,0.0,0.2270917174429132,0.0,0.0,0.3132770633237013,0.0,0.0,0.2270917174429132,0.0,0.0,93187.47491936282,-0.004500005082022973,238733292669.84543,2.9728991992827858e-05,1.1011101959187887e+20,0.054100507090389494
golovin_fixed10_high_resolution_screen_v2_N008192_dt0p1_m006,golovin,golovin_fixed10_high_resolution_screen_v2,controlled,16,6,not_applicable,12565268948356273084,8192,0.1,300.0,3600.0,3299.999952316284,8192,0.05933320203800411,0.9982363475729509,2.0517205712167197e-09,59333.20203800411,238740390116.39087,2.6533503460761112e+20,2225.117431640625,0.9970476632416583,0.3235593461793247,0.3235593461793247,1948.3603515625,0.060424340030077676,0.19010571566526918,0.0,0.0,0.28139659429158703,0.0,0.0,0.36202434106361836,0.0,0.0,0.28139659429158703,0.0,0.0,59418.863295774216,-0.0014416509003833955,238733292669.84543,2.9729605226291866e-05,2.7083026409274727e+20,-0.020290308040516014
golovin_fixed10_high_resolution_screen_v2_N008192_dt0p1_m006,golovin,golovin_fixed10_high_resolution_screen_v2,controlled,16,6,not_applicable,12565268948356273084,8192,0.1,300.0,3600.0,3599.9999046325684,8192,0.03784440089452744,0.9982363468242806,1.301727614588799e-09,37844.40089452744,238740389937.33722,6.33257643050254e+20,2801.189697265625,0.998115402688025,0.5296853584836366,0.5296853584836366,2722.11279296875,0.0930546879561339,0.21802737341951817,0.0,0.0,0.2779758021825218,0.0,0.0,0.3763310557442328,0.0,0.0,0.2779758021825218,0.0,0.0,37887.079979546696,-0.0011264812448543715,238733292669.84543,2.9728855210908733e-05,6.661370698447075e+20,-0.04935835022980872
golovin_fixed10_high_resolution_screen_v2_N008192_dt0p1_m007,golovin,golovin_fixed10_high_resolution_screen_v2,controlled,17,7,not_applicable,18080831571384412884,8192,0.1,300.0,3600.0,0.0,8192,8.388608,0.9982363455248487,0.0,8388608.0,238740389626.5623,1.3588185952531384e+16,74.98017120361328,0.34305567999300346,0.0,0.0,57.36815643310547,0.08105693998238436,0.007129152189405098,0.0,0.0,0.013490960478452555,0.0,0.0,0.016663818807210712,0.0,0.0,0.013490960478452555,0.0,0.0,8388608.0,0.0,238733292669.84543,2.9727553444658383e-05,1.3588329560514944e+16,-1.0568479585360002e-05
golovin_fixed10_high_resolution_screen_v2_N008192_dt0p1_m007,golovin,golovin_fixed10_high_resolution_screen_v2,controlled,17,7,not_applicable,18080831571384412884,8192,0.1,300.0,3600.0,300.00001192092896,8192,5.421068914525443,0.9982363448553956,-6.706358801622514e-10,5421068.914525443,238740389466.4544,3.3543162745860064e+16,116.9161148071289,0.6209071517990894,0.0,0.0,86.65965270996094,0.07123280817914558,0.13191772368504007,0.0,0.0,0.16834170428926665,0.0,0.0,0.2337989920699918,0.0,0.0,0.16834170428926665,0.0,0.0,5348803.665523084,0.013510544323801055,238733292669.84543,2.9726882788683184e-05,3.3422009487832736e+16,0.003624954330511798
golovin_fixed10_high_resolution_screen_v2_N008192_dt0p1_m007,golovin,golovin_fixed10_high_resolution_screen_v2,controlled,17,7,not_applicable,18080831571384412884,8192,0.1,300.0,3600.0,600.0000238418579,8192,3.443439529748544,0.9982363467274766,1.2047527420122606e-09,3443439.5297485436,238740389914.1854,8.131388064541062e+16,150.7996368408203,0.7840131712414894,0.0,0.0,121.11174011230469,0.044585454969594845,0.12227128606202277,0.0,0.0,0.16568723716280304,0.0,0.0,0.2340495667424219,0.0,0.0,0.16568723716280304,0.0,0.0,3410542.089022777,0.009645809923193971,238733292669.84543,2.9728758233149577e-05,8.220515356432454e+16,-0.010842056492437635
golovin_fixed10_high_resolution_screen_v2_N008192_dt0p1_m007,golovin,golovin_fixed10_high_resolution_screen_v2,controlled,17,7,not_applicable,18080831571384412884,8192,0.1,300.0,3600.0,899.9999761581421,8192,2.1913873449256944,0.998236349672052,4.15453049740222e-09,2191387.3449256946,238740390618.41647,1.9715483096328707e+17,219.184326171875,0.874112414902958,0.0,0.0,164.84339904785156,0.03735264350788653,0.13659659185854786,0.0,0.0,0.18530340741182746,0.0,0.0,0.2644402868985307,0.0,0.0,0.18530340741182746,0.0,0.0,2174654.2046287498,0.007694621177623651,238733292669.84543,2.973170809839054e-05,2.021926918134987e+17,-0.02491613720073771
golovin_fixed10_high_resolution_screen_v2_N008192_dt0p1_m007,golovin,golovin_fixed10_high_resolution_screen_v2,controlled,17,7,not_applicable,18080831571384412884,8192,0.1,300.0,3600.0,1200.0000476837158,8192,1.3889764158520137,0.9982363475558687,2.0346082596489623e-09,1388976.4158520137,238740390112.30548,4.774766181675964e+17,287.51153564453125,0.9241646867690168,0.0,0.0,227.4451141357422,0.03459579826708207,0.1514300518157282,0.0,0.0,0.1809291599318351,0.0,0.0,0.2720848374870469,0.0,0.0,0.1809291599318351,0.0,0.0,1386618.2972187817,0.0017006256429485944,238733292669.84543,2.972958811353621e-05,4.97315526712769e+17,-0.039891995080682086
golovin_fixed10_high_resolution_screen_v2_N008192_dt0p1_m007,golovin,golovin_fixed10_high_resolution_screen_v2,controlled,17,7,not_applicable,18080831571384412884,8192,0.1,300.0,3600.0,1500.0,8192,0.8890710358365467,0.998236346233258,7.09660774589338e-10,889071.0358365467,238740389795.98697,1.184821129031413e+18,382.9780578613281,0.952824443975274,0.0,0.0,302.39947509765625,0.034461367163174245,0.11952090966208054,0.0,0.0,0.15642168380504928,0.0,0.0,0.24488825107636694,0.0,0.0,0.15642168380504928,0.0,0.0,884145.4617925527,0.005570999633937701,238733292669.84543,2.972826312652721e-05,1.2232026906685448e+18,-0.031377924468228735
golovin_fixed10_high_resolution_screen_v2_N008192_dt0p1_m007,golovin,golovin_fixed10_high_resolution_screen_v2,controlled,17,7,not_applicable,18080831571384412884,8192,0.1,300.0,3600.0,1799.9999523162842,8192,0.5669508564175217,0.9982363487124927,3.1932758659536375e-09,566950.8564175217,238740390388.92618,3.042870718088692e+18,521.6283569335938,0.9705488507866085,0.0,0.0,436.66876220703125,0.04447274735803858,0.14722637199424035,0.0,0.0,0.20311054822956587,0.0,0.0,0.26525305607214816,0.0,0.0,0.20311054822956587,0.0,0.0,563755.1438462138,0.005668618027154793,238733292669.84543,2.9730746815337383e-05,3.0086026719268946e+18,0.01139002051734872
golovin_fixed10_high_resolution_screen_v2_N008192_dt0p1_m007,golovin,golovin_fixed10_high_resolution_screen_v2,controlled,17,7,not_applicable,18080831571384412884,8192,0.1,300.0,3600.0,2099.9999046325684,8192,0.35869164060717185,0.9982363489055374,3.386661617810205e-09,358691.64060717187,238740390435.09518,7.682312670646751e+18,698.334228515625,0.9815883040357004,0.0,0.0,584.2889404296875,0.0506042179434424,0.14282531130670859,0.0,0.0,0.20038199728840964,0.0,0.0,0.26976665840767367,0.0,0.0,0.20038199728840964,0.0,0.0,359465.58111456485,-0.0021530309104790257,238733292669.84543,2.97309402068624e-05,7.39999192822117e+18,0.03815149329405365
golovin_fixed10_high_resolution_screen_v2_N008192_dt0p1_m007,golovin,golovin_fixed10_high_resolution_screen_v2,controlled,17,7,not_applicable,18080831571384412884,8192,0.1,300.0,3600.0,2400.0000953674316,8192,0.2297493960821148,0.9982363485017037,2.982114333249797e-09,229749.3960821148,238740390338.51343,1.8484192235295437e+19,893.3555297851562,0.9882186023482874,0.0,0.0,753.6339111328125,0.04683689545253696,0.1404964221115879,0.0,0.0,0.21104550198836983,0.0,0.0,0.28650976074107315,0.0,0.0,0.21104550198836983,0.0,0.0,229204.92913507385,0.002375459153935111,238733292669.84543,2.973053564758743e-05,1.8201113831406539e+19,0.015552806631011773
golovin_fixed10_high_resolution_screen_v2_N008192_dt0p1_m007,golovin,golovin_fixed10_high_resolution_screen_v2,controlled,17,7,not_applicable,18080831571384412884,8192,0.1,300.0,3600.0,2700.000047683716,8192,0.1463316883982903,0.9982363481820502,2.6618960369262368e-09,146331.6883982903,238740390262.06436,4.5379331308897714e+19,1230.68017578125,0.9925135220261847,0.023717866864822343,0.023717866864822343,1035.9283447265625,0.029129481685838773,0.12679491571795198,0.0,0.0,0.19856181242006476,0.0,0.0,0.2685424216426617,0.0,0.0,0.19856181242006476,0.0,0.0,146147.28387886327,0.0012617717861926891,238733292669.84543,2.973021541974319e-05,4.476765798748041e+19,0.013663286151541776
golovin_fixed10_high_resolution_screen_v2_N008192_dt0p1_m007,golovin,golovin_fixed10_high_resolution_screen_v2,controlled,17,7,not_applicable,18080831571384412884,8192,0.1,300.0,3600.0,3000.0,8192,0.09326135789959711,0.9982363488651805,3.3462332904576897e-09,93261.3578995971,238740390425.44336,1.1193668521798341e+20,1572.80126953125,0.9952848841419161,0.14328240487619112,0.14328240487619112,1415.9326171875,0.04553106547965658,0.15875984595061762,0.0,0.0,0.2297103695890362,0.0,0.0,0.3349196792074234,0.0,0.0,0.2297103695890362,0.0,0.0,93187.47491936282,0.0007928423889391745,238733292669.84543,2.973089977764687e-05,1.1011101959187887e+20,0.016580226328584358
golovin_fixed10_high_resolution_screen_v2_N008192_dt0p1_m007,golovin,golovin_fixed10_high_resolution_screen_v2,controlled,17,7,not_applicable,18080831571384412884,8192,0.1,300.0,3600.0,3299.999952316284,8192,0.05924179175215,0.9982363478148027,2.293999878943964e-09,59241.79175215,238740390174.2327,2.647528825589252e+20,2114.878173828125,0.9970077150283926,0.3453896624921811,0.3453896624921811,1883.56982421875,0.03573656136164597,0.16597939695709332,0.0,0.0,0.2189719232817104,0.0,0.0,0.315605702107854,0.0,0.0,0.2189719232817104,0.0,0.0,59418.863295774216,-0.002980056059685876,238733292669.84543,2.972984751270502e-05,2.7083026409274727e+20,-0.022439816887454
golovin_fixed10_high_resolution_screen_v2_N008192_dt0p1_m007,golovin,golovin_fixed10_high_resolution_screen_v2,controlled,17,7,not_applicable,18080831571384412884,8192,0.1,300.0,3600.0,3599.9999046325684,8192,0.037764870391936226,0.99823635091603,5.40070632659706e-09,37764.87039193622,238740390915.92896,6.039248257645402e+20,2993.33544921875,0.9980964282403605,0.5509148918101714,0.5509148918101714,2393.924560546875,0.032364292781526714,0.21220868212809982,0.0,0.0,0.3040420771881306,0.0,0.0,0.3862186633630468,0.0,0.0,0.3040420771881306,0.0,0.0,37887.079979546696,-0.0032256269862034337,238733292669.84543,2.9732954311301185e-05,6.661370698447075e+20,-0.093392556722103
golovin_fixed10_high_resolution_screen_v2_N008192_dt0p1_m008,golovin,golovin_fixed10_high_resolution_screen_v2,controlled,18,8,not_applicable,5029447419657506861,8192,0.1,300.0,3600.0,0.0,8192,8.388608,0.9982363455248487,0.0,8388608.0,238740389626.5623,1.3588185952531384e+16,74.98017120361328,0.34305567999300346,0.0,0.0,57.36815643310547,0.08115518691080273,0.007129152189405098,0.0,0.0,0.013490960478452555,0.0,0.0,0.016663818807210712,0.0,0.0,0.013490960478452555,0.0,0.0,8388608.0,0.0,238733292669.84543,2.9727553444658383e-05,1.3588329560514944e+16,-1.0568479585360002e-05
golovin_fixed10_high_resolution_screen_v2_N008192_dt0p1_m008,golovin,golovin_fixed10_high_resolution_screen_v2,controlled,18,8,not_applicable,5029447419657506861,8192,0.1,300.0,3600.0,300.00001192092896,8192,5.334269616383,0.9982363452857038,-2.395674769672951e-10,5334269.616382999,238740389569.36786,3.4061108058224204e+16,116.07951354980469,0.6385356718874617,0.0,0.0,86.7705307006836,0.0632448204284413,0.1120353764485006,0.0,0.0,0.1666701043371355,0.0,0.0,0.24096659976279167,0.0,0.0,0.1666701043371355,0.0,0.0,5348803.665523084,-0.0027172523145253535,238733292669.84543,2.972731387007599e-05,3.3422009487832736e+16,0.019122086917727987
golovin_fixed10_high_resolution_screen_v2_N008192_dt0p1_m008,golovin,golovin_fixed10_high_resolution_screen_v2,controlled,18,8,not_applicable,5029447419657506861,8192,0.1,300.0,3600.0,600.0000238418579,8192,3.395728508966607,0.9982363482255368,2.7054594120556885e-09,3395728.508966607,238740390272.46472,8.23243706575669e+16,166.5548095703125,0.7945699940299245,0.0,0.0,121.2431869506836,0.03951858556432773,0.13041455111103195,0.0,0.0,0.18658552841509587,0.0,0.0,0.26073992128650897,0.0,0.0,0.18658552841509587,0.0,0.0,3410542.089022777,-0.004343467891467778,238733292669.84543,2.9730258984450586e-05,8.220515356432454e+16,0.0014502386781514165
golovin_fixed10_high_resolution_screen_v2_N008192_dt0p1_m008,golovin,golovin_fixed10_high_resolution_screen_v2,controlled,18,8,not_applicable,5029447419657506861,8192,0.1,300.0,3600.0,899.9999761581421,8192,2.166637856361765,0.9982363453103559,-2.1487178702983556e-10,2166637.8563617654,238740389575.2637,1.9860737601643085e+17,204.96261596679688,0.8794350563513652,0.0,0.0,171.812744140625,0.03102358803316687,0.1285865530087928,0.0,0.0,0.17430507269691822,0.0,0.0,0.2222072737428935,0.0,0.0,0.17430507269691822,0.0,0.0,2174654.2046287498,-0.003686263429800274,238733292669.84543,2.9727338566321038e-05,2.021926918134987e+17,-0.01773217303212382
golovin_fixed10_high_resolution_screen_v2_N008192_dt0p1_m008,golovin,golovin_fixed10_high_resolution_screen_v2,controlled,18,8,not_applicable,5029447419657506861,8192,0.1,300.0,3600.0,1200.0000476837158,8192,1.3813174496564102,0.9982363478534371,2.332702475627002e-09,1381317.4496564101,238740390183.47253,4.728051491686736e+17,265.61920166015625,0.9265365420333141,0.0,0.0,228.111328125,0.031299615906719806,0.11752068795668046,0.0,0.0,0.19137284732348664,0.0,0.0,0.25524569031354755,0.0,0.0,0.19137284732348664,0.0,0.0,1386618.2972187817,-0.003822859955767033,238733292669.84543,2.9729886216189882e-05,4.97315526712769e+17,-0.0492853655829083
golovin_fixed10_high_resolution_screen_v2_N008192_dt0p1_m008,golovin,golovin_fixed10_high_resolution_screen_v2,controlled,18,8,not_applicable,5029447419657506861,8192,0.1,300.0,3600.0,1500.0,8192,0.8768802829714227,0.9982363446918547,-8.344657187464577e-10,876880.2829714228,238740389427.3416,1.1953516444874857e+18,424.0422058105469,0.9544533297375438,0.0,0.0,323.694091796875,0.04328600882051732,0.1308313427616326,0.0,0.0,0.1877002151844699,0.0,0.0,0.27048679465731207,0.0,0.0,0.1877002151844699,0.0,0.0,884145.4617925527,-0.008217175945686828,238733292669.84543,2.9726718954181663e-05,1.2232026906685448e+18,-0.022768954314380196
golovin_fixed10_high_resolution_screen_v2_N008192_dt0p1_m008,golovin,golovin_fixed10_high_resolution_screen_v2,controlled,18,8,not_applicable,5029447419657506861,8192,0.1,300.0,3600.0,1799.9999523162842,8192,0.5559161553246534,0.9982363456057061,8.100009551981202e-11,555916.1553246535,238740389645.90027,2.8708928263217464e+18,541.209716796875,0.9716926361257857,0.0,0.0,457.3947448730469,0.053114493114680424,0.11944853109469138,0.0,0.0,0.1843847545952348,0.0,0.0,0.26194444036430314,0.0,0.0,0.1843847545952348,0.0,0.0,563755.1438462138,-0.013904952543898563,238733292669.84543,2.9727634447196394e-05,3.0086026719268946e+18,-0.04577202795507396
golovin_fixed10_high_resolution_screen_v2_N008192_dt0p1_m008,golovin,golovin_fixed10_high_resolution_screen_v2,controlled,18,8,not_applicable,5029447419657506861,8192,0.1,300.0,3600.0,2099.9999046325684,8192,0.3532813263904932,0.9982363445578489,-9.68708224746706e-10,353281.3263904932,238740389395.29248,7.348262460796575e+18,749.984375,0.9821437562106125,0.0,0.0,598.1138305664062,0.07168746961263639,0.18398337704121875,0.0,0.0,0.20859687230283988,0.0,0.0,0.2798020340681649,0.0,0.0,0.20859687230283988,0.0,0.0,359465.58111456485,-0.017204024665996243,238733292669.84543,2.9726584707567838e-05,7.39999192822117e+18,-0.006990476195969264
golovin_fixed10_high_resolution_screen_v2_N008192_dt0p1_m008,golovin,golovin_fixed10_high_resolution_screen_v2,controlled,18,8,not_applicable,5029447419657506861,8192,0.1,300.0,3600.0,2400.0000953674316,8192,0.22539204493148662,0.9982363483192028,2.7992910212049082e-09,225392.04493148663,238740390294.86612,1.8335474944050586e+19,927.8145751953125,0.9888201806322539,0.0,0.0,822.6880493164062,0.06802420432094658,0.1452715309909512,0.0,0.0,0.21560222791918218,0.0,0.0,0.295004152685313,0.0,0.0,0.21560222791918218,0.0,0.0,229204.92913507385,-0.016635262679452367,238733292669.84543,2.9730352818946315e-05,1.8201113831406539e+19,0.007382026940142783
golovin_fixed10_high_resolution_screen_v2_N008192_dt0p1_m008,golovin,golovin_fixed10_high_resolution_screen_v2,controlled,18,8,not_applicable,5029447419657506861,8192,0.1,300.0,3600.0,2700.000047683716,8192,0.1434637694958643,0.9982363449236408,-6.022701226626737e-10,143463.7694958643,238740389482.77603,4.4948336133741986e+19,1254.0291748046875,0.9929749544761753,0.021404219616606265,0.021404219616606265,1084.10888671875,0.07159483712072802,0.14832609571900673,0.0,0.0,0.21870042110317744,0.0,0.0,0.31104425019276527,0.0,0.0,0.21870042110317744,0.0,0.0,146147.28387886327,-0.018361712320450918,238733292669.84543,2.9726951156439085e-05,4.476765798748041e+19,0.00403590793854125
golovin_fixed10_high_resolution_screen_v2_N008192_dt0p1_m008,golovin,golovin_fixed10_high_resolution_screen_v2,controlled,18,8,not_applicable,5029447419657506861,8192,0.1,300.0,3600.0,3000.0,8192,0.09123662189290516,0.9982363487343041,3.2151257212120754e-09,91236.62189290515,238740390394.14264,1.0615850011492627e+20,1612.622314453125,0.9955727037163494,0.13216432836519076,0.13216432836519076,1416.221435546875,0.049038210036124595,0.16557757675812781,0.0,0.0,0.2063614848234871,0.0,0.0,0.3113110882332145,0.0,0.0,0.2063614848234871,0.0,0.0,93187.47491936282,-0.020934712826437107,238733292669.84543,2.9730768665858776e-05,1.1011101959187887e+20,-0.03589576675978856
golovin_fixed10_high_resolution_screen_v2_N008192_dt0p1_m008,golovin,golovin_fixed10_high_resolution_screen_v2,controlled,18,8,not_applicable,5029447419657506861,8192,0.1,300.0,3600.0,3299.999952316284,8192,0.05817987141976771,0.9982363459641863,4.4011372324348486e-10,58179.87141976771,238740389731.63516,2.553042901565164e+20,2022.6865234375,0.9971880458711293,0.34626721171027547,0.34626721171027547,1833.1536865234375,0.036106656918079384,0.15921342056301707,0.0,0.0,0.23383434380345317,0.0,0.0,0.34090641962322166,0.0,0.0,0.23383434380345317,0.0,0.0,59418.863295774216,-0.020851827303377868,238733292669.84543,2.9727993571260214e-05,2.7083026409274727e+20,-0.05732732266182006
golovin_fixed10_high_resolution_screen_v2_N008192_dt0p1_m008,golovin,golovin_fixed10_high_resolution_screen_v2,controlled,18,8,not_applicable,5029447419657506861,8192,0.1,300.0,3600.0,3599.9999046325684,8192,0.03706203809462193,0.9982363454344949,-9.051348559552252e-11,37062.03809462193,238740389604.95306,7.020179378056161e+20,2971.94873046875,0.9982032235957843,0.5474529142576269,0.5474529142576269,2851.434326171875,0.06293394459925872,0.19554337881792752,0.0,0.0,0.2821472883116783,0.0,0.0,0.3907671168171123,0.0,0.0,0.2821472883116783,0.0,0.0,37887.079979546696,-0.02177633867192097,238733292669.84543,2.972746292839723e-05,6.661370698447075e+20,0.05386409131873293
golovin_fixed10_high_resolution_screen_v2_N008192_dt0p1_m009,golovin,golovin_fixed10_high_resolution_screen_v2,controlled,19,9,not_applicable,14108026864327171133,8192,0.1,300.0,3600.0,0.0,8192,8.388608,0.9982363455248487,0.0,8388608.0,238740389626.5623,1.3588185952531384e+16,74.98017120361328,0.34305567999300346,0.0,0.0,57.36815643310547,0.08119275888069921,0.007129152189405098,0.0,0.0,0.013490960478452555,0.0,0.0,0.016663818807210712,0.0,0.0,0.013490960478452555,0.0,0.0,8388608.0,0.0,238733292669.84543,2.9727553444658383e-05,1.3588329560514944e+16,-1.0568479585360002e-05
golovin_fixed10_high_resolution_screen_v2_N008192_dt0p1_m009,golovin,golovin_fixed10_high_resolution_screen_v2,controlled,19,9,not_applicable,14108026864327171133,8192,0.1,300.0,3600.0,300.00001192092896,8192,5.457667828520843,0.9982363479688328,2.4483020055754423e-09,5457667.828520843,238740390211.07083,3.2602181162583892e+16,117.25703430175781,0.6183797606473254,0.0,0.0,85.34733581542969,0.06092443138413829,0.11502296326591477,0.0,0.0,0.16414361457044768,0.0,0.0,0.23732366910201888,0.0,0.0,0.16414361457044768,0.0,0.0,5348803.665523084,0.02035299289436754,238733292669.84543,2.9730001819272545e-05,3.3422009487832736e+16,-0.024529594055297643
golovin_fixed10_high_resolution_screen_v2_N008192_dt0p1_m009,golovin,golovin_fixed10_high_resolution_screen_v2,controlled,19,9,not_applicable,14108026864327171133,8192,0.1,300.0,3600.0,600.0000238418579,8192,3.476386842776314,0.9982363505882758,5.072372966097305e-09,3476386.842776314,238740390837.54254,8.156867169793494e+16,159.52549743652344,0.782664840302824,0.0,0.0,122.19202423095703,0.05736796820393552,0.12262279518567484,0.0,0.0,0.1735685319468324,0.0,0.0,0.24817269423254049,0.0,0.0,0.1735685319468324,0.0,0.0,3410542.089022777,0.019306242830271936,238733292669.84543,2.9732625968170723e-05,8.220515356432454e+16,-0.007742602973079493
golovin_fixed10_high_resolution_screen_v2_N008192_dt0p1_m009,golovin,golovin_fixed10_high_resolution_screen_v2,controlled,19,9,not_applicable,14108026864327171133,8192,0.1,300.0,3600.0,899.9999761581421,8192,2.232850693029967,0.9982363492109475,3.6926113278212824e-09,2232850.693029967,238740390508.13773,1.9890019934886995e+17,233.97377014160156,0.8698683743068631,0.0,0.0,165.96856689453125,0.04337577256072545,0.11492662184873767,0.0,0.0,0.16728529505615145,0.0,0.0,0.24579985393230683,0.0,0.0,0.16728529505615145,0.0,0.0,2174654.2046287498,0.026761260837399492,238733292669.84543,2.973124616567624e-05,2.021926918134987e+17,-0.016283934078417217
golovin_fixed10_high_resolution_screen_v2_N008192_dt0p1_m009,golovin,golovin_fixed10_high_resolution_screen_v2,controlled,19,9,not_applicable,14108026864327171133,8192,0.1,300.0,3600.0,1200.0000476837158,8192,1.4237793416087778,0.9982363484659975,2.9463451678424235e-09,1423779.3416087779,238740390329.97385,5.0466824272749325e+17,282.22149658203125,0.9217448160165086,0.0,0.0,249.7340087890625,0.03156001169567903,0.11298018209013443,0.0,0.0,0.16294544761059188,0.0,0.0,0.24439872979665067,0.0,0.0,0.16294544761059188,0.0,0.0,1386618.2972187817,0.026799764913337798,238733292669.84543,2.97304998773118e-05,4.97315526712769e+17,0.014784810889226119
golovin_fixed10_high_resolution_screen_v2_N008192_dt0p1_m009,golovin,golovin_fixed10_high_resolution_screen_v2,controlled,19,9,not_applicable,14108026864327171133,8192,0.1,300.0,3600.0,1500.0,8192,0.909570473599626,0.9982363470963025,1.5742300796262043e-09,909570.473599626,238740390002.39456,1.265486804569236e+18,385.3388977050781,0.950561596992127,0.0,0.0,336.77593994140625,0.038875906618619095,0.1297778464267489,0.0,0.0,0.18421029067072553,0.0,0.0,0.25759269770502724,0.0,0.0,0.18421029067072553,0.0,0.0,884145.4617925527,0.028756593689375,238733292669.84543,2.9729127721367377e-05,1.2232026906685448e+18,0.034568362400822394
golovin_fixed10_high_resolution_screen_v2_N008192_dt0p1_m009,golovin,golovin_fixed10_high_resolution_screen_v2,controlled,19,9,not_applicable,14108026864327171133,8192,0.1,300.0,3600.0,1799.9999523162842,8192,0.5761791782501104,0.9982363445391973,-9.873928341619376e-10,576179.1782501105,238740389390.8317,3.013064757119135e+18,513.77490234375,0.9699395185828945,0.0,0.0,435.58203125,0.03959336352635796,0.1183273680235909,0.0,0.0,0.1788363990410639,0.0,0.0,0.24666498928073205,0.0,0.0,0.1788363990410639,0.0,0.0,563755.1438462138,0.022037997416988198,238733292669.84543,2.972656602229229e-05,3.0086026719268946e+18,0.0014831088311779705
golovin_fixed10_high_resolution_screen_v2_N008192_dt0p1_m009,golovin,golovin_fixed10_high_resolution_screen_v2,controlled,19,9,not_applicable,14108026864327171133,8192,0.1,300.0,3600.0,2099.9999046325684,8192,0.3660106927601409,0.9982363468693921,1.3469187987169562e-09,366010.6927601409,238740389948.1262,7.504152837255246e+18,695.2178955078125,0.9812966262970966,0.0,0.0,582.2317504882812,0.061068004475117496,0.137258467472804,0.0,0.0,0.20290695149979832,0.0,0.0,0.27771523875897614,0.0,0.0,0.20290695149979832,0.0,0.0,359465.58111456485,0.018207895246276973,238733292669.84543,2.972890040342513e-05,7.39999192822117e+18,0.014075813871747611
golovin_fixed10_high_resolution_screen_v2_N008192_dt0p1_m009,golovin,golovin_fixed10_high_resolution_screen_v2,controlled,19,9,not_applicable,14108026864327171133,8192,0.1,300.0,3600.0,2400.0000953674316,8192,0.23222435832364605,0.9982363481335408,2.613300909004579e-09,232224.35832364604,238740390250.46277,1.9597025483606536e+19,1037.9185791015625,0.9881060682927448,0.0015075213126387772,0.0015075213126387772,806.3787231445312,0.05501489452644286,0.12020435553198369,0.0,0.0,0.19154070292171155,0.0,0.0,0.2677088745943767,0.0,0.0,0.19154070292171155,0.0,0.0,229204.92913507385,0.013173491512448177,238733292669.84543,2.9730166823283e-05,1.8201113831406539e+19,0.07669374880735669
golovin_fixed10_high_resolution_screen_v2_N008192_dt0p1_m009,golovin,golovin_fixed10_high_resolution_screen_v2,controlled,19,9,not_applicable,14108026864327171133,8192,0.1,300.0,3600.0,2700.000047683716,8192,0.14790229539587793,0.9982363487781231,3.2590221632489147e-09,147902.29539587794,238740390404.6225,5.105483212066463e+19,1401.01611328125,0.9923639849898046,0.035299695688362095,0.035299695688362095,1071.2723388671875,0.08369497711661039,0.1631743336272414,0.0,0.0,0.2277414804793977,0.0,0.0,0.2985904176447772,0.0,0.0,0.2277414804793977,0.0,0.0,146147.28387886327,0.012008512717002207,238733292669.84543,2.973081256363308e-05,4.476765798748041e+19,0.14044009483235564
golovin_fixed10_high_resolution_screen_v2_N008192_dt0p1_m009,golovin,golovin_fixed10_high_resolution_screen_v2,controlled,19,9,not_applicable,14108026864327171133,8192,0.1,300.0,3600.0,3000.0,8192,0.09444508764038843,0.9982363441499454,-1.3773324702981427e-09,94445.08764038843,238740389297.73737,1.2473687357950496e+20,1842.400146484375,0.9951594849312777,0.16671337504427444,0.16671337504427444,1534.88720703125,0.07305557402897118,0.14900260693478756,0.0,0.0,0.21056031471922668,0.0,0.0,0.3273373630405412,0.0,0.0,0.21056031471922668,0.0,0.0,93187.47491936282,0.013495512375604646,238733292669.84543,2.9726176071109833e-05,1.1011101959187887e+20,0.13282824954156358
golovin_fixed10_high_resolution_screen_v2_N008192_dt0p1_m009,golovin,golovin_fixed10_high_resolution_screen_v2,controlled,19,9,not_applicable,14108026864327171133,8192,0.1,300.0,3600.0,3299.999952316284,8192,0.06005309053546835,0.9982363479997518,2.4792756736502497e-09,60053.09053546835,238740390218.4655,3.062020707461403e+20,2163.33447265625,0.9969394455517606,0.37953533160551245,0.37953533160551245,1994.375732421875,0.08904044096648034,0.17847150553448896,0.0,0.0,0.264922392425712,0.0,0.0,0.3381656114323476,0.0,0.0,0.264922392425712,0.0,0.0,59418.863295774216,0.01067383663226762,238733292669.84543,2.9730032794050842e-05,2.7083026409274727e+20,0.13060507388967357
golovin_fixed10_high_resolution_screen_v2_N008192_dt0p1_m009,golovin,golovin_fixed10_high_resolution_screen_v2,controlled,19,9,not_applicable,14108026864327171133,8192,0.1,300.0,3600.0,3599.9999046325684,8192,0.03831362966478345,0.9982363498191004,4.30183866306777e-09,38313.62966478345,238740390653.58487,7.451657514271993e+20,2847.85205078125,0.9980484590322717,0.5661479058343393,0.5661479058343393,2708.02978515625,0.07836237022607431,0.20381474060404536,0.0,0.0,0.2948363121671781,0.0,0.0,0.3855897914812451,0.0,0.0,0.2948363121671781,0.0,0.0,37887.079979546696,0.011258447087160839,238733292669.84543,2.97318554109971e-05,6.661370698447075e+20,0.11863726725329249
golovin_fixed10_high_resolution_screen_v2_N016384_dt0p1_m000,golovin,golovin_fixed10_high_resolution_screen_v2,controlled,20,0,not_applicable,5307406523476911772,16384,0.1,300.0,3600.0,0.0,16384,8.388608,0.9982363474162836,0.0,8388608.0,238740390078.92203,1.3588188114267852e+16,74.99010467529297,0.3426337917221375,0.0,0.0,57.375732421875,0.06291202833052614,0.0033285650941950098,0.0,0.0,0.007120967653698126,0.0,0.0,0.01348464728023573,0.0,0.0,0.007120967653698126,0.0,0.0,8388608.0,0.0,238733292669.84543,2.972944827761559e-05,1.3588329560514944e+16,-1.0409391858035022e-05
golovin_fixed10_high_resolution_screen_v2_N016384_dt0p1_m000,golovin,golovin_fixed10_high_resolution_screen_v2,controlled,20,0,not_applicable,5307406523476911772,16384,0.1,300.0,3600.0,300.00001192092896,16384,5.417531182266882,0.9982363477915016,3.758808819753767e-10,5417531.182266882,238740390168.65994,3.1946803591505652e+16,111.54059600830078,0.6294703592534797,0.0,0.0,84.9094009399414,0.02553844220415016,0.0881638217062684,0.0,0.0,0.11694676431138877,0.0,0.0,0.15245979744568947,0.0,0.0,0.11694676431138877,0.0,0.0,5348803.665523084,0.012849138058066423,238733292669.84543,2.9729824169599794e-05,3.3422009487832736e+16,-0.04413875523744715
golovin_fixed10_high_resolution_screen_v2_N016384_dt0p1_m000,golovin,golovin_fixed10_high_resolution_screen_v2,controlled,20,0,not_applicable,5307406523476911772,16384,0.1,300.0,3600.0,600.0000238418579,16384,3.4501444046604,0.9982363467091441,-7.083889030923274e-10,3450144.4046604,238740389909.80096,7.963636084022043e+16,165.5718231201172,0.7897674689516031,0.0,0.0,123.08136749267578,0.03561667201294149,0.10311680879249026,0.0,0.0,0.13853981362161102,0.0,0.0,0.18155011633106102,0.0,0.0,0.13853981362161102,0.0,0.0,3410542.089022777,0.011611736376187176,238733292669.84543,2.972873986761826e-05,8.220515356432454e+16,-0.031248560616020993
golovin_fixed10_high_resolution_screen_v2_N016384_dt0p1_m000,golovin,golovin_fixed10_high_resolution_screen_v2,controlled,20,0,not_applicable,5307406523476911772,16384,0.1,300.0,3600.0,899.9999761581421,16384,2.197436002077078,0.9982363458931998,-1.5257748398056492e-09,2197436.002077078,238740389714.65787,1.960686745389909e+17,206.009765625,0.8760817566623988,0.0,0.0,168.56246948242188,0.02475536739628271,0.09435064788871292,0.0,0.0,0.12633544115682308,0.0,0.0,0.17396728109499118,0.0,0.0,0.12633544115682308,0.0,0.0,2174654.2046287498,0.010476055181479982,238733292669.84543,2.972792245725664e-05,2.021926918134987e+17,-0.030288024851840456
golovin_fixed10_high_resolution_screen_v2_N016384_dt0p1_m000,golovin,golovin_fixed10_high_resolution_screen_v2,controlled,20,0,not_applicable,5307406523476911772,16384,0.1,300.0,3600.0,1200.0000476837158,16384,1.4023976376852765,0.9982363480707228,6.55595355780747e-10,1402397.6376852766,238740390235.43906,4.6542778075913926e+17,292.9032287597656,0.9241909429207774,0.0,0.0,226.52342224121094,0.030482205726583965,0.09373925745797379,0.0,0.0,0.12731993647286335,0.0,0.0,0.17588841700375304,0.0,0.0,0.12731993647286335,0.0,0.0,1386618.2972187817,0.011379729012767514,238733292669.84543,2.973010389228925e-05,4.97315526712769e+17,-0.06411974740544735
golovin_fixed10_high_resolution_screen_v2_N016384_dt0p1_m000,golovin,golovin_fixed10_high_resolution_screen_v2,controlled,20,0,not_applicable,5307406523476911772,16384,0.1,300.0,3600.0,1500.0,16384,0.90114647192826,0.9982363476472663,2.313906843909308e-10,901146.47192826,238740390134.1643,1.123119039848719e+18,368.9936218261719,0.9523192425043548,0.0,0.0,300.0987854003906,0.030520742988114784,0.10740414015469235,0.0,0.0,0.13032633212068692,0.0,0.0,0.18575598122922266,0.0,0.0,0.13032633212068692,0.0,0.0,884145.4617925527,0.019228747836627313,238733292669.84543,2.9729679675183363e-05,1.2232026906685448e+18,-0.08182098648354408
golovin_fixed10_high_resolution_screen_v2_N016384_dt0p1_m000,golovin,golovin_fixed10_high_resolution_screen_v2,controlled,20,0,not_applicable,5307406523476911772,16384,0.1,300.0,3600.0,1799.9999523162842,16384,0.573522110983572,0.9982363472364446,-1.8015677838434385e-10,573522.110983572,238740390035.9113,2.7032649094057626e+18,491.4988098144531,0.9700292734120088,0.0,0.0,418.2380676269531,0.04002343453053804,0.09923019900967923,0.0,0.0,0.14189661116625243,0.0,0.0,0.19481295119666645,0.0,0.0,0.14189661116625243,0.0,0.0,563755.1438462138,0.01732483906172999,238733292669.84543,2.9729268115508134e-05,3.0086026719268946e+18,-0.10148823085554692
golovin_fixed10_high_resolution_screen_v2_N016384_dt0p1_m000,golovin,golovin_fixed10_high_resolution_screen_v2,controlled,20,0,not_applicable,5307406523476911772,16384,0.1,300.0,3600.0,2099.9999046325684,16384,0.3650094661312853,0.9982363480321116,6.169160737812263e-10,365009.4661312853,238740390226.20474,6.649134317200943e+18,669.5315551757812,0.9813019050732588,0.0,0.0,560.5652465820312,0.054405066358257724,0.11400399417627598,0.0,0.0,0.14384579376669013,0.0,0.0,0.199239296958349,0.0,0.0,0.14384579376669013,0.0,0.0,359465.58111456485,0.01542257536738556,238733292669.84543,2.9730065211897028e-05,7.39999192822117e+18,-0.10146735541111862
golovin_fixed10_high_resolution_screen_v2_N016384_dt0p1_m000,golovin,golovin_fixed10_high_resolution_screen_v2,controlled,20,0,not_applicable,5307406523476911772,16384,0.1,300.0,3600.0,2400.0000953674316,16384,0.23030786330959296,0.9982363458258539,-1.593239762343046e-09,230307.86330959297,238740389698.55133,1.6443619832889702e+19,915.2720947265625,0.9882592516864539,0.0,0.0,780.5194702148438,0.04264315465138401,0.10143353118328975,0.0,0.0,0.14675654977322702,0.0,0.0,0.20804719924854329,0.0,0.0,0.14675654977322702,0.0,0.0,229204.92913507385,0.004812000242233605,238733292669.84543,2.9727854990557745e-05,1.8201113831406539e+19,-0.09655969490637606
golovin_fixed10_high_resolution_screen_v2_N016384_dt0p1_m000,golovin,golovin_fixed10_high_resolution_screen_v2,controlled,20,0,not_applicable,5307406523476911772,16384,0.1,300.0,3600.0,2700.000047683716,16384,0.14699225765760454,0.9982363482560818,8.412819330061438e-10,146992.25765760455,238740390279.76993,3.977561062728228e+19,1136.7694091796875,0.9924988104954758,0.009947674172547688,0.009947674172547688,989.7553100585938,0.04158225363695169,0.11865305961223618,0.0,0.0,0.1552691412491216,0.0,0.0,0.21173632605235032,0.0,0.0,0.1552691412491216,0.0,0.0,146147.28387886327,0.005781659133957451,238733292669.84543,2.973028958441759e-05,4.476765798748041e+19,-0.11151012996020904
golovin_fixed10_high_resolution_screen_v2_N016384_dt0p1_m000,golovin,golovin_fixed10_high_resolution_screen_v2,controlled,20,0,not_applicable,5307406523476911772,16384,0.1,300.0,3600.0,3000.0,16384,0.0941884324442243,0.9982363446346758,-2.786522235176392e-09,94188.4324442243,238740389413.66656,9.964569270368589e+19,1565.1146240234375,0.9952395621574117,0.11747050340674349,0.11747050340674349,1430.12646484375,0.04613112467929234,0.10683491638551218,0.0,0.0,0.15078391815317,0.0,0.0,0.21188084172218422,0.0,0.0,0.15078391815317,0.0,0.0,93187.47491936282,0.010741331125536213,238733292669.84543,2.9726661672446753e-05,1.1011101959187887e+20,-0.0950434109772319
golovin_fixed10_high_resolution_screen_v2_N016384_dt0p1_m000,golovin,golovin_fixed10_high_resolution_screen_v2,controlled,20,0,not_applicable,5307406523476911772,16384,0.1,300.0,3600.0,3299.999952316284,16384,0.060089812268122975,0.9982363483662398,9.516345489402056e-10,60089.81226812297,238740390306.11557,2.464677211600159e+20,2173.385986328125,0.9969892640940463,0.332975607116934,0.332975607116934,1841.6990966796875,0.03044853841705343,0.12486061102203073,0.0,0.0,0.18206472788463737,0.0,0.0,0.23822160253400404,0.0,0.0,0.18206472788463737,0.0,0.0,59418.863295774216,0.011291851360550664,238733292669.84543,2.9730399940364194e-05,2.7083026409274727e+20,-0.08995502409726364
golovin_fixed10_high_resolution_screen_v2_N016384_dt0p1_m000,golovin,golovin_fixed10_high_resolution_screen_v2,controlled,20,0,not_applicable,5307406523476911772,16384,0.1,300.0,3600.0,3599.9999046325684,16384,0.038284764711480734,0.9982363500989219,2.6873778757874334e-09,38284.76471148073,238740390720.5076,5.6533955568770594e+20,2718.53564453125,0.9980902642215203,0.5304704897959494,0.5304704897959494,2436.919189453125,0.04326958860012737,0.1305754311778437,0.0,0.0,0.17368497269811653,0.0,0.0,0.26237869267629693,0.0,0.0,0.17368497269811653,0.0,0.0,37887.079979546696,0.010496579101602066,238733292669.84543,2.973213573520539e-05,6.661370698447075e+20,-0.15131647632295842
golovin_fixed10_high_resolution_screen_v2_N016384_dt0p1_m001,golovin,golovin_fixed10_high_resolution_screen_v2,controlled,21,1,not_applicable,17805994060461165824,16384,0.1,300.0,3600.0,0.0,16384,8.388608,0.9982363474162836,0.0,8388608.0,238740390078.92203,1.3588188114267852e+16,74.99010467529297,0.3426337917221375,0.0,0.0,57.375732421875,0.06281473164879409,0.0033285650941950098,0.0,0.0,0.007120967653698126,0.0,0.0,0.01348464728023573,0.0,0.0,0.007120967653698126,0.0,0.0,8388608.0,0.0,238733292669.84543,2.972944827761559e-05,1.3588329560514944e+16,-1.0409391858035022e-05
golovin_fixed10_high_resolution_screen_v2_N016384_dt0p1_m001,golovin,golovin_fixed10_high_resolution_screen_v2,controlled,21,1,not_applicable,17805994060461165824,16384,0.1,300.0,3600.0,300.00001192092896,16384,5.389631400396282,0.9982363482832098,8.684577501583135e-10,5389631.400396282,238740390286.25793,3.2625300590814228e+16,116.89502716064453,0.6326672343614491,0.0,0.0,84.8521728515625,0.02918185770123635,0.07864486273832133,0.0,0.0,0.1070780184530837,0.0,0.0,0.14771560205984122,0.0,0.0,0.1070780184530837,0.0,0.0,5348803.665523084,0.007633059171037182,238733292669.84543,2.973031676112292e-05,3.3422009487832736e+16,-0.02383785144063677
golovin_fixed10_high_resolution_screen_v2_N016384_dt0p1_m001,golovin,golovin_fixed10_high_resolution_screen_v2,controlled,21,1,not_applicable,17805994060461165824,16384,0.1,300.0,3600.0,600.0000238418579,16384,3.420244838349453,0.9982363481635091,7.485456698930193e-10,3420244.8383494527,238740390257.63007,8.245871695019213e+16,160.25332641601562,0.7874141863694636,0.0,0.0,124.93621826171875,0.03434746419234379,0.1018594672434292,0.0,0.0,0.13562293484877372,0.0,0.0,0.1810592225550919,0.0,0.0,0.13562293484877372,0.0,0.0,3410542.089022777,0.0028449287747849272,238733292669.84543,2.9730196845489942e-05,8.220515356432454e+16,0.0030845193381845437
golovin_fixed10_high_resolution_screen_v2_N016384_dt0p1_m001,golovin,golovin_fixed10_high_resolution_screen_v2,controlled,21,1,not_applicable,17805994060461165824,16384,0.1,300.0,3600.0,899.9999761581421,16384,2.1670737907881907,0.9982363467822921,-6.351116299541104e-10,2167073.790788191,238740389927.2952,2.0176636361254182e+17,224.5880889892578,0.872869050231679,0.0,0.0,167.2458038330078,0.02885579764539509,0.10927507692845319,0.0,0.0,0.13892876121698294,0.0,0.0,0.1862934336989008,0.0,0.0,0.13892876121698294,0.0,0.0,2174654.2046287498,-0.0034858019378087857,238733292669.84543,2.972881314700082e-05,2.021926918134987e+17,-0.002108524285091895
golovin_fixed10_high_resolution_screen_v2_N016384_dt0p1_m001,golovin,golovin_fixed10_high_resolution_screen_v2,controlled,21,1,not_applicable,17805994060461165824,16384,0.1,300.0,3600.0,1200.0000476837158,16384,1.3818799521707485,0.9982363458245754,-1.5945204046019512e-09,1381879.9521707485,238740389698.24557,4.920793049444751e+17,306.56280517578125,0.9222416534517764,0.0,0.0,230.76319885253906,0.03126193312883598,0.08407613697512101,0.0,0.0,0.12080511083841278,0.0,0.0,0.1717469547970056,0.0,0.0,0.12080511083841278,0.0,0.0,1386618.2972187817,-0.0034171949537498136,238733292669.84543,2.9727853709804464e-05,4.97315526712769e+17,-0.010528973030271338
golovin_fixed10_high_resolution_screen_v2_N016384_dt0p1_m001,golovin,golovin_fixed10_high_resolution_screen_v2,controlled,21,1,not_applicable,17805994060461165824,16384,0.1,300.0,3600.0,1500.0,16384,0.8779070237961081,0.998236345877865,-1.5411366627304801e-09,877907.0237961081,238740389710.99042,1.2041664932018632e+18,391.8568420410156,0.9523121789399134,0.0,0.0,308.165771484375,0.029568241422310626,0.08608451195445653,0.0,0.0,0.11441810405311807,0.0,0.0,0.17428703814553784,0.0,0.0,0.11441810405311807,0.0,0.0,884145.4617925527,-0.007055895512709576,238733292669.84543,2.9727907095100647e-05,1.2232026906685448e+18,-0.015562586325147287
golovin_fixed10_high_resolution_screen_v2_N016384_dt0p1_m001,golovin,golovin_fixed10_high_resolution_screen_v2,controlled,21,1,not_applicable,17805994060461165824,16384,0.1,300.0,3600.0,1799.9999523162842,16384,0.5597061680655787,0.9982363477402334,3.245221869008219e-10,559706.1680655787,238740390156.39847,2.975298308159963e+18,488.80255126953125,0.9701570491830837,0.0,0.0,426.5444030761719,0.03552975688120301,0.09717073685187702,0.0,0.0,0.1320286582659288,0.0,0.0,0.18061776851213346,0.0,0.0,0.1320286582659288,0.0,0.0,563755.1438462138,-0.007182153147217485,238733292669.84543,2.9729772809128363e-05,3.0086026719268946e+18,-0.011069711556694672
golovin_fixed10_high_resolution_screen_v2_N016384_dt0p1_m001,golovin,golovin_fixed10_high_resolution_screen_v2,controlled,21,1,not_applicable,17805994060461165824,16384,0.1,300.0,3600.0,2099.9999046325684,16384,0.35662321904479605,0.9982363470706526,-3.4624170197616877e-10,356623.2190447961,238740389996.2601,7.335614544363453e+18,676.9442138671875,0.9812563814988252,0.0,0.0,584.423828125,0.026090187633814904,0.09533065753642048,0.0,0.0,0.12453321261153735,0.0,0.0,0.18989523178700377,0.0,0.0,0.12453321261153735,0.0,0.0,359465.58111456485,-0.007907188390487097,238733292669.84543,2.9729102025477516e-05,7.39999192822117e+18,-0.008699655956677654
golovin_fixed10_high_resolution_screen_v2_N016384_dt0p1_m001,golovin,golovin_fixed10_high_resolution_screen_v2,controlled,21,1,not_applicable,17805994060461165824,16384,0.1,300.0,3600.0,2400.0000953674316,16384,0.22784591642350616,0.9982363468047145,-6.126495977198942e-10,227845.91642350616,238740389932.6578,1.8078067811669924e+19,834.3271484375,0.9882483407300892,0.0,0.0,775.893798828125,0.025624172154463,0.1008097712485071,0.0,0.0,0.14035201229244307,0.0,0.0,0.19500524158958427,0.0,0.0,0.14035201229244307,0.0,0.0,229204.92913507385,-0.005929247318964936,238733292669.84543,2.9728835609921234e-05,1.8201113831406539e+19,-0.0067603565845676394
golovin_fixed10_high_resolution_screen_v2_N016384_dt0p1_m001,golovin,golovin_fixed10_high_resolution_screen_v2,controlled,21,1,not_applicable,17805994060461165824,16384,0.1,300.0,3600.0,2700.000047683716,16384,0.14532855191500568,0.9982363474259836,9.71711600072922e-12,145328.5519150057,238740390081.24182,4.451412547922804e+19,1246.9058837890625,0.9925526889115217,0.01802611165404416,0.01802611165404416,1059.3363037109375,0.022984321374828868,0.09781934921939506,0.0,0.0,0.13038698965575993,0.0,0.0,0.2132969786350248,0.0,0.0,0.13038698965575993,0.0,0.0,146147.28387886327,-0.0056021018121430455,238733292669.84543,2.972945799473159e-05,4.476765798748041e+19,-0.005663296219857505
golovin_fixed10_high_resolution_screen_v2_N016384_dt0p1_m001,golovin,golovin_fixed10_high_resolution_screen_v2,controlled,21,1,not_applicable,17805994060461165824,16384,0.1,300.0,3600.0,3000.0,16384,0.0930212353956396,0.998236346822469,-5.948638248653992e-10,93021.2353956396,238740389936.90396,1.1368714487032668e+20,1772.0577392578125,0.9952223127953638,0.15383958629610872,0.15383958629610872,1434.763427734375,0.03193607531926796,0.11886759808712148,0.0,0.0,0.15552229303854054,0.0,0.0,0.22745511789694892,0.0,0.0,0.15552229303854054,0.0,0.0,93187.47491936282,-0.001783925617332982,238733292669.84543,2.9728853396138177e-05,1.1011101959187887e+20,0.03247745131870139
golovin_fixed10_high_resolution_screen_v2_N016384_dt0p1_m001,golovin,golovin_fixed10_high_resolution_screen_v2,controlled,21,1,not_applicable,17805994060461165824,16384,0.1,300.0,3600.0,3299.999952316284,16384,0.059317451919123444,0.9982363476996061,2.8382296513029814e-10,59317.45191912344,238740390146.68198,2.8922627723458488e+20,2250.0078125,0.9969500334223352,0.3639064022491069,0.3639064022491069,1983.3734130859375,0.04433013850913182,0.14130239613432252,0.0,0.0,0.18661686772008257,0.0,0.0,0.2581786654124355,0.0,0.0,0.18661686772008257,0.0,0.0,59418.863295774216,-0.0017067202404389414,238733292669.84543,2.972973210879637e-05,2.7083026409274727e+20,0.06792451059139304
golovin_fixed10_high_resolution_screen_v2_N016384_dt0p1_m001,golovin,golovin_fixed10_high_resolution_screen_v2,controlled,21,1,not_applicable,17805994060461165824,16384,0.1,300.0,3600.0,3599.9999046325684,16384,0.03773580994503898,0.9982363486344524,1.2203209553973693e-09,37735.80994503898,238740390370.26187,6.925046209860511e+20,3090.244873046875,0.9980601157255959,0.5696303013958981,0.5696303013958981,2708.6513671875,0.05914403735794952,0.15120558241440218,0.0,0.0,0.20901734866922805,0.0,0.0,0.306653271882527,0.0,0.0,0.20901734866922805,0.0,0.0,37887.079979546696,-0.00399265487309608,238733292669.84543,2.9730668634764257e-05,6.661370698447075e+20,0.03958277107666519
golovin_fixed10_high_resolution_screen_v2_N016384_dt0p1_m002,golovin,golovin_fixed10_high_resolution_screen_v2,controlled,22,2,not_applicable,9076830274476434971,16384,0.1,300.0,3600.0,0.0,16384,8.388608,0.9982363474162836,0.0,8388608.0,238740390078.92203,1.3588188114267852e+16,74.99010467529297,0.3426337917221375,0.0,0.0,57.375732421875,0.06299180340657536,0.0033285650941950098,0.0,0.0,0.007120967653698126,0.0,0.0,0.01348464728023573,0.0,0.0,0.007120967653698126,0.0,0.0,8388608.0,0.0,238733292669.84543,2.972944827761559e-05,1.3588329560514944e+16,-1.0409391858035022e-05
golovin_fixed10_high_resolution_screen_v2_N016384_dt0p1_m002,golovin,golovin_fixed10_high_resolution_screen_v2,controlled,22,2,not_applicable,9076830274476434971,16384,0.1,300.0,3600.0,300.00001192092896,16384,5.3592688290695465,0.9982363466349078,-7.827564152407263e-10,5359268.829069546,238740389892.04642,3.5007070157296532e+16,126.12925720214844,0.631451733790502,0.0,0.0,91.5625,0.058127955466815526,0.06324324028667595,0.0,0.0,0.10295265513236032,0.0,0.0,0.14804003006969635,0.0,0.0,0.10295265513236032,0.0,0.0,5348803.665523084,0.0019565428460046608,238733292669.84543,2.9728665497774642e-05,3.3422009487832736e+16,0.04742565434435764
golovin_fixed10_high_resolution_screen_v2_N016384_dt0p1_m002,golovin,golovin_fixed10_high_resolution_screen_v2,controlled,22,2,not_applicable,9076830274476434971,16384,0.1,300.0,3600.0,600.0000238418579,16384,3.370884554965355,0.9982363471167818,-3.0003100004449834e-10,3370884.5549653554,238740390007.29245,8.516895878258526e+16,178.4840850830078,0.7938927768141902,0.0,0.0,124.08297729492188,0.03573230867517536,0.07891282231150322,0.0,0.0,0.13248836763907632,0.0,0.0,0.179318940470725,0.0,0.0,0.13248836763907632,0.0,0.0,3410542.089022777,-0.011627926887360251,238733292669.84543,2.9729148237622738e-05,8.220515356432454e+16,0.03605376414681327
golovin_fixed10_high_resolution_screen_v2_N016384_dt0p1_m002,golovin,golovin_fixed10_high_resolution_screen_v2,controlled,22,2,not_applicable,9076830274476434971,16384,0.1,300.0,3600.0,899.9999761581421,16384,2.1560195425918254,0.9982363470349122,-3.8204528429730544e-10,2156019.5425918256,238740389987.71237,2.0342072409998752e+17,226.63790893554688,0.8762575577485597,0.0,0.0,166.72047424316406,0.023790509941831184,0.0955652572976647,0.0,0.0,0.13785650011340564,0.0,0.0,0.20100386894265562,0.0,0.0,0.13785650011340564,0.0,0.0,2174654.2046287498,-0.008569023064568304,238733292669.84543,2.9729066221007017e-05,2.021926918134987e+17,0.006073574051932429
golovin_fixed10_high_resolution_screen_v2_N016384_dt0p1_m002,golovin,golovin_fixed10_high_resolution_screen_v2,controlled,22,2,not_applicable,9076830274476434971,16384,0.1,300.0,3600.0,1200.0000476837158,16384,1.37035707041564,0.9982363470707923,-3.4610170285276354e-10,1370357.07041564,238740389996.29355,5.14622490992135e+17,312.2418212890625,0.9258999853354893,0.0,0.0,233.57357788085938,0.031017326398035044,0.0980854144539584,0.0,0.0,0.13622967430877078,0.0,0.0,0.19044448939506922,0.0,0.0,0.13622967430877078,0.0,0.0,1386618.2972187817,-0.011727255320197139,238733292669.84543,2.9729102165587662e-05,4.97315526712769e+17,0.03480077204458931
golovin_fixed10_high_resolution_screen_v2_N016384_dt0p1_m002,golovin,golovin_fixed10_high_resolution_screen_v2,controlled,22,2,not_applicable,9076830274476434971,16384,0.1,300.0,3600.0,1500.0,16384,0.8733053191015268,0.998236345205562,-2.214627481400555e-09,873305.3191015268,238740389550.20096,1.2599024370082875e+18,385.1900329589844,0.9544862914696742,0.0,0.0,323.8045959472656,0.052563618490255995,0.09076205833138905,0.0,0.0,0.12871491802093338,0.0,0.0,0.1891417302207445,0.0,0.0,0.12871491802093338,0.0,0.0,884145.4617925527,-0.012260587380099497,238733292669.84543,2.9727233584297963e-05,1.2232026906685448e+18,0.030002996739391108
golovin_fixed10_high_resolution_screen_v2_N016384_dt0p1_m002,golovin,golovin_fixed10_high_resolution_screen_v2,controlled,22,2,not_applicable,9076830274476434971,16384,0.1,300.0,3600.0,1799.9999523162842,16384,0.5584183108820241,0.998236346404069,-1.0140029926830607e-09,558418.3108820241,238740389836.83853,3.010631377043476e+18,495.7468566894531,0.9710521751139488,0.0,0.0,414.60052490234375,0.03310337626397922,0.08772642020060369,0.0,0.0,0.13021539475013297,0.0,0.0,0.18522721249914806,0.0,0.0,0.13021539475013297,0.0,0.0,563755.1438462138,-0.00946657963558295,238733292669.84543,2.9728434244535862e-05,3.0086026719268946e+18,0.0006743014408352455
golovin_fixed10_high_resolution_screen_v2_N016384_dt0p1_m002,golovin,golovin_fixed10_high_resolution_screen_v2,controlled,22,2,not_applicable,9076830274476434971,16384,0.1,300.0,3600.0,2099.9999046325684,16384,0.3544972464453104,0.9982363475605323,1.4450352026074142e-10,354497.24644531036,238740390113.4208,7.789367196452789e+18,771.756103515625,0.9820411997264287,0.0,0.0,595.728271484375,0.039336900613384976,0.11346939736548148,0.0,0.0,0.15734453920902064,0.0,0.0,0.19834522163079518,0.0,0.0,0.15734453920902064,0.0,0.0,359465.58111456485,-0.013821447532889164,238733292669.84543,2.9729592785354697e-05,7.39999192822117e+18,0.0526183368858375
golovin_fixed10_high_resolution_screen_v2_N016384_dt0p1_m002,golovin,golovin_fixed10_high_resolution_screen_v2,controlled,22,2,not_applicable,9076830274476434971,16384,0.1,300.0,3600.0,2400.0000953674316,16384,0.22641829727893828,0.998236347455002,3.878675158830447e-11,226418.2972789383,238740390088.18192,1.9286158030415987e+19,1113.21728515625,0.9886556311019767,0.0010503765304537879,0.0010503765304537879,820.59814453125,0.03827094137497242,0.09912249058098545,0.0,0.0,0.13968315873482232,0.0,0.0,0.19699820334366014,0.0,0.0,0.13968315873482232,0.0,0.0,229204.92913507385,-0.012157818187641833,238733292669.84543,2.9729487065255356e-05,1.8201113831406539e+19,0.059614164773651
golovin_fixed10_high_resolution_screen_v2_N016384_dt0p1_m002,golovin,golovin_fixed10_high_resolution_screen_v2,controlled,22,2,not_applicable,9076830274476434971,16384,0.1,300.0,3600.0,2700.000047683716,16384,0.14415340077983296,0.9982363465208485,-8.970172382660735e-10,144153.40077983297,238740389864.7678,4.679879360288795e+19,1451.3173828125,0.9928539421136637,0.023652310194528913,0.023652310194528913,1087.0238037109375,0.035200203352854724,0.1026625062985594,0.0,0.0,0.1481530169886048,0.0,0.0,0.21576053155475194,0.0,0.0,0.1481530169886048,0.0,0.0,146147.28387886327,-0.01364297061232389,238733292669.84543,2.9728551233842992e-05,4.476765798748041e+19,0.045370602500035995
golovin_fixed10_high_resolution_screen_v2_N016384_dt0p1_m002,golovin,golovin_fixed10_high_resolution_screen_v2,controlled,22,2,not_applicable,9076830274476434971,16384,0.1,300.0,3600.0,3000.0,16384,0.09145764999057658,0.9982363463830027,-1.035106445002043e-09,91457.64999057658,238740389831.80023,1.179946867935894e+20,1976.4219970703125,0.9955100834662861,0.16267771829431804,0.16267771829431804,1578.3441162109375,0.049709978755692934,0.14628988075725366,0.0,0.0,0.18713312514306396,0.0,0.0,0.2413251338302465,0.0,0.0,0.18713312514306396,0.0,0.0,93187.47491936282,-0.018562847960877815,238733292669.84543,2.9728413140084342e-05,1.1011101959187887e+20,0.0715974407550759
golovin_fixed10_high_resolution_screen_v2_N016384_dt0p1_m002,golovin,golovin_fixed10_high_resolution_screen_v2,controlled,22,2,not_applicable,9076830274476434971,16384,0.1,300.0,3600.0,3299.999952316284,16384,0.05840028301371102,0.9982363472246777,-1.91944460325999e-10,58400.28301371102,238740390033.09708,2.794120966432885e+20,2260.72509765625,0.9971248508180247,0.36843230438422364,0.36843230438422364,1948.074462890625,0.039903094834181856,0.14162671486504966,0.0,0.0,0.2037518467782913,0.0,0.0,0.2735974983368694,0.0,0.0,0.2037518467782913,0.0,0.0,59418.863295774216,-0.017142372397683237,238733292669.84543,2.9729256327382103e-05,2.7083026409274727e+20,0.03168712543736363
golovin_fixed10_high_resolution_screen_v2_N016384_dt0p1_m002,golovin,golovin_fixed10_high_resolution_screen_v2,controlled,22,2,not_applicable,9076830274476434971,16384,0.1,300.0,3600.0,3599.9999046325684,16384,0.03721827212674655,0.9982363432657358,-4.1578808174236315e-09,37218.272126746546,238740389086.26785,7.075560134149523e+20,3346.14111328125,0.9981669392404693,0.5630940304468642,0.5630940304468642,2624.50732421875,0.062485682802383265,0.15105187588695143,0.0,0.0,0.20843556983246117,0.0,0.0,0.2847094933015932,0.0,0.0,0.20843556983246117,0.0,0.0,37887.079979546696,-0.01765266294370549,238733292669.84543,2.9725290273008298e-05,6.661370698447075e+20,0.06217780911051918
golovin_fixed10_high_resolution_screen_v2_N016384_dt0p1_m003,golovin,golovin_fixed10_high_resolution_screen_v2,controlled,23,3,not_applicable,6561326515812081595,16384,0.1,300.0,3600.0,0.0,16384,8.388608,0.9982363474162836,0.0,8388608.0,238740390078.92203,1.3588188114267852e+16,74.99010467529297,0.3426337917221375,0.0,0.0,57.375732421875,0.06297473634025613,0.0033285650941950098,0.0,0.0,0.007120967653698126,0.0,0.0,0.01348464728023573,0.0,0.0,0.007120967653698126,0.0,0.0,8388608.0,0.0,238733292669.84543,2.972944827761559e-05,1.3588329560514944e+16,-1.0409391858035022e-05
golovin_fixed10_high_resolution_screen_v2_N016384_dt0p1_m003,golovin,golovin_fixed10_high_resolution_screen_v2,controlled,23,3,not_applicable,6561326515812081595,16384,0.1,300.0,3600.0,300.00001192092896,16384,5.351512596054815,0.9982363447467669,-2.674233168242779e-09,5351512.596054815,238740389440.47455,3.3312367751122776e+16,120.49728393554688,0.6369214010140081,0.0,0.0,86.80297088623047,0.03559411528629989,0.07435649625341688,0.0,0.0,0.11372627513093356,0.0,0.0,0.15415659493474074,0.0,0.0,0.11372627513093356,0.0,0.0,5348803.665523084,0.0005064554059428517,238733292669.84543,2.97267739650664e-05,3.3422009487832736e+16,-0.003280524971123411
golovin_fixed10_high_resolution_screen_v2_N016384_dt0p1_m003,golovin,golovin_fixed10_high_resolution_screen_v2,controlled,23,3,not_applicable,6561326515812081595,16384,0.1,300.0,3600.0,600.0000238418579,16384,3.4013805908613426,0.9982363460215151,-1.3972327739253387e-09,3401380.5908613424,238740389745.34607,8.22175287484403e+16,157.8148651123047,0.787622945267487,0.0,0.0,124.4969482421875,0.027795081692752622,0.10625421242163333,0.0,0.0,0.13937982883860656,0.0,0.0,0.1848032903140696,0.0,0.0,0.13937982883860656,0.0,0.0,3410542.089022777,-0.0026862293214096056,238733292669.84543,2.9728051003097278e-05,8.220515356432454e+16,0.00015054024692107149
golovin_fixed10_high_resolution_screen_v2_N016384_dt0p1_m003,golovin,golovin_fixed10_high_resolution_screen_v2,controlled,23,3,not_applicable,6561326515812081595,16384,0.1,300.0,3600.0,899.9999761581421,16384,2.179516644094906,0.9982363456152029,-1.804262850235716e-09,2179516.644094906,238740389648.17157,1.9505645996061357e+17,228.57188415527344,0.8733423816001867,0.0,0.0,167.8828887939453,0.026347936760751714,0.08376512771845832,0.0,0.0,0.12431191291314299,0.0,0.0,0.17757121161623135,0.0,0.0,0.12431191291314299,0.0,0.0,2174654.2046287498,0.0022359598394110503,238733292669.84543,2.972764396114158e-05,2.021926918134987e+17,-0.035294212609165654
golovin_fixed10_high_resolution_screen_v2_N016384_dt0p1_m003,golovin,golovin_fixed10_high_resolution_screen_v2,controlled,23,3,not_applicable,6561326515812081595,16384,0.1,300.0,3600.0,1200.0000476837158,16384,1.3804569518726089,0.9982363489697585,1.5562195976315252e-09,1380456.9518726089,238740390450.4544,4.8186286249167174e+17,329.8106689453125,0.9241387663512945,0.0,0.0,231.1375274658203,0.04646482689078164,0.0961028513779037,0.0,0.0,0.13463884305322815,0.0,0.0,0.19494284289066158,0.0,0.0,0.13463884305322815,0.0,0.0,1386618.2972187817,-0.00444343288887139,238733292669.84543,2.9731004543176454e-05,4.97315526712769e+17,-0.031072153172531425
golovin_fixed10_high_resolution_screen_v2_N016384_dt0p1_m003,golovin,golovin_fixed10_high_resolution_screen_v2,controlled,23,3,not_applicable,6561326515812081595,16384,0.1,300.0,3600.0,1500.0,16384,0.8777612413954281,0.998236346487812,-9.301119874294272e-10,877761.2413954281,238740389856.8667,1.2269131875069414e+18,403.5619812011719,0.9536709540999191,0.0,0.0,319.454833984375,0.044140729507717476,0.08807524645457135,0.0,0.0,0.13603994170775052,0.0,0.0,0.1858169182267776,0.0,0.0,0.13603994170775052,0.0,0.0,884145.4617925527,-0.007220780598908516,238733292669.84543,2.9728518137872584e-05,1.2232026906685448e+18,0.0030334276295358453
golovin_fixed10_high_resolution_screen_v2_N016384_dt0p1_m003,golovin,golovin_fixed10_high_resolution_screen_v2,controlled,23,3,not_applicable,6561326515812081595,16384,0.1,300.0,3600.0,1799.9999523162842,16384,0.5598719247217767,0.9982363484585337,1.0440914799403345e-09,559871.9247217767,238740390328.18878,2.992512269731392e+18,540.0758056640625,0.9711744511485476,0.0,0.0,434.6767578125,0.03518218960619779,0.09768757512762723,0.0,0.0,0.1285906509212804,0.0,0.0,0.18113125240486186,0.0,0.0,0.1285906509212804,0.0,0.0,563755.1438462138,-0.006888130719205243,238733292669.84543,2.973049239995973e-05,3.0086026719268946e+18,-0.005348131325429328
golovin_fixed10_high_resolution_screen_v2_N016384_dt0p1_m003,golovin,golovin_fixed10_high_resolution_screen_v2,controlled,23,3,not_applicable,6561326515812081595,16384,0.1,300.0,3600.0,2099.9999046325684,16384,0.3576859700036895,0.998236346026323,-1.3924162933776074e-09,357685.9700036895,238740389746.49594,7.46542362864776e+18,723.5001220703125,0.9819755852963891,0.0,0.0,606.044677734375,0.03871166060072207,0.09865165509790573,0.0,0.0,0.1431646887710961,0.0,0.0,0.1895020282701192,0.0,0.0,0.1431646887710961,0.0,0.0,359465.58111456485,-0.004950713515762595,238733292669.84543,2.9728055819688848e-05,7.39999192822117e+18,0.008842131324097169
golovin_fixed10_high_resolution_screen_v2_N016384_dt0p1_m003,golovin,golovin_fixed10_high_resolution_screen_v2,controlled,23,3,not_applicable,6561326515812081595,16384,0.1,300.0,3600.0,2400.0000953674316,16384,0.22913703716272782,0.9982363480755938,6.604750080185795e-10,229137.03716272782,238740390236.60403,1.8458294454523355e+19,1032.3690185546875,0.9886174413168836,0.0013902470607160189,0.0013902470607160189,809.6923217773438,0.037979971129572146,0.08876987308305562,0.0,0.0,0.1459181706792553,0.0,0.0,0.1991629844880895,0.0,0.0,0.1459181706792553,0.0,0.0,229204.92913507385,-0.0002962064236673445,238733292669.84543,2.9730108772163533e-05,1.8201113831406539e+19,0.014129938722378776
golovin_fixed10_high_resolution_screen_v2_N016384_dt0p1_m003,golovin,golovin_fixed10_high_resolution_screen_v2,controlled,23,3,not_applicable,6561326515812081595,16384,0.1,300.0,3600.0,2700.000047683716,16384,0.14661504447472568,0.9982363488780817,1.4643806167669027e-09,146615.04447472567,238740390428.52878,4.462559152506385e+19,1346.0858154296875,0.9927835411148415,0.02124884711672283,0.02124884711672283,1110.865234375,0.04694357363873438,0.11488387127065797,0.0,0.0,0.15750603549693667,0.0,0.0,0.2365101884183789,0.0,0.0,0.15750603549693667,0.0,0.0,146147.28387886327,0.003200610941562987,238733292669.84543,2.9730912701753098e-05,4.476765798748041e+19,-0.003173417346430951
golovin_fixed10_high_resolution_screen_v2_N016384_dt0p1_m003,golovin,golovin_fixed10_high_resolution_screen_v2,controlled,23,3,not_applicable,6561326515812081595,16384,0.1,300.0,3600.0,3000.0,16384,0.09348564729836861,0.9982363473905762,-2.5752844301507594e-11,93485.64729836861,238740390072.7737,1.0970134388379094e+20,1705.03564453125,0.9954160954819357,0.1389610525797512,0.1389610525797512,1558.4090576171875,0.04323482580291537,0.1258337917247172,0.0,0.0,0.16686441128795343,0.0,0.0,0.22935577113401545,0.0,0.0,0.16686441128795343,0.0,0.0,93187.47491936282,0.0031997044588214507,238733292669.84543,2.9729422523772087e-05,1.1011101959187887e+20,-0.0037205695633949487
golovin_fixed10_high_resolution_screen_v2_N016384_dt0p1_m003,golovin,golovin_fixed10_high_resolution_screen_v2,controlled,23,3,not_applicable,6561326515812081595,16384,0.1,300.0,3600.0,3299.999952316284,16384,0.05971764609737598,0.9982363459407911,-1.4780993096152883e-09,59717.64609737598,238740389726.04,2.690533780776282e+20,2474.34716796875,0.9970729247418785,0.3454953982607496,0.3454953982607496,1981.905029296875,0.043391808720111565,0.1249225182810438,0.0,0.0,0.17665013097589732,0.0,0.0,0.2408653426278668,0.0,0.0,0.17665013097589732,0.0,0.0,59418.863295774216,0.005028416651366996,238733292669.84543,2.9727970134452164e-05,2.7083026409274727e+20,-0.006560884253727917
golovin_fixed10_high_resolution_screen_v2_N016384_dt0p1_m003,golovin,golovin_fixed10_high_resolution_screen_v2,controlled,23,3,not_applicable,6561326515812081595,16384,0.1,300.0,3600.0,3599.9999046325684,16384,0.03814919001979952,0.9982363481684842,7.535294610505616e-10,38149.19001979952,238740390258.8199,6.371670165275448e+20,3055.718505859375,0.998130720967662,0.5451553946142346,0.5451553946142346,2512.540283203125,0.05420273825956649,0.14396065825678248,0.0,0.0,0.20812650361925839,0.0,0.0,0.27417965139956685,0.0,0.0,0.20812650361925839,0.0,0.0,37887.079979546696,0.006918190591471474,238733292669.84543,2.97302018292811e-05,6.661370698447075e+20,-0.043489627928853025
golovin_fixed10_high_resolution_screen_v2_N016384_dt0p1_m004,golovin,golovin_fixed10_high_resolution_screen_v2,controlled,24,4,not_applicable,16147495600922116364,16384,0.1,300.0,3600.0,0.0,16384,8.388608,0.9982363474162836,0.0,8388608.0,238740390078.92203,1.3588188114267852e+16,74.99010467529297,0.3426337917221375,0.0,0.0,57.375732421875,0.0632408296797985,0.0033285650941950098,0.0,0.0,0.007120967653698126,0.0,0.0,0.01348464728023573,0.0,0.0,0.007120967653698126,0.0,0.0,8388608.0,0.0,238733292669.84543,2.972944827761559e-05,1.3588329560514944e+16,-1.0409391858035022e-05
golovin_fixed10_high_resolution_screen_v2_N016384_dt0p1_m004,golovin,golovin_fixed10_high_resolution_screen_v2,controlled,24,4,not_applicable,16147495600922116364,16384,0.1,300.0,3600.0,300.00001192092896,16384,5.321589192710317,0.9982363497888677,2.3767758872139666e-09,5321589.192710318,238740390646.3544,3.4651593129417576e+16,119.72025299072266,0.6342669495882371,0.0,0.0,91.53934478759766,0.04386035180647281,0.07010728137555482,0.0,0.0,0.09812431941182904,0.0,0.0,0.14366157513172073,0.0,0.0,0.09812431941182904,0.0,0.0,5348803.665523084,-0.00508795508576676,238733292669.84543,2.9731825124112987e-05,3.3422009487832736e+16,0.03678963833794824
golovin_fixed10_high_resolution_screen_v2_N016384_dt0p1_m004,golovin,golovin_fixed10_high_resolution_screen_v2,controlled,24,4,not_applicable,16147495600922116364,16384,0.1,300.0,3600.0,600.0000238418579,16384,3.41746079799596,0.9982363485515477,1.1372698338618648e-09,3417460.7979959603,238740390350.43423,8.59272437361356e+16,162.46145629882812,0.7881224727513079,0.0,0.0,129.07884216308594,0.061351400425948985,0.10003501409221903,0.0,0.0,0.13238165859046216,0.0,0.0,0.17936239136740986,0.0,0.0,0.13238165859046216,0.0,0.0,3410542.089022777,0.002028624421745784,238733292669.84543,2.973058558120023e-05,8.220515356432454e+16,0.045278063605812324
golovin_fixed10_high_resolution_screen_v2_N016384_dt0p1_m004,golovin,golovin_fixed10_high_resolution_screen_v2,controlled,24,4,not_applicable,16147495600922116364,16384,0.1,300.0,3600.0,899.9999761581421,16384,2.187154431857387,0.9982363479759516,5.60656854275976e-10,2187154.4318573866,238740390212.7734,2.1114380204639347e+17,235.9986572265625,0.877315432766688,0.0,0.0,178.8255157470703,0.07316059915981551,0.09313463652739917,0.0,0.0,0.12670156350702283,0.0,0.0,0.16934210039747022,0.0,0.0,0.12670156350702283,0.0,0.0,2174654.2046287498,0.005748144786435594,238733292669.84543,2.9730008950901166e-05,2.021926918134987e+17,0.04427019667531429
golovin_fixed10_high_resolution_screen_v2_N016384_dt0p1_m004,golovin,golovin_fixed10_high_resolution_screen_v2,controlled,24,4,not_applicable,16147495600922116364,16384,0.1,300.0,3600.0,1200.0000476837158,16384,1.3841510902925793,0.9982363476065443,1.9059687161870897e-10,1384151.0902925793,238740390124.42514,5.193901901530471e+17,317.855712890625,0.9263583440766127,0.0,0.0,239.3776092529297,0.06717122934736598,0.10183625240416455,0.0,0.0,0.13034200357646275,0.0,0.0,0.1709293619792872,0.0,0.0,0.13034200357646275,0.0,0.0,1386618.2972187817,-0.0017792978292231476,238733292669.84543,2.9729638880038323e-05,4.97315526712769e+17,0.04438764175771981
golovin_fixed10_high_resolution_screen_v2_N016384_dt0p1_m004,golovin,golovin_fixed10_high_resolution_screen_v2,controlled,24,4,not_applicable,16147495600922116364,16384,0.1,300.0,3600.0,1500.0,16384,0.8828414357640315,0.9982363465371841,-8.806527729277036e-10,882841.4357640315,238740389868.67462,1.2740607751651645e+18,419.06756591796875,0.9548027303021849,0.0,0.0,322.9457092285156,0.054101615926772345,0.10147308677591865,0.0,0.0,0.1282165579709157,0.0,0.0,0.1883978565240431,0.0,0.0,0.1282165579709157,0.0,0.0,884145.4617925527,-0.001474899872106361,238733292669.84543,2.972856759875242e-05,1.2232026906685448e+18,0.04157780626596175
golovin_fixed10_high_resolution_screen_v2_N016384_dt0p1_m004,golovin,golovin_fixed10_high_resolution_screen_v2,controlled,24,4,not_applicable,16147495600922116364,16384,0.1,300.0,3600.0,1799.9999523162842,16384,0.5629445678866031,0.9982363483839863,9.694123281889233e-10,562944.5678866031,238740390310.3599,3.1336565312566113e+18,533.967529296875,0.9719581387338713,0.0,0.0,439.35699462890625,0.05011513253274371,0.0955767512963578,0.0,0.0,0.13470083270966055,0.0,0.0,0.19124957438317058,0.0,0.0,0.13470083270966055,0.0,0.0,563755.1438462138,-0.0014378156340723036,238733292669.84543,2.9730417718809576e-05,3.0086026719268946e+18,0.04156542852819589
golovin_fixed10_high_resolution_screen_v2_N016384_dt0p1_m004,golovin,golovin_fixed10_high_resolution_screen_v2,controlled,24,4,not_applicable,16147495600922116364,16384,0.1,300.0,3600.0,2099.9999046325684,16384,0.35910160743339564,0.9982363458778911,-1.541110461467099e-09,359101.60743339563,238740389710.99667,7.698166608437122e+18,706.6329345703125,0.9823585139647465,0.0,0.0,606.5782470703125,0.040883051754892895,0.09979109467924145,0.0,0.0,0.15056943807098092,0.0,0.0,0.20624927765723808,0.0,0.0,0.15056943807098092,0.0,0.0,359465.58111456485,-0.0010125411174017884,238733292669.84543,2.972790712130191e-05,7.39999192822117e+18,0.040293919656697375
golovin_fixed10_high_resolution_screen_v2_N016384_dt0p1_m004,golovin,golovin_fixed10_high_resolution_screen_v2,controlled,24,4,not_applicable,16147495600922116364,16384,0.1,300.0,3600.0,2400.0000953674316,16384,0.22853397972599634,0.998236348634683,1.2205521038310962e-09,228533.97972599635,238740390370.31705,1.8060489505772855e+19,952.1517333984375,0.9888505032159294,0.0,0.0,805.9171752929688,0.02963504396052732,0.08984387930010358,0.0,0.0,0.14524114725020992,0.0,0.0,0.18881617278043825,0.0,0.0,0.14524114725020992,0.0,0.0,229204.92913507385,-0.0029272904889496854,238733292669.84543,2.973066886591269e-05,1.8201113831406539e+19,-0.00772613846252812
golovin_fixed10_high_resolution_screen_v2_N016384_dt0p1_m004,golovin,golovin_fixed10_high_resolution_screen_v2,controlled,24,4,not_applicable,16147495600922116364,16384,0.1,300.0,3600.0,2700.000047683716,16384,0.14532285483275692,0.9982363475583954,1.423627882246592e-10,145322.85483275692,238740390112.90973,4.350040770128885e+19,1295.1195068359375,0.9929352952953879,0.020613055703791964,0.020613055703791964,1050.46728515625,0.028303335602873198,0.11099577079385978,0.0,0.0,0.16002653298191874,0.0,0.0,0.21605330345256438,0.0,0.0,0.16002653298191874,0.0,0.0,146147.28387886327,-0.005641083598855623,238733292669.84543,2.972959064462266e-05,4.476765798748041e+19,-0.02830727232918806
golovin_fixed10_high_resolution_screen_v2_N016384_dt0p1_m004,golovin,golovin_fixed10_high_resolution_screen_v2,controlled,24,4,not_applicable,16147495600922116364,16384,0.1,300.0,3600.0,3000.0,16384,0.0924920508039398,0.998236347545775,1.2972001250943777e-10,92492.0508039398,238740390109.8914,1.096210525103451e+20,1750.4154052734375,0.9955088901389412,0.14216759878713803,0.14216759878713803,1430.852783203125,0.03009222007461665,0.10401010778820542,0.0,0.0,0.14477649591014694,0.0,0.0,0.2266213278065809,0.0,0.0,0.14477649591014694,0.0,0.0,93187.47491936282,-0.007462635037860932,238733292669.84543,2.9729578001402857e-05,1.1011101959187887e+20,-0.004449755195708893
golovin_fixed10_high_resolution_screen_v2_N016384_dt0p1_m004,golovin,golovin_fixed10_high_resolution_screen_v2,controlled,24,4,not_applicable,16147495600922116364,16384,0.1,300.0,3600.0,3299.999952316284,16384,0.05885827701860581,0.9982363473955088,-2.081157468580841e-11,58858.27701860581,238740390073.95343,2.6743770164569637e+20,2243.961181640625,0.9971604765971216,0.3399059633920594,0.3399059633920594,1912.9793701171875,0.03129775449881584,0.12964149961998575,0.0,0.0,0.1824156774155418,0.0,0.0,0.24204245147088574,0.0,0.0,0.1824156774155418,0.0,0.0,59418.863295774216,-0.009434483362260382,238733292669.84543,2.972942746537477e-05,2.7083026409274727e+20,-0.012526526377750424
golovin_fixed10_high_resolution_screen_v2_N016384_dt0p1_m004,golovin,golovin_fixed10_high_resolution_screen_v2,controlled,24,4,not_applicable,16147495600922116364,16384,0.1,300.0,3600.0,3599.9999046325684,16384,0.03753887007295672,0.9982363457942879,-1.6248614675973272e-09,37538.87007295672,238740389691.00192,6.696423375224528e+20,3524.1171875,0.9981823679942271,0.5520581079776739,0.5520581079776739,2552.1650390625,0.023834427300169228,0.14098173293626273,0.0,0.0,0.20283477109644538,0.0,0.0,0.2656466943573848,0.0,0.0,0.20283477109644538,0.0,0.0,37887.079979546696,-0.009190729577944645,238733292669.84543,2.972782336785329e-05,6.661370698447075e+20,0.005262081689227038
golovin_fixed10_high_resolution_screen_v2_N016384_dt0p1_m005,golovin,golovin_fixed10_high_resolution_screen_v2,controlled,25,5,not_applicable,15187404135339358973,16384,0.1,300.0,3600.0,0.0,16384,8.388608,0.9982363474162836,0.0,8388608.0,238740390078.92203,1.3588188114267852e+16,74.99010467529297,0.3426337917221375,0.0,0.0,57.375732421875,0.06297368677551475,0.0033285650941950098,0.0,0.0,0.007120967653698126,0.0,0.0,0.01348464728023573,0.0,0.0,0.007120967653698126,0.0,0.0,8388608.0,0.0,238733292669.84543,2.972944827761559e-05,1.3588329560514944e+16,-1.0409391858035022e-05
golovin_fixed10_high_resolution_screen_v2_N016384_dt0p1_m005,golovin,golovin_fixed10_high_resolution_screen_v2,controlled,25,5,not_applicable,15187404135339358973,16384,0.1,300.0,3600.0,300.00001192092896,16384,5.389253136534239,0.9982363467054733,-7.120661837944908e-10,5389253.136534239,238740389908.92307,3.3966734838707504e+16,119.72704315185547,0.6286842082718465,0.0,0.0,87.5560531616211,0.046472964592233726,0.07986520546860068,0.0,0.0,0.10952202387371637,0.0,0.0,0.1475325110530344,0.0,0.0,0.10952202387371637,0.0,0.0,5348803.665523084,0.007562339831592935,238733292669.84543,2.9728736190337557e-05,3.3422009487832736e+16,0.01629840213746192
golovin_fixed10_high_resolution_screen_v2_N016384_dt0p1_m005,golovin,golovin_fixed10_high_resolution_screen_v2,controlled,25,5,not_applicable,15187404135339358973,16384,0.1,300.0,3600.0,600.0000238418579,16384,3.4536557387905007,0.9982363478980989,4.826665733759228e-10,3453655.738790501,238740390194.15396,8.512756209079963e+16,182.47398376464844,0.7809545590905711,0.0,0.0,125.71765899658203,0.058275214392013414,0.10079747866005043,0.0,0.0,0.1365327740365228,0.0,0.0,0.17638641483665146,0.0,0.0,0.1365327740365228,0.0,0.0,3410542.089022777,0.01264128946142895,238733292669.84543,2.972993095839982e-05,8.220515356432454e+16,0.03555018632972118
golovin_fixed10_high_resolution_screen_v2_N016384_dt0p1_m005,golovin,golovin_fixed10_high_resolution_screen_v2,controlled,25,5,not_applicable,15187404135339358973,16384,0.1,300.0,3600.0,899.9999761581421,16384,2.2008933811763045,0.9982363469549642,-4.621344418254125e-10,2200893.3811763045,238740389968.59183,2.195760755584035e+17,237.20553588867188,0.8698942425205352,0.0,0.0,176.8545379638672,0.07117042320271538,0.09449318182634615,0.0,0.0,0.13246337588011745,0.0,0.0,0.18296151736973162,0.0,0.0,0.13246337588011745,0.0,0.0,2174654.2046287498,0.012065907532197384,238733292669.84543,2.9728986129295976e-05,2.021926918134987e+17,0.0859743425392403
golovin_fixed10_high_resolution_screen_v2_N016384_dt0p1_m005,golovin,golovin_fixed10_high_resolution_screen_v2,controlled,25,5,not_applicable,15187404135339358973,16384,0.1,300.0,3600.0,1200.0000476837158,16384,1.4107887596945259,0.998236350029185,2.61751775809671e-09,1410788.759694526,238740390703.82916,5.4146958278684506e+17,291.6580505371094,0.9196678809825921,0.0,0.0,243.15345764160156,0.06077148980821754,0.10807538461877246,0.0,0.0,0.13698684182165297,0.0,0.0,0.18450981874426142,0.0,0.0,0.13698684182165297,0.0,0.0,1386618.2972187817,0.01743123001061231,238733292669.84543,2.9732065873089297e-05,4.97315526712769e+17,0.0887847929581691
golovin_fixed10_high_resolution_screen_v2_N016384_dt0p1_m005,golovin,golovin_fixed10_high_resolution_screen_v2,controlled,25,5,not_applicable,15187404135339358973,16384,0.1,300.0,3600.0,1500.0,16384,0.8952921455273037,0.9982363461919395,-1.2265073401351856e-09,895292.1455273037,238740389786.1052,1.299741411801474e+18,417.0955810546875,0.9505205097848101,0.0,0.0,318.6280822753906,0.05950620462638412,0.094336915119687,0.0,0.0,0.15397958057866631,0.0,0.0,0.18999908552095227,0.0,0.0,0.15397958057866631,0.0,0.0,884145.4617925527,0.012607296215886965,238733292669.84543,2.972822173386014e-05,1.2232026906685448e+18,0.06257239435199158
golovin_fixed10_high_resolution_screen_v2_N016384_dt0p1_m005,golovin,golovin_fixed10_high_resolution_screen_v2,controlled,25,5,not_applicable,15187404135339358973,16384,0.1,300.0,3600.0,1799.9999523162842,16384,0.5724455602334645,0.998236346486158,-9.317689952936803e-10,572445.5602334645,238740389856.47107,3.142788500222665e+18,502.88427734375,0.968962387117745,0.0,0.0,437.5307922363281,0.050124383267221996,0.09115124775889369,0.0,0.0,0.12717344781509157,0.0,0.0,0.17111005074136046,0.0,0.0,0.12717344781509157,0.0,0.0,563755.1438462138,0.01541523209519724,238733292669.84543,2.9728516480753697e-05,3.0086026719268946e+18,0.0446007143275684
golovin_fixed10_high_resolution_screen_v2_N016384_dt0p1_m005,golovin,golovin_fixed10_high_resolution_screen_v2,controlled,25,5,not_applicable,15187404135339358973,16384,0.1,300.0,3600.0,2099.9999046325684,16384,0.3640564286092042,0.9982363478156704,4.000924036517972e-10,364056.4286092042,238740390174.44022,7.827548189480285e+18,731.0491333007812,0.9806261984115924,0.0,0.0,594.9594116210938,0.037836222375050674,0.09118438029849574,0.0,0.0,0.12752640729640624,0.0,0.0,0.1987871267329934,0.0,0.0,0.12752640729640624,0.0,0.0,359465.58111456485,0.012771313126572093,238733292669.84543,2.972984838200965e-05,7.39999192822117e+18,0.05777793616619431
golovin_fixed10_high_resolution_screen_v2_N016384_dt0p1_m005,golovin,golovin_fixed10_high_resolution_screen_v2,controlled,25,5,not_applicable,15187404135339358973,16384,0.1,300.0,3600.0,2400.0000953674316,16384,0.23211582964010324,0.9982363492025279,1.7894001835827567e-09,232115.82964010324,238740390506.1241,1.938390241175799e+19,983.5292358398438,0.987762352982078,0.0,0.0,835.4049682617188,0.03409890933053856,0.08794220457664902,0.0,0.0,0.13876794793268685,0.0,0.0,0.1877243993803368,0.0,0.0,0.13876794793268685,0.0,0.0,229204.92913507385,0.012699990859768695,238733292669.84543,2.9731237731089877e-05,1.8201113831406539e+19,0.06498440652079851
golovin_fixed10_high_resolution_screen_v2_N016384_dt0p1_m005,golovin,golovin_fixed10_high_resolution_screen_v2,controlled,25,5,not_applicable,15187404135339358973,16384,0.1,300.0,3600.0,2700.000047683716,16384,0.14790496200998243,0.9982363473471162,-6.92896851006708e-11,147904.96200998244,238740390062.37976,4.6291198443902255e+19,1296.9737548828125,0.9922064773216981,0.02289801057863674,0.02289801057863674,1105.0570068359375,0.03637876763151747,0.10277605088770955,0.0,0.0,0.15842431741263566,0.0,0.0,0.2208131186516155,0.0,0.0,0.15842431741263566,0.0,0.0,146147.28387886327,0.012026758790646186,238733292669.84543,2.9729378985932087e-05,4.476765798748041e+19,0.03403216797376163
golovin_fixed10_high_resolution_screen_v2_N016384_dt0p1_m005,golovin,golovin_fixed10_high_resolution_screen_v2,controlled,25,5,not_applicable,15187404135339358973,16384,0.1,300.0,3600.0,3000.0,16384,0.09436469314547616,0.9982363477727,3.5704594836261094e-10,94364.69314547617,238740390164.1633,1.1409614128511084e+20,1555.144287109375,0.9950008888832045,0.147819843823187,0.147819843823187,1440.6983642578125,0.04607392432643361,0.11256702724898618,0.0,0.0,0.17202050926931065,0.0,0.0,0.2304822435828572,0.0,0.0,0.17202050926931065,0.0,0.0,93187.47491936282,0.01263279455883981,238733292669.84543,2.9729805334222092e-05,1.1011101959187887e+20,0.036191851714775014
golovin_fixed10_high_resolution_screen_v2_N016384_dt0p1_m005,golovin,golovin_fixed10_high_resolution_screen_v2,controlled,25,5,not_applicable,15187404135339358973,16384,0.1,300.0,3600.0,3299.999952316284,16384,0.06023915517598818,0.9982363492800459,1.867055177129373e-09,60239.15517598818,238740390524.6634,2.7737044633810842e+20,2101.116943359375,0.9968102494252215,0.37202380250061823,0.37202380250061823,1880.430908203125,0.05479489762843212,0.1335819375834241,0.0,0.0,0.1711798234348702,0.0,0.0,0.2487697878487891,0.0,0.0,0.1711798234348702,0.0,0.0,59418.863295774216,0.013805243566015868,238733292669.84543,2.973131538785978e-05,2.7083026409274727e+20,0.024148638880038265
golovin_fixed10_high_resolution_screen_v2_N016384_dt0p1_m005,golovin,golovin_fixed10_high_resolution_screen_v2,controlled,25,5,not_applicable,15187404135339358973,16384,0.1,300.0,3600.0,3599.9999046325684,16384,0.03848164019097692,0.9982363499217092,2.5098521039268462e-09,38481.64019097692,238740390678.12506,6.788490325717018e+20,3378.5458984375,0.9979595784288994,0.5751010612952022,0.5751010612952022,2481.57177734375,0.054452204824285075,0.14506155868719378,0.0,0.0,0.20015737372088224,0.0,0.0,0.2592567243753515,0.0,0.0,0.20015737372088224,0.0,0.0,37887.079979546696,0.015692954214238553,238733292669.84543,2.9731958204326503e-05,6.661370698447075e+20,0.01908310361703447
golovin_fixed10_high_resolution_screen_v2_N016384_dt0p1_m006,golovin,golovin_fixed10_high_resolution_screen_v2,controlled,26,6,not_applicable,1331966235394635580,16384,0.1,300.0,3600.0,0.0,16384,8.388608,0.9982363474162836,0.0,8388608.0,238740390078.92203,1.3588188114267852e+16,74.99010467529297,0.3426337917221375,0.0,0.0,57.375732421875,0.06295570212964098,0.0033285650941950098,0.0,0.0,0.007120967653698126,0.0,0.0,0.01348464728023573,0.0,0.0,0.007120967653698126,0.0,0.0,8388608.0,0.0,238733292669.84543,2.972944827761559e-05,1.3588329560514944e+16,-1.0409391858035022e-05
golovin_fixed10_high_resolution_screen_v2_N016384_dt0p1_m006,golovin,golovin_fixed10_high_resolution_screen_v2,controlled,26,6,not_applicable,1331966235394635580,16384,0.1,300.0,3600.0,300.00001192092896,16384,5.3889195594723756,0.9982363494610128,2.0483417184635755e-09,5388919.559472376,238740390567.94385,3.345155369760484e+16,129.37124633789062,0.6259020718741398,0.0,0.0,86.90519714355469,0.050031773224928175,0.08036406183163536,0.0,0.0,0.11687743134811554,0.0,0.0,0.16378088600072926,0.0,0.0,0.11687743134811554,0.0,0.0,5348803.665523084,0.007499975033270934,238733292669.84543,2.973149667995223e-05,3.3422009487832736e+16,0.0008839746689337513
golovin_fixed10_high_resolution_screen_v2_N016384_dt0p1_m006,golovin,golovin_fixed10_high_resolution_screen_v2,controlled,26,6,not_applicable,1331966235394635580,16384,0.1,300.0,3600.0,600.0000238418579,16384,3.4536656652940536,0.998236348147344,7.323519568558368e-10,3453665.6652940535,238740390253.76398,8.17321070164773e+16,161.7569122314453,0.7823023806746534,0.0,0.0,124.69116973876953,0.03805944295424867,0.07506218967286984,0.0,0.0,0.11969634293194009,0.0,0.0,0.17174791158536112,0.0,0.0,0.11969634293194009,0.0,0.0,3410542.089022777,0.012644199996849403,238733292669.84543,2.9730180651332816e-05,8.220515356432454e+16,-0.005754463404500476
golovin_fixed10_high_resolution_screen_v2_N016384_dt0p1_m006,golovin,golovin_fixed10_high_resolution_screen_v2,controlled,26,6,not_applicable,1331966235394635580,16384,0.1,300.0,3600.0,899.9999761581421,16384,2.2125583703887934,0.998236346707694,-7.098415188977469e-10,2212558.3703887933,238740389909.45413,1.9756454042081168e+17,223.27578735351562,0.8704995133443881,0.0,0.0,170.84153747558594,0.03893837412779306,0.10061980443531962,0.0,0.0,0.13884800275956075,0.0,0.0,0.1737281789307103,0.0,0.0,0.13884800275956075,0.0,0.0,2174654.2046287498,0.01742997377668809,238733292669.84543,2.972873841478041e-05,2.021926918134987e+17,-0.02288980551758013
golovin_fixed10_high_resolution_screen_v2_N016384_dt0p1_m006,golovin,golovin_fixed10_high_resolution_screen_v2,controlled,26,6,not_applicable,1331966235394635580,16384,0.1,300.0,3600.0,1200.0000476837158,16384,1.402321296746151,0.9982363492093101,1.7961943044042528e-09,1402321.2967461508,238740390507.74615,5.178702091949938e+17,287.55059814453125,0.9209807915505343,0.0,0.0,235.40072631835938,0.05780678022175971,0.10834769925599692,0.0,0.0,0.14385061082931844,0.0,0.0,0.18346234178122306,0.0,0.0,0.14385061082931844,0.0,0.0,1386618.2972187817,0.01132467353046307,238733292669.84543,2.9731244525432743e-05,4.97315526712769e+17,0.04133127034679607
golovin_fixed10_high_resolution_screen_v2_N016384_dt0p1_m006,golovin,golovin_fixed10_high_resolution_screen_v2,controlled,26,6,not_applicable,1331966235394635580,16384,0.1,300.0,3600.0,1500.0,16384,0.8970811837748398,0.9982363468836121,-5.336127095745269e-10,897081.1837748399,238740389951.52707,1.2465690805862492e+18,418.7835693359375,0.9510620061677948,0.0,0.0,324.9395446777344,0.04463335311410349,0.10401203815653516,0.0,0.0,0.14665778839167282,0.0,0.0,0.19212469104971605,0.0,0.0,0.14665778839167282,0.0,0.0,884145.4617925527,0.014630762178047929,238733292669.84543,2.9728914648918803e-05,1.2232026906685448e+18,0.01910263122862621
golovin_fixed10_high_resolution_screen_v2_N016384_dt0p1_m006,golovin,golovin_fixed10_high_resolution_screen_v2,controlled,26,6,not_applicable,1331966235394635580,16384,0.1,300.0,3600.0,1799.9999523162842,16384,0.5713733830723202,0.9982363489391711,1.5255781082856856e-09,571373.3830723203,238740390443.1391,3.1444212030889994e+18,526.2213134765625,0.9697840618063376,0.0,0.0,434.4800720214844,0.042605175140125046,0.09532020075737463,0.0,0.0,0.12962053872584922,0.0,0.0,0.1959761701518126,0.0,0.0,0.12962053872584922,0.0,0.0,563755.1438462138,0.013513383087081277,238733292669.84543,2.9730973901020974e-05,3.0086026719268946e+18,0.04514339245571386
golovin_fixed10_high_resolution_screen_v2_N016384_dt0p1_m006,golovin,golovin_fixed10_high_resolution_screen_v2,controlled,26,6,not_applicable,1331966235394635580,16384,0.1,300.0,3600.0,2099.9999046325684,16384,0.36462939342760065,0.9982363487065272,1.2925231995808417e-09,364629.3934276006,238740390387.49945,7.822203690101337e+18,767.6821899414062,0.9809250434021644,0.0,0.0,587.5723266601562,0.032775153434157066,0.09308695752688775,0.0,0.0,0.1273217554498187,0.0,0.0,0.1806727697578247,0.0,0.0,0.1273217554498187,0.0,0.0,359465.58111456485,0.01436524825833052,238733292669.84543,2.9730740839006842e-05,7.39999192822117e+18,0.05705570573259533
golovin_fixed10_high_resolution_screen_v2_N016384_dt0p1_m006,golovin,golovin_fixed10_high_resolution_screen_v2,controlled,26,6,not_applicable,1331966235394635580,16384,0.1,300.0,3600.0,2400.0000953674316,16384,0.23252838127926836,0.9982363460597595,-1.358920753702364e-09,232528.38127926836,238740389754.49268,1.8950659139898536e+19,1020.1039428710938,0.9879214272500771,0.0006170856642914716,0.0006170856642914716,826.4741821289062,0.036940545844810026,0.08896277199550613,0.0,0.0,0.14095160353663733,0.0,0.0,0.1955244856888899,0.0,0.0,0.14095160353663733,0.0,0.0,229204.92913507385,0.014499915672563812,238733292669.84543,2.9728089316227724e-05,1.8201113831406539e+19,0.04118128788352693
golovin_fixed10_high_resolution_screen_v2_N016384_dt0p1_m006,golovin,golovin_fixed10_high_resolution_screen_v2,controlled,26,6,not_applicable,1331966235394635580,16384,0.1,300.0,3600.0,2700.000047683716,16384,0.14843767168893476,0.9982363465619578,-8.558351805021402e-10,148437.67168893476,238740389874.59955,4.5410758930774245e+19,1341.26513671875,0.9923636447019928,0.019359580165668053,0.019359580165668053,1055.2637939453125,0.03205249450989088,0.0858364648492094,0.0,0.0,0.13691229995319984,0.0,0.0,0.20166432491716396,0.0,0.0,0.13691229995319984,0.0,0.0,146147.28387886327,0.015671778149294324,238733292669.84543,2.9728592416899957e-05,4.476765798748041e+19,0.014365302367921107
golovin_fixed10_high_resolution_screen_v2_N016384_dt0p1_m006,golovin,golovin_fixed10_high_resolution_screen_v2,controlled,26,6,not_applicable,1331966235394635580,16384,0.1,300.0,3600.0,3000.0,16384,0.09484718463321266,0.9982363478170747,4.014992782686022e-10,94847.18463321266,238740390174.77603,1.0679762324066345e+20,1662.3402099609375,0.9951350214364717,0.1420928676955544,0.1420928676955544,1399.932373046875,0.03467560940380567,0.10559292269266371,0.0,0.0,0.16524208619884534,0.0,0.0,0.22398351273359476,0.0,0.0,0.16524208619884534,0.0,0.0,93187.47491936282,0.01781043767186552,238733292669.84543,2.972984978866222e-05,1.1011101959187887e+20,-0.030091414678534045
golovin_fixed10_high_resolution_screen_v2_N016384_dt0p1_m006,golovin,golovin_fixed10_high_resolution_screen_v2,controlled,26,6,not_applicable,1331966235394635580,16384,0.1,300.0,3600.0,3299.999952316284,16384,0.06048061181837153,0.9982363471699804,-2.4673840748334896e-10,60480.61181837153,238740390020.01556,2.6667369668917756e+20,2330.4599609375,0.9969334095269414,0.3662565863381169,0.3662565863381169,1893.36572265625,0.03962326841737997,0.12013035553122431,0.0,0.0,0.1764848841519928,0.0,0.0,0.26302936070141747,0.0,0.0,0.1764848841519928,0.0,0.0,59418.863295774216,0.017868879741306465,238733292669.84543,2.9729201531880634e-05,2.7083026409274727e+20,-0.015347499724573832
golovin_fixed10_high_resolution_screen_v2_N016384_dt0p1_m006,golovin,golovin_fixed10_high_resolution_screen_v2,controlled,26,6,not_applicable,1331966235394635580,16384,0.1,300.0,3600.0,3599.9999046325684,16384,0.03841850689398856,0.9982363498663921,2.454437320054126e-09,38418.50689398856,238740390664.89532,6.577826991538293e+20,2930.08984375,0.998055088180252,0.5690515124831238,0.5690515124831238,2627.5078125,0.05682750462043625,0.1565135918273595,0.0,0.0,0.20466919541846157,0.0,0.0,0.27994316015234194,0.0,0.0,0.20466919541846157,0.0,0.0,37887.079979546696,0.014026599957789099,238733292669.84543,2.9731902787988318e-05,6.661370698447075e+20,-0.012541518959192421
golovin_fixed10_high_resolution_screen_v2_N016384_dt0p1_m007,golovin,golovin_fixed10_high_resolution_screen_v2,controlled,27,7,not_applicable,15314559316584261693,16384,0.1,300.0,3600.0,0.0,16384,8.388608,0.9982363474162836,0.0,8388608.0,238740390078.92203,1.3588188114267852e+16,74.99010467529297,0.3426337917221375,0.0,0.0,57.375732421875,0.0629851579141683,0.0033285650941950098,0.0,0.0,0.007120967653698126,0.0,0.0,0.01348464728023573,0.0,0.0,0.007120967653698126,0.0,0.0,8388608.0,0.0,238733292669.84543,2.972944827761559e-05,1.3588329560514944e+16,-1.0409391858035022e-05
golovin_fixed10_high_resolution_screen_v2_N016384_dt0p1_m007,golovin,golovin_fixed10_high_resolution_screen_v2,controlled,27,7,not_applicable,15314559316584261693,16384,0.1,300.0,3600.0,300.00001192092896,16384,5.283533373408833,0.9982363485886567,1.1744443195738086e-09,5283533.373408833,238740390359.3093,3.515349537931225e+16,128.3342742919922,0.65077485289576,0.0,0.0,87.72298431396484,0.0698975136509332,0.07866546391400742,0.0,0.0,0.11055732583281978,0.0,0.0,0.15767153477498813,0.0,0.0,0.11055732583281978,0.0,0.0,5348803.665523084,-0.012202783313017385,238733292669.84543,2.9730622756796166e-05,3.3422009487832736e+16,0.05180675602733764
golovin_fixed10_high_resolution_screen_v2_N016384_dt0p1_m007,golovin,golovin_fixed10_high_resolution_screen_v2,controlled,27,7,not_applicable,15314559316584261693,16384,0.1,300.0,3600.0,600.0000238418579,16384,3.4102535731872137,0.9982363484651909,1.0507603676046529e-09,3410253.573187214,238740390329.78094,8.696631907818069e+16,160.420654296875,0.7899052142270359,0.0,0.0,126.09864044189453,0.05086444969976151,0.09225016899197966,0.0,0.0,0.11525510265550222,0.0,0.0,0.17218590897439592,0.0,0.0,0.11525510265550222,0.0,0.0,3410542.089022777,-8.45953012841294e-05,238733292669.84543,2.9730499069291483e-05,8.220515356432454e+16,0.057918090380192355
golovin_fixed10_high_resolution_screen_v2_N016384_dt0p1_m007,golovin,golovin_fixed10_high_resolution_screen_v2,controlled,27,7,not_applicable,15314559316584261693,16384,0.1,300.0,3600.0,899.9999761581421,16384,2.1862000656255796,0.9982363474217016,5.427658322787465e-12,2186200.0656255796,238740390080.21777,2.1080521272625923e+17,249.11451721191406,0.8762618375234426,0.0,0.0,182.84991455078125,0.03428337174298641,0.0888459749651353,0.0,0.0,0.11861847359516445,0.0,0.0,0.18313387153564745,0.0,0.0,0.11861847359516445,0.0,0.0,2174654.2046287498,0.005309285941762276,238733292669.84543,2.972945370527391e-05,2.021926918134987e+17,0.04259560934430162
golovin_fixed10_high_resolution_screen_v2_N016384_dt0p1_m007,golovin,golovin_fixed10_high_resolution_screen_v2,controlled,27,7,not_applicable,15314559316584261693,16384,0.1,300.0,3600.0,1200.0000476837158,16384,1.385115558622341,0.9982363467939737,-6.234094351853514e-10,1385115.558622341,238740389930.08896,5.315774113476804e+17,353.0962829589844,0.9256237993201245,0.0,0.0,248.2071990966797,0.051719510922841654,0.0975903443805458,0.0,0.0,0.13742286983722368,0.0,0.0,0.17706418563895748,0.0,0.0,0.13742286983722368,0.0,0.0,1386618.2972187817,-0.0010837435215264035,238733292669.84543,2.9728824849417634e-05,4.97315526712769e+17,0.0688936556261992
golovin_fixed10_high_resolution_screen_v2_N016384_dt0p1_m007,golovin,golovin_fixed10_high_resolution_screen_v2,controlled,27,7,not_applicable,15314559316584261693,16384,0.1,300.0,3600.0,1500.0,16384,0.881237310027107,0.9982363464220464,-9.959938429560111e-10,881237.310027107,238740389841.138,1.2836543703840707e+18,434.56866455078125,0.9534253999248082,0.0,0.0,329.9932556152344,0.03996099621855995,0.07730150854634943,0.0,0.0,0.11445905579583864,0.0,0.0,0.16688281098220856,0.0,0.0,0.11445905579583864,0.0,0.0,884145.4617925527,-0.0032892232003878252,238733292669.84543,2.9728452253907633e-05,1.2232026906685448e+18,0.04942081976821511
golovin_fixed10_high_resolution_screen_v2_N016384_dt0p1_m007,golovin,golovin_fixed10_high_resolution_screen_v2,controlled,27,7,not_applicable,15314559316584261693,16384,0.1,300.0,3600.0,1799.9999523162842,16384,0.5610864644483213,0.9982363473002315,-1.1625722606822819e-10,561086.4644483214,238740390051.1667,3.0804581238458153e+18,534.2340087890625,0.970731072672792,0.0,0.0,452.9573059082031,0.0378745747057173,0.09256067749301766,0.0,0.0,0.13626828040151592,0.0,0.0,0.1887424633542601,0.0,0.0,0.13626828040151592,0.0,0.0,563755.1438462138,-0.004733756183021964,238733292669.84543,2.9729332016836807e-05,3.0086026719268946e+18,0.02388333048740532
golovin_fixed10_high_resolution_screen_v2_N016384_dt0p1_m007,golovin,golovin_fixed10_high_resolution_screen_v2,controlled,27,7,not_applicable,15314559316584261693,16384,0.1,300.0,3600.0,2099.9999046325684,16384,0.35526462246541696,0.9982363483791677,9.64585300522458e-10,355264.62246541696,238740390309.20743,7.487028925592083e+18,702.0909423828125,0.9816037245342342,0.0,0.0,588.8531494140625,0.04320921519793328,0.09449307229527548,0.0,0.0,0.13622888701248834,0.0,0.0,0.18632360906828083,0.0,0.0,0.13622888701248834,0.0,0.0,359465.58111456485,-0.011686678418897034,238733292669.84543,2.973041289133782e-05,7.39999192822117e+18,0.011761769230988373
golovin_fixed10_high_resolution_screen_v2_N016384_dt0p1_m007,golovin,golovin_fixed10_high_resolution_screen_v2,controlled,27,7,not_applicable,15314559316584261693,16384,0.1,300.0,3600.0,2400.0000953674316,16384,0.22568926650371252,0.9982363456594329,-1.7599547375013458e-09,225689.2665037125,238740389658.74976,1.8095607012386093e+19,933.2216796875,0.9884027298427135,0.0,0.0,780.8225708007812,0.02820200508200179,0.08298372959412799,0.0,0.0,0.13646714118639003,0.0,0.0,0.20099414021561313,0.0,0.0,0.13646714118639003,0.0,0.0,229204.92913507385,-0.015338512328805565,238733292669.84543,2.9727688270808628e-05,1.8201113831406539e+19,-0.005796723211432875
golovin_fixed10_high_resolution_screen_v2_N016384_dt0p1_m007,golovin,golovin_fixed10_high_resolution_screen_v2,controlled,27,7,not_applicable,15314559316584261693,16384,0.1,300.0,3600.0,2700.000047683716,16384,0.14357468446524504,0.9982363481086106,6.935501062343974e-10,143574.68446524505,238740390244.50043,4.583793998491576e+19,1255.5977783203125,0.9926714539941927,0.023508773868444736,0.023508773868444736,1103.0557861328125,0.03254433484026688,0.11660118505690642,0.0,0.0,0.15448030058135734,0.0,0.0,0.2167701185069758,0.0,0.0,0.15448030058135734,0.0,0.0,146147.28387886327,-0.017602786349081634,238733292669.84543,2.973014184837197e-05,4.476765798748041e+19,0.023907482444908368
golovin_fixed10_high_resolution_screen_v2_N016384_dt0p1_m007,golovin,golovin_fixed10_high_resolution_screen_v2,controlled,27,7,not_applicable,15314559316584261693,16384,0.1,300.0,3600.0,3000.0,16384,0.09155192209120497,0.9982363485322985,1.1179865921917553e-09,91551.92209120496,238740390345.83054,1.1108099065703993e+20,1927.1807861328125,0.9953304442857435,0.14167942351465856,0.14167942351465856,1384.8446044921875,0.02821387196598478,0.10426230568826056,0.0,0.0,0.1619066346063168,0.0,0.0,0.22078170270924752,0.0,0.0,0.1619066346063168,0.0,0.0,93187.47491936282,-0.01755120878179328,238733292669.84543,2.9730566297292427e-05,1.1011101959187887e+20,0.008809028095064564
golovin_fixed10_high_resolution_screen_v2_N016384_dt0p1_m007,golovin,golovin_fixed10_high_resolution_screen_v2,controlled,27,7,not_applicable,15314559316584261693,16384,0.1,300.0,3600.0,3299.999952316284,16384,0.05820310460014424,0.9982363482036719,7.887794861716202e-10,58203.10460014424,238740390267.23547,2.7333785477105372e+20,2249.056396484375,0.9970350988317811,0.3446197780650123,0.3446197780650123,1929.811279296875,0.0395619540476037,0.12720255453027332,0.0,0.0,0.17458834233812745,0.0,0.0,0.2665573584141228,0.0,0.0,0.17458834233812745,0.0,0.0,59418.863295774216,-0.020460820490257325,238733292669.84543,2.9730237080416444e-05,2.7083026409274727e+20,0.009258901277915177
golovin_fixed10_high_resolution_screen_v2_N016384_dt0p1_m007,golovin,golovin_fixed10_high_resolution_screen_v2,controlled,27,7,not_applicable,15314559316584261693,16384,0.1,300.0,3600.0,3599.9999046325684,16384,0.037233239964944036,0.9982363478691983,4.537148434735627e-10,37233.239964944034,238740390187.24203,6.473910242276526e+20,2839.299560546875,0.9981074854306078,0.5471983689358677,0.5471983689358677,2550.552978515625,0.039188162255575996,0.14907822230956433,0.0,0.0,0.19618212757174605,0.0,0.0,0.2826383410093897,0.0,0.0,0.19618212757174605,0.0,0.0,37887.079979546696,-0.017257598499426097,238733292669.84543,2.972990200578174e-05,6.661370698447075e+20,-0.0281414238385278
golovin_fixed10_high_resolution_screen_v2_N016384_dt0p1_m008,golovin,golovin_fixed10_high_resolution_screen_v2,controlled,28,8,not_applicable,657891575694041982,16384,0.1,300.0,3600.0,0.0,16384,8.388608,0.9982363474162836,0.0,8388608.0,238740390078.92203,1.3588188114267852e+16,74.99010467529297,0.3426337917221375,0.0,0.0,57.375732421875,0.06293730506990568,0.0033285650941950098,0.0,0.0,0.007120967653698126,0.0,0.0,0.01348464728023573,0.0,0.0,0.007120967653698126,0.0,0.0,8388608.0,0.0,238733292669.84543,2.972944827761559e-05,1.3588329560514944e+16,-1.0409391858035022e-05
golovin_fixed10_high_resolution_screen_v2_N016384_dt0p1_m008,golovin,golovin_fixed10_high_resolution_screen_v2,controlled,28,8,not_applicable,657891575694041982,16384,0.1,300.0,3600.0,300.00001192092896,16384,5.353633312933584,0.9982363481408258,7.258222911588064e-10,5353633.312933585,238740390252.2051,3.247911118496969e+16,115.5821304321289,0.6344712609783029,0.0,0.0,84.77324676513672,0.03459923237860067,0.0839677598643329,0.0,0.0,0.10434835075878231,0.0,0.0,0.15534528191409153,0.0,0.0,0.10434835075878231,0.0,0.0,5348803.665523084,0.0009029397436348674,238733292669.84543,2.9730174121445074e-05,3.3422009487832736e+16,-0.028211897408691455
golovin_fixed10_high_resolution_screen_v2_N016384_dt0p1_m008,golovin,golovin_fixed10_high_resolution_screen_v2,controlled,28,8,not_applicable,657891575694041982,16384,0.1,300.0,3600.0,600.0000238418579,16384,3.4529836469900483,0.9982363498099063,2.397851694979636e-09,3452983.6469900482,238740390651.38602,7.803138098548518e+16,170.98695373535156,0.7877227340134949,0.0,0.0,122.62451171875,0.028978694988097388,0.08910141117276857,0.0,0.0,0.11486934742336223,0.0,0.0,0.17919063591800305,0.0,0.0,0.11486934742336223,0.0,0.0,3410542.089022777,0.01244422641898324,238733292669.84543,2.9731846200364842e-05,8.220515356432454e+16,-0.050772638914583834
golovin_fixed10_high_resolution_screen_v2_N016384_dt0p1_m008,golovin,golovin_fixed10_high_resolution_screen_v2,controlled,28,8,not_applicable,657891575694041982,16384,0.1,300.0,3600.0,899.9999761581421,16384,2.2179475438391534,0.9982363479934965,5.782325729342119e-10,2217947.5438391534,238740390216.96945,1.9290563865703142e+17,226.01531982421875,0.8725793043733386,0.0,0.0,170.58621215820312,0.03138244335023885,0.07789993602064596,0.0,0.0,0.11866917925701637,0.0,0.0,0.18195965632375685,0.0,0.0,0.11866917925701637,0.0,0.0,2174654.2046287498,0.019908148669454562,238733292669.84543,2.9730026527285958e-05,2.021926918134987e+17,-0.04593169551861742
golovin_fixed10_high_resolution_screen_v2_N016384_dt0p1_m008,golovin,golovin_fixed10_high_resolution_screen_v2,controlled,28,8,not_applicable,657891575694041982,16384,0.1,300.0,3600.0,1200.0000476837158,16384,1.3976814029893914,0.9982363465674211,-8.503622250799481e-10,1397681.4029893915,238740389875.9062,4.6980367349184525e+17,283.70025634765625,0.9232313474266932,0.0,0.0,227.5142059326172,0.03147595524996645,0.07902064055262961,0.0,0.0,0.1371728658042947,0.0,0.0,0.18438625040413867,0.0,0.0,0.1371728658042947,0.0,0.0,1386618.2972187817,0.007978479580717845,238733292669.84543,2.9728597890077424e-05,4.97315526712769e+17,-0.055320720434320125
golovin_fixed10_high_resolution_screen_v2_N016384_dt0p1_m008,golovin,golovin_fixed10_high_resolution_screen_v2,controlled,28,8,not_applicable,657891575694041982,16384,0.1,300.0,3600.0,1500.0,16384,0.8987680423558435,0.9982363469905705,-4.2646530751255796e-10,898768.0423558435,238740389977.1075,1.1208918808099535e+18,403.1331787109375,0.9520875953782644,0.0,0.0,312.6824645996094,0.0541514387772149,0.10601189158557829,0.0,0.0,0.14147543784959413,0.0,0.0,0.18667885434374873,0.0,0.0,0.14147543784959413,0.0,0.0,884145.4617925527,0.016538659298939606,238733292669.84543,2.9729021799651534e-05,1.2232026906685448e+18,-0.08364174689860515
golovin_fixed10_high_resolution_screen_v2_N016384_dt0p1_m008,golovin,golovin_fixed10_high_resolution_screen_v2,controlled,28,8,not_applicable,657891575694041982,16384,0.1,300.0,3600.0,1799.9999523162842,16384,0.5704038589588776,0.9982363482422677,8.274434470934011e-10,570403.8589588776,238740390276.46616,2.729189130501946e+18,530.382080078125,0.970272203470774,0.0,0.0,417.7038269042969,0.051834744885326293,0.10220306707602404,0.0,0.0,0.13058730475305025,0.0,0.0,0.18559978443382172,0.0,0.0,0.13058730475305025,0.0,0.0,563755.1438462138,0.01179362208086121,238733292669.84543,2.973027574548759e-05,3.0086026719268946e+18,-0.09287153269926307
golovin_fixed10_high_resolution_screen_v2_N016384_dt0p1_m008,golovin,golovin_fixed10_high_resolution_screen_v2,controlled,28,8,not_applicable,657891575694041982,16384,0.1,300.0,3600.0,2099.9999046325684,16384,0.36491372789235155,0.9982363476659953,2.5015278737328117e-10,364913.72789235157,238740390138.64362,6.987936177581983e+18,699.0152587890625,0.9813021897559059,0.0,0.0,570.741943359375,0.04747193691448172,0.08589714423971502,0.0,0.0,0.12687522182386127,0.0,0.0,0.1855290195944925,0.0,0.0,0.12687522182386127,0.0,0.0,359465.58111456485,0.015156240441418944,238733292669.84543,2.972969843795248e-05,7.39999192822117e+18,-0.05568327028408504
golovin_fixed10_high_resolution_screen_v2_N016384_dt0p1_m008,golovin,golovin_fixed10_high_resolution_screen_v2,controlled,28,8,not_applicable,657891575694041982,16384,0.1,300.0,3600.0,2400.0000953674316,16384,0.2344565337015478,0.9982363471791722,-2.375303287394104e-10,234456.5337015478,238740390022.2139,1.671841648027275e+19,1048.2176513671875,0.9880748163816172,0.0007904052599899473,0.0007904052599899473,772.7223510742188,0.045155105838564864,0.0962555247154415,0.0,0.0,0.13500563430662063,0.0,0.0,0.1862805296742487,0.0,0.0,0.13500563430662063,0.0,0.0,229204.92913507385,0.022912267141423914,238733292669.84543,2.97292107400704e-05,1.8201113831406539e+19,-0.08146190199499503
golovin_fixed10_high_resolution_screen_v2_N016384_dt0p1_m008,golovin,golovin_fixed10_high_resolution_screen_v2,controlled,28,8,not_applicable,657891575694041982,16384,0.1,300.0,3600.0,2700.000047683716,16384,0.14929229874984495,0.9982363464274685,-9.90562187830335e-10,149292.29874984495,238740389842.43475,3.994631212429729e+19,1276.072265625,0.9924507825537497,0.01536151438797096,0.01536151438797096,1043.828857421875,0.0536258257815838,0.116269479399337,0.0,0.0,0.15271571134378067,0.0,0.0,0.20431477881850915,0.0,0.0,0.15271571134378067,0.0,0.0,146147.28387886327,0.021519489021694538,238733292669.84543,2.9728457685784804e-05,4.476765798748041e+19,-0.10769707596791067
golovin_fixed10_high_resolution_screen_v2_N016384_dt0p1_m008,golovin,golovin_fixed10_high_resolution_screen_v2,controlled,28,8,not_applicable,657891575694041982,16384,0.1,300.0,3600.0,3000.0,16384,0.09518943059913121,0.9982363465353545,-8.824855290967548e-10,95189.43059913121,238740389868.23703,9.840293125574848e+19,1616.5946044921875,0.995185488901938,0.11386302335814692,0.11386302335814692,1474.3896484375,0.06866227276911793,0.154763077967795,0.0,0.0,0.17979376518985737,0.0,0.0,0.2497535915433073,0.0,0.0,0.17979376518985737,0.0,0.0,93187.47491936282,0.021483098254360122,238733292669.84543,2.9728565765774206e-05,1.1011101959187887e+20,-0.10632985126761929
golovin_fixed10_high_resolution_screen_v2_N016384_dt0p1_m008,golovin,golovin_fixed10_high_resolution_screen_v2,controlled,28,8,not_applicable,657891575694041982,16384,0.1,300.0,3600.0,3299.999952316284,16384,0.0607776268718068,0.9982363482761716,8.61407167818129e-10,60777.6268718068,238740390284.5747,2.452270910531393e+20,2139.87451171875,0.9969209798580555,0.30878167299505554,0.30878167299505554,1986.724853515625,0.07345632814401727,0.12554386385255475,0.0,0.0,0.16226456749835363,0.0,0.0,0.23583010712226268,0.0,0.0,0.16226456749835363,0.0,0.0,59418.863295774216,0.022867545770254072,238733292669.84543,2.973030971054058e-05,2.7083026409274727e+20,-0.09453586409693127
golovin_fixed10_high_resolution_screen_v2_N016384_dt0p1_m008,golovin,golovin_fixed10_high_resolution_screen_v2,controlled,28,8,not_applicable,657891575694041982,16384,0.1,300.0,3600.0,3599.9999046325684,16384,0.03876958706145878,0.9982363513252036,3.915826107814269e-09,38769.58706145878,238740391013.78784,6.008305137139114e+20,3120.666748046875,0.9980360628494315,0.5250813774389309,0.5250813774389309,2448.20654296875,0.07286275243094184,0.17084239364828255,0.0,0.0,0.21319740380159533,0.0,0.0,0.2758255720757076,0.0,0.0,0.21319740380159533,0.0,0.0,37887.079979546696,0.023293087838611504,238733292669.84543,2.9733364220074776e-05,6.661370698447075e+20,-0.0980377148895506
golovin_fixed10_high_resolution_screen_v2_N016384_dt0p1_m009,golovin,golovin_fixed10_high_resolution_screen_v2,controlled,29,9,not_applicable,6987282758358410744,16384,0.1,300.0,3600.0,0.0,16384,8.388608,0.9982363474162836,0.0,8388608.0,238740390078.92203,1.3588188114267852e+16,74.99010467529297,0.3426337917221375,0.0,0.0,57.375732421875,0.06294298101422945,0.0033285650941950098,0.0,0.0,0.007120967653698126,0.0,0.0,0.01348464728023573,0.0,0.0,0.007120967653698126,0.0,0.0,8388608.0,0.0,238733292669.84543,2.972944827761559e-05,1.3588329560514944e+16,-1.0409391858035022e-05
golovin_fixed10_high_resolution_screen_v2_N016384_dt0p1_m009,golovin,golovin_fixed10_high_resolution_screen_v2,controlled,29,9,not_applicable,6987282758358410744,16384,0.1,300.0,3600.0,300.00001192092896,16384,5.265939529844211,0.9982363491064475,1.6931500645966935e-09,5265939.5298442105,238740390483.14526,3.4161262265920772e+16,116.71371459960938,0.6385913018108211,0.0,0.0,88.53968048095703,0.038294478317490284,0.07543481602618546,0.0,0.0,0.105784646701238,0.0,0.0,0.163614827923382,0.0,0.0,0.105784646701238,0.0,0.0,5348803.665523084,-0.015492087737860483,238733292669.84543,2.9731141477862266e-05,3.3422009487832736e+16,0.02211874119529411
golovin_fixed10_high_resolution_screen_v2_N016384_dt0p1_m009,golovin,golovin_fixed10_high_resolution_screen_v2,controlled,29,9,not_applicable,6987282758358410744,16384,0.1,300.0,3600.0,600.0000238418579,16384,3.3677157656071466,0.9982363478805082,4.6504466943986245e-10,3367715.7656071465,238740390189.94696,8.524370862390454e+16,182.77096557617188,0.7901980213833374,0.0,0.0,127.53800201416016,0.03922981777773788,0.09626649566408313,0.0,0.0,0.1250394677012957,0.0,0.0,0.16145320866668503,0.0,0.0,0.1250394677012957,0.0,0.0,3410542.089022777,-0.01255704292683324,238733292669.84543,2.972991333627384e-05,8.220515356432454e+16,0.03696307260349996
golovin_fixed10_high_resolution_screen_v2_N016384_dt0p1_m009,golovin,golovin_fixed10_high_resolution_screen_v2,controlled,29,9,not_applicable,6987282758358410744,16384,0.1,300.0,3600.0,899.9999761581421,16384,2.1544171433455244,0.9982363484258067,1.0113065940231536e-09,2154417.1433455246,238740390320.3617,2.1016599712823738e+17,227.38211059570312,0.8783247082457962,0.0,0.0,177.20703125,0.037494245729261175,0.09010343607737001,0.0,0.0,0.13764768915182132,0.0,0.0,0.17671090197298325,0.0,0.0,0.13764768915182132,0.0,0.0,2174654.2046287498,-0.009305875499723393,238733292669.84543,2.9730459614185634e-05,2.021926918134987e+17,0.03943419143008997
golovin_fixed10_high_resolution_screen_v2_N016384_dt0p1_m009,golovin,golovin_fixed10_high_resolution_screen_v2,controlled,29,9,not_applicable,6987282758358410744,16384,0.1,300.0,3600.0,1200.0000476837158,16384,1.3708585793266013,0.9982363467993837,-6.179898814906437e-10,1370858.5793266012,238740389931.38278,5.1758606534066477e+17,306.7478332519531,0.9263003815017511,0.0,0.0,233.37442016601562,0.044680538356011656,0.10220975839454932,0.0,0.0,0.12196597921245969,0.0,0.0,0.17014253585190448,0.0,0.0,0.12196597921245969,0.0,0.0,1386618.2972187817,-0.011365577624203094,238733292669.84543,2.972883026908235e-05,4.97315526712769e+17,0.04075991506213983
golovin_fixed10_high_resolution_screen_v2_N016384_dt0p1_m009,golovin,golovin_fixed10_high_resolution_screen_v2,controlled,29,9,not_applicable,6987282758358410744,16384,0.1,300.0,3600.0,1500.0,16384,0.8785747914964052,0.9982363470439701,-3.729713204947416e-10,878574.7914964051,238740389989.87863,1.228021086724667e+18,435.8359680175781,0.9539800450861848,0.0,0.0,313.3505554199219,0.03713195338917048,0.10368501012926458,0.0,0.0,0.12442439743839251,0.0,0.0,0.17823215403668946,0.0,0.0,0.12442439743839251,0.0,0.0,884145.4617925527,-0.0063006264657552435,238733292669.84543,2.972907529508184e-05,1.2232026906685448e+18,0.003939164042787269
golovin_fixed10_high_resolution_screen_v2_N016384_dt0p1_m009,golovin,golovin_fixed10_high_resolution_screen_v2,controlled,29,9,not_applicable,6987282758358410744,16384,0.1,300.0,3600.0,1799.9999523162842,16384,0.560455765280631,0.9982363467488586,-6.686041720271874e-10,560455.765280631,238740389919.29913,2.8879381051631104e+18,502.0494384765625,0.9714917511899849,0.0,0.0,414.5592041015625,0.022411623187578302,0.09089768756655518,0.0,0.0,0.13294986418344135,0.0,0.0,0.1858052645650193,0.0,0.0,0.13294986418344135,0.0,0.0,563755.1438462138,-0.005852502813673333,238733292669.84543,2.9728779653348525e-05,3.0086026719268946e+18,-0.04010651452572933
golovin_fixed10_high_resolution_screen_v2_N016384_dt0p1_m009,golovin,golovin_fixed10_high_resolution_screen_v2,controlled,29,9,not_applicable,6987282758358410744,16384,0.1,300.0,3600.0,2099.9999046325684,16384,0.3577634119002123,0.998236347807479,3.9188652323218776e-10,357763.41190021235,238740390172.4811,7.093812683083178e+18,666.7249145507812,0.9820786792308555,0.0,0.0,575.9468383789062,0.02446513661252689,0.09920307026935629,0.0,0.0,0.13190530882112989,0.0,0.0,0.1765382690956464,0.0,0.0,0.13190530882112989,0.0,0.0,359465.58111456485,-0.004735277322170162,238733292669.84543,2.972984017568514e-05,7.39999192822117e+18,-0.041375618799031844
golovin_fixed10_high_resolution_screen_v2_N016384_dt0p1_m009,golovin,golovin_fixed10_high_resolution_screen_v2,controlled,29,9,not_applicable,6987282758358410744,16384,0.1,300.0,3600.0,2400.0000953674316,16384,0.2292174287060964,0.9982363484156392,1.0011211859506375e-09,229217.4287060964,238740390317.93005,1.7914321528036485e+19,949.460693359375,0.9886189150598355,0.0,0.0,780.7858276367188,0.042706794348732084,0.12171095943961799,0.0,0.0,0.16189165140248232,0.0,0.0,0.21163954090195336,0.0,0.0,0.16189165140248232,0.0,0.0,229204.92913507385,5.453447737679973e-05,238733292669.84543,2.9730449428555517e-05,1.8201113831406539e+19,-0.015756854554427657
golovin_fixed10_high_resolution_screen_v2_N016384_dt0p1_m009,golovin,golovin_fixed10_high_resolution_screen_v2,controlled,29,9,not_applicable,6987282758358410744,16384,0.1,300.0,3600.0,2700.000047683716,16384,0.1466350271987356,0.9982363478174354,4.0186054484081524e-10,146635.02719873562,238740390174.86234,4.269916043785154e+19,1245.74951171875,0.992780375707513,0.01721486093815087,0.01721486093815087,1054.1822509765625,0.026577285647186952,0.11479911989683325,0.0,0.0,0.15229243908957749,0.0,0.0,0.2135382455435001,0.0,0.0,0.15229243908957749,0.0,0.0,146147.28387886327,0.0033373409818320265,238733292669.84543,2.972985015015084e-05,4.476765798748041e+19,-0.04620517674181979
golovin_fixed10_high_resolution_screen_v2_N016384_dt0p1_m009,golovin,golovin_fixed10_high_resolution_screen_v2,controlled,29,9,not_applicable,6987282758358410744,16384,0.1,300.0,3600.0,3000.0,16384,0.09363301910831452,0.9982363472499716,-1.666059512572815e-10,93633.01910831452,238740390039.14642,1.0317723543708364e+20,1721.495849609375,0.9954186664617525,0.1322730255254013,0.1322730255254013,1386.1343994140625,0.026716628969880626,0.10144595647494091,0.0,0.0,0.1612743533024265,0.0,0.0,0.21666709762879904,0.0,0.0,0.1612743533024265,0.0,0.0,93187.47491936282,0.004781159585418804,238733292669.84543,2.9729281666668328e-05,1.1011101959187887e+20,-0.06297084688249155
golovin_fixed10_high_resolution_screen_v2_N016384_dt0p1_m009,golovin,golovin_fixed10_high_resolution_screen_v2,controlled,29,9,not_applicable,6987282758358410744,16384,0.1,300.0,3600.0,3299.999952316284,16384,0.059660799113705074,0.9982363493724974,1.9596699818436036e-09,59660.79911370507,238740390546.77435,2.4457117888056014e+20,2097.2001953125,0.997084368635908,0.34472562259911155,0.34472562259911155,1808.1221923828125,0.03885495657283107,0.12462108648621718,0.0,0.0,0.16770690042122982,0.0,0.0,0.24640959295751166,0.0,0.0,0.16770690042122982,0.0,0.0,59418.863295774216,0.004071700542747747,238733292669.84543,2.973140800577312e-05,2.7083026409274727e+20,-0.0969577211031134
golovin_fixed10_high_resolution_screen_v2_N016384_dt0p1_m009,golovin,golovin_fixed10_high_resolution_screen_v2,controlled,29,9,not_applicable,6987282758358410744,16384,0.1,300.0,3600.0,3599.9999046325684,16384,0.038059998797440035,0.9982363471352944,-2.8148572361885726e-10,38059.998797440036,238740390011.72003,5.862446698108085e+20,2606.859375,0.9981428446663351,0.5503599994186483,0.5503599994186483,2451.38818359375,0.0429883237317498,0.14331603982485283,0.0,0.0,0.18723000246421562,0.0,0.0,0.2751928583669139,0.0,0.0,0.18723000246421562,0.0,0.0,37887.079979546696,0.004564057667856503,238733292669.84543,2.972916678367632e-05,6.661370698447075e+20,-0.11993387494937613
golovin_fixed10_high_resolution_screen_v2_N032768_dt0p1_m000,golovin,golovin_fixed10_high_resolution_screen_v2,controlled,30,0,not_applicable,12805062651818743695,32768,0.1,300.0,3600.0,0.0,32768,8.388608,0.9982363474042619,0.0,8388607.999999999,238740390076.0468,1.3588188660031544e+16,74.99505615234375,0.342844725903238,0.0,0.0,57.3795166015625,0.04864213565141819,0.0020209903619093864,0.0,0.0,0.003150725428215289,0.0,0.0,0.0071245865902003274,0.0,0.0,0.003150725428215289,0.0,0.0,8388608.0,-1.1102230246251565e-16,238733292669.84543,2.9729436234138262e-05,1.3588329560514944e+16,-1.0369227709139395e-05
golovin_fixed10_high_resolution_screen_v2_N032768_dt0p1_m000,golovin,golovin_fixed10_high_resolution_screen_v2,controlled,30,0,not_applicable,12805062651818743695,32768,0.1,300.0,3600.0,300.00001192092896,32768,5.349659233838404,0.9982363475373462,1.3331935555527252e-10,5349659.233838404,238740390107.87555,3.3380813184634852e+16,116.682373046875,0.6318261708688935,0.0,0.0,87.7718276977539,0.02835921050689731,0.05287411794297086,0.0,0.0,0.07424271006476822,0.0,0.0,0.12629571254820202,0.0,0.0,0.07424271006476822,0.0,0.0,5348803.665523084,0.00015995507945709697,238733292669.84543,2.972956955749062e-05,3.3422009487832736e+16,-0.0012326100024859787
golovin_fixed10_high_resolution_screen_v2_N032768_dt0p1_m000,golovin,golovin_fixed10_high_resolution_screen_v2,controlled,30,0,not_applicable,12805062651818743695,32768,0.1,300.0,3600.0,600.0000238418579,32768,3.394961472570394,0.9982363483011175,8.984402111167356e-10,3394961.4725703937,238740390290.54077,8.064785261660835e+16,161.82196044921875,0.7896218820096863,0.0,0.0,119.92593383789062,0.015265749076652164,0.0689069144276993,0.0,0.0,0.09902889558943084,0.0,0.0,0.13050055670159036,0.0,0.0,0.09902889558943084,0.0,0.0,3410542.089022777,-0.004568369498365477,238733292669.84543,2.973033470099473e-05,8.220515356432454e+16,-0.018944079296654093
golovin_fixed10_high_resolution_screen_v2_N032768_dt0p1_m000,golovin,golovin_fixed10_high_resolution_screen_v2,controlled,30,0,not_applicable,12805062651818743695,32768,0.1,300.0,3600.0,899.9999761581421,32768,2.1623252478473054,0.9982363487149604,1.3130141418571384e-09,2162325.2478473056,238740390389.51636,1.9585349288574506e+17,224.4949493408203,0.8776022838631837,0.0,0.0,166.59658813476562,0.01914911248783396,0.05811978657641667,0.0,0.0,0.09534210868320482,0.0,0.0,0.1363498479396413,0.0,0.0,0.09534210868320482,0.0,0.0,2174654.2046287498,-0.005669387231865164,238733292669.84543,2.973074928735997e-05,2.021926918134987e+17,-0.031352265360811704
golovin_fixed10_high_resolution_screen_v2_N032768_dt0p1_m000,golovin,golovin_fixed10_high_resolution_screen_v2,controlled,30,0,not_applicable,12805062651818743695,32768,0.1,300.0,3600.0,1200.0000476837158,32768,1.3735842373415568,0.9982363462727297,-1.1335313798710445e-09,1373584.2373415567,238740389805.4271,4.820656571618531e+17,311.1510314941406,0.9256060209473692,0.0,0.0,231.6877899169922,0.025725486942221754,0.05825929426682422,0.0,0.0,0.08346146448463476,0.0,0.0,0.11854076963533547,0.0,0.0,0.08346146448463476,0.0,0.0,1386618.2972187817,-0.009399890296679425,238733292669.84543,2.9728302669118634e-05,4.97315526712769e+17,-0.03066437449020898
golovin_fixed10_high_resolution_screen_v2_N032768_dt0p1_m000,golovin,golovin_fixed10_high_resolution_screen_v2,controlled,30,0,not_applicable,12805062651818743695,32768,0.1,300.0,3600.0,1500.0,32768,0.8768168824975429,0.9982363474241465,1.991962150782456e-11,876816.8824975429,238740390080.80243,1.2099256516365696e+18,478.97698974609375,0.9536497221651141,0.0,0.0,317.8631591796875,0.023152247440040206,0.06156497287902032,0.0,0.0,0.09201998262726471,0.0,0.0,0.1183128052923812,0.0,0.0,0.09201998262726471,0.0,0.0,884145.4617925527,-0.00828888413921347,238733292669.84543,2.972945615420386e-05,1.2232026906685448e+18,-0.010854324580269359
golovin_fixed10_high_resolution_screen_v2_N032768_dt0p1_m000,golovin,golovin_fixed10_high_resolution_screen_v2,controlled,30,0,not_applicable,12805062651818743695,32768,0.1,300.0,3600.0,1799.9999523162842,32768,0.5592961101312137,0.9982363465174948,-8.883338509235728e-10,559296.1101312137,238740389863.9657,2.907082650701519e+18,571.8974609375,0.9713630382608173,0.0,0.0,421.7839050292969,0.014305282546182739,0.06604056516022389,0.0,0.0,0.0849264260510292,0.0,0.0,0.1169383629523947,0.0,0.0,0.0849264260510292,0.0,0.0,563755.1438462138,-0.007909522003787695,238733292669.84543,2.9728547874086075e-05,3.0086026719268946e+18,-0.03374324638233339
golovin_fixed10_high_resolution_screen_v2_N032768_dt0p1_m000,golovin,golovin_fixed10_high_resolution_screen_v2,controlled,30,0,not_applicable,12805062651818743695,32768,0.1,300.0,3600.0,2099.9999046325684,32768,0.35685354177317347,0.998236347123113,-2.816455957344033e-10,356853.5417731735,238740390008.80664,7.11323833033114e+18,761.3423461914062,0.9820090281974212,0.0,0.0,574.58740234375,0.026837559488904143,0.08047810109153578,0.0,0.0,0.10841722192582544,0.0,0.0,0.14783982887853442,0.0,0.0,0.10841722192582544,0.0,0.0,359465.58111456485,-0.007266451862491086,238733292669.84543,2.9729154580104833e-05,7.39999192822117e+18,-0.03875052846969251
golovin_fixed10_high_resolution_screen_v2_N032768_dt0p1_m000,golovin,golovin_fixed10_high_resolution_screen_v2,controlled,30,0,not_applicable,12805062651818743695,32768,0.1,300.0,3600.0,2400.0000953674316,32768,0.2280289470021383,0.9982363456113916,-1.796037873980083e-09,228028.9470021383,238740389647.26007,1.7334472363659817e+19,906.7257080078125,0.9886362379984979,0.0,0.0,791.7615966796875,0.029761954361598224,0.07283554153811216,0.0,0.0,0.10005407554312583,0.0,0.0,0.1362956157393637,0.0,0.0,0.10005407554312583,0.0,0.0,229204.92913507385,-0.0051307017583488435,238733292669.84543,2.97276401430846e-05,1.8201113831406539e+19,-0.04761474906284624
golovin_fixed10_high_resolution_screen_v2_N032768_dt0p1_m000,golovin,golovin_fixed10_high_resolution_screen_v2,controlled,30,0,not_applicable,12805062651818743695,32768,0.1,300.0,3600.0,2700.000047683716,32768,0.1453182789733038,0.998236347890362,4.869589176337286e-10,145318.2789733038,238740390192.30356,4.261388058099066e+19,1357.9439697265625,0.9927739230987921,0.01902392792123017,0.01902392792123017,1053.330078125,0.03133897460539372,0.08103592251930938,0.0,0.0,0.1137993945708225,0.0,0.0,0.15163697819350194,0.0,0.0,0.1137993945708225,0.0,0.0,146147.28387886327,-0.00567239351671156,238733292669.84543,2.9729923207488795e-05,4.476765798748041e+19,-0.04811012019194916
golovin_fixed10_high_resolution_screen_v2_N032768_dt0p1_m000,golovin,golovin_fixed10_high_resolution_screen_v2,controlled,30,0,not_applicable,12805062651818743695,32768,0.1,300.0,3600.0,3000.0,32768,0.09258649676826688,0.9982363488422275,1.4405061588007584e-09,92586.49676826688,238740390419.95386,1.0201609060909266e+20,1782.1065673828125,0.9954194161754448,0.1272695566867533,0.1272695566867533,1410.8238525390625,0.04016712130704941,0.09551303137213434,0.0,0.0,0.11937527088526316,0.0,0.0,0.16954247614246978,0.0,0.0,0.11937527088526316,0.0,0.0,93187.47491936282,-0.006449130117711421,238733292669.84543,2.9730876783151672e-05,1.1011101959187887e+20,-0.07351606599221105
golovin_fixed10_high_resolution_screen_v2_N032768_dt0p1_m000,golovin,golovin_fixed10_high_resolution_screen_v2,controlled,30,0,not_applicable,12805062651818743695,32768,0.1,300.0,3600.0,3299.999952316284,32768,0.05905490352742895,0.9982363474817134,7.758838016513891e-11,59054.90352742895,238740390094.5703,2.4551226846345236e+20,2221.117919921875,0.9970830003901834,0.33337223118885395,0.33337223118885395,1882.6480712890625,0.037621854678595655,0.08773498481185919,0.0,0.0,0.11281577575736888,0.0,0.0,0.16025217604094497,0.0,0.0,0.11281577575736888,0.0,0.0,59418.863295774216,-0.006125323645683967,238733292669.84543,2.9729513824960918e-05,2.7083026409274727e+20,-0.09348288941823957
golovin_fixed10_high_resolution_screen_v2_N032768_dt0p1_m000,golovin,golovin_fixed10_high_resolution_screen_v2,controlled,30,0,not_applicable,12805062651818743695,32768,0.1,300.0,3600.0,3599.9999046325684,32768,0.03763509530788759,0.9982363457680546,-1.6390980794867005e-09,37635.09530788759,238740389684.72794,6.269744963091736e+20,2997.106201171875,0.998147665944585,0.5402548992182414,0.5402548992182414,2696.25732421875,0.04209994234136824,0.09547721135014763,0.0,0.0,0.131691100513908,0.0,0.0,0.19644952762128728,0.0,0.0,0.131691100513908,0.0,0.0,37887.079979546696,-0.006650939364953423,238733292669.84543,2.972779708754203e-05,6.661370698447075e+20,-0.058790563246485794
golovin_fixed10_high_resolution_screen_v2_N032768_dt0p1_m001,golovin,golovin_fixed10_high_resolution_screen_v2,controlled,31,1,not_applicable,1027943644623601826,32768,0.1,300.0,3600.0,0.0,32768,8.388608,0.9982363474042619,0.0,8388607.999999999,238740390076.0468,1.3588188660031544e+16,74.99505615234375,0.342844725903238,0.0,0.0,57.3795166015625,0.04863249953582281,0.0020209903619093864,0.0,0.0,0.003150725428215289,0.0,0.0,0.0071245865902003274,0.0,0.0,0.003150725428215289,0.0,0.0,8388608.0,-1.1102230246251565e-16,238733292669.84543,2.9729436234138262e-05,1.3588329560514944e+16,-1.0369227709139395e-05
golovin_fixed10_high_resolution_screen_v2_N032768_dt0p1_m001,golovin,golovin_fixed10_high_resolution_screen_v2,controlled,31,1,not_applicable,1027943644623601826,32768,0.1,300.0,3600.0,300.00001192092896,32768,5.30060570853575,0.9982363477266247,3.229323475295587e-10,5300605.70853575,238740390153.14383,3.4421277222136424e+16,123.93883514404297,0.6418019306006607,0.0,0.0,87.92442321777344,0.04083413053175345,0.054173452568066674,0.0,0.0,0.10094047291354376,0.0,0.0,0.12456296013401238,0.0,0.0,0.10094047291354376,0.0,0.0,5348803.665523084,-0.009010978903189915,238733292669.84543,2.972975917603371e-05,3.3422009487832736e+16,0.029898493526173908
golovin_fixed10_high_resolution_screen_v2_N032768_dt0p1_m001,golovin,golovin_fixed10_high_resolution_screen_v2,controlled,31,1,not_applicable,1027943644623601826,32768,0.1,300.0,3600.0,600.0000238418579,32768,3.4117912101997505,0.9982363479111257,5.077593900892907e-10,3411791.2101997505,238740390197.26953,8.415418138134485e+16,173.88485717773438,0.7905611389334751,0.0,0.0,124.93716430664062,0.033281820622371616,0.06236041418445849,0.0,0.0,0.08711810924368205,0.0,0.0,0.11800557797065872,0.0,0.0,0.08711810924368205,0.0,0.0,3410542.089022777,0.0003662529722163743,238733292669.84543,2.972994400884943e-05,8.220515356432454e+16,0.02370931422803335
golovin_fixed10_high_resolution_screen_v2_N032768_dt0p1_m001,golovin,golovin_fixed10_high_resolution_screen_v2,controlled,31,1,not_applicable,1027943644623601826,32768,0.1,300.0,3600.0,899.9999761581421,32768,2.1785285053140493,0.9982363482384043,8.356162428668767e-10,2178528.5053140493,238740390275.54218,2.040048930838155e+17,218.9822235107422,0.8760870825767367,0.0,0.0,171.06240844726562,0.025599838833578543,0.06778642436401283,0.0,0.0,0.09819078883732318,0.0,0.0,0.1318026801846487,0.0,0.0,0.09819078883732318,0.0,0.0,2174654.2046287498,0.0017815709169086702,238733292669.84543,2.9730271875250125e-05,2.021926918134987e+17,0.00896274367813632
golovin_fixed10_high_resolution_screen_v2_N032768_dt0p1_m001,golovin,golovin_fixed10_high_resolution_screen_v2,controlled,31,1,not_applicable,1027943644623601826,32768,0.1,300.0,3600.0,1200.0000476837158,32768,1.3913576281216429,0.998236345609234,-1.7981992561644233e-09,1391357.6281216429,238740389646.74405,5.015005957406928e+17,305.84423828125,0.9234832212079744,0.0,0.0,233.99012756347656,0.028928149922407262,0.0682844491690894,0.0,0.0,0.09662084402442961,0.0,0.0,0.13230348256518742,0.0,0.0,0.09662084402442961,0.0,0.0,1386618.2972187817,0.003417905931550891,238733292669.84543,2.972763798148037e-05,4.97315526712769e+17,0.008415319456416048
golovin_fixed10_high_resolution_screen_v2_N032768_dt0p1_m001,golovin,golovin_fixed10_high_resolution_screen_v2,controlled,31,1,not_applicable,1027943644623601826,32768,0.1,300.0,3600.0,1500.0,32768,0.8888706594425665,0.9982363467911418,-6.142033548428572e-10,888870.6594425665,238740389929.41174,1.234895797555692e+18,420.5755615234375,0.9526282912717401,0.0,0.0,318.5830383300781,0.019241514341663487,0.060928787323433355,0.0,0.0,0.08556999016521519,0.0,0.0,0.12274209426775773,0.0,0.0,0.08556999016521519,0.0,0.0,884145.4617925527,0.005344366797329636,238733292669.84543,2.9728822012797806e-05,1.2232026906685448e+18,0.009559418873380965
golovin_fixed10_high_resolution_screen_v2_N032768_dt0p1_m001,golovin,golovin_fixed10_high_resolution_screen_v2,controlled,31,1,not_applicable,1027943644623601826,32768,0.1,300.0,3600.0,1799.9999523162842,32768,0.5667085015968903,0.9982363483101142,9.074527795860377e-10,566708.5015968904,238740390292.69247,3.046059152629702e+18,561.3847045898438,0.9702604858301209,0.0,0.0,439.760498046875,0.028674939082360414,0.058981588593966155,0.0,0.0,0.0869165947544778,0.0,0.0,0.125098155674252,0.0,0.0,0.0869165947544778,0.0,0.0,563755.1438462138,0.00523872426338734,238733292669.84543,2.973034371400729e-05,3.0086026719268946e+18,0.012449793072482507
golovin_fixed10_high_resolution_screen_v2_N032768_dt0p1_m001,golovin,golovin_fixed10_high_resolution_screen_v2,controlled,31,1,not_applicable,1027943644623601826,32768,0.1,300.0,3600.0,2099.9999046325684,32768,0.3594908791173295,0.9982363481440234,7.410685398667738e-10,359490.87911732955,238740390252.96982,7.657051299617485e+18,800.4375,0.981426940918356,0.0,0.0,605.063720703125,0.02500285584980999,0.07184904765222967,0.0,0.0,0.09594874454892291,0.0,0.0,0.12962814791250193,0.0,0.0,0.09594874454892291,0.0,0.0,359465.58111456485,7.037670390097617e-05,238733292669.84543,2.9730177324660545e-05,7.39999192822117e+18,0.03473779078271333
golovin_fixed10_high_resolution_screen_v2_N032768_dt0p1_m001,golovin,golovin_fixed10_high_resolution_screen_v2,controlled,31,1,not_applicable,1027943644623601826,32768,0.1,300.0,3600.0,2400.0000953674316,32768,0.23034613135520465,0.9982363463835028,-1.0225625901583157e-09,230346.13135520465,238740389831.91983,1.9082108268478284e+19,1025.359375,0.9882561033186253,0.0008418292350278017,0.0008418292350278017,807.830810546875,0.027550203537735594,0.07090081770507767,0.0,0.0,0.08995784966951409,0.0,0.0,0.13751875819052334,0.0,0.0,0.08995784966951409,0.0,0.0,229204.92913507385,0.004978960201411198,238733292669.84543,2.9728413641239015e-05,1.8201113831406539e+19,0.04840332549052917
golovin_fixed10_high_resolution_screen_v2_N032768_dt0p1_m001,golovin,golovin_fixed10_high_resolution_screen_v2,controlled,31,1,not_applicable,1027943644623601826,32768,0.1,300.0,3600.0,2700.000047683716,32768,0.14677661157034697,0.9982363462957251,-1.110495362333097e-09,146776.61157034695,238740389810.92676,4.753684188396015e+19,1384.0111083984375,0.9925328347964786,0.027821869529356127,0.027821869529356127,1110.7738037109375,0.03171902092631665,0.07772203906254375,0.0,0.0,0.10553223238574641,0.0,0.0,0.14997542345336365,0.0,0.0,0.10553223238574641,0.0,0.0,146147.28387886327,0.0043061196539602165,238733292669.84543,2.9728325705802305e-05,4.476765798748041e+19,0.0618567961999299
golovin_fixed10_high_resolution_screen_v2_N032768_dt0p1_m001,golovin,golovin_fixed10_high_resolution_screen_v2,controlled,31,1,not_applicable,1027943644623601826,32768,0.1,300.0,3600.0,3000.0,32768,0.09364165993299658,0.9982363479420102,5.386984192057298e-10,93641.65993299658,238740390204.6559,1.1550659387656294e+20,1938.6319580078125,0.9952383952506965,0.1488597734507092,0.1488597734507092,1500.071044921875,0.03133100473413205,0.07892118938676244,0.0,0.0,0.1140306458298342,0.0,0.0,0.1643299153578808,0.0,0.0,0.1140306458298342,0.0,0.0,93187.47491936282,0.004873884757868652,238733292669.84543,2.9729974948766724e-05,1.1011101959187887e+20,0.04900121990226314
golovin_fixed10_high_resolution_screen_v2_N032768_dt0p1_m001,golovin,golovin_fixed10_high_resolution_screen_v2,controlled,31,1,not_applicable,1027943644623601826,32768,0.1,300.0,3600.0,3299.999952316284,32768,0.059891316398957055,0.9982363489200364,1.5184524748690365e-09,59891.31639895705,238740390438.56277,2.952511886630062e+20,2554.25830078125,0.9969610036398644,0.3634282093811836,0.3634282093811836,2099.659423828125,0.04604608766638606,0.09296778829967679,0.0,0.0,0.13272436515744437,0.0,0.0,0.1752246194196469,0.0,0.0,0.13272436515744437,0.0,0.0,59418.863295774216,0.007951230921922292,238733292669.84543,2.973095473191023e-05,2.7083026409274727e+20,0.09017058950950863
golovin_fixed10_high_resolution_screen_v2_N032768_dt0p1_m001,golovin,golovin_fixed10_high_resolution_screen_v2,controlled,31,1,not_applicable,1027943644623601826,32768,0.1,300.0,3600.0,3599.9999046325684,32768,0.03818275323114063,0.9982363483570064,9.544276480255576e-10,38182.753231140625,238740390303.90732,7.166483890444091e+20,3698.7880859375,0.9980648751736606,0.5576788782540736,0.5576788782540736,2788.084716796875,0.040235086013023086,0.1057064201041425,0.0,0.0,0.1465930812615343,0.0,0.0,0.19759383283985968,0.0,0.0,0.1465930812615343,0.0,0.0,37887.079979546696,0.007804065442719388,238733292669.84543,2.9730390690430042e-05,6.661370698447075e+20,0.07582721557813454
golovin_fixed10_high_resolution_screen_v2_N032768_dt0p1_m002,golovin,golovin_fixed10_high_resolution_screen_v2,controlled,32,2,not_applicable,5950163421383157906,32768,0.1,300.0,3600.0,0.0,32768,8.388608,0.9982363474042619,0.0,8388607.999999999,238740390076.0468,1.3588188660031544e+16,74.99505615234375,0.342844725903238,0.0,0.0,57.3795166015625,0.04864069033261777,0.0020209903619093864,0.0,0.0,0.003150725428215289,0.0,0.0,0.0071245865902003274,0.0,0.0,0.003150725428215289,0.0,0.0,8388608.0,-1.1102230246251565e-16,238733292669.84543,2.9729436234138262e-05,1.3588329560514944e+16,-1.0369227709139395e-05
golovin_fixed10_high_resolution_screen_v2_N032768_dt0p1_m002,golovin,golovin_fixed10_high_resolution_screen_v2,controlled,32,2,not_applicable,5950163421383157906,32768,0.1,300.0,3600.0,300.00001192092896,32768,5.336439702605014,0.9982363480682847,6.651958983638906e-10,5336439.702605014,238740390234.856,3.3603649718523924e+16,124.46951293945312,0.6375133096947714,0.0,0.0,88.77934265136719,0.027315819064565938,0.061361492537339565,0.0,0.0,0.08506364442195288,0.0,0.0,0.11470461358219487,0.0,0.0,0.08506364442195288,0.0,0.0,5348803.665523084,-0.002311537998256452,238733292669.84543,2.973010145002064e-05,3.3422009487832736e+16,0.005434748941631318
golovin_fixed10_high_resolution_screen_v2_N032768_dt0p1_m002,golovin,golovin_fixed10_high_resolution_screen_v2,controlled,32,2,not_applicable,5950163421383157906,32768,0.1,300.0,3600.0,600.0000238418579,32768,3.432155558220925,0.9982363473132039,-9.121892130536935e-11,3432155.558220925,238740390054.2692,8.27629044315133e+16,167.0882568359375,0.789419637152521,0.0,0.0,124.7898178100586,0.03473779737045689,0.07080912424252156,0.0,0.0,0.09378175920371373,0.0,0.0,0.1354665781712386,0.0,0.0,0.09378175920371373,0.0,0.0,3410542.089022777,0.00633725332630064,238733292669.84543,2.9729345012663444e-05,8.220515356432454e+16,0.006784864975069027
golovin_fixed10_high_resolution_screen_v2_N032768_dt0p1_m002,golovin,golovin_fixed10_high_resolution_screen_v2,controlled,32,2,not_applicable,5950163421383157906,32768,0.1,300.0,3600.0,899.9999761581421,32768,2.1927136395801967,0.998236348753949,1.3520715658188465e-09,2192713.6395801967,238740390398.84094,2.0063132234774752e+17,237.10997009277344,0.8746177711239728,0.0,0.0,168.16355895996094,0.02098550553074028,0.06418734312403725,0.0,0.0,0.09307368002826837,0.0,0.0,0.13586161120507564,0.0,0.0,0.09307368002826837,0.0,0.0,2174654.2046287498,0.008304508787193576,238733292669.84543,2.97307883461162e-05,2.021926918134987e+17,-0.007722185464504205
golovin_fixed10_high_resolution_screen_v2_N032768_dt0p1_m002,golovin,golovin_fixed10_high_resolution_screen_v2,controlled,32,2,not_applicable,5950163421383157906,32768,0.1,300.0,3600.0,1200.0000476837158,32768,1.404146144780841,0.9982363462722337,-1.1340283156968667e-09,1404146.144780841,238740389805.30847,4.902218649655514e+17,289.8397521972656,0.9226291636911843,0.0,0.0,233.15354919433594,0.020474345983346368,0.07775652122441959,0.0,0.0,0.10756388596414175,0.0,0.0,0.141492902395144,0.0,0.0,0.10756388596414175,0.0,0.0,1386618.2972187817,0.012640715615260367,238733292669.84543,2.9728302172182808e-05,4.97315526712769e+17,-0.014263905641769048
golovin_fixed10_high_resolution_screen_v2_N032768_dt0p1_m002,golovin,golovin_fixed10_high_resolution_screen_v2,controlled,32,2,not_applicable,5950163421383157906,32768,0.1,300.0,3600.0,1500.0,32768,0.8974706831638842,0.9982363488484396,1.4467291808983873e-09,897470.6831638842,238740390421.43954,1.1862683863743135e+18,423.83087158203125,0.951546755659708,0.0,0.0,310.5995178222656,0.01649875338254278,0.062492008744973036,0.0,0.0,0.09436198063789705,0.0,0.0,0.1303048516115197,0.0,0.0,0.09436198063789705,0.0,0.0,884145.4617925527,0.015071299856378229,238733292669.84543,2.9730883006395814e-05,1.2232026906685448e+18,-0.03019475396513782
golovin_fixed10_high_resolution_screen_v2_N032768_dt0p1_m002,golovin,golovin_fixed10_high_resolution_screen_v2,controlled,32,2,not_applicable,5950163421383157906,32768,0.1,300.0,3600.0,1799.9999523162842,32768,0.5737441936228408,0.9982363480559815,6.528710905229218e-10,573744.1936228408,238740390231.9135,2.960741177254572e+18,513.1712036132812,0.9694612170070638,0.0,0.0,424.91229248046875,0.01644708622339153,0.05807359975152665,0.0,0.0,0.08791582811018456,0.0,0.0,0.1239301081275696,0.0,0.0,0.08791582811018456,0.0,0.0,563755.1438462138,0.01771877363012031,238733292669.84543,2.9730089124546666e-05,3.0086026719268946e+18,-0.015908213842564023
golovin_fixed10_high_resolution_screen_v2_N032768_dt0p1_m002,golovin,golovin_fixed10_high_resolution_screen_v2,controlled,32,2,not_applicable,5950163421383157906,32768,0.1,300.0,3600.0,2099.9999046325684,32768,0.36551072769488263,0.9982363482916462,8.88952023103684e-10,365510.7276948826,238740390288.27557,7.402001138499916e+18,740.070068359375,0.9808145823976799,0.0,0.0,584.4376831054688,0.02228678722577098,0.06680256598065766,0.0,0.0,0.09990671888301761,0.0,0.0,0.13815341026309377,0.0,0.0,0.09990671888301761,0.0,0.0,359465.58111456485,0.016817038676064877,238733292669.84543,2.9730325212584674e-05,7.39999192822117e+18,0.00027151519869694773
golovin_fixed10_high_resolution_screen_v2_N032768_dt0p1_m002,golovin,golovin_fixed10_high_resolution_screen_v2,controlled,32,2,not_applicable,5950163421383157906,32768,0.1,300.0,3600.0,2400.0000953674316,32768,0.23242897192793416,0.9982363468439045,-5.613474129972928e-10,232428.97192793415,238740389942.03055,1.8361641370289533e+19,1007.0401611328125,0.9879444107196158,0.0008555604146255028,0.0008555604146255028,804.9290161132812,0.02975150175688421,0.06833777233737047,0.0,0.0,0.10107368411718204,0.0,0.0,0.13921428763791624,0.0,0.0,0.10107368411718204,0.0,0.0,229204.92913507385,0.014066201826577363,238733292669.84543,2.972887487007192e-05,1.8201113831406539e+19,0.008819654685418232
golovin_fixed10_high_resolution_screen_v2_N032768_dt0p1_m002,golovin,golovin_fixed10_high_resolution_screen_v2,controlled,32,2,not_applicable,5950163421383157906,32768,0.1,300.0,3600.0,2700.000047683716,32768,0.14805523534539092,0.9982363480932318,6.901872406928078e-10,148055.23534539092,238740390240.82236,4.50072310328379e+19,1266.1263427734375,0.992353658842398,0.019743199188498827,0.019743199188498827,1099.809326171875,0.02170861232678783,0.07329588585152798,0.0,0.0,0.10261878672627033,0.0,0.0,0.14814226058814436,0.0,0.0,0.10261878672627033,0.0,0.0,146147.28387886327,0.013054990937150013,238733292669.84543,2.973012644180706e-05,4.476765798748041e+19,0.005351475956693719
golovin_fixed10_high_resolution_screen_v2_N032768_dt0p1_m002,golovin,golovin_fixed10_high_resolution_screen_v2,controlled,32,2,not_applicable,5950163421383157906,32768,0.1,300.0,3600.0,3000.0,32768,0.09441063949543106,0.9982363472665273,-1.3797796238890214e-10,94410.63949543107,238740390043.1059,1.1253383212684976e+20,1758.9674072265625,0.9951470146621652,0.14364689450927376,0.14364689450927376,1485.0986328125,0.029691798028555025,0.07188957554518785,0.0,0.0,0.10115905282915537,0.0,0.0,0.14242802883899622,0.0,0.0,0.10115905282915537,0.0,0.0,93187.47491936282,0.013125847407354563,238733292669.84543,2.9729298252068048e-05,1.1011101959187887e+20,0.02200336118901558
golovin_fixed10_high_resolution_screen_v2_N032768_dt0p1_m002,golovin,golovin_fixed10_high_resolution_screen_v2,controlled,32,2,not_applicable,5950163421383157906,32768,0.1,300.0,3600.0,3299.999952316284,32768,0.060237225134174975,0.9982363480941225,6.910794159153966e-10,60237.22513417497,238740390241.0354,2.759130780481323e+20,2338.0517578125,0.9969044989065363,0.3554998825342684,0.3554998825342684,1971.0751953125,0.03140721824395554,0.07363242959290164,0.0,0.0,0.123522451770507,0.0,0.0,0.16709812011781025,0.0,0.0,0.123522451770507,0.0,0.0,59418.863295774216,0.013772761594699867,238733292669.84543,2.9730127334204326e-05,2.7083026409274727e+20,0.018767525750535752
golovin_fixed10_high_resolution_screen_v2_N032768_dt0p1_m002,golovin,golovin_fixed10_high_resolution_screen_v2,controlled,32,2,not_applicable,5950163421383157906,32768,0.1,300.0,3600.0,3599.9999046325684,32768,0.03847745497920806,0.9982363465899851,-8.157154951504708e-10,38477.454979208065,238740389881.3026,6.739535723644652e+20,2977.85205078125,0.9980242425384684,0.5505574205939593,0.5505574205939593,2551.015869140625,0.04182558913115072,0.09439656748089434,0.0,0.0,0.13828987946851945,0.0,0.0,0.19131952574993835,0.0,0.0,0.13828987946851945,0.0,0.0,37887.079979546696,0.015582488805684802,238733292669.84543,2.972862049444025e-05,6.661370698447075e+20,0.011734075273096334
golovin_fixed10_high_resolution_screen_v2_N032768_dt0p1_m003,golovin,golovin_fixed10_high_resolution_screen_v2,controlled,33,3,not_applicable,7069911424374869071,32768,0.1,300.0,3600.0,0.0,32768,8.388608,0.9982363474042619,0.0,8388607.999999999,238740390076.0468,1.3588188660031544e+16,74.99505615234375,0.342844725903238,0.0,0.0,57.3795166015625,0.048649468326380375,0.0020209903619093864,0.0,0.0,0.003150725428215289,0.0,0.0,0.0071245865902003274,0.0,0.0,0.003150725428215289,0.0,0.0,8388608.0,-1.1102230246251565e-16,238733292669.84543,2.9729436234138262e-05,1.3588329560514944e+16,-1.0369227709139395e-05
golovin_fixed10_high_resolution_screen_v2_N032768_dt0p1_m003,golovin,golovin_fixed10_high_resolution_screen_v2,controlled,33,3,not_applicable,7069911424374869071,32768,0.1,300.0,3600.0,300.00001192092896,32768,5.35640994974466,0.9982363480271472,6.239857519574343e-10,5356409.94974466,238740390225.01743,3.3637456427384308e+16,128.57252502441406,0.6364266999244509,0.0,0.0,87.75987243652344,0.029963296628223324,0.04958527946448156,0.0,0.0,0.0835800571739532,0.0,0.0,0.10850611515946504,0.0,0.0,0.0835800571739532,0.0,0.0,5348803.665523084,0.0014220533594464513,238733292669.84543,2.9730060238541967e-05,3.3422009487832736e+16,0.006446259301972956
golovin_fixed10_high_resolution_screen_v2_N032768_dt0p1_m003,golovin,golovin_fixed10_high_resolution_screen_v2,controlled,33,3,not_applicable,7069911424374869071,32768,0.1,300.0,3600.0,600.0000238418579,32768,3.4395536438776997,0.9982363461990398,-1.2073514410460007e-09,3439553.6438776995,238740389787.80325,8.306111345590774e+16,161.57940673828125,0.788825428332952,0.0,0.0,125.55377960205078,0.0350547664098025,0.06300693665690449,0.0,0.0,0.0919021429022852,0.0,0.0,0.12584281493672086,0.0,0.0,0.0919021429022852,0.0,0.0,3410542.089022777,0.008506435076200747,238733292669.84543,2.9728228846837013e-05,8.220515356432454e+16,0.010412484551998613
golovin_fixed10_high_resolution_screen_v2_N032768_dt0p1_m003,golovin,golovin_fixed10_high_resolution_screen_v2,controlled,33,3,not_applicable,7069911424374869071,32768,0.1,300.0,3600.0,899.9999761581421,32768,2.211113626726795,0.9982363479864432,5.832099247982114e-10,2211113.626726795,238740390215.2826,2.028345536852968e+17,216.0806884765625,0.8733756541363235,0.0,0.0,174.35353088378906,0.04070799868161762,0.0773562784338251,0.0,0.0,0.09852001929535266,0.0,0.0,0.1294005051693623,0.0,0.0,0.09852001929535266,0.0,0.0,2174654.2046287498,0.01676561819366107,238733292669.84543,2.973001946138254e-05,2.021926918134987e+17,0.0031745057946512834
golovin_fixed10_high_resolution_screen_v2_N032768_dt0p1_m003,golovin,golovin_fixed10_high_resolution_screen_v2,controlled,33,3,not_applicable,7069911424374869071,32768,0.1,300.0,3600.0,1200.0000476837158,32768,1.401846773577948,0.9982363480807872,6.777205463492919e-10,1401846.773577948,238740390237.8461,5.03824159804011e+17,319.71258544921875,0.9234795707062421,0.0,0.0,235.13018798828125,0.03755073948888377,0.06374786077478727,0.0,0.0,0.09198509700585893,0.0,0.0,0.13034276356248267,0.0,0.0,0.09198509700585893,0.0,0.0,1386618.2972187817,0.010982457385504851,238733292669.84543,2.973011397489067e-05,4.97315526712769e+17,0.013087532444972627
golovin_fixed10_high_resolution_screen_v2_N032768_dt0p1_m003,golovin,golovin_fixed10_high_resolution_screen_v2,controlled,33,3,not_applicable,7069911424374869071,32768,0.1,300.0,3600.0,1500.0,32768,0.8922331239325814,0.9982363475238718,1.1982126402187987e-10,892233.1239325814,238740390104.65298,1.2396331211044232e+18,423.4135437011719,0.9528793565101698,0.0,0.0,327.1117858886719,0.03788968526902733,0.07414933826425735,0.0,0.0,0.10361451913866468,0.0,0.0,0.13736705091608548,0.0,0.0,0.10361451913866468,0.0,0.0,884145.4617925527,0.009147433866404153,238733292669.84543,2.9729556058954998e-05,1.2232026906685448e+18,0.013432304033682563
golovin_fixed10_high_resolution_screen_v2_N032768_dt0p1_m003,golovin,golovin_fixed10_high_resolution_screen_v2,controlled,33,3,not_applicable,7069911424374869071,32768,0.1,300.0,3600.0,1799.9999523162842,32768,0.5686225245836599,0.9982363478556809,4.522164864795286e-10,568622.52458366,238740390184.00922,3.028131864668355e+18,526.903564453125,0.970633813443249,0.0,0.0,435.0718994140625,0.028984629823062467,0.07496592789433962,0.0,0.0,0.09493916230533529,0.0,0.0,0.13584971660945394,0.0,0.0,0.09493916230533529,0.0,0.0,563755.1438462138,0.008633856011030838,238733292669.84543,2.9729888464391507e-05,3.0086026719268946e+18,0.006491117263069057
golovin_fixed10_high_resolution_screen_v2_N032768_dt0p1_m003,golovin,golovin_fixed10_high_resolution_screen_v2,controlled,33,3,not_applicable,7069911424374869071,32768,0.1,300.0,3600.0,2099.9999046325684,32768,0.3626769023743726,0.9982363489814057,1.5799301866792348e-09,362676.9023743726,238740390453.24,7.173878072956727e+18,679.7218627929688,0.9815990341722164,0.0,0.0,577.3624877929688,0.015144857153883761,0.06361975911411799,0.0,0.0,0.0906686138090966,0.0,0.0,0.13413555979760944,0.0,0.0,0.0906686138090966,0.0,0.0,359465.58111456485,0.008933598732459025,238733292669.84543,2.9731016211398398e-05,7.39999192822117e+18,-0.030555959716944803
golovin_fixed10_high_resolution_screen_v2_N032768_dt0p1_m003,golovin,golovin_fixed10_high_resolution_screen_v2,controlled,33,3,not_applicable,7069911424374869071,32768,0.1,300.0,3600.0,2400.0000953674316,32768,0.23108885369217172,0.9982363478467352,4.4325498826935927e-10,231088.85369217172,238740390181.86972,1.7216366526909342e+19,892.5831909179688,0.9883642226677389,0.0,0.0,769.2363891601562,0.021435445592373942,0.06420721331182848,0.0,0.0,0.09194806416467396,0.0,0.0,0.133909504512299,0.0,0.0,0.09194806416467396,0.0,0.0,229204.92913507385,0.008219389365695662,238733292669.84543,2.9729879502449208e-05,1.8201113831406539e+19,-0.054103683632701016
golovin_fixed10_high_resolution_screen_v2_N032768_dt0p1_m003,golovin,golovin_fixed10_high_resolution_screen_v2,controlled,33,3,not_applicable,7069911424374869071,32768,0.1,300.0,3600.0,2700.000047683716,32768,0.14746570023293187,0.9982363476649732,2.6117175089268585e-10,147465.70023293188,238740390138.39914,4.2485792078181605e+19,1283.833251953125,0.9926206337524086,0.01415944307423653,0.01415944307423653,1029.3822021484375,0.02133445731159285,0.07081333524946301,0.0,0.0,0.0949464457395494,0.0,0.0,0.1427357721077832,0.0,0.0,0.0949464457395494,0.0,0.0,146147.28387886327,0.00902114852275604,238733292669.84543,2.972969741388276e-05,4.476765798748041e+19,-0.05097130410389006
golovin_fixed10_high_resolution_screen_v2_N032768_dt0p1_m003,golovin,golovin_fixed10_high_resolution_screen_v2,controlled,33,3,not_applicable,7069911424374869071,32768,0.1,300.0,3600.0,3000.0,32768,0.0939994145356121,0.9982363473293686,-7.502565235739667e-11,93999.4145356121,238740390058.1352,1.0276207815190874e+20,1681.91650390625,0.9953065730860536,0.1302864855629704,0.1302864855629704,1380.2486572265625,0.03183310518810516,0.08875470621799302,0.0,0.0,0.10477936701265417,0.0,0.0,0.14928284827823593,0.0,0.0,0.10477936701265417,0.0,0.0,93187.47491936282,0.008712969387268732,238733292669.84543,2.972936120637648e-05,1.1011101959187887e+20,-0.06674119872115092
golovin_fixed10_high_resolution_screen_v2_N032768_dt0p1_m003,golovin,golovin_fixed10_high_resolution_screen_v2,controlled,33,3,not_applicable,7069911424374869071,32768,0.1,300.0,3600.0,3299.999952316284,32768,0.06008914931683947,0.9982363476664311,2.626323603038827e-10,60089.14931683947,238740390138.7478,2.4980803715070804e+20,2313.075439453125,0.9970020694701888,0.34002508036559836,0.34002508036559836,1848.434326171875,0.047020480375654795,0.09900000900584577,0.0,0.0,0.12997789722783407,0.0,0.0,0.1652082628786938,0.0,0.0,0.12997789722783407,0.0,0.0,59418.863295774216,0.01128069410767285,238733292669.84543,2.9729698874492172e-05,2.7083026409274727e+20,-0.07762140989841537
golovin_fixed10_high_resolution_screen_v2_N032768_dt0p1_m003,golovin,golovin_fixed10_high_resolution_screen_v2,controlled,33,3,not_applicable,7069911424374869071,32768,0.1,300.0,3600.0,3599.9999046325684,32768,0.038291550991221654,0.998236345970607,-1.4361879463464788e-09,38291.55099122165,238740389733.17078,6.14710669092219e+20,3273.625244140625,0.998096059344389,0.5443319829847789,0.5443319829847789,2557.36083984375,0.04102686344247159,0.10320272380711235,0.0,0.0,0.14089946383848265,0.0,0.0,0.20009005894982482,0.0,0.0,0.14089946383848265,0.0,0.0,37887.079979546696,0.010675697675653684,238733292669.84543,2.9728000003670374e-05,6.661370698447075e+20,-0.07720092917885091
golovin_fixed10_high_resolution_screen_v2_N032768_dt0p1_m004,golovin,golovin_fixed10_high_resolution_screen_v2,controlled,34,4,not_applicable,14519632932396464141,32768,0.1,300.0,3600.0,0.0,32768,8.388608,0.9982363474042619,0.0,8388607.999999999,238740390076.0468,1.3588188660031544e+16,74.99505615234375,0.342844725903238,0.0,0.0,57.3795166015625,0.04859752542658876,0.0020209903619093864,0.0,0.0,0.003150725428215289,0.0,0.0,0.0071245865902003274,0.0,0.0,0.003150725428215289,0.0,0.0,8388608.0,-1.1102230246251565e-16,238733292669.84543,2.9729436234138262e-05,1.3588329560514944e+16,-1.0369227709139395e-05
golovin_fixed10_high_resolution_screen_v2_N032768_dt0p1_m004,golovin,golovin_fixed10_high_resolution_screen_v2,controlled,34,4,not_applicable,14519632932396464141,32768,0.1,300.0,3600.0,300.00001192092896,32768,5.367427408508522,0.9982363464235575,-9.824371316469183e-10,5367427.408508522,238740389841.4994,3.318272207459301e+16,129.80650329589844,0.6341150044846817,0.0,0.0,87.35697174072266,0.028472710351643876,0.06055000037542069,0.0,0.0,0.08246897026500696,0.0,0.0,0.11029702736626544,0.0,0.0,0.08246897026500696,0.0,0.0,5348803.665523084,0.0034818520458101965,238733292669.84543,2.972845376780775e-05,3.3422009487832736e+16,-0.007159575887465408
golovin_fixed10_high_resolution_screen_v2_N032768_dt0p1_m004,golovin,golovin_fixed10_high_resolution_screen_v2,controlled,34,4,not_applicable,14519632932396464141,32768,0.1,300.0,3600.0,600.0000238418579,32768,3.430454777140684,0.9982363470165718,-3.883751098499033e-10,3430454.777140684,238740389983.326,8.113512309248104e+16,175.75790405273438,0.7895129132834715,0.0,0.0,125.84745788574219,0.033461530703952955,0.05612230315193099,0.0,0.0,0.08489084329676672,0.0,0.0,0.11140170176021777,0.0,0.0,0.08489084329676672,0.0,0.0,3410542.089022777,0.00583856982208153,238733292669.84543,2.9729047847482093e-05,8.220515356432454e+16,-0.013016586253393636
golovin_fixed10_high_resolution_screen_v2_N032768_dt0p1_m004,golovin,golovin_fixed10_high_resolution_screen_v2,controlled,34,4,not_applicable,14519632932396464141,32768,0.1,300.0,3600.0,899.9999761581421,32768,2.1865310274793845,0.9982363470358155,-3.6909730827261455e-10,2186531.0274793846,238740389987.92838,1.941832763315111e+17,214.81565856933594,0.8753883113839902,0.0,0.0,169.58786010742188,0.03260408262575381,0.06438070619706081,0.0,0.0,0.09220485472519985,0.0,0.0,0.12606275949377507,0.0,0.0,0.09220485472519985,0.0,0.0,2174654.2046287498,0.005461476507554686,238733292669.84543,2.9729067125838782e-05,2.021926918134987e+17,-0.039612784271032986
golovin_fixed10_high_resolution_screen_v2_N032768_dt0p1_m004,golovin,golovin_fixed10_high_resolution_screen_v2,controlled,34,4,not_applicable,14519632932396464141,32768,0.1,300.0,3600.0,1200.0000476837158,32768,1.3907800586162442,0.9982363483630508,9.604828044018632e-10,1390780.0586162442,238740390305.3529,4.8335472396415725e+17,312.94671630859375,0.9247206652682829,0.0,0.0,234.02484130859375,0.034428371496865895,0.06185866817875878,0.0,0.0,0.08170758863587302,0.0,0.0,0.12180140512335913,0.0,0.0,0.08170758863587302,0.0,0.0,1386618.2972187817,0.0030013749319550698,238733292669.84543,2.9730396745586418e-05,4.97315526712769e+17,-0.028072324306646856
golovin_fixed10_high_resolution_screen_v2_N032768_dt0p1_m004,golovin,golovin_fixed10_high_resolution_screen_v2,controlled,34,4,not_applicable,14519632932396464141,32768,0.1,300.0,3600.0,1500.0,32768,0.8846892761803573,0.9982363470030872,-4.01883526457425e-10,884689.2761803573,238740389980.101,1.2099793875954703e+18,425.17742919921875,0.9534112991261435,0.0,0.0,323.5068054199219,0.033955860797969216,0.06416272793102333,0.0,0.0,0.09639316150774883,0.0,0.0,0.13014699185696024,0.0,0.0,0.09639316150774883,0.0,0.0,884145.4617925527,0.00061507343678735,238733292669.84543,2.972903433873242e-05,1.2232026906685448e+18,-0.010810394036860127
golovin_fixed10_high_resolution_screen_v2_N032768_dt0p1_m004,golovin,golovin_fixed10_high_resolution_screen_v2,controlled,34,4,not_applicable,14519632932396464141,32768,0.1,300.0,3600.0,1799.9999523162842,32768,0.5634637993354237,0.9982363494410167,2.0403532197121876e-09,563463.7993354236,238740390563.1616,2.980176215295012e+18,548.2514038085938,0.9709249251256578,0.0,0.0,440.39044189453125,0.03054615123652,0.07182649460457542,0.0,0.0,0.1015050502074653,0.0,0.0,0.1349214930422516,0.0,0.0,0.1015050502074653,0.0,0.0,563755.1438462138,-0.0005167926429947567,238733292669.84543,2.9731476648198196e-05,3.0086026719268946e+18,-0.009448391739171336
golovin_fixed10_high_resolution_screen_v2_N032768_dt0p1_m004,golovin,golovin_fixed10_high_resolution_screen_v2,controlled,34,4,not_applicable,14519632932396464141,32768,0.1,300.0,3600.0,2099.9999046325684,32768,0.36032802076762965,0.9982363462090823,-1.1972912661306623e-09,360328.02076762967,238740389790.20508,7.362815752825647e+18,739.8021850585938,0.9816442789942283,0.0,0.0,608.294677734375,0.035967555563263004,0.06657612133735141,0.0,0.0,0.09259623149168904,0.0,0.0,0.13532660102618294,0.0,0.0,0.09259623149168904,0.0,0.0,359465.58111456485,0.0023992273485287097,238733292669.84543,2.9728238907456017e-05,7.39999192822117e+18,-0.005023812965760821
golovin_fixed10_high_resolution_screen_v2_N032768_dt0p1_m004,golovin,golovin_fixed10_high_resolution_screen_v2,controlled,34,4,not_applicable,14519632932396464141,32768,0.1,300.0,3600.0,2400.0000953674316,32768,0.2298702202305225,0.9982363464794717,-9.264241596085299e-10,229870.2202305225,238740389854.87198,1.7850088134055842e+19,1000.7545776367188,0.9884188648238107,5.343634921962732e-05,5.343634921962732e-05,804.4592895507812,0.034276793362567566,0.08164017588912012,0.0,0.0,0.10632811213238952,0.0,0.0,0.14482751944324862,0.0,0.0,0.10632811213238952,0.0,0.0,229204.92913507385,0.002902603787620084,238733292669.84543,2.9728509782556145e-05,1.8201113831406539e+19,-0.019285945937275173
golovin_fixed10_high_resolution_screen_v2_N032768_dt0p1_m004,golovin,golovin_fixed10_high_resolution_screen_v2,controlled,34,4,not_applicable,14519632932396464141,32768,0.1,300.0,3600.0,2700.000047683716,32768,0.14641479997185983,0.9982363469858473,-4.191538227615865e-10,146414.79997185981,238740389975.9779,4.4298965856880976e+19,1323.6243896484375,0.9926869397056167,0.026261990364269162,0.026261990364269162,1093.9461669921875,0.041741577351296806,0.08818826890545683,0.0,0.0,0.10987015442856558,0.0,0.0,0.14863465257463404,0.0,0.0,0.10987015442856558,0.0,0.0,146147.28387886327,0.0018304554549113394,238733292669.84543,2.9729017067881003e-05,4.476765798748041e+19,-0.010469436009596711
golovin_fixed10_high_resolution_screen_v2_N032768_dt0p1_m004,golovin,golovin_fixed10_high_resolution_screen_v2,controlled,34,4,not_applicable,14519632932396464141,32768,0.1,300.0,3600.0,3000.0,32768,0.09354080870904333,0.9982363499483683,2.5486011079323134e-09,93540.80870904333,238740390684.5009,1.053926033499796e+20,1672.7923583984375,0.9953414890203928,0.13364230569200164,0.13364230569200164,1421.0328369140625,0.03892049700470169,0.08414558655628228,0.0,0.0,0.12133306384315294,0.0,0.0,0.17337668876735104,0.0,0.0,0.12133306384315294,0.0,0.0,93187.47491936282,0.003791644638791336,238733292669.84543,2.973198491118545e-05,1.1011101959187887e+20,-0.042851444472931544
golovin_fixed10_high_resolution_screen_v2_N032768_dt0p1_m004,golovin,golovin_fixed10_high_resolution_screen_v2,controlled,34,4,not_applicable,14519632932396464141,32768,0.1,300.0,3600.0,3299.999952316284,32768,0.05965026695096057,0.9982363487671317,1.3652776686967627e-09,59650.26695096057,238740390401.99377,2.6113731406076664e+20,2198.67529296875,0.9970476124797096,0.343029641564252,0.343029641564252,1948.841796875,0.029895605663677056,0.09213527827762218,0.0,0.0,0.13563783849745,0.0,0.0,0.19017102221857754,0.0,0.0,0.13563783849745,0.0,0.0,59418.863295774216,0.003894447694740899,238733292669.84543,2.9730801552441122e-05,2.7083026409274727e+20,-0.035789759554571865
golovin_fixed10_high_resolution_screen_v2_N032768_dt0p1_m004,golovin,golovin_fixed10_high_resolution_screen_v2,controlled,34,4,not_applicable,14519632932396464141,32768,0.1,300.0,3600.0,3599.9999046325684,32768,0.03802409377573118,0.9982363470743012,-3.3054370351948137e-10,38024.093775731184,238740389997.1327,6.27889338050113e+20,2821.31298828125,0.9981207027339193,0.5411391764597706,0.5411391764597706,2530.750244140625,0.039687556401513856,0.10054733351183658,0.0,0.0,0.12217533203185718,0.0,0.0,0.17356997373372612,0.0,0.0,0.12217533203185718,0.0,0.0,37887.079979546696,0.0036163725538747027,238733292669.84543,2.9729105680553758e-05,6.661370698447075e+20,-0.05741720964952601
golovin_fixed10_high_resolution_screen_v2_N032768_dt0p1_m005,golovin,golovin_fixed10_high_resolution_screen_v2,controlled,35,5,not_applicable,17040640333181195995,32768,0.1,300.0,3600.0,0.0,32768,8.388608,0.9982363474042619,0.0,8388607.999999999,238740390076.0468,1.3588188660031544e+16,74.99505615234375,0.342844725903238,0.0,0.0,57.3795166015625,0.04868436862519758,0.0020209903619093864,0.0,0.0,0.003150725428215289,0.0,0.0,0.0071245865902003274,0.0,0.0,0.003150725428215289,0.0,0.0,8388608.0,-1.1102230246251565e-16,238733292669.84543,2.9729436234138262e-05,1.3588329560514944e+16,-1.0369227709139395e-05
golovin_fixed10_high_resolution_screen_v2_N032768_dt0p1_m005,golovin,golovin_fixed10_high_resolution_screen_v2,controlled,35,5,not_applicable,17040640333181195995,32768,0.1,300.0,3600.0,300.00001192092896,32768,5.363902762460748,0.9982363479382111,5.348925746773148e-10,5363902.762460749,238740390203.7473,3.2732503729843452e+16,122.6231918334961,0.6335624440493263,0.0,0.0,87.32487487792969,0.02224890332017749,0.06048512221610317,0.0,0.0,0.0874849199545209,0.0,0.0,0.12300720054587191,0.0,0.0,0.0874849199545209,0.0,0.0,5348803.665523084,0.002822892347870143,238733292669.84543,2.972997114270015e-05,3.3422009487832736e+16,-0.02063029029539043
golovin_fixed10_high_resolution_screen_v2_N032768_dt0p1_m005,golovin,golovin_fixed10_high_resolution_screen_v2,controlled,35,5,not_applicable,17040640333181195995,32768,0.1,300.0,3600.0,600.0000238418579,32768,3.412552720747543,0.9982363483104517,9.077907314747335e-10,3412552.7207475426,238740390292.77316,8.043609766935467e+16,164.37158203125,0.792596673720345,0.0,0.0,124.87615966796875,0.03224301499913738,0.07528254361139625,0.0,0.0,0.09674502862692776,0.0,0.0,0.12745417048286062,0.0,0.0,0.09674502862692776,0.0,0.0,3410542.089022777,0.0005895343532740238,238733292669.84543,2.973034405195918e-05,8.220515356432454e+16,-0.02152001204627163
golovin_fixed10_high_resolution_screen_v2_N032768_dt0p1_m005,golovin,golovin_fixed10_high_resolution_screen_v2,controlled,35,5,not_applicable,17040640333181195995,32768,0.1,300.0,3600.0,899.9999761581421,32768,2.1790524137243175,0.9982363465762802,-8.294445130729855e-10,2179052.4137243177,238740389878.02493,1.9914177996843258e+17,248.15713500976562,0.8776190616258711,0.0,0.0,174.0331573486328,0.03505367944952192,0.0665256733178328,0.0,0.0,0.09289397434227134,0.0,0.0,0.13141884090780118,0.0,0.0,0.09289397434227134,0.0,0.0,2174654.2046287498,0.0020224866492366544,238733292669.84543,2.9728606764978238e-05,2.021926918134987e+17,-0.015089130164408937
golovin_fixed10_high_resolution_screen_v2_N032768_dt0p1_m005,golovin,golovin_fixed10_high_resolution_screen_v2,controlled,35,5,not_applicable,17040640333181195995,32768,0.1,300.0,3600.0,1200.0000476837158,32768,1.3830153622998207,0.998236347830931,4.274227638489947e-10,1383015.3622998206,238740390178.08994,5.022416935139334e+17,301.1463317871094,0.9261077658089069,0.0,0.0,239.43038940429688,0.034839506691689816,0.058636017604498804,0.0,0.0,0.08940411311023438,0.0,0.0,0.1258414794160847,0.0,0.0,0.08940411311023438,0.0,0.0,1386618.2972187817,-0.002598361009794603,238733292669.84543,2.97298636697807e-05,4.97315526712769e+17,0.009905515787383745
golovin_fixed10_high_resolution_screen_v2_N032768_dt0p1_m005,golovin,golovin_fixed10_high_resolution_screen_v2,controlled,35,5,not_applicable,17040640333181195995,32768,0.1,300.0,3600.0,1500.0,32768,0.882055130838921,0.9982363467821758,-6.231852811566796e-10,882055.130838921,238740389927.26733,1.2290616196187384e+18,438.65667724609375,0.9546425918554544,0.0,0.0,325.4052734375,0.02838023337048296,0.06601014270806847,0.0,0.0,0.0903314663393791,0.0,0.0,0.13150841576269018,0.0,0.0,0.0903314663393791,0.0,0.0,884145.4617925527,-0.0023642387412063925,238733292669.84543,2.9728813030427403e-05,1.2232026906685448e+18,0.004789826735086322
golovin_fixed10_high_resolution_screen_v2_N032768_dt0p1_m005,golovin,golovin_fixed10_high_resolution_screen_v2,controlled,35,5,not_applicable,17040640333181195995,32768,0.1,300.0,3600.0,1799.9999523162842,32768,0.5623976422638538,0.9982363474930054,8.890022051843971e-11,562397.6422638538,238740390097.2709,2.9542850546623867e+18,553.4002075195312,0.9714988011538284,0.0,0.0,434.1645812988281,0.01600935678585437,0.0624485968766197,0.0,0.0,0.09037267999081487,0.0,0.0,0.13438324867366577,0.0,0.0,0.09037267999081487,0.0,0.0,563755.1438462138,-0.002407963097415755,238733292669.84543,2.9729525137023316e-05,3.0086026719268946e+18,-0.018054101251502086
golovin_fixed10_high_resolution_screen_v2_N032768_dt0p1_m005,golovin,golovin_fixed10_high_resolution_screen_v2,controlled,35,5,not_applicable,17040640333181195995,32768,0.1,300.0,3600.0,2099.9999046325684,32768,0.3580347875524043,0.9982363476712324,2.674420684911638e-10,358034.78755240433,238740390139.8961,7.194793710105275e+18,671.3919677734375,0.9820235300148515,0.0,0.0,576.4220581054688,0.017009893072446314,0.07258851052585083,0.0,0.0,0.08755258947262914,0.0,0.0,0.1295266665973577,0.0,0.0,0.08755258947262914,0.0,0.0,359465.58111456485,-0.0039803353570714295,238733292669.84543,2.9729703684422404e-05,7.39999192822117e+18,-0.027729519181410867
golovin_fixed10_high_resolution_screen_v2_N032768_dt0p1_m005,golovin,golovin_fixed10_high_resolution_screen_v2,controlled,35,5,not_applicable,17040640333181195995,32768,0.1,300.0,3600.0,2400.0000953674316,32768,0.2280558707178384,0.9982363487095494,1.3075935889617085e-09,228055.8707178384,238740390388.22223,1.8648359576978305e+19,1009.005126953125,0.9886211668260435,0.0002858273615064134,0.0002858273615064134,788.8877563476562,0.029919533700805037,0.08000020383864002,0.0,0.0,0.10744487944906325,0.0,0.0,0.1374623948603342,0.0,0.0,0.10744487944906325,0.0,0.0,229204.92913507385,-0.005013236065958604,238733292669.84543,2.973074386658503e-05,1.8201113831406539e+19,0.02457243824276456
golovin_fixed10_high_resolution_screen_v2_N032768_dt0p1_m005,golovin,golovin_fixed10_high_resolution_screen_v2,controlled,35,5,not_applicable,17040640333181195995,32768,0.1,300.0,3600.0,2700.000047683716,32768,0.14550404406026132,0.9982363490511701,1.6498178379009687e-09,145504.0440602613,238740390469.925,4.699214460667e+19,1313.6802978515625,0.9927708765519637,0.023661372394460298,0.023661372394460298,1099.7122802734375,0.03491527244462039,0.07786108298479809,0.0,0.0,0.11263122910140055,0.0,0.0,0.1549632801906908,0.0,0.0,0.11263122910140055,0.0,0.0,146147.28387886327,-0.004401312166260385,238733292669.84543,2.973108610104802e-05,4.476765798748041e+19,0.049689591084074
golovin_fixed10_high_resolution_screen_v2_N032768_dt0p1_m005,golovin,golovin_fixed10_high_resolution_screen_v2,controlled,35,5,not_applicable,17040640333181195995,32768,0.1,300.0,3600.0,3000.0,32768,0.09265101767770793,0.9982363475308734,1.2683520900225176e-10,92651.01767770793,238740390106.3275,1.113062047188976e+20,1779.110595703125,0.9954013896001874,0.14714113459878628,0.14714113459878628,1420.94580078125,0.02938905564857659,0.07483615723394865,0.0,0.0,0.10797928674261947,0.0,0.0,0.16422058228600175,0.0,0.0,0.10797928674261947,0.0,0.0,93187.47491936282,-0.005756752633539031,238733292669.84543,2.9729563073122023e-05,1.1011101959187887e+20,0.01085436436288223
golovin_fixed10_high_resolution_screen_v2_N032768_dt0p1_m005,golovin,golovin_fixed10_high_resolution_screen_v2,controlled,35,5,not_applicable,17040640333181195995,32768,0.1,300.0,3600.0,3299.999952316284,32768,0.05916306488052521,0.9982363465877861,-8.179182886536296e-10,59163.06488052521,238740389880.77673,2.868091405592138e+20,2718.153076171875,0.99706575244323,0.36298092709514335,0.36298092709514335,2020.291259765625,0.036822435927748524,0.09966757254706601,0.0,0.0,0.12412868989028102,0.0,0.0,0.16206597002073544,0.0,0.0,0.12412868989028102,0.0,0.0,59418.863295774216,-0.004305003513374039,238733292669.84543,2.972861829175777e-05,2.7083026409274727e+20,0.05899959710925984
golovin_fixed10_high_resolution_screen_v2_N032768_dt0p1_m005,golovin,golovin_fixed10_high_resolution_screen_v2,controlled,35,5,not_applicable,17040640333181195995,32768,0.1,300.0,3600.0,3599.9999046325684,32768,0.03775907625716761,0.9982363485333022,1.1310350434001748e-09,37759.07625716761,238740390346.07062,7.118937338969602e+20,3250.046142578125,0.9981349378429055,0.5595591920419147,0.5595591920419147,2826.65673828125,0.03939356125133435,0.09612602626300479,0.0,0.0,0.13470850992376127,0.0,0.0,0.19510102759550288,0.0,0.0,0.13470850992376127,0.0,0.0,37887.079979546696,-0.003378558665597553,238733292669.84543,2.9730567302932442e-05,6.661370698447075e+20,0.06868956273957205
golovin_fixed10_high_resolution_screen_v2_N032768_dt0p1_m006,golovin,golovin_fixed10_high_resolution_screen_v2,controlled,36,6,not_applicable,10808469969421794249,32768,0.1,300.0,3600.0,0.0,32768,8.388608,0.9982363474042619,0.0,8388607.999999999,238740390076.0468,1.3588188660031544e+16,74.99505615234375,0.342844725903238,0.0,0.0,57.3795166015625,0.04857872091527457,0.0020209903619093864,0.0,0.0,0.003150725428215289,0.0,0.0,0.0071245865902003274,0.0,0.0,0.003150725428215289,0.0,0.0,8388608.0,-1.1102230246251565e-16,238733292669.84543,2.9729436234138262e-05,1.3588329560514944e+16,-1.0369227709139395e-05
golovin_fixed10_high_resolution_screen_v2_N032768_dt0p1_m006,golovin,golovin_fixed10_high_resolution_screen_v2,controlled,36,6,not_applicable,10808469969421794249,32768,0.1,300.0,3600.0,300.00001192092896,32768,5.336906579623788,0.9982363473407916,-6.358247262028272e-11,5336906.579623788,238740390060.86713,3.324647673242715e+16,120.9256591796875,0.630971144541675,0.0,0.0,87.89349365234375,0.02141715735919477,0.0553320385916127,0.0,0.0,0.07717745732531217,0.0,0.0,0.11207946152996195,0.0,0.0,0.07717745732531217,0.0,0.0,5348803.665523084,-0.002224251747354522,238733292669.84543,2.9729372649889285e-05,3.3422009487832736e+16,-0.005252010818484365
golovin_fixed10_high_resolution_screen_v2_N032768_dt0p1_m006,golovin,golovin_fixed10_high_resolution_screen_v2,controlled,36,6,not_applicable,10808469969421794249,32768,0.1,300.0,3600.0,600.0000238418579,32768,3.4115972739432956,0.9982363483426641,9.400600298192785e-10,3411597.2739432957,238740390300.47717,8.264767152085918e+16,171.36744689941406,0.7917620804960476,0.0,0.0,124.29263305664062,0.03190302662120228,0.06237328644659892,0.0,0.0,0.08084198033626441,0.0,0.0,0.12317222453503768,0.0,0.0,0.08084198033626441,0.0,0.0,3410542.089022777,0.00030938920939127534,238733292669.84543,2.9730376322367746e-05,8.220515356432454e+16,0.005383092632852637
golovin_fixed10_high_resolution_screen_v2_N032768_dt0p1_m006,golovin,golovin_fixed10_high_resolution_screen_v2,controlled,36,6,not_applicable,10808469969421794249,32768,0.1,300.0,3600.0,899.9999761581421,32768,2.156159946023529,0.9982363487716821,1.3698360223912687e-09,2156159.946023529,238740390403.08203,2.0377042792175437e+17,232.08522033691406,0.879234688359318,0.0,0.0,171.7344512939453,0.025498767837160593,0.06042010583491321,0.0,0.0,0.0863816116516055,0.0,0.0,0.1216257072575438,0.0,0.0,0.0863816116516055,0.0,0.0,2174654.2046287498,-0.008504459497908123,238733292669.84543,2.973080611101686e-05,2.021926918134987e+17,0.007803131231424398
golovin_fixed10_high_resolution_screen_v2_N032768_dt0p1_m006,golovin,golovin_fixed10_high_resolution_screen_v2,controlled,36,6,not_applicable,10808469969421794249,32768,0.1,300.0,3600.0,1200.0000476837158,32768,1.3802568056454099,0.9982363474488601,4.4676928823150774e-11,1380256.80564541,238740390086.71304,5.060632442470679e+17,289.100830078125,0.9256936446472378,0.0,0.0,235.6154327392578,0.025347571596979868,0.05931199540553204,0.0,0.0,0.09622853239110661,0.0,0.0,0.12372641351030154,0.0,0.0,0.09622853239110661,0.0,0.0,1386618.2972187817,-0.004587774145293877,238733292669.84543,2.9729480912621398e-05,4.97315526712769e+17,0.017589874163231656
golovin_fixed10_high_resolution_screen_v2_N032768_dt0p1_m006,golovin,golovin_fixed10_high_resolution_screen_v2,controlled,36,6,not_applicable,10808469969421794249,32768,0.1,300.0,3600.0,1500.0,32768,0.8753499143004789,0.9982363482858498,8.831455566848945e-10,875349.9143004789,238740390286.8893,1.2495228505365056e+18,413.27252197265625,0.9547945311678275,0.0,0.0,318.2237548828125,0.044428993189237154,0.07881556305775789,0.0,0.0,0.10723127598202738,0.0,0.0,0.14395531936654707,0.0,0.0,0.10723127598202738,0.0,0.0,884145.4617925527,-0.00994807740599768,238733292669.84543,2.973031940589621e-05,1.2232026906685448e+18,0.02151741495399717
golovin_fixed10_high_resolution_screen_v2_N032768_dt0p1_m006,golovin,golovin_fixed10_high_resolution_screen_v2,controlled,36,6,not_applicable,10808469969421794249,32768,0.1,300.0,3600.0,1799.9999523162842,32768,0.5574353657321044,0.9982363466786146,-7.269294055589626e-10,557435.3657321044,238740389902.49945,3.221579903006909e+18,623.4203491210938,0.9718083303457647,0.0,0.0,452.37786865234375,0.03760628815208573,0.07010846606003618,0.0,0.0,0.09033568865099863,0.0,0.0,0.13738086744021397,0.0,0.0,0.09033568865099863,0.0,0.0,563755.1438462138,-0.01121014714117341,238733292669.84543,2.9728709283194377e-05,3.0086026719268946e+18,0.07078941764803082
golovin_fixed10_high_resolution_screen_v2_N032768_dt0p1_m006,golovin,golovin_fixed10_high_resolution_screen_v2,controlled,36,6,not_applicable,10808469969421794249,32768,0.1,300.0,3600.0,2099.9999046325684,32768,0.3549849387942699,0.9982363468089974,-5.963162186262139e-10,354984.9387942699,238740389933.68207,7.836762890095586e+18,778.7322387695312,0.9823551964676615,0.0,0.0,598.2346801757812,0.03739415317106851,0.06777297550422004,0.0,0.0,0.09809237163464901,0.0,0.0,0.14451448768869052,0.0,0.0,0.09809237163464901,0.0,0.0,359465.58111456485,-0.012464732524327227,238733292669.84543,2.972883990026709e-05,7.39999192822117e+18,0.05902316733734714
golovin_fixed10_high_resolution_screen_v2_N032768_dt0p1_m006,golovin,golovin_fixed10_high_resolution_screen_v2,controlled,36,6,not_applicable,10808469969421794249,32768,0.1,300.0,3600.0,2400.0000953674316,32768,0.22613392806144283,0.9982363482055456,8.026994624543704e-10,226133.92806144283,238740390267.68362,1.8765677100265607e+19,979.8790283203125,0.988830299107897,0.0,0.0,802.2534790039062,0.026520864026023723,0.08749875632442565,0.0,0.0,0.11256473261664092,0.0,0.0,0.1442346746686952,0.0,0.0,0.11256473261664092,0.0,0.0,229204.92913507385,-0.01339849489807976,238733292669.84543,2.9730238957581534e-05,1.8201113831406539e+19,0.031018061536701058
golovin_fixed10_high_resolution_screen_v2_N032768_dt0p1_m006,golovin,golovin_fixed10_high_resolution_screen_v2,controlled,36,6,not_applicable,10808469969421794249,32768,0.1,300.0,3600.0,2700.000047683716,32768,0.1444255196979416,0.9982363480754872,6.724112378009295e-10,144425.5196979416,238740390236.57855,4.644012742481984e+19,1320.36572265625,0.9928647826147489,0.01941480908907719,0.01941480908907719,1069.8328857421875,0.03814941744930122,0.0840355827235941,0.0,0.0,0.11450709586538685,0.0,0.0,0.15613534461109174,0.0,0.0,0.11450709586538685,0.0,0.0,146147.28387886327,-0.011781020729394909,238733292669.84543,2.9730108665360078e-05,4.476765798748041e+19,0.03735887720119613
golovin_fixed10_high_resolution_screen_v2_N032768_dt0p1_m006,golovin,golovin_fixed10_high_resolution_screen_v2,controlled,36,6,not_applicable,10808469969421794249,32768,0.1,300.0,3600.0,3000.0,32768,0.09207931188735946,0.9982363452664275,-2.141611554762335e-09,92079.31188735946,238740389564.75772,1.0951897992617337e+20,1836.2958984375,0.995475154717371,0.14339850484277136,0.14339850484277136,1407.818359375,0.031080924530881886,0.08489693567711123,0.0,0.0,0.12237029902346061,0.0,0.0,0.1689802497076397,0.0,0.0,0.12237029902346061,0.0,0.0,93187.47491936282,-0.011891759412542058,238733292669.84543,2.9727294559300788e-05,1.1011101959187887e+20,-0.005376752189743317
golovin_fixed10_high_resolution_screen_v2_N032768_dt0p1_m006,golovin,golovin_fixed10_high_resolution_screen_v2,controlled,36,6,not_applicable,10808469969421794249,32768,0.1,300.0,3600.0,3299.999952316284,32768,0.05870780978595561,0.998236346091197,-1.3153848010816205e-09,58707.809785955615,238740389762.01135,2.6619203100950967e+20,2246.849853515625,0.9971202880974652,0.3615026490017654,0.3615026490017654,1890.97509765625,0.034097492124636544,0.08728093067802752,0.0,0.0,0.12648252585501232,0.0,0.0,0.16711601806410406,0.0,0.0,0.12648252585501232,0.0,0.0,59418.863295774216,-0.011966797585459155,238733292669.84543,2.9728120810368353e-05,2.7083026409274727e+20,-0.01712597777347813
golovin_fixed10_high_resolution_screen_v2_N032768_dt0p1_m006,golovin,golovin_fixed10_high_resolution_screen_v2,controlled,36,6,not_applicable,10808469969421794249,32768,0.1,300.0,3600.0,3599.9999046325684,32768,0.037374107981201214,0.9982363470235875,-3.813469540148162e-10,37374.10798120122,238740389985.0039,6.540815824241677e+20,3233.7490234375,0.9981712988504141,0.5595718774660366,0.5595718774660366,2662.7919921875,0.04259479111518337,0.12515445751955015,0.0,0.0,0.15975878103944002,0.0,0.0,0.22253258812778048,0.0,0.0,0.15975878103944002,0.0,0.0,37887.079979546696,-0.013539496805306861,238733292669.84543,2.9729054875859973e-05,6.661370698447075e+20,-0.01809760778416114
golovin_fixed10_high_resolution_screen_v2_N032768_dt0p1_m007,golovin,golovin_fixed10_high_resolution_screen_v2,controlled,37,7,not_applicable,9957681523574578458,32768,0.1,300.0,3600.0,0.0,32768,8.388608,0.9982363474042619,0.0,8388607.999999999,238740390076.0468,1.3588188660031544e+16,74.99505615234375,0.342844725903238,0.0,0.0,57.3795166015625,0.0486468100883286,0.0020209903619093864,0.0,0.0,0.003150725428215289,0.0,0.0,0.0071245865902003274,0.0,0.0,0.003150725428215289,0.0,0.0,8388608.0,-1.1102230246251565e-16,238733292669.84543,2.9729436234138262e-05,1.3588329560514944e+16,-1.0369227709139395e-05
golovin_fixed10_high_resolution_screen_v2_N032768_dt0p1_m007,golovin,golovin_fixed10_high_resolution_screen_v2,controlled,37,7,not_applicable,9957681523574578458,32768,0.1,300.0,3600.0,300.00001192092896,32768,5.33315933890518,0.9982363481673399,7.644260779926526e-10,5333159.33890518,238740390258.54623,3.327800659470927e+16,125.58121490478516,0.632875143854106,0.0,0.0,87.59828186035156,0.02620377877520255,0.053164026477005265,0.0,0.0,0.08772396792200708,0.0,0.0,0.116029381776915,0.0,0.0,0.08772396792200708,0.0,0.0,5348803.665523084,-0.0029248272316935164,238733292669.84543,2.973020068308685e-05,3.3422009487832736e+16,-0.004308624625813939
golovin_fixed10_high_resolution_screen_v2_N032768_dt0p1_m007,golovin,golovin_fixed10_high_resolution_screen_v2,controlled,37,7,not_applicable,9957681523574578458,32768,0.1,300.0,3600.0,600.0000238418579,32768,3.3710019082604075,0.9982363478938348,4.90437690459089e-10,3371001.9082604074,238740390193.13412,8.10977415798533e+16,163.63360595703125,0.7936370102543102,0.0,0.0,122.03688049316406,0.015962043388903818,0.055049191317754806,0.0,0.0,0.08886533152047146,0.0,0.0,0.12906786583204527,0.0,0.0,0.08886533152047146,0.0,0.0,3410542.089022777,-0.011593517901343109,238733292669.84543,2.9729926686483665e-05,8.220515356432454e+16,-0.01347132067096879
golovin_fixed10_high_resolution_screen_v2_N032768_dt0p1_m007,golovin,golovin_fixed10_high_resolution_screen_v2,controlled,37,7,not_applicable,9957681523574578458,32768,0.1,300.0,3600.0,899.9999761581421,32768,2.1512580599907696,0.9982363462180381,-1.1883195538686664e-09,2151258.0599907697,238740389792.347,2.0058947902429043e+17,238.1761932373047,0.8776617702615419,0.0,0.0,173.19418334960938,0.025041929275156177,0.07016696780215526,0.0,0.0,0.09195371483768623,0.0,0.0,0.12946543203568672,0.0,0.0,0.09195371483768623,0.0,0.0,2174654.2046287498,-0.010758558573671806,238733292669.84543,2.9728247879390324e-05,2.021926918134987e+17,-0.007929133218558926
golovin_fixed10_high_resolution_screen_v2_N032768_dt0p1_m007,golovin,golovin_fixed10_high_resolution_screen_v2,controlled,37,7,not_applicable,9957681523574578458,32768,0.1,300.0,3600.0,1200.0000476837158,32768,1.3723826918754087,0.9982363467325905,-6.728581025683411e-10,1372382.6918754086,238740389915.40845,4.984553544399448e+17,306.4339294433594,0.9256660322394922,0.0,0.0,238.83255004882812,0.02126039801345637,0.06919765834392255,0.0,0.0,0.10283891599257187,0.0,0.0,0.1406847054896977,0.0,0.0,0.10283891599257187,0.0,0.0,1386618.2972187817,-0.01026641965703623,238733292669.84543,2.9728763356162702e-05,4.97315526712769e+17,0.002291960869812426
golovin_fixed10_high_resolution_screen_v2_N032768_dt0p1_m007,golovin,golovin_fixed10_high_resolution_screen_v2,controlled,37,7,not_applicable,9957681523574578458,32768,0.1,300.0,3600.0,1500.0,32768,0.877680521948341,0.9982363477617534,3.5812308674110227e-10,877680.521948341,238740390161.54526,1.1940009570765366e+18,410.1201171875,0.9539457664321653,0.0,0.0,315.1593017578125,0.01893740175702846,0.05874856562601219,0.0,0.0,0.09688659282366001,0.0,0.0,0.13184530664496852,0.0,0.0,0.09688659282366001,0.0,0.0,884145.4617925527,-0.007312077167827558,238733292669.84543,2.9729794367883144e-05,1.2232026906685448e+18,-0.023873176387510964
golovin_fixed10_high_resolution_screen_v2_N032768_dt0p1_m007,golovin,golovin_fixed10_high_resolution_screen_v2,controlled,37,7,not_applicable,9957681523574578458,32768,0.1,300.0,3600.0,1799.9999523162842,32768,0.5591032392095565,0.9982363467929651,-6.123768159227438e-10,559103.2392095565,238740389929.84775,2.9482833054128364e+18,573.3502807617188,0.9711700919941542,0.0,0.0,423.86376953125,0.020580865068159378,0.06729519481206919,0.0,0.0,0.0986611431684482,0.0,0.0,0.1288784505099749,0.0,0.0,0.0986611431684482,0.0,0.0,563755.1438462138,-0.00825164025097802,238733292669.84543,2.9728823839114682e-05,3.0086026719268946e+18,-0.02004896395156963
golovin_fixed10_high_resolution_screen_v2_N032768_dt0p1_m007,golovin,golovin_fixed10_high_resolution_screen_v2,controlled,37,7,not_applicable,9957681523574578458,32768,0.1,300.0,3600.0,2099.9999046325684,32768,0.3561428125594515,0.9982363470597925,-3.4507807722405914e-10,356142.8125594515,238740389993.66278,7.059729868354675e+18,815.1561889648438,0.9819627816388318,0.0,0.0,572.5735473632812,0.026368267954674503,0.07601402796768722,0.0,0.0,0.09507265881370647,0.0,0.0,0.13902473540305677,0.0,0.0,0.09507265881370647,0.0,0.0,359465.58111456485,-0.009243634800335299,238733292669.84543,2.972909114595801e-05,7.39999192822117e+18,-0.04598140959706265
golovin_fixed10_high_resolution_screen_v2_N032768_dt0p1_m007,golovin,golovin_fixed10_high_resolution_screen_v2,controlled,37,7,not_applicable,9957681523574578458,32768,0.1,300.0,3600.0,2400.0000953674316,32768,0.22691985773922652,0.9982363478148659,4.1132941497323827e-10,226919.8577392265,238740390174.24783,1.7617593834482962e+19,992.7230224609375,0.9886435510107203,0.0,0.0,797.8203735351562,0.030217612147505943,0.07460493809942088,0.0,0.0,0.10575447536442378,0.0,0.0,0.14345093728838967,0.0,0.0,0.10575447536442378,0.0,0.0,229204.92913507385,-0.009969556084462372,238733292669.84543,2.9729847575987733e-05,1.8201113831406539e+19,-0.03205957626157452
golovin_fixed10_high_resolution_screen_v2_N032768_dt0p1_m007,golovin,golovin_fixed10_high_resolution_screen_v2,controlled,37,7,not_applicable,9957681523574578458,32768,0.1,300.0,3600.0,2700.000047683716,32768,0.14470716691643778,0.9982363475633897,1.5940893050014893e-10,144707.1669164378,238740390114.1042,4.335120830924956e+19,1483.5169677734375,0.9928404058547051,0.018207845145721758,0.018207845145721758,1042.52392578125,0.028816462237050314,0.07648062157788764,0.0,0.0,0.10102208309397834,0.0,0.0,0.14545545110095423,0.0,0.0,0.10102208309397834,0.0,0.0,146147.28387886327,-0.009853874284924347,238733292669.84543,2.9729595647953744e-05,4.476765798748041e+19,-0.031640021879790425
golovin_fixed10_high_resolution_screen_v2_N032768_dt0p1_m007,golovin,golovin_fixed10_high_resolution_screen_v2,controlled,37,7,not_applicable,9957681523574578458,32768,0.1,300.0,3600.0,3000.0,32768,0.09233062855738365,0.9982363466015828,-8.040973442646759e-10,92330.62855738365,238740389884.07635,1.0544195740998158e+20,1755.1378173828125,0.9954453681339922,0.13314420255572715,0.13314420255572715,1389.3763427734375,0.0345425146014118,0.08630663612858254,0.0,0.0,0.1209164233622407,0.0,0.0,0.15848196012052346,0.0,0.0,0.1209164233622407,0.0,0.0,93187.47491936282,-0.00919486618475951,238733292669.84543,2.9728632113146247e-05,1.1011101959187887e+20,-0.04240322357565063
golovin_fixed10_high_resolution_screen_v2_N032768_dt0p1_m007,golovin,golovin_fixed10_high_resolution_screen_v2,controlled,37,7,not_applicable,9957681523574578458,32768,0.1,300.0,3600.0,3299.999952316284,32768,0.05884837071610197,0.9982363450059187,-2.4025804679084217e-09,58848.37071610197,238740389502.4538,2.5160356985549026e+20,2246.077392578125,0.9971107698366223,0.3307021993190827,0.3307021993190827,1950.5194091796875,0.03596117999443446,0.09409285643731165,0.0,0.0,0.12998804093482036,0.0,0.0,0.17443802976132178,0.0,0.0,0.12998804093482036,0.0,0.0,59418.863295774216,-0.009601203187487029,238733292669.84543,2.972703358206097e-05,2.7083026409274727e+20,-0.07099167554875896
golovin_fixed10_high_resolution_screen_v2_N032768_dt0p1_m007,golovin,golovin_fixed10_high_resolution_screen_v2,controlled,37,7,not_applicable,9957681523574578458,32768,0.1,300.0,3600.0,3599.9999046325684,32768,0.03752655480617186,0.9982363464367856,-9.691856206472949e-10,37526.554806171865,238740389844.66312,6.403267876117333e+20,3186.048095703125,0.9981616352050139,0.5353306531909356,0.5353306531909356,2743.244140625,0.06139424728073862,0.1144641725860879,0.0,0.0,0.14822572755329796,0.0,0.0,0.2021477433587872,0.0,0.0,0.14822572755329796,0.0,0.0,37887.079979546696,-0.009515781463481976,238733292669.84543,2.972846701987386e-05,6.661370698447075e+20,-0.03874620314853705
golovin_fixed10_high_resolution_screen_v2_N032768_dt0p1_m008,golovin,golovin_fixed10_high_resolution_screen_v2,controlled,38,8,not_applicable,15484676706023952561,32768,0.1,300.0,3600.0,0.0,32768,8.388608,0.9982363474042619,0.0,8388607.999999999,238740390076.0468,1.3588188660031544e+16,74.99505615234375,0.342844725903238,0.0,0.0,57.3795166015625,0.04863023117960166,0.0020209903619093864,0.0,0.0,0.003150725428215289,0.0,0.0,0.0071245865902003274,0.0,0.0,0.003150725428215289,0.0,0.0,8388608.0,-1.1102230246251565e-16,238733292669.84543,2.9729436234138262e-05,1.3588329560514944e+16,-1.0369227709139395e-05
golovin_fixed10_high_resolution_screen_v2_N032768_dt0p1_m008,golovin,golovin_fixed10_high_resolution_screen_v2,controlled,38,8,not_applicable,15484676706023952561,32768,0.1,300.0,3600.0,300.00001192092896,32768,5.38387524787655,0.9982363475335725,1.2953904615642386e-10,5383875.24787655,238740390106.97308,3.2606815316432776e+16,119.40729522705078,0.6306520087965061,0.0,0.0,86.75846862792969,0.024733028989390872,0.052087757255355825,0.0,0.0,0.07687328700900525,0.0,0.0,0.10989223017651994,0.0,0.0,0.07687328700900525,0.0,0.0,5348803.665523084,0.006556902168521894,238733292669.84543,2.972956577718122e-05,3.3422009487832736e+16,-0.024390938303596954
golovin_fixed10_high_resolution_screen_v2_N032768_dt0p1_m008,golovin,golovin_fixed10_high_resolution_screen_v2,controlled,38,8,not_applicable,15484676706023952561,32768,0.1,300.0,3600.0,600.0000238418579,32768,3.4358579984264765,0.9982363468617005,-5.435200067793744e-10,3435857.9984264765,238740389946.28662,7.959642223696163e+16,172.2898406982422,0.7887209069008577,0.0,0.0,122.29115295410156,0.023357183183922426,0.06097008968629359,0.0,0.0,0.08144277400851328,0.0,0.0,0.13028140870114643,0.0,0.0,0.08144277400851328,0.0,0.0,3410542.089022777,0.007422840341182679,238733292669.84543,2.9728892697811204e-05,8.220515356432454e+16,-0.03173440124190763
golovin_fixed10_high_resolution_screen_v2_N032768_dt0p1_m008,golovin,golovin_fixed10_high_resolution_screen_v2,controlled,38,8,not_applicable,15484676706023952561,32768,0.1,300.0,3600.0,899.9999761581421,32768,2.1773614309990297,0.9982363492974198,1.8965027326345307e-09,2177361.43099903,238740390528.8186,1.9496989617006787e+17,226.6613311767578,0.875036167100929,0.0,0.0,166.96937561035156,0.01634186380355311,0.06301177406604935,0.0,0.0,0.09472910132822399,0.0,0.0,0.13050261152671647,0.0,0.0,0.09472910132822399,0.0,0.0,2174654.2046287498,0.0012448997015330754,238733292669.84543,2.9731332793270226e-05,2.021926918134987e+17,-0.03572233782857537
golovin_fixed10_high_resolution_screen_v2_N032768_dt0p1_m008,golovin,golovin_fixed10_high_resolution_screen_v2,controlled,38,8,not_applicable,15484676706023952561,32768,0.1,300.0,3600.0,1200.0000476837158,32768,1.3782772860393837,0.9982363474695057,6.535905150428789e-11,1378277.2860393836,238740390091.6507,4.9239488656902586e+17,326.4120788574219,0.9254674676575344,0.0,0.0,234.90280151367188,0.019002556992668174,0.06163563068483545,0.0,0.0,0.0953524067296966,0.0,0.0,0.14142077370170456,0.0,0.0,0.0953524067296966,0.0,0.0,1386618.2972187817,-0.006015362119573986,238733292669.84543,2.9729501595188168e-05,4.97315526712769e+17,-0.009894402807546276
golovin_fixed10_high_resolution_screen_v2_N032768_dt0p1_m008,golovin,golovin_fixed10_high_resolution_screen_v2,controlled,38,8,not_applicable,15484676706023952561,32768,0.1,300.0,3600.0,1500.0,32768,0.8799111486778899,0.9982363467297197,-6.757339132690277e-10,879911.1486778898,238740389914.72183,1.246213362643151e+18,473.6544189453125,0.9536440794014934,0.0,0.0,325.3792724609375,0.02260204373021512,0.06144876645473174,0.0,0.0,0.0853425701573298,0.0,0.0,0.1309073512557977,0.0,0.0,0.0853425701573298,0.0,0.0,884145.4617925527,-0.004789158908397373,238733292669.84543,2.9728760480018934e-05,1.2232026906685448e+18,0.018811822562317726
golovin_fixed10_high_resolution_screen_v2_N032768_dt0p1_m008,golovin,golovin_fixed10_high_resolution_screen_v2,controlled,38,8,not_applicable,15484676706023952561,32768,0.1,300.0,3600.0,1799.9999523162842,32768,0.5597835149569177,0.9982363465336672,-8.721328104144277e-10,559783.5149569177,238740389867.83353,2.997181658831738e+18,615.251708984375,0.9712578701731763,0.0,0.0,433.3600769042969,0.019655292498356302,0.06671696783087021,0.0,0.0,0.09353420975893928,0.0,0.0,0.13376340738613043,0.0,0.0,0.09353420975893928,0.0,0.0,563755.1438462138,-0.007044953704900436,238733292669.84543,2.9728564075570674e-05,3.0086026719268946e+18,-0.0037961187769077753
golovin_fixed10_high_resolution_screen_v2_N032768_dt0p1_m008,golovin,golovin_fixed10_high_resolution_screen_v2,controlled,38,8,not_applicable,15484676706023952561,32768,0.1,300.0,3600.0,2099.9999046325684,32768,0.3576037924757303,0.9982363475695237,1.6555379289684424e-10,357603.7924757303,238740390115.5712,7.282888025976459e+18,783.16552734375,0.9817871567262606,0.0,0.0,592.7670288085938,0.019221924104380443,0.06928285562831712,0.0,0.0,0.09927289664903623,0.0,0.0,0.1318087820810569,0.0,0.0,0.09927289664903623,0.0,0.0,359465.58111456485,-0.005179323798016666,238733292669.84543,2.972960179281614e-05,7.39999192822117e+18,-0.015824868916155754
golovin_fixed10_high_resolution_screen_v2_N032768_dt0p1_m008,golovin,golovin_fixed10_high_resolution_screen_v2,controlled,38,8,not_applicable,15484676706023952561,32768,0.1,300.0,3600.0,2400.0000953674316,32768,0.22834490491681197,0.9982363480263533,6.231903881825929e-10,228344.90491681197,238740390224.82758,1.748305404531205e+19,1131.87841796875,0.9884317860569933,0.00032019804348960504,0.00032019804348960504,791.476318359375,0.029817510250946554,0.07202325576707938,0.0,0.0,0.09297498127169858,0.0,0.0,0.1391908869689291,0.0,0.0,0.09297498127169858,0.0,0.0,229204.92913507385,-0.0037522064708960245,238733292669.84543,2.9730059443178192e-05,1.8201113831406539e+19,-0.03945141999252033
golovin_fixed10_high_resolution_screen_v2_N032768_dt0p1_m008,golovin,golovin_fixed10_high_resolution_screen_v2,controlled,38,8,not_applicable,15484676706023952561,32768,0.1,300.0,3600.0,2700.000047683716,32768,0.14547507525426656,0.9982363465266748,-8.791376515659977e-10,145475.07525426656,238740389866.16116,4.235198230596542e+19,1298.18359375,0.9926703661984158,0.015723935249765158,0.015723935249765158,1037.0867919921875,0.0278274332331898,0.07905359370254712,0.0,0.0,0.10163282178570258,0.0,0.0,0.14751318317479756,0.0,0.0,0.10163282178570258,0.0,0.0,146147.28387886327,-0.004599528686101917,238733292669.84543,2.9728557070285433e-05,4.476765798748041e+19,-0.05396028718300516
golovin_fixed10_high_resolution_screen_v2_N032768_dt0p1_m008,golovin,golovin_fixed10_high_resolution_screen_v2,controlled,38,8,not_applicable,15484676706023952561,32768,0.1,300.0,3600.0,3000.0,32768,0.0929340364092978,0.9982363473020083,-1.0243428327783022e-10,92934.0364092978,238740390051.59164,1.0672122037147415e+20,1798.28564453125,0.9953218414868069,0.12639425927531783,0.12639425927531783,1489.6541748046875,0.036406022750018564,0.08522094670386267,0.0,0.0,0.11724038434204477,0.0,0.0,0.17884924717444464,0.0,0.0,0.11724038434204477,0.0,0.0,93187.47491936282,-0.0027196628118137944,238733292669.84543,2.9729333796968405e-05,1.1011101959187887e+20,-0.030785285913878968
golovin_fixed10_high_resolution_screen_v2_N032768_dt0p1_m008,golovin,golovin_fixed10_high_resolution_screen_v2,controlled,38,8,not_applicable,15484676706023952561,32768,0.1,300.0,3600.0,3299.999952316284,32768,0.05925655348646202,0.9982363471235474,-2.812104993310527e-10,59256.55348646202,238740390008.91055,2.5374862800876837e+20,2385.624267578125,0.9970215858044607,0.3365866114880998,0.3365866114880998,1964.6802978515625,0.03571671387745305,0.08549449241788172,0.0,0.0,0.13270665746222912,0.0,0.0,0.1661376550838704,0.0,0.0,0.13270665746222912,0.0,0.0,59418.863295774216,-0.0027316209080650022,238733292669.84543,2.9729155015534303e-05,2.7083026409274727e+20,-0.06307137107147376
golovin_fixed10_high_resolution_screen_v2_N032768_dt0p1_m008,golovin,golovin_fixed10_high_resolution_screen_v2,controlled,38,8,not_applicable,15484676706023952561,32768,0.1,300.0,3600.0,3599.9999046325684,32768,0.0377892723686337,0.9982363466836692,-7.218657893659497e-10,37789.2723686337,238740389903.7083,6.176967550631312e+20,3123.30859375,0.9981056949369217,0.540064821688889,0.540064821688889,2504.643310546875,0.03809825403662823,0.0979081379840691,0.0,0.0,0.1360035998230974,0.0,0.0,0.18305818131423937,0.0,0.0,0.1360035998230974,0.0,0.0,37887.079979546696,-0.0025815557959546487,238733292669.84543,2.9728714346921592e-05,6.661370698447075e+20,-0.07271823919492859
golovin_fixed10_high_resolution_screen_v2_N032768_dt0p1_m009,golovin,golovin_fixed10_high_resolution_screen_v2,controlled,39,9,not_applicable,9508713197183364575,32768,0.1,300.0,3600.0,0.0,32768,8.388608,0.9982363474042619,0.0,8388607.999999999,238740390076.0468,1.3588188660031544e+16,74.99505615234375,0.342844725903238,0.0,0.0,57.3795166015625,0.04865641618609252,0.0020209903619093864,0.0,0.0,0.003150725428215289,0.0,0.0,0.0071245865902003274,0.0,0.0,0.003150725428215289,0.0,0.0,8388608.0,-1.1102230246251565e-16,238733292669.84543,2.9729436234138262e-05,1.3588329560514944e+16,-1.0369227709139395e-05
golovin_fixed10_high_resolution_screen_v2_N032768_dt0p1_m009,golovin,golovin_fixed10_high_resolution_screen_v2,controlled,39,9,not_applicable,9508713197183364575,32768,0.1,300.0,3600.0,300.00001192092896,32768,5.340227185865327,0.9982363461295498,-1.2769642010468374e-09,5340227.185865327,238740389771.18393,3.3328451485168044e+16,120.62169647216797,0.6333124744077523,0.0,0.0,89.03073120117188,0.024318845512353804,0.048626299978856403,0.0,0.0,0.07166515683593165,0.0,0.0,0.11026976406474,0.0,0.0,0.07166515683593165,0.0,0.0,5348803.665523084,-0.0016034388611118056,238733292669.84543,2.972815923207861e-05,3.3422009487832736e+16,-0.002799293163349481
golovin_fixed10_high_resolution_screen_v2_N032768_dt0p1_m009,golovin,golovin_fixed10_high_resolution_screen_v2,controlled,39,9,not_applicable,9508713197183364575,32768,0.1,300.0,3600.0,600.0000238418579,32768,3.4063173871382886,0.9982363455615596,-1.8459579420593286e-09,3406317.3871382885,238740389635.3421,8.111780297375008e+16,162.8616943359375,0.7884928671748752,0.0,0.0,121.79995727539062,0.024440951342457416,0.05928926332524373,0.0,0.0,0.09121682348069156,0.0,0.0,0.120944740030409,0.0,0.0,0.09121682348069156,0.0,0.0,3410542.089022777,-0.0012387185890730956,238733292669.84543,2.9727590221240163e-05,8.220515356432454e+16,-0.013227280084376014
golovin_fixed10_high_resolution_screen_v2_N032768_dt0p1_m009,golovin,golovin_fixed10_high_resolution_screen_v2,controlled,39,9,not_applicable,9508713197183364575,32768,0.1,300.0,3600.0,899.9999761581421,32768,2.1623793941008493,0.9982363454649529,-1.9427353059597863e-09,2162379.3941008495,238740389612.23746,2.0498798420968218e+17,260.87469482421875,0.8756762305413257,0.0,0.0,172.50830078125,0.02216875543660441,0.0552979377597135,0.0,0.0,0.09700305078990266,0.0,0.0,0.1335563275642913,0.0,0.0,0.09700305078990266,0.0,0.0,2174654.2046287498,-0.005644488444081497,238733292669.84543,2.9727493441100705e-05,2.021926918134987e+17,0.013824893328794774
golovin_fixed10_high_resolution_screen_v2_N032768_dt0p1_m009,golovin,golovin_fixed10_high_resolution_screen_v2,controlled,39,9,not_applicable,9508713197183364575,32768,0.1,300.0,3600.0,1200.0000476837158,32768,1.377367443395842,0.9982363467868668,-6.184859291380462e-10,1377367.443395842,238740389928.38928,5.1391644637180166e+17,328.9509582519531,0.924297194808157,0.0,0.0,240.9830780029297,0.022798194562690586,0.05867804479735715,0.0,0.0,0.09131693719215316,0.0,0.0,0.12589383208408986,0.0,0.0,0.09131693719215316,0.0,0.0,1386618.2972187817,-0.006671521529388769,238733292669.84543,2.9728817730001467e-05,4.97315526712769e+17,0.03338106044821054
golovin_fixed10_high_resolution_screen_v2_N032768_dt0p1_m009,golovin,golovin_fixed10_high_resolution_screen_v2,controlled,39,9,not_applicable,9508713197183364575,32768,0.1,300.0,3600.0,1500.0,32768,0.8769182275335414,0.9982363473376633,-6.671629915189214e-11,876918.2275335414,238740390060.11896,1.2522380062106877e+18,417.2252502441406,0.9533384004851394,0.0,0.0,329.215576171875,0.03013230608450351,0.05955622873527252,0.0,0.0,0.08461366650733489,0.0,0.0,0.12516439167813095,0.0,0.0,0.08461366650733489,0.0,0.0,884145.4617925527,-0.008174259294798092,238733292669.84543,2.972936951595173e-05,1.2232026906685448e+18,0.02373712530527028
golovin_fixed10_high_resolution_screen_v2_N032768_dt0p1_m009,golovin,golovin_fixed10_high_resolution_screen_v2,controlled,39,9,not_applicable,9508713197183364575,32768,0.1,300.0,3600.0,1799.9999523162842,32768,0.5584240373049948,0.998236347499438,9.534417699796904e-11,558424.0373049948,238740390098.8094,3.061888882078412e+18,539.65966796875,0.9707529214204969,0.0,0.0,437.2227783203125,0.024363517271565525,0.0703731318232997,0.0,0.0,0.10191712073083642,0.0,0.0,0.13040810942139025,0.0,0.0,0.10191712073083642,0.0,0.0,563755.1438462138,-0.00945642199350527,238733292669.84543,2.9729531581423885e-05,3.0086026719268946e+18,0.0177112819345433
golovin_fixed10_high_resolution_screen_v2_N032768_dt0p1_m009,golovin,golovin_fixed10_high_resolution_screen_v2,controlled,39,9,not_applicable,9508713197183364575,32768,0.1,300.0,3600.0,2099.9999046325684,32768,0.35640822399001926,0.9982363469786812,-4.2633263586111525e-10,356408.22399001924,238740389974.26404,7.544479031238828e+18,765.0861206054688,0.9816919383118067,0.0,0.0,592.992919921875,0.02562333052797726,0.0691116179906126,0.0,0.0,0.0909115118431281,0.0,0.0,0.1257068846888923,0.0,0.0,0.0909115118431281,0.0,0.0,359465.58111456485,-0.008505284748169584,238733292669.84543,2.972900988895688e-05,7.39999192822117e+18,0.01952530548940623
golovin_fixed10_high_resolution_screen_v2_N032768_dt0p1_m009,golovin,golovin_fixed10_high_resolution_screen_v2,controlled,39,9,not_applicable,9508713197183364575,32768,0.1,300.0,3600.0,2400.0000953674316,32768,0.2274363293182466,0.9982363471106704,-2.941101806541724e-10,227436.3293182466,238740390005.83087,1.9262448715845448e+19,1045.96240234375,0.9883823365623732,0.0009070345522228472,0.0009070345522228472,836.2783813476562,0.03524053917882024,0.07221475642980998,0.0,0.0,0.10647072624686532,0.0,0.0,0.1480984076611361,0.0,0.0,0.10647072624686532,0.0,0.0,229204.92913507385,-0.007716238143312348,238733292669.84543,2.972914211540889e-05,1.8201113831406539e+19,0.058311534902196316
golovin_fixed10_high_resolution_screen_v2_N032768_dt0p1_m009,golovin,golovin_fixed10_high_resolution_screen_v2,controlled,39,9,not_applicable,9508713197183364575,32768,0.1,300.0,3600.0,2700.000047683716,32768,0.14449112310259438,0.9982363479814698,5.782276879529036e-10,144491.12310259437,238740390214.0931,4.7455338370110554e+19,1262.5679931640625,0.9926355522503194,0.02529517643400112,0.02529517643400112,1076.9285888671875,0.03654525818129056,0.07493212788174418,0.0,0.0,0.10309554111782789,0.0,0.0,0.1493920576037824,0.0,0.0,0.10309554111782789,0.0,0.0,146147.28387886327,-0.011332135174278224,238733292669.84543,2.973001447892365e-05,4.476765798748041e+19,0.060036207017614585
golovin_fixed10_high_resolution_screen_v2_N032768_dt0p1_m009,golovin,golovin_fixed10_high_resolution_screen_v2,controlled,39,9,not_applicable,9508713197183364575,32768,0.1,300.0,3600.0,3000.0,32768,0.09221575060651092,0.9982363486955359,1.2935552629045333e-09,92215.75060651092,238740390384.87073,1.1821184801675846e+20,1789.14013671875,0.9953263921273127,0.16204426217931472,0.16204426217931472,1450.4014892578125,0.04813767183880699,0.08165088914799146,0.0,0.0,0.12021322101837403,0.0,0.0,0.175102773993268,0.0,0.0,0.12021322101837403,0.0,0.0,93187.47491936282,-0.01042762789412155,238733292669.84543,2.9730729828036928e-05,1.1011101959187887e+20,0.07356964321014292
golovin_fixed10_high_resolution_screen_v2_N032768_dt0p1_m009,golovin,golovin_fixed10_high_resolution_screen_v2,controlled,39,9,not_applicable,9508713197183364575,32768,0.1,300.0,3600.0,3299.999952316284,32768,0.058834050229780895,0.9982363480443239,6.411928765714947e-10,58834.05022978089,238740390229.1255,2.8194226677446685e+20,2297.6279296875,0.9970252082684101,0.3657229253284618,0.3657229253284618,1905.0775146484375,0.04250725226122219,0.09872070663368573,0.0,0.0,0.13033448476253892,0.0,0.0,0.17863636964178034,0.0,0.0,0.13033448476253892,0.0,0.0,59418.863295774216,-0.009842212280000262,238733292669.84543,2.973007744611067e-05,2.7083026409274727e+20,0.041029397947617285
golovin_fixed10_high_resolution_screen_v2_N032768_dt0p1_m009,golovin,golovin_fixed10_high_resolution_screen_v2,controlled,39,9,not_applicable,9508713197183364575,32768,0.1,300.0,3600.0,3599.9999046325684,32768,0.03749077721351394,0.9982363488378052,1.4360759248432942e-09,37490.77721351394,238740390418.8962,7.165653809071142e+20,3124.045654296875,0.9981038485584067,0.5680855768894937,0.5680855768894937,2765.054931640625,0.05052743260941577,0.11674841558766028,0.0,0.0,0.14470764184306173,0.0,0.0,0.19612001018906855,0.0,0.0,0.14470764184306173,0.0,0.0,37887.079979546696,-0.010460103186804015,238733292669.84543,2.9730872352917714e-05,6.661370698447075e+20,0.07570260438165177
golovin_fixed10_high_resolution_screen_v2_N065536_dt0p1_m000,golovin,golovin_fixed10_high_resolution_screen_v2,controlled,40,0,not_applicable,4943525736162644286,65536,0.1,300.0,3600.0,0.0,65536,8.388608,0.9982363464349843,0.0,8388608.0,238740389844.23224,1.3588188760957168e+16,74.99752807617188,0.34284472570596425,0.0,0.0,57.37762451171875,0.03739521363002763,0.0010222790274925005,0.0,0.0,0.0019165819707387967,0.0,0.0,0.003135886424804459,0.0,0.0,0.0019165819707387967,0.0,0.0,8388608.0,0.0,238733292669.84543,2.9728465215095312e-05,1.3588329560514944e+16,-1.0361800333757998e-05
golovin_fixed10_high_resolution_screen_v2_N065536_dt0p1_m000,golovin,golovin_fixed10_high_resolution_screen_v2,controlled,40,0,not_applicable,4943525736162644286,65536,0.1,300.0,3600.0,300.00001192092896,65536,5.346159639293484,0.9982363477169475,1.2842280572300524e-09,5346159.639293484,238740390150.8294,3.348818272742524e+16,126.44139862060547,0.6338072352050179,0.0,0.0,87.6544418334961,0.02867774972516291,0.04790846734130847,0.0,0.0,0.06361978784510372,0.0,0.0,0.08929847921515485,0.0,0.0,0.06361978784510372,0.0,0.0,5348803.665523084,-0.0004943210472730941,238733292669.84543,2.972974948156626e-05,3.3422009487832736e+16,0.0019799300103902073
golovin_fixed10_high_resolution_screen_v2_N065536_dt0p1_m000,golovin,golovin_fixed10_high_resolution_screen_v2,controlled,40,0,not_applicable,4943525736162644286,65536,0.1,300.0,3600.0,600.0000238418579,65536,3.397231725468052,0.998236347898314,1.4659149449869346e-09,3397231.725468052,238740390194.20538,8.174085869358467e+16,160.6597442626953,0.7921199624210568,0.0,0.0,122.97061157226562,0.02750873127065233,0.05513958370751505,0.0,0.0,0.07434403357453699,0.0,0.0,0.09878625195763267,0.0,0.0,0.07434403357453699,0.0,0.0,3410542.089022777,-0.0039027120050990627,238733292669.84543,2.9729931173783086e-05,8.220515356432454e+16,-0.005648001987814122
golovin_fixed10_high_resolution_screen_v2_N065536_dt0p1_m000,golovin,golovin_fixed10_high_resolution_screen_v2,controlled,40,0,not_applicable,4943525736162644286,65536,0.1,300.0,3600.0,899.9999761581421,65536,2.171980373264049,0.998236346441853,6.880940262021795e-12,2171980.373264049,238740389845.87503,2.014310482340686e+17,265.6846618652344,0.8768202493777835,0.0,0.0,171.56973266601562,0.027613581152073217,0.05640513264392123,0.0,0.0,0.06911867316012482,0.0,0.0,0.09287529724271082,0.0,0.0,0.06911867316012482,0.0,0.0,2174654.2046287498,-0.0012295432345102997,238733292669.84543,2.972847209625762e-05,2.021926918134987e+17,-0.0037669194301672704
golovin_fixed10_high_resolution_screen_v2_N065536_dt0p1_m000,golovin,golovin_fixed10_high_resolution_screen_v2,controlled,40,0,not_applicable,4943525736162644286,65536,0.1,300.0,3600.0,1200.0000476837158,65536,1.3819198764593585,0.9982363477214529,1.2887415579143635e-09,1381919.8764593585,238740390151.9069,4.8734349858580774e+17,319.8984069824219,0.9255996093499842,0.0,0.0,233.0544891357422,0.022303405174733927,0.0411157580143606,0.0,0.0,0.06192824664940785,0.0,0.0,0.08991703436602706,0.0,0.0,0.06192824664940785,0.0,0.0,1386618.2972187817,-0.0033884023951270548,238733292669.84543,2.97297539948449e-05,4.97315526712769e+17,-0.020051712828827006
golovin_fixed10_high_resolution_screen_v2_N065536_dt0p1_m000,golovin,golovin_fixed10_high_resolution_screen_v2,controlled,40,0,not_applicable,4943525736162644286,65536,0.1,300.0,3600.0,1500.0,65536,0.880144462705831,0.9982363469368486,5.027509519806017e-10,880144.462705831,238740389964.25925,1.1935212439693724e+18,415.1055603027344,0.9542086218163551,0.0,0.0,314.0935363769531,0.015562794924838445,0.04651197756817464,0.0,0.0,0.06313439052778455,0.0,0.0,0.0883784593290086,0.0,0.0,0.06313439052778455,0.0,0.0,884145.4617925527,-0.004525272434933836,238733292669.84543,2.9728967981146326e-05,1.2232026906685448e+18,-0.024265354324024435
golovin_fixed10_high_resolution_screen_v2_N065536_dt0p1_m000,golovin,golovin_fixed10_high_resolution_screen_v2,controlled,40,0,not_applicable,4943525736162644286,65536,0.1,300.0,3600.0,1799.9999523162842,65536,0.5606803157329882,0.9982363475873884,1.1544400990715076e-09,560680.3157329882,238740390119.84375,2.9374621306044826e+18,580.1958618164062,0.9716246695449561,0.0,0.0,431.9446716308594,0.022509716848023765,0.04741320959881712,0.0,0.0,0.0635506863421604,0.0,0.0,0.09494795507388225,0.0,0.0,0.0635506863421604,0.0,0.0,563755.1438462138,-0.0054541907897242,238733292669.84543,2.9729619689611297e-05,3.0086026719268946e+18,-0.02364570835033175
golovin_fixed10_high_resolution_screen_v2_N065536_dt0p1_m000,golovin,golovin_fixed10_high_resolution_screen_v2,controlled,40,0,not_applicable,4943525736162644286,65536,0.1,300.0,3600.0,2099.9999046325684,65536,0.35656805291746874,0.9982363465307179,9.590284122396042e-11,356568.0529174687,238740389867.12814,7.182247795353614e+18,691.3971557617188,0.982223348700734,0.0,0.0,575.1906127929688,0.01417184365014106,0.0518204390635606,0.0,0.0,0.07273754149568645,0.0,0.0,0.09877713581742809,0.0,0.0,0.07273754149568645,0.0,0.0,359465.58111456485,-0.008060655454444343,238733292669.84543,2.9728561120823116e-05,7.39999192822117e+18,-0.029424914916075795
golovin_fixed10_high_resolution_screen_v2_N065536_dt0p1_m000,golovin,golovin_fixed10_high_resolution_screen_v2,controlled,40,0,not_applicable,4943525736162644286,65536,0.1,300.0,3600.0,2400.0000953674316,65536,0.22726523591627318,0.9982363478279431,1.3954200017707308e-09,227265.23591627317,238740390177.37537,1.770684789074731e+19,991.82421875,0.988716437323887,0.0,0.0,775.575439453125,0.017498119915251062,0.050821139977593854,0.0,0.0,0.07775476342754438,0.0,0.0,0.10624930942653044,0.0,0.0,0.07775476342754438,0.0,0.0,229204.92913507385,-0.008462702901374297,238733292669.84543,2.9729860676619424e-05,1.8201113831406539e+19,-0.02715580734440326
golovin_fixed10_high_resolution_screen_v2_N065536_dt0p1_m000,golovin,golovin_fixed10_high_resolution_screen_v2,controlled,40,0,not_applicable,4943525736162644286,65536,0.1,300.0,3600.0,2700.000047683716,65536,0.145054267927996,0.9982363472216859,7.880915919855624e-10,145054.267927996,238740390032.38156,4.3044845081977676e+19,1272.0206298828125,0.9928165283873319,0.017581440150394197,0.017581440150394197,1050.2694091796875,0.018307128693505308,0.05127904406189437,0.0,0.0,0.07370505123190113,0.0,0.0,0.10242490644709294,0.0,0.0,0.07370505123190113,0.0,0.0,146147.28387886327,-0.007478865989553607,238733292669.84543,2.9729253330224026e-05,4.476765798748041e+19,-0.03848342716486386
golovin_fixed10_high_resolution_screen_v2_N065536_dt0p1_m000,golovin,golovin_fixed10_high_resolution_screen_v2,controlled,40,0,not_applicable,4943525736162644286,65536,0.1,300.0,3600.0,3000.0,65536,0.09229819835422293,0.9982363471808491,7.471825380633845e-10,92298.19835422293,238740390022.61496,1.0664184785050437e+20,1780.634033203125,0.9954309182311282,0.13494560401033234,0.13494560401033234,1407.44482421875,0.019297172621929346,0.06356247806163431,0.0,0.0,0.08639310115574293,0.0,0.0,0.11594128432138338,0.0,0.0,0.08639310115574293,0.0,0.0,93187.47491936282,-0.009542876506841824,238733292669.84543,2.972921242005988e-05,1.1011101959187887e+20,-0.031506126763995224
golovin_fixed10_high_resolution_screen_v2_N065536_dt0p1_m000,golovin,golovin_fixed10_high_resolution_screen_v2,controlled,40,0,not_applicable,4943525736162644286,65536,0.1,300.0,3600.0,3299.999952316284,65536,0.05885598868536755,0.9982363474177286,9.844807191683458e-10,58855.98868536755,238740390079.26758,2.657460825004872e+20,2367.473876953125,0.997091561692351,0.3400865512271106,0.3400865512271106,1947.6455078125,0.026658406485008158,0.05842129699434075,0.0,0.0,0.08462498534142235,0.0,0.0,0.12333284450554041,0.0,0.0,0.08462498534142235,0.0,0.0,59418.863295774216,-0.009472995260861872,238733292669.84543,2.972944972512437e-05,2.7083026409274727e+20,-0.01877257554391698
golovin_fixed10_high_resolution_screen_v2_N065536_dt0p1_m000,golovin,golovin_fixed10_high_resolution_screen_v2,controlled,40,0,not_applicable,4943525736162644286,65536,0.1,300.0,3600.0,3599.9999046325684,65536,0.03750594288141877,0.9982363468915539,4.573763590087765e-10,37505.94288141877,238740389953.4265,6.488353960037289e+20,3298.881103515625,0.9981482432160861,0.5446691668189568,0.5446691668189568,2651.787841796875,0.038959281016429904,0.07609608899013659,0.0,0.0,0.09846940247808612,0.0,0.0,0.14501125305364648,0.0,0.0,0.09846940247808612,0.0,0.0,37887.079979546696,-0.010059817181310438,238733292669.84543,2.9728922605221086e-05,6.661370698447075e+20,-0.025973143703010182
golovin_fixed10_high_resolution_screen_v2_N065536_dt0p1_m001,golovin,golovin_fixed10_high_resolution_screen_v2,controlled,41,1,not_applicable,3747105223542227228,65536,0.1,300.0,3600.0,0.0,65536,8.388608,0.9982363464349843,0.0,8388608.0,238740389844.23224,1.3588188760957168e+16,74.99752807617188,0.34284472570596425,0.0,0.0,57.37762451171875,0.0374439938449131,0.0010222790274925005,0.0,0.0,0.0019165819707387967,0.0,0.0,0.003135886424804459,0.0,0.0,0.0019165819707387967,0.0,0.0,8388608.0,0.0,238733292669.84543,2.9728465215095312e-05,1.3588329560514944e+16,-1.0361800333757998e-05
golovin_fixed10_high_resolution_screen_v2_N065536_dt0p1_m001,golovin,golovin_fixed10_high_resolution_screen_v2,controlled,41,1,not_applicable,3747105223542227228,65536,0.1,300.0,3600.0,300.00001192092896,65536,5.381522320343541,0.9982363474898953,1.0567748898182572e-09,5381522.320343541,238740390096.5271,3.3077756262265604e+16,130.1196746826172,0.6308672573012466,0.0,0.0,87.67373657226562,0.019962554379902353,0.036140208393066274,0.0,0.0,0.051698349006120595,0.0,0.0,0.07361603474936274,0.0,0.0,0.051698349006120595,0.0,0.0,5348803.665523084,0.006117004262346182,238733292669.84543,2.9729522021515464e-05,3.3422009487832736e+16,-0.010300195315678384
golovin_fixed10_high_resolution_screen_v2_N065536_dt0p1_m001,golovin,golovin_fixed10_high_resolution_screen_v2,controlled,41,1,not_applicable,3747105223542227228,65536,0.1,300.0,3600.0,600.0000238418579,65536,3.4244006704284686,0.9982363470252753,5.913338707586036e-10,3424400.670428469,238740389985.40756,8.135885184735565e+16,181.95004272460938,0.7901268417079327,0.0,0.0,122.81718444824219,0.01276596730990052,0.03672928591081488,0.0,0.0,0.05846626909476639,0.0,0.0,0.08138492328068196,0.0,0.0,0.05846626909476639,0.0,0.0,3410542.089022777,0.004063454150088797,238733292669.84543,2.972905656672964e-05,8.220515356432454e+16,-0.010294995876464985
golovin_fixed10_high_resolution_screen_v2_N065536_dt0p1_m001,golovin,golovin_fixed10_high_resolution_screen_v2,controlled,41,1,not_applicable,3747105223542227228,65536,0.1,300.0,3600.0,899.9999761581421,65536,2.185181538738879,0.9982363476971863,1.264432114567171e-09,2185181.538738879,238740390146.1033,1.9892139724986122e+17,230.702392578125,0.8757354755049487,0.0,0.0,169.07630920410156,0.013133693245110052,0.04438730441918109,0.0,0.0,0.060311570544391895,0.0,0.0,0.09094504827950275,0.0,0.0,0.060311570544391895,0.0,0.0,2174654.2046287498,0.004840923254704865,238733292669.84543,2.9729729684957462e-05,2.021926918134987e+17,-0.016179093983549553
golovin_fixed10_high_resolution_screen_v2_N065536_dt0p1_m001,golovin,golovin_fixed10_high_resolution_screen_v2,controlled,41,1,not_applicable,3747105223542227228,65536,0.1,300.0,3600.0,1200.0000476837158,65536,1.3941276573754642,0.9982363476249348,1.1920529008335734e-09,1394127.6573754642,238740390128.82346,4.7725702143039034e+17,311.7014465332031,0.9244699363128721,0.0,0.0,232.11154174804688,0.01917206518828122,0.052000944188814034,0.0,0.0,0.06783233909329167,0.0,0.0,0.08950032071976097,0.0,0.0,0.06783233909329167,0.0,0.0,1386618.2972187817,0.005415592864845609,238733292669.84543,2.9729657303523283e-05,4.97315526712769e+17,-0.040333559289741916
golovin_fixed10_high_resolution_screen_v2_N065536_dt0p1_m001,golovin,golovin_fixed10_high_resolution_screen_v2,controlled,41,1,not_applicable,3747105223542227228,65536,0.1,300.0,3600.0,1500.0,65536,0.8876165058103633,0.9982363476538648,1.2210339406237836e-09,887616.5058103633,238740390135.7424,1.1766194997735757e+18,418.276611328125,0.953357733757665,0.0,0.0,317.9358215332031,0.016915500861084763,0.04274511354830527,0.0,0.0,0.06493286042343935,0.0,0.0,0.08694066470761336,0.0,0.0,0.06493286042343935,0.0,0.0,884145.4617925527,0.003925874381318639,238733292669.84543,2.972968628545125e-05,1.2232026906685448e+18,-0.038082969609483874
golovin_fixed10_high_resolution_screen_v2_N065536_dt0p1_m001,golovin,golovin_fixed10_high_resolution_screen_v2,controlled,41,1,not_applicable,3747105223542227228,65536,0.1,300.0,3600.0,1799.9999523162842,65536,0.567238814655192,0.9982363473164673,8.8304030754216e-10,567238.814655192,238740390055.04965,2.904335199387667e+18,557.5609741210938,0.9706695214190069,0.0,0.0,426.5799865722656,0.020962374042136734,0.04343749249789668,0.0,0.0,0.064624490978054,0.0,0.0,0.09092518544759216,0.0,0.0,0.064624490978054,0.0,0.0,563755.1438462138,0.006179404032060409,238733292669.84543,2.9729348281826162e-05,3.0086026719268946e+18,-0.03465644483804453
golovin_fixed10_high_resolution_screen_v2_N065536_dt0p1_m001,golovin,golovin_fixed10_high_resolution_screen_v2,controlled,41,1,not_applicable,3747105223542227228,65536,0.1,300.0,3600.0,2099.9999046325684,65536,0.36234007907175914,0.9982363474697357,1.0365794889111157e-09,362340.07907175913,238740390091.70566,7.040248847085987e+18,758.167236328125,0.9814638167764341,0.0,0.0,568.41650390625,0.024291403228033935,0.05056353191301023,0.0,0.0,0.07270997064560263,0.0,0.0,0.0920231912155942,0.0,0.0,0.07270997064560263,0.0,0.0,359465.58111456485,0.007996587457084425,238733292669.84543,2.9729501825448423e-05,7.39999192822117e+18,-0.048613982910337916
golovin_fixed10_high_resolution_screen_v2_N065536_dt0p1_m001,golovin,golovin_fixed10_high_resolution_screen_v2,controlled,41,1,not_applicable,3747105223542227228,65536,0.1,300.0,3600.0,2400.0000953674316,65536,0.23069604791936607,0.9982363478025331,1.3699650303067301e-09,230696.04791936607,238740390171.29825,1.7065454778406744e+19,1022.4373779296875,0.9882783408075039,1.129407662198547e-05,1.129407662198547e-05,767.5592651367188,0.02555264769917515,0.043658429994118765,0.0,0.0,0.07065776020268766,0.0,0.0,0.09827748021736515,0.0,0.0,0.07065776020268766,0.0,0.0,229204.92913507385,0.00650561394957383,238733292669.84543,2.9729835220981826e-05,1.8201113831406539e+19,-0.06239503051951589
golovin_fixed10_high_resolution_screen_v2_N065536_dt0p1_m001,golovin,golovin_fixed10_high_resolution_screen_v2,controlled,41,1,not_applicable,3747105223542227228,65536,0.1,300.0,3600.0,2700.000047683716,65536,0.14706954172315592,0.9982363484617409,2.0303374537178343e-09,147069.5417231559,238740390328.95584,4.119132395518752e+19,1274.0782470703125,0.9925628972346474,0.012675571438513202,0.012675571438513202,1024.2469482421875,0.03772882224221227,0.06465057899925594,0.0,0.0,0.07772314977814825,0.0,0.0,0.10640647931092632,0.0,0.0,0.07772314977814825,0.0,0.0,146147.28387886327,0.006310468589050711,238733292669.84543,2.9730495613167207e-05,4.476765798748041e+19,-0.07988655634594588
golovin_fixed10_high_resolution_screen_v2_N065536_dt0p1_m001,golovin,golovin_fixed10_high_resolution_screen_v2,controlled,41,1,not_applicable,3747105223542227228,65536,0.1,300.0,3600.0,3000.0,65536,0.0937781518054884,0.9982363472560869,8.225533587591372e-10,93778.1518054884,238740390040.60898,1.0217268779639095e+20,1775.9541015625,0.9952801140213071,0.1310999924328871,0.1310999924328871,1399.2271728515625,0.03047466360660883,0.06474430604144017,0.0,0.0,0.08558015590990282,0.0,0.0,0.11526642476667533,0.0,0.0,0.08558015590990282,0.0,0.0,93187.47491936282,0.006338586667754553,238733292669.84543,2.9729287792878978e-05,1.1011101959187887e+20,-0.07209389055619464
golovin_fixed10_high_resolution_screen_v2_N065536_dt0p1_m001,golovin,golovin_fixed10_high_resolution_screen_v2,controlled,41,1,not_applicable,3747105223542227228,65536,0.1,300.0,3600.0,3299.999952316284,65536,0.05977751494843869,0.9982363471723965,7.387150890991734e-10,59777.51494843869,238740390020.59338,2.4655440831258998e+20,2444.545166015625,0.9969961073267921,0.33690950677115156,0.33690950677115156,1876.328857421875,0.037774250764466645,0.08217189179493839,0.0,0.0,0.09824385216136647,0.0,0.0,0.12946112980042768,0.0,0.0,0.09824385216136647,0.0,0.0,59418.863295774216,0.006035989798040875,238733292669.84543,2.9729203952166827e-05,2.7083026409274727e+20,-0.08963494482966605
golovin_fixed10_high_resolution_screen_v2_N065536_dt0p1_m001,golovin,golovin_fixed10_high_resolution_screen_v2,controlled,41,1,not_applicable,3747105223542227228,65536,0.1,300.0,3600.0,3599.9999046325684,65536,0.0381164365654732,0.9982363485933228,2.162151790940925e-09,38116.4365654732,238740390360.42526,6.003721429875956e+20,3123.870361328125,0.9980885879225511,0.5405466166890024,0.5405466166890024,2522.236572265625,0.04803688743683171,0.08269831361112027,0.0,0.0,0.1029037509460057,0.0,0.0,0.13780660350845433,0.0,0.0,0.1029037509460057,0.0,0.0,37887.079979546696,0.006053688646639577,238733292669.84543,2.973062743127919e-05,6.661370698447075e+20,-0.09872581760454091
golovin_fixed10_high_resolution_screen_v2_N065536_dt0p1_m002,golovin,golovin_fixed10_high_resolution_screen_v2,controlled,42,2,not_applicable,4581829865982151599,65536,0.1,300.0,3600.0,0.0,65536,8.388608,0.9982363464349843,0.0,8388608.0,238740389844.23224,1.3588188760957168e+16,74.99752807617188,0.34284472570596425,0.0,0.0,57.37762451171875,0.037438801527144384,0.0010222790274925005,0.0,0.0,0.0019165819707387967,0.0,0.0,0.003135886424804459,0.0,0.0,0.0019165819707387967,0.0,0.0,8388608.0,0.0,238733292669.84543,2.9728465215095312e-05,1.3588329560514944e+16,-1.0361800333757998e-05
golovin_fixed10_high_resolution_screen_v2_N065536_dt0p1_m002,golovin,golovin_fixed10_high_resolution_screen_v2,controlled,42,2,not_applicable,4581829865982151599,65536,0.1,300.0,3600.0,300.00001192092896,65536,5.32389098729124,0.9982363471602614,7.265585910687378e-10,5323890.98729124,238740390017.6911,3.365350693231264e+16,120.08564758300781,0.63649221857616,0.0,0.0,88.0316162109375,0.020122803964311223,0.03422073213347238,0.0,0.0,0.0592312324584018,0.0,0.0,0.08149804360886895,0.0,0.0,0.0592312324584018,0.0,0.0,5348803.665523084,-0.0046576168784103755,238733292669.84543,2.9729191795224708e-05,3.3422009487832736e+16,0.0069264968811699745
golovin_fixed10_high_resolution_screen_v2_N065536_dt0p1_m002,golovin,golovin_fixed10_high_resolution_screen_v2,controlled,42,2,not_applicable,4581829865982151599,65536,0.1,300.0,3600.0,600.0000238418579,65536,3.4090133383058823,0.9982363476024638,1.1695422408308787e-09,3409013.338305882,238740390123.4493,8.25386620723389e+16,177.36032104492188,0.7927867597098025,0.0,0.0,123.26483917236328,0.0242766899571243,0.03924078843601227,0.0,0.0,0.05962908274324285,0.0,0.0,0.08728391311105121,0.0,0.0,0.05962908274324285,0.0,0.0,3410542.089022777,-0.00044824273590271524,238733292669.84543,2.972963479241919e-05,8.220515356432454e+16,0.004057026762359639
golovin_fixed10_high_resolution_screen_v2_N065536_dt0p1_m002,golovin,golovin_fixed10_high_resolution_screen_v2,controlled,42,2,not_applicable,4581829865982151599,65536,0.1,300.0,3600.0,899.9999761581421,65536,2.174967209016254,0.9982363477585632,1.3259173758939369e-09,2174967.209016254,238740390160.7823,2.0102927210832374e+17,230.54823303222656,0.8776805609503656,0.0,0.0,170.66046142578125,0.016129632545529227,0.04553895280661851,0.0,0.0,0.05895855615991119,0.0,0.0,0.08357403576538597,0.0,0.0,0.05895855615991119,0.0,0.0,2174654.2046287498,0.000143932946598202,238733292669.84543,2.9729791171995146e-05,2.021926918134987e+17,-0.0057540146220916855
golovin_fixed10_high_resolution_screen_v2_N065536_dt0p1_m002,golovin,golovin_fixed10_high_resolution_screen_v2,controlled,42,2,not_applicable,4581829865982151599,65536,0.1,300.0,3600.0,1200.0000476837158,65536,1.3863779903816575,0.9982363480433174,1.6111747491720507e-09,1386377.9903816576,238740390228.88474,5.0048607195018925e+17,341.88037109375,0.9259118788856443,0.0,0.0,232.9152374267578,0.02057873808732281,0.0511805367548965,0.0,0.0,0.07058998103380344,0.0,0.0,0.09445914197243113,0.0,0.0,0.07058998103380344,0.0,0.0,1386618.2972187817,-0.0001733042450153821,238733292669.84543,2.973007643780612e-05,4.97315526712769e+17,0.006375319223144604
golovin_fixed10_high_resolution_screen_v2_N065536_dt0p1_m002,golovin,golovin_fixed10_high_resolution_screen_v2,controlled,42,2,not_applicable,4581829865982151599,65536,0.1,300.0,3600.0,1500.0,65536,0.8847324168970547,0.9982363490793853,2.649073183036421e-09,884732.4168970548,238740390476.67303,1.2342658148280356e+18,435.074462890625,0.9541497362006347,0.0,0.0,317.5965576171875,0.021120455514649795,0.050821879137592306,0.0,0.0,0.07147073112617754,0.0,0.0,0.09364643554420848,0.0,0.0,0.07147073112617754,0.0,0.0,884145.4617925527,0.0006638671235297267,238733292669.84543,2.9731114367104183e-05,1.2232026906685448e+18,0.009044391615460112
golovin_fixed10_high_resolution_screen_v2_N065536_dt0p1_m002,golovin,golovin_fixed10_high_resolution_screen_v2,controlled,42,2,not_applicable,4581829865982151599,65536,0.1,300.0,3600.0,1799.9999523162842,65536,0.5639933401638264,0.9982363478118538,1.3793022279884326e-09,563993.3401638264,238740390173.5274,3.081025495395433e+18,594.9735107421875,0.9714353591749969,0.0,0.0,438.3309326171875,0.022257997136191136,0.0425512183488395,0.0,0.0,0.06173004599749505,0.0,0.0,0.08655513205520454,0.0,0.0,0.06173004599749505,0.0,0.0,563755.1438462138,0.00042251732904374784,238733292669.84543,2.9729844558401552e-05,3.0086026719268946e+18,0.024071913564496894
golovin_fixed10_high_resolution_screen_v2_N065536_dt0p1_m002,golovin,golovin_fixed10_high_resolution_screen_v2,controlled,42,2,not_applicable,4581829865982151599,65536,0.1,300.0,3600.0,2099.9999046325684,65536,0.35897698947759493,0.9982363478694538,1.4370038492472759e-09,358976.9894775949,238740390187.3032,7.571590832665942e+18,766.8466796875,0.9820907743367594,0.0,0.0,594.0164184570312,0.026299392984343115,0.04917355599589463,0.0,0.0,0.0635843864353313,0.0,0.0,0.10231026939462336,0.0,0.0,0.0635843864353313,0.0,0.0,359465.58111456485,-0.0013592167446324632,238733292669.84543,2.9729902262021213e-05,7.39999192822117e+18,0.02318906643537666
golovin_fixed10_high_resolution_screen_v2_N065536_dt0p1_m002,golovin,golovin_fixed10_high_resolution_screen_v2,controlled,42,2,not_applicable,4581829865982151599,65536,0.1,300.0,3600.0,2400.0000953674316,65536,0.2282965738465879,0.9982363472790357,8.455425248854453e-10,228296.5738465879,238740390046.09747,1.865358034387389e+19,1019.6438598632812,0.9886977295347812,0.00032152527879831703,0.00032152527879831703,786.1088256835938,0.02763521455219454,0.05169525889942897,0.0,0.0,0.07821928303807915,0.0,0.0,0.10515468747707155,0.0,0.0,0.07821928303807915,0.0,0.0,229204.92913507385,-0.003963070479826469,238733292669.84543,2.9729310783155327e-05,1.8201113831406539e+19,0.02485927601236182
golovin_fixed10_high_resolution_screen_v2_N065536_dt0p1_m002,golovin,golovin_fixed10_high_resolution_screen_v2,controlled,42,2,not_applicable,4581829865982151599,65536,0.1,300.0,3600.0,2700.000047683716,65536,0.14549974951726644,0.9982363471579526,7.242457744638386e-10,145499.74951726643,238740390017.13892,4.566737932305765e+19,1441.69091796875,0.992809100178689,0.019939344904279767,0.019939344904279767,1067.251708984375,0.03297105550448385,0.06431204633975887,0.0,0.0,0.08121105475866926,0.0,0.0,0.10915001459312434,0.0,0.0,0.08121105475866926,0.0,0.0,146147.28387886327,-0.004430697200869971,238733292669.84543,2.9729189482186058e-05,4.476765798748041e+19,0.020097574365602444
golovin_fixed10_high_resolution_screen_v2_N065536_dt0p1_m002,golovin,golovin_fixed10_high_resolution_screen_v2,controlled,42,2,not_applicable,4581829865982151599,65536,0.1,300.0,3600.0,3000.0,65536,0.09272398540585809,0.998236348195106,1.763231338713922e-09,92723.9854058581,238740390265.18686,1.1128480007401393e+20,1890.7252197265625,0.995427679177725,0.14085642637916942,0.14085642637916942,1451.1898193359375,0.03134561876864054,0.07130464404447562,0.0,0.0,0.09599230310990853,0.0,0.0,0.12221420016988115,0.0,0.0,0.09599230310990853,0.0,0.0,93187.47491936282,-0.004973731865852038,238733292669.84543,2.9730228499058597e-05,1.1011101959187887e+20,0.010659972875427304
golovin_fixed10_high_resolution_screen_v2_N065536_dt0p1_m002,golovin,golovin_fixed10_high_resolution_screen_v2,controlled,42,2,not_applicable,4581829865982151599,65536,0.1,300.0,3600.0,3299.999952316284,65536,0.05919268430588404,0.9982363472817968,8.483085345289965e-10,59192.684305884046,238740390046.75778,2.740799126147196e+20,2501.802734375,0.997081409310649,0.34926319062858147,0.34926319062858147,1957.0523681640625,0.03336503472023505,0.0704706201190989,0.0,0.0,0.0970870678482835,0.0,0.0,0.12986287364308383,0.0,0.0,0.0970870678482835,0.0,0.0,59418.863295774216,-0.003806518289727334,238733292669.84543,2.9729313548942926e-05,2.7083026409274727e+20,0.011998838212776253
golovin_fixed10_high_resolution_screen_v2_N065536_dt0p1_m002,golovin,golovin_fixed10_high_resolution_screen_v2,controlled,42,2,not_applicable,4581829865982151599,65536,0.1,300.0,3600.0,3599.9999046325684,65536,0.03775566797088135,0.9982363477688877,1.3362602135913448e-09,37755.667970881346,238740390163.25156,6.819831027668468e+20,3278.05322265625,0.9981414185620041,0.5536895246784594,0.5536895246784594,2670.470703125,0.03141992983222903,0.07056265905205272,0.0,0.0,0.09757658237622593,0.0,0.0,0.1324345758396687,0.0,0.0,0.09757658237622593,0.0,0.0,37887.079979546696,-0.0034685177304847326,238733292669.84543,2.9729801515054888e-05,6.661370698447075e+20,0.02378794641444193
golovin_fixed10_high_resolution_screen_v2_N065536_dt0p1_m003,golovin,golovin_fixed10_high_resolution_screen_v2,controlled,43,3,not_applicable,793981825677448568,65536,0.1,300.0,3600.0,0.0,65536,8.388608,0.9982363464349843,0.0,8388608.0,238740389844.23224,1.3588188760957168e+16,74.99752807617188,0.34284472570596425,0.0,0.0,57.37762451171875,0.03740099302685421,0.0010222790274925005,0.0,0.0,0.0019165819707387967,0.0,0.0,0.003135886424804459,0.0,0.0,0.0019165819707387967,0.0,0.0,8388608.0,0.0,238733292669.84543,2.9728465215095312e-05,1.3588329560514944e+16,-1.0361800333757998e-05
golovin_fixed10_high_resolution_screen_v2_N065536_dt0p1_m003,golovin,golovin_fixed10_high_resolution_screen_v2,controlled,43,3,not_applicable,793981825677448568,65536,0.1,300.0,3600.0,300.00001192092896,65536,5.34460386813764,0.9982363459788417,-4.5694847905508595e-10,5344603.86813764,238740389735.14023,3.358489768034975e+16,123.56177520751953,0.6310153177235784,0.0,0.0,89.4894027709961,0.02225223271032186,0.04496281942228569,0.0,0.0,0.06082578029550436,0.0,0.0,0.08382004713767015,0.0,0.0,0.06082578029550436,0.0,0.0,5348803.665523084,-0.0007851844352625426,238733292669.84543,2.972800825329358e-05,3.3422009487832736e+16,0.004873680398430613
golovin_fixed10_high_resolution_screen_v2_N065536_dt0p1_m003,golovin,golovin_fixed10_high_resolution_screen_v2,controlled,43,3,not_applicable,793981825677448568,65536,0.1,300.0,3600.0,600.0000238418579,65536,3.394117534350169,0.9982363464766856,4.177502788138554e-11,3394117.534350169,238740389854.20566,8.215490747042894e+16,176.2762908935547,0.7890550261613783,0.0,0.0,124.3946304321289,0.016360195496643956,0.038498219486463287,0.0,0.0,0.06339556343988106,0.0,0.0,0.08561854968210242,0.0,0.0,0.06339556343988106,0.0,0.0,3410542.089022777,-0.004815819375304731,238733292669.84543,2.972850699145546e-05,8.220515356432454e+16,-0.000611228027891042
golovin_fixed10_high_resolution_screen_v2_N065536_dt0p1_m003,golovin,golovin_fixed10_high_resolution_screen_v2,controlled,43,3,not_applicable,793981825677448568,65536,0.1,300.0,3600.0,899.9999761581421,65536,2.1702333054323177,0.9982363465919478,1.5724088697766092e-10,2170233.305432318,238740389881.77203,2.0351987674881696e+17,232.23577880859375,0.8742715939427971,0.0,0.0,172.43466186523438,0.02547089331100599,0.04741159155378223,0.0,0.0,0.06592168247270139,0.0,0.0,0.08807977942479304,0.0,0.0,0.06592168247270139,0.0,0.0,2174654.2046287498,-0.002032920538365124,238733292669.84543,2.972862246086727e-05,2.021926918134987e+17,0.006563960959293569
golovin_fixed10_high_resolution_screen_v2_N065536_dt0p1_m003,golovin,golovin_fixed10_high_resolution_screen_v2,controlled,43,3,not_applicable,793981825677448568,65536,0.1,300.0,3600.0,1200.0000476837158,65536,1.3830204250714326,0.9982363484662727,2.0348773777101314e-09,1383020.4250714327,238740390330.03967,4.982652782800799e+17,336.2945251464844,0.9237065181444943,0.0,0.0,233.6319122314453,0.022101260960199258,0.05122131933996045,0.0,0.0,0.0672358289161373,0.0,0.0,0.09119385036715325,0.0,0.0,0.0672358289161373,0.0,0.0,1386618.2972187817,-0.0025947098452150374,238733292669.84543,2.97305001530912e-05,4.97315526712769e+17,0.0019097565153227691
golovin_fixed10_high_resolution_screen_v2_N065536_dt0p1_m003,golovin,golovin_fixed10_high_resolution_screen_v2,controlled,43,3,not_applicable,793981825677448568,65536,0.1,300.0,3600.0,1500.0,65536,0.8824536136090788,0.9982363471749527,7.412757074831688e-10,882453.6136090788,238740390021.2047,1.2366409183837875e+18,433.5660095214844,0.9531440484945707,0.0,0.0,320.8148498535156,0.023700923381971852,0.044768312520093285,0.0,0.0,0.0645417646542715,0.0,0.0,0.09485856656114307,0.0,0.0,0.0645417646542715,0.0,0.0,884145.4617925527,-0.0019135405389558713,238733292669.84543,2.972920651278521e-05,1.2232026906685448e+18,0.010986100519365216
golovin_fixed10_high_resolution_screen_v2_N065536_dt0p1_m003,golovin,golovin_fixed10_high_resolution_screen_v2,controlled,43,3,not_applicable,793981825677448568,65536,0.1,300.0,3600.0,1799.9999523162842,65536,0.5638507700996662,0.9982363482178055,1.7859711487488994e-09,563850.7700996662,238740390270.61575,3.0320150359429796e+18,596.02587890625,0.9708712306445917,0.0,0.0,435.7264709472656,0.01843561763011271,0.05043839784406096,0.0,0.0,0.06506332772181429,0.0,0.0,0.09365285088356029,0.0,0.0,0.06506332772181429,0.0,0.0,563755.1438462138,0.0001696237355812702,238733292669.84543,2.9730251239534766e-05,3.0086026719268946e+18,0.00778180656241001
golovin_fixed10_high_resolution_screen_v2_N065536_dt0p1_m003,golovin,golovin_fixed10_high_resolution_screen_v2,controlled,43,3,not_applicable,793981825677448568,65536,0.1,300.0,3600.0,2099.9999046325684,65536,0.36017588487596686,0.9982363473400703,9.066851713868118e-10,360175.8848759669,238740390060.69464,7.586654558236335e+18,788.292724609375,0.9816019996835633,0.0,0.0,595.6376342773438,0.0171455039368372,0.0442834602358938,0.0,0.0,0.06900054886820514,0.0,0.0,0.0921267553784751,0.0,0.0,0.06900054886820514,0.0,0.0,359465.58111456485,0.0019759993688397426,238733292669.84543,2.972937192735614e-05,7.39999192822117e+18,0.025224707246408462
golovin_fixed10_high_resolution_screen_v2_N065536_dt0p1_m003,golovin,golovin_fixed10_high_resolution_screen_v2,controlled,43,3,not_applicable,793981825677448568,65536,0.1,300.0,3600.0,2400.0000953674316,65536,0.22925163443710708,0.9982363476408296,1.2079757194527474e-09,229251.63443710707,238740390132.6249,1.9189180677073228e+19,972.3413696289062,0.9884460880111714,0.0,0.0,817.8941650390625,0.03313735062979137,0.05932809908778509,0.0,0.0,0.0774859368124873,0.0,0.0,0.10919071875561864,0.0,0.0,0.0774859368124873,0.0,0.0,229204.92913507385,0.00020377093201906504,238733292669.84543,2.9729673227008035e-05,1.8201113831406539e+19,0.05428606484300702
golovin_fixed10_high_resolution_screen_v2_N065536_dt0p1_m003,golovin,golovin_fixed10_high_resolution_screen_v2,controlled,43,3,not_applicable,793981825677448568,65536,0.1,300.0,3600.0,2700.000047683716,65536,0.1458548852290402,0.9982363487087468,2.2777797425987956e-09,145854.8852290402,238740390388.0303,4.7388369710711054e+19,1410.493408203125,0.9926652022136665,0.02346756054316554,0.02346756054316554,1085.6441650390625,0.03944650121405798,0.06263101453319818,0.0,0.0,0.08445358457163227,0.0,0.0,0.11795961677094188,0.0,0.0,0.08445358457163227,0.0,0.0,146147.28387886327,-0.00200071217242348,238733292669.84543,2.973074306278356e-05,4.476765798748041e+19,0.05854029093868496
golovin_fixed10_high_resolution_screen_v2_N065536_dt0p1_m003,golovin,golovin_fixed10_high_resolution_screen_v2,controlled,43,3,not_applicable,793981825677448568,65536,0.1,300.0,3600.0,3000.0,65536,0.09302312996624928,0.9982363470366193,6.026981136386667e-10,93023.12996624928,238740389988.12067,1.1710553407264412e+20,1978.8885498046875,0.9953506214027474,0.15224175061033163,0.15224175061033163,1541.9832763671875,0.034266042977353604,0.06382721871053186,0.0,0.0,0.08817576603848744,0.0,0.0,0.12339177866679733,0.0,0.0,0.08817576603848744,0.0,0.0,93187.47491936282,-0.0017635948742655838,238733292669.84543,2.9729067931194564e-05,1.1011101959187887e+20,0.06352238410551525
golovin_fixed10_high_resolution_screen_v2_N065536_dt0p1_m003,golovin,golovin_fixed10_high_resolution_screen_v2,controlled,43,3,not_applicable,793981825677448568,65536,0.1,300.0,3600.0,3299.999952316284,65536,0.05936238559741803,0.9982363461798882,-2.555468059384225e-10,59362.385597418026,238740389783.22293,2.830415190800307e+20,2523.0439453125,0.9970347777736162,0.3581535953256056,0.3581535953256056,2028.2476806640625,0.02370759345442332,0.06669952494050925,0.0,0.0,0.08627555998403723,0.0,0.0,0.13365870877143865,0.0,0.0,0.08627555998403723,0.0,0.0,59418.863295774216,-0.0009505011577730649,238733292669.84543,2.972820966085088e-05,2.7083026409274727e+20,0.045088221688184715
golovin_fixed10_high_resolution_screen_v2_N065536_dt0p1_m003,golovin,golovin_fixed10_high_resolution_screen_v2,controlled,43,3,not_applicable,793981825677448568,65536,0.1,300.0,3600.0,3599.9999046325684,65536,0.037867619441243054,0.9982363478943206,1.4619145893846053e-09,37867.619441243056,238740390193.2503,6.974187578086071e+20,3540.62353515625,0.998111782950558,0.5603857513351873,0.5603857513351873,2717.439208984375,0.03080768718934712,0.06829722518004049,0.0,0.0,0.10044137740000984,0.0,0.0,0.13869400574933405,0.0,0.0,0.10044137740000984,0.0,0.0,37887.079979546696,-0.0005136457682710649,238733292669.84543,2.972992717320544e-05,6.661370698447075e+20,0.04695983661619674
golovin_fixed10_high_resolution_screen_v2_N065536_dt0p1_m004,golovin,golovin_fixed10_high_resolution_screen_v2,controlled,44,4,not_applicable,12463370235520995387,65536,0.1,300.0,3600.0,0.0,65536,8.388608,0.9982363464349843,0.0,8388608.0,238740389844.23224,1.3588188760957168e+16,74.99752807617188,0.34284472570596425,0.0,0.0,57.37762451171875,0.037412999316495645,0.0010222790274925005,0.0,0.0,0.0019165819707387967,0.0,0.0,0.003135886424804459,0.0,0.0,0.0019165819707387967,0.0,0.0,8388608.0,0.0,238733292669.84543,2.9728465215095312e-05,1.3588329560514944e+16,-1.0361800333757998e-05
golovin_fixed10_high_resolution_screen_v2_N065536_dt0p1_m004,golovin,golovin_fixed10_high_resolution_screen_v2,controlled,44,4,not_applicable,12463370235520995387,65536,0.1,300.0,3600.0,300.00001192092896,65536,5.359969415104666,0.9982363473368816,9.034908377003603e-10,5359969.415104666,238740390059.93204,3.323256446756755e+16,128.26083374023438,0.6318306495562747,0.0,0.0,87.57613372802734,0.022432162265438628,0.03865318079183241,0.0,0.0,0.060026976995176826,0.0,0.0,0.08281435302066692,0.0,0.0,0.060026976995176826,0.0,0.0,5348803.665523084,0.002087522795714669,238733292669.84543,2.9729368733022454e-05,3.3422009487832736e+16,-0.005668271392662683
golovin_fixed10_high_resolution_screen_v2_N065536_dt0p1_m004,golovin,golovin_fixed10_high_resolution_screen_v2,controlled,44,4,not_applicable,12463370235520995387,65536,0.1,300.0,3600.0,600.0000238418579,65536,3.4108850475005923,0.9982363475471858,1.114166536808625e-09,3410885.047500592,238740390110.22882,8.191863744155136e+16,164.08743286132812,0.7886145670501113,0.0,0.0,124.48096466064453,0.018771004111947712,0.04873830283041218,0.0,0.0,0.05983260867308445,0.0,0.0,0.09213876538271958,0.0,0.0,0.05983260867308445,0.0,0.0,3410542.089022777,0.00010055834787059403,238733292669.84543,2.972957941493881e-05,8.220515356432454e+16,-0.0034853790833075937
golovin_fixed10_high_resolution_screen_v2_N065536_dt0p1_m004,golovin,golovin_fixed10_high_resolution_screen_v2,controlled,44,4,not_applicable,12463370235520995387,65536,0.1,300.0,3600.0,899.9999761581421,65536,2.1774323332978613,0.9982363483307753,1.899140400496435e-09,2177432.3332978613,238740390297.63385,2.0171102629575827e+17,232.02308654785156,0.8742390574492318,0.0,0.0,171.36019897460938,0.0179514639495271,0.046321480048391504,0.0,0.0,0.05618296401337057,0.0,0.0,0.0889085552316404,0.0,0.0,0.05618296401337057,0.0,0.0,2174654.2046287498,0.0012775036431991182,238733292669.84543,2.9730364412339227e-05,2.021926918134987e+17,-0.002382210323332079
golovin_fixed10_high_resolution_screen_v2_N065536_dt0p1_m004,golovin,golovin_fixed10_high_resolution_screen_v2,controlled,44,4,not_applicable,12463370235520995387,65536,0.1,300.0,3600.0,1200.0000476837158,65536,1.3841991434024863,0.9982363474498901,1.016698947253758e-09,1384199.1434024863,238740390086.95938,4.972829468027023e+17,313.4046630859375,0.9238578029833951,0.0,0.0,233.25885009765625,0.024385312008221385,0.03818949926094736,0.0,0.0,0.06524167854882762,0.0,0.0,0.09214218414847188,0.0,0.0,0.06524167854882762,0.0,0.0,1386618.2972187817,-0.0017446429353683568,238733292669.84543,2.9729481944462677e-05,4.97315526712769e+17,-6.551154813549953e-05
golovin_fixed10_high_resolution_screen_v2_N065536_dt0p1_m004,golovin,golovin_fixed10_high_resolution_screen_v2,controlled,44,4,not_applicable,12463370235520995387,65536,0.1,300.0,3600.0,1500.0,65536,0.8844840113742006,0.998236347792672,1.3600864878782204e-09,884484.0113742006,238740390168.93982,1.2283041276211722e+18,434.1898193359375,0.9526710658847046,0.0,0.0,310.4796447753906,0.027181188913322156,0.05216912557601835,0.0,0.0,0.06668848450576659,0.0,0.0,0.09462083580895637,0.0,0.0,0.06668848450576659,0.0,0.0,884145.4617925527,0.0003829116319404857,238733292669.84543,2.972982534199531e-05,1.2232026906685448e+18,0.004170557334074676
golovin_fixed10_high_resolution_screen_v2_N065536_dt0p1_m004,golovin,golovin_fixed10_high_resolution_screen_v2,controlled,44,4,not_applicable,12463370235520995387,65536,0.1,300.0,3600.0,1799.9999523162842,65536,0.5610426603147052,0.9982363475750466,1.1420766554692818e-09,561042.6603147052,238740390116.89206,3.0441272059619656e+18,574.3826904296875,0.9706692882346007,0.0,0.0,430.9854431152344,0.02233325586939003,0.04819851814995887,0.0,0.0,0.06758482468702884,0.0,0.0,0.09072112686518449,0.0,0.0,0.06758482468702884,0.0,0.0,563755.1438462138,-0.004811456819715509,238733292669.84543,2.9729607325723606e-05,3.0086026719268946e+18,0.011807652225582554
golovin_fixed10_high_resolution_screen_v2_N065536_dt0p1_m004,golovin,golovin_fixed10_high_resolution_screen_v2,controlled,44,4,not_applicable,12463370235520995387,65536,0.1,300.0,3600.0,2099.9999046325684,65536,0.357939813054528,0.9982363460553406,-3.803144466019148e-10,357939.813054528,238740389753.43585,7.475384796869396e+18,775.3067626953125,0.9815281642409623,0.0,0.0,591.1842041015625,0.014424272235249945,0.04090327909877999,0.0,0.0,0.05826178925145357,0.0,0.0,0.089413612849852,0.0,0.0,0.05826178925145357,0.0,0.0,359465.58111456485,-0.0042445456260542525,238733292669.84543,2.9728084889324435e-05,7.39999192822117e+18,0.010188236606137657
golovin_fixed10_high_resolution_screen_v2_N065536_dt0p1_m004,golovin,golovin_fixed10_high_resolution_screen_v2,controlled,44,4,not_applicable,12463370235520995387,65536,0.1,300.0,3600.0,2400.0000953674316,65536,0.22852574524764085,0.9982363475064674,1.073376276750082e-09,228525.74524764085,238740390100.49054,1.8566647580081246e+19,1019.03857421875,0.9883157264995321,0.00043204016179533154,0.00043204016179533154,822.0859375,0.01454231915783423,0.049034751499689784,0.0,0.0,0.07197552727485164,0.0,0.0,0.10179875787107782,0.0,0.0,0.07197552727485164,0.0,0.0,229204.92913507385,-0.002963216759761522,238733292669.84543,2.9729538623346485e-05,1.8201113831406539e+19,0.02008304283246498
golovin_fixed10_high_resolution_screen_v2_N065536_dt0p1_m004,golovin,golovin_fixed10_high_resolution_screen_v2,controlled,44,4,not_applicable,12463370235520995387,65536,0.1,300.0,3600.0,2700.000047683716,65536,0.14568036031486445,0.99823634802824,1.5960706090112353e-09,145680.36031486446,238740390225.2788,4.472595617027429e+19,1426.100830078125,0.9925702423779019,0.021854249222553863,0.021854249222553863,1082.115478515625,0.024641373231734418,0.05231045074381048,0.0,0.0,0.07674559784689218,0.0,0.0,0.10212276160973506,0.0,0.0,0.07674559784689218,0.0,0.0,146147.28387886327,-0.003194883624288325,238733292669.84543,2.973006133322187e-05,4.476765798748041e+19,-0.0009315166144671094
golovin_fixed10_high_resolution_screen_v2_N065536_dt0p1_m004,golovin,golovin_fixed10_high_resolution_screen_v2,controlled,44,4,not_applicable,12463370235520995387,65536,0.1,300.0,3600.0,3000.0,65536,0.09270448858174636,0.998236347538098,1.1050627080066988e-09,92704.48858174637,238740390108.05536,1.1286576633246769e+20,2009.8671875,0.9952848663388083,0.1444809010568463,0.1444809010568463,1496.3192138671875,0.024354718713079936,0.05743184860963951,0.0,0.0,0.07916191848043311,0.0,0.0,0.10912928038244825,0.0,0.0,0.07916191848043311,0.0,0.0,93187.47491936282,-0.005182953374736177,238733292669.84543,2.972957031066592e-05,1.1011101959187887e+20,0.02501790239341317
golovin_fixed10_high_resolution_screen_v2_N065536_dt0p1_m004,golovin,golovin_fixed10_high_resolution_screen_v2,controlled,44,4,not_applicable,12463370235520995387,65536,0.1,300.0,3600.0,3299.999952316284,65536,0.059035493891323794,0.998236346085042,-3.505605805642631e-10,59035.49389132379,238740389760.53934,2.7551796430853066e+20,2470.2099609375,0.9970072655558481,0.34994258014551405,0.34994258014551405,1991.1165771484375,0.023772838608261824,0.06580921780901584,0.0,0.0,0.09402102517395391,0.0,0.0,0.12621776195340867,0.0,0.0,0.09402102517395391,0.0,0.0,59418.863295774216,-0.006451981461545131,238733292669.84543,2.972811464441172e-05,2.7083026409274727e+20,0.017308627717388614
golovin_fixed10_high_resolution_screen_v2_N065536_dt0p1_m004,golovin,golovin_fixed10_high_resolution_screen_v2,controlled,44,4,not_applicable,12463370235520995387,65536,0.1,300.0,3600.0,3599.9999046325684,65536,0.03760214131602615,0.9982363470947428,6.609242042543428e-10,37602.14131602615,238740390002.02158,7.074815623520152e+20,3317.2783203125,0.9980975051381011,0.5511972934537497,0.5511972934537497,2742.4794921875,0.03066227901375755,0.06629830432428059,0.0,0.0,0.08566560424315381,0.0,0.0,0.12163843119929936,0.0,0.0,0.08566560424315381,0.0,0.0,37887.079979546696,-0.007520734342007063,238733292669.84543,2.9729126159061536e-05,6.661370698447075e+20,0.06206604373022828
golovin_fixed10_high_resolution_screen_v2_N065536_dt0p1_m005,golovin,golovin_fixed10_high_resolution_screen_v2,controlled,45,5,not_applicable,696029637323721955,65536,0.1,300.0,3600.0,0.0,65536,8.388608,0.9982363464349843,0.0,8388608.0,238740389844.23224,1.3588188760957168e+16,74.99752807617188,0.34284472570596425,0.0,0.0,57.37762451171875,0.03744709946990723,0.0010222790274925005,0.0,0.0,0.0019165819707387967,0.0,0.0,0.003135886424804459,0.0,0.0,0.0019165819707387967,0.0,0.0,8388608.0,0.0,238733292669.84543,2.9728465215095312e-05,1.3588329560514944e+16,-1.0361800333757998e-05
golovin_fixed10_high_resolution_screen_v2_N065536_dt0p1_m005,golovin,golovin_fixed10_high_resolution_screen_v2,controlled,45,5,not_applicable,696029637323721955,65536,0.1,300.0,3600.0,300.00001192092896,65536,5.364199438892725,0.998236347098561,6.647491446187814e-10,5364199.438892725,238740390002.93472,3.3472901230057956e+16,122.40394592285156,0.6304687297887196,0.0,0.0,87.63101959228516,0.025741168167970813,0.03827190073160412,0.0,0.0,0.053919251436862256,0.0,0.0,0.08528076480681877,0.0,0.0,0.053919251436862256,0.0,0.0,5348803.665523084,0.0028783582895139936,238733292669.84543,2.97291299840019e-05,3.3422009487832736e+16,0.0015227014474921141
golovin_fixed10_high_resolution_screen_v2_N065536_dt0p1_m005,golovin,golovin_fixed10_high_resolution_screen_v2,controlled,45,5,not_applicable,696029637323721955,65536,0.1,300.0,3600.0,600.0000238418579,65536,3.435636673054094,0.9982363474224096,9.891698571351526e-10,3435636.673054094,238740390080.3871,8.174884585351434e+16,166.6934051513672,0.7871100601318072,0.0,0.0,124.07022857666016,0.018630151014264868,0.04372621942206943,0.0,0.0,0.06032291154571121,0.0,0.0,0.08383219435275645,0.0,0.0,0.06032291154571121,0.0,0.0,3410542.089022777,0.007357945856198755,238733292669.84543,2.972945441448438e-05,8.220515356432454e+16,-0.0055508406836458635
golovin_fixed10_high_resolution_screen_v2_N065536_dt0p1_m005,golovin,golovin_fixed10_high_resolution_screen_v2,controlled,45,5,not_applicable,696029637323721955,65536,0.1,300.0,3600.0,899.9999761581421,65536,2.18875899895992,0.9982363482083526,1.7765013904380567e-09,2188758.99895992,238740390268.35492,1.994073705759623e+17,248.0958251953125,0.8744191962383059,0.0,0.0,169.29476928710938,0.015059170155335404,0.043707593406242716,0.0,0.0,0.05879523028622618,0.0,0.0,0.09407302122479748,0.0,0.0,0.05879523028622618,0.0,0.0,2174654.2046287498,0.006485994095589032,238733292669.84543,2.973024176955441e-05,2.021926918134987e+17,-0.013775578199955674
golovin_fixed10_high_resolution_screen_v2_N065536_dt0p1_m005,golovin,golovin_fixed10_high_resolution_screen_v2,controlled,45,5,not_applicable,696029637323721955,65536,0.1,300.0,3600.0,1200.0000476837158,65536,1.393889335931446,0.9982363470838694,6.500315841151405e-10,1393889.335931446,238740389999.42105,4.8571906893015014e+17,329.6615905761719,0.9238390145499934,0.0,0.0,230.95033264160156,0.017789298468733866,0.048191766334560626,0.0,0.0,0.06948139004362443,0.0,0.0,0.09707042761353528,0.0,0.0,0.06948139004362443,0.0,0.0,1386618.2972187817,0.005243720443649291,238733292669.84543,2.9729115265997308e-05,4.97315526712769e+17,-0.023318109248007812
golovin_fixed10_high_resolution_screen_v2_N065536_dt0p1_m005,golovin,golovin_fixed10_high_resolution_screen_v2,controlled,45,5,not_applicable,696029637323721955,65536,0.1,300.0,3600.0,1500.0,65536,0.8912172718756719,0.9982363474713593,1.0382059656421916e-09,891217.2718756719,238740390092.094,1.1817586640830973e+18,398.3168029785156,0.9528998555139121,0.0,0.0,313.640625,0.016732508650625963,0.043478566665913494,0.0,0.0,0.06400298687908583,0.0,0.0,0.0895619804267865,0.0,0.0,0.06400298687908583,0.0,0.0,884145.4617925527,0.007998469017509224,238733292669.84543,2.97295034521472e-05,1.2232026906685448e+18,-0.03388156918032614
golovin_fixed10_high_resolution_screen_v2_N065536_dt0p1_m005,golovin,golovin_fixed10_high_resolution_screen_v2,controlled,45,5,not_applicable,696029637323721955,65536,0.1,300.0,3600.0,1799.9999523162842,65536,0.5674983574871005,0.998236347857869,1.4253986879708691e-09,567498.3574871005,238740390184.53253,2.9302660810805883e+18,558.9627685546875,0.9706199976274554,0.0,0.0,427.9544677734375,0.016473919062692858,0.04812183812772707,0.0,0.0,0.07480640873019083,0.0,0.0,0.09849181148784096,0.0,0.0,0.07480640873019083,0.0,0.0,563755.1438462138,0.006639786229441169,238733292669.84543,2.9729890656415847e-05,3.0086026719268946e+18,-0.026037532831191257
golovin_fixed10_high_resolution_screen_v2_N065536_dt0p1_m005,golovin,golovin_fixed10_high_resolution_screen_v2,controlled,45,5,not_applicable,696029637323721955,65536,0.1,300.0,3600.0,2099.9999046325684,65536,0.3611810930804547,0.9982363481047563,1.6727221829881955e-09,361181.0930804547,238740390243.57858,7.267094418665803e+18,836.5582885742188,0.9815161590820483,0.0,0.0,582.3703002929688,0.018006017589904347,0.053959251677515106,0.0,0.0,0.07159844231680794,0.0,0.0,0.09522637766979745,0.0,0.0,0.07159844231680794,0.0,0.0,359465.58111456485,0.004772395622887338,238733292669.84543,2.9730137987016292e-05,7.39999192822117e+18,-0.0179591425023774
golovin_fixed10_high_resolution_screen_v2_N065536_dt0p1_m005,golovin,golovin_fixed10_high_resolution_screen_v2,controlled,45,5,not_applicable,696029637323721955,65536,0.1,300.0,3600.0,2400.0000953674316,65536,0.23050105644992677,0.9982363473596942,9.263436684392445e-10,230501.05644992678,238740390065.3879,1.814051229232605e+19,1031.94482421875,0.988283752647531,0.000686688924337064,0.000686688924337064,795.184326171875,0.018025491616836233,0.04656742835423913,0.0,0.0,0.06765357207123456,0.0,0.0,0.0975248412428523,0.0,0.0,0.06765357207123456,0.0,0.0,229204.92913507385,0.005654884123757586,238733292669.84543,2.9729391586297282e-05,1.8201113831406539e+19,-0.003329551127575492
golovin_fixed10_high_resolution_screen_v2_N065536_dt0p1_m005,golovin,golovin_fixed10_high_resolution_screen_v2,controlled,45,5,not_applicable,696029637323721955,65536,0.1,300.0,3600.0,2700.000047683716,65536,0.14713215594050208,0.9982363465157553,8.091372016849618e-11,147132.15594050207,238740389863.54965,4.508395541916014e+19,1382.23828125,0.9925460666108483,0.02376232756770179,0.02376232756770179,1096.5469970703125,0.022069170439191325,0.05250627055422081,0.0,0.0,0.07427875455957496,0.0,0.0,0.10641855906125403,0.0,0.0,0.07427875455957496,0.0,0.0,146147.28387886327,0.006738900891617883,238733292669.84543,2.972854613125797e-05,4.476765798748041e+19,0.007065311117418371
golovin_fixed10_high_resolution_screen_v2_N065536_dt0p1_m005,golovin,golovin_fixed10_high_resolution_screen_v2,controlled,45,5,not_applicable,696029637323721955,65536,0.1,300.0,3600.0,3000.0,65536,0.09391432755609815,0.9982363462650714,-1.7021306586428864e-10,93914.32755609814,238740389803.59558,1.1027577085858904e+20,1973.11279296875,0.9952553090002503,0.14227995503663046,0.14227995503663046,1439.81640625,0.01981045062618898,0.061920333056132974,0.0,0.0,0.08389260402462964,0.0,0.0,0.11201191720049902,0.0,0.0,0.08389260402462964,0.0,0.0,93187.47491936282,0.007799896256061034,238733292669.84543,2.972829499725549e-05,1.1011101959187887e+20,0.0014962286910140676
golovin_fixed10_high_resolution_screen_v2_N065536_dt0p1_m005,golovin,golovin_fixed10_high_resolution_screen_v2,controlled,45,5,not_applicable,696029637323721955,65536,0.1,300.0,3600.0,3299.999952316284,65536,0.05985812760549349,0.9982363474284446,9.952154655934464e-10,59858.12760549349,238740390081.83038,2.7335248037597236e+20,2593.79638671875,0.9969977422026689,0.3421710354221818,0.3421710354221818,1968.593505859375,0.028566163193798,0.0612868210920387,0.0,0.0,0.09020577714243382,0.0,0.0,0.13137641482809803,0.0,0.0,0.09020577714243382,0.0,0.0,59418.863295774216,0.00739267440261715,238733292669.84543,2.9729460460092838e-05,2.7083026409274727e+20,0.009312904123452537
golovin_fixed10_high_resolution_screen_v2_N065536_dt0p1_m005,golovin,golovin_fixed10_high_resolution_screen_v2,controlled,45,5,not_applicable,696029637323721955,65536,0.1,300.0,3600.0,3599.9999046325684,65536,0.038185662156507386,0.998236347880187,1.4477561371961656e-09,38185.66215650739,238740390189.87018,6.911879819370926e+20,3133.9833984375,0.9980855393225311,0.5446519223433924,0.5446519223433924,2726.455810546875,0.036700024366556144,0.07543495329441384,0.0,0.0,0.09921403830108756,0.0,0.0,0.13465300241611006,0.0,0.0,0.09921403830108756,0.0,0.0,37887.079979546696,0.007880844264638087,238733292669.84543,2.9729913014531206e-05,6.661370698447075e+20,0.03760624235823573
golovin_fixed10_high_resolution_screen_v2_N065536_dt0p1_m006,golovin,golovin_fixed10_high_resolution_screen_v2,controlled,46,6,not_applicable,9938566369982238845,65536,0.1,300.0,3600.0,0.0,65536,8.388608,0.9982363464349843,0.0,8388608.0,238740389844.23224,1.3588188760957168e+16,74.99752807617188,0.34284472570596425,0.0,0.0,57.37762451171875,0.03744434254931699,0.0010222790274925005,0.0,0.0,0.0019165819707387967,0.0,0.0,0.003135886424804459,0.0,0.0,0.0019165819707387967,0.0,0.0,8388608.0,0.0,238733292669.84543,2.9728465215095312e-05,1.3588329560514944e+16,-1.0361800333757998e-05
golovin_fixed10_high_resolution_screen_v2_N065536_dt0p1_m006,golovin,golovin_fixed10_high_resolution_screen_v2,controlled,46,6,not_applicable,9938566369982238845,65536,0.1,300.0,3600.0,300.00001192092896,65536,5.361732235514862,0.9982363476336246,1.2007579375250543e-09,5361732.2355148615,238740390130.90167,3.2804002833887444e+16,121.86392211914062,0.6336240951668223,0.0,0.0,86.9017105102539,0.01699757731786043,0.051426043565532736,0.0,0.0,0.06456846061471526,0.0,0.0,0.09385301398188775,0.0,0.0,0.06456846061471526,0.0,0.0,5348803.665523084,0.002417095634882127,238733292669.84543,2.972966600878202e-05,3.3422009487832736e+16,-0.0184910082731643
golovin_fixed10_high_resolution_screen_v2_N065536_dt0p1_m006,golovin,golovin_fixed10_high_resolution_screen_v2,controlled,46,6,not_applicable,9938566369982238845,65536,0.1,300.0,3600.0,600.0000238418579,65536,3.444761528408918,0.9982363474861484,1.0530212257719995e-09,3444761.528408918,238740390095.631,7.896750205946853e+16,178.96717834472656,0.788609587416013,0.0,0.0,122.43290710449219,0.025769766475645797,0.0540123698677942,0.0,0.0,0.07182337268595625,0.0,0.0,0.09837859989563674,0.0,0.0,0.07182337268595625,0.0,0.0,3410542.089022777,0.010033431194495401,238733292669.84543,2.9729518267851418e-05,8.220515356432454e+16,-0.03938501863295707
golovin_fixed10_high_resolution_screen_v2_N065536_dt0p1_m006,golovin,golovin_fixed10_high_resolution_screen_v2,controlled,46,6,not_applicable,9938566369982238845,65536,0.1,300.0,3600.0,899.9999761581421,65536,2.195736601300822,0.9982363470846534,6.508169558827603e-10,2195736.601300822,238740389999.60855,1.941408477687227e+17,236.64797973632812,0.8740263439848239,0.0,0.0,170.12799072265625,0.028868732245475412,0.04611716797595253,0.0,0.0,0.07057056374564198,0.0,0.0,0.09709110619518727,0.0,0.0,0.07057056374564198,0.0,0.0,2174654.2046287498,0.009694597250081705,238733292669.84543,2.9729116051369076e-05,2.021926918134987e+17,-0.03982262648841417
golovin_fixed10_high_resolution_screen_v2_N065536_dt0p1_m006,golovin,golovin_fixed10_high_resolution_screen_v2,controlled,46,6,not_applicable,9938566369982238845,65536,0.1,300.0,3600.0,1200.0000476837158,65536,1.401119832996987,0.9982363474604546,1.0272820372136948e-09,1401119.832996987,238740390089.48596,4.767116193792777e+17,331.44793701171875,0.9243760454240317,0.0,0.0,231.7159881591797,0.03546346381777936,0.05253962706080614,0.0,0.0,0.06244630554494166,0.0,0.0,0.0887301970488937,0.0,0.0,0.06244630554494166,0.0,0.0,1386618.2972187817,0.01045820310267942,238733292669.84543,2.972949252777468e-05,4.97315526712769e+17,-0.04143025147371149
golovin_fixed10_high_resolution_screen_v2_N065536_dt0p1_m006,golovin,golovin_fixed10_high_resolution_screen_v2,controlled,46,6,not_applicable,9938566369982238845,65536,0.1,300.0,3600.0,1500.0,65536,0.8931876455693558,0.998236347434639,1.0014209461672863e-09,893187.6455693558,238740390083.31183,1.1525992759138322e+18,429.4689025878906,0.9531296514092097,0.0,0.0,311.8848571777344,0.027818266677183377,0.057305130523517614,0.0,0.0,0.07284524888260435,0.0,0.0,0.0950514988328697,0.0,0.0,0.07284524888260435,0.0,0.0,884145.4617925527,0.010227031826268274,238733292669.84543,2.9729466665573412e-05,1.2232026906685448e+18,-0.05772012708386387
golovin_fixed10_high_resolution_screen_v2_N065536_dt0p1_m006,golovin,golovin_fixed10_high_resolution_screen_v2,controlled,46,6,not_applicable,9938566369982238845,65536,0.1,300.0,3600.0,1799.9999523162842,65536,0.5697997791592698,0.9982363475037889,1.070692867699563e-09,569799.7791592699,238740390099.8499,2.817134090177829e+18,534.4032592773438,0.9707996792899451,0.0,0.0,420.6266784667969,0.026064572751722,0.05222320126565076,0.0,0.0,0.07471247922995017,0.0,0.0,0.09846956264004235,0.0,0.0,0.07471247922995017,0.0,0.0,563755.1438462138,0.010722093410654443,238733292669.84543,2.9729535939937435e-05,3.0086026719268946e+18,-0.06364036818010188
golovin_fixed10_high_resolution_screen_v2_N065536_dt0p1_m006,golovin,golovin_fixed10_high_resolution_screen_v2,controlled,46,6,not_applicable,9938566369982238845,65536,0.1,300.0,3600.0,2099.9999046325684,65536,0.36298144442264113,0.9982363476808064,1.2480232403078162e-09,362981.4444226411,238740390142.1858,6.814575916247093e+18,711.5693969726562,0.9817211725087002,0.0,0.0,563.9840698242188,0.03305744496784932,0.06297920801345804,0.0,0.0,0.08380866471178564,0.0,0.0,0.11228383564834757,0.0,0.0,0.08380866471178564,0.0,0.0,359465.58111456485,0.009780806543911558,238733292669.84543,2.972971327541707e-05,7.39999192822117e+18,-0.0791103581804582
golovin_fixed10_high_resolution_screen_v2_N065536_dt0p1_m006,golovin,golovin_fixed10_high_resolution_screen_v2,controlled,46,6,not_applicable,9938566369982238845,65536,0.1,300.0,3600.0,2400.0000953674316,65536,0.23155081685946313,0.9982363471872722,7.536169466249021e-10,231550.81685946314,238740390024.15112,1.6852918699523009e+19,1072.18017578125,0.988441224262824,0.00020740068251576404,0.00020740068251576404,761.4632568359375,0.04185419110087325,0.058108743578058564,0.0,0.0,0.07268168692407731,0.0,0.0,0.09822964790466149,0.0,0.0,0.07268168692407731,0.0,0.0,229204.92913507385,0.010234892125757122,238733292669.84543,2.9729218854690487e-05,1.8201113831406539e+19,-0.07407212241907857
golovin_fixed10_high_resolution_screen_v2_N065536_dt0p1_m006,golovin,golovin_fixed10_high_resolution_screen_v2,controlled,46,6,not_applicable,9938566369982238845,65536,0.1,300.0,3600.0,2700.000047683716,65536,0.1476069811055733,0.9982363482568466,1.8250811972819747e-09,147606.9811055733,238740390279.95282,4.147390598715346e+19,1323.247314453125,0.9926786590268788,0.0158080266178254,0.0158080266178254,1039.499267578125,0.03329628381034324,0.05850280757919302,0.0,0.0,0.08520459520721159,0.0,0.0,0.10708710803567689,0.0,0.0,0.08520459520721159,0.0,0.0,146147.28387886327,0.00998785052974327,238733292669.84543,2.9730290350471478e-05,4.476765798748041e+19,-0.07357436480702362
golovin_fixed10_high_resolution_screen_v2_N065536_dt0p1_m006,golovin,golovin_fixed10_high_resolution_screen_v2,controlled,46,6,not_applicable,9938566369982238845,65536,0.1,300.0,3600.0,3000.0,65536,0.09423650876232968,0.9982363472495757,8.160305764448594e-10,94236.50876232969,238740390039.05173,1.0072334089382391e+20,2037.5137939453125,0.99533207484802,0.12240802110877991,0.12240802110877991,1379.02783203125,0.03447051034777819,0.08176428404956451,0.0,0.0,0.10206250052810685,0.0,0.0,0.12734175775435874,0.0,0.0,0.10206250052810685,0.0,0.0,93187.47491936282,0.011257240781281208,238733292669.84543,2.9729281270096664e-05,1.1011101959187887e+20,-0.08525648688796028
golovin_fixed10_high_resolution_screen_v2_N065536_dt0p1_m006,golovin,golovin_fixed10_high_resolution_screen_v2,controlled,46,6,not_applicable,9938566369982238845,65536,0.1,300.0,3600.0,3299.999952316284,65536,0.059987834213372414,0.9982363472352808,8.017104757840343e-10,59987.834213372415,238740390035.63297,2.4085294003194996e+20,2446.5048828125,0.9970355905795851,0.331785558987688,0.331785558987688,1856.374267578125,0.04850113009111991,0.07422227253326688,0.0,0.0,0.0897254896495909,0.0,0.0,0.12576244717613194,0.0,0.0,0.0897254896495909,0.0,0.0,59418.863295774216,0.009575594113370833,238733292669.84543,2.9729266949551914e-05,2.7083026409274727e+20,-0.11068675859109822
golovin_fixed10_high_resolution_screen_v2_N065536_dt0p1_m006,golovin,golovin_fixed10_high_resolution_screen_v2,controlled,46,6,not_applicable,9938566369982238845,65536,0.1,300.0,3600.0,3599.9999046325684,65536,0.038249618961256886,0.9982363489931589,2.562694279006905e-09,38249.618961256885,238740390456.05096,5.848337775726831e+20,2991.52294921875,0.998114321391451,0.5411461392959118,0.5411461392959118,2473.739501953125,0.050475879625272904,0.0912738205769329,0.0,0.0,0.11193091737377754,0.0,0.0,0.14340381206948408,0.0,0.0,0.11193091737377754,0.0,0.0,37887.079979546696,0.009568934367755633,238733292669.84543,2.9731027985979708e-05,6.661370698447075e+20,-0.12205189585227283
golovin_fixed10_high_resolution_screen_v2_N065536_dt0p1_m007,golovin,golovin_fixed10_high_resolution_screen_v2,controlled,47,7,not_applicable,13460848239603991541,65536,0.1,300.0,3600.0,0.0,65536,8.388608,0.9982363464349843,0.0,8388608.0,238740389844.23224,1.3588188760957168e+16,74.99752807617188,0.34284472570596425,0.0,0.0,57.37762451171875,0.03744044863868754,0.0010222790274925005,0.0,0.0,0.0019165819707387967,0.0,0.0,0.003135886424804459,0.0,0.0,0.0019165819707387967,0.0,0.0,8388608.0,0.0,238733292669.84543,2.9728465215095312e-05,1.3588329560514944e+16,-1.0361800333757998e-05
golovin_fixed10_high_resolution_screen_v2_N065536_dt0p1_m007,golovin,golovin_fixed10_high_resolution_screen_v2,controlled,47,7,not_applicable,13460848239603991541,65536,0.1,300.0,3600.0,300.00001192092896,65536,5.332789950603936,0.9982363473955236,9.622362906469561e-10,5332789.950603936,238740390073.9569,3.394377230408677e+16,121.18091583251953,0.6375400638824547,0.0,0.0,88.04856872558594,0.03733751941071803,0.04031760777203196,0.0,0.0,0.05351954628529938,0.0,0.0,0.07498459829854495,0.0,0.0,0.05351954628529938,0.0,0.0,5348803.665523084,-0.002993887216756197,238733292669.84543,2.9729427480029713e-05,3.3422009487832736e+16,0.015611353842861497
golovin_fixed10_high_resolution_screen_v2_N065536_dt0p1_m007,golovin,golovin_fixed10_high_resolution_screen_v2,controlled,47,7,not_applicable,13460848239603991541,65536,0.1,300.0,3600.0,600.0000238418579,65536,3.4044651886458337,0.9982363484036962,1.9721901889369065e-09,3404465.1886458336,238740390315.07376,8.28850637054771e+16,174.9332733154297,0.7902997468884471,0.0,0.0,124.23589324951172,0.02520422267961318,0.050103612361583234,0.0,0.0,0.067786585330582,0.0,0.0,0.08779340654343808,0.0,0.0,0.067786585330582,0.0,0.0,3410542.089022777,-0.00178179896870434,238733292669.84543,2.973043746412607e-05,8.220515356432454e+16,0.008270894362122139
golovin_fixed10_high_resolution_screen_v2_N065536_dt0p1_m007,golovin,golovin_fixed10_high_resolution_screen_v2,controlled,47,7,not_applicable,13460848239603991541,65536,0.1,300.0,3600.0,899.9999761581421,65536,2.1707991299131826,0.9982363476860617,1.2532879178905887e-09,2170799.1299131825,238740390143.44272,2.0186432700356387e+17,231.52978515625,0.8752989569407836,0.0,0.0,171.808837890625,0.021323222877344773,0.05074222216094135,0.0,0.0,0.0658999753942094,0.0,0.0,0.09052267186314253,0.0,0.0,0.0658999753942094,0.0,0.0,2174654.2046287498,-0.0017727299850072153,238733292669.84543,2.9729718540316696e-05,2.021926918134987e+17,-0.001624019181849068
golovin_fixed10_high_resolution_screen_v2_N065536_dt0p1_m007,golovin,golovin_fixed10_high_resolution_screen_v2,controlled,47,7,not_applicable,13460848239603991541,65536,0.1,300.0,3600.0,1200.0000476837158,65536,1.3892132099215682,0.9982363471121259,6.783380523955884e-10,1389213.2099215682,238740390006.179,5.02958804015469e+17,325.998291015625,0.9230833908391588,0.0,0.0,235.97520446777344,0.023547042257163937,0.048896910802185126,0.0,0.0,0.06654775914197426,0.0,0.0,0.0960010269545921,0.0,0.0,0.06654775914197426,0.0,0.0,1386618.2972187817,0.0018713965537533461,238733292669.84543,2.972914357357581e-05,4.97315526712769e+17,0.011347478611821726
golovin_fixed10_high_resolution_screen_v2_N065536_dt0p1_m007,golovin,golovin_fixed10_high_resolution_screen_v2,controlled,47,7,not_applicable,13460848239603991541,65536,0.1,300.0,3600.0,1500.0,65536,0.8853564843613195,0.9982363483607983,1.9292165642781356e-09,885356.4843613196,238740390304.81424,1.2501372133172726e+18,440.6423645019531,0.9523150727615075,0.0,0.0,318.4264831542969,0.025957272147673155,0.046556438638020066,0.0,0.0,0.06538849902078683,0.0,0.0,0.09839438552420371,0.0,0.0,0.06538849902078683,0.0,0.0,884145.4617925527,0.0013697096474505344,238733292669.84543,2.9730394489391188e-05,1.2232026906685448e+18,0.022019672499254073
golovin_fixed10_high_resolution_screen_v2_N065536_dt0p1_m007,golovin,golovin_fixed10_high_resolution_screen_v2,controlled,47,7,not_applicable,13460848239603991541,65536,0.1,300.0,3600.0,1799.9999523162842,65536,0.5641224341527193,0.9982363480100117,1.5778101047914106e-09,564122.4341527193,238740390220.91928,3.098706534192343e+18,574.5053100585938,0.970134023992567,0.0,0.0,443.1087951660156,0.019820971261286593,0.04740425247504555,0.0,0.0,0.061511475134939014,0.0,0.0,0.08488124875059753,0.0,0.0,0.061511475134939014,0.0,0.0,563755.1438462138,0.0006515067942434172,238733292669.84543,2.973004307227356e-05,3.0086026719268946e+18,0.02994874102393208
golovin_fixed10_high_resolution_screen_v2_N065536_dt0p1_m007,golovin,golovin_fixed10_high_resolution_screen_v2,controlled,47,7,not_applicable,13460848239603991541,65536,0.1,300.0,3600.0,2099.9999046325684,65536,0.3590607744631761,0.998236347838748,1.4062437880824064e-09,359060.7744631761,238740390179.9595,7.651949938061471e+18,840.2019653320312,0.9813091899666356,0.0,0.0,605.6448364257812,0.02153466299925255,0.04516684053873398,0.0,0.0,0.06788612935556765,0.0,0.0,0.09504750630639167,0.0,0.0,0.06788612935556765,0.0,0.0,359465.58111456485,-0.0011261346639463987,238733292669.84543,2.9729871500849825e-05,7.39999192822117e+18,0.034048416847512364
golovin_fixed10_high_resolution_screen_v2_N065536_dt0p1_m007,golovin,golovin_fixed10_high_resolution_screen_v2,controlled,47,7,not_applicable,13460848239603991541,65536,0.1,300.0,3600.0,2400.0000953674316,65536,0.22904919789096517,0.99823634793925,1.506923474892119e-09,229049.19789096518,238740390203.9958,1.8325635441034752e+19,1015.8352661132812,0.9881457472791949,9.218909463856757e-05,9.218909463856757e-05,793.6815185546875,0.020048021674697714,0.047819243889427376,0.0,0.0,0.07019754369728334,0.0,0.0,0.10141585808208105,0.0,0.0,0.07019754369728334,0.0,0.0,229204.92913507385,-0.0006794410778875326,238733292669.84543,2.972997218364526e-05,1.8201113831406539e+19,0.006841427990706084
golovin_fixed10_high_resolution_screen_v2_N065536_dt0p1_m007,golovin,golovin_fixed10_high_resolution_screen_v2,controlled,47,7,not_applicable,13460848239603991541,65536,0.1,300.0,3600.0,2700.000047683716,65536,0.14595495407107123,0.9982363471635913,7.298943671685265e-10,145954.95407107123,238740390018.48755,4.532276424371164e+19,1318.8563232421875,0.9924972841849253,0.01908775062660065,0.01908775062660065,1061.4752197265625,0.027200001653132758,0.051734140731320946,0.0,0.0,0.07883417730047997,0.0,0.0,0.10997516288990074,0.0,0.0,0.07883417730047997,0.0,0.0,146147.28387886327,-0.0013159998782560356,238733292669.84543,2.9729195131222852e-05,4.476765798748041e+19,0.012399716250210524
golovin_fixed10_high_resolution_screen_v2_N065536_dt0p1_m007,golovin,golovin_fixed10_high_resolution_screen_v2,controlled,47,7,not_applicable,13460848239603991541,65536,0.1,300.0,3600.0,3000.0,65536,0.09306539262742557,0.9982363461327785,-3.027397221799788e-10,93065.39262742556,238740389771.95605,1.115146098122235e+20,1783.53173828125,0.9952247510469733,0.1440226800774802,0.1440226800774802,1464.1929931640625,0.025007311116248803,0.0567592743791958,0.0,0.0,0.08981790936503249,0.0,0.0,0.12029921330145214,0.0,0.0,0.08981790936503249,0.0,0.0,93187.47491936282,-0.001310071895851861,238733292669.84543,2.9728162466380326e-05,1.1011101959187887e+20,0.012747045895560305
golovin_fixed10_high_resolution_screen_v2_N065536_dt0p1_m007,golovin,golovin_fixed10_high_resolution_screen_v2,controlled,47,7,not_applicable,13460848239603991541,65536,0.1,300.0,3600.0,3299.999952316284,65536,0.0593831177346508,0.9982363468906306,4.564513211846588e-10,59383.1177346508,238740389953.20566,2.694217996552556e+20,2372.812744140625,0.9969614647934154,0.35674080964387966,0.35674080964387966,1958.7894287109375,0.03182351911268251,0.07652569981638001,0.0,0.0,0.10208413167417141,0.0,0.0,0.14098211056438106,0.0,0.0,0.10208413167417141,0.0,0.0,59418.863295774216,-0.0006015860812665919,238733292669.84543,2.9728921680183262e-05,2.7083026409274727e+20,-0.0052005430124653085
golovin_fixed10_high_resolution_screen_v2_N065536_dt0p1_m007,golovin,golovin_fixed10_high_resolution_screen_v2,controlled,47,7,not_applicable,13460848239603991541,65536,0.1,300.0,3600.0,3599.9999046325684,65536,0.03787595419835125,0.9982363460621538,-3.7348912851342675e-10,37875.954198351246,238740389755.06534,6.785597831219336e+20,3150.61572265625,0.9980649965950118,0.5569489506859329,0.5569489506859329,2677.28125,0.03197220269446277,0.0745001141286139,0.0,0.0,0.10051873091332889,0.0,0.0,0.13682349341384847,0.0,0.0,0.10051873091332889,0.0,0.0,37887.079979546696,-0.00029365633882194597,238733292669.84543,2.972809171497559e-05,6.661370698447075e+20,0.018648884500786167
golovin_fixed10_high_resolution_screen_v2_N065536_dt0p1_m008,golovin,golovin_fixed10_high_resolution_screen_v2,controlled,48,8,not_applicable,15828613341756230021,65536,0.1,300.0,3600.0,0.0,65536,8.388608,0.9982363464349843,0.0,8388608.0,238740389844.23224,1.3588188760957168e+16,74.99752807617188,0.34284472570596425,0.0,0.0,57.37762451171875,0.037419305532592546,0.0010222790274925005,0.0,0.0,0.0019165819707387967,0.0,0.0,0.003135886424804459,0.0,0.0,0.0019165819707387967,0.0,0.0,8388608.0,0.0,238733292669.84543,2.9728465215095312e-05,1.3588329560514944e+16,-1.0361800333757998e-05
golovin_fixed10_high_resolution_screen_v2_N065536_dt0p1_m008,golovin,golovin_fixed10_high_resolution_screen_v2,controlled,48,8,not_applicable,15828613341756230021,65536,0.1,300.0,3600.0,300.00001192092896,65536,5.349372331846055,0.9982363474091325,9.758693853001432e-10,5349372.331846056,238740390077.2117,3.341855635245023e+16,120.51878356933594,0.6342781595027561,0.0,0.0,87.4369125366211,0.024411476604412206,0.043311491852676284,0.0,0.0,0.055503963993171035,0.0,0.0,0.08226439517298055,0.0,0.0,0.055503963993171035,0.0,0.0,5348803.665523084,0.00010631654450832251,238733292669.84543,2.9729441113568456e-05,3.3422009487832736e+16,-0.00010331920298689568
golovin_fixed10_high_resolution_screen_v2_N065536_dt0p1_m008,golovin,golovin_fixed10_high_resolution_screen_v2,controlled,48,8,not_applicable,15828613341756230021,65536,0.1,300.0,3600.0,600.0000238418579,65536,3.40080656840952,0.9982363479587516,1.526459403322633e-09,3400806.56840952,238740390208.65982,8.209734411407608e+16,172.41015625,0.7902759643022241,0.0,0.0,122.00244140625,0.020276913818770118,0.03647601844893332,0.0,0.0,0.05525688054057464,0.0,0.0,0.08858943521701876,0.0,0.0,0.05525688054057464,0.0,0.0,3410542.089022777,-0.002854537595237905,238733292669.84543,2.972999172001778e-05,8.220515356432454e+16,-0.001311468266574134
golovin_fixed10_high_resolution_screen_v2_N065536_dt0p1_m008,golovin,golovin_fixed10_high_resolution_screen_v2,controlled,48,8,not_applicable,15828613341756230021,65536,0.1,300.0,3600.0,899.9999761581421,65536,2.161959641395634,0.998236348153727,1.7217793857327024e-09,2161959.641395634,238740390255.2905,2.0460316757180003e+17,234.97061157226562,0.8760340536146864,0.0,0.0,171.2905731201172,0.022226053074840484,0.04525316901096587,0.0,0.0,0.06306780290262179,0.0,0.0,0.09117788215789192,0.0,0.0,0.06306780290262179,0.0,0.0,2174654.2046287498,-0.005837508881225917,238733292669.84543,2.9730187045551304e-05,2.021926918134987e+17,0.01192167598483107
golovin_fixed10_high_resolution_screen_v2_N065536_dt0p1_m008,golovin,golovin_fixed10_high_resolution_screen_v2,controlled,48,8,not_applicable,15828613341756230021,65536,0.1,300.0,3600.0,1200.0000476837158,65536,1.3824755583416966,0.998236347814883,1.382336689559338e-09,1382475.5583416966,238740390174.25186,5.121948530416046e+17,358.1363830566406,0.9237309168909387,0.0,0.0,233.7794189453125,0.02547861563104739,0.05564954949586084,0.0,0.0,0.06996269939915688,0.0,0.0,0.09844088294679183,0.0,0.0,0.06996269939915688,0.0,0.0,1386618.2972187817,-0.0029876562896901104,238733292669.84543,2.9729847592863123e-05,4.97315526712769e+17,0.029919287714958775
golovin_fixed10_high_resolution_screen_v2_N065536_dt0p1_m008,golovin,golovin_fixed10_high_resolution_screen_v2,controlled,48,8,not_applicable,15828613341756230021,65536,0.1,300.0,3600.0,1500.0,65536,0.8832940714422838,0.9982363471441744,7.104430377324888e-10,883294.0714422838,238740390013.84375,1.239329971992142e+18,465.50311279296875,0.9527336526032385,0.0,0.0,315.3314514160156,0.02888774866795025,0.05217670377115157,0.0,0.0,0.06597634585422822,0.0,0.0,0.08834649681930865,0.0,0.0,0.06597634585422822,0.0,0.0,884145.4617925527,-0.0009629528025204559,238733292669.84543,2.9729175679449327e-05,1.2232026906685448e+18,0.01318447175323234
golovin_fixed10_high_resolution_screen_v2_N065536_dt0p1_m008,golovin,golovin_fixed10_high_resolution_screen_v2,controlled,48,8,not_applicable,15828613341756230021,65536,0.1,300.0,3600.0,1799.9999523162842,65536,0.5641624772659739,0.9982363472795142,8.460219191874785e-10,564162.4772659739,238740390046.21188,3.102738395329227e+18,570.5177612304688,0.9703674972024017,0.0,0.0,441.2460632324219,0.02487683454668399,0.05161371736948868,0.0,0.0,0.07000150715586131,0.0,0.0,0.09279446627228706,0.0,0.0,0.07000150715586131,0.0,0.0,563755.1438462138,0.0007225360587950203,238733292669.84543,2.9729311262327585e-05,3.0086026719268946e+18,0.031288851891513314
golovin_fixed10_high_resolution_screen_v2_N065536_dt0p1_m008,golovin,golovin_fixed10_high_resolution_screen_v2,controlled,48,8,not_applicable,15828613341756230021,65536,0.1,300.0,3600.0,2099.9999046325684,65536,0.3597075460628788,0.9982363472602354,8.26709145584914e-10,359707.5460628788,238740390041.60114,7.594315260507795e+18,812.0927734375,0.9813357445842957,0.0,0.0,592.4522705078125,0.019480803206463483,0.05312563430570495,0.0,0.0,0.06918990932583084,0.0,0.0,0.09805675442150104,0.0,0.0,0.06918990932583084,0.0,0.0,359465.58111456485,0.000673124107080536,238733292669.84543,2.9729291948887848e-05,7.39999192822117e+18,0.026259938412302786
golovin_fixed10_high_resolution_screen_v2_N065536_dt0p1_m008,golovin,golovin_fixed10_high_resolution_screen_v2,controlled,48,8,not_applicable,15828613341756230021,65536,0.1,300.0,3600.0,2400.0000953674316,65536,0.22962912781378245,0.9982363470561832,6.222964366031647e-10,229629.12781378246,238740389992.79956,1.8804775428709364e+19,1031.5810546875,0.9881673311356539,0.0005986560028244678,0.0005986560028244678,807.080810546875,0.020795123621782548,0.05372039358065113,0.0,0.0,0.06862840913287158,0.0,0.0,0.10101556729608359,0.0,0.0,0.06862840913287158,0.0,0.0,229204.92913507385,0.0018507397738318776,238733292669.84543,2.9729087530183662e-05,1.8201113831406539e+19,0.03316618987686293
golovin_fixed10_high_resolution_screen_v2_N065536_dt0p1_m008,golovin,golovin_fixed10_high_resolution_screen_v2,controlled,48,8,not_applicable,15828613341756230021,65536,0.1,300.0,3600.0,2700.000047683716,65536,0.14642624206569582,0.9982363471369812,7.032372462134617e-10,146426.2420656958,238740390012.1234,4.634809622712468e+19,1327.4256591796875,0.9924856706418165,0.024206801355154062,0.024206801355154062,1101.1326904296875,0.021205359611000035,0.05448976208619932,0.0,0.0,0.07102839154207281,0.0,0.0,0.10037499236360568,0.0,0.0,0.07102839154207281,0.0,0.0,146147.28387886327,0.0019087469806402524,238733292669.84543,2.9729168473435763e-05,4.476765798748041e+19,0.0353031253072531
golovin_fixed10_high_resolution_screen_v2_N065536_dt0p1_m008,golovin,golovin_fixed10_high_resolution_screen_v2,controlled,48,8,not_applicable,15828613341756230021,65536,0.1,300.0,3600.0,3000.0,65536,0.09339255471782247,0.998236347883302,1.450876530029177e-09,93392.55471782247,238740390190.61514,1.1512731746447306e+20,1805.49462890625,0.9952355725224196,0.14717324851605065,0.14717324851605065,1478.12939453125,0.034876498339819345,0.053608701752556484,0.0,0.0,0.07679207978321924,0.0,0.0,0.11724298355744112,0.0,0.0,0.07679207978321924,0.0,0.0,93187.47491936282,0.0022007227756424275,238733292669.84543,2.972991613492404e-05,1.1011101959187887e+20,0.04555672893763818
golovin_fixed10_high_resolution_screen_v2_N065536_dt0p1_m008,golovin,golovin_fixed10_high_resolution_screen_v2,controlled,48,8,not_applicable,15828613341756230021,65536,0.1,300.0,3600.0,3299.999952316284,65536,0.05950793649386391,0.9982363458100333,-6.260550966530332e-10,59507.93649386391,238740389694.76764,2.7280375906388404e+20,2528.429443359375,0.9969616871011588,0.35321814810808677,0.35321814810808677,1956.372314453125,0.03170719502502068,0.06011082530049372,0.0,0.0,0.09751523186957145,0.0,0.0,0.13224859316064722,0.0,0.0,0.09751523186957145,0.0,0.0,59418.863295774216,0.0014990727380008728,238733292669.84543,2.9727839141457935e-05,2.7083026409274727e+20,0.007286833241284096
golovin_fixed10_high_resolution_screen_v2_N065536_dt0p1_m008,golovin,golovin_fixed10_high_resolution_screen_v2,controlled,48,8,not_applicable,15828613341756230021,65536,0.1,300.0,3600.0,3599.9999046325684,65536,0.03800306727793883,0.9982363481655876,1.7336609925422408e-09,38003.06727793883,238740390258.12717,6.59187169526119e+20,3215.959716796875,0.998065478420446,0.548802901275289,0.548802901275289,2577.283935546875,0.02468928739184883,0.06617625907683806,0.0,0.0,0.09859702967487298,0.0,0.0,0.14119016220783373,0.0,0.0,0.09859702967487298,0.0,0.0,37887.079979546696,0.003061394503212078,238733292669.84543,2.9730198927602203e-05,6.661370698447075e+20,-0.010433138513382456
golovin_fixed10_high_resolution_screen_v2_N065536_dt0p1_m009,golovin,golovin_fixed10_high_resolution_screen_v2,controlled,49,9,not_applicable,3861162633612260052,65536,0.1,300.0,3600.0,0.0,65536,8.388608,0.9982363464349843,0.0,8388608.0,238740389844.23224,1.3588188760957168e+16,74.99752807617188,0.34284472570596425,0.0,0.0,57.37762451171875,0.03741097930434016,0.0010222790274925005,0.0,0.0,0.0019165819707387967,0.0,0.0,0.003135886424804459,0.0,0.0,0.0019165819707387967,0.0,0.0,8388608.0,0.0,238733292669.84543,2.9728465215095312e-05,1.3588329560514944e+16,-1.0361800333757998e-05
golovin_fixed10_high_resolution_screen_v2_N065536_dt0p1_m009,golovin,golovin_fixed10_high_resolution_screen_v2,controlled,49,9,not_applicable,3861162633612260052,65536,0.1,300.0,3600.0,300.00001192092896,65536,5.369289162558313,0.9982363480324274,1.600265475687479e-09,5369289.1625583125,238740390226.2803,3.3084222634789564e+16,118.4476318359375,0.6363439018542485,0.0,0.0,87.61602783203125,0.021860964770857787,0.05113118722740611,0.0,0.0,0.06674041778515938,0.0,0.0,0.08337815873152314,0.0,0.0,0.06674041778515938,0.0,0.0,5348803.665523084,0.00382992129011428,238733292669.84543,2.973006552831059e-05,3.3422009487832736e+16,-0.010106718842448514
golovin_fixed10_high_resolution_screen_v2_N065536_dt0p1_m009,golovin,golovin_fixed10_high_resolution_screen_v2,controlled,49,9,not_applicable,3861162633612260052,65536,0.1,300.0,3600.0,600.0000238418579,65536,3.4281115453973787,0.998236346540932,1.0613487866351079e-10,3428111.5453973785,238740389869.57095,8.106102904462882e+16,166.78652954101562,0.7881514550395033,0.0,0.0,123.20030212402344,0.022388733684480848,0.04444712049031699,0.0,0.0,0.06799329459596448,0.0,0.0,0.09145536447130553,0.0,0.0,0.06799329459596448,0.0,0.0,3410542.089022777,0.005151514309455596,238733292669.84543,2.9728571353304645e-05,8.220515356432454e+16,-0.013917917187521112
golovin_fixed10_high_resolution_screen_v2_N065536_dt0p1_m009,golovin,golovin_fixed10_high_resolution_screen_v2,controlled,49,9,not_applicable,3861162633612260052,65536,0.1,300.0,3600.0,899.9999761581421,65536,2.1934018230091095,0.998236346538079,1.0327694255352071e-10,2193401.8230091096,238740389868.88867,1.9597604800420656e+17,237.84022521972656,0.8746953215154659,0.0,0.0,169.1342315673828,0.020376678953944963,0.047854246281915175,0.0,0.0,0.06432274460896364,0.0,0.0,0.09649932708306762,0.0,0.0,0.06432274460896364,0.0,0.0,2174654.2046287498,0.00862096527367684,238733292669.84543,2.9728568495368535e-05,2.021926918134987e+17,-0.030746135053319912
golovin_fixed10_high_resolution_screen_v2_N065536_dt0p1_m009,golovin,golovin_fixed10_high_resolution_screen_v2,controlled,49,9,not_applicable,3861162633612260052,65536,0.1,300.0,3600.0,1200.0000476837158,65536,1.400155522598943,0.998236346216754,-2.1861590315808144e-10,1400155.522598943,238740389792.03983,4.7681534817209926e+17,307.7088317871094,0.9241147863189281,0.0,0.0,231.6063232421875,0.01998098531902994,0.044488992706646656,0.0,0.0,0.060563396926808635,0.0,0.0,0.08911209630338142,0.0,0.0,0.060563396926808635,0.0,0.0,1386618.2972187817,0.009762762692021143,238733292669.84543,2.9728246592863883e-05,4.97315526712769e+17,-0.04122167404700783
golovin_fixed10_high_resolution_screen_v2_N065536_dt0p1_m009,golovin,golovin_fixed10_high_resolution_screen_v2,controlled,49,9,not_applicable,3861162633612260052,65536,0.1,300.0,3600.0,1500.0,65536,0.8939727318268237,0.9982363472436834,8.101279647121373e-10,893972.7318268237,238740390037.6425,1.154428041147687e+18,416.0282897949219,0.9534038028092453,0.0,0.0,311.6713562011719,0.020248814709690793,0.048881519213137624,0.0,0.0,0.06818946089423447,0.0,0.0,0.09379150035727876,0.0,0.0,0.06818946089423447,0.0,0.0,884145.4617925527,0.011114992338870033,238733292669.84543,2.972927536704084e-05,1.2232026906685448e+18,-0.05622506396161453
golovin_fixed10_high_resolution_screen_v2_N065536_dt0p1_m009,golovin,golovin_fixed10_high_resolution_screen_v2,controlled,49,9,not_applicable,3861162633612260052,65536,0.1,300.0,3600.0,1799.9999523162842,65536,0.5695962178838526,0.9982363477377901,1.3051075775649679e-09,569596.2178838527,238740390155.81415,2.8648015357239864e+18,555.2931518554688,0.9709104336126034,0.0,0.0,427.71209716796875,0.025549808046005373,0.045240803235438144,0.0,0.0,0.06239809793705454,0.0,0.0,0.08700606062065075,0.0,0.0,0.06239809793705454,0.0,0.0,563755.1438462138,0.010361012402987813,238733292669.84543,2.9729770361530683e-05,3.0086026719268946e+18,-0.04779665242762321
golovin_fixed10_high_resolution_screen_v2_N065536_dt0p1_m009,golovin,golovin_fixed10_high_resolution_screen_v2,controlled,49,9,not_applicable,3861162633612260052,65536,0.1,300.0,3600.0,2099.9999046325684,65536,0.36314692000554777,0.9982363477480095,1.3153451661196414e-09,363146.92000554776,238740390158.25827,7.010866621526965e+18,789.5296020507812,0.9816575042005373,0.0,0.0,571.7656860351562,0.03134041271353147,0.0512817272513448,0.0,0.0,0.06431319894578624,0.0,0.0,0.0887901841505559,0.0,0.0,0.06431319894578624,0.0,0.0,359465.58111456485,0.010241144310864092,238733292669.84543,2.9729780599341282e-05,7.39999192822117e+18,-0.05258455826285524
golovin_fixed10_high_resolution_screen_v2_N065536_dt0p1_m009,golovin,golovin_fixed10_high_resolution_screen_v2,controlled,49,9,not_applicable,3861162633612260052,65536,0.1,300.0,3600.0,2400.0000953674316,65536,0.23169635805490943,0.9982363469510314,5.169589201159397e-10,231696.35805490942,238740389967.65125,1.7002811958593358e+19,956.529052734375,0.9883647812911827,0.0,0.0,780.2386474609375,0.03030415547839819,0.0527788631762397,0.0,0.0,0.06837746750441297,0.0,0.0,0.09253302070092029,0.0,0.0,0.06837746750441297,0.0,0.0,229204.92913507385,0.010869874959658299,238733292669.84543,2.972898218955855e-05,1.8201113831406539e+19,-0.06583673306550486
golovin_fixed10_high_resolution_screen_v2_N065536_dt0p1_m009,golovin,golovin_fixed10_high_resolution_screen_v2,controlled,49,9,not_applicable,3861162633612260052,65536,0.1,300.0,3600.0,2700.000047683716,65536,0.14757614435506308,0.9982363478073791,1.374819591504206e-09,147576.1443550631,238740390172.4572,4.1470267884280685e+19,1299.073974609375,0.9926350975834534,0.016490702209616216,0.016490702209616216,1055.3516845703125,0.04052900477207941,0.06673008778573776,0.0,0.0,0.08158022566213846,0.0,0.0,0.11044915112036581,0.0,0.0,0.08158022566213846,0.0,0.0,146147.28387886327,0.0097768527630262,238733292669.84543,2.9729840075543024e-05,4.476765798748041e+19,-0.07365563112821016
golovin_fixed10_high_resolution_screen_v2_N065536_dt0p1_m009,golovin,golovin_fixed10_high_resolution_screen_v2,controlled,49,9,not_applicable,3861162633612260052,65536,0.1,300.0,3600.0,3000.0,65536,0.09423604613199539,0.9982363483658889,1.934316040674844e-09,94236.04613199539,238740390306.03168,1.0230031641117857e+20,1789.10888671875,0.9953146066035667,0.12866085523990797,0.12866085523990797,1398.9539794921875,0.0387522810006321,0.05954858850018588,0.0,0.0,0.08008449971336463,0.0,0.0,0.11375855184373992,0.0,0.0,0.08008449971336463,0.0,0.0,93187.47491936282,0.011252276269315464,238733292669.84543,2.9730399588867584e-05,1.1011101959187887e+20,-0.0709348002556901
golovin_fixed10_high_resolution_screen_v2_N065536_dt0p1_m009,golovin,golovin_fixed10_high_resolution_screen_v2,controlled,49,9,not_applicable,3861162633612260052,65536,0.1,300.0,3600.0,3299.999952316284,65536,0.06001387120015392,0.9982363474079178,9.746523588205491e-10,60013.87120015392,238740390076.92117,2.4993114769900342e+20,2644.59716796875,0.9970232948536303,0.33183985951490164,0.33183985951490164,1876.8345947265625,0.03177948026255185,0.07755904396770218,0.0,0.0,0.1094249049020661,0.0,0.0,0.1448470093322846,0.0,0.0,0.1094249049020661,0.0,0.0,59418.863295774216,0.010013788069587859,238733292669.84543,2.9729439896541976e-05,2.7083026409274727e+20,-0.07716684272252095
golovin_fixed10_high_resolution_screen_v2_N065536_dt0p1_m009,golovin,golovin_fixed10_high_resolution_screen_v2,controlled,49,9,not_applicable,3861162633612260052,65536,0.1,300.0,3600.0,3599.9999046325684,65536,0.03826583038655593,0.9982363462041057,-2.312864344489185e-10,38265.83038655593,238740389789.01483,6.177762131968235e+20,3210.9599609375,0.9981059162943328,0.5392109194212855,0.5392109194212855,2517.255615234375,0.037634530363435115,0.07306571063343394,0.0,0.0,0.1015853365977361,0.0,0.0,0.13922076757430374,0.0,0.0,0.1015853365977361,0.0,0.0,37887.079979546696,0.009996822326072685,238733292669.84543,2.9728233921666458e-05,6.661370698447075e+20,-0.07259895723737175
golovin_fixed10_high_resolution_screen_v2_N131072_dt0p1_m000,golovin,golovin_fixed10_high_resolution_screen_v2,controlled,50,0,not_applicable,10658457629942112162,131072,0.1,300.0,3600.0,0.0,131072,8.388608,0.9982363473913419,0.0,8388608.0,238740390072.95682,1.3588188822398414e+16,74.99876403808594,0.34284472560127677,0.0,0.0,57.378570556640625,0.028708307217300066,0.0008909397221417919,0.0,0.0,0.000526472279633515,0.0,0.0,0.0019082031904375598,0.0,0.0,0.000526472279633515,0.0,0.0,8388608.0,0.0,238733292669.84543,2.9729423290714152e-05,1.3588329560514944e+16,-1.0357278715011908e-05
golovin_fixed10_high_resolution_screen_v2_N131072_dt0p1_m000,golovin,golovin_fixed10_high_resolution_screen_v2,controlled,50,0,not_applicable,10658457629942112162,131072,0.1,300.0,3600.0,300.00001192092896,131072,5.332750124226128,0.9982363472869568,-1.0456957522109178e-10,5332750.124226128,238740390047.99188,3.3437474058220204e+16,125.45330047607422,0.6373361298327181,0.0,0.0,87.95333099365234,0.017342930427601686,0.024772998711532396,0.0,0.0,0.0385013764285458,0.0,0.0,0.056167855677946646,0.0,0.0,0.0385013764285458,0.0,0.0,5348803.665523084,-0.0030013330645192182,238733292669.84543,2.9729318718363373e-05,3.3422009487832736e+16,0.0004627061814790334
golovin_fixed10_high_resolution_screen_v2_N131072_dt0p1_m000,golovin,golovin_fixed10_high_resolution_screen_v2,controlled,50,0,not_applicable,10658457629942112162,131072,0.1,300.0,3600.0,600.0000238418579,131072,3.404259016484082,0.9982363466307578,-7.619279651649435e-10,3404259.0164840817,238740389891.0539,8.191137077058272e+16,174.83172607421875,0.7912331456984437,0.0,0.0,124.34614562988281,0.011385310869958608,0.030130101931951436,0.0,0.0,0.045099547064217455,0.0,0.0,0.06419651176400813,0.0,0.0,0.045099547064217455,0.0,0.0,3410542.089022777,-0.0018422504032182818,238733292669.84543,2.9728661340433504e-05,8.220515356432454e+16,-0.003573775864452844
golovin_fixed10_high_resolution_screen_v2_N131072_dt0p1_m000,golovin,golovin_fixed10_high_resolution_screen_v2,controlled,50,0,not_applicable,10658457629942112162,131072,0.1,300.0,3600.0,899.9999761581421,131072,2.1697030042533254,0.9982363479431077,5.527405200211888e-10,2169703.0042533255,238740390204.91837,2.0292941810436006e+17,235.22140502929688,0.8765387937692971,0.0,0.0,174.0384521484375,0.012182842705076382,0.03448018392444854,0.0,0.0,0.048124047256453084,0.0,0.0,0.06780161405424506,0.0,0.0,0.048124047256453084,0.0,0.0,2174654.2046287498,-0.0022767759420718736,238733292669.84543,2.9729976048109563e-05,2.021926918134987e+17,0.0036436840731164377
golovin_fixed10_high_resolution_screen_v2_N131072_dt0p1_m000,golovin,golovin_fixed10_high_resolution_screen_v2,controlled,50,0,not_applicable,10658457629942112162,131072,0.1,300.0,3600.0,1200.0000476837158,131072,1.3842683392120883,0.9982363472927747,-9.874145945332202e-11,1384268.3392120881,238740390049.38333,5.021995469144233e+17,328.07598876953125,0.9252336562758571,0.0,0.0,237.31141662597656,0.01998099661468323,0.040511226665339274,0.0,0.0,0.050706266954014464,0.0,0.0,0.06974888755816772,0.0,0.0,0.050706266954014464,0.0,0.0,1386618.2972187817,-0.0016947403704443698,238733292669.84543,2.9729324546812208e-05,4.97315526712769e+17,0.009820767579764578
golovin_fixed10_high_resolution_screen_v2_N131072_dt0p1_m000,golovin,golovin_fixed10_high_resolution_screen_v2,controlled,50,0,not_applicable,10658457629942112162,131072,0.1,300.0,3600.0,1500.0,131072,0.8838200330839334,0.9982363473705166,-2.0862089833428854e-11,883820.0330839334,238740390067.97626,1.240447631014091e+18,444.37548828125,0.9537916353705698,0.0,0.0,318.7561950683594,0.02106304341987535,0.03509094261510645,0.0,0.0,0.04790877548774818,0.0,0.0,0.07025113543629985,0.0,0.0,0.04790877548774818,0.0,0.0,884145.4617925527,-0.00036807145733641633,238733292669.84543,2.972940242829125e-05,1.2232026906685448e+18,0.014098187060168188
golovin_fixed10_high_resolution_screen_v2_N131072_dt0p1_m000,golovin,golovin_fixed10_high_resolution_screen_v2,controlled,50,0,not_applicable,10658457629942112162,131072,0.1,300.0,3600.0,1799.9999523162842,131072,0.5634819653785924,0.9982363472049419,-1.8672929869012478e-10,563481.9653785924,238740390028.37704,3.029758784568256e+18,608.7225952148438,0.971090656803451,0.0,0.0,433.6122131347656,0.01768881730622613,0.032164052881599674,0.0,0.0,0.044461197642289896,0.0,0.0,0.06730757985804214,0.0,0.0,0.044461197642289896,0.0,0.0,563755.1438462138,-0.00048456935711072013,238733292669.84543,2.972923655608639e-05,3.0086026719268946e+18,0.007031873247593579
golovin_fixed10_high_resolution_screen_v2_N131072_dt0p1_m000,golovin,golovin_fixed10_high_resolution_screen_v2,controlled,50,0,not_applicable,10658457629942112162,131072,0.1,300.0,3600.0,2099.9999046325684,131072,0.35902445705255226,0.9982363472677077,-1.2385259484659628e-10,359024.45705255226,238740390043.3882,7.445670586574872e+18,806.4876098632812,0.9818524340927006,0.0,0.0,593.0372314453125,0.017015292992672095,0.038188280865602386,0.0,0.0,0.05014996154807,0.0,0.0,0.0661035269504802,0.0,0.0,0.05014996154807,0.0,0.0,359465.58111456485,-0.0012271663413360168,238733292669.84543,2.9729299434677614e-05,7.39999192822117e+18,0.006172798402589885
golovin_fixed10_high_resolution_screen_v2_N131072_dt0p1_m000,golovin,golovin_fixed10_high_resolution_screen_v2,controlled,50,0,not_applicable,10658457629942112162,131072,0.1,300.0,3600.0,2400.0000953674316,131072,0.22899597892020443,0.9982363477344932,3.437574669362675e-10,228995.97892020442,238740390155.02567,1.8201003791340296e+19,1000.1539306640625,0.9885383166498483,7.122282375671465e-05,7.122282375671465e-05,794.7160034179688,0.01558253079057184,0.03391828983113688,0.0,0.0,0.04472918340537044,0.0,0.0,0.06519575772431799,0.0,0.0,0.04472918340537044,0.0,0.0,229204.92913507385,-0.0009116305467684604,238733292669.84543,2.9729767058617185e-05,1.8201113831406539e+19,-6.045787486530507e-06
golovin_fixed10_high_resolution_screen_v2_N131072_dt0p1_m000,golovin,golovin_fixed10_high_resolution_screen_v2,controlled,50,0,not_applicable,10658457629942112162,131072,0.1,300.0,3600.0,2700.000047683716,131072,0.14600909018829028,0.9982363467492178,-6.432586685534147e-10,146009.09018829028,238740389919.385,4.558300492632591e+19,1449.12109375,0.9927321051903252,0.02050521005245615,0.02050521005245615,1077.22509765625,0.01694181005935872,0.04016137982371393,0.0,0.0,0.053039243543166394,0.0,0.0,0.07886647684432503,0.0,0.0,0.053039243543166394,0.0,0.0,146147.28387886327,-0.0009455782338556595,238733292669.84543,2.9728780013060785e-05,4.476765798748041e+19,0.01821285668045247
golovin_fixed10_high_resolution_screen_v2_N131072_dt0p1_m000,golovin,golovin_fixed10_high_resolution_screen_v2,controlled,50,0,not_applicable,10658457629942112162,131072,0.1,300.0,3600.0,3000.0,131072,0.09311582046093837,0.9982363483795222,9.899261410595273e-10,93115.82046093837,238740390309.29224,1.111062477665423e+20,1985.9903564453125,0.9953830210300603,0.1435832326957626,0.1435832326957626,1454.98486328125,0.017246041447741573,0.03887836839453088,0.0,0.0,0.056586598121271606,0.0,0.0,0.08231860981404943,0.0,0.0,0.056586598121271606,0.0,0.0,93187.47491936282,-0.0007689279968843277,238733292669.84543,2.973041324660919e-05,1.1011101959187887e+20,0.009038406676754152
golovin_fixed10_high_resolution_screen_v2_N131072_dt0p1_m000,golovin,golovin_fixed10_high_resolution_screen_v2,controlled,50,0,not_applicable,10658457629942112162,131072,0.1,300.0,3600.0,3299.999952316284,131072,0.059357506502541395,0.9982363472554524,-1.3612955207520372e-10,59357.50650254139,238740390040.45724,2.742127484493975e+20,2582.105712890625,0.9970561344892881,0.35121405818040197,0.35121405818040197,1981.506591796875,0.024921266872249093,0.04810334272768078,0.0,0.0,0.0650291086137974,0.0,0.0,0.09652117386763166,0.0,0.0,0.0650291086137974,0.0,0.0,59418.863295774216,-0.0010326147258556961,238733292669.84543,2.972928715738732e-05,2.7083026409274727e+20,0.012489314545334196
golovin_fixed10_high_resolution_screen_v2_N131072_dt0p1_m000,golovin,golovin_fixed10_high_resolution_screen_v2,controlled,50,0,not_applicable,10658457629942112162,131072,0.1,300.0,3600.0,3599.9999046325684,131072,0.03782679652079062,0.9982363479982761,6.080065340086094e-10,37826.79652079062,238740390218.1126,6.670961430347566e+20,3544.62548828125,0.9981265205233347,0.5521989774838053,0.5521989774838053,2682.677490234375,0.02550699120884569,0.047274071136511574,0.0,0.0,0.06513316930401333,0.0,0.0,0.0910672805787515,0.0,0.0,0.06513316930401333,0.0,0.0,37887.079979546696,-0.0015911349934757402,238733292669.84543,2.9730031315677863e-05,6.661370698447075e+20,0.0014397535184051957
golovin_fixed10_high_resolution_screen_v2_N131072_dt0p1_m001,golovin,golovin_fixed10_high_resolution_screen_v2,controlled,51,1,not_applicable,6846084016899006630,131072,0.1,300.0,3600.0,0.0,131072,8.388608,0.9982363473913419,0.0,8388608.0,238740390072.95682,1.3588188822398414e+16,74.99876403808594,0.34284472560127677,0.0,0.0,57.378570556640625,0.02872139801015632,0.0008909397221417919,0.0,0.0,0.000526472279633515,0.0,0.0,0.0019082031904375598,0.0,0.0,0.000526472279633515,0.0,0.0,8388608.0,0.0,238733292669.84543,2.9729423290714152e-05,1.3588329560514944e+16,-1.0357278715011908e-05
golovin_fixed10_high_resolution_screen_v2_N131072_dt0p1_m001,golovin,golovin_fixed10_high_resolution_screen_v2,controlled,51,1,not_applicable,6846084016899006630,131072,0.1,300.0,3600.0,300.00001192092896,131072,5.328152485826312,0.998236347827372,4.3680037364879354e-10,5328152.485826312,238740390177.2388,3.35093838974755e+16,130.36508178710938,0.6387759903089357,0.0,0.0,87.4238052368164,0.02029970409127818,0.03140341651686754,0.0,0.0,0.04091585550153904,0.0,0.0,0.05686166986959987,0.0,0.0,0.04091585550153904,0.0,0.0,5348803.665523084,-0.0038608969384844594,238733292669.84543,2.9729860104632522e-05,3.3422009487832736e+16,0.002614277566840295
golovin_fixed10_high_resolution_screen_v2_N131072_dt0p1_m001,golovin,golovin_fixed10_high_resolution_screen_v2,controlled,51,1,not_applicable,6846084016899006630,131072,0.1,300.0,3600.0,600.0000238418579,131072,3.3924345620620904,0.9982363479095645,5.191380658686739e-10,3392434.5620620903,238740390196.89606,8.218672114297651e+16,172.76272583007812,0.7925945761349937,0.0,0.0,123.33164978027344,0.015276801189325253,0.03463192129440118,0.0,0.0,0.04882029881838071,0.0,0.0,0.06509460415622842,0.0,0.0,0.04882029881838071,0.0,0.0,3410542.089022777,-0.005309281189922244,238733292669.84543,2.9729942444323143e-05,8.220515356432454e+16,-0.00022422464467031222
golovin_fixed10_high_resolution_screen_v2_N131072_dt0p1_m001,golovin,golovin_fixed10_high_resolution_screen_v2,controlled,51,1,not_applicable,6846084016899006630,131072,0.1,300.0,3600.0,899.9999761581421,131072,2.1653881099061127,0.9982363470342437,-3.5772917961196526e-10,2165388.109906113,238740389987.55243,2.027214833662466e+17,267.8126525878906,0.8768398347890447,0.0,0.0,170.83399963378906,0.016706390645390472,0.02776114530156305,0.0,0.0,0.04478431401689306,0.0,0.0,0.06200819410508179,0.0,0.0,0.04478431401689306,0.0,0.0,2174654.2046287498,-0.00426095086883882,238733292669.84543,2.9729065551098444e-05,2.021926918134987e+17,0.0026152851915917097
golovin_fixed10_high_resolution_screen_v2_N131072_dt0p1_m001,golovin,golovin_fixed10_high_resolution_screen_v2,controlled,51,1,not_applicable,6846084016899006630,131072,0.1,300.0,3600.0,1200.0000476837158,131072,1.3794651765761012,0.9982363483184216,9.28717547310498e-10,1379465.1765761012,238740390294.67926,4.9390928234695264e+17,310.97650146484375,0.925293026125268,0.0,0.0,232.48304748535156,0.013635607128666878,0.031332788203041154,0.0,0.0,0.044707063892350594,0.0,0.0,0.06041178233262254,0.0,0.0,0.044707063892350594,0.0,0.0,1386618.2972187817,-0.005158680407598704,238733292669.84543,2.9730352036239083e-05,4.97315526712769e+17,-0.006849262053673422
golovin_fixed10_high_resolution_screen_v2_N131072_dt0p1_m001,golovin,golovin_fixed10_high_resolution_screen_v2,controlled,51,1,not_applicable,6846084016899006630,131072,0.1,300.0,3600.0,1500.0,131072,0.8795353681163653,0.9982363475680249,1.7699508525481633e-10,879535.3681163654,238740390115.2128,1.234390642270186e+18,441.1197509765625,0.9538156384409171,0.0,0.0,320.41162109375,0.0192946011923251,0.03311828701936291,0.0,0.0,0.04784712269012431,0.0,0.0,0.06437249063457763,0.0,0.0,0.04784712269012431,0.0,0.0,884145.4617925527,-0.005214180104301636,238733292669.84543,2.9729600291572567e-05,1.2232026906685448e+18,0.009146441294636487
golovin_fixed10_high_resolution_screen_v2_N131072_dt0p1_m001,golovin,golovin_fixed10_high_resolution_screen_v2,controlled,51,1,not_applicable,6846084016899006630,131072,0.1,300.0,3600.0,1799.9999523162842,131072,0.5603493285459762,0.9982363476856111,2.9478908203373066e-10,560349.3285459762,238740390143.33493,3.055314321962393e+18,552.5553588867188,0.9711996805099522,0.0,0.0,435.5147705078125,0.021094849466999677,0.030245925131976367,0.0,0.0,0.041760357802849805,0.0,0.0,0.06266845654267901,0.0,0.0,0.041760357802849805,0.0,0.0,563755.1438462138,-0.00604130239415912,238733292669.84543,2.9729718088900015e-05,3.0086026719268946e+18,0.015526028236085176
golovin_fixed10_high_resolution_screen_v2_N131072_dt0p1_m001,golovin,golovin_fixed10_high_resolution_screen_v2,controlled,51,1,not_applicable,6846084016899006630,131072,0.1,300.0,3600.0,2099.9999046325684,131072,0.35728603905659573,0.99823634783025,4.3968340079914014e-10,357286.0390565957,238740390177.92706,7.553894137423402e+18,806.3427734375,0.981868261319961,0.0,0.0,589.4405517578125,0.019560511808310376,0.03437771400834184,0.0,0.0,0.047457566150025665,0.0,0.0,0.0669243966058823,0.0,0.0,0.047457566150025665,0.0,0.0,359465.58111456485,-0.0060632844213101,238733292669.84543,2.9729862987437627e-05,7.39999192822117e+18,0.020797618523785033
golovin_fixed10_high_resolution_screen_v2_N131072_dt0p1_m001,golovin,golovin_fixed10_high_resolution_screen_v2,controlled,51,1,not_applicable,6846084016899006630,131072,0.1,300.0,3600.0,2400.0000953674316,131072,0.22784648337131533,0.9982363478132166,4.2261993904446626e-10,227846.48337131532,238740390173.8533,1.8266788886922109e+19,1021.4920654296875,0.9885627783101363,0.0002930439096075227,0.0002930439096075227,791.860595703125,0.010987297539483678,0.030939394198610578,0.0,0.0,0.045159099700047674,0.0,0.0,0.06681811580940432,0.0,0.0,0.045159099700047674,0.0,0.0,229204.92913507385,-0.005926773777879646,238733292669.84543,2.9729845923531784e-05,1.8201113831406539e+19,0.003608298707645341
golovin_fixed10_high_resolution_screen_v2_N131072_dt0p1_m001,golovin,golovin_fixed10_high_resolution_screen_v2,controlled,51,1,not_applicable,6846084016899006630,131072,0.1,300.0,3600.0,2700.000047683716,131072,0.14519759903960147,0.9982363476536763,2.6279778353455185e-10,145197.59903960148,238740390135.69733,4.48185954148925e+19,1362.829833984375,0.9927246690664264,0.020115543585576785,0.020115543585576785,1072.2393798828125,0.01299541088347536,0.03633360073551563,0.0,0.0,0.0513339525516849,0.0,0.0,0.07000197493044041,0.0,0.0,0.0513339525516849,0.0,0.0,146147.28387886327,-0.006498135401879601,238733292669.84543,2.9729686096713337e-05,4.476765798748041e+19,0.0011378175607563712
golovin_fixed10_high_resolution_screen_v2_N131072_dt0p1_m001,golovin,golovin_fixed10_high_resolution_screen_v2,controlled,51,1,not_applicable,6846084016899006630,131072,0.1,300.0,3600.0,3000.0,131072,0.09262036479506598,0.9982363486192161,1.2300434004686167e-09,92620.36479506598,238740390366.61792,1.0977118527772946e+20,1955.268310546875,0.995374082936738,0.14011533508215815,0.14011533508215815,1445.9432373046875,0.011454952079603443,0.03504836808202843,0.0,0.0,0.05393900360420758,0.0,0.0,0.07605442685772482,0.0,0.0,0.05393900360420758,0.0,0.0,93187.47491936282,-0.006085690429830537,238733292669.84543,2.9730653370974025e-05,1.1011101959187887e+20,-0.0030862879610867866
golovin_fixed10_high_resolution_screen_v2_N131072_dt0p1_m001,golovin,golovin_fixed10_high_resolution_screen_v2,controlled,51,1,not_applicable,6846084016899006630,131072,0.1,300.0,3600.0,3299.999952316284,131072,0.05900139361860189,0.9982363473954524,4.117817198334706e-12,59001.39361860189,238740390073.93994,2.7037462259768587e+20,2407.187255859375,0.9970610629017128,0.3480614796927996,0.3480614796927996,1959.76123046875,0.019581063357399415,0.04823408702910862,0.0,0.0,0.06970295317248866,0.0,0.0,0.08975684767503901,0.0,0.0,0.06970295317248866,0.0,0.0,59418.863295774216,-0.007025877878111708,238733292669.84543,2.972942740897544e-05,2.7083026409274727e+20,-0.0016823876629435963
golovin_fixed10_high_resolution_screen_v2_N131072_dt0p1_m001,golovin,golovin_fixed10_high_resolution_screen_v2,controlled,51,1,not_applicable,6846084016899006630,131072,0.1,300.0,3600.0,3599.9999046325684,131072,0.037603932163142964,0.9982363470067978,-3.852235197498999e-10,37603.93216314296,238740389980.98846,6.692851001807906e+20,3327.6376953125,0.9981307427625215,0.5473887662824334,0.5473887662824334,2649.023681640625,0.02099109880418677,0.04357079898896516,0.0,0.0,0.06942005627994978,0.0,0.0,0.10123090478835219,0.0,0.0,0.06942005627994978,0.0,0.0,37887.079979546696,-0.007473466325633726,238733292669.84543,2.972903805598115e-05,6.661370698447075e+20,0.004725799656843721
golovin_fixed10_high_resolution_screen_v2_N131072_dt0p1_m002,golovin,golovin_fixed10_high_resolution_screen_v2,controlled,52,2,not_applicable,2360331056115816444,131072,0.1,300.0,3600.0,0.0,131072,8.388608,0.9982363473913419,0.0,8388608.0,238740390072.95682,1.3588188822398414e+16,74.99876403808594,0.34284472560127677,0.0,0.0,57.378570556640625,0.028729422009071685,0.0008909397221417919,0.0,0.0,0.000526472279633515,0.0,0.0,0.0019082031904375598,0.0,0.0,0.000526472279633515,0.0,0.0,8388608.0,0.0,238733292669.84543,2.9729423290714152e-05,1.3588329560514944e+16,-1.0357278715011908e-05
golovin_fixed10_high_resolution_screen_v2_N131072_dt0p1_m002,golovin,golovin_fixed10_high_resolution_screen_v2,controlled,52,2,not_applicable,2360331056115816444,131072,0.1,300.0,3600.0,300.00001192092896,131072,5.351148913243067,0.9982363475505691,1.5950840648315534e-10,5351148.913243067,238740390111.038,3.341277403565261e+16,133.11770629882812,0.6334080436505531,0.0,0.0,88.30001831054688,0.018231103992144622,0.029206584981005448,0.0,0.0,0.04232692526791974,0.0,0.0,0.06373897113792427,0.0,0.0,0.04232692526791974,0.0,0.0,5348803.665523084,0.00043846210604070457,238733292669.84543,2.972958280422766e-05,3.3422009487832736e+16,-0.0002763284530659105
golovin_fixed10_high_resolution_screen_v2_N131072_dt0p1_m002,golovin,golovin_fixed10_high_resolution_screen_v2,controlled,52,2,not_applicable,2360331056115816444,131072,0.1,300.0,3600.0,600.0000238418579,131072,3.4096292431688973,0.9982363481544854,7.644918031957104e-10,3409629.2431688975,238740390255.4719,8.239704343761533e+16,185.93028259277344,0.7916911963260466,0.0,0.0,124.35846710205078,0.01591503115280925,0.029106408771311095,0.0,0.0,0.04075606474097417,0.0,0.0,0.059797986670685054,0.0,0.0,0.04075606474097417,0.0,0.0,3410542.089022777,-0.0002676541822538292,238733292669.84543,2.9730187805387942e-05,8.220515356432454e+16,0.0023342803336610096
golovin_fixed10_high_resolution_screen_v2_N131072_dt0p1_m002,golovin,golovin_fixed10_high_resolution_screen_v2,controlled,52,2,not_applicable,2360331056115816444,131072,0.1,300.0,3600.0,899.9999761581421,131072,2.173946832126617,0.998236347872204,4.817117815747451e-10,2173946.832126617,238740390187.96088,2.0064058681170685e+17,227.4978790283203,0.8767644515645387,0.0,0.0,171.00033569335938,0.012234391424515444,0.027313118307553133,0.0,0.0,0.04010135027029716,0.0,0.0,0.06051610652612557,0.0,0.0,0.04010135027029716,0.0,0.0,2174654.2046287498,-0.00032528045177349085,238733292669.84543,2.9729905016928626e-05,2.021926918134987e+17,-0.007676365490121184
golovin_fixed10_high_resolution_screen_v2_N131072_dt0p1_m002,golovin,golovin_fixed10_high_resolution_screen_v2,controlled,52,2,not_applicable,2360331056115816444,131072,0.1,300.0,3600.0,1200.0000476837158,131072,1.3892580502083591,0.9982363477390863,3.48358675239524e-10,1389258.050208359,238740390156.12415,4.8979081013640096e+17,307.8914794921875,0.9252857333503149,0.0,0.0,232.54962158203125,0.014431551304394866,0.028746548893811195,0.0,0.0,0.044846280212952956,0.0,0.0,0.06401533210485288,0.0,0.0,0.044846280212952956,0.0,0.0,1386618.2972187817,0.001903734427038728,238733292669.84543,2.9729771660047533e-05,4.97315526712769e+17,-0.015130668905726896
golovin_fixed10_high_resolution_screen_v2_N131072_dt0p1_m002,golovin,golovin_fixed10_high_resolution_screen_v2,controlled,52,2,not_applicable,2360331056115816444,131072,0.1,300.0,3600.0,1500.0,131072,0.8847010952281982,0.9982363474377645,4.650457796628871e-11,884701.0952281982,238740390084.05936,1.1987353479501944e+18,417.1000671386719,0.9539296085743091,0.0,0.0,317.1229248046875,0.01440236721052921,0.03400943019395599,0.0,0.0,0.04807706899757359,0.0,0.0,0.06514930441695868,0.0,0.0,0.04807706899757359,0.0,0.0,884145.4617925527,0.000628441200748675,238733292669.84543,2.972946979684643e-05,1.2232026906685448e+18,-0.020002688765324406
golovin_fixed10_high_resolution_screen_v2_N131072_dt0p1_m002,golovin,golovin_fixed10_high_resolution_screen_v2,controlled,52,2,not_applicable,2360331056115816444,131072,0.1,300.0,3600.0,1799.9999523162842,131072,0.5632426135707959,0.998236347087237,-3.0464220035497647e-10,563242.6135707959,238740390000.2264,2.9621699832256097e+18,553.69580078125,0.9712877163798426,0.0,0.0,431.0099792480469,0.013161624372178401,0.029662303835483697,0.0,0.0,0.04193248415904613,0.0,0.0,0.06151502400463325,0.0,0.0,0.04193248415904613,0.0,0.0,563755.1438462138,-0.0009091363174467126,238733292669.84543,2.972911863952099e-05,3.0086026719268946e+18,-0.015433307008115627
golovin_fixed10_high_resolution_screen_v2_N131072_dt0p1_m002,golovin,golovin_fixed10_high_resolution_screen_v2,controlled,52,2,not_applicable,2360331056115816444,131072,0.1,300.0,3600.0,2099.9999046325684,131072,0.3590760832247235,0.9982363480414711,6.512776984379798e-10,359076.0832247235,238740390228.44315,7.232735587251033e+18,758.0271606445312,0.9819073546469794,0.0,0.0,579.1109008789062,0.012218816720188558,0.03521097060985496,0.0,0.0,0.05195811735439885,0.0,0.0,0.07097460112541185,0.0,0.0,0.05195811735439885,0.0,0.0,359465.58111456485,-0.001083547105215632,238733292669.84543,2.9730074587952515e-05,7.39999192822117e+18,-0.022602232893292107
golovin_fixed10_high_resolution_screen_v2_N131072_dt0p1_m002,golovin,golovin_fixed10_high_resolution_screen_v2,controlled,52,2,not_applicable,2360331056115816444,131072,0.1,300.0,3600.0,2400.0000953674316,131072,0.22890453821000245,0.9982363477536293,3.6292746585786517e-10,228904.53821000244,238740390159.60233,1.7858615172527831e+19,999.6656494140625,0.9885436369908108,0.0,0.0,776.3282470703125,0.01148875865657904,0.03596101316219574,0.0,0.0,0.048925051122018795,0.0,0.0,0.07093581318500886,0.0,0.0,0.048925051122018795,0.0,0.0,229204.92913507385,-0.0013105779452691202,238733292669.84543,2.972978622928224e-05,1.8201113831406539e+19,-0.01881745601127538
golovin_fixed10_high_resolution_screen_v2_N131072_dt0p1_m002,golovin,golovin_fixed10_high_resolution_screen_v2,controlled,52,2,not_applicable,2360331056115816444,131072,0.1,300.0,3600.0,2700.000047683716,131072,0.1459012537916162,0.9982363474824392,9.125811217813862e-11,145901.2537916162,238740390094.7439,4.388672898253088e+19,1439.8167724609375,0.9927500110779599,0.01893727573659131,0.01893727573659131,1069.6146240234375,0.014382091946411173,0.036108372882469285,0.0,0.0,0.05034875289494138,0.0,0.0,0.06927627710560386,0.0,0.0,0.05034875289494138,0.0,0.0,146147.28387886327,-0.0016834393408978743,238733292669.84543,2.9729514551934955e-05,4.476765798748041e+19,-0.01967779965607952
golovin_fixed10_high_resolution_screen_v2_N131072_dt0p1_m002,golovin,golovin_fixed10_high_resolution_screen_v2,controlled,52,2,not_applicable,2360331056115816444,131072,0.1,300.0,3600.0,3000.0,131072,0.09306596248667733,0.9982363481709526,7.809881630294058e-10,93065.96248667732,238740390259.41025,1.0795624506365986e+20,1885.7593994140625,0.9953822032024218,0.14233671012822374,0.14233671012822374,1432.3919677734375,0.02251283191959081,0.04339595930113721,0.0,0.0,0.06156987556297313,0.0,0.0,0.08277043086507922,0.0,0.0,0.06156987556297313,0.0,0.0,93187.47491936282,-0.0013039567043816591,238733292669.84543,2.9730204302191865e-05,1.1011101959187887e+20,-0.0195691088521891
golovin_fixed10_high_resolution_screen_v2_N131072_dt0p1_m002,golovin,golovin_fixed10_high_resolution_screen_v2,controlled,52,2,not_applicable,2360331056115816444,131072,0.1,300.0,3600.0,3299.999952316284,131072,0.05932657718072479,0.9982363476681884,2.773354879082035e-10,59326.57718072479,238740390139.1681,2.6313323453079293e+20,2721.55126953125,0.997060732377893,0.3442857893294442,0.3442857893294442,1905.362060546875,0.015206654898660634,0.03921250802253169,0.0,0.0,0.057591508622519806,0.0,0.0,0.08098419566288055,0.0,0.0,0.057591508622519806,0.0,0.0,59418.863295774216,-0.001553145077684337,238733292669.84543,2.97297006348618e-05,2.7083026409274727e+20,-0.02842012353286505
golovin_fixed10_high_resolution_screen_v2_N131072_dt0p1_m002,golovin,golovin_fixed10_high_resolution_screen_v2,controlled,52,2,not_applicable,2360331056115816444,131072,0.1,300.0,3600.0,3599.9999046325684,131072,0.03781716273160041,0.9982363479132421,5.228222299535901e-10,37817.16273160041,238740390197.77567,6.498898927536701e+20,3137.62646484375,0.9981281724100521,0.5478606459544202,0.5478606459544202,2612.731689453125,0.01726032897947084,0.040249836166613144,0.0,0.0,0.06110357201013778,0.0,0.0,0.09079025159994034,0.0,0.0,0.06110357201013778,0.0,0.0,37887.079979546696,-0.0018454113640858916,238733292669.84543,2.9729946128931317e-05,6.661370698447075e+20,-0.02439014104833559
golovin_fixed10_high_resolution_screen_v2_N131072_dt0p1_m003,golovin,golovin_fixed10_high_resolution_screen_v2,controlled,53,3,not_applicable,18426503046264624155,131072,0.1,300.0,3600.0,0.0,131072,8.388608,0.9982363473913419,0.0,8388608.0,238740390072.95682,1.3588188822398414e+16,74.99876403808594,0.34284472560127677,0.0,0.0,57.378570556640625,0.02871590316969316,0.0008909397221417919,0.0,0.0,0.000526472279633515,0.0,0.0,0.0019082031904375598,0.0,0.0,0.000526472279633515,0.0,0.0,8388608.0,0.0,238733292669.84543,2.9729423290714152e-05,1.3588329560514944e+16,-1.0357278715011908e-05
golovin_fixed10_high_resolution_screen_v2_N131072_dt0p1_m003,golovin,golovin_fixed10_high_resolution_screen_v2,controlled,53,3,not_applicable,18426503046264624155,131072,0.1,300.0,3600.0,300.00001192092896,131072,5.350366215452093,0.9982363475186616,1.2754464151498723e-10,5350366.215452093,238740390103.4069,3.341982425935029e+16,124.2750244140625,0.6338886837321469,0.0,0.0,87.85887908935547,0.013730728193447029,0.026283087579131708,0.0,0.0,0.0394232291467634,0.0,0.0,0.05730862682376622,0.0,0.0,0.0394232291467634,0.0,0.0,5348803.665523084,0.000292130731789797,238733292669.84543,2.972955083935247e-05,3.3422009487832736e+16,-6.538291730318058e-05
golovin_fixed10_high_resolution_screen_v2_N131072_dt0p1_m003,golovin,golovin_fixed10_high_resolution_screen_v2,controlled,53,3,not_applicable,18426503046264624155,131072,0.1,300.0,3600.0,600.0000238418579,131072,3.398416805928873,0.9982363476116363,2.2068347149684087e-10,3398416.805928873,238740390125.6429,8.2880176883945e+16,180.70921325683594,0.7917524281926227,0.0,0.0,125.5804443359375,0.014912379965443073,0.0285571825944968,0.0,0.0,0.04486456096176386,0.0,0.0,0.06308315512382928,0.0,0.0,0.04486456096176386,0.0,0.0,3410542.089022777,-0.0035552363165172185,238733292669.84543,2.972964398106903e-05,8.220515356432454e+16,0.008211447705553487
golovin_fixed10_high_resolution_screen_v2_N131072_dt0p1_m003,golovin,golovin_fixed10_high_resolution_screen_v2,controlled,53,3,not_applicable,18426503046264624155,131072,0.1,300.0,3600.0,899.9999761581421,131072,2.1659994828371856,0.9982363472235588,-1.6807955027786647e-10,2165999.4828371857,238740390032.82953,2.047965781540287e+17,246.8491668701172,0.8765898981331073,0.0,0.0,173.81407165527344,0.012717694262199583,0.03229514325310573,0.0,0.0,0.04548831409790389,0.0,0.0,0.06322495822278393,0.0,0.0,0.04548831409790389,0.0,0.0,2174654.2046287498,-0.003979815169300238,238733292669.84543,2.9729255206722982e-05,2.021926918134987e+17,0.012878241627703568
golovin_fixed10_high_resolution_screen_v2_N131072_dt0p1_m003,golovin,golovin_fixed10_high_resolution_screen_v2,controlled,53,3,not_applicable,18426503046264624155,131072,0.1,300.0,3600.0,1200.0000476837158,131072,1.3797514793022885,0.9982363479507714,5.604179342810767e-10,1379751.4793022885,238740390206.75122,5.0600053059798426e+17,365.9291076660156,0.9249499815489506,0.0,0.0,239.18048095703125,0.01551308731291823,0.03250994980070544,0.0,0.0,0.04585248159685237,0.0,0.0,0.06475476263729679,0.0,0.0,0.04585248159685237,0.0,0.0,1386618.2972187817,-0.004952204893204137,238733292669.84543,2.9729983725523823e-05,4.97315526712769e+17,0.017463769817569696
golovin_fixed10_high_resolution_screen_v2_N131072_dt0p1_m003,golovin,golovin_fixed10_high_resolution_screen_v2,controlled,53,3,not_applicable,18426503046264624155,131072,0.1,300.0,3600.0,1500.0,131072,0.8841196098933513,0.9982363474945499,1.033904073466374e-10,884119.6098933512,238740390097.64032,1.2465077623353242e+18,498.44976806640625,0.9533626980439707,0.0,0.0,325.3036193847656,0.02020721201133574,0.032776752870323625,0.0,0.0,0.04725959103404813,0.0,0.0,0.06346082832575221,0.0,0.0,0.04725959103404813,0.0,0.0,884145.4617925527,-2.9239418533166806e-05,238733292669.84543,2.9729526684452168e-05,1.2232026906685448e+18,0.019052501964365254
golovin_fixed10_high_resolution_screen_v2_N131072_dt0p1_m003,golovin,golovin_fixed10_high_resolution_screen_v2,controlled,53,3,not_applicable,18426503046264624155,131072,0.1,300.0,3600.0,1799.9999523162842,131072,0.5632943971864348,0.9982363473473272,-4.409239640068563e-11,563294.3971864348,238740390062.43024,3.032851671821936e+18,582.9189453125,0.9709473867586856,0.0,0.0,436.6052551269531,0.01481506469166547,0.03168841390857045,0.0,0.0,0.04402263330193239,0.0,0.0,0.0639167373138532,0.0,0.0,0.04402263330193239,0.0,0.0,563755.1438462138,-0.0008172815180639281,238733292669.84543,2.972937919731855e-05,3.0086026719268946e+18,0.008059887774915397
golovin_fixed10_high_resolution_screen_v2_N131072_dt0p1_m003,golovin,golovin_fixed10_high_resolution_screen_v2,controlled,53,3,not_applicable,18426503046264624155,131072,0.1,300.0,3600.0,2099.9999046325684,131072,0.35910341184889444,0.9982363472163933,-1.7525769724358042e-10,359103.41184889444,238740390031.11578,7.512729039889001e+18,755.65771484375,0.9817010668906556,0.0,0.0,590.225341796875,0.015506654475817979,0.040534529008247444,0.0,0.0,0.050244134389586144,0.0,0.0,0.06969270242651564,0.0,0.0,0.050244134389586144,0.0,0.0,359465.58111456485,-0.0010075214003729682,238733292669.84543,2.972924802824295e-05,7.39999192822117e+18,0.015234761437764366
golovin_fixed10_high_resolution_screen_v2_N131072_dt0p1_m003,golovin,golovin_fixed10_high_resolution_screen_v2,controlled,53,3,not_applicable,18426503046264624155,131072,0.1,300.0,3600.0,2400.0000953674316,131072,0.2286994966798814,0.998236347133753,-2.5804403058771186e-10,228699.4966798814,238740390011.3513,1.8550222524255433e+19,1131.437744140625,0.9884405800927074,0.0005935777043712733,0.0005935777043712733,796.4075927734375,0.018626845546040223,0.03456101678080359,0.0,0.0,0.04997619138339032,0.0,0.0,0.07374557698014295,0.0,0.0,0.04997619138339032,0.0,0.0,229204.92913507385,-0.002205155260402658,238733292669.84543,2.9729165239134048e-05,1.8201113831406539e+19,0.019180622465340358
golovin_fixed10_high_resolution_screen_v2_N131072_dt0p1_m003,golovin,golovin_fixed10_high_resolution_screen_v2,controlled,53,3,not_applicable,18426503046264624155,131072,0.1,300.0,3600.0,2700.000047683716,131072,0.14603586175258143,0.9982363464633518,-9.296297065475301e-10,146035.86175258143,238740389851.0167,4.521682268304292e+19,1413.53076171875,0.9926387245863959,0.020803425654919074,0.020803425654919074,1093.727294921875,0.013943425353335665,0.03873046219932249,0.0,0.0,0.05000368182544261,0.0,0.0,0.07359799457594653,0.0,0.0,0.05000368182544261,0.0,0.0,146147.28387886327,-0.0007623961480816011,238733292669.84543,2.9728493633696118e-05,4.476765798748041e+19,0.01003324086527213
golovin_fixed10_high_resolution_screen_v2_N131072_dt0p1_m003,golovin,golovin_fixed10_high_resolution_screen_v2,controlled,53,3,not_applicable,18426503046264624155,131072,0.1,300.0,3600.0,3000.0,131072,0.09314629351298556,0.9982363475436814,1.5260859242971492e-10,93146.29351298556,238740390109.39066,1.1092439496460132e+20,1743.373779296875,0.9953310297069118,0.14061894093094132,0.14061894093094132,1454.4072265625,0.02181792507312391,0.04206100982078735,0.0,0.0,0.05660946644176088,0.0,0.0,0.08210796114374687,0.0,0.0,0.05660946644176088,0.0,0.0,93187.47491936282,-0.00044191997275278005,238733292669.84543,2.972957590396952e-05,1.1011101959187887e+20,0.007386866234979861
golovin_fixed10_high_resolution_screen_v2_N131072_dt0p1_m003,golovin,golovin_fixed10_high_resolution_screen_v2,controlled,53,3,not_applicable,18426503046264624155,131072,0.1,300.0,3600.0,3299.999952316284,131072,0.059369270543098394,0.9982363476316668,2.40749420399311e-10,59369.27054309839,238740390130.43344,2.76714044373756e+20,2663.558349609375,0.9970298688533166,0.3500361145964821,0.3500361145964821,1973.87744140625,0.020859765693423807,0.048851943467717374,0.0,0.0,0.06864930613649745,0.0,0.0,0.09713100056750018,0.0,0.0,0.06864930613649745,0.0,0.0,59418.863295774216,-0.000834629777903384,238733292669.84543,2.9729664047462023e-05,2.7083026409274727e+20,0.021724973391429314
golovin_fixed10_high_resolution_screen_v2_N131072_dt0p1_m003,golovin,golovin_fixed10_high_resolution_screen_v2,controlled,53,3,not_applicable,18426503046264624155,131072,0.1,300.0,3600.0,3599.9999046325684,131072,0.037862614126934396,0.9982363470299461,-3.6203429143455423e-10,37862.61412693439,238740389986.52466,6.721756859416214e+20,3321.97802734375,0.9981093819623482,0.5557717825139145,0.5557717825139145,2623.134521484375,0.02061710152962957,0.04905726761372007,0.0,0.0,0.06574926570949585,0.0,0.0,0.08663618900342353,0.0,0.0,0.06574926570949585,0.0,0.0,37887.079979546696,-0.0006457571453252209,238733292669.84543,2.97290612458756e-05,6.661370698447075e+20,0.009065125437804689
golovin_fixed10_high_resolution_screen_v2_N131072_dt0p1_m004,golovin,golovin_fixed10_high_resolution_screen_v2,controlled,54,4,not_applicable,13174933805214201482,131072,0.1,300.0,3600.0,0.0,131072,8.388608,0.9982363473913419,0.0,8388608.0,238740390072.95682,1.3588188822398414e+16,74.99876403808594,0.34284472560127677,0.0,0.0,57.378570556640625,0.028733019490872008,0.0008909397221417919,0.0,0.0,0.000526472279633515,0.0,0.0,0.0019082031904375598,0.0,0.0,0.000526472279633515,0.0,0.0,8388608.0,0.0,238733292669.84543,2.9729423290714152e-05,1.3588329560514944e+16,-1.0357278715011908e-05
golovin_fixed10_high_resolution_screen_v2_N131072_dt0p1_m004,golovin,golovin_fixed10_high_resolution_screen_v2,controlled,54,4,not_applicable,13174933805214201482,131072,0.1,300.0,3600.0,300.00001192092896,131072,5.336940367218832,0.998236347695108,3.0430280517634856e-10,5336940.367218832,238740390145.60623,3.3199526886310496e+16,130.06842041015625,0.6357773400725409,0.0,0.0,87.69111633300781,0.013768277124481396,0.026926375348196977,0.0,0.0,0.03744016907340899,0.0,0.0,0.053919006689848004,0.0,0.0,0.03744016907340899,0.0,0.0,5348803.665523084,-0.0022179348964928014,238733292669.84543,2.9729727602845202e-05,3.3422009487832736e+16,-0.006656769144992136
golovin_fixed10_high_resolution_screen_v2_N131072_dt0p1_m004,golovin,golovin_fixed10_high_resolution_screen_v2,controlled,54,4,not_applicable,13174933805214201482,131072,0.1,300.0,3600.0,600.0000238418579,131072,3.4159166655448434,0.9982363482782438,8.884688540433672e-10,3415916.6655448433,238740390285.07022,8.204288218673518e+16,174.03927612304688,0.789564897440963,0.0,0.0,125.6178207397461,0.01643597541967984,0.03753271207515953,0.0,0.0,0.05075465006021254,0.0,0.0,0.0678452713959815,0.0,0.0,0.05075465006021254,0.0,0.0,3410542.089022777,0.0015758716303091447,238733292669.84543,2.9730311785991503e-05,8.220515356432454e+16,-0.001973980590674107
golovin_fixed10_high_resolution_screen_v2_N131072_dt0p1_m004,golovin,golovin_fixed10_high_resolution_screen_v2,controlled,54,4,not_applicable,13174933805214201482,131072,0.1,300.0,3600.0,899.9999761581421,131072,2.1698941517142876,0.9982363482023056,8.123963723960514e-10,2169894.1517142877,238740390266.9087,2.0162336953901878e+17,247.90174865722656,0.8757080403842522,0.0,0.0,172.38600158691406,0.01960190767458991,0.03231440683271298,0.0,0.0,0.04881178192438569,0.0,0.0,0.06942076529450614,0.0,0.0,0.04881178192438569,0.0,0.0,2174654.2046287498,-0.0021888780774111938,238733292669.84543,2.9730235711511455e-05,2.021926918134987e+17,-0.0028157411099953844
golovin_fixed10_high_resolution_screen_v2_N131072_dt0p1_m004,golovin,golovin_fixed10_high_resolution_screen_v2,controlled,54,4,not_applicable,13174933805214201482,131072,0.1,300.0,3600.0,1200.0000476837158,131072,1.3839999945854602,0.9982363470947475,-2.971184409616967e-10,1383999.9945854603,238740390002.02274,4.9534997603216864e+17,329.10772705078125,0.9246097124331628,0.0,0.0,235.5321044921875,0.024602570092275497,0.03800263980065971,0.0,0.0,0.04581341474560078,0.0,0.0,0.0650010016427307,0.0,0.0,0.04581341474560078,0.0,0.0,1386618.2972187817,-0.0018882648805176316,238733292669.84543,2.9729126163946518e-05,4.97315526712769e+17,-0.0039523211623666565
golovin_fixed10_high_resolution_screen_v2_N131072_dt0p1_m004,golovin,golovin_fixed10_high_resolution_screen_v2,controlled,54,4,not_applicable,13174933805214201482,131072,0.1,300.0,3600.0,1500.0,131072,0.8850021745534158,0.9982363473406978,-5.0733639511690853e-11,885002.1745534157,238740390060.84473,1.2228367541863242e+18,414.44757080078125,0.9533837575495863,0.0,0.0,321.4183654785156,0.020459074631676007,0.038216481464552185,0.0,0.0,0.04992673023614477,0.0,0.0,0.06915141468606989,0.0,0.0,0.04992673023614477,0.0,0.0,884145.4617925527,0.0009689726384232156,238733292669.84543,2.9729372555964417e-05,1.2232026906685448e+18,-0.000299162587698798
golovin_fixed10_high_resolution_screen_v2_N131072_dt0p1_m004,golovin,golovin_fixed10_high_resolution_screen_v2,controlled,54,4,not_applicable,13174933805214201482,131072,0.1,300.0,3600.0,1799.9999523162842,131072,0.5646057967778183,0.9982363475406218,1.495437107479347e-10,564605.7967778184,238740390108.65897,2.985531108759831e+18,605.0491943359375,0.9707548431713745,0.0,0.0,433.325439453125,0.016085824596008304,0.037322540012246726,0.0,0.0,0.049348895357793895,0.0,0.0,0.06530527813139138,0.0,0.0,0.049348895357793895,0.0,0.0,563755.1438462138,0.0015089049579237734,238733292669.84543,2.9729572839087837e-05,3.0086026719268946e+18,-0.00766853110327359
golovin_fixed10_high_resolution_screen_v2_N131072_dt0p1_m004,golovin,golovin_fixed10_high_resolution_screen_v2,controlled,54,4,not_applicable,13174933805214201482,131072,0.1,300.0,3600.0,2099.9999046325684,131072,0.3591395017963324,0.9982363475611549,1.701130347697699e-10,359139.5017963324,238740390113.56973,7.458169634025838e+18,772.7240600585938,0.9816945862791336,0.0,0.0,586.73779296875,0.018236590283484243,0.03471148923318836,0.0,0.0,0.05158250495643913,0.0,0.0,0.07270170851750761,0.0,0.0,0.05158250495643913,0.0,0.0,359465.58111456485,-0.0009071225045285125,238733292669.84543,2.9729593409077992e-05,7.39999192822117e+18,0.007861860711333657
golovin_fixed10_high_resolution_screen_v2_N131072_dt0p1_m004,golovin,golovin_fixed10_high_resolution_screen_v2,controlled,54,4,not_applicable,13174933805214201482,131072,0.1,300.0,3600.0,2400.0000953674316,131072,0.2286819367125911,0.9982363476955954,3.047910812625787e-10,228681.9367125911,238740390145.7228,1.8066739256535214e+19,1044.51513671875,0.9884665806608046,5.998821077411816e-05,5.998821077411816e-05,795.5501098632812,0.012272332100253481,0.03876303669227325,0.0,0.0,0.05239804525596367,0.0,0.0,0.07432302792480772,0.0,0.0,0.05239804525596367,0.0,0.0,229204.92913507385,-0.002281767780720534,238733292669.84543,2.9729728091121288e-05,1.8201113831406539e+19,-0.007382766577694655
golovin_fixed10_high_resolution_screen_v2_N131072_dt0p1_m004,golovin,golovin_fixed10_high_resolution_screen_v2,controlled,54,4,not_applicable,13174933805214201482,131072,0.1,300.0,3600.0,2700.000047683716,131072,0.1455666962730258,0.9982363472462846,-1.4531353897950794e-10,145566.6962730258,238740390038.2647,4.532510161070294e+19,1331.802001953125,0.99269525957253,0.021854690070715783,0.021854690070715783,1080.32275390625,0.016003576989500137,0.041168382879195664,0.0,0.0,0.0542386946426023,0.0,0.0,0.07933748424194138,0.0,0.0,0.0542386946426023,0.0,0.0,146147.28387886327,-0.0039726198833685,238733292669.84543,2.9729277973400414e-05,4.476765798748041e+19,0.012451927312758126
golovin_fixed10_high_resolution_screen_v2_N131072_dt0p1_m004,golovin,golovin_fixed10_high_resolution_screen_v2,controlled,54,4,not_applicable,13174933805214201482,131072,0.1,300.0,3600.0,3000.0,131072,0.09281203776392208,0.9982363473812034,-1.0156431251573395e-11,92812.03776392208,238740390070.53207,1.116346462295631e+20,1868.7786865234375,0.9953602029577073,0.14774420621547502,0.14774420621547502,1445.944091796875,0.021040477255993447,0.03688017231418751,0.0,0.0,0.05893337986208828,0.0,0.0,0.08121030709892058,0.0,0.0,0.05893337986208828,0.0,0.0,93187.47491936282,-0.004028837091740178,238733292669.84543,2.9729413134171878e-05,1.1011101959187887e+20,0.013837185808754482
golovin_fixed10_high_resolution_screen_v2_N131072_dt0p1_m004,golovin,golovin_fixed10_high_resolution_screen_v2,controlled,54,4,not_applicable,13174933805214201482,131072,0.1,300.0,3600.0,3299.999952316284,131072,0.05923727636827345,0.9982363487812744,1.3923882047350844e-09,59237.27636827345,238740390405.3762,2.755640861498261e+20,2535.20263671875,0.9970453551518739,0.3535199282903775,0.3535199282903775,2006.9595947265625,0.013645069322519816,0.030649590450776597,0.0,0.0,0.06340500191796769,0.0,0.0,0.09184242939587188,0.0,0.0,0.06340500191796769,0.0,0.0,59418.863295774216,-0.003056048490811092,238733292669.84543,2.9730815720663273e-05,2.7083026409274727e+20,0.017478925676702506
golovin_fixed10_high_resolution_screen_v2_N131072_dt0p1_m004,golovin,golovin_fixed10_high_resolution_screen_v2,controlled,54,4,not_applicable,13174933805214201482,131072,0.1,300.0,3600.0,3599.9999046325684,131072,0.03774230310641943,0.9982363470915526,-3.003189918970861e-10,37742.30310641943,238740390001.25858,6.72909505180505e+20,3392.115234375,0.9981241022297347,0.5509148938264193,0.5509148938264193,2658.724853515625,0.0228717473056755,0.05091547388358542,0.0,0.0,0.0671921213122944,0.0,0.0,0.0905667488814976,0.0,0.0,0.0671921213122944,0.0,0.0,37887.079979546696,-0.003821272930123465,238733292669.84543,2.9729122962951493e-05,6.661370698447075e+20,0.010166729405070019
golovin_fixed10_high_resolution_screen_v2_N131072_dt0p1_m005,golovin,golovin_fixed10_high_resolution_screen_v2,controlled,55,5,not_applicable,12039808805390616536,131072,0.1,300.0,3600.0,0.0,131072,8.388608,0.9982363473913419,0.0,8388608.0,238740390072.95682,1.3588188822398414e+16,74.99876403808594,0.34284472560127677,0.0,0.0,57.378570556640625,0.02872924554371427,0.0008909397221417919,0.0,0.0,0.000526472279633515,0.0,0.0,0.0019082031904375598,0.0,0.0,0.000526472279633515,0.0,0.0,8388608.0,0.0,238733292669.84543,2.9729423290714152e-05,1.3588329560514944e+16,-1.0357278715011908e-05
golovin_fixed10_high_resolution_screen_v2_N131072_dt0p1_m005,golovin,golovin_fixed10_high_resolution_screen_v2,controlled,55,5,not_applicable,12039808805390616536,131072,0.1,300.0,3600.0,300.00001192092896,131072,5.349991419528493,0.9982363475950691,2.0408719159092925e-10,5349991.419528493,238740390121.68073,3.3388760658707096e+16,125.23895263671875,0.6346590406931396,0.0,0.0,88.19562530517578,0.014812613011106788,0.024048654262016002,0.0,0.0,0.037535374683917266,0.0,0.0,0.055383156332759156,0.0,0.0,0.037535374683917266,0.0,0.0,5348803.665523084,0.0002220597501203514,238733292669.84543,2.9729627384345036e-05,3.3422009487832736e+16,-0.0009948183737349403
golovin_fixed10_high_resolution_screen_v2_N131072_dt0p1_m005,golovin,golovin_fixed10_high_resolution_screen_v2,controlled,55,5,not_applicable,12039808805390616536,131072,0.1,300.0,3600.0,600.0000238418579,131072,3.4115179611806625,0.9982363475011584,1.1001044519787229e-10,3411517.9611806627,238740390099.22086,8.228296653584981e+16,169.73773193359375,0.7906451530600369,0.0,0.0,124.56372833251953,0.016301790407556093,0.03131228523889509,0.0,0.0,0.03929491837839715,0.0,0.0,0.061713843476922395,0.0,0.0,0.03929491837839715,0.0,0.0,3410542.089022777,0.00028613403160360207,238733292669.84543,2.9729533304934108e-05,8.220515356432454e+16,0.0009465704782654072
golovin_fixed10_high_resolution_screen_v2_N131072_dt0p1_m005,golovin,golovin_fixed10_high_resolution_screen_v2,controlled,55,5,not_applicable,12039808805390616536,131072,0.1,300.0,3600.0,899.9999761581421,131072,2.1774277635911017,0.9982363472081194,-1.8354628927852445e-10,2177427.763591102,238740390029.137,2.035333050023203e+17,245.5819091796875,0.8750394459144497,0.0,0.0,173.1272735595703,0.014622664803417278,0.03190443635266976,0.0,0.0,0.045666011198708445,0.0,0.0,0.06315554628939031,0.0,0.0,0.045666011198708445,0.0,0.0,2174654.2046287498,0.0012754022945111743,238733292669.84543,2.9729239739317848e-05,2.021926918134987e+17,0.006630374108962167
golovin_fixed10_high_resolution_screen_v2_N131072_dt0p1_m005,golovin,golovin_fixed10_high_resolution_screen_v2,controlled,55,5,not_applicable,12039808805390616536,131072,0.1,300.0,3600.0,1200.0000476837158,131072,1.388998966362905,0.9982363478674743,4.769735717502499e-10,1388998.966362905,238740390186.82974,5.009884591997561e+17,330.0986633300781,0.9240561656844041,0.0,0.0,236.12522888183594,0.013617809772196376,0.030475640491738686,0.0,0.0,0.04672810045523761,0.0,0.0,0.06489108446463113,0.0,0.0,0.04672810045523761,0.0,0.0,1386618.2972187817,0.0017168885978919857,238733292669.84543,2.9729900278940846e-05,4.97315526712769e+17,0.00738551742243998
golovin_fixed10_high_resolution_screen_v2_N131072_dt0p1_m005,golovin,golovin_fixed10_high_resolution_screen_v2,controlled,55,5,not_applicable,12039808805390616536,131072,0.1,300.0,3600.0,1500.0,131072,0.8862490932064196,0.9982363481936305,8.037059906484956e-10,886249.0932064196,238740390264.83395,1.2216410458040666e+18,448.5884094238281,0.9529315894164964,0.0,0.0,319.8829040527344,0.01351602814746656,0.036641973686270556,0.0,0.0,0.045423700929097914,0.0,0.0,0.06926373224046256,0.0,0.0,0.045423700929097914,0.0,0.0,884145.4617925527,0.0023792820353361055,238733292669.84543,2.9730227020907662e-05,1.2232026906685448e+18,-0.0012766852757858382
golovin_fixed10_high_resolution_screen_v2_N131072_dt0p1_m005,golovin,golovin_fixed10_high_resolution_screen_v2,controlled,55,5,not_applicable,12039808805390616536,131072,0.1,300.0,3600.0,1799.9999523162842,131072,0.5659028902198009,0.9982363482170923,8.272091900352052e-10,565902.8902198009,238740390270.44516,3.005040952513245e+18,597.4757080078125,0.970543960847905,0.0,0.0,433.2689514160156,0.014030740383894647,0.033832277416936764,0.0,0.0,0.046168657416666856,0.0,0.0,0.061793128560586726,0.0,0.0,0.046168657416666856,0.0,0.0,563755.1438462138,0.0038097149037683575,238733292669.84543,2.9730250524995228e-05,3.0086026719268946e+18,-0.00118384506099245
golovin_fixed10_high_resolution_screen_v2_N131072_dt0p1_m005,golovin,golovin_fixed10_high_resolution_screen_v2,controlled,55,5,not_applicable,12039808805390616536,131072,0.1,300.0,3600.0,2099.9999046325684,131072,0.3609414275306203,0.9982363472129626,-1.7869450363861006e-10,360941.4275306203,238740390030.29532,7.379515124867582e+18,846.1908569335938,0.9814673560602971,0.0,0.0,583.8234252929688,0.015402374566511128,0.03210403072882661,0.0,0.0,0.047482194772417094,0.0,0.0,0.06951407822159221,0.0,0.0,0.047482194772417094,0.0,0.0,359465.58111456485,0.004105668229707593,238733292669.84543,2.9729244591436554e-05,7.39999192822117e+18,-0.0027671386066646653
golovin_fixed10_high_resolution_screen_v2_N131072_dt0p1_m005,golovin,golovin_fixed10_high_resolution_screen_v2,controlled,55,5,not_applicable,12039808805390616536,131072,0.1,300.0,3600.0,2400.0000953674316,131072,0.22973442114507392,0.9982363481221884,7.321376838120841e-10,229734.42114507392,238740390247.74774,1.8128511788469965e+19,1019.9721069335938,0.9883306968228941,4.527645628501084e-05,4.527645628501084e-05,784.0938110351562,0.017179708060225677,0.03734873592759471,0.0,0.0,0.05261331250563741,0.0,0.0,0.07344734106795278,0.0,0.0,0.05261331250563741,0.0,0.0,229204.92913507385,0.002310124882558773,238733292669.84543,2.9730155450602425e-05,1.8201113831406539e+19,-0.003988879120754518
golovin_fixed10_high_resolution_screen_v2_N131072_dt0p1_m005,golovin,golovin_fixed10_high_resolution_screen_v2,controlled,55,5,not_applicable,12039808805390616536,131072,0.1,300.0,3600.0,2700.000047683716,131072,0.14659249278337472,0.9982363479659726,5.756459753314402e-10,146592.4927833747,238740390210.3868,4.5179842498617655e+19,1370.879150390625,0.9926066715691191,0.02258408243580027,0.02258408243580027,1069.2340087890625,0.021302686193253054,0.04204314449487808,0.0,0.0,0.05591707194940262,0.0,0.0,0.07813538386455464,0.0,0.0,0.05591707194940262,0.0,0.0,146147.28387886327,0.003046302967083969,238733292669.84543,2.9729998954008963e-05,4.476765798748041e+19,0.009207193980362183
golovin_fixed10_high_resolution_screen_v2_N131072_dt0p1_m005,golovin,golovin_fixed10_high_resolution_screen_v2,controlled,55,5,not_applicable,12039808805390616536,131072,0.1,300.0,3600.0,3000.0,131072,0.09343058736594144,0.9982363474288108,3.753508615034207e-11,93430.58736594144,238740390081.918,1.1016565791861655e+20,1852.2110595703125,0.9953014966015813,0.1424467424687958,0.1424467424687958,1425.9840087890625,0.016356764046038447,0.03896833967054107,0.0,0.0,0.06052637669937677,0.0,0.0,0.08044839204098604,0.0,0.0,0.06052637669937677,0.0,0.0,93187.47491936282,0.0026088532475956328,238733292669.84543,2.972946082713257e-05,1.1011101959187887e+20,0.00049621125061039
golovin_fixed10_high_resolution_screen_v2_N131072_dt0p1_m005,golovin,golovin_fixed10_high_resolution_screen_v2,controlled,55,5,not_applicable,12039808805390616536,131072,0.1,300.0,3600.0,3299.999952316284,131072,0.05957422695503083,0.9982363477514488,3.607429910346127e-10,59574.226955030834,238740390159.0808,2.6780686292586404e+20,2563.72998046875,0.9970111855248313,0.34871956405978194,0.34871956405978194,1951.0145263671875,0.019036249139343042,0.04694555663021531,0.0,0.0,0.06549115992348531,0.0,0.0,0.09298786626976982,0.0,0.0,0.06549115992348531,0.0,0.0,59418.863295774216,0.002614719478615024,238733292669.84543,2.9729784044807417e-05,2.7083026409274727e+20,-0.011163453896156361
golovin_fixed10_high_resolution_screen_v2_N131072_dt0p1_m005,golovin,golovin_fixed10_high_resolution_screen_v2,controlled,55,5,not_applicable,12039808805390616536,131072,0.1,300.0,3600.0,3599.9999046325684,131072,0.037982170633904785,0.9982363468121719,-5.801933378180024e-10,37982.17063390479,238740389934.44128,6.510019709422092e+20,3508.560546875,0.9980950615193934,0.551073014234623,0.551073014234623,2618.52880859375,0.0209266447695404,0.05413988722710969,0.0,0.0,0.07477824264108063,0.0,0.0,0.10025297486701538,0.0,0.0,0.07477824264108063,0.0,0.0,37887.079979546696,0.002509843841473902,238733292669.84543,2.9728843080389922e-05,6.661370698447075e+20,-0.022720697567584325
golovin_fixed10_high_resolution_screen_v2_N131072_dt0p1_m006,golovin,golovin_fixed10_high_resolution_screen_v2,controlled,56,6,not_applicable,9378628692280990178,131072,0.1,300.0,3600.0,0.0,131072,8.388608,0.9982363473913419,0.0,8388608.0,238740390072.95682,1.3588188822398414e+16,74.99876403808594,0.34284472560127677,0.0,0.0,57.378570556640625,0.028737256121073407,0.0008909397221417919,0.0,0.0,0.000526472279633515,0.0,0.0,0.0019082031904375598,0.0,0.0,0.000526472279633515,0.0,0.0,8388608.0,0.0,238733292669.84543,2.9729423290714152e-05,1.3588329560514944e+16,-1.0357278715011908e-05
golovin_fixed10_high_resolution_screen_v2_N131072_dt0p1_m006,golovin,golovin_fixed10_high_resolution_screen_v2,controlled,56,6,not_applicable,9378628692280990178,131072,0.1,300.0,3600.0,300.00001192092896,131072,5.337211487329341,0.998236347976476,5.861677809804178e-10,5337211.4873293415,238740390212.89877,3.3612723372837624e+16,127.54605102539062,0.6388361491142863,0.0,0.0,88.1191177368164,0.021595839017299296,0.03548510271548823,0.0,0.0,0.044396254373185985,0.0,0.0,0.05811269161487884,0.0,0.0,0.044396254373185985,0.0,0.0,5348803.665523084,-0.002167246905782405,238733292669.84543,2.9730009476036656e-05,3.3422009487832736e+16,0.005706236337295056
golovin_fixed10_high_resolution_screen_v2_N131072_dt0p1_m006,golovin,golovin_fixed10_high_resolution_screen_v2,controlled,56,6,not_applicable,9378628692280990178,131072,0.1,300.0,3600.0,600.0000238418579,131072,3.4093288542284825,0.9982363473110661,-8.04175614987912e-11,3409328.8542284826,238740390053.75797,8.157298764201158e+16,170.7948455810547,0.792181782694271,0.0,0.0,122.71206665039062,0.019205529891016843,0.030625805142079472,0.0,0.0,0.04524485658770736,0.0,0.0,0.06637157997455498,0.0,0.0,0.04524485658770736,0.0,0.0,3410542.089022777,-0.00035573077904516026,238733292669.84543,2.972934287104323e-05,8.220515356432454e+16,-0.007690100862329685
golovin_fixed10_high_resolution_screen_v2_N131072_dt0p1_m006,golovin,golovin_fixed10_high_resolution_screen_v2,controlled,56,6,not_applicable,9378628692280990178,131072,0.1,300.0,3600.0,899.9999761581421,131072,2.1668560151716107,0.9982363472150637,-1.7658963180622322e-10,2166856.0151716108,238740390030.7978,2.0143209020777078e+17,233.25001525878906,0.8764286411985528,0.0,0.0,170.9457244873047,0.013873630391287676,0.028953688694109643,0.0,0.0,0.04615591479821787,0.0,0.0,0.06506969761884211,0.0,0.0,0.04615591479821787,0.0,0.0,2174654.2046287498,-0.0035859445793913203,238733292669.84543,2.9729246696197364e-05,2.021926918134987e+17,-0.003761766060414673
golovin_fixed10_high_resolution_screen_v2_N131072_dt0p1_m006,golovin,golovin_fixed10_high_resolution_screen_v2,controlled,56,6,not_applicable,9378628692280990178,131072,0.1,300.0,3600.0,1200.0000476837158,131072,1.3799322121279274,0.9982363477705989,3.7992697876632064e-10,1379932.2121279275,238740390163.66077,4.945770919557114e+17,310.1807861328125,0.9251846337028155,0.0,0.0,231.603759765625,0.01549461753668989,0.030732670672495112,0.0,0.0,0.045172629899613334,0.0,0.0,0.06595458875393286,0.0,0.0,0.045172629899613334,0.0,0.0,1386618.2972187817,-0.004821864174347712,238733292669.84543,2.9729803229239238e-05,4.97315526712769e+17,-0.005506433260104582
golovin_fixed10_high_resolution_screen_v2_N131072_dt0p1_m006,golovin,golovin_fixed10_high_resolution_screen_v2,controlled,56,6,not_applicable,9378628692280990178,131072,0.1,300.0,3600.0,1500.0,131072,0.877999037314109,0.9982363480731267,6.82989220734953e-10,877999.037314109,238740390236.014,1.21154022944553e+18,402.2110900878906,0.9539728321442547,0.0,0.0,318.88153076171875,0.013056862565115018,0.03322144614287214,0.0,0.0,0.04878884158706385,0.0,0.0,0.06543875981371254,0.0,0.0,0.04878884158706385,0.0,0.0,884145.4617925527,-0.0069518249474268545,238733292669.84543,2.9730106300585035e-05,1.2232026906685448e+18,-0.009534365246237742
golovin_fixed10_high_resolution_screen_v2_N131072_dt0p1_m006,golovin,golovin_fixed10_high_resolution_screen_v2,controlled,56,6,not_applicable,9378628692280990178,131072,0.1,300.0,3600.0,1799.9999523162842,131072,0.5609770698891322,0.9982363477055867,3.147999638741794e-10,560977.0698891322,238740390148.1123,2.970074417382706e+18,622.8302001953125,0.9712358207618784,0.0,0.0,430.64630126953125,0.013615777423947399,0.03646259241082401,0.0,0.0,0.053931376179920346,0.0,0.0,0.07186255174278061,0.0,0.0,0.053931376179920346,0.0,0.0,563755.1438462138,-0.004927802411040183,238733292669.84543,2.9729738100225944e-05,3.0086026719268946e+18,-0.012806029491262971
golovin_fixed10_high_resolution_screen_v2_N131072_dt0p1_m006,golovin,golovin_fixed10_high_resolution_screen_v2,controlled,56,6,not_applicable,9378628692280990178,131072,0.1,300.0,3600.0,2099.9999046325684,131072,0.35662626228218597,0.9982363471711592,-2.2057178306056358e-10,356626.26228218595,238740390020.2975,7.250308857199749e+18,806.3779907226562,0.9819254084375724,0.0,0.0,582.0771484375,0.013262877555888638,0.03720463029181212,0.0,0.0,0.049092375436590584,0.0,0.0,0.06384024710620394,0.0,0.0,0.049092375436590584,0.0,0.0,359465.58111456485,-0.007898722385534795,238733292669.84543,2.9729202712713843e-05,7.39999192822117e+18,-0.020227464093653613
golovin_fixed10_high_resolution_screen_v2_N131072_dt0p1_m006,golovin,golovin_fixed10_high_resolution_screen_v2,controlled,56,6,not_applicable,9378628692280990178,131072,0.1,300.0,3600.0,2400.0000953674316,131072,0.2275264698230436,0.9982363468875283,-5.047038342809174e-10,227526.4698230436,238740389952.4637,1.7768213564999102e+19,1024.07861328125,0.988561326600449,0.00010480741981276929,0.00010480741981276929,781.94970703125,0.013906238910675514,0.0361872685199377,0.0,0.0,0.04649475921124209,0.0,0.0,0.06670472871788817,0.0,0.0,0.04649475921124209,0.0,0.0,229204.92913507385,-0.007322963421267037,238733292669.84543,2.9728918572224927e-05,1.8201113831406539e+19,-0.023784273337187467
golovin_fixed10_high_resolution_screen_v2_N131072_dt0p1_m006,golovin,golovin_fixed10_high_resolution_screen_v2,controlled,56,6,not_applicable,9378628692280990178,131072,0.1,300.0,3600.0,2700.000047683716,131072,0.14515928016871757,0.9982363476962223,3.054190234053067e-10,145159.28016871758,238740390145.8727,4.3190931973400895e+19,1381.7921142578125,0.9927368862095881,0.017687754621825154,0.017687754621825154,1054.7530517578125,0.015867240745517316,0.04089476065157907,0.0,0.0,0.055540648827799265,0.0,0.0,0.07438470708897313,0.0,0.0,0.055540648827799265,0.0,0.0,146147.28387886327,-0.0067603289224629215,238733292669.84543,2.972972871906343e-05,4.476765798748041e+19,-0.03522020326639508
golovin_fixed10_high_resolution_screen_v2_N131072_dt0p1_m006,golovin,golovin_fixed10_high_resolution_screen_v2,controlled,56,6,not_applicable,9378628692280990178,131072,0.1,300.0,3600.0,3000.0,131072,0.09254410991998765,0.9982363467722631,-6.201725799570568e-10,92544.10991998765,238740389924.89667,1.066960887261385e+20,1798.116455078125,0.9953935995955034,0.1318861933185257,0.1318861933185257,1435.4610595703125,0.02465376096112421,0.042382970621593824,0.0,0.0,0.056750623621060974,0.0,0.0,0.08056486226760386,0.0,0.0,0.056750623621060974,0.0,0.0,93187.47491936282,-0.006903985754865616,238733292669.84543,2.9728803100148582e-05,1.1011101959187887e+20,-0.03101352506222943
golovin_fixed10_high_resolution_screen_v2_N131072_dt0p1_m006,golovin,golovin_fixed10_high_resolution_screen_v2,controlled,56,6,not_applicable,9378628692280990178,131072,0.1,300.0,3600.0,3299.999952316284,131072,0.059020913547203104,0.9982363478992584,5.088138799180797e-10,59020.913547203105,238740390194.43127,2.562000656074743e+20,2278.20166015625,0.9970721654703719,0.33860756606127407,0.33860756606127407,1914.7191162109375,0.02657543454624575,0.04776376899121534,0.0,0.0,0.06022324103648776,0.0,0.0,0.08950735295832835,0.0,0.0,0.06022324103648776,0.0,0.0,59418.863295774216,-0.006697363875680429,238733292669.84543,2.9729932119915148e-05,2.7083026409274727e+20,-0.05401980659097527
golovin_fixed10_high_resolution_screen_v2_N131072_dt0p1_m006,golovin,golovin_fixed10_high_resolution_screen_v2,controlled,56,6,not_applicable,9378628692280990178,131072,0.1,300.0,3600.0,3599.9999046325684,131072,0.03765992567234976,0.9982363486043233,1.2151244455083088e-09,37659.92567234976,238740390363.05615,6.391241639027674e+20,3626.54638671875,0.9981316676436524,0.5455194365528153,0.5455194365528153,2620.924560546875,0.023768505849690837,0.05191209577719874,0.0,0.0,0.06984238639887534,0.0,0.0,0.09396188254158346,0.0,0.0,0.06984238639887534,0.0,0.0,37887.079979546696,-0.005995561212940204,238733292669.84543,2.9730638451574976e-05,6.661370698447075e+20,-0.040551572889101495
golovin_fixed10_high_resolution_screen_v2_N131072_dt0p1_m007,golovin,golovin_fixed10_high_resolution_screen_v2,controlled,57,7,not_applicable,3788091018867963191,131072,0.1,300.0,3600.0,0.0,131072,8.388608,0.9982363473913419,0.0,8388608.0,238740390072.95682,1.3588188822398414e+16,74.99876403808594,0.34284472560127677,0.0,0.0,57.378570556640625,0.028734193448860797,0.0008909397221417919,0.0,0.0,0.000526472279633515,0.0,0.0,0.0019082031904375598,0.0,0.0,0.000526472279633515,0.0,0.0,8388608.0,0.0,238733292669.84543,2.9729423290714152e-05,1.3588329560514944e+16,-1.0357278715011908e-05
golovin_fixed10_high_resolution_screen_v2_N131072_dt0p1_m007,golovin,golovin_fixed10_high_resolution_screen_v2,controlled,57,7,not_applicable,3788091018867963191,131072,0.1,300.0,3600.0,300.00001192092896,131072,5.3312561062908355,0.99823634831,9.202811845909764e-10,5331256.106290836,238740390292.66513,3.3512662492535964e+16,136.43707275390625,0.6367389749193803,0.0,0.0,87.61673736572266,0.015509737255464538,0.03491602223683115,0.0,0.0,0.046986594550619376,0.0,0.0,0.06054416202413661,0.0,0.0,0.046986594550619376,0.0,0.0,5348803.665523084,-0.0032806512127852017,238733292669.84543,2.9730343599432274e-05,3.3422009487832736e+16,0.0027123744530150873
golovin_fixed10_high_resolution_screen_v2_N131072_dt0p1_m007,golovin,golovin_fixed10_high_resolution_screen_v2,controlled,57,7,not_applicable,3788091018867963191,131072,0.1,300.0,3600.0,600.0000238418579,131072,3.3964089615695165,0.9982363476092644,2.183073721795381e-10,3396408.9615695165,238740390125.07568,8.276494189479758e+16,180.38211059570312,0.7927849611981886,0.0,0.0,124.84085845947266,0.019329760306627114,0.03245195571825105,0.0,0.0,0.04449728212483423,0.0,0.0,0.06307667414869227,0.0,0.0,0.04449728212483423,0.0,0.0,3410542.089022777,-0.004143953390503441,238733292669.84543,2.9729641604969714e-05,8.220515356432454e+16,0.0068096500791159364
golovin_fixed10_high_resolution_screen_v2_N131072_dt0p1_m007,golovin,golovin_fixed10_high_resolution_screen_v2,controlled,57,7,not_applicable,3788091018867963191,131072,0.1,300.0,3600.0,899.9999761581421,131072,2.1647690915296405,0.9982363475062953,1.1515655096161481e-10,2164769.0915296404,238740390100.44934,2.042462144650501e+17,235.6616668701172,0.8770278760515003,0.0,0.0,171.7102813720703,0.019450955905570107,0.03529052720052213,0.0,0.0,0.04615852374247933,0.0,0.0,0.06610737234368434,0.0,0.0,0.04615852374247933,0.0,0.0,2174654.2046287498,-0.004545602274636962,238733292669.84543,2.9729538450817827e-05,2.021926918134987e+17,0.010156265457139213
golovin_fixed10_high_resolution_screen_v2_N131072_dt0p1_m007,golovin,golovin_fixed10_high_resolution_screen_v2,controlled,57,7,not_applicable,3788091018867963191,131072,0.1,300.0,3600.0,1200.0000476837158,131072,1.3804941635434798,0.998236347383961,-7.393863299398618e-12,1380494.1635434797,238740390071.19162,4.999464243671101e+17,314.9086608886719,0.9254472048751015,0.0,0.0,233.75686645507812,0.014166536313722063,0.03497957931084148,0.0,0.0,0.0491083859325486,0.0,0.0,0.06831406364437509,0.0,0.0,0.0491083859325486,0.0,0.0,1386618.2972187817,-0.00441659661320315,238733292669.84543,2.9729415896850853e-05,4.97315526712769e+17,0.00529019809964737
golovin_fixed10_high_resolution_screen_v2_N131072_dt0p1_m007,golovin,golovin_fixed10_high_resolution_screen_v2,controlled,57,7,not_applicable,3788091018867963191,131072,0.1,300.0,3600.0,1500.0,131072,0.8791326222732916,0.9982363479477134,5.57354384866926e-10,879132.6222732916,238740390206.01987,1.222092059409027e+18,450.9951171875,0.9540167003861398,0.0,0.0,316.5924987792969,0.016154973137139584,0.030290384092468214,0.0,0.0,0.040252567787926546,0.0,0.0,0.06100318037693817,0.0,0.0,0.040252567787926546,0.0,0.0,884145.4617925527,-0.005669699993819943,238733292669.84543,2.972998066197441e-05,1.2232026906685448e+18,-0.0009079699284431086
golovin_fixed10_high_resolution_screen_v2_N131072_dt0p1_m007,golovin,golovin_fixed10_high_resolution_screen_v2,controlled,57,7,not_applicable,3788091018867963191,131072,0.1,300.0,3600.0,1799.9999523162842,131072,0.5611570863243958,0.9982363479011633,5.107221312528054e-10,561157.0863243957,238740390194.8869,3.0075287485977093e+18,582.9620971679688,0.9712364538557611,0.0,0.0,430.0996398925781,0.012120131009740694,0.03358190981740163,0.0,0.0,0.0469854450909599,0.0,0.0,0.06221207328828235,0.0,0.0,0.0469854450909599,0.0,0.0,563755.1438462138,-0.0046084857055013195,238733292669.84543,2.9729934028388527e-05,3.0086026719268946e+18,-0.0003569508659970744
golovin_fixed10_high_resolution_screen_v2_N131072_dt0p1_m007,golovin,golovin_fixed10_high_resolution_screen_v2,controlled,57,7,not_applicable,3788091018867963191,131072,0.1,300.0,3600.0,2099.9999046325684,131072,0.3580987608314096,0.9982363474332135,4.1945558137967964e-11,358098.7608314096,238740390082.97095,7.411072010589709e+18,759.6903076171875,0.9818348894528403,0.0,0.0,590.4168090820312,0.01655951647030999,0.04034157364688128,0.0,0.0,0.053037372733238754,0.0,0.0,0.07244201847754231,0.0,0.0,0.053037372733238754,0.0,0.0,359465.58111456485,-0.003802367611711932,238733292669.84543,2.9729465237826602e-05,7.39999192822117e+18,0.0014973100614181778
golovin_fixed10_high_resolution_screen_v2_N131072_dt0p1_m007,golovin,golovin_fixed10_high_resolution_screen_v2,controlled,57,7,not_applicable,3788091018867963191,131072,0.1,300.0,3600.0,2400.0000953674316,131072,0.22845053440134164,0.9982363481601837,7.702001258991231e-10,228450.53440134163,238740390256.83475,1.8010506628021279e+19,1022.22216796875,0.9885063617231725,0.0003024633418685174,0.0003024633418685174,788.9197387695312,0.012797241092106329,0.03134928312452989,0.0,0.0,0.044838846353330776,0.0,0.0,0.06224825494899844,0.0,0.0,0.044838846353330776,0.0,0.0,229204.92913507385,-0.00329135475654474,238733292669.84543,2.973019351393269e-05,1.8201113831406539e+19,-0.0104722823641904
golovin_fixed10_high_resolution_screen_v2_N131072_dt0p1_m007,golovin,golovin_fixed10_high_resolution_screen_v2,controlled,57,7,not_applicable,3788091018867963191,131072,0.1,300.0,3600.0,2700.000047683716,131072,0.14570581665052262,0.9982363480645035,6.743507974249496e-10,145705.8166505226,238740390233.95163,4.485034908108194e+19,1462.41796875,0.9927085323488332,0.02145407766352207,0.02145407766352207,1076.2960205078125,0.014915925316219861,0.033473417291355376,0.0,0.0,0.05185160805994879,0.0,0.0,0.07570975838478747,0.0,0.0,0.05185160805994879,0.0,0.0,146147.28387886327,-0.00302070087533457,238733292669.84543,2.9730097661717636e-05,4.476765798748041e+19,0.0018471168097435875
golovin_fixed10_high_resolution_screen_v2_N131072_dt0p1_m007,golovin,golovin_fixed10_high_resolution_screen_v2,controlled,57,7,not_applicable,3788091018867963191,131072,0.1,300.0,3600.0,3000.0,131072,0.0928725865183256,0.9982363474102842,1.897570989228825e-11,92872.5865183256,238740390077.48715,1.1135181659467963e+20,1873.416015625,0.9953713912556201,0.14305894793023313,0.14305894793023313,1444.50244140625,0.017227726380440407,0.043394069961939154,0.0,0.0,0.06229332616771006,0.0,0.0,0.08162604041969829,0.0,0.0,0.06229332616771006,0.0,0.0,93187.47491936282,-0.003379085025210782,238733292669.84543,2.9729442267312223e-05,1.1011101959187887e+20,0.01126859970418681
golovin_fixed10_high_resolution_screen_v2_N131072_dt0p1_m007,golovin,golovin_fixed10_high_resolution_screen_v2,controlled,57,7,not_applicable,3788091018867963191,131072,0.1,300.0,3600.0,3299.999952316284,131072,0.0592242365928868,0.99823634733632,-5.5119131481262684e-11,59224.2365928868,238740390059.7977,2.7302514933502473e+20,2618.968505859375,0.9970557667595995,0.35392484504881344,0.35392484504881344,1963.9168701171875,0.01887330297882791,0.04595715792147353,0.0,0.0,0.059445596718696044,0.0,0.0,0.07940001833555695,0.0,0.0,0.059445596718696044,0.0,0.0,59418.863295774216,-0.0032755036379373825,238733292669.84543,2.972936817013938e-05,2.7083026409274727e+20,0.008104283506239929
golovin_fixed10_high_resolution_screen_v2_N131072_dt0p1_m007,golovin,golovin_fixed10_high_resolution_screen_v2,controlled,57,7,not_applicable,3788091018867963191,131072,0.1,300.0,3600.0,3599.9999046325684,131072,0.03777207300808536,0.9982363478908066,5.003470970876833e-10,37772.07300808536,238740390192.40994,6.750838160837246e+20,3266.419189453125,0.9981256811519141,0.5517944134812593,0.5517944134812593,2722.96337890625,0.021574187207836118,0.04657799792757767,0.0,0.0,0.06942765145839525,0.0,0.0,0.0977816533150421,0.0,0.0,0.06942765145839525,0.0,0.0,37887.079979546696,-0.0030355195365655563,238733292669.84543,2.9729923653132317e-05,6.661370698447075e+20,0.01343078871305381
golovin_fixed10_high_resolution_screen_v2_N131072_dt0p1_m008,golovin,golovin_fixed10_high_resolution_screen_v2,controlled,58,8,not_applicable,6130950362096080690,131072,0.1,300.0,3600.0,0.0,131072,8.388608,0.9982363473913419,0.0,8388608.0,238740390072.95682,1.3588188822398414e+16,74.99876403808594,0.34284472560127677,0.0,0.0,57.378570556640625,0.0287369102608378,0.0008909397221417919,0.0,0.0,0.000526472279633515,0.0,0.0,0.0019082031904375598,0.0,0.0,0.000526472279633515,0.0,0.0,8388608.0,0.0,238733292669.84543,2.9729423290714152e-05,1.3588329560514944e+16,-1.0357278715011908e-05
golovin_fixed10_high_resolution_screen_v2_N131072_dt0p1_m008,golovin,golovin_fixed10_high_resolution_screen_v2,controlled,58,8,not_applicable,6130950362096080690,131072,0.1,300.0,3600.0,300.00001192092896,131072,5.325550935922278,0.9982363472249901,-1.6664569724156308e-10,5325550.935922278,238740390033.17178,3.3785248141705204e+16,127.95001983642578,0.6376201267168697,0.0,0.0,88.36323547363281,0.019566260021462032,0.02557369884848124,0.0,0.0,0.04169996950341093,0.0,0.0,0.05851703998426669,0.0,0.0,0.04169996950341093,0.0,0.0,5348803.665523084,-0.0043472767098718945,238733292669.84543,2.972925664024295e-05,3.3422009487832736e+16,0.010868246985708874
golovin_fixed10_high_resolution_screen_v2_N131072_dt0p1_m008,golovin,golovin_fixed10_high_resolution_screen_v2,controlled,58,8,not_applicable,6130950362096080690,131072,0.1,300.0,3600.0,600.0000238418579,131072,3.412173181392895,0.99823634732524,-6.621869719225515e-11,3412173.181392895,238740390057.14777,8.140786584453194e+16,172.11904907226562,0.7905075238657284,0.0,0.0,122.89637756347656,0.014598793882496517,0.033305673118606806,0.0,0.0,0.049335944504223184,0.0,0.0,0.0678261817135182,0.0,0.0,0.049335944504223184,0.0,0.0,3410542.089022777,0.00047825018062908065,238733292669.84543,2.9729357070351625e-05,8.220515356432454e+16,-0.009698755920074298
golovin_fixed10_high_resolution_screen_v2_N131072_dt0p1_m008,golovin,golovin_fixed10_high_resolution_screen_v2,controlled,58,8,not_applicable,6130950362096080690,131072,0.1,300.0,3600.0,899.9999761581421,131072,2.173256881087591,0.9982363481802744,7.90326248889528e-10,2173256.8810875914,238740390261.63968,2.0058274687000022e+17,252.82225036621094,0.875489550868888,0.0,0.0,169.4820098876953,0.013630578993748829,0.025727391515341456,0.0,0.0,0.04197059518577681,0.0,0.0,0.06580759557211428,0.0,0.0,0.04197059518577681,0.0,0.0,2174654.2046287498,-0.0006425497617893461,238733292669.84543,2.9730213640721814e-05,2.021926918134987e+17,-0.007962428953581902
golovin_fixed10_high_resolution_screen_v2_N131072_dt0p1_m008,golovin,golovin_fixed10_high_resolution_screen_v2,controlled,58,8,not_applicable,6130950362096080690,131072,0.1,300.0,3600.0,1200.0000476837158,131072,1.3833871479801532,0.9982363484988276,1.1094423157942401e-09,1383387.147980153,238740390337.8256,4.962440832977769e+17,334.3689270019531,0.9247269345442112,0.0,0.0,236.13816833496094,0.014049634674343541,0.029347235703441832,0.0,0.0,0.04124645997890447,0.0,0.0,0.059638272317993235,0.0,0.0,0.04124645997890447,0.0,0.0,1386618.2972187817,-0.0023302369838256176,238733292669.84543,2.973053276655868e-05,4.97315526712769e+17,-0.002154453978290838
golovin_fixed10_high_resolution_screen_v2_N131072_dt0p1_m008,golovin,golovin_fixed10_high_resolution_screen_v2,controlled,58,8,not_applicable,6130950362096080690,131072,0.1,300.0,3600.0,1500.0,131072,0.882110300957376,0.9982363472945534,-9.695955149879865e-11,882110.300957376,238740390049.8087,1.2079718995172498e+18,426.0186462402344,0.953909833998553,0.0,0.0,317.312744140625,0.012495066005558065,0.028726413633790193,0.0,0.0,0.042831900595153544,0.0,0.0,0.05867889684883722,0.0,0.0,0.042831900595153544,0.0,0.0,884145.4617925527,-0.002301839372732317,238733292669.84543,2.9729326328498118e-05,1.2232026906685448e+18,-0.012451567730749957
golovin_fixed10_high_resolution_screen_v2_N131072_dt0p1_m008,golovin,golovin_fixed10_high_resolution_screen_v2,controlled,58,8,not_applicable,6130950362096080690,131072,0.1,300.0,3600.0,1799.9999523162842,131072,0.5622568465827064,0.9982363478254145,4.348394977427006e-10,562256.8465827063,238740390176.77063,2.9651835797162634e+18,593.1879272460938,0.9711529358472892,0.0,0.0,425.86895751953125,0.015018714646236601,0.03166493311337353,0.0,0.0,0.04531683201995297,0.0,0.0,0.06634708234217515,0.0,0.0,0.04531683201995297,0.0,0.0,563755.1438462138,-0.0026577092552724224,238733292669.84543,2.972985814353457e-05,3.0086026719268946e+18,-0.01443164716157852
golovin_fixed10_high_resolution_screen_v2_N131072_dt0p1_m008,golovin,golovin_fixed10_high_resolution_screen_v2,controlled,58,8,not_applicable,6130950362096080690,131072,0.1,300.0,3600.0,2099.9999046325684,131072,0.358610628174759,0.9982363473694048,-2.197586557173281e-11,358610.62817475904,238740390067.71036,7.355437506458883e+18,769.7974853515625,0.9818707102074549,0.0,0.0,583.9503173828125,0.011142299497784261,0.038440732198006124,0.0,0.0,0.055102704269942994,0.0,0.0,0.07128391645812406,0.0,0.0,0.055102704269942994,0.0,0.0,359465.58111456485,-0.002378400004681702,238733292669.84543,2.9729401314515513e-05,7.39999192822117e+18,-0.006020874373169338
golovin_fixed10_high_resolution_screen_v2_N131072_dt0p1_m008,golovin,golovin_fixed10_high_resolution_screen_v2,controlled,58,8,not_applicable,6130950362096080690,131072,0.1,300.0,3600.0,2400.0000953674316,131072,0.22823991285235426,0.9982363472307462,-1.608795319185674e-10,228239.91285235426,238740390034.54843,1.7884151735314618e+19,1019.9461669921875,0.9885799098811962,0.0001462721746804322,0.0001462721746804322,781.0081176757812,0.008747548668898686,0.03547293615479076,0.0,0.0,0.05046902419937298,0.0,0.0,0.07219054330546118,0.0,0.0,0.05046902419937298,0.0,0.0,229204.92913507385,-0.004210277180168753,238733292669.84543,2.972926240674134e-05,1.8201113831406539e+19,-0.01741443403013021
golovin_fixed10_high_resolution_screen_v2_N131072_dt0p1_m008,golovin,golovin_fixed10_high_resolution_screen_v2,controlled,58,8,not_applicable,6130950362096080690,131072,0.1,300.0,3600.0,2700.000047683716,131072,0.1456316375006764,0.9982363476063881,2.154261213860309e-10,145631.63750067638,238740390124.3878,4.390845327278524e+19,1442.895263671875,0.9927531521803017,0.01818786758217406,0.01818786758217406,1063.2432861328125,0.014403298631142458,0.03760130093066196,0.0,0.0,0.054391594748500964,0.0,0.0,0.07496312289354741,0.0,0.0,0.054391594748500964,0.0,0.0,146147.28387886327,-0.0035282652164393413,238733292669.84543,2.9729638723496876e-05,4.476765798748041e+19,-0.019192532138613383
golovin_fixed10_high_resolution_screen_v2_N131072_dt0p1_m008,golovin,golovin_fixed10_high_resolution_screen_v2,controlled,58,8,not_applicable,6130950362096080690,131072,0.1,300.0,3600.0,3000.0,131072,0.09282376253888701,0.9982363474661594,7.494960208020984e-11,92823.76253888701,238740390090.8504,1.0938670017545865e+20,1773.193359375,0.9953994976692485,0.1388291038478644,0.1388291038478644,1438.47607421875,0.01567427368297094,0.03955279096986592,0.0,0.0,0.05649436516521555,0.0,0.0,0.07797726974351293,0.0,0.0,0.05649436516521555,0.0,0.0,93187.47491936282,-0.003903017876496162,238733292669.84543,2.9729498242980767e-05,1.1011101959187887e+20,-0.006578082912181538
golovin_fixed10_high_resolution_screen_v2_N131072_dt0p1_m008,golovin,golovin_fixed10_high_resolution_screen_v2,controlled,58,8,not_applicable,6130950362096080690,131072,0.1,300.0,3600.0,3299.999952316284,131072,0.05923164834081162,0.998236347161983,-2.2976420765985495e-10,59231.64834081162,238740390018.10287,2.6721375897861168e+20,2436.30224609375,0.9970699713220856,0.3508925174155629,0.3508925174155629,1930.6348876953125,0.018282388136509526,0.04314422322695384,0.0,0.0,0.062002457169793405,0.0,0.0,0.08642327619610524,0.0,0.0,0.062002457169793405,0.0,0.0,59418.863295774216,-0.003150766348906431,238733292669.84543,2.97291935200672e-05,2.7083026409274727e+20,-0.013353400980686159
golovin_fixed10_high_resolution_screen_v2_N131072_dt0p1_m008,golovin,golovin_fixed10_high_resolution_screen_v2,controlled,58,8,not_applicable,6130950362096080690,131072,0.1,300.0,3600.0,3599.9999046325684,131072,0.037753242796065636,0.998236346814782,-5.775785405504053e-10,37753.242796065635,238740389935.06552,6.403323774529671e+20,3272.014404296875,0.9981373447388961,0.5502846414379482,0.5502846414379482,2544.5205078125,0.02228931705085977,0.04864817298164118,0.0,0.0,0.06174705616868646,0.0,0.0,0.09786547889728442,0.0,0.0,0.06174705616868646,0.0,0.0,37887.079979546696,-0.0035325283329650237,238733292669.84543,2.972884569518719e-05,6.661370698447075e+20,-0.038737811720576
golovin_fixed10_high_resolution_screen_v2_N131072_dt0p1_m009,golovin,golovin_fixed10_high_resolution_screen_v2,controlled,59,9,not_applicable,433556373723887405,131072,0.1,300.0,3600.0,0.0,131072,8.388608,0.9982363473913419,0.0,8388608.0,238740390072.95682,1.3588188822398414e+16,74.99876403808594,0.34284472560127677,0.0,0.0,57.378570556640625,0.028699091023479607,0.0008909397221417919,0.0,0.0,0.000526472279633515,0.0,0.0,0.0019082031904375598,0.0,0.0,0.000526472279633515,0.0,0.0,8388608.0,0.0,238733292669.84543,2.9729423290714152e-05,1.3588329560514944e+16,-1.0357278715011908e-05
golovin_fixed10_high_resolution_screen_v2_N131072_dt0p1_m009,golovin,golovin_fixed10_high_resolution_screen_v2,controlled,59,9,not_applicable,433556373723887405,131072,0.1,300.0,3600.0,300.00001192092896,131072,5.371285020540336,0.9982363472251413,-1.6649426282100421e-10,5371285.020540336,238740390033.208,3.3516384184170996e+16,125.34242248535156,0.6308777028288479,0.0,0.0,88.69165802001953,0.021313366488109234,0.028138530670568446,0.0,0.0,0.04192537463949899,0.0,0.0,0.05717638421192422,0.0,0.0,0.04192537463949899,0.0,0.0,5348803.665523084,0.0042030622963711295,238733292669.84543,2.9729256791899417e-05,3.3422009487832736e+16,0.0028237289673624932
golovin_fixed10_high_resolution_screen_v2_N131072_dt0p1_m009,golovin,golovin_fixed10_high_resolution_screen_v2,controlled,59,9,not_applicable,433556373723887405,131072,0.1,300.0,3600.0,600.0000238418579,131072,3.4204571272629054,0.9982363475115761,1.2044654162934876e-10,3420457.1272629052,238740390101.71234,8.240162874032166e+16,172.74258422851562,0.78845943314458,0.0,0.0,123.3248062133789,0.02284367353861643,0.0352396326248564,0.0,0.0,0.0472186928484343,0.0,0.0,0.0642440055820347,0.0,0.0,0.0472186928484343,0.0,0.0,3410542.089022777,0.002907173693015297,238733292669.84543,2.9729543741252584e-05,8.220515356432454e+16,0.002390059107953313
golovin_fixed10_high_resolution_screen_v2_N131072_dt0p1_m009,golovin,golovin_fixed10_high_resolution_screen_v2,controlled,59,9,not_applicable,433556373723887405,131072,0.1,300.0,3600.0,899.9999761581421,131072,2.1857088160073608,0.9982363471673326,-2.2440516111998932e-10,2185708.816007361,238740390019.38223,2.0232074731509664e+17,237.6499481201172,0.8746319048767166,0.0,0.0,171.04656982421875,0.014015689339065352,0.02866228888720232,0.0,0.0,0.04204681173190687,0.0,0.0,0.059205860282003725,0.0,0.0,0.04204681173190687,0.0,0.0,2174654.2046287498,0.005083388133654276,238733292669.84543,2.9729198878891694e-05,2.021926918134987e+17,0.0006333339768584967
golovin_fixed10_high_resolution_screen_v2_N131072_dt0p1_m009,golovin,golovin_fixed10_high_resolution_screen_v2,controlled,59,9,not_applicable,433556373723887405,131072,0.1,300.0,3600.0,1200.0000476837158,131072,1.3951947522799164,0.9982363482826063,8.928391359575016e-10,1395194.7522799163,238740390286.11362,4.9142637465809114e+17,330.5179138183594,0.9237278718883777,0.0,0.0,231.76168823242188,0.00954023087197371,0.032992403999681646,0.0,0.0,0.04408737870654532,0.0,0.0,0.06193288019329047,0.0,0.0,0.04408737870654532,0.0,0.0,1386618.2972187817,0.006185159303275345,238733292669.84543,2.9730316156717507e-05,4.97315526712769e+17,-0.011841882544075921
golovin_fixed10_high_resolution_screen_v2_N131072_dt0p1_m009,golovin,golovin_fixed10_high_resolution_screen_v2,controlled,59,9,not_applicable,433556373723887405,131072,0.1,300.0,3600.0,1500.0,131072,0.8892825758714161,0.9982363480407512,6.505567196057882e-10,889282.5758714161,238740390228.27103,1.2121927083184369e+18,420.8824768066406,0.9528855723406566,0.0,0.0,318.2629089355469,0.014962486922171886,0.037441332561969534,0.0,0.0,0.046202854405836935,0.0,0.0,0.06634830360194133,0.0,0.0,0.046202854405836935,0.0,0.0,884145.4617925527,0.005810258945907254,238733292669.84543,2.9730073866973683e-05,1.2232026906685448e+18,-0.009000946804728183
golovin_fixed10_high_resolution_screen_v2_N131072_dt0p1_m009,golovin,golovin_fixed10_high_resolution_screen_v2,controlled,59,9,not_applicable,433556373723887405,131072,0.1,300.0,3600.0,1799.9999523162842,131072,0.5676904509044906,0.9982363479267848,5.363889332699046e-10,567690.4509044905,238740390201.01456,2.9881211045592474e+18,563.8772583007812,0.9703805881519207,0.0,0.0,427.8283386230469,0.014436292510592048,0.030549765694481992,0.0,0.0,0.04752409722008581,0.0,0.0,0.06974553640443805,0.0,0.0,0.04752409722008581,0.0,0.0,563755.1438462138,0.006980525324218112,238733292669.84543,2.9729959695856678e-05,3.0086026719268946e+18,-0.006807667745149515
golovin_fixed10_high_resolution_screen_v2_N131072_dt0p1_m009,golovin,golovin_fixed10_high_resolution_screen_v2,controlled,59,9,not_applicable,433556373723887405,131072,0.1,300.0,3600.0,2099.9999046325684,131072,0.3624381621220819,0.9982363472809354,-1.1060163895848518e-10,362438.1621220819,238740390046.55176,7.378276322380885e+18,781.5577392578125,0.9812943459981411,0.0,0.0,588.6143188476562,0.0181860564865436,0.03899910462726916,0.0,0.0,0.053621226507345306,0.0,0.0,0.06702286718094562,0.0,0.0,0.053621226507345306,0.0,0.0,359465.58111456485,0.008269445431465794,238733292669.84543,2.9729312685855547e-05,7.39999192822117e+18,-0.002934544530713401
golovin_fixed10_high_resolution_screen_v2_N131072_dt0p1_m009,golovin,golovin_fixed10_high_resolution_screen_v2,controlled,59,9,not_applicable,433556373723887405,131072,0.1,300.0,3600.0,2400.0000953674316,131072,0.23114581050849506,0.9982363477670991,3.764211164991593e-10,231145.81050849505,238740390162.8238,1.792567174929009e+19,1029.7470703125,0.9881200792563576,8.144462250287642e-06,8.144462250287642e-06,790.0988159179688,0.01786525627825518,0.039230632831675646,0.0,0.0,0.05313588675279464,0.0,0.0,0.07309608160392925,0.0,0.0,0.05313588675279464,0.0,0.0,229204.92913507385,0.00846788671057519,238733292669.84543,2.972979972337697e-05,1.8201113831406539e+19,-0.015133254188057665
golovin_fixed10_high_resolution_screen_v2_N131072_dt0p1_m009,golovin,golovin_fixed10_high_resolution_screen_v2,controlled,59,9,not_applicable,433556373723887405,131072,0.1,300.0,3600.0,2700.000047683716,131072,0.14723651311252844,0.9982363472782394,-1.1330236748818834e-10,147236.51311252845,238740390045.907,4.445796209563858e+19,1452.917724609375,0.9924685589861187,0.01977219753383582,0.01977219753383582,1072.1685791015625,0.016682196083791404,0.0411458621213027,0.0,0.0,0.056166561753187204,0.0,0.0,0.07260491826085871,0.0,0.0,0.056166561753187204,0.0,0.0,146147.28387886327,0.007452955708489251,238733292669.84543,2.972930998534906e-05,4.476765798748041e+19,-0.006917848861525022
golovin_fixed10_high_resolution_screen_v2_N131072_dt0p1_m009,golovin,golovin_fixed10_high_resolution_screen_v2,controlled,59,9,not_applicable,433556373723887405,131072,0.1,300.0,3600.0,3000.0,131072,0.09382050622249678,0.9982363458331652,-1.560929607791195e-09,93820.50622249678,238740389700.29993,1.0763677413729346e+20,1870.5299072265625,0.9952070573478822,0.13673939084995407,0.13673939084995407,1418.4835205078125,0.0127608854316944,0.04473286882140354,0.0,0.0,0.06303830676601099,0.0,0.0,0.08647659783681584,0.0,0.0,0.06303830676601099,0.0,0.0,93187.47491936282,0.006793094283129131,238733292669.84543,2.9727862314921083e-05,1.1011101959187887e+20,-0.02247046175538181
golovin_fixed10_high_resolution_screen_v2_N131072_dt0p1_m009,golovin,golovin_fixed10_high_resolution_screen_v2,controlled,59,9,not_applicable,433556373723887405,131072,0.1,300.0,3600.0,3299.999952316284,131072,0.059894067480331215,0.9982363476148867,2.2393975562806645e-10,59894.067480331214,238740390126.42035,2.664153062963021e+20,2400.052001953125,0.9969479891639855,0.34311272046766733,0.34311272046766733,1972.1339111328125,0.018771206815238632,0.0504258246648873,0.0,0.0,0.0651016343263071,0.0,0.0,0.09546086176757916,0.0,0.0,0.0651016343263071,0.0,0.0,59418.863295774216,0.007997530720026402,238733292669.84543,2.9729647237575207e-05,2.7083026409274727e+20,-0.01630156737185484
golovin_fixed10_high_resolution_screen_v2_N131072_dt0p1_m009,golovin,golovin_fixed10_high_resolution_screen_v2,controlled,59,9,not_applicable,433556373723887405,131072,0.1,300.0,3600.0,3599.9999046325684,131072,0.03822719482543931,0.998236347870208,4.797120478627903e-10,38227.194825439314,238740390187.48352,6.69160303572474e+20,3532.8681640625,0.998052819618549,0.5493869691246609,0.5493869691246609,2636.78271484375,0.01889670335825941,0.052068062283915015,0.0,0.0,0.07403228624118934,0.0,0.0,0.0986421430653098,0.0,0.0,0.07403228624118934,0.0,0.0,37887.079979546696,0.008977066748776297,238733292669.84543,2.972990301741696e-05,6.661370698447075e+20,0.004538455919397055
golovin_fixed10_high_resolution_screen_v2_N262144_dt0p1_m000,golovin,golovin_fixed10_high_resolution_screen_v2,controlled,60,0,not_applicable,3486400749179034723,262144,0.1,300.0,3600.0,0.0,262144,8.388608,0.9982363474748966,0.0,8388608.0,238740390092.93997,1.358818882881056e+16,74.99938201904297,0.342818357477091,0.0,0.0,57.37809753417969,0.021998151758091576,0.0008526433552335928,0.0,0.0,0.00044851318296699615,0.0,0.0,0.0004465802317375713,0.0,0.0,0.00044851318296699615,0.0,0.0,8388608.0,0.0,238733292669.84543,2.972950699575705e-05,1.3588329560514944e+16,-1.0356806828815124e-05
golovin_fixed10_high_resolution_screen_v2_N262144_dt0p1_m000,golovin,golovin_fixed10_high_resolution_screen_v2,controlled,60,0,not_applicable,3486400749179034723,262144,0.1,300.0,3600.0,300.00001192092896,262144,5.339285159633533,0.9982363483333658,8.599858603020039e-10,5339285.159633533,238740390298.2534,3.3599365648349144e+16,132.79205322265625,0.6366735624622888,0.0,0.0,88.34303283691406,0.012503941394685272,0.019995948953072582,0.0,0.0,0.027293656362937194,0.0,0.0,0.03922186316259269,0.0,0.0,0.027293656362937194,0.0,0.0,5348803.665523084,-0.001779557913277774,238733292669.84543,2.9730367007374525e-05,3.3422009487832736e+16,0.0053065678346173595
golovin_fixed10_high_resolution_screen_v2_N262144_dt0p1_m000,golovin,golovin_fixed10_high_resolution_screen_v2,controlled,60,0,not_applicable,3486400749179034723,262144,0.1,300.0,3600.0,600.0000238418579,262144,3.40425600104944,0.9982363477151487,2.406765897688956e-10,3404256.00104944,238740390150.3992,8.263701282289819e+16,174.119873046875,0.7903319141060888,0.0,0.0,124.0398178100586,0.01205667527714291,0.018845852584605364,0.0,0.0,0.0329334122005878,0.0,0.0,0.050106926501458204,0.0,0.0,0.0329334122005878,0.0,0.0,3410542.089022777,-0.001843134554348258,238733292669.84543,2.9729747679452245e-05,8.220515356432454e+16,0.005253432903518984
golovin_fixed10_high_resolution_screen_v2_N262144_dt0p1_m000,golovin,golovin_fixed10_high_resolution_screen_v2,controlled,60,0,not_applicable,3486400749179034723,262144,0.1,300.0,3600.0,899.9999761581421,262144,2.167798600853199,0.9982363480059866,5.320281992737819e-10,2167798.600853199,238740390219.9566,2.0345586979624253e+17,241.33543395996094,0.8758490948064579,0.0,0.0,171.5185546875,0.012201886649012771,0.02673414255865626,0.0,0.0,0.03431593934944132,0.0,0.0,0.04891606538904557,0.0,0.0,0.03431593934944132,0.0,0.0,2174654.2046287498,-0.003152502940908297,238733292669.84543,2.973003903972149e-05,2.021926918134987e+17,0.006247396834248464
golovin_fixed10_high_resolution_screen_v2_N262144_dt0p1_m000,golovin,golovin_fixed10_high_resolution_screen_v2,controlled,60,0,not_applicable,3486400749179034723,262144,0.1,300.0,3600.0,1200.0000476837158,262144,1.3848381718813536,0.9982363481319912,6.582554501477489e-10,1384838.1718813537,238740390250.0922,5.0309853945515514e+17,318.1393127441406,0.9244012481168261,0.0,0.0,235.53326416015625,0.016339778308101897,0.0279999678029697,0.0,0.0,0.03365113042504229,0.0,0.0,0.047344442189560354,0.0,0.0,0.03365113042504229,0.0,0.0,1386618.2972187817,-0.0012837890146109032,238733292669.84543,2.9730165270969167e-05,4.97315526712769e+17,0.01162845805481183
golovin_fixed10_high_resolution_screen_v2_N262144_dt0p1_m000,golovin,golovin_fixed10_high_resolution_screen_v2,controlled,60,0,not_applicable,3486400749179034723,262144,0.1,300.0,3600.0,1500.0,262144,0.8840139295711563,0.998236347273122,-2.021310896438422e-10,884013.9295711563,238740390044.68314,1.2412484197591544e+18,444.0975341796875,0.9532318370994672,0.0,0.0,320.1131286621094,0.019285379056909628,0.029940391534131396,0.0,0.0,0.040558486404814346,0.0,0.0,0.051083766190031035,0.0,0.0,0.040558486404814346,0.0,0.0,884145.4617925527,-0.00014876762600779525,238733292669.84543,2.9729304858783223e-05,1.2232026906685448e+18,0.014752852677871964
golovin_fixed10_high_resolution_screen_v2_N262144_dt0p1_m000,golovin,golovin_fixed10_high_resolution_screen_v2,controlled,60,0,not_applicable,3486400749179034723,262144,0.1,300.0,3600.0,1799.9999523162842,262144,0.5636554644861708,0.9982363474591405,-1.578404074109585e-11,563655.4644861708,238740390089.1717,3.0762445511763077e+18,645.1096801757812,0.9708109218171237,0.0,0.0,437.53729248046875,0.01841464765457314,0.029106299327455114,0.0,0.0,0.03959797670319989,0.0,0.0,0.05124631784524391,0.0,0.0,0.03959797670319989,0.0,0.0,563755.1438462138,-0.00017681321604090527,238733292669.84543,2.972949121127222e-05,3.0086026719268946e+18,0.022482822301720162
golovin_fixed10_high_resolution_screen_v2_N262144_dt0p1_m000,golovin,golovin_fixed10_high_resolution_screen_v2,controlled,60,0,not_applicable,3486400749179034723,262144,0.1,300.0,3600.0,2099.9999046325684,262144,0.3590612094050361,0.9982363480818107,6.079863279495612e-10,359061.2094050361,238740390238.09085,7.552500002563611e+18,824.0263061523438,0.9816549825549977,0.0,0.0,592.1303100585938,0.015647970889044727,0.027128687422684216,0.0,0.0,0.03463306876206339,0.0,0.0,0.047941189267988106,0.0,0.0,0.03463306876206339,0.0,0.0,359465.58111456485,-0.0011249246959191828,238733292669.84543,2.973011500007061e-05,7.39999192822117e+18,0.02060922171561086
golovin_fixed10_high_resolution_screen_v2_N262144_dt0p1_m000,golovin,golovin_fixed10_high_resolution_screen_v2,controlled,60,0,not_applicable,3486400749179034723,262144,0.1,300.0,3600.0,2400.0000953674316,262144,0.22885492056873538,0.9982363467779077,-6.982203704097856e-10,228854.92056873537,238740389926.2466,1.8730263580138045e+19,1071.666259765625,0.988396310848069,0.00033398648162305696,0.00033398648162305696,803.9437255859375,0.016432336323601585,0.02836348488026305,0.0,0.0,0.038714895576094484,0.0,0.0,0.05221239347689243,0.0,0.0,0.038714895576094484,0.0,0.0,229204.92913507385,-0.00152705514518936,238733292669.84543,2.972880875473649e-05,1.8201113831406539e+19,0.029072382802114216
golovin_fixed10_high_resolution_screen_v2_N262144_dt0p1_m000,golovin,golovin_fixed10_high_resolution_screen_v2,controlled,60,0,not_applicable,3486400749179034723,262144,0.1,300.0,3600.0,2700.000047683716,262144,0.1460537977489664,0.9982363482711055,7.976155291800069e-10,146053.7977489664,238740390283.363,4.6395699509163745e+19,1570.256591796875,0.9926241083390025,0.02300513297511037,0.02300513297511037,1087.1697998046875,0.018355766202166574,0.03038308413270996,0.0,0.0,0.04018823874119813,0.0,0.0,0.055926444204374474,0.0,0.0,0.04018823874119813,0.0,0.0,146147.28387886327,-0.0006396706624691717,238733292669.84543,2.9730304635045002e-05,4.476765798748041e+19,0.036366466214038384
golovin_fixed10_high_resolution_screen_v2_N262144_dt0p1_m000,golovin,golovin_fixed10_high_resolution_screen_v2,controlled,60,0,not_applicable,3486400749179034723,262144,0.1,300.0,3600.0,3000.0,262144,0.09312163172866808,0.9982363479548998,4.808511366860557e-10,93121.63172866809,238740390207.73862,1.1383384226611313e+20,1960.1702880859375,0.9953103048793218,0.1475309197718979,0.1475309197718979,1470.6783447265625,0.01634641158565759,0.02726523358656677,0.0,0.0,0.040130753388095936,0.0,0.0,0.055742909238673366,0.0,0.0,0.040130753388095936,0.0,0.0,93187.47491936282,-0.0007065669581852729,238733292669.84543,2.9729987861326634e-05,1.1011101959187887e+20,0.03380971939078137
golovin_fixed10_high_resolution_screen_v2_N262144_dt0p1_m000,golovin,golovin_fixed10_high_resolution_screen_v2,controlled,60,0,not_applicable,3486400749179034723,262144,0.1,300.0,3600.0,3299.999952316284,262144,0.05938256345905015,0.9982363475352077,6.041767086628624e-11,59382.56345905015,238740390107.36414,2.7946430642492755e+20,2702.2587890625,0.997015521336908,0.35601547032983993,0.35601547032983993,1965.6407470703125,0.01768261316589944,0.032583148588761435,0.0,0.0,0.04464295316333378,0.0,0.0,0.06348507457786243,0.0,0.0,0.04464295316333378,0.0,0.0,59418.863295774216,-0.0006109143580107501,238733292669.84543,2.9729567415204272e-05,2.7083026409274727e+20,0.031879902200381505
golovin_fixed10_high_resolution_screen_v2_N262144_dt0p1_m000,golovin,golovin_fixed10_high_resolution_screen_v2,controlled,60,0,not_applicable,3486400749179034723,262144,0.1,300.0,3600.0,3599.9999046325684,262144,0.0378953929901104,0.9982363469593368,-5.164706440297095e-10,37895.392990110406,238740389969.6376,6.859764844829278e+20,3463.652099609375,0.998097250273237,0.5564942756400821,0.5564942756400821,2673.624755859375,0.020435665372368753,0.03391592770848773,0.0,0.0,0.04819345883732897,0.0,0.0,0.06953481666451038,0.0,0.0,0.04819345883732897,0.0,0.0,37887.079979546696,0.0002194154463261988,238733292669.84543,2.972899050979194e-05,6.661370698447075e+20,0.029782781256784574
golovin_fixed10_high_resolution_screen_v2_N262144_dt0p1_m001,golovin,golovin_fixed10_high_resolution_screen_v2,controlled,61,1,not_applicable,7441874152021227260,262144,0.1,300.0,3600.0,0.0,262144,8.388608,0.9982363474748966,0.0,8388608.0,238740390092.93997,1.358818882881056e+16,74.99938201904297,0.342818357477091,0.0,0.0,57.37809753417969,0.022002695030390415,0.0008526433552335928,0.0,0.0,0.00044851318296699615,0.0,0.0,0.0004465802317375713,0.0,0.0,0.00044851318296699615,0.0,0.0,8388608.0,0.0,238733292669.84543,2.972950699575705e-05,1.3588329560514944e+16,-1.0356806828815124e-05
golovin_fixed10_high_resolution_screen_v2_N262144_dt0p1_m001,golovin,golovin_fixed10_high_resolution_screen_v2,controlled,61,1,not_applicable,7441874152021227260,262144,0.1,300.0,3600.0,300.00001192092896,262144,5.352436000978139,0.9982363477552376,2.8083624314945155e-10,5352436.000978139,238740390159.987,3.349320985664218e+16,128.2415008544922,0.6349386931138308,0.0,0.0,88.19129180908203,0.01443270240935615,0.023553048817164635,0.0,0.0,0.030072010223256715,0.0,0.0,0.04164034331548682,0.0,0.0,0.030072010223256715,0.0,0.0,5348803.665523084,0.0006790930612143864,238733292669.84543,2.9729787840659938e-05,3.3422009487832736e+16,0.002130343743555141
golovin_fixed10_high_resolution_screen_v2_N262144_dt0p1_m001,golovin,golovin_fixed10_high_resolution_screen_v2,controlled,61,1,not_applicable,7441874152021227260,262144,0.1,300.0,3600.0,600.0000238418579,262144,3.411620111191151,0.9982363481745635,7.009031133264898e-10,3411620.111191151,238740390260.27386,8.280748835168774e+16,178.6311492919922,0.7894493898376996,0.0,0.0,124.97879028320312,0.014415030766080599,0.026091166269471444,0.0,0.0,0.03376434957955284,0.0,0.0,0.04355870658951848,0.0,0.0,0.03376434957955284,0.0,0.0,3410542.089022777,0.00031608528504722955,238733292669.84543,2.973020791974257e-05,8.220515356432454e+16,0.007327214429347029
golovin_fixed10_high_resolution_screen_v2_N262144_dt0p1_m001,golovin,golovin_fixed10_high_resolution_screen_v2,controlled,61,1,not_applicable,7441874152021227260,262144,0.1,300.0,3600.0,899.9999761581421,262144,2.1763765900355465,0.9982363475935397,1.1885270545519688e-10,2176376.5900355466,238740390121.31494,2.026530495384088e+17,241.6337127685547,0.8756690197756857,0.0,0.0,171.69308471679688,0.011428146392106348,0.022931104494191685,0.0,0.0,0.0325898628244685,0.0,0.0,0.04786707097493848,0.0,0.0,0.0325898628244685,0.0,0.0,2174654.2046287498,0.0007920272580030918,238733292669.84543,2.9729625852015218e-05,2.021926918134987e+17,0.002276826727915182
golovin_fixed10_high_resolution_screen_v2_N262144_dt0p1_m001,golovin,golovin_fixed10_high_resolution_screen_v2,controlled,61,1,not_applicable,7441874152021227260,262144,0.1,300.0,3600.0,1200.0000476837158,262144,1.3861323323067127,0.9982363475800676,1.0535683436785348e-10,1386132.3323067126,238740390118.09293,4.959537585311217e+17,344.02850341796875,0.9244123186107612,0.0,0.0,234.76583862304688,0.010781437092829419,0.025131879347426098,0.0,0.0,0.03437475227986544,0.0,0.0,0.04893540160764753,0.0,0.0,0.03437475227986544,0.0,0.0,1386618.2972187817,-0.00035046769038293846,238733292669.84543,2.972961235570004e-05,4.97315526712769e+17,-0.002738237815836042
golovin_fixed10_high_resolution_screen_v2_N262144_dt0p1_m001,golovin,golovin_fixed10_high_resolution_screen_v2,controlled,61,1,not_applicable,7441874152021227260,262144,0.1,300.0,3600.0,1500.0,262144,0.883152739999957,0.9982363476728325,1.9828561015344803e-10,883152.739999957,238740390140.2788,1.2156515981445865e+18,418.245849609375,0.953410590832777,0.0,0.0,319.3025817871094,0.014212354648584431,0.024371935848855147,0.0,0.0,0.035348853956113174,0.0,0.0,0.046688190691509854,0.0,0.0,0.035348853956113174,0.0,0.0,884145.4617925527,-0.0011228036963318866,238733292669.84543,2.9729705287362407e-05,1.2232026906685448e+18,-0.0061732144488917395
golovin_fixed10_high_resolution_screen_v2_N262144_dt0p1_m001,golovin,golovin_fixed10_high_resolution_screen_v2,controlled,61,1,not_applicable,7441874152021227260,262144,0.1,300.0,3600.0,1799.9999523162842,262144,0.5627925506586388,0.9982363473924524,-8.258993489107525e-11,562792.5506586387,238740390073.2224,3.0083579633791063e+18,603.5546264648438,0.9709468082062557,0.0,0.0,431.22265625,0.012142441895895867,0.022957655203885333,0.0,0.0,0.03288676620780676,0.0,0.0,0.04787500652095457,0.0,0.0,0.03288676620780676,0.0,0.0,563755.1438462138,-0.001707466793132606,238733292669.84543,2.9729424403379667e-05,3.0086026719268946e+18,-8.133627948669897e-05
golovin_fixed10_high_resolution_screen_v2_N262144_dt0p1_m001,golovin,golovin_fixed10_high_resolution_screen_v2,controlled,61,1,not_applicable,7441874152021227260,262144,0.1,300.0,3600.0,2099.9999046325684,262144,0.35888806776075677,0.9982363473090212,-1.661685233855792e-10,358888.06776075676,238740390053.26886,7.383390214811631e+18,818.7515869140625,0.9817333241703997,0.0,0.0,585.4019775390625,0.010398121869957484,0.02611960223705081,0.0,0.0,0.03745897852638249,0.0,0.0,0.04700332410898192,0.0,0.0,0.03745897852638249,0.0,0.0,359465.58111456485,-0.0016065887365834808,238733292669.84543,2.9729340822459704e-05,7.39999192822117e+18,-0.002243477232214963
golovin_fixed10_high_resolution_screen_v2_N262144_dt0p1_m001,golovin,golovin_fixed10_high_resolution_screen_v2,controlled,61,1,not_applicable,7441874152021227260,262144,0.1,300.0,3600.0,2400.0000953674316,262144,0.22897821168025634,0.9982363473236572,-1.5150669607777445e-10,228978.21168025633,238740390056.76926,1.8211229085708978e+19,1041.7222900390625,0.9884271977665813,0.00017905036325825915,0.00017905036325825915,791.9756469726562,0.012107191909479027,0.0271665997032319,0.0,0.0,0.035828551928401446,0.0,0.0,0.04959555863877484,0.0,0.0,0.035828551928401446,0.0,0.0,229204.92913507385,-0.0009891473786060034,238733292669.84543,2.97293554847311e-05,1.8201113831406539e+19,0.0005557491918426471
golovin_fixed10_high_resolution_screen_v2_N262144_dt0p1_m001,golovin,golovin_fixed10_high_resolution_screen_v2,controlled,61,1,not_applicable,7441874152021227260,262144,0.1,300.0,3600.0,2700.000047683716,262144,0.14595384059082847,0.9982363470393353,-4.3633086033167956e-10,145953.84059082848,238740389988.7702,4.544172380912013e+19,1561.808349609375,0.9926616837957364,0.023207109418619747,0.023207109418619747,1076.7955322265625,0.01586823433043672,0.027510113594089048,0.0,0.0,0.041666663873570105,0.0,0.0,0.05824375321286203,0.0,0.0,0.041666663873570105,0.0,0.0,146147.28387886327,-0.001323618769371926,238733292669.84543,2.9729070652129153e-05,4.476765798748041e+19,0.015056982025466459
golovin_fixed10_high_resolution_screen_v2_N262144_dt0p1_m001,golovin,golovin_fixed10_high_resolution_screen_v2,controlled,61,1,not_applicable,7441874152021227260,262144,0.1,300.0,3600.0,3000.0,262144,0.09310156625156868,0.9982363476493676,1.7477930214226944e-10,93101.56625156869,238740390134.66687,1.1171831018220891e+20,1948.423828125,0.9953327749966133,0.14313441064332838,0.14313441064332838,1471.10107421875,0.01735918017018856,0.03430330421287632,0.0,0.0,0.046308681013010396,0.0,0.0,0.06317225753240631,0.0,0.0,0.046308681013010396,0.0,0.0,93187.47491936282,-0.0009218907140522425,238733292669.84543,2.9729681780388262e-05,1.1011101959187887e+20,0.014597000339179322
golovin_fixed10_high_resolution_screen_v2_N262144_dt0p1_m001,golovin,golovin_fixed10_high_resolution_screen_v2,controlled,61,1,not_applicable,7441874152021227260,262144,0.1,300.0,3600.0,3299.999952316284,262144,0.05936727527981116,0.9982363474408286,-3.412825577697731e-11,59367.275279811154,238740390084.79224,2.7564834272463438e+20,2699.45361328125,0.9970282421494195,0.34750318729864227,0.34750318729864227,1989.7034912109375,0.019331933774666285,0.032444865983447195,0.0,0.0,0.049080642809546514,0.0,0.0,0.06622696238333978,0.0,0.0,0.049080642809546514,0.0,0.0,59418.863295774216,-0.0008682094052568923,238733292669.84543,2.9729472866613094e-05,2.7083026409274727e+20,0.017790030401613866
golovin_fixed10_high_resolution_screen_v2_N262144_dt0p1_m001,golovin,golovin_fixed10_high_resolution_screen_v2,controlled,61,1,not_applicable,7441874152021227260,262144,0.1,300.0,3600.0,3599.9999046325684,262144,0.03787853883839013,0.9982363474989278,2.4073631976762044e-11,37878.53883839013,238740390098.68732,6.822003539885288e+20,3595.564208984375,0.9981060731503476,0.5520475591115995,0.5520475591115995,2656.598876953125,0.013423779267167243,0.033040193616984334,0.0,0.0,0.04296074376491643,0.0,0.0,0.06349668915498367,0.0,0.0,0.04296074376491643,0.0,0.0,37887.079979546696,-0.00022543677583963806,238733292669.84543,2.972953107005516e-05,6.661370698447075e+20,0.024114082327779895
golovin_fixed10_high_resolution_screen_v2_N262144_dt0p1_m002,golovin,golovin_fixed10_high_resolution_screen_v2,controlled,62,2,not_applicable,1607283091190037766,262144,0.1,300.0,3600.0,0.0,262144,8.388608,0.9982363474748966,0.0,8388608.0,238740390092.93997,1.358818882881056e+16,74.99938201904297,0.342818357477091,0.0,0.0,57.37809753417969,0.02200066989407265,0.0008526433552335928,0.0,0.0,0.00044851318296699615,0.0,0.0,0.0004465802317375713,0.0,0.0,0.00044851318296699615,0.0,0.0,8388608.0,0.0,238733292669.84543,2.972950699575705e-05,1.3588329560514944e+16,-1.0356806828815124e-05
golovin_fixed10_high_resolution_screen_v2_N262144_dt0p1_m002,golovin,golovin_fixed10_high_resolution_screen_v2,controlled,62,2,not_applicable,1607283091190037766,262144,0.1,300.0,3600.0,300.00001192092896,262144,5.346134835153,0.9982363477710813,2.967079915094928e-10,5346134.835153,238740390163.77615,3.3421269144153844e+16,134.97372436523438,0.6343766553628796,0.0,0.0,88.211669921875,0.01273618178465315,0.018872056103086076,0.0,0.0,0.026641140614099258,0.0,0.0,0.04226130385763396,0.0,0.0,0.026641140614099258,0.0,0.0,5348803.665523084,-0.0004989583721843882,238733292669.84543,2.9729803712630343e-05,3.3422009487832736e+16,-2.2151381387169877e-05
golovin_fixed10_high_resolution_screen_v2_N262144_dt0p1_m002,golovin,golovin_fixed10_high_resolution_screen_v2,controlled,62,2,not_applicable,1607283091190037766,262144,0.1,300.0,3600.0,600.0000238418579,262144,3.4169704788422206,0.9982363478617091,3.874958132144002e-10,3416970.4788422207,238740390185.45093,8.195366156706459e+16,190.2263946533203,0.7897381145649638,0.0,0.0,123.70751190185547,0.013349372088580072,0.022833952847713133,0.0,0.0,0.032082747954836864,0.0,0.0,0.045131785108143266,0.0,0.0,0.032082747954836864,0.0,0.0,3410542.089022777,0.0018848586681086132,238733292669.84543,2.9729894503338627e-05,8.220515356432454e+16,-0.003059321543182336
golovin_fixed10_high_resolution_screen_v2_N262144_dt0p1_m002,golovin,golovin_fixed10_high_resolution_screen_v2,controlled,62,2,not_applicable,1607283091190037766,262144,0.1,300.0,3600.0,899.9999761581421,262144,2.1814497501422205,0.9982363480967911,6.229932125734194e-10,2181449.7501422204,238740390241.67358,2.02089575840484e+17,237.05487060546875,0.8747410189274162,0.0,0.0,171.39321899414062,0.013783921468320982,0.021553914853853336,0.0,0.0,0.029723993749936433,0.0,0.0,0.04125908097538471,0.0,0.0,0.029723993749936433,0.0,0.0,2174654.2046287498,0.003124885556060608,238733292669.84543,2.9730130007399325e-05,2.021926918134987e+17,-0.0005099886256512143
golovin_fixed10_high_resolution_screen_v2_N262144_dt0p1_m002,golovin,golovin_fixed10_high_resolution_screen_v2,controlled,62,2,not_applicable,1607283091190037766,262144,0.1,300.0,3600.0,1200.0000476837158,262144,1.3914838908360678,0.9982363478530109,3.787823388279321e-10,1391483.8908360677,238740390183.37064,4.9804992149497306e+17,333.14373779296875,0.923904297297954,0.0,0.0,234.72744750976562,0.012556990140967166,0.021910838246619813,0.0,0.0,0.031760437093047086,0.0,0.0,0.0469217046688657,0.0,0.0,0.031760437093047086,0.0,0.0,1386618.2972187817,0.0035089639499530367,238733292669.84543,2.9729885789420152e-05,4.97315526712769e+17,0.001476717984371767
golovin_fixed10_high_resolution_screen_v2_N262144_dt0p1_m002,golovin,golovin_fixed10_high_resolution_screen_v2,controlled,62,2,not_applicable,1607283091190037766,262144,0.1,300.0,3600.0,1500.0,262144,0.88743923884169,0.9982363473804671,-9.4596441790884e-11,887439.23884169,238740390070.35602,1.2218300189350543e+18,423.3201599121094,0.9528223716630784,0.0,0.0,318.4977111816406,0.016160791800151415,0.02485508627681013,0.0,0.0,0.035200005389081294,0.0,0.0,0.04737050684688868,0.0,0.0,0.035200005389081294,0.0,0.0,884145.4617925527,0.0037253791276148362,238733292669.84543,2.97294123965397e-05,1.2232026906685448e+18,-0.0011221948283486327
golovin_fixed10_high_resolution_screen_v2_N262144_dt0p1_m002,golovin,golovin_fixed10_high_resolution_screen_v2,controlled,62,2,not_applicable,1607283091190037766,262144,0.1,300.0,3600.0,1799.9999523162842,262144,0.5647959581548104,0.9982363477421775,2.677531529826638e-10,564795.9581548105,238740390156.86346,3.004147720302405e+18,596.25,0.9705260111091422,0.0,0.0,431.80126953125,0.01559999105603533,0.02716622185701706,0.0,0.0,0.03595354642548873,0.0,0.0,0.04620043062024311,0.0,0.0,0.03595354642548873,0.0,0.0,563755.1438462138,0.001846216961313596,238733292669.84543,2.9729774756903637e-05,3.0086026719268946e+18,-0.0014807377744021633
golovin_fixed10_high_resolution_screen_v2_N262144_dt0p1_m002,golovin,golovin_fixed10_high_resolution_screen_v2,controlled,62,2,not_applicable,1607283091190037766,262144,0.1,300.0,3600.0,2099.9999046325684,262144,0.3601893011581255,0.9982363470097251,-4.659934660367071e-10,360189.30115812545,238740389981.68854,7.327336220726618e+18,844.8007202148438,0.9814539656469994,0.0,0.0,583.3587646484375,0.01011363857988164,0.022965908401006516,0.0,0.0,0.033490151961736395,0.0,0.0,0.04595848193399704,0.0,0.0,0.033490151961736395,0.0,0.0,359465.58111456485,0.002013322224944769,238733292669.84543,2.9729040988524247e-05,7.39999192822117e+18,-0.00981834956028349
golovin_fixed10_high_resolution_screen_v2_N262144_dt0p1_m002,golovin,golovin_fixed10_high_resolution_screen_v2,controlled,62,2,not_applicable,1607283091190037766,262144,0.1,300.0,3600.0,2400.0000953674316,262144,0.2294274436391833,0.9982363474355217,-3.9444558730394874e-11,229427.4436391833,238740390083.52298,1.8181177513611192e+19,1050.459716796875,0.9883040158269967,0.0003267707561466405,0.0003267707561466405,793.299560546875,0.009407596917053755,0.024676637989541932,0.0,0.0,0.03282465151463417,0.0,0.0,0.04739512496903745,0.0,0.0,0.03282465151463417,0.0,0.0,229204.92913507385,0.0009708102916858863,238733292669.84543,2.9729467549977073e-05,1.8201113831406539e+19,-0.0010953350426800013
golovin_fixed10_high_resolution_screen_v2_N262144_dt0p1_m002,golovin,golovin_fixed10_high_resolution_screen_v2,controlled,62,2,not_applicable,1607283091190037766,262144,0.1,300.0,3600.0,2700.000047683716,262144,0.14632396534680767,0.9982363475905176,1.1582512726704408e-10,146323.96534680767,238740390120.59216,4.485908006687448e+19,1580.9957275390625,0.9925778828856262,0.022043115002559264,0.022043115002559264,1074.5938720703125,0.01209913281001327,0.02788868455641794,0.0,0.0,0.03674594682748686,0.0,0.0,0.05372980584639893,0.0,0.0,0.03674594682748686,0.0,0.0,146147.28387886327,0.0012089274822983942,238733292669.84543,2.972962282443703e-05,4.476765798748041e+19,0.0020421456806973826
golovin_fixed10_high_resolution_screen_v2_N262144_dt0p1_m002,golovin,golovin_fixed10_high_resolution_screen_v2,controlled,62,2,not_applicable,1607283091190037766,262144,0.1,300.0,3600.0,3000.0,262144,0.09326861286341395,0.998236347474114,-7.83928477687823e-13,93268.61286341395,238740390092.7528,1.0941742629586883e+20,1909.7259521484375,0.9952843945659886,0.139292954739335,0.139292954739335,1440.4970703125,0.011910246738423738,0.0268305648116336,0.0,0.0,0.038012497798995806,0.0,0.0,0.05856633748697424,0.0,0.0,0.038012497798995806,0.0,0.0,93187.47491936282,0.0008706958110125118,238733292669.84543,2.972950621171755e-05,1.1011101959187887e+20,-0.006299036178039286
golovin_fixed10_high_resolution_screen_v2_N262144_dt0p1_m002,golovin,golovin_fixed10_high_resolution_screen_v2,controlled,62,2,not_applicable,1607283091190037766,262144,0.1,300.0,3600.0,3299.999952316284,262144,0.05948311138783282,0.9982363480181454,5.442086781215494e-10,59483.11138783282,238740390222.86456,2.668990646718002e+20,2476.68603515625,0.9970001276090835,0.3470119937220734,0.3470119937220734,1941.18994140625,0.010772713467869871,0.030905635614684915,0.0,0.0,0.0489531537294053,0.0,0.0,0.0684329734551994,0.0,0.0,0.0489531537294053,0.0,0.0,59418.863295774216,0.0010812743377266454,238733292669.84543,2.9730051220644427e-05,2.7083026409274727e+20,-0.014515362358472617
golovin_fixed10_high_resolution_screen_v2_N262144_dt0p1_m002,golovin,golovin_fixed10_high_resolution_screen_v2,controlled,62,2,not_applicable,1607283091190037766,262144,0.1,300.0,3600.0,3599.9999046325684,262144,0.03787913563688117,0.9982363473574795,-1.17624687767659e-10,37879.13563688117,238740390064.85822,6.538215202255354e+20,3500.03125,0.9980911324479669,0.5492840665533272,0.5492840665533272,2611.14306640625,0.014564681630937864,0.03167156904399372,0.0,0.0,0.044880844256362684,0.0,0.0,0.070143039909737,0.0,0.0,0.044880844256362684,0.0,0.0,37887.079979546696,-0.00020968474397642378,238733292669.84543,2.972938936762759e-05,6.661370698447075e+20,-0.018488011216735267
golovin_fixed10_high_resolution_screen_v2_N262144_dt0p1_m003,golovin,golovin_fixed10_high_resolution_screen_v2,controlled,63,3,not_applicable,10991333251404158760,262144,0.1,300.0,3600.0,0.0,262144,8.388608,0.9982363474748966,0.0,8388608.0,238740390092.93997,1.358818882881056e+16,74.99938201904297,0.342818357477091,0.0,0.0,57.37809753417969,0.02200556443017021,0.0008526433552335928,0.0,0.0,0.00044851318296699615,0.0,0.0,0.0004465802317375713,0.0,0.0,0.00044851318296699615,0.0,0.0,8388608.0,0.0,238733292669.84543,2.972950699575705e-05,1.3588329560514944e+16,-1.0356806828815124e-05
golovin_fixed10_high_resolution_screen_v2_N262144_dt0p1_m003,golovin,golovin_fixed10_high_resolution_screen_v2,controlled,63,3,not_applicable,10991333251404158760,262144,0.1,300.0,3600.0,300.00001192092896,262144,5.362022261677089,0.9982363473315513,-1.4359857747336946e-10,5362022.261677089,238740390058.6572,3.311310915460397e+16,125.73785400390625,0.63346945245467,0.0,0.0,87.58444213867188,0.01084806544731273,0.01942685109967449,0.0,0.0,0.0271424773108531,0.0,0.0,0.03969108952360997,0.0,0.0,0.0271424773108531,0.0,0.0,5348803.665523084,0.002471318257428079,238733292669.84543,2.9729363392849706e-05,3.3422009487832736e+16,-0.00924242252223717
golovin_fixed10_high_resolution_screen_v2_N262144_dt0p1_m003,golovin,golovin_fixed10_high_resolution_screen_v2,controlled,63,3,not_applicable,10991333251404158760,262144,0.1,300.0,3600.0,600.0000238418579,262144,3.414287110824552,0.9982363472658364,-2.094295847854255e-10,3414287.110824552,238740390042.9407,8.160269489407579e+16,178.2574920654297,0.7913371678780419,0.0,0.0,123.50022888183594,0.012230179996821099,0.024550192262426766,0.0,0.0,0.03426068160045464,0.0,0.0,0.04832618515384154,0.0,0.0,0.03426068160045464,0.0,0.0,3410542.089022777,0.001098072301710884,238733292669.84543,2.9729297559955015e-05,8.220515356432454e+16,-0.007328721425930218
golovin_fixed10_high_resolution_screen_v2_N262144_dt0p1_m003,golovin,golovin_fixed10_high_resolution_screen_v2,controlled,63,3,not_applicable,10991333251404158760,262144,0.1,300.0,3600.0,899.9999761581421,262144,2.175654029975226,0.9982363475319567,5.716094264585081e-11,2175654.029975226,238740390106.58658,2.0219569457990355e+17,251.02064514160156,0.8759527092437839,0.0,0.0,173.1913299560547,0.011915205568454929,0.02581629716488019,0.0,0.0,0.034554437946013525,0.0,0.0,0.04910950191440389,0.0,0.0,0.034554437946013525,0.0,0.0,2174654.2046287498,0.00045976291051164075,238733292669.84543,2.9729564158254007e-05,2.021926918134987e+17,1.4851013545147396e-05
golovin_fixed10_high_resolution_screen_v2_N262144_dt0p1_m003,golovin,golovin_fixed10_high_resolution_screen_v2,controlled,63,3,not_applicable,10991333251404158760,262144,0.1,300.0,3600.0,1200.0000476837158,262144,1.3889493229005812,0.9982363479249914,4.508899920097065e-10,1388949.3229005812,238740390200.58563,4.9738280182324166e+17,331.5511779785156,0.9243935222821856,0.0,0.0,237.1047821044922,0.01252245210229636,0.0211263160136058,0.0,0.0,0.034222528266596795,0.0,0.0,0.047311855148394526,0.0,0.0,0.034222528266596795,0.0,0.0,1386618.2972187817,0.0016810867752683478,238733292669.84543,2.9729957899071735e-05,4.97315526712769e+17,0.0001352765133180167
golovin_fixed10_high_resolution_screen_v2_N262144_dt0p1_m003,golovin,golovin_fixed10_high_resolution_screen_v2,controlled,63,3,not_applicable,10991333251404158760,262144,0.1,300.0,3600.0,1500.0,262144,0.8863206387601646,0.9982363468482804,-6.277233177698349e-10,886320.6387601646,238740389943.0771,1.232111978531659e+18,435.82537841796875,0.9531313635006984,0.0,0.0,320.07098388671875,0.016308274333203372,0.02419901777218885,0.0,0.0,0.033988854681897114,0.0,0.0,0.04730352237607113,0.0,0.0,0.033988854681897114,0.0,0.0,884145.4617925527,0.0024602026042206404,238733292669.84543,2.9728879253898555e-05,1.2232026906685448e+18,0.007283574448520014
golovin_fixed10_high_resolution_screen_v2_N262144_dt0p1_m003,golovin,golovin_fixed10_high_resolution_screen_v2,controlled,63,3,not_applicable,10991333251404158760,262144,0.1,300.0,3600.0,1799.9999523162842,262144,0.5641031046113872,0.9982363475524919,7.773226506913034e-11,564103.1046113872,238740390111.49786,3.021441764140292e+18,620.3717651367188,0.9707511313394624,0.0,0.0,432.76776123046875,0.012799209763538636,0.02721579065001526,0.0,0.0,0.03354764114706909,0.0,0.0,0.0460683871256766,0.0,0.0,0.03354764114706909,0.0,0.0,563755.1438462138,0.0006172196723552847,238733292669.84543,2.972958473046461e-05,3.0086026719268946e+18,0.0042674602177277254
golovin_fixed10_high_resolution_screen_v2_N262144_dt0p1_m003,golovin,golovin_fixed10_high_resolution_screen_v2,controlled,63,3,not_applicable,10991333251404158760,262144,0.1,300.0,3600.0,2099.9999046325684,262144,0.35928298169631834,0.9982363478006655,3.2634450697344164e-10,359282.9816963183,238740390170.85165,7.481658885702403e+18,823.0238647460938,0.9815841814951849,0.0,0.0,585.8984985351562,0.0127313507127023,0.02609460004416773,0.0,0.0,0.03412297164592935,0.0,0.0,0.049161076558446516,0.0,0.0,0.03412297164592935,0.0,0.0,359465.58111456485,-0.0005079746930995999,238733292669.84543,2.972983335025603e-05,7.39999192822117e+18,0.011036087373255343
golovin_fixed10_high_resolution_screen_v2_N262144_dt0p1_m003,golovin,golovin_fixed10_high_resolution_screen_v2,controlled,63,3,not_applicable,10991333251404158760,262144,0.1,300.0,3600.0,2400.0000953674316,262144,0.22900155869169242,0.9982363485011155,1.0280318818445267e-09,229001.55869169242,238740390338.37274,1.839539997112468e+19,1024.8416748046875,0.988364285702999,7.6247211508181e-05,7.6247211508181e-05,788.7203369140625,0.015583317540815631,0.027781439165239587,0.0,0.0,0.03963421017446716,0.0,0.0,0.05094748290231845,0.0,0.0,0.03963421017446716,0.0,0.0,229204.92913507385,-0.0008872865175668654,238733292669.84543,2.973053505828105e-05,1.8201113831406539e+19,0.01067440935306374
golovin_fixed10_high_resolution_screen_v2_N262144_dt0p1_m003,golovin,golovin_fixed10_high_resolution_screen_v2,controlled,63,3,not_applicable,10991333251404158760,262144,0.1,300.0,3600.0,2700.000047683716,262144,0.1461296054271618,0.9982363474015403,-7.348588404454404e-11,146129.6054271618,238740390075.39594,4.528736573630727e+19,1601.9097900390625,0.9926038352992883,0.019902746700266562,0.019902746700266562,1078.910400390625,0.01285027645735986,0.025577308747097082,0.0,0.0,0.034833206283825385,0.0,0.0,0.051951130727006085,0.0,0.0,0.034833206283825385,0.0,0.0,146147.28387886327,-0.00012096325865440516,238733292669.84543,2.972943350765256e-05,4.476765798748041e+19,0.011609000161951766
golovin_fixed10_high_resolution_screen_v2_N262144_dt0p1_m003,golovin,golovin_fixed10_high_resolution_screen_v2,controlled,63,3,not_applicable,10991333251404158760,262144,0.1,300.0,3600.0,3000.0,262144,0.09318568382043123,0.9982363476185122,1.4386936086907554e-10,93185.68382043122,238740390127.28738,1.1152157728077188e+20,1936.234130859375,0.9952949322733622,0.1406626025109456,0.1406626025109456,1469.320068359375,0.0125394535828948,0.02906935783897447,0.0,0.0,0.037611105778842004,0.0,0.0,0.057454795253938706,0.0,0.0,0.037611105778842004,0.0,0.0,93187.47491936282,-1.9220382708629025e-05,238733292669.84543,2.9729650869336766e-05,1.1011101959187887e+20,0.012810322655454343
golovin_fixed10_high_resolution_screen_v2_N262144_dt0p1_m003,golovin,golovin_fixed10_high_resolution_screen_v2,controlled,63,3,not_applicable,10991333251404158760,262144,0.1,300.0,3600.0,3299.999952316284,262144,0.05944111904685734,0.9982363474220195,-5.297051686170562e-11,59441.11904685734,238740390080.2938,2.7319877369062172e+20,2539.6337890625,0.9970035492264419,0.35166322912083964,0.35166322912083964,1963.064453125,0.010387432041583378,0.026068362788687897,0.0,0.0,0.04192539607112407,0.0,0.0,0.06355329299528066,0.0,0.0,0.04192539607112407,0.0,0.0,59418.863295774216,0.00037455699837840584,238733292669.84543,2.9729454023685875e-05,2.7083026409274727e+20,0.008745365315093956
golovin_fixed10_high_resolution_screen_v2_N262144_dt0p1_m003,golovin,golovin_fixed10_high_resolution_screen_v2,controlled,63,3,not_applicable,10991333251404158760,262144,0.1,300.0,3600.0,3599.9999046325684,262144,0.03790489624512074,0.9982363478025168,3.281990235137755e-10,37904.89624512073,238740390171.29437,6.729542731939358e+20,3370.65087890625,0.9980923303596592,0.5538279222739793,0.5538279222739793,2655.187744140625,0.017403355581045315,0.037746252659259065,0.0,0.0,0.04809219992271685,0.0,0.0,0.06680421039610897,0.0,0.0,0.04809219992271685,0.0,0.0,37887.079979546696,0.00047024646881355103,238733292669.84543,2.972983520477257e-05,6.661370698447075e+20,0.010233934812871937
golovin_fixed10_high_resolution_screen_v2_N262144_dt0p1_m004,golovin,golovin_fixed10_high_resolution_screen_v2,controlled,64,4,not_applicable,3859234501865751534,262144,0.1,300.0,3600.0,0.0,262144,8.388608,0.9982363474748966,0.0,8388608.0,238740390092.93997,1.358818882881056e+16,74.99938201904297,0.342818357477091,0.0,0.0,57.37809753417969,0.02199724106735066,0.0008526433552335928,0.0,0.0,0.00044851318296699615,0.0,0.0,0.0004465802317375713,0.0,0.0,0.00044851318296699615,0.0,0.0,8388608.0,0.0,238733292669.84543,2.972950699575705e-05,1.3588329560514944e+16,-1.0356806828815124e-05
golovin_fixed10_high_resolution_screen_v2_N262144_dt0p1_m004,golovin,golovin_fixed10_high_resolution_screen_v2,controlled,64,4,not_applicable,3859234501865751534,262144,0.1,300.0,3600.0,300.00001192092896,262144,5.355852974446121,0.9982363476754886,2.0094637065426468e-10,5355852.974446121,238740390140.914,3.3350213434349804e+16,128.12112426757812,0.6330837366169405,0.0,0.0,87.69406127929688,0.016400795202511,0.021529180187066597,0.0,0.0,0.030423580058791255,0.0,0.0,0.04422998401929148,0.0,0.0,0.030423580058791255,0.0,0.0,5348803.665523084,0.001317922541908656,238733292669.84543,2.9729707948122908e-05,3.3422009487832736e+16,-0.0021481668691725186
golovin_fixed10_high_resolution_screen_v2_N262144_dt0p1_m004,golovin,golovin_fixed10_high_resolution_screen_v2,controlled,64,4,not_applicable,3859234501865751534,262144,0.1,300.0,3600.0,600.0000238418579,262144,3.403104220356694,0.998236347673959,1.9941404083567704e-10,3403104.220356694,238740390140.54822,8.210661454772688e+16,180.66018676757812,0.7895095029267225,0.0,0.0,123.99954986572266,0.010978717959744397,0.023957998208918686,0.0,0.0,0.03208653436416736,0.0,0.0,0.045889436688466075,0.0,0.0,0.03208653436416736,0.0,0.0,3410542.089022777,-0.0021808464672002925,238733292669.84543,2.9729706416015134e-05,8.220515356432454e+16,-0.0011986963386736438
golovin_fixed10_high_resolution_screen_v2_N262144_dt0p1_m004,golovin,golovin_fixed10_high_resolution_screen_v2,controlled,64,4,not_applicable,3859234501865751534,262144,0.1,300.0,3600.0,899.9999761581421,262144,2.172515451544274,0.9982363475208758,4.606026671183372e-11,2172515.451544274,238740390103.93643,2.021803956798666e+17,238.47189331054688,0.8744986395337001,0.0,0.0,171.53970336914062,0.011668658634657665,0.020824440894155534,0.0,0.0,0.031727323522381765,0.0,0.0,0.04250075956118748,0.0,0.0,0.031727323522381765,0.0,0.0,2174654.2046287498,-0.00098349111317253,238733292669.84543,2.972955305735603e-05,2.021926918134987e+17,-6.0813937050929745e-05
golovin_fixed10_high_resolution_screen_v2_N262144_dt0p1_m004,golovin,golovin_fixed10_high_resolution_screen_v2,controlled,64,4,not_applicable,3859234501865751534,262144,0.1,300.0,3600.0,1200.0000476837158,262144,1.3865200966835893,0.9982363475506114,7.584843864094637e-11,1386520.0966835893,238740390111.04813,4.993868830581681e+17,331.22503662109375,0.9234802002585829,0.0,0.0,235.5533905029297,0.012683686660996292,0.02133642531758179,0.0,0.0,0.03313464436369099,0.0,0.0,0.04405718960635879,0.0,0.0,0.03313464436369099,0.0,0.0,1386618.2972187817,-7.082016398407553e-05,238733292669.84543,2.972958284663818e-05,4.97315526712769e+17,0.004165074754634457
golovin_fixed10_high_resolution_screen_v2_N262144_dt0p1_m004,golovin,golovin_fixed10_high_resolution_screen_v2,controlled,64,4,not_applicable,3859234501865751534,262144,0.1,300.0,3600.0,1500.0,262144,0.8833783555970702,0.9982363474988645,2.4010127219753485e-11,883378.3555970702,238740390098.6722,1.2332959936941156e+18,437.69696044921875,0.9529031795936336,0.0,0.0,321.85760498046875,0.01648238425334053,0.024887570503527703,0.0,0.0,0.03188106258192673,0.0,0.0,0.04204675864954279,0.0,0.0,0.03188106258192673,0.0,0.0,884145.4617925527,-0.0008676244222610707,238733292669.84543,2.9729531006772447e-05,1.2232026906685448e+18,0.008251537625423522
golovin_fixed10_high_resolution_screen_v2_N262144_dt0p1_m004,golovin,golovin_fixed10_high_resolution_screen_v2,controlled,64,4,not_applicable,3859234501865751534,262144,0.1,300.0,3600.0,1799.9999523162842,262144,0.5644855504282987,0.9982363478078226,3.33514105221866e-10,564485.5504282988,238740390172.56323,3.032685508054011e+18,708.6463012695312,0.9705162531774775,0.0,0.0,435.4439392089844,0.013826488036718891,0.022418109994681395,0.0,0.0,0.03325869391697939,0.0,0.0,0.04589731574942999,0.0,0.0,0.03325869391697939,0.0,0.0,563755.1438462138,0.0012956096100547043,238733292669.84543,2.9729840519632234e-05,3.0086026719268946e+18,0.008004658226169914
golovin_fixed10_high_resolution_screen_v2_N262144_dt0p1_m004,golovin,golovin_fixed10_high_resolution_screen_v2,controlled,64,4,not_applicable,3859234501865751534,262144,0.1,300.0,3600.0,2099.9999046325684,262144,0.3598097269055708,0.9982363477198916,2.454276781804765e-10,359809.7269055708,238740390151.5335,7.468177049734819e+18,857.1116333007812,0.9814511533258518,0.0,0.0,590.0333251953125,0.012175396040522733,0.019662318369665203,0.0,0.0,0.028919089656768253,0.0,0.0,0.04711190431369335,0.0,0.0,0.028919089656768253,0.0,0.0,359465.58111456485,0.0009573817608319324,238733292669.84543,2.97297524307627e-05,7.39999192822117e+18,0.009214215660643177
golovin_fixed10_high_resolution_screen_v2_N262144_dt0p1_m004,golovin,golovin_fixed10_high_resolution_screen_v2,controlled,64,4,not_applicable,3859234501865751534,262144,0.1,300.0,3600.0,2400.0000953674316,262144,0.22945203989756666,0.9982363478911641,4.1700287667367775e-10,229452.03989756666,238740390192.49545,1.8231035499728611e+19,1061.6798095703125,0.9882415565380962,0.00028374278807165613,0.00028374278807165613,793.8954467773438,0.011851915807463621,0.019896622749474218,0.0,0.0,0.031152378982491874,0.0,0.0,0.04880768376007782,0.0,0.0,0.031152378982491874,0.0,0.0,229204.92913507385,0.0010781215021218316,238733292669.84543,2.9729924011290265e-05,1.8201113831406539e+19,0.0016439471012175133
golovin_fixed10_high_resolution_screen_v2_N262144_dt0p1_m004,golovin,golovin_fixed10_high_resolution_screen_v2,controlled,64,4,not_applicable,3859234501865751534,262144,0.1,300.0,3600.0,2700.000047683716,262144,0.14627313619091317,0.998236347588748,1.1405254518592756e-10,146273.13619091318,238740390120.16895,4.4909995432583094e+19,1413.2728271484375,0.9925402921506945,0.02107985155793576,0.02107985155793576,1070.6337890625,0.009911017768080654,0.024929114836857346,0.0,0.0,0.036604245404764486,0.0,0.0,0.05345532003794986,0.0,0.0,0.036604245404764486,0.0,0.0,146147.28387886327,0.0008611334313557428,238733292669.84543,2.972962105185495e-05,4.476765798748041e+19,0.0031794704369498827
golovin_fixed10_high_resolution_screen_v2_N262144_dt0p1_m004,golovin,golovin_fixed10_high_resolution_screen_v2,controlled,64,4,not_applicable,3859234501865751534,262144,0.1,300.0,3600.0,3000.0,262144,0.09330302391899466,0.9982363480440676,5.701765726229269e-10,93303.02391899466,238740390229.06415,1.111582497033539e+20,1974.977783203125,0.9952515499681085,0.14174191167719855,0.14174191167719855,1447.469482421875,0.016385961239472016,0.029096986889688186,0.0,0.0,0.0395644836999985,0.0,0.0,0.058768936100360825,0.0,0.0,0.0395644836999985,0.0,0.0,93187.47491936282,0.0012399627710892869,238733292669.84543,2.9730077189205062e-05,1.1011101959187887e+20,0.009510674911162642
golovin_fixed10_high_resolution_screen_v2_N262144_dt0p1_m004,golovin,golovin_fixed10_high_resolution_screen_v2,controlled,64,4,not_applicable,3859234501865751534,262144,0.1,300.0,3600.0,3299.999952316284,262144,0.05951763456632827,0.9982363474526316,-2.2304380564719395e-11,59517.63456632827,238740390087.61505,2.736087657778005e+20,2488.781494140625,0.996977263403396,0.34985325378925813,0.34985325378925813,1972.5574951171875,0.015766221546592383,0.03243311164408697,0.0,0.0,0.04464613121568861,0.0,0.0,0.06133299421300928,0.0,0.0,0.04464613121568861,0.0,0.0,59418.863295774216,0.001662288119891997,238733292669.84543,2.9729484690932395e-05,2.7083026409274727e+20,0.01025919940801634
golovin_fixed10_high_resolution_screen_v2_N262144_dt0p1_m004,golovin,golovin_fixed10_high_resolution_screen_v2,controlled,64,4,not_applicable,3859234501865751534,262144,0.1,300.0,3600.0,3599.9999046325684,262144,0.03793933594585619,0.9982363474767753,1.8818280267396403e-12,37939.33594585619,238740390093.38928,6.790938825345739e+20,3454.342529296875,0.9980748700522366,0.5501849374266138,0.5501849374266138,2659.87890625,0.018926614043036295,0.03888852075071815,0.0,0.0,0.053465009997415054,0.0,0.0,0.07144867437080828,0.0,0.0,0.053465009997415054,0.0,0.0,37887.079979546696,0.0013792555757188296,238733292669.84543,2.972950887780712e-05,6.661370698447075e+20,0.01945067055476568
golovin_fixed10_high_resolution_screen_v2_N262144_dt0p1_m005,golovin,golovin_fixed10_high_resolution_screen_v2,controlled,65,5,not_applicable,9246374488240650768,262144,0.1,300.0,3600.0,0.0,262144,8.388608,0.9982363474748966,0.0,8388608.0,238740390092.93997,1.358818882881056e+16,74.99938201904297,0.342818357477091,0.0,0.0,57.37809753417969,0.02198330767942924,0.0008526433552335928,0.0,0.0,0.00044851318296699615,0.0,0.0,0.0004465802317375713,0.0,0.0,0.00044851318296699615,0.0,0.0,8388608.0,0.0,238733292669.84543,2.972950699575705e-05,1.3588329560514944e+16,-1.0356806828815124e-05
golovin_fixed10_high_resolution_screen_v2_N262144_dt0p1_m005,golovin,golovin_fixed10_high_resolution_screen_v2,controlled,65,5,not_applicable,9246374488240650768,262144,0.1,300.0,3600.0,300.00001192092896,262144,5.344699414145032,0.9982363477723222,2.979509972078631e-10,5344699.414145032,238740390164.0729,3.3284886383382548e+16,135.853515625,0.6334811430201197,0.0,0.0,87.71031188964844,0.012109173227121461,0.021104733162236322,0.0,0.0,0.029035121285656048,0.0,0.0,0.043867193534298715,0.0,0.0,0.029035121285656048,0.0,0.0,5348803.665523084,-0.0007673213740311269,238733292669.84543,2.972980495563604e-05,3.3422009487832736e+16,-0.004102778574702648
golovin_fixed10_high_resolution_screen_v2_N262144_dt0p1_m005,golovin,golovin_fixed10_high_resolution_screen_v2,controlled,65,5,not_applicable,9246374488240650768,262144,0.1,300.0,3600.0,600.0000238418579,262144,3.4160042237847397,0.9982363472831939,-1.9204149381835123e-10,3416004.2237847396,238740390047.09195,8.147938236178957e+16,192.79519653320312,0.789146836949671,0.0,0.0,123.78022766113281,0.015339570948663365,0.022691652763384265,0.0,0.0,0.031129920157663256,0.0,0.0,0.04629164753728822,0.0,0.0,0.031129920157663256,0.0,0.0,3410542.089022777,0.0016015444522861078,238733292669.84543,2.9729314948712116e-05,8.220515356432454e+16,-0.00882877984002628
golovin_fixed10_high_resolution_screen_v2_N262144_dt0p1_m005,golovin,golovin_fixed10_high_resolution_screen_v2,controlled,65,5,not_applicable,9246374488240650768,262144,0.1,300.0,3600.0,899.9999761581421,262144,2.176717157779052,0.9982363476570594,1.8248447197777296e-10,2176717.157779052,238740390136.5064,1.9829796811855856e+17,244.49090576171875,0.8754422704735689,0.0,0.0,170.71719360351562,0.01139127802424803,0.021969576318498336,0.0,0.0,0.03244164522967751,0.0,0.0,0.04694005416243433,0.0,0.0,0.03244164522967751,0.0,0.0,2174654.2046287498,0.0009486350270819788,238733292669.84543,2.9729689485780142e-05,2.021926918134987e+17,-0.019262435550997048
golovin_fixed10_high_resolution_screen_v2_N262144_dt0p1_m005,golovin,golovin_fixed10_high_resolution_screen_v2,controlled,65,5,not_applicable,9246374488240650768,262144,0.1,300.0,3600.0,1200.0000476837158,262144,1.3891398279577543,0.9982363475151856,4.036015965880324e-11,1389139.8279577543,238740390102.5756,4.88014898903216e+17,314.83221435546875,0.9240769917081871,0.0,0.0,233.66769409179688,0.0126448963927331,0.02302361632390808,0.0,0.0,0.034893003071898195,0.0,0.0,0.04536942692987717,0.0,0.0,0.034893003071898195,0.0,0.0,1386618.2972187817,0.001818475022311583,238733292669.84543,2.9729547357248975e-05,4.97315526712769e+17,-0.01870166385318739
golovin_fixed10_high_resolution_screen_v2_N262144_dt0p1_m005,golovin,golovin_fixed10_high_resolution_screen_v2,controlled,65,5,not_applicable,9246374488240650768,262144,0.1,300.0,3600.0,1500.0,262144,0.8848821334354224,0.9982363474947141,1.98525640371372e-11,884882.1334354224,238740390097.67957,1.2050580339461297e+18,418.803466796875,0.9531285839648975,0.0,0.0,318.4271545410156,0.008340037185814381,0.022478978796549934,0.0,0.0,0.03612857232812463,0.0,0.0,0.045411627119172245,0.0,0.0,0.03612857232812463,0.0,0.0,884145.4617925527,0.0008332018595402779,238733292669.84543,2.9729526848765175e-05,1.2232026906685448e+18,-0.014833728588757533
golovin_fixed10_high_resolution_screen_v2_N262144_dt0p1_m005,golovin,golovin_fixed10_high_resolution_screen_v2,controlled,65,5,not_applicable,9246374488240650768,262144,0.1,300.0,3600.0,1799.9999523162842,262144,0.5651432744959565,0.9982363473740206,-1.0105427605822115e-10,565143.2744959565,238740390068.81424,2.987687262744571e+18,608.2600708007812,0.9706015605982808,0.0,0.0,436.91436767578125,0.013130019102800067,0.025880630910920955,0.0,0.0,0.033532904534287096,0.0,0.0,0.04920971415701519,0.0,0.0,0.033532904534287096,0.0,0.0,563755.1438462138,0.0024622935416112046,238733292669.84543,2.9729405938372366e-05,3.0086026719268946e+18,-0.0069518681803629745
golovin_fixed10_high_resolution_screen_v2_N262144_dt0p1_m005,golovin,golovin_fixed10_high_resolution_screen_v2,controlled,65,5,not_applicable,9246374488240650768,262144,0.1,300.0,3600.0,2099.9999046325684,262144,0.3597812515003176,0.998236346960937,-5.148677040267557e-10,359781.2515003176,238740389970.0203,7.362746763864761e+18,887.7196655273438,0.9815021190606769,0.0,0.0,585.5977783203125,0.01486043217084521,0.021107973911493425,0.0,0.0,0.027264183579225706,0.0,0.0,0.04349809385991285,0.0,0.0,0.027264183579225706,0.0,0.0,359465.58111456485,0.0008781658170831097,238733292669.84543,2.972899211295399e-05,7.39999192822117e+18,-0.005033135808482081
golovin_fixed10_high_resolution_screen_v2_N262144_dt0p1_m005,golovin,golovin_fixed10_high_resolution_screen_v2,controlled,65,5,not_applicable,9246374488240650768,262144,0.1,300.0,3600.0,2400.0000953674316,262144,0.22953939294878842,0.9982363468626148,-6.133636931693331e-10,229539.39294878842,238740389946.5053,1.812235041540602e+19,1141.190185546875,0.9882925122819936,0.000148626026090665,0.000148626026090665,792.3468017578125,0.012020295626730675,0.022495708022268877,0.0,0.0,0.0341735525106199,0.0,0.0,0.05051015112877976,0.0,0.0,0.0341735525106199,0.0,0.0,229204.92913507385,0.001459234820894606,238733292669.84543,2.9728893613967244e-05,1.8201113831406539e+19,-0.004327395385254396
golovin_fixed10_high_resolution_screen_v2_N262144_dt0p1_m005,golovin,golovin_fixed10_high_resolution_screen_v2,controlled,65,5,not_applicable,9246374488240650768,262144,0.1,300.0,3600.0,2700.000047683716,262144,0.146260428870922,0.9982363466463445,-8.300159448637601e-10,146260.428870922,238740389894.78165,4.4511343155668705e+19,1594.468994140625,0.9925798711524858,0.018590319195974692,0.018590319195974692,1055.611572265625,0.0130621010930494,0.02628490114036179,0.0,0.0,0.04000327593291776,0.0,0.0,0.055330475115348776,0.0,0.0,0.04000327593291776,0.0,0.0,146147.28387886327,0.0007741847063851282,238733292669.84543,2.9728676955054212e-05,4.476765798748041e+19,-0.005725446523992539
golovin_fixed10_high_resolution_screen_v2_N262144_dt0p1_m005,golovin,golovin_fixed10_high_resolution_screen_v2,controlled,65,5,not_applicable,9246374488240650768,262144,0.1,300.0,3600.0,3000.0,262144,0.09333558149746986,0.9982363477453154,2.7089663845458745e-10,93335.58149746986,238740390157.61395,1.0814635536437251e+20,1918.723388671875,0.9952781963483606,0.13875024434087227,0.13875024434087227,1438.506591796875,0.013757318552144496,0.029142145727389938,0.0,0.0,0.0431028806103983,0.0,0.0,0.06254007787208414,0.0,0.0,0.0431028806103983,0.0,0.0,93187.47491936282,0.0015893399647881612,238733292669.84543,2.972977790038911e-05,1.1011101959187887e+20,-0.017842575927353055
golovin_fixed10_high_resolution_screen_v2_N262144_dt0p1_m005,golovin,golovin_fixed10_high_resolution_screen_v2,controlled,65,5,not_applicable,9246374488240650768,262144,0.1,300.0,3600.0,3299.999952316284,262144,0.059440814322628335,0.9982363473048464,-1.703506224970397e-10,59440.814322628336,238740390052.27042,2.6094384898382447e+20,2388.7109375,0.9969969918055162,0.3462726942553022,0.3462726942553022,1907.372314453125,0.016727978419148724,0.03492736456361867,0.0,0.0,0.044521815089542546,0.0,0.0,0.06314233767320751,0.0,0.0,0.044521815089542546,0.0,0.0,59418.863295774216,0.00036942858945065993,238733292669.84543,2.9729336640027526e-05,2.7083026409274727e+20,-0.036504100241681825
golovin_fixed10_high_resolution_screen_v2_N262144_dt0p1_m005,golovin,golovin_fixed10_high_resolution_screen_v2,controlled,65,5,not_applicable,9246374488240650768,262144,0.1,300.0,3600.0,3599.9999046325684,262144,0.03790389332385664,0.9982363473837395,-9.13182862660733e-11,37903.89332385664,238740390071.13864,6.442896404402124e+20,3307.291259765625,0.998089959032424,0.5473109414574278,0.5473109414574278,2595.85693359375,0.015482012643072788,0.041268188768490525,0.0,0.0,0.0489937896656969,0.0,0.0,0.06769770028894839,0.0,0.0,0.0489937896656969,0.0,0.0,37887.079979546696,0.00044377514231808135,238733292669.84543,2.9729415674806248e-05,6.661370698447075e+20,-0.03279719804452308
golovin_fixed10_high_resolution_screen_v2_N262144_dt0p1_m006,golovin,golovin_fixed10_high_resolution_screen_v2,controlled,66,6,not_applicable,3104664713150578136,262144,0.1,300.0,3600.0,0.0,262144,8.388608,0.9982363474748966,0.0,8388608.0,238740390092.93997,1.358818882881056e+16,74.99938201904297,0.342818357477091,0.0,0.0,57.37809753417969,0.02199669360663717,0.0008526433552335928,0.0,0.0,0.00044851318296699615,0.0,0.0,0.0004465802317375713,0.0,0.0,0.00044851318296699615,0.0,0.0,8388608.0,0.0,238733292669.84543,2.972950699575705e-05,1.3588329560514944e+16,-1.0356806828815124e-05
golovin_fixed10_high_resolution_screen_v2_N262144_dt0p1_m006,golovin,golovin_fixed10_high_resolution_screen_v2,controlled,66,6,not_applicable,3104664713150578136,262144,0.1,300.0,3600.0,300.00001192092896,262144,5.34481151096556,0.9982363480224358,5.485065734944783e-10,5344811.51096556,238740390223.89066,3.3532925914802036e+16,133.15560913085938,0.6328441841870959,0.0,0.0,88.41374206542969,0.014239407262785896,0.016550537709991354,0.0,0.0,0.028776456056805705,0.0,0.0,0.039241662295560184,0.0,0.0,0.028776456056805705,0.0,0.0,5348803.665523084,-0.0007463640109388603,238733292669.84543,2.9730055518761844e-05,3.3422009487832736e+16,0.0033186642176521453
golovin_fixed10_high_resolution_screen_v2_N262144_dt0p1_m006,golovin,golovin_fixed10_high_resolution_screen_v2,controlled,66,6,not_applicable,3104664713150578136,262144,0.1,300.0,3600.0,600.0000238418579,262144,3.419468193262333,0.9982363477558488,2.8144842012522986e-10,3419468.193262333,238740390160.1331,8.292903745934078e+16,184.74002075195312,0.7888189179901545,0.0,0.0,124.63356018066406,0.01613438368138249,0.020271260746297638,0.0,0.0,0.030781603327972962,0.0,0.0,0.04047892359588891,0.0,0.0,0.030781603327972962,0.0,0.0,3410542.089022777,0.002617209817842747,238733292669.84543,2.972978845261487e-05,8.220515356432454e+16,0.00880582133393637
golovin_fixed10_high_resolution_screen_v2_N262144_dt0p1_m006,golovin,golovin_fixed10_high_resolution_screen_v2,controlled,66,6,not_applicable,3104664713150578136,262144,0.1,300.0,3600.0,899.9999761581421,262144,2.177744981502808,0.9982363475041591,2.931410669759771e-11,2177744.981502808,238740390099.9385,2.0487352546176605e+17,264.8316345214844,0.8748139888725458,0.0,0.0,173.2213592529297,0.018319044591612575,0.025917528640078014,0.0,0.0,0.035014393249488206,0.0,0.0,0.048616105525149424,0.0,0.0,0.035014393249488206,0.0,0.0,2174654.2046287498,0.0014212728016618215,238733292669.84543,2.972953631097397e-05,2.021926918134987e+17,0.013258805865941747
golovin_fixed10_high_resolution_screen_v2_N262144_dt0p1_m006,golovin,golovin_fixed10_high_resolution_screen_v2,controlled,66,6,not_applicable,3104664713150578136,262144,0.1,300.0,3600.0,1200.0000476837158,262144,1.3874614199863808,0.9982363472636433,-2.1162660512885623e-10,1387461.4199863807,238740390042.41623,5.033539164572194e+17,373.0381164550781,0.9240320517734998,0.0,0.0,235.128173828125,0.017687358110726074,0.028189967939014324,0.0,0.0,0.03841124736529668,0.0,0.0,0.05002516042337245,0.0,0.0,0.03841124736529668,0.0,0.0,1386618.2972187817,0.0006080424362566728,238733292669.84543,2.9729295363267738e-05,4.97315526712769e+17,0.012141969072158032
golovin_fixed10_high_resolution_screen_v2_N262144_dt0p1_m006,golovin,golovin_fixed10_high_resolution_screen_v2,controlled,66,6,not_applicable,3104664713150578136,262144,0.1,300.0,3600.0,1500.0,262144,0.8849369165612675,0.9982363472073652,-2.6800406338622906e-10,884936.9165612675,238740390028.9566,1.238377916586575e+18,447.5939636230469,0.9529604664470874,0.0,0.0,319.6851806640625,0.019015383710847093,0.028769088456689955,0.0,0.0,0.03497281103199999,0.0,0.0,0.0480747333544271,0.0,0.0,0.03497281103199999,0.0,0.0,884145.4617925527,0.0008951635255924906,238733292669.84543,2.97292389839221e-05,1.2232026906685448e+18,0.01240614170799148
golovin_fixed10_high_resolution_screen_v2_N262144_dt0p1_m006,golovin,golovin_fixed10_high_resolution_screen_v2,controlled,66,6,not_applicable,3104664713150578136,262144,0.1,300.0,3600.0,1799.9999523162842,262144,0.5637188408293455,0.9982363473718195,-1.0325917898512671e-10,563718.8408293455,238740390068.28787,3.0390084195933804e+18,655.5498046875,0.9706482906098088,0.0,0.0,435.037109375,0.01706782885518058,0.028994956011311246,0.0,0.0,0.03594955212047346,0.0,0.0,0.04858767797557932,0.0,0.0,0.03594955212047346,0.0,0.0,563755.1438462138,-6.439500776989071e-05,238733292669.84543,2.9729403733691484e-05,3.0086026719268946e+18,0.010106268916862948
golovin_fixed10_high_resolution_screen_v2_N262144_dt0p1_m006,golovin,golovin_fixed10_high_resolution_screen_v2,controlled,66,6,not_applicable,3104664713150578136,262144,0.1,300.0,3600.0,2099.9999046325684,262144,0.35904040927105674,0.998236347959904,4.858642377314482e-10,359040.40927105676,238740390208.93542,7.47989040641312e+18,825.0025634765625,0.9815777134990221,0.0,0.0,594.6910400390625,0.016281796111584916,0.02672955290988048,0.0,0.0,0.03323082340150056,0.0,0.0,0.04821468895437396,0.0,0.0,0.03323082340150056,0.0,0.0,359465.58111456485,-0.0011827887448634389,238733292669.84543,2.9729992874649724e-05,7.39999192822117e+18,0.010797103424835308
golovin_fixed10_high_resolution_screen_v2_N262144_dt0p1_m006,golovin,golovin_fixed10_high_resolution_screen_v2,controlled,66,6,not_applicable,3104664713150578136,262144,0.1,300.0,3600.0,2400.0000953674316,262144,0.22861997030282238,0.9982363472425894,-2.3271773397226525e-10,228619.9703028224,238740390037.3809,1.8393421620351377e+19,1137.27978515625,0.9883625561442916,0.00017328030987087526,0.00017328030987087526,794.7622680664062,0.010980400534440491,0.02674487602495551,0.0,0.0,0.03631937705288653,0.0,0.0,0.05062410331857673,0.0,0.0,0.03631937705288653,0.0,0.0,229204.92913507385,-0.0025521215205051018,238733292669.84543,2.9729274271250716e-05,1.8201113831406539e+19,0.010565715413141774
golovin_fixed10_high_resolution_screen_v2_N262144_dt0p1_m006,golovin,golovin_fixed10_high_resolution_screen_v2,controlled,66,6,not_applicable,3104664713150578136,262144,0.1,300.0,3600.0,2700.000047683716,262144,0.14582851357417045,0.9982363468093988,-6.666736052096667e-10,145828.51357417044,238740389933.77808,4.532667986750947e+19,1517.846923828125,0.9926205238633818,0.022206896372759355,0.022206896372759355,1082.4140625,0.014174823331710674,0.02379768532058486,0.0,0.0,0.036999660886815604,0.0,0.0,0.05218286733283474,0.0,0.0,0.036999660886815604,0.0,0.0,146147.28387886327,-0.002181157912979348,238733292669.84543,2.972884030238987e-05,4.476765798748041e+19,0.012487181710184592
golovin_fixed10_high_resolution_screen_v2_N262144_dt0p1_m006,golovin,golovin_fixed10_high_resolution_screen_v2,controlled,66,6,not_applicable,3104664713150578136,262144,0.1,300.0,3600.0,3000.0,262144,0.09290010339179626,0.998236347520507,4.569100653384339e-11,92900.10339179626,238740390103.84827,1.1115651160795918e+20,1987.9810791015625,0.9953132036701755,0.1419188678617964,0.1419188678617964,1468.5174560546875,0.012868732107098699,0.02799282921313502,0.0,0.0,0.042257936714536745,0.0,0.0,0.05810257742563887,0.0,0.0,0.042257936714536745,0.0,0.0,93187.47491936282,-0.0030837999185537868,238733292669.84543,2.972955268809585e-05,1.1011101959187887e+20,0.009494889975184773
golovin_fixed10_high_resolution_screen_v2_N262144_dt0p1_m006,golovin,golovin_fixed10_high_resolution_screen_v2,controlled,66,6,not_applicable,3104664713150578136,262144,0.1,300.0,3600.0,3299.999952316284,262144,0.05922931221101237,0.9982363473963306,-7.870482043870197e-11,59229.312211012366,238740390074.14996,2.7510994822729295e+20,2782.45068359375,0.9970169417432191,0.3499012709140277,0.3499012709140277,1954.38134765625,0.01292310951480409,0.03303642410563118,0.0,0.0,0.04477507337334755,0.0,0.0,0.06419123845615389,0.0,0.0,0.04477507337334755,0.0,0.0,59418.863295774216,-0.003190082647968273,238733292669.84543,2.9729428288716164e-05,2.7083026409274727e+20,0.015802089729086033
golovin_fixed10_high_resolution_screen_v2_N262144_dt0p1_m006,golovin,golovin_fixed10_high_resolution_screen_v2,controlled,66,6,not_applicable,3104664713150578136,262144,0.1,300.0,3600.0,3599.9999046325684,262144,0.03777603249407169,0.9982363475836867,1.0898237867706939e-10,37776.03249407169,238740390118.95844,6.736400627160001e+20,3557.42431640625,0.9981001010184444,0.5490822741646536,0.5490822741646536,2641.36181640625,0.015683996105567942,0.03749833043586793,0.0,0.0,0.04752061514750157,0.0,0.0,0.0670504794722904,0.0,0.0,0.04752061514750157,0.0,0.0,37887.079979546696,-0.0029310119844272453,238733292669.84543,2.972961598124435e-05,6.661370698447075e+20,0.011263436927540615
golovin_fixed10_high_resolution_screen_v2_N262144_dt0p1_m007,golovin,golovin_fixed10_high_resolution_screen_v2,controlled,67,7,not_applicable,14513404732716350424,262144,0.1,300.0,3600.0,0.0,262144,8.388608,0.9982363474748966,0.0,8388608.0,238740390092.93997,1.358818882881056e+16,74.99938201904297,0.342818357477091,0.0,0.0,57.37809753417969,0.022000217880142683,0.0008526433552335928,0.0,0.0,0.00044851318296699615,0.0,0.0,0.0004465802317375713,0.0,0.0,0.00044851318296699615,0.0,0.0,8388608.0,0.0,238733292669.84543,2.972950699575705e-05,1.3588329560514944e+16,-1.0356806828815124e-05
golovin_fixed10_high_resolution_screen_v2_N262144_dt0p1_m007,golovin,golovin_fixed10_high_resolution_screen_v2,controlled,67,7,not_applicable,14513404732716350424,262144,0.1,300.0,3600.0,300.00001192092896,262144,5.354475974384444,0.9982363477287732,2.5432522754442743e-10,5354475.974384444,238740390153.65768,3.3382327562005504e+16,125.66211700439453,0.632815222018579,0.0,0.0,87.55536651611328,0.015794174991006774,0.02301338704945215,0.0,0.0,0.028763241256733508,0.0,0.0,0.04247735388183977,0.0,0.0,0.028763241256733508,0.0,0.0,5348803.665523084,0.001060481785473355,238733292669.84543,2.972976132853411e-05,3.3422009487832736e+16,-0.001187299220942406
golovin_fixed10_high_resolution_screen_v2_N262144_dt0p1_m007,golovin,golovin_fixed10_high_resolution_screen_v2,controlled,67,7,not_applicable,14513404732716350424,262144,0.1,300.0,3600.0,600.0000238418579,262144,3.4148550148874097,0.9982363472834335,-1.9180146360042727e-10,3414855.0148874098,238740390047.14923,8.214243189571893e+16,187.71249389648438,0.7892076999454258,0.0,0.0,124.10914611816406,0.014543879419387475,0.023952751440636827,0.0,0.0,0.03143317464760528,0.0,0.0,0.04419051788494791,0.0,0.0,0.03143317464760528,0.0,0.0,3410542.089022777,0.0012645866117630966,238733292669.84543,2.9729315188742333e-05,8.220515356432454e+16,-0.000762989495014299
golovin_fixed10_high_resolution_screen_v2_N262144_dt0p1_m007,golovin,golovin_fixed10_high_resolution_screen_v2,controlled,67,7,not_applicable,14513404732716350424,262144,0.1,300.0,3600.0,899.9999761581421,262144,2.1786010967267604,0.9982363476957632,2.212567906667573e-10,2178601.0967267603,238740390145.76294,2.021736414750104e+17,246.53941345214844,0.8748565253111371,0.0,0.0,172.0194091796875,0.012824378032927802,0.02313323714715605,0.0,0.0,0.03193404812404216,0.0,0.0,0.045903095921905855,0.0,0.0,0.03193404812404216,0.0,0.0,2174654.2046287498,0.0018149515861463072,238733292669.84543,2.9729728259209054e-05,2.021926918134987e+17,-9.421872925985397e-05
golovin_fixed10_high_resolution_screen_v2_N262144_dt0p1_m007,golovin,golovin_fixed10_high_resolution_screen_v2,controlled,67,7,not_applicable,14513404732716350424,262144,0.1,300.0,3600.0,1200.0000476837158,262144,1.3871257960617913,0.9982363476119624,1.3730794279354086e-10,1387125.7960617912,238740390125.72095,4.950194091068722e+17,355.3951721191406,0.9241078429166159,0.0,0.0,233.6852264404297,0.012476384055794477,0.023047005371321025,0.0,0.0,0.036674224065889084,0.0,0.0,0.048016597958843096,0.0,0.0,0.036674224065889084,0.0,0.0,1386618.2972187817,0.00036599750921184615,238733292669.84543,2.972964430791869e-05,4.97315526712769e+17,-0.004617023765724815
golovin_fixed10_high_resolution_screen_v2_N262144_dt0p1_m007,golovin,golovin_fixed10_high_resolution_screen_v2,controlled,67,7,not_applicable,14513404732716350424,262144,0.1,300.0,3600.0,1500.0,262144,0.884301188772928,0.9982363478491443,3.7490877069501494e-10,884301.188772928,238740390182.44583,1.2191785623786575e+18,476.83056640625,0.9532975355319434,0.0,0.0,320.5743713378906,0.009940005599850966,0.023978304879209295,0.0,0.0,0.0332973079093858,0.0,0.0,0.04478571402619275,0.0,0.0,0.0332973079093858,0.0,0.0,884145.4617925527,0.00017613275994143862,238733292669.84543,2.9729881915629974e-05,1.2232026906685448e+18,-0.0032898294948058293
golovin_fixed10_high_resolution_screen_v2_N262144_dt0p1_m007,golovin,golovin_fixed10_high_resolution_screen_v2,controlled,67,7,not_applicable,14513404732716350424,262144,0.1,300.0,3600.0,1799.9999523162842,262144,0.5625979798130208,0.9982363480890227,6.152109932600069e-10,562597.9798130208,238740390239.81573,3.000352024108809e+18,641.956298828125,0.9709380226277611,0.0,0.0,435.6683654785156,0.011002814090323053,0.02558649878084572,0.0,0.0,0.032883603737328536,0.0,0.0,0.04645074983546162,0.0,0.0,0.032883603737328536,0.0,0.0,563755.1438462138,-0.00205260039899291,238733292669.84543,2.973012222518001e-05,3.0086026719268946e+18,-0.002742352087589217
golovin_fixed10_high_resolution_screen_v2_N262144_dt0p1_m007,golovin,golovin_fixed10_high_resolution_screen_v2,controlled,67,7,not_applicable,14513404732716350424,262144,0.1,300.0,3600.0,2099.9999046325684,262144,0.3583300320375668,0.9982363470294817,-4.4620185324362183e-10,358330.0320375668,238740389986.41357,7.33617087057233e+18,825.3309326171875,0.9817315434153209,0.0,0.0,583.8392333984375,0.015503550505577779,0.028363665964516303,0.0,0.0,0.03826873724683471,0.0,0.0,0.052439162042239945,0.0,0.0,0.03826873724683471,0.0,0.0,359465.58111456485,-0.0031589925062563973,238733292669.84543,2.972906078069215e-05,7.39999192822117e+18,-0.008624476657257851
golovin_fixed10_high_resolution_screen_v2_N262144_dt0p1_m007,golovin,golovin_fixed10_high_resolution_screen_v2,controlled,67,7,not_applicable,14513404732716350424,262144,0.1,300.0,3600.0,2400.0000953674316,262144,0.22839866118173657,0.9982363473980083,-7.702427584632687e-11,228398.66118173656,238740390074.55124,1.8065887077712796e+19,1045.1474609375,0.9884559949204694,0.00033959081099354556,0.00033959081099354556,798.985595703125,0.013313470841461027,0.024673721846551356,0.0,0.0,0.032839297779818984,0.0,0.0,0.0492299698724985,0.0,0.0,0.032839297779818984,0.0,0.0,229204.92913507385,-0.0035176728370537313,238733292669.84543,2.972942996937178e-05,1.8201113831406539e+19,-0.0074295867245446345
golovin_fixed10_high_resolution_screen_v2_N262144_dt0p1_m007,golovin,golovin_fixed10_high_resolution_screen_v2,controlled,67,7,not_applicable,14513404732716350424,262144,0.1,300.0,3600.0,2700.000047683716,262144,0.14587101880608216,0.9982363479370737,4.6299364342416993e-10,145871.01880608217,238740390203.47528,4.471909108028339e+19,1391.7373046875,0.9926630548316684,0.020211515501259627,0.020211515501259627,1081.269775390625,0.011540452358577168,0.02353353629658351,0.0,0.0,0.03492287710051005,0.0,0.0,0.052249327937926165,0.0,0.0,0.03492287710051005,0.0,0.0,146147.28387886327,-0.0018903195834284459,238733292669.84543,2.972997000316724e-05,4.476765798748041e+19,-0.0010848659362659996
golovin_fixed10_high_resolution_screen_v2_N262144_dt0p1_m007,golovin,golovin_fixed10_high_resolution_screen_v2,controlled,67,7,not_applicable,14513404732716350424,262144,0.1,300.0,3600.0,3000.0,262144,0.09296602342854812,0.9982363477632211,2.888338457296413e-10,92966.02342854813,238740390161.8963,1.1122086881221727e+20,2143.398193359375,0.9953375074634832,0.14145003187771674,0.14145003187771674,1473.171875,0.014545140840039533,0.027544209554819295,0.0,0.0,0.03553353135587099,0.0,0.0,0.05244837882516785,0.0,0.0,0.03553353135587099,0.0,0.0,93187.47491936282,-0.0023764083210359166,238733292669.84543,2.9729795838262518e-05,1.1011101959187887e+20,0.010079365575325738
golovin_fixed10_high_resolution_screen_v2_N262144_dt0p1_m007,golovin,golovin_fixed10_high_resolution_screen_v2,controlled,67,7,not_applicable,14513404732716350424,262144,0.1,300.0,3600.0,3299.999952316284,262144,0.059304425465938525,0.9982363475703782,9.565015446355574e-11,59304.425465938526,238740390115.77557,2.7673300737446756e+20,2816.940185546875,0.9970337868410307,0.3476252156297744,0.3476252156297744,1966.8883056640625,0.021194544499877427,0.038790218962932006,0.0,0.0,0.05249890437288476,0.0,0.0,0.06826855149780621,0.0,0.0,0.05249890437288476,0.0,0.0,59418.863295774216,-0.0019259511792751871,238733292669.84543,2.9729602649020137e-05,2.7083026409274727e+20,0.02179499141831087
golovin_fixed10_high_resolution_screen_v2_N262144_dt0p1_m007,golovin,golovin_fixed10_high_resolution_screen_v2,controlled,67,7,not_applicable,14513404732716350424,262144,0.1,300.0,3600.0,3599.9999046325684,262144,0.037831588710452196,0.9982363476783931,2.038560431572023e-10,37831.5887104522,238740390141.6086,6.821826817360925e+20,3710.908935546875,0.998111324681988,0.5516476728610794,0.5516476728610794,2676.86376953125,0.015074241786174818,0.03442217653677198,0.0,0.0,0.04797982224178874,0.0,0.0,0.07054791921823061,0.0,0.0,0.04797982224178874,0.0,0.0,37887.079979546696,-0.001464648875670993,238733292669.84543,2.972971085779541e-05,6.661370698447075e+20,0.024087552874253904
golovin_fixed10_high_resolution_screen_v2_N262144_dt0p1_m008,golovin,golovin_fixed10_high_resolution_screen_v2,controlled,68,8,not_applicable,13278762022830207176,262144,0.1,300.0,3600.0,0.0,262144,8.388608,0.9982363474748966,0.0,8388608.0,238740390092.93997,1.358818882881056e+16,74.99938201904297,0.342818357477091,0.0,0.0,57.37809753417969,0.022012000900399394,0.0008526433552335928,0.0,0.0,0.00044851318296699615,0.0,0.0,0.0004465802317375713,0.0,0.0,0.00044851318296699615,0.0,0.0,8388608.0,0.0,238733292669.84543,2.972950699575705e-05,1.3588329560514944e+16,-1.0356806828815124e-05
golovin_fixed10_high_resolution_screen_v2_N262144_dt0p1_m008,golovin,golovin_fixed10_high_resolution_screen_v2,controlled,68,8,not_applicable,13278762022830207176,262144,0.1,300.0,3600.0,300.00001192092896,262144,5.3501475647189,0.9982363480805907,6.067641944440538e-10,5350147.5647189,238740390237.7991,3.3379434077443012e+16,135.2821807861328,0.636388177779384,0.0,0.0,87.8825912475586,0.012104228161706245,0.015570854507218027,0.0,0.0,0.02600921613192358,0.0,0.0,0.037457863674788865,0.0,0.0,0.02600921613192358,0.0,0.0,5348803.665523084,0.00025125229487832357,238733292669.84543,2.9730113777937106e-05,3.3422009487832736e+16,-0.0012738734457371503
golovin_fixed10_high_resolution_screen_v2_N262144_dt0p1_m008,golovin,golovin_fixed10_high_resolution_screen_v2,controlled,68,8,not_applicable,13278762022830207176,262144,0.1,300.0,3600.0,600.0000238418579,262144,3.406708227916547,0.9982363475666473,9.191269967345761e-11,3406708.227916547,238740390114.88327,8.245096317549986e+16,178.61618041992188,0.7914079644027107,0.0,0.0,124.3538818359375,0.010985200249950023,0.025136630968008552,0.0,0.0,0.03176962322627465,0.0,0.0,0.04940265270507308,0.0,0.0,0.03176962322627465,0.0,0.0,3410542.089022777,-0.0011241207427317157,238733292669.84543,2.9729598911343302e-05,8.220515356432454e+16,0.0029901970924848253
golovin_fixed10_high_resolution_screen_v2_N262144_dt0p1_m008,golovin,golovin_fixed10_high_resolution_screen_v2,controlled,68,8,not_applicable,13278762022830207176,262144,0.1,300.0,3600.0,899.9999761581421,262144,2.1756360591863,0.9982363478256528,3.5137581733124534e-10,2175636.0591863003,238740390176.82764,2.0140383835306762e+17,249.8016357421875,0.8764640814874,0.0,0.0,170.9236297607422,0.009452379239213823,0.022358098711013158,0.0,0.0,0.03174281411505969,0.0,0.0,0.04698816923508123,0.0,0.0,0.03174281411505969,0.0,0.0,2174654.2046287498,0.00045149916499864773,238733292669.84543,2.972985838223252e-05,2.021926918134987e+17,-0.003901493438539849
golovin_fixed10_high_resolution_screen_v2_N262144_dt0p1_m008,golovin,golovin_fixed10_high_resolution_screen_v2,controlled,68,8,not_applicable,13278762022830207176,262144,0.1,300.0,3600.0,1200.0000476837158,262144,1.3906539383141931,0.998236347516,4.1175951537297806e-11,1390653.9383141932,238740390102.7704,4.964264337347097e+17,351.8377685546875,0.9246152658824306,0.0,0.0,234.78768920898438,0.01102636718660693,0.02431762694589984,0.0,0.0,0.03398369731583561,0.0,0.0,0.047024734031615244,0.0,0.0,0.03398369731583561,0.0,0.0,1386618.2972187817,0.0029104196183664666,238733292669.84543,2.9729548173040854e-05,4.97315526712769e+17,-0.001787784475454024
golovin_fixed10_high_resolution_screen_v2_N262144_dt0p1_m008,golovin,golovin_fixed10_high_resolution_screen_v2,controlled,68,8,not_applicable,13278762022830207176,262144,0.1,300.0,3600.0,1500.0,262144,0.8865922015740325,0.9982363479881556,5.141658210305877e-10,886592.2015740325,238740390215.6921,1.2274234768085545e+18,453.5813903808594,0.9534258721948764,0.0,0.0,318.3680725097656,0.014802822586367856,0.022941569217573076,0.0,0.0,0.03505824239388879,0.0,0.0,0.048315138885152285,0.0,0.0,0.03505824239388879,0.0,0.0,884145.4617925527,0.002767349816532594,238733292669.84543,2.9730021176899157e-05,1.2232026906685448e+18,0.003450602399920122
golovin_fixed10_high_resolution_screen_v2_N262144_dt0p1_m008,golovin,golovin_fixed10_high_resolution_screen_v2,controlled,68,8,not_applicable,13278762022830207176,262144,0.1,300.0,3600.0,1799.9999523162842,262144,0.5650125408593611,0.9982363477612451,2.8685431807673467e-10,565012.5408593612,238740390161.4237,3.0216976717266253e+18,589.7722778320312,0.9709694328142339,0.0,0.0,436.4684143066406,0.01252887580609102,0.024007068567826473,0.0,0.0,0.035833524121167366,0.0,0.0,0.04798130900068445,0.0,0.0,0.035833524121167366,0.0,0.0,563755.1438462138,0.00223039563695826,238733292669.84543,2.9729793858734865e-05,3.0086026719268946e+18,0.004352518836042929
golovin_fixed10_high_resolution_screen_v2_N262144_dt0p1_m008,golovin,golovin_fixed10_high_resolution_screen_v2,controlled,68,8,not_applicable,13278762022830207176,262144,0.1,300.0,3600.0,2099.9999046325684,262144,0.36040128350993755,0.9982363474018617,-7.316391936740274e-11,360401.2835099376,238740390075.47278,7.335371529463522e+18,792.6663818359375,0.9816750322487722,0.0,0.0,583.5554809570312,0.01105269617648588,0.026046276225206843,0.0,0.0,0.03610231194157014,0.0,0.0,0.04877796915950962,0.0,0.0,0.03610231194157014,0.0,0.0,359465.58111456485,0.0026030375216217205,238733292669.84543,2.9729433829617236e-05,7.39999192822117e+18,-0.008732495843840837
golovin_fixed10_high_resolution_screen_v2_N262144_dt0p1_m008,golovin,golovin_fixed10_high_resolution_screen_v2,controlled,68,8,not_applicable,13278762022830207176,262144,0.1,300.0,3600.0,2400.0000953674316,262144,0.2296391275444201,0.9982363478957954,4.216424986935863e-10,229639.1275444201,238740390193.60306,1.806086667880889e+19,1131.2589111328125,0.9883992425645686,0.00023387031557322438,0.00023387031557322438,794.6409301757812,0.011688675546132251,0.023490157956772492,0.0,0.0,0.037603629101589015,0.0,0.0,0.05168200331059717,0.0,0.0,0.037603629101589015,0.0,0.0,229204.92913507385,0.0018943676778013785,238733292669.84543,2.972992865069024e-05,1.8201113831406539e+19,-0.0077054159375482545
golovin_fixed10_high_resolution_screen_v2_N262144_dt0p1_m008,golovin,golovin_fixed10_high_resolution_screen_v2,controlled,68,8,not_applicable,13278762022830207176,262144,0.1,300.0,3600.0,2700.000047683716,262144,0.14651030311388724,0.9982363480269265,5.530051971902594e-10,146510.30311388723,238740390224.9647,4.459678280149231e+19,1443.33544921875,0.9926503547685417,0.02059747230636996,0.02059747230636996,1081.6741943359375,0.012039146814386316,0.02769187035795042,0.0,0.0,0.03933702050212532,0.0,0.0,0.05607290110029868,0.0,0.0,0.03933702050212532,0.0,0.0,146147.28387886327,0.002483927346367043,238733292669.84543,2.9730060017607585e-05,4.476765798748041e+19,-0.0038169337792003377
golovin_fixed10_high_resolution_screen_v2_N262144_dt0p1_m008,golovin,golovin_fixed10_high_resolution_screen_v2,controlled,68,8,not_applicable,13278762022830207176,262144,0.1,300.0,3600.0,3000.0,262144,0.09355029549704764,0.9982363475324294,5.7634341743550976e-11,93550.29549704764,238740390106.69965,1.106555300073754e+20,1924.236328125,0.9953153444350844,0.14264116850785302,0.14264116850785302,1454.7601318359375,0.013191159651283323,0.027582050285436897,0.0,0.0,0.041902893375489136,0.0,0.0,0.0613256276669633,0.0,0.0,0.041902893375489136,0.0,0.0,93187.47491936282,0.0038934478909185,238733292669.84543,2.972956463187515e-05,1.1011101959187887e+20,0.0049451037463346115
golovin_fixed10_high_resolution_screen_v2_N262144_dt0p1_m008,golovin,golovin_fixed10_high_resolution_screen_v2,controlled,68,8,not_applicable,13278762022830207176,262144,0.1,300.0,3600.0,3299.999952316284,262144,0.059642648545829006,0.9982363477816394,3.072846421758868e-10,59642.648545829004,238740390166.30127,2.750225901031022e+20,2522.06201171875,0.9970214513767368,0.3485569486925208,0.3485569486925208,1992.68994140625,0.018561889349298435,0.030965354588218818,0.0,0.0,0.03961001137923904,0.0,0.0,0.057738138975045164,0.0,0.0,0.03961001137923904,0.0,0.0,59418.863295774216,0.0037662324326339647,238733292669.84543,2.97298142897251e-05,2.7083026409274727e+20,0.0154795329997508
golovin_fixed10_high_resolution_screen_v2_N262144_dt0p1_m008,golovin,golovin_fixed10_high_resolution_screen_v2,controlled,68,8,not_applicable,13278762022830207176,262144,0.1,300.0,3600.0,3599.9999046325684,262144,0.038023048207823484,0.9982363467899502,-6.861565760019062e-10,38023.048207823485,238740389929.12674,6.689013606234473e+20,3558.792236328125,0.9981038594263394,0.5489098552919907,0.5489098552919907,2656.99609375,0.018305806803174427,0.040036998227935515,0.0,0.0,0.04874845569663482,0.0,0.0,0.06914058370275203,0.0,0.0,0.04874845569663482,0.0,0.0,37887.079979546696,0.0035887756024004513,238733292669.84543,2.972882081908601e-05,6.661370698447075e+20,0.004149732695981401
golovin_fixed10_high_resolution_screen_v2_N262144_dt0p1_m009,golovin,golovin_fixed10_high_resolution_screen_v2,controlled,69,9,not_applicable,13327263202519338592,262144,0.1,300.0,3600.0,0.0,262144,8.388608,0.9982363474748966,0.0,8388608.0,238740390092.93997,1.358818882881056e+16,74.99938201904297,0.342818357477091,0.0,0.0,57.37809753417969,0.022013487005167292,0.0008526433552335928,0.0,0.0,0.00044851318296699615,0.0,0.0,0.0004465802317375713,0.0,0.0,0.00044851318296699615,0.0,0.0,8388608.0,0.0,238733292669.84543,2.972950699575705e-05,1.3588329560514944e+16,-1.0356806828815124e-05
golovin_fixed10_high_resolution_screen_v2_N262144_dt0p1_m009,golovin,golovin_fixed10_high_resolution_screen_v2,controlled,69,9,not_applicable,13327263202519338592,262144,0.1,300.0,3600.0,300.00001192092896,262144,5.340569374025475,0.9982363475759332,1.0121503635218687e-10,5340569.374025475,238740390117.1041,3.326729028902561e+16,130.102294921875,0.6363699976266418,0.0,0.0,87.35118865966797,0.010583409312215164,0.021741705412066832,0.0,0.0,0.02824923226064649,0.0,0.0,0.039082112550101994,0.0,0.0,0.02824923226064649,0.0,0.0,5348803.665523084,-0.0015394641517101348,238733292669.84543,2.9729608213902026e-05,3.3422009487832736e+16,-0.004629260812802238
golovin_fixed10_high_resolution_screen_v2_N262144_dt0p1_m009,golovin,golovin_fixed10_high_resolution_screen_v2,controlled,69,9,not_applicable,13327263202519338592,262144,0.1,300.0,3600.0,600.0000238418579,262144,3.4054706166483477,0.9982363481864935,7.128542200973698e-10,3405470.6166483476,238740390263.12708,8.147932439305242e+16,168.842529296875,0.7924980487421207,0.0,0.0,124.39348602294922,0.009952569181355564,0.028279902521484806,0.0,0.0,0.03452137054432025,0.0,0.0,0.04696984656195063,0.0,0.0,0.03452137054432025,0.0,0.0,3410542.089022777,-0.0014869989116254034,238733292669.84543,2.973021987129343e-05,8.220515356432454e+16,-0.00882948501159575
golovin_fixed10_high_resolution_screen_v2_N262144_dt0p1_m009,golovin,golovin_fixed10_high_resolution_screen_v2,controlled,69,9,not_applicable,13327263202519338592,262144,0.1,300.0,3600.0,899.9999761581421,262144,2.167707989915793,0.9982363470292754,-4.4640846574850457e-10,2167707.989915793,238740389986.36426,2.0223112801376813e+17,252.3148193359375,0.8772638955553081,0.0,0.0,171.5286102294922,0.009683172741702223,0.019474808472833553,0.0,0.0,0.028843953519999962,0.0,0.0,0.04067086351599352,0.0,0.0,0.028843953519999962,0.0,0.0,2174654.2046287498,-0.0031941697664722435,238733292669.84543,2.9729060573968624e-05,2.021926918134987e+17,0.0001900968819630311
golovin_fixed10_high_resolution_screen_v2_N262144_dt0p1_m009,golovin,golovin_fixed10_high_resolution_screen_v2,controlled,69,9,not_applicable,13327263202519338592,262144,0.1,300.0,3600.0,1200.0000476837158,262144,1.380991063605177,0.9982363474158571,-5.91439119901338e-11,1380991.063605177,238740390078.81995,4.968905345026873e+17,338.8002014160156,0.9252948257483125,0.0,0.0,235.56890869140625,0.010686953796201422,0.024849572222508696,0.0,0.0,0.03502362657235111,0.0,0.0,0.049829680677470164,0.0,0.0,0.03502362657235111,0.0,0.0,1386618.2972187817,-0.0040582427225225315,238733292669.84543,2.9729447850179724e-05,4.97315526712769e+17,-0.0008545725746608168
golovin_fixed10_high_resolution_screen_v2_N262144_dt0p1_m009,golovin,golovin_fixed10_high_resolution_screen_v2,controlled,69,9,not_applicable,13327263202519338592,262144,0.1,300.0,3600.0,1500.0,262144,0.8802408412794671,0.99823634747919,4.3010039973978564e-12,880240.8412794671,238740390093.96677,1.2222362869113925e+18,429.844482421875,0.9536059346436179,0.0,0.0,319.5417175292969,0.00925266946339366,0.0201669300013193,0.0,0.0,0.03068868536681469,0.0,0.0,0.04523652651905535,0.0,0.0,0.03068868536681469,0.0,0.0,884145.4617925527,-0.004416264836296535,238733292669.84543,2.9729511296761046e-05,1.2232026906685448e+18,-0.0007900601956851716
golovin_fixed10_high_resolution_screen_v2_N262144_dt0p1_m009,golovin,golovin_fixed10_high_resolution_screen_v2,controlled,69,9,not_applicable,13327263202519338592,262144,0.1,300.0,3600.0,1799.9999523162842,262144,0.5615454474078198,0.9982363479524871,4.784341811614468e-10,561545.4474078198,238740390207.16153,3.022862871237907e+18,602.185546875,0.9709887800259556,0.0,0.0,433.1274719238281,0.01134405207782728,0.022601880192935346,0.0,0.0,0.03406968319462079,0.0,0.0,0.04927508744702016,0.0,0.0,0.03406968319462079,0.0,0.0,563755.1438462138,-0.003919603151322781,238733292669.84543,2.9729985444149065e-05,3.0086026719268946e+18,0.004739808098980225
golovin_fixed10_high_resolution_screen_v2_N262144_dt0p1_m009,golovin,golovin_fixed10_high_resolution_screen_v2,controlled,69,9,not_applicable,13327263202519338592,262144,0.1,300.0,3600.0,2099.9999046325684,262144,0.35835415776859064,0.9982363473997066,-7.532297008339128e-11,358354.15776859067,238740390074.95734,7.486791498103011e+18,799.2080688476562,0.9817325080480427,0.0,0.0,590.8528442382812,0.013722373545537743,0.02587918122327106,0.0,0.0,0.03624972905806019,0.0,0.0,0.04892639521694217,0.0,0.0,0.03624972905806019,0.0,0.0,359465.58111456485,-0.003091876953916106,238733292669.84543,2.9729431670455497e-05,7.39999192822117e+18,0.011729684400170193
golovin_fixed10_high_resolution_screen_v2_N262144_dt0p1_m009,golovin,golovin_fixed10_high_resolution_screen_v2,controlled,69,9,not_applicable,13327263202519338592,262144,0.1,300.0,3600.0,2400.0000953674316,262144,0.22854995733174946,0.998236347953969,4.799187713899755e-10,228549.95733174947,238740390207.516,1.8555191916893344e+19,1075.6513671875,0.9884385923752074,0.00026334797830937224,0.00026334797830937224,806.1163330078125,0.02030361560911361,0.028227770237371348,0.0,0.0,0.03706356967996499,0.0,0.0,0.04992396614744113,0.0,0.0,0.03706356967996499,0.0,0.0,229204.92913507385,-0.002857581666310449,238733292669.84543,2.972998692896134e-05,1.8201113831406539e+19,0.019453649307760168
golovin_fixed10_high_resolution_screen_v2_N262144_dt0p1_m009,golovin,golovin_fixed10_high_resolution_screen_v2,controlled,69,9,not_applicable,13327263202519338592,262144,0.1,300.0,3600.0,2700.000047683716,262144,0.14571422962019764,0.9982363472823952,-1.9284152052989612e-10,145714.22962019764,238740390046.9009,4.567139602377265e+19,1482.9097900390625,0.9926695769981633,0.022653361567642263,0.022653361567642263,1087.6268310546875,0.019657601508936418,0.02930954985866207,0.0,0.0,0.03939583915010594,0.0,0.0,0.05231969692743057,0.0,0.0,0.03939583915010594,0.0,0.0,146147.28387886327,-0.002963135866586253,238733292669.84543,2.972931414846336e-05,4.476765798748041e+19,0.02018729763672189
golovin_fixed10_high_resolution_screen_v2_N262144_dt0p1_m009,golovin,golovin_fixed10_high_resolution_screen_v2,controlled,69,9,not_applicable,13327263202519338592,262144,0.1,300.0,3600.0,3000.0,262144,0.09290067279460126,0.9982363479853535,5.113587331351255e-10,92900.67279460127,238740390215.022,1.1219035133145812e+20,1937.9691162109375,0.9953331855511386,0.14579802456219315,0.14579802456219315,1450.60546875,0.019919821361176534,0.03429597913044731,0.0,0.0,0.04382786979343889,0.0,0.0,0.06041189042946321,0.0,0.0,0.04382786979343889,0.0,0.0,93187.47491936282,-0.003077689625239133,238733292669.84543,2.9730018369811262e-05,1.1011101959187887e+20,0.01888395682181665
golovin_fixed10_high_resolution_screen_v2_N262144_dt0p1_m009,golovin,golovin_fixed10_high_resolution_screen_v2,controlled,69,9,not_applicable,13327263202519338592,262144,0.1,300.0,3600.0,3299.999952316284,262144,0.05928282526635635,0.9982363470609504,-4.1467751454860036e-10,59282.825266356354,238740389993.93973,2.7625729095390495e+20,2699.1279296875,0.9970304182480737,0.35311134090147117,0.35311134090147117,1962.4486083984375,0.020686234682405057,0.03401197265332454,0.0,0.0,0.0443250493303415,0.0,0.0,0.059702051815872334,0.0,0.0,0.0443250493303415,0.0,0.0,59418.863295774216,-0.0022894754606915813,238733292669.84543,2.9729092305919025e-05,2.7083026409274727e+20,0.02003848011350451
golovin_fixed10_high_resolution_screen_v2_N262144_dt0p1_m009,golovin,golovin_fixed10_high_resolution_screen_v2,controlled,69,9,not_applicable,13327263202519338592,262144,0.1,300.0,3600.0,3599.9999046325684,262144,0.03779202620162487,0.9982363470567494,-4.1888603696804694e-10,37792.02620162487,238740389992.935,6.663768332817021e+20,3487.055908203125,0.9981086618190987,0.5538279908238394,0.5538279908238394,2595.431396484375,0.021934387481222038,0.0342029903929917,0.0,0.0,0.049628777545899276,0.0,0.0,0.06951975726383237,0.0,0.0,0.049628777545899276,0.0,0.0,37887.079979546696,-0.002508870516628403,238733292669.84543,2.9729088097507628e-05,6.661370698447075e+20,0.000359931083028453
golovin_fixed10_high_resolution_screen_v2_N524288_dt0p1_m000,golovin,golovin_fixed10_high_resolution_screen_v2,controlled,70,0,not_applicable,13253876796887375548,524288,0.1,300.0,3600.0,0.0,524288,8.388608,0.9982363475849703,0.0,8388607.999999999,238740390119.2654,1.3588188835532024e+16,74.99969482421875,0.3428183576533882,0.0,0.0,57.378334045410156,0.016828556372456106,0.0008159082474797014,0.0,0.0,0.00029524346322633125,0.0,0.0,0.00038178166368288657,0.0,0.0,0.00029524346322633125,0.0,0.0,8388608.0,-1.1102230246251565e-16,238733292669.84543,2.9729617267104658e-05,1.3588329560514944e+16,-1.0356312179049532e-05
golovin_fixed10_high_resolution_screen_v2_N524288_dt0p1_m000,golovin,golovin_fixed10_high_resolution_screen_v2,controlled,70,0,not_applicable,13253876796887375548,524288,0.1,300.0,3600.0,300.00001192092896,524288,5.351757620145238,0.9982363478263518,2.4180812907559357e-10,5351757.620145238,238740390176.99478,3.3370121682230988e+16,132.3357391357422,0.6347841383850251,0.0,0.0,88.29139709472656,0.009855748331921542,0.014036055689422776,0.0,0.0,0.02238190472048526,0.0,0.0,0.03044180243358727,0.0,0.0,0.02238190472048526,0.0,0.0,5348803.665523084,0.0005522645449103081,238733292669.84543,2.972985908233916e-05,3.3422009487832736e+16,-0.0015525040653416866
golovin_fixed10_high_resolution_screen_v2_N524288_dt0p1_m000,golovin,golovin_fixed10_high_resolution_screen_v2,controlled,70,0,not_applicable,13253876796887375548,524288,0.1,300.0,3600.0,600.0000238418579,524288,3.41522759713078,0.9982363476815217,9.672196377152886e-11,3415227.59713078,238740390142.3569,8.229297983598594e+16,183.53109741210938,0.7901098749518072,0.0,0.0,124.22845458984375,0.011372364193820556,0.01716154970204992,0.0,0.0,0.025032416253435105,0.0,0.0,0.03293919029106593,0.0,0.0,0.025032416253435105,0.0,0.0,3410542.089022777,0.0013738309001034565,238733292669.84543,2.9729713992177054e-05,8.220515356432454e+16,0.0010683791447778646
golovin_fixed10_high_resolution_screen_v2_N524288_dt0p1_m000,golovin,golovin_fixed10_high_resolution_screen_v2,controlled,70,0,not_applicable,13253876796887375548,524288,0.1,300.0,3600.0,899.9999761581421,524288,2.178364774546198,0.9982363477289034,1.4418732874332818e-10,2178364.774546198,238740390153.68875,2.016131570305454e+17,247.35122680664062,0.8755342111416149,0.0,0.0,171.53689575195312,0.010868639649457138,0.017089582856817175,0.0,0.0,0.02413445733524909,0.0,0.0,0.0313202999791456,0.0,0.0,0.02413445733524909,0.0,0.0,2174654.2046287498,0.0017062804327927505,238733292669.84543,2.972976145865225e-05,2.021926918134987e+17,-0.0028662499012963583
golovin_fixed10_high_resolution_screen_v2_N524288_dt0p1_m000,golovin,golovin_fixed10_high_resolution_screen_v2,controlled,70,0,not_applicable,13253876796887375548,524288,0.1,300.0,3600.0,1200.0000476837158,524288,1.390408174853567,0.9982363477766406,1.9200907530603217e-10,1390408.174853567,238740390165.10574,4.949615190240934e+17,337.5333251953125,0.9245286670496574,0.0,0.0,234.6370849609375,0.011744655939762582,0.0160744162722376,0.0,0.0,0.02150491624902775,0.0,0.0,0.035722910105567836,0.0,0.0,0.02150491624902775,0.0,0.0,1386618.2972187817,0.0027331801710586134,238733292669.84543,2.9729809281953123e-05,4.97315526712769e+17,-0.004733428904252213
golovin_fixed10_high_resolution_screen_v2_N524288_dt0p1_m000,golovin,golovin_fixed10_high_resolution_screen_v2,controlled,70,0,not_applicable,13253876796887375548,524288,0.1,300.0,3600.0,1500.0,524288,0.886227009329093,0.9982363478908477,3.064177800382595e-10,886227.009329093,238740390192.41977,1.220136191534563e+18,476.28009033203125,0.9533792675538313,0.0,0.0,319.6440124511719,0.012274870238519513,0.017318314479766735,0.0,0.0,0.02193011753174653,0.0,0.0,0.030645646175715614,0.0,0.0,0.02193011753174653,0.0,0.0,884145.4617925527,0.002354304383715533,238733292669.84543,2.972992369421057e-05,1.2232026906685448e+18,-0.002506942763758735
golovin_fixed10_high_resolution_screen_v2_N524288_dt0p1_m000,golovin,golovin_fixed10_high_resolution_screen_v2,controlled,70,0,not_applicable,13253876796887375548,524288,0.1,300.0,3600.0,1799.9999523162842,524288,0.5644349836527204,0.998236347671125,8.630696157752027e-11,564434.9836527203,238740390139.8704,3.009222741052909e+18,627.14501953125,0.9709003031294072,0.0,0.0,434.1068420410156,0.010727048868666296,0.01658432856316143,0.0,0.0,0.022145133525972537,0.0,0.0,0.03140870620721055,0.0,0.0,0.022145133525972537,0.0,0.0,563755.1438462138,0.001205913265586167,238733292669.84543,2.972970357673077e-05,3.0086026719268946e+18,0.0002060987088126076
golovin_fixed10_high_resolution_screen_v2_N524288_dt0p1_m000,golovin,golovin_fixed10_high_resolution_screen_v2,controlled,70,0,not_applicable,13253876796887375548,524288,0.1,300.0,3600.0,2099.9999046325684,524288,0.35975077321440946,0.9982363476637224,7.8891337906839e-11,359750.7732144095,238740390138.09998,7.436532773021018e+18,869.3026123046875,0.9817122390422771,0.0,0.0,587.7247314453125,0.01192613740020361,0.019454417319400775,0.0,0.0,0.02628416440604912,0.0,0.0,0.03611746565240289,0.0,0.0,0.02628416440604912,0.0,0.0,359465.58111456485,0.000793378044597004,238733292669.84543,2.9729696160885055e-05,7.39999192822117e+18,0.004937957386209169
golovin_fixed10_high_resolution_screen_v2_N524288_dt0p1_m000,golovin,golovin_fixed10_high_resolution_screen_v2,controlled,70,0,not_applicable,13253876796887375548,524288,0.1,300.0,3600.0,2400.0000953674316,524288,0.22932908108546857,0.9982363476092707,2.4343416171745957e-11,229329.08108546856,238740390125.07724,1.828972582874578e+19,1038.2794189453125,0.9884452231849339,0.0002853479007131251,0.0002853479007131251,797.6509399414062,0.010185698027943462,0.018077762246440268,0.0,0.0,0.02533266886149251,0.0,0.0,0.035579610488173964,0.0,0.0,0.02533266886149251,0.0,0.0,229204.92913507385,0.0005416635273212123,238733292669.84543,2.9729641611409008e-05,1.8201113831406539e+19,0.004868493113115768
golovin_fixed10_high_resolution_screen_v2_N524288_dt0p1_m000,golovin,golovin_fixed10_high_resolution_screen_v2,controlled,70,0,not_applicable,13253876796887375548,524288,0.1,300.0,3600.0,2700.000047683716,524288,0.14624442035913593,0.9982363472919565,-2.935314213914353e-10,146244.42035913593,238740390049.18765,4.494866918662513e+19,1454.6014404296875,0.9926726959220074,0.02124450708702928,0.02124450708702928,1076.70654296875,0.00755074957704109,0.015412478742092823,0.0,0.0,0.02559119633991311,0.0,0.0,0.03616238742091435,0.0,0.0,0.02559119633991311,0.0,0.0,146147.28387886327,0.0006646478654586119,238733292669.84543,2.9729323727023527e-05,4.476765798748041e+19,0.0040433475254688656
golovin_fixed10_high_resolution_screen_v2_N524288_dt0p1_m000,golovin,golovin_fixed10_high_resolution_screen_v2,controlled,70,0,not_applicable,13253876796887375548,524288,0.1,300.0,3600.0,3000.0,524288,0.0932808778341813,0.9982363473325069,-2.5290947114342544e-10,93280.8778341813,238740390058.88574,1.1154189737139148e+20,1940.5120849609375,0.9953470980279796,0.14334216477016684,0.14334216477016684,1469.26220703125,0.010840406568705276,0.020730503239404258,0.0,0.0,0.028409289212808633,0.0,0.0,0.037895838263676686,0.0,0.0,0.028409289212808633,0.0,0.0,93187.47491936282,0.0010023118975945877,238733292669.84543,2.9729364350306042e-05,1.1011101959187887e+20,0.012994864499630276
golovin_fixed10_high_resolution_screen_v2_N524288_dt0p1_m000,golovin,golovin_fixed10_high_resolution_screen_v2,controlled,70,0,not_applicable,13253876796887375548,524288,0.1,300.0,3600.0,3299.999952316284,524288,0.05945577203526448,0.9982363477109595,1.2621170775162227e-10,59455.77203526448,238740390149.39728,2.744122490924741e+20,2532.310791015625,0.9970424079628053,0.3492318042648103,0.3492318042648103,1972.3115234375,0.009356930686668598,0.01850030248857147,0.0,0.0,0.027593066195158597,0.0,0.0,0.04271126586965307,0.0,0.0,0.027593066195158597,0.0,0.0,59418.863295774216,0.0006211619920519773,238733292669.84543,2.9729743482587168e-05,2.7083026409274727e+20,0.013225940652261015
golovin_fixed10_high_resolution_screen_v2_N524288_dt0p1_m000,golovin,golovin_fixed10_high_resolution_screen_v2,controlled,70,0,not_applicable,13253876796887375548,524288,0.1,300.0,3600.0,3599.9999046325684,524288,0.037878830009521754,0.9982363475664068,-1.8596235662471372e-11,37878.83000952176,238740390114.82574,6.72030165374944e+20,3544.521484375,0.9981196083231295,0.5504974310905627,0.5504974310905627,2665.14892578125,0.013907529209342446,0.026648483609567404,0.0,0.0,0.03445528111645221,0.0,0.0,0.0496364094012783,0.0,0.0,0.03445528111645221,0.0,0.0,37887.079979546696,-0.0002177515403507524,238733292669.84543,2.972959867020286e-05,6.661370698447075e+20,0.008846671048663213
golovin_fixed10_high_resolution_screen_v2_N524288_dt0p1_m001,golovin,golovin_fixed10_high_resolution_screen_v2,controlled,71,1,not_applicable,7941092278903984835,524288,0.1,300.0,3600.0,0.0,524288,8.388608,0.9982363475849703,0.0,8388607.999999999,238740390119.2654,1.3588188835532024e+16,74.99969482421875,0.3428183576533882,0.0,0.0,57.378334045410156,0.016826439539925325,0.0008159082474797014,0.0,0.0,0.00029524346322633125,0.0,0.0,0.00038178166368288657,0.0,0.0,0.00029524346322633125,0.0,0.0,8388608.0,-1.1102230246251565e-16,238733292669.84543,2.9729617267104658e-05,1.3588329560514944e+16,-1.0356312179049532e-05
golovin_fixed10_high_resolution_screen_v2_N524288_dt0p1_m001,golovin,golovin_fixed10_high_resolution_screen_v2,controlled,71,1,not_applicable,7941092278903984835,524288,0.1,300.0,3600.0,300.00001192092896,524288,5.349633030191578,0.9982363478763684,2.9191293826613673e-10,5349633.030191578,238740390188.95688,3.3595587458811732e+16,125.1675796508789,0.6336585548061203,0.0,0.0,88.14701843261719,0.014224900687167323,0.016259875429148467,0.0,0.0,0.023611709956088325,0.0,0.0,0.02889128627015638,0.0,0.0,0.023611709956088325,0.0,0.0,5348803.665523084,0.00015505610606725284,238733292669.84543,2.9729909188924708e-05,3.3422009487832736e+16,0.005193522880250212
golovin_fixed10_high_resolution_screen_v2_N524288_dt0p1_m001,golovin,golovin_fixed10_high_resolution_screen_v2,controlled,71,1,not_applicable,7941092278903984835,524288,0.1,300.0,3600.0,600.0000238418579,524288,3.4161205494254245,0.9982363472926419,-2.928448594730071e-10,3416120.5494254245,238740390049.35153,8.267263169862635e+16,195.23045349121094,0.7896842521679048,0.0,0.0,124.60437774658203,0.01061236149755858,0.013836062867595644,0.0,0.0,0.01997250365550805,0.0,0.0,0.02988006767216741,0.0,0.0,0.01997250365550805,0.0,0.0,3410542.089022777,0.0016356521212865793,238733292669.84543,2.9729324413585445e-05,8.220515356432454e+16,0.0056867253941204066
golovin_fixed10_high_resolution_screen_v2_N524288_dt0p1_m001,golovin,golovin_fixed10_high_resolution_screen_v2,controlled,71,1,not_applicable,7941092278903984835,524288,0.1,300.0,3600.0,899.9999761581421,524288,2.1777974456820886,0.9982363473722743,-2.130717824400108e-10,2177797.4456820884,238740390068.3966,2.0391343369414157e+17,245.79867553710938,0.8751627906747526,0.0,0.0,172.7428741455078,0.009835782686383557,0.019350945377587123,0.0,0.0,0.024526789475219076,0.0,0.0,0.032507307693016435,0.0,0.0,0.024526789475219076,0.0,0.0,2174654.2046287498,0.0014453980989934667,238733292669.84543,2.972940418910497e-05,2.021926918134987e+17,0.008510405916303254
golovin_fixed10_high_resolution_screen_v2_N524288_dt0p1_m001,golovin,golovin_fixed10_high_resolution_screen_v2,controlled,71,1,not_applicable,7941092278903984835,524288,0.1,300.0,3600.0,1200.0000476837158,524288,1.3869281096452974,0.9982363475996239,1.4679590876198745e-11,1386928.1096452975,238740390122.77002,5.0132007613142624e+17,364.3074645996094,0.9239880550393993,0.0,0.0,233.97900390625,0.011138277306687594,0.01875381600434511,0.0,0.0,0.022342940632875997,0.0,0.0,0.03200497652723086,0.0,0.0,0.022342940632875997,0.0,0.0,1386618.2972187817,0.0002234302166193025,238733292669.84543,2.9729631947139623e-05,4.97315526712769e+17,0.008052331374262645
golovin_fixed10_high_resolution_screen_v2_N524288_dt0p1_m001,golovin,golovin_fixed10_high_resolution_screen_v2,controlled,71,1,not_applicable,7941092278903984835,524288,0.1,300.0,3600.0,1500.0,524288,0.884670986324022,0.9982363475893758,4.413358567489922e-12,884670.986324022,238740390120.31906,1.2288545007188114e+18,460.352783203125,0.9529581099820759,0.0,0.0,318.5971374511719,0.014581098459164065,0.020033623303506564,0.0,0.0,0.02555214053763105,0.0,0.0,0.033373164115247635,0.0,0.0,0.02555214053763105,0.0,0.0,884145.4617925527,0.0005943869580053995,238733292669.84543,2.972962168068527e-05,1.2232026906685448e+18,0.0046205016497942175
golovin_fixed10_high_resolution_screen_v2_N524288_dt0p1_m001,golovin,golovin_fixed10_high_resolution_screen_v2,controlled,71,1,not_applicable,7941092278903984835,524288,0.1,300.0,3600.0,1799.9999523162842,524288,0.5643949948128897,0.9982363477671431,1.824946860295995e-10,564394.9948128897,238740390162.8343,3.028322830792014e+18,607.5701904296875,0.9705967115461963,0.0,0.0,434.4947814941406,0.012384416858240063,0.01834896079525219,0.0,0.0,0.023427714963376076,0.0,0.0,0.03288310846160731,0.0,0.0,0.023427714963376076,0.0,0.0,563755.1438462138,0.001134980272305075,238733292669.84543,2.9729799767341802e-05,3.0086026719268946e+18,0.006554590624121559
golovin_fixed10_high_resolution_screen_v2_N524288_dt0p1_m001,golovin,golovin_fixed10_high_resolution_screen_v2,controlled,71,1,not_applicable,7941092278903984835,524288,0.1,300.0,3600.0,2099.9999046325684,524288,0.3603516788593528,0.9982363479071841,3.2278313355504906e-10,360351.67885935283,238740390196.3268,7.421756405904311e+18,833.1831665039062,0.9814743267953059,0.0,0.0,588.0266723632812,0.009649460897394834,0.017253792566432728,0.0,0.0,0.022711353410468507,0.0,0.0,0.033678280223601254,0.0,0.0,0.022711353410468507,0.0,0.0,359465.58111456485,0.002465041971586146,238733292669.84543,2.9729940060008175e-05,7.39999192822117e+18,0.002941148841006047
golovin_fixed10_high_resolution_screen_v2_N524288_dt0p1_m001,golovin,golovin_fixed10_high_resolution_screen_v2,controlled,71,1,not_applicable,7941092278903984835,524288,0.1,300.0,3600.0,2400.0000953674316,524288,0.22973852177990545,0.9982363477287532,1.4403700454579393e-10,229738.52177990545,238740390153.65292,1.8201730286646667e+19,1084.7513427734375,0.9882766174750105,0.00011214184102635572,0.00011214184102635572,794.7001953125,0.009073510902899571,0.018492989427128324,0.0,0.0,0.024339803233367194,0.0,0.0,0.034984831042954176,0.0,0.0,0.024339803233367194,0.0,0.0,229204.92913507385,0.002328015574731168,238733292669.84543,2.9729761308550096e-05,1.8201113831406539e+19,3.3869094267391375e-05
golovin_fixed10_high_resolution_screen_v2_N524288_dt0p1_m001,golovin,golovin_fixed10_high_resolution_screen_v2,controlled,71,1,not_applicable,7941092278903984835,524288,0.1,300.0,3600.0,2700.000047683716,524288,0.14644673812487663,0.9982363473351755,-2.5023605410012806e-10,146446.73812487663,238740390059.524,4.47019830245211e+19,1474.430419921875,0.9925685680832462,0.01993657076879145,0.01993657076879145,1068.3197021484375,0.011246353296131795,0.01936019988003982,0.0,0.0,0.026873877882606596,0.0,0.0,0.037398158982687536,0.0,0.0,0.026873877882606596,0.0,0.0,146147.28387886327,0.0020489894718918045,238733292669.84543,2.9729367023723086e-05,4.476765798748041e+19,-0.0014670180641943587
golovin_fixed10_high_resolution_screen_v2_N524288_dt0p1_m001,golovin,golovin_fixed10_high_resolution_screen_v2,controlled,71,1,not_applicable,7941092278903984835,524288,0.1,300.0,3600.0,3000.0,524288,0.09338182123242716,0.9982363476590553,7.421596670553754e-11,93381.82123242716,238740390136.98376,1.0961172051429543e+20,1986.4940185546875,0.9952763788684243,0.14150076541657813,0.14150076541657813,1442.5863037109375,0.01005612217101749,0.019529955934590428,0.0,0.0,0.02873775526038925,0.0,0.0,0.0396806852952217,0.0,0.0,0.02873775526038925,0.0,0.0,93187.47491936282,0.0020855411441560445,238733292669.84543,2.972969148529181e-05,1.1011101959187887e+20,-0.004534505987085269
golovin_fixed10_high_resolution_screen_v2_N524288_dt0p1_m001,golovin,golovin_fixed10_high_resolution_screen_v2,controlled,71,1,not_applicable,7941092278903984835,524288,0.1,300.0,3600.0,3299.999952316284,524288,0.05953709538900763,0.9982363477174949,1.3275869292783682e-10,59537.09538900763,238740390150.96033,2.6723209057157172e+20,2749.40869140625,0.9969957692778362,0.34819973728303666,0.34819973728303666,1931.0928955078125,0.010771280424016367,0.021417782441089418,0.0,0.0,0.029471642325537412,0.0,0.0,0.04141740272032067,0.0,0.0,0.029471642325537412,0.0,0.0,59418.863295774216,0.001989807389025211,238733292669.84543,2.9729750030016433e-05,2.7083026409274727e+20,-0.01328571433192316
golovin_fixed10_high_resolution_screen_v2_N524288_dt0p1_m001,golovin,golovin_fixed10_high_resolution_screen_v2,controlled,71,1,not_applicable,7941092278903984835,524288,0.1,300.0,3600.0,3599.9999046325684,524288,0.03795761492593175,0.9982363475239873,-6.109068806381401e-11,37957.614925931746,238740390104.68063,6.58921720297737e+20,3572.322021484375,0.9980883315447749,0.5494090162550282,0.5494090162550282,2668.402099609375,0.014477044246733566,0.028273712994532883,0.0,0.0,0.03720679131226893,0.0,0.0,0.050452773292702334,0.0,0.0,0.03720679131226893,0.0,0.0,37887.079979546696,0.0018617150338091637,238733292669.84543,2.9729556174640237e-05,6.661370698447075e+20,-0.010831628914830693
golovin_fixed10_high_resolution_screen_v2_N524288_dt0p1_m002,golovin,golovin_fixed10_high_resolution_screen_v2,controlled,72,2,not_applicable,6118271991302304563,524288,0.1,300.0,3600.0,0.0,524288,8.388608,0.9982363475849703,0.0,8388607.999999999,238740390119.2654,1.3588188835532024e+16,74.99969482421875,0.3428183576533882,0.0,0.0,57.378334045410156,0.016824942081999632,0.0008159082474797014,0.0,0.0,0.00029524346322633125,0.0,0.0,0.00038178166368288657,0.0,0.0,0.00029524346322633125,0.0,0.0,8388608.0,-1.1102230246251565e-16,238733292669.84543,2.9729617267104658e-05,1.3588329560514944e+16,-1.0356312179049532e-05
golovin_fixed10_high_resolution_screen_v2_N524288_dt0p1_m002,golovin,golovin_fixed10_high_resolution_screen_v2,controlled,72,2,not_applicable,6118271991302304563,524288,0.1,300.0,3600.0,300.00001192092896,524288,5.340514414545783,0.9982363473591709,-2.261982823270614e-10,5340514.414545783,238740390065.26276,3.3669968258420304e+16,129.25682067871094,0.635831921155575,0.0,0.0,87.9452133178711,0.014294400358864172,0.016035908124894253,0.0,0.0,0.020206184514404226,0.0,0.0,0.027903307259463384,0.0,0.0,0.020206184514404226,0.0,0.0,5348803.665523084,-0.001549739249307569,238733292669.84543,2.972939106204997e-05,3.3422009487832736e+16,0.0074190263957001346
golovin_fixed10_high_resolution_screen_v2_N524288_dt0p1_m002,golovin,golovin_fixed10_high_resolution_screen_v2,controlled,72,2,not_applicable,6118271991302304563,524288,0.1,300.0,3600.0,600.0000238418579,524288,3.409058066883106,0.9982363475800728,-4.906075545818567e-12,3409058.0668831063,238740390118.09415,8.253947593248653e+16,186.101806640625,0.7905132101351804,0.0,0.0,124.09933471679688,0.01049009930913922,0.015533423866631426,0.0,0.0,0.023351057546533095,0.0,0.0,0.03396426565504257,0.0,0.0,0.023351057546533095,0.0,0.0,3410542.089022777,-0.00043512793595112953,238733292669.84543,2.9729612360807067e-05,8.220515356432454e+16,0.00406692711668466
golovin_fixed10_high_resolution_screen_v2_N524288_dt0p1_m002,golovin,golovin_fixed10_high_resolution_screen_v2,controlled,72,2,not_applicable,6118271991302304563,524288,0.1,300.0,3600.0,899.9999761581421,524288,2.1731961783074953,0.9982363478055876,2.2100699048621664e-10,2173196.1783074955,238740390172.02872,2.0346798752812374e+17,241.27003479003906,0.87587249980991,0.0,0.0,171.60804748535156,0.009072198308298647,0.01771424163309007,0.0,0.0,0.025204348372295366,0.0,0.0,0.033748307129849775,0.0,0.0,0.025204348372295366,0.0,0.0,2174654.2046287498,-0.0006704635238792278,238733292669.84543,2.9729838280756482e-05,2.021926918134987e+17,0.006307328435992021
golovin_fixed10_high_resolution_screen_v2_N524288_dt0p1_m002,golovin,golovin_fixed10_high_resolution_screen_v2,controlled,72,2,not_applicable,6118271991302304563,524288,0.1,300.0,3600.0,1200.0000476837158,524288,1.3842827028535927,0.998236347495954,-8.917355742710242e-11,1384282.7028535926,238740390097.9761,5.0030861019656685e+17,324.06732177734375,0.9246832789728177,0.0,0.0,235.31802368164062,0.010279729801465336,0.019263959060932593,0.0,0.0,0.024630463209501064,0.0,0.0,0.0326058853522025,0.0,0.0,0.024630463209501064,0.0,0.0,1386618.2972187817,-0.0016843816137964707,238733292669.84543,2.9729528090882695e-05,4.97315526712769e+17,0.006018479864447368
golovin_fixed10_high_resolution_screen_v2_N524288_dt0p1_m002,golovin,golovin_fixed10_high_resolution_screen_v2,controlled,72,2,not_applicable,6118271991302304563,524288,0.1,300.0,3600.0,1500.0,524288,0.8832130498073937,0.9982363476354484,5.0567328102602005e-11,883213.0498073937,238740390131.33792,1.2277313814916895e+18,443.34271240234375,0.9532590611266222,0.0,0.0,318.2502746582031,0.011797121255611455,0.018990748551327062,0.0,0.0,0.024245350469905138,0.0,0.0,0.034963532328104084,0.0,0.0,0.024245350469905138,0.0,0.0,884145.4617925527,-0.0010545911566052224,238733292669.84543,2.9729667836209117e-05,1.2232026906685448e+18,0.003702322483176923
golovin_fixed10_high_resolution_screen_v2_N524288_dt0p1_m002,golovin,golovin_fixed10_high_resolution_screen_v2,controlled,72,2,not_applicable,6118271991302304563,524288,0.1,300.0,3600.0,1799.9999523162842,524288,0.5633952895089627,0.9982363477120825,1.273368077647774e-10,563395.2895089627,238740390149.66586,3.0132858585793423e+18,624.0675048828125,0.9707609782192216,0.0,0.0,432.3225402832031,0.01149710608581954,0.01883946346298759,0.0,0.0,0.022933929783837393,0.0,0.0,0.03356271658108864,0.0,0.0,0.022933929783837393,0.0,0.0,563755.1438462138,-0.0006383167252294042,238733292669.84543,2.972974460768718e-05,3.0086026719268946e+18,0.0015565985818422057
golovin_fixed10_high_resolution_screen_v2_N524288_dt0p1_m002,golovin,golovin_fixed10_high_resolution_screen_v2,controlled,72,2,not_applicable,6118271991302304563,524288,0.1,300.0,3600.0,2099.9999046325684,524288,0.35938228164970876,0.9982363476293724,4.4480641392397047e-11,359382.28164970875,238740390129.88474,7.422265209149986e+18,846.7338256835938,0.9815733407566541,0.0,0.0,586.8571166992188,0.010225232011076633,0.017606488493818455,0.0,0.0,0.02332284951761497,0.0,0.0,0.03215927750482218,0.0,0.0,0.02332284951761497,0.0,0.0,359465.58111456485,-0.00023173140693422134,238733292669.84543,2.9729661749078318e-05,7.39999192822117e+18,0.0030099061113666448
golovin_fixed10_high_resolution_screen_v2_N524288_dt0p1_m002,golovin,golovin_fixed10_high_resolution_screen_v2,controlled,72,2,not_applicable,6118271991302304563,524288,0.1,300.0,3600.0,2400.0000953674316,524288,0.2291144534235751,0.9982363478862393,3.0180125065726315e-10,229114.4534235751,238740390191.31757,1.826958065577898e+19,1091.73974609375,0.9883436447002215,0.0003286960412291624,0.0003286960412291624,794.6390991210938,0.008276381434562977,0.01927473231710537,0.0,0.0,0.02608512598682985,0.0,0.0,0.037300030050331216,0.0,0.0,0.02608512598682985,0.0,0.0,229204.92913507385,-0.0003947371980183023,238733292669.84543,2.97299190772371e-05,1.8201113831406539e+19,0.0037616832138207545
golovin_fixed10_high_resolution_screen_v2_N524288_dt0p1_m002,golovin,golovin_fixed10_high_resolution_screen_v2,controlled,72,2,not_applicable,6118271991302304563,524288,0.1,300.0,3600.0,2700.000047683716,524288,0.14604819074920994,0.9982363473157833,-2.696626255627166e-10,146048.19074920993,238740390054.88608,4.501397702848891e+19,1525.070068359375,0.9926067824775227,0.02147664605907336,0.02147664605907336,1074.3192138671875,0.008493095763421374,0.019743836067584397,0.0,0.0,0.0273718019484483,0.0,0.0,0.039219998775914394,0.0,0.0,0.0273718019484483,0.0,0.0,146147.28387886327,-0.0006780360676116315,238733292669.84543,2.972934759659651e-05,4.476765798748041e+19,0.005502165002184922
golovin_fixed10_high_resolution_screen_v2_N524288_dt0p1_m002,golovin,golovin_fixed10_high_resolution_screen_v2,controlled,72,2,not_applicable,6118271991302304563,524288,0.1,300.0,3600.0,3000.0,524288,0.093069969098633,0.9982363476010696,1.61277657895198e-11,93069.96909863301,238740390123.1158,1.1086178411740488e+20,2108.37255859375,0.9953047424922034,0.14065625423061068,0.14065625423061068,1458.893310546875,0.008257362877054355,0.019847974789530976,0.0,0.0,0.028087554332676977,0.0,0.0,0.04151577130207285,0.0,0.0,0.028087554332676977,0.0,0.0,93187.47491936282,-0.001260961527624782,238733292669.84543,2.972963339553658e-05,1.1011101959187887e+20,0.006818250601154041
golovin_fixed10_high_resolution_screen_v2_N524288_dt0p1_m002,golovin,golovin_fixed10_high_resolution_screen_v2,controlled,72,2,not_applicable,6118271991302304563,524288,0.1,300.0,3600.0,3299.999952316284,524288,0.05933726074971294,0.998236347988343,4.0408543178216405e-10,59337.26074971294,238740390215.73697,2.74001048738925e+20,2524.74853515625,0.9970118428437938,0.3502058296783423,0.3502058296783423,1978.57861328125,0.012502456710813497,0.02141293680336379,0.0,0.0,0.028353955762916626,0.0,0.0,0.041176799923277295,0.0,0.0,0.028353955762916626,0.0,0.0,59418.863295774216,-0.001373344112206798,238733292669.84543,2.9730021364748893e-05,2.7083026409274727e+20,0.011707645217566398
golovin_fixed10_high_resolution_screen_v2_N524288_dt0p1_m002,golovin,golovin_fixed10_high_resolution_screen_v2,controlled,72,2,not_applicable,6118271991302304563,524288,0.1,300.0,3600.0,3599.9999046325684,524288,0.03782389800053822,0.998236347588886,3.922639990605603e-12,37823.89800053822,238740390120.20193,6.714795524563936e+20,3497.693603515625,0.9980970166172837,0.5509203622275266,0.5509203622275266,2657.066162109375,0.01084995644938787,0.02262052680894668,0.0,0.0,0.031160804931528126,0.0,0.0,0.04691050405188684,0.0,0.0,0.031160804931528126,0.0,0.0,37887.079979546696,-0.00166763918049595,238733292669.84543,2.9729621189966693e-05,6.661370698447075e+20,0.00802009504279888
golovin_fixed10_high_resolution_screen_v2_N524288_dt0p1_m003,golovin,golovin_fixed10_high_resolution_screen_v2,controlled,73,3,not_applicable,13673218493124727457,524288,0.1,300.0,3600.0,0.0,524288,8.388608,0.9982363475849703,0.0,8388607.999999999,238740390119.2654,1.3588188835532024e+16,74.99969482421875,0.3428183576533882,0.0,0.0,57.378334045410156,0.016821006938940907,0.0008159082474797014,0.0,0.0,0.00029524346322633125,0.0,0.0,0.00038178166368288657,0.0,0.0,0.00029524346322633125,0.0,0.0,8388608.0,-1.1102230246251565e-16,238733292669.84543,2.9729617267104658e-05,1.3588329560514944e+16,-1.0356312179049532e-05
golovin_fixed10_high_resolution_screen_v2_N524288_dt0p1_m003,golovin,golovin_fixed10_high_resolution_screen_v2,controlled,73,3,not_applicable,13673218493124727457,524288,0.1,300.0,3600.0,300.00001192092896,524288,5.356347042939351,0.998236347607748,2.2817969735910992e-11,5356347.042939351,238740390124.71298,3.3391224546498864e+16,133.63211059570312,0.6340850315484737,0.0,0.0,88.2249755859375,0.012753707904567785,0.014487255077591233,0.0,0.0,0.018840135892177923,0.0,0.0,0.02954640454155665,0.0,0.0,0.018840135892177923,0.0,0.0,5348803.665523084,0.0014102924481766976,238733292669.84543,2.9729640085740527e-05,3.3422009487832736e+16,-0.0009210978575384665
golovin_fixed10_high_resolution_screen_v2_N524288_dt0p1_m003,golovin,golovin_fixed10_high_resolution_screen_v2,controlled,73,3,not_applicable,13673218493124727457,524288,0.1,300.0,3600.0,600.0000238418579,524288,3.4134054287473075,0.9982363478361955,2.516691299803142e-10,3413405.4287473075,238740390179.34903,8.220541031706877e+16,180.41331481933594,0.7906493915194865,0.0,0.0,124.24945068359375,0.011307646210918412,0.016978568167024522,0.0,0.0,0.02594553293281067,0.0,0.0,0.03496810740460493,0.0,0.0,0.02594553293281067,0.0,0.0,3410542.089022777,0.0008395556042972707,238733292669.84543,2.9729868943784155e-05,8.220515356432454e+16,3.1233168857891513e-06
golovin_fixed10_high_resolution_screen_v2_N524288_dt0p1_m003,golovin,golovin_fixed10_high_resolution_screen_v2,controlled,73,3,not_applicable,13673218493124727457,524288,0.1,300.0,3600.0,899.9999761581421,524288,2.1785305476856767,0.9982363476113378,2.64142041572768e-11,2178530.5476856767,238740390125.57156,2.0153166816260787e+17,247.3452911376953,0.8755641221091637,0.0,0.0,171.26690673828125,0.010968185749053923,0.018124050334095195,0.0,0.0,0.02359542199072382,0.0,0.0,0.03271438240317539,0.0,0.0,0.02359542199072382,0.0,0.0,2174654.2046287498,0.0017825100876618372,238733292669.84543,2.9729643682196993e-05,2.021926918134987e+17,-0.0032692756843087922
golovin_fixed10_high_resolution_screen_v2_N524288_dt0p1_m003,golovin,golovin_fixed10_high_resolution_screen_v2,controlled,73,3,not_applicable,13673218493124727457,524288,0.1,300.0,3600.0,1200.0000476837158,524288,1.3868573684690684,0.9982363477377563,1.5305601230863886e-10,1386857.3684690683,238740390155.80603,4.9720918648937805e+17,381.53192138671875,0.9244475975252958,0.0,0.0,234.36337280273438,0.00810383046601618,0.017494429931297975,0.0,0.0,0.02393588999296555,0.0,0.0,0.03221000832959972,0.0,0.0,0.02393588999296555,0.0,0.0,1386618.2972187817,0.00017241316573279875,238733292669.84543,2.972977032755786e-05,4.97315526712769e+17,-0.00021382848046969105
golovin_fixed10_high_resolution_screen_v2_N524288_dt0p1_m003,golovin,golovin_fixed10_high_resolution_screen_v2,controlled,73,3,not_applicable,13673218493124727457,524288,0.1,300.0,3600.0,1500.0,524288,0.8842156502622414,0.9982363481175329,5.335036856735087e-10,884215.6502622414,238740390246.6343,1.2172966176578609e+18,438.3042297363281,0.9533488247525946,0.0,0.0,318.48211669921875,0.009324854391966586,0.02014388626081012,0.0,0.0,0.02528621209928164,0.0,0.0,0.03379517724077645,0.0,0.0,0.02528621209928164,0.0,0.0,884145.4617925527,7.93856584937469e-05,238733292669.84543,2.9730150786777543e-05,1.2232026906685448e+18,-0.004828368230171187
golovin_fixed10_high_resolution_screen_v2_N524288_dt0p1_m003,golovin,golovin_fixed10_high_resolution_screen_v2,controlled,73,3,not_applicable,13673218493124727457,524288,0.1,300.0,3600.0,1799.9999523162842,524288,0.5635959332818363,0.998236347856823,2.7233304500384747e-10,563595.9332818363,238740390184.28232,2.993681649795811e+18,610.7864990234375,0.9708476737163964,0.0,0.0,432.71685791015625,0.010005668597502702,0.02127178984664747,0.0,0.0,0.027660030998232436,0.0,0.0,0.03588046265976087,0.0,0.0,0.027660030998232436,0.0,0.0,563755.1438462138,-0.00028241084115221415,238733292669.84543,2.9729889608365312e-05,3.0086026719268946e+18,-0.004959452529345598
golovin_fixed10_high_resolution_screen_v2_N524288_dt0p1_m003,golovin,golovin_fixed10_high_resolution_screen_v2,controlled,73,3,not_applicable,13673218493124727457,524288,0.1,300.0,3600.0,2099.9999046325684,524288,0.35944954481758745,0.9982363474563938,-1.2880363442491216e-10,359449.5448175875,238740390088.51477,7.404283723883533e+18,853.9637451171875,0.9816627225158746,0.0,0.0,589.1310424804688,0.009404260465291065,0.01785566595354554,0.0,0.0,0.023297486420947307,0.0,0.0,0.03193328240093921,0.0,0.0,0.023297486420947307,0.0,0.0,359465.58111456485,-4.461149500778472e-05,238733292669.84543,2.972948845947343e-05,7.39999192822117e+18,0.0005799730194293584
golovin_fixed10_high_resolution_screen_v2_N524288_dt0p1_m003,golovin,golovin_fixed10_high_resolution_screen_v2,controlled,73,3,not_applicable,13673218493124727457,524288,0.1,300.0,3600.0,2400.0000953674316,524288,0.22933233901082348,0.998236347350385,-2.349996863770798e-10,229332.3390108235,238740390063.16153,1.8134797215956103e+19,1124.4691162109375,0.9884112482155758,0.00029369007190789873,0.00029369007190789873,791.5384521484375,0.00924166413313403,0.019327099153720606,0.0,0.0,0.026178839672221434,0.0,0.0,0.0341247009269696,0.0,0.0,0.026178839672221434,0.0,0.0,229204.92913507385,0.0005558775556460116,238733292669.84543,2.972938226064592e-05,1.8201113831406539e+19,-0.0036435470963323002
golovin_fixed10_high_resolution_screen_v2_N524288_dt0p1_m003,golovin,golovin_fixed10_high_resolution_screen_v2,controlled,73,3,not_applicable,13673218493124727457,524288,0.1,300.0,3600.0,2700.000047683716,524288,0.14633000575888627,0.9982363476576497,7.280775982110299e-11,146330.00575888628,238740390136.6476,4.45603085372172e+19,1428.3514404296875,0.992652527887534,0.020360452226250207,0.020360452226250207,1072.6697998046875,0.010532592324784706,0.01664522304765151,0.0,0.0,0.025042826071815176,0.0,0.0,0.035616898212777484,0.0,0.0,0.025042826071815176,0.0,0.0,146147.28387886327,0.001250258473325161,238733292669.84543,2.972969007730697e-05,4.476765798748041e+19,-0.004631679645184961
golovin_fixed10_high_resolution_screen_v2_N524288_dt0p1_m003,golovin,golovin_fixed10_high_resolution_screen_v2,controlled,73,3,not_applicable,13673218493124727457,524288,0.1,300.0,3600.0,3000.0,524288,0.0933122784891545,0.9982363478479654,2.634599205464383e-10,93312.27848915449,238740390182.16394,1.0982555018630352e+20,2031.0400390625,0.9953337580598896,0.13983624269176828,0.13983624269176828,1443.1746826171875,0.00934963530597354,0.019289608480150273,0.0,0.0,0.027132016413111748,0.0,0.0,0.04212164480057894,0.0,0.0,0.027132016413111748,0.0,0.0,93187.47491936282,0.001339274080552677,238733292669.84543,2.9729880734796765e-05,1.1011101959187887e+20,-0.002592559824016072
golovin_fixed10_high_resolution_screen_v2_N524288_dt0p1_m003,golovin,golovin_fixed10_high_resolution_screen_v2,controlled,73,3,not_applicable,13673218493124727457,524288,0.1,300.0,3600.0,3299.999952316284,524288,0.0594873500117104,0.9982363480024722,4.1823944307850525e-10,59487.3500117104,238740390219.11615,2.701295057826531e+20,2700.672607421875,0.9970297432061426,0.3468618814902501,0.3468618814902501,1962.916259765625,0.009659040213976938,0.02051434812730451,0.0,0.0,0.0285015509605116,0.0,0.0,0.04113231586457651,0.0,0.0,0.0285015509605116,0.0,0.0,59418.863295774216,0.0011526089887528013,238733292669.84543,2.9730035519426323e-05,2.7083026409274727e+20,-0.0025874446212340585
golovin_fixed10_high_resolution_screen_v2_N524288_dt0p1_m003,golovin,golovin_fixed10_high_resolution_screen_v2,controlled,73,3,not_applicable,13673218493124727457,524288,0.1,300.0,3600.0,3599.9999046325684,524288,0.0379483942997216,0.9982363475734151,-1.1575629343951732e-11,37948.3942997216,238740390116.50186,6.613406601168138e+20,3529.69677734375,0.9981089276098005,0.5484352539944104,0.5484352539944104,2611.27734375,0.012357656682782062,0.026134560902105038,0.0,0.0,0.03966217737687648,0.0,0.0,0.051036295485630497,0.0,0.0,0.03966217737687648,0.0,0.0,37887.079979546696,0.0016183437786181365,238733292669.84543,2.972960569125327e-05,6.661370698447075e+20,-0.007200334503245642
golovin_fixed10_high_resolution_screen_v2_N524288_dt0p1_m004,golovin,golovin_fixed10_high_resolution_screen_v2,controlled,74,4,not_applicable,3524075828018570918,524288,0.1,300.0,3600.0,0.0,524288,8.388608,0.9982363475849703,0.0,8388607.999999999,238740390119.2654,1.3588188835532024e+16,74.99969482421875,0.3428183576533882,0.0,0.0,57.378334045410156,0.01683213219566808,0.0008159082474797014,0.0,0.0,0.00029524346322633125,0.0,0.0,0.00038178166368288657,0.0,0.0,0.00029524346322633125,0.0,0.0,8388608.0,-1.1102230246251565e-16,238733292669.84543,2.9729617267104658e-05,1.3588329560514944e+16,-1.0356312179049532e-05
golovin_fixed10_high_resolution_screen_v2_N524288_dt0p1_m004,golovin,golovin_fixed10_high_resolution_screen_v2,controlled,74,4,not_applicable,3524075828018570918,524288,0.1,300.0,3600.0,300.00001192092896,524288,5.355379788554228,0.998236347550882,-3.414846183602549e-11,5355379.788554228,238740390111.1128,3.321705406382571e+16,131.14923095703125,0.633799204549309,0.0,0.0,87.4857177734375,0.007243412051239828,0.012331792850096552,0.0,0.0,0.019858062931594648,0.0,0.0,0.027980344061447712,0.0,0.0,0.019858062931594648,0.0,0.0,5348803.665523084,0.0012294567986355087,238733292669.84543,2.97295831175326e-05,3.3422009487832736e+16,-0.006132348926584985
golovin_fixed10_high_resolution_screen_v2_N524288_dt0p1_m004,golovin,golovin_fixed10_high_resolution_screen_v2,controlled,74,4,not_applicable,3524075828018570918,524288,0.1,300.0,3600.0,600.0000238418579,524288,3.4094505260549806,0.9982363476787883,9.398370970359338e-11,3409450.5260549807,238740390141.7032,8.198874913118581e+16,178.79837036132812,0.7904736485937934,0.0,0.0,123.83936309814453,0.006933071504571535,0.015582184385408102,0.0,0.0,0.022779946748715717,0.0,0.0,0.03206202095832403,0.0,0.0,0.022779946748715717,0.0,0.0,3410542.089022777,-0.000320055562812005,238733292669.84543,2.9729711253922986e-05,8.220515356432454e+16,-0.0026324922922186245
golovin_fixed10_high_resolution_screen_v2_N524288_dt0p1_m004,golovin,golovin_fixed10_high_resolution_screen_v2,controlled,74,4,not_applicable,3524075828018570918,524288,0.1,300.0,3600.0,899.9999761581421,524288,2.173160974200138,0.99823634776057,1.759099532705477e-10,2173160.974200138,238740390161.2623,2.014090839865829e+17,266.4105529785156,0.8759844692913417,0.0,0.0,170.71693420410156,0.006870989075820373,0.015597911750790576,0.0,0.0,0.022126146421041857,0.0,0.0,0.031353366321185204,0.0,0.0,0.022126146421041857,0.0,0.0,2174654.2046287498,-0.000686651894095891,238733292669.84543,2.9729793182609043e-05,2.021926918134987e+17,-0.0038755497040346976
golovin_fixed10_high_resolution_screen_v2_N524288_dt0p1_m004,golovin,golovin_fixed10_high_resolution_screen_v2,controlled,74,4,not_applicable,3524075828018570918,524288,0.1,300.0,3600.0,1200.0000476837158,524288,1.3859253180484132,0.9982363476622244,7.739053842215071e-11,1385925.3180484131,238740390137.74167,4.944496365291989e+17,343.57025146484375,0.9247011394539185,0.0,0.0,233.7810516357422,0.009141887544575776,0.01606502558778008,0.0,0.0,0.021820347954869628,0.0,0.0,0.03265365966384249,0.0,0.0,0.021820347954869628,0.0,0.0,1386618.2972187817,-0.0004997620266214975,238733292669.84543,2.9729694659863526e-05,4.97315526712769e+17,-0.005762720103499541
golovin_fixed10_high_resolution_screen_v2_N524288_dt0p1_m004,golovin,golovin_fixed10_high_resolution_screen_v2,controlled,74,4,not_applicable,3524075828018570918,524288,0.1,300.0,3600.0,1500.0,524288,0.8849034609682312,0.9982363474689809,-1.1619427642273195e-10,884903.4609682312,238740390091.5252,1.217044698272371e+18,471.7588806152344,0.9533668022500058,0.0,0.0,318.1311340332031,0.009317031946803354,0.0169692604327896,0.0,0.0,0.025081993734012226,0.0,0.0,0.034604445013363246,0.0,0.0,0.025081993734012226,0.0,0.0,884145.4617925527,0.0008573240585794117,238733292669.84543,2.9729501069608588e-05,1.2232026906685448e+18,-0.005034318877117694
golovin_fixed10_high_resolution_screen_v2_N524288_dt0p1_m004,golovin,golovin_fixed10_high_resolution_screen_v2,controlled,74,4,not_applicable,3524075828018570918,524288,0.1,300.0,3600.0,1799.9999523162842,524288,0.5644790296297196,0.998236347664884,8.005485163664616e-11,564479.0296297197,238740390138.3778,2.986509447158832e+18,594.1748046875,0.9708655718424288,0.0,0.0,432.3757019042969,0.009360127406325719,0.016650131717419213,0.0,0.0,0.02402448643010972,0.0,0.0,0.0340094652887771,0.0,0.0,0.02402448643010972,0.0,0.0,563755.1438462138,0.001284042888845649,238733292669.84543,2.972969732462083e-05,3.0086026719268946e+18,-0.007343350776828461
golovin_fixed10_high_resolution_screen_v2_N524288_dt0p1_m004,golovin,golovin_fixed10_high_resolution_screen_v2,controlled,74,4,not_applicable,3524075828018570918,524288,0.1,300.0,3600.0,2099.9999046325684,524288,0.3596978227421786,0.9982363475500416,-3.4990343955598746e-11,359697.82274217857,238740390110.91183,7.355627227028185e+18,860.1893310546875,0.9816663776243892,0.0,0.0,586.8276977539062,0.007975633111669591,0.016614613563198873,0.0,0.0,0.022999513768738825,0.0,0.0,0.03203307742785863,0.0,0.0,0.022999513768738825,0.0,0.0,359465.58111456485,0.0006460747281940016,238733292669.84543,2.97295822757615e-05,7.39999192822117e+18,-0.005995236430433426
golovin_fixed10_high_resolution_screen_v2_N524288_dt0p1_m004,golovin,golovin_fixed10_high_resolution_screen_v2,controlled,74,4,not_applicable,3524075828018570918,524288,0.1,300.0,3600.0,2400.0000953674316,524288,0.2292601815698631,0.9982363476000882,1.514455227891176e-11,229260.1815698631,238740390122.8811,1.8104462183593597e+19,1149.29052734375,0.9883971865686105,0.00023227906158055178,0.00023227906158055178,792.149169921875,0.011873694184131346,0.02045369964263968,0.0,0.0,0.028510070745210482,0.0,0.0,0.03818720334075353,0.0,0.0,0.028510070745210482,0.0,0.0,229204.92913507385,0.0002410612851904137,238733292669.84543,2.972963241232307e-05,1.8201113831406539e+19,-0.005310205117566302
golovin_fixed10_high_resolution_screen_v2_N524288_dt0p1_m004,golovin,golovin_fixed10_high_resolution_screen_v2,controlled,74,4,not_applicable,3524075828018570918,524288,0.1,300.0,3600.0,2700.000047683716,524288,0.14623549337806854,0.9982363474382921,-1.4693724015302223e-10,146235.49337806855,238740390084.18558,4.438771916428388e+19,1457.0142822265625,0.9926401406166793,0.01991414076898626,0.01991414076898626,1075.03759765625,0.012388518572206913,0.021380296969547075,0.0,0.0,0.02675762570743591,0.0,0.0,0.038215853194663134,0.0,0.0,0.02675762570743591,0.0,0.0,146147.28387886327,0.0006035657787413218,238733292669.84543,2.9729470325534635e-05,4.476765798748041e+19,-0.008486904168692133
golovin_fixed10_high_resolution_screen_v2_N524288_dt0p1_m004,golovin,golovin_fixed10_high_resolution_screen_v2,controlled,74,4,not_applicable,3524075828018570918,524288,0.1,300.0,3600.0,3000.0,524288,0.09326807078739213,0.9982363476780685,9.32627308714018e-11,93268.07078739213,238740390141.531,1.0958904861727408e+20,2004.87841796875,0.9953202343968437,0.13768501266333816,0.13768501266333816,1442.880126953125,0.012190026772607932,0.020552374603176576,0.0,0.0,0.03006457608375273,0.0,0.0,0.041981472291739416,0.0,0.0,0.03006457608375273,0.0,0.0,93187.47491936282,0.0008648787629352839,238733292669.84543,2.972971053272211e-05,1.1011101959187887e+20,-0.004740406332985114
golovin_fixed10_high_resolution_screen_v2_N524288_dt0p1_m004,golovin,golovin_fixed10_high_resolution_screen_v2,controlled,74,4,not_applicable,3524075828018570918,524288,0.1,300.0,3600.0,3299.999952316284,524288,0.059470850136934254,0.9982363479669119,3.826163830211726e-10,59470.850136934256,238740390210.61145,2.705442142676256e+20,2994.69140625,0.9970232987305702,0.3496249131019785,0.3496249131019785,1964.189697265625,0.012555905323485763,0.022576378636327537,0.0,0.0,0.030595477341070973,0.0,0.0,0.04588529148457828,0.0,0.0,0.030595477341070973,0.0,0.0,59418.863295774216,0.0008749215026424562,238733292669.84543,2.9729999895034e-05,2.7083026409274727e+20,-0.0010561959391056641
golovin_fixed10_high_resolution_screen_v2_N524288_dt0p1_m004,golovin,golovin_fixed10_high_resolution_screen_v2,controlled,74,4,not_applicable,3524075828018570918,524288,0.1,300.0,3600.0,3599.9999046325684,524288,0.03791682442679015,0.9982363473417804,-2.43619568962572e-10,37916.82442679015,238740390061.10364,6.645757410684109e+20,3719.769287109375,0.9981062059591266,0.5510545228729761,0.5510545228729761,2647.7958984375,0.011043681524279526,0.023905883843695002,0.0,0.0,0.036029107293148004,0.0,0.0,0.04841519277047419,0.0,0.0,0.036029107293148004,0.0,0.0,37887.079979546696,0.0007850815438801284,238733292669.84543,2.9729373640430268e-05,6.661370698447075e+20,-0.002343855111772486
golovin_fixed10_high_resolution_screen_v2_N524288_dt0p1_m005,golovin,golovin_fixed10_high_resolution_screen_v2,controlled,75,5,not_applicable,9252799756902989389,524288,0.1,300.0,3600.0,0.0,524288,8.388608,0.9982363475849703,0.0,8388607.999999999,238740390119.2654,1.3588188835532024e+16,74.99969482421875,0.3428183576533882,0.0,0.0,57.378334045410156,0.016823776440596874,0.0008159082474797014,0.0,0.0,0.00029524346322633125,0.0,0.0,0.00038178166368288657,0.0,0.0,0.00029524346322633125,0.0,0.0,8388608.0,-1.1102230246251565e-16,238733292669.84543,2.9729617267104658e-05,1.3588329560514944e+16,-1.0356312179049532e-05
golovin_fixed10_high_resolution_screen_v2_N524288_dt0p1_m005,golovin,golovin_fixed10_high_resolution_screen_v2,controlled,75,5,not_applicable,9252799756902989389,524288,0.1,300.0,3600.0,300.00001192092896,524288,5.362389085741515,0.9982363478709534,2.864883885678182e-10,5362389.085741514,238740390187.66174,3.323468787174845e+16,127.20450592041016,0.6332333070996436,0.0,0.0,87.68898010253906,0.008101170759800764,0.013715008165129404,0.0,0.0,0.0180773755166211,0.0,0.0,0.026538505293058012,0.0,0.0,0.0180773755166211,0.0,0.0,5348803.665523084,0.0025398988386877708,238733292669.84543,2.972990376393092e-05,3.3422009487832736e+16,-0.005604738283390254
golovin_fixed10_high_resolution_screen_v2_N524288_dt0p1_m005,golovin,golovin_fixed10_high_resolution_screen_v2,controlled,75,5,not_applicable,9252799756902989389,524288,0.1,300.0,3600.0,600.0000238418579,524288,3.416943303478013,0.9982363477585537,1.7389023554414962e-10,3416943.303478013,238740390160.78006,8.216929089490794e+16,179.4948272705078,0.7902295897183458,0.0,0.0,123.96144104003906,0.006856935216638634,0.013387581346100685,0.0,0.0,0.02031437019325973,0.0,0.0,0.030537253332929514,0.0,0.0,0.02031437019325973,0.0,0.0,3410542.089022777,0.001876890619775251,238733292669.84543,2.9729791162669272e-05,8.220515356432454e+16,-0.0004362581646240038
golovin_fixed10_high_resolution_screen_v2_N524288_dt0p1_m005,golovin,golovin_fixed10_high_resolution_screen_v2,controlled,75,5,not_applicable,9252799756902989389,524288,0.1,300.0,3600.0,899.9999761581421,524288,2.176859075417428,0.9982363476805621,9.57607326768084e-11,2176859.0754174283,238740390142.1274,2.027252806192058e+17,244.8984375,0.8759294975809969,0.0,0.0,171.23065185546875,0.010055509400863687,0.016260691262634065,0.0,0.0,0.02297566672113053,0.0,0.0,0.031520706287396734,0.0,0.0,0.02297566672113053,0.0,0.0,2174654.2046287498,0.0010138948914202306,238733292669.84543,2.972971303094596e-05,2.021926918134987e+17,0.002634065558602794
golovin_fixed10_high_resolution_screen_v2_N524288_dt0p1_m005,golovin,golovin_fixed10_high_resolution_screen_v2,controlled,75,5,not_applicable,9252799756902989389,524288,0.1,300.0,3600.0,1200.0000476837158,524288,1.3900363649053953,0.9982363477490064,1.6432588623160882e-10,1390036.3649053953,238740390158.49664,4.9778898726869e+17,332.8052062988281,0.9244079507057603,0.0,0.0,235.20033264160156,0.010669224238705888,0.01598620413436343,0.0,0.0,0.02178459090772492,0.0,0.0,0.029841894730116062,0.0,0.0,0.02178459090772492,0.0,0.0,1386618.2972187817,0.002465038643633566,238733292669.84543,2.972978159787587e-05,4.97315526712769e+17,0.0009520325235983229
golovin_fixed10_high_resolution_screen_v2_N524288_dt0p1_m005,golovin,golovin_fixed10_high_resolution_screen_v2,controlled,75,5,not_applicable,9252799756902989389,524288,0.1,300.0,3600.0,1500.0,524288,0.886263595807378,0.9982363473569832,-2.2838986257767147e-10,886263.5958073781,238740390064.73956,1.2223470580038748e+18,485.1429443359375,0.9532657946450874,0.0,0.0,320.5332336425781,0.010885612770928687,0.01869917351113699,0.0,0.0,0.023618899227030303,0.0,0.0,0.033845187770400846,0.0,0.0,0.023618899227030303,0.0,0.0,884145.4617925527,0.002395684993429681,238733292669.84543,2.972938887046972e-05,1.2232026906685448e+18,-0.0006995019477943343
golovin_fixed10_high_resolution_screen_v2_N524288_dt0p1_m005,golovin,golovin_fixed10_high_resolution_screen_v2,controlled,75,5,not_applicable,9252799756902989389,524288,0.1,300.0,3600.0,1799.9999523162842,524288,0.5652272073314543,0.9982363475306408,-5.4425464135476886e-11,565227.2073314543,238740390106.2719,3.006860061092096e+18,607.69873046875,0.9707888769147275,0.0,0.0,433.302490234375,0.009407236232382807,0.014843403724911582,0.0,0.0,0.02279593889368729,0.0,0.0,0.030860899479792665,0.0,0.0,0.02279593889368729,0.0,0.0,563755.1438462138,0.002611175261652221,238733292669.84543,2.9729562840197232e-05,3.0086026719268946e+18,-0.0005792093622261074
golovin_fixed10_high_resolution_screen_v2_N524288_dt0p1_m005,golovin,golovin_fixed10_high_resolution_screen_v2,controlled,75,5,not_applicable,9252799756902989389,524288,0.1,300.0,3600.0,2099.9999046325684,524288,0.36035046977452717,0.9982363477749698,1.903353030741073e-10,360350.4697745272,238740390164.70615,7.448704042853516e+18,831.6630249023438,0.9816408954867318,0.0,0.0,591.38818359375,0.01156308464730565,0.019126044973478622,0.0,0.0,0.025707778387385152,0.0,0.0,0.03314243615838957,0.0,0.0,0.025707778387385152,0.0,0.0,359465.58111456485,0.0024616784094282362,238733292669.84543,2.972980760818089e-05,7.39999192822117e+18,0.006582725373871723
golovin_fixed10_high_resolution_screen_v2_N524288_dt0p1_m005,golovin,golovin_fixed10_high_resolution_screen_v2,controlled,75,5,not_applicable,9252799756902989389,524288,0.1,300.0,3600.0,2400.0000953674316,524288,0.22966203748029393,0.9982363478654496,2.8097479898292477e-10,229662.03748029392,238740390186.34552,1.8216721322668186e+19,1344.510498046875,0.9883925428500092,0.00026549035496921733,0.00026549035496921733,796.0521850585938,0.00786131281341507,0.016013648825099362,0.0,0.0,0.023712369181603594,0.0,0.0,0.034313169069156955,0.0,0.0,0.023712369181603594,0.0,0.0,229204.92913507385,0.0019943216184092893,238733292669.84543,2.972989825056338e-05,1.8201113831406539e+19,0.0008575019862089306
golovin_fixed10_high_resolution_screen_v2_N524288_dt0p1_m005,golovin,golovin_fixed10_high_resolution_screen_v2,controlled,75,5,not_applicable,9252799756902989389,524288,0.1,300.0,3600.0,2700.000047683716,524288,0.14645271856494718,0.9982363479390289,3.546842819446283e-10,146452.7185649472,238740390203.9429,4.4582683005429326e+19,1572.9183349609375,0.9926420247966784,0.020019749781963483,0.020019749781963483,1065.10009765625,0.00865558133377067,0.01889627366618671,0.0,0.0,0.024648904817504674,0.0,0.0,0.03533728817505465,0.0,0.0,0.024648904817504674,0.0,0.0,146147.28387886327,0.0020899101097020534,238733292669.84543,2.9729971962044743e-05,4.476765798748041e+19,-0.0041318887421543105
golovin_fixed10_high_resolution_screen_v2_N524288_dt0p1_m005,golovin,golovin_fixed10_high_resolution_screen_v2,controlled,75,5,not_applicable,9252799756902989389,524288,0.1,300.0,3600.0,3000.0,524288,0.09334722393836845,0.9982363478525863,2.680888844253104e-10,93347.22393836845,238740390183.2691,1.1011331146573015e+20,1922.254638671875,0.9953249371510531,0.1389523015945828,0.1389523015945828,1452.0963134765625,0.01124087393698851,0.020806653968664723,0.0,0.0,0.029631961984116342,0.0,0.0,0.042387774441012535,0.0,0.0,0.029631961984116342,0.0,0.0,93187.47491936282,0.001714275648566188,238733292669.84543,2.9729885364204733e-05,1.1011101959187887e+20,2.0814209692909813e-05
golovin_fixed10_high_resolution_screen_v2_N524288_dt0p1_m005,golovin,golovin_fixed10_high_resolution_screen_v2,controlled,75,5,not_applicable,9252799756902989389,524288,0.1,300.0,3600.0,3299.999952316284,524288,0.0595463271341201,0.9982363479546309,3.7031377964069634e-10,59546.3271341201,238740390207.67432,2.721189724314021e+20,2657.203369140625,0.9970247573189607,0.3477149773782975,0.3477149773782975,1980.7435302734375,0.012974516693769752,0.024549668832084384,0.0,0.0,0.03560341851708439,0.0,0.0,0.04764311260586087,0.0,0.0,0.03560341851708439,0.0,0.0,59418.863295774216,0.0021451746343816858,238733292669.84543,2.972998759198653e-05,2.7083026409274727e+20,0.004758361636473252
golovin_fixed10_high_resolution_screen_v2_N524288_dt0p1_m005,golovin,golovin_fixed10_high_resolution_screen_v2,controlled,75,5,not_applicable,9252799756902989389,524288,0.1,300.0,3600.0,3599.9999046325684,524288,0.037969100196538146,0.9982363475638559,-2.1151635998251095e-11,37969.100196538144,238740390114.2157,6.643583465044911e+20,3626.86865234375,0.9981051109569788,0.549734289441993,0.549734289441993,2650.6962890625,0.01227499958258038,0.025136266387316357,0.0,0.0,0.038561445198455224,0.0,0.0,0.05247054045764359,0.0,0.0,0.038561445198455224,0.0,0.0,37887.079979546696,0.002164859815951159,238733292669.84543,2.9729596114913548e-05,6.661370698447075e+20,-0.002670206209408388
golovin_fixed10_high_resolution_screen_v2_N524288_dt0p1_m006,golovin,golovin_fixed10_high_resolution_screen_v2,controlled,76,6,not_applicable,10797129463191112869,524288,0.1,300.0,3600.0,0.0,524288,8.388608,0.9982363475849703,0.0,8388607.999999999,238740390119.2654,1.3588188835532024e+16,74.99969482421875,0.3428183576533882,0.0,0.0,57.378334045410156,0.016824866303944516,0.0008159082474797014,0.0,0.0,0.00029524346322633125,0.0,0.0,0.00038178166368288657,0.0,0.0,0.00029524346322633125,0.0,0.0,8388608.0,-1.1102230246251565e-16,238733292669.84543,2.9729617267104658e-05,1.3588329560514944e+16,-1.0356312179049532e-05
golovin_fixed10_high_resolution_screen_v2_N524288_dt0p1_m006,golovin,golovin_fixed10_high_resolution_screen_v2,controlled,76,6,not_applicable,10797129463191112869,524288,0.1,300.0,3600.0,300.00001192092896,524288,5.329015080659451,0.9982363469862291,-5.99798988254463e-10,5329015.080659451,238740389976.0692,3.3516137446830684e+16,138.4842987060547,0.6359520231781952,0.0,0.0,88.0512924194336,0.009389688606984338,0.013557700649273021,0.0,0.0,0.020497364233609993,0.0,0.0,0.028672178273994472,0.0,0.0,0.020497364233609993,0.0,0.0,5348803.665523084,-0.003699628197457394,238733292669.84543,2.9729017450463857e-05,3.3422009487832736e+16,0.0028163464866532983
golovin_fixed10_high_resolution_screen_v2_N524288_dt0p1_m006,golovin,golovin_fixed10_high_resolution_screen_v2,controlled,76,6,not_applicable,10797129463191112869,524288,0.1,300.0,3600.0,600.0000238418579,524288,3.3912314925305362,0.9982363476987256,1.1395639987199502e-10,3391231.4925305364,238740390146.4714,8.263855685057658e+16,180.345947265625,0.7917065808852021,0.0,0.0,124.03402709960938,0.010986108174757538,0.017154428353970654,0.0,0.0,0.02405717435670759,0.0,0.0,0.03524624747824765,0.0,0.0,0.02405717435670759,0.0,0.0,3410542.089022777,-0.005662031427318803,238733292669.84543,2.97297312268352e-05,8.220515356432454e+16,0.0052722155176427865
golovin_fixed10_high_resolution_screen_v2_N524288_dt0p1_m006,golovin,golovin_fixed10_high_resolution_screen_v2,controlled,76,6,not_applicable,10797129463191112869,524288,0.1,300.0,3600.0,899.9999761581421,524288,2.161278690428211,0.9982363476008852,1.5943024678222173e-11,2161278.690428211,238740390123.07172,2.033634805873786e+17,259.4366455078125,0.8765833660648947,0.0,0.0,171.36996459960938,0.009930967120510366,0.016121629896639993,0.0,0.0,0.02319930739572774,0.0,0.0,0.03130783178254595,0.0,0.0,0.02319930739572774,0.0,0.0,2174654.2046287498,-0.006150639569302174,238733292669.84543,2.972963321079547e-05,2.021926918134987e+17,0.005790460393889196
golovin_fixed10_high_resolution_screen_v2_N524288_dt0p1_m006,golovin,golovin_fixed10_high_resolution_screen_v2,controlled,76,6,not_applicable,10797129463191112869,524288,0.1,300.0,3600.0,1200.0000476837158,524288,1.3764320317525724,0.9982363475421528,-4.289302246718307e-11,1376432.0317525724,238740390109.02512,5.037008917047214e+17,345.45745849609375,0.9251221961596563,0.0,0.0,236.11517333984375,0.00980234260779719,0.018069648985214324,0.0,0.0,0.024559213088451836,0.0,0.0,0.03630573428953559,0.0,0.0,0.024559213088451836,0.0,0.0,1386618.2972187817,-0.007346120764914477,238733292669.84543,2.9729574372749923e-05,4.97315526712769e+17,0.012839665461803262
golovin_fixed10_high_resolution_screen_v2_N524288_dt0p1_m006,golovin,golovin_fixed10_high_resolution_screen_v2,controlled,76,6,not_applicable,10797129463191112869,524288,0.1,300.0,3600.0,1500.0,524288,0.8777498136902117,0.9982363474824619,-1.0268941252888908e-10,877749.8136902116,238740390094.7493,1.2349544855425633e+18,455.0348205566406,0.9536929837308354,0.0,0.0,320.773681640625,0.012149322017093069,0.019875366174022503,0.0,0.0,0.024121459063573353,0.0,0.0,0.036299850863899856,0.0,0.0,0.024121459063573353,0.0,0.0,884145.4617925527,-0.00723370574042681,238733292669.84543,2.9729514574583504e-05,1.2232026906685448e+18,0.009607397828397257
golovin_fixed10_high_resolution_screen_v2_N524288_dt0p1_m006,golovin,golovin_fixed10_high_resolution_screen_v2,controlled,76,6,not_applicable,10797129463191112869,524288,0.1,300.0,3600.0,1799.9999523162842,524288,0.5594083178892739,0.9982363476853062,1.0051315335601885e-10,559408.3178892739,238740390143.26202,3.04643588220932e+18,613.58984375,0.9710768641891514,0.0,0.0,433.2786865234375,0.013277614413379912,0.01992375228454127,0.0,0.0,0.027672977218890175,0.0,0.0,0.035185372069372674,0.0,0.0,0.027672977218890175,0.0,0.0,563755.1438462138,-0.00771048566809307,238733292669.84543,2.9729717783588683e-05,3.0086026719268946e+18,0.012575010530784025
golovin_fixed10_high_resolution_screen_v2_N524288_dt0p1_m006,golovin,golovin_fixed10_high_resolution_screen_v2,controlled,76,6,not_applicable,10797129463191112869,524288,0.1,300.0,3600.0,2099.9999046325684,524288,0.35642792665585793,0.9982363473667176,-2.186382186408764e-10,356427.92665585794,238740390067.0677,7.480997860183257e+18,812.738037109375,0.9818294438877019,0.0,0.0,588.0458984375,0.010669667681829045,0.02085567302867984,0.0,0.0,0.025833142084992385,0.0,0.0,0.03619328887655726,0.0,0.0,0.025833142084992385,0.0,0.0,359465.58111456485,-0.008450473754088805,238733292669.84543,2.9729398622668768e-05,7.39999192822117e+18,0.010946759502960646
golovin_fixed10_high_resolution_screen_v2_N524288_dt0p1_m006,golovin,golovin_fixed10_high_resolution_screen_v2,controlled,76,6,not_applicable,10797129463191112869,524288,0.1,300.0,3600.0,2400.0000953674316,524288,0.22722631751051162,0.9982363476484214,6.356315473965424e-11,227226.3175105116,238740390134.44052,1.8398483936637078e+19,1089.8426513671875,0.9885001381281399,0.00022625518765192709,0.00022625518765192709,795.862548828125,0.009961240094650336,0.019444546831032077,0.0,0.0,0.02652621828598765,0.0,0.0,0.03549688831846058,0.0,0.0,0.02652621828598765,0.0,0.0,229204.92913507385,-0.008632500321998804,238733292669.84543,2.97296808322578e-05,1.8201113831406539e+19,0.01084384763804791
golovin_fixed10_high_resolution_screen_v2_N524288_dt0p1_m006,golovin,golovin_fixed10_high_resolution_screen_v2,controlled,76,6,not_applicable,10797129463191112869,524288,0.1,300.0,3600.0,2700.000047683716,524288,0.14499039391622248,0.9982363474646635,-1.2051937225976417e-10,144990.39391622247,238740390090.4926,4.552977480068848e+19,1536.2767333984375,0.9926946382349191,0.02204519339944615,0.02204519339944615,1082.131591796875,0.011427490937953642,0.019454937047476695,0.0,0.0,0.02610956955140638,0.0,0.0,0.03702652074570258,0.0,0.0,0.02610956955140638,0.0,0.0,146147.28387886327,-0.007915918325240301,238733292669.84543,2.972949674440173e-05,4.476765798748041e+19,0.017023825848142327
golovin_fixed10_high_resolution_screen_v2_N524288_dt0p1_m006,golovin,golovin_fixed10_high_resolution_screen_v2,controlled,76,6,not_applicable,10797129463191112869,524288,0.1,300.0,3600.0,3000.0,524288,0.09246454099575117,0.998236347673409,8.859490918666779e-11,92464.54099575117,238740390140.4166,1.1157071855984561e+20,1924.8994140625,0.9953560898731606,0.14262459693606822,0.14262459693606822,1451.430908203125,0.010955354564695801,0.020356549274697044,0.0,0.0,0.029220835980823246,0.0,0.0,0.042159657285828045,0.0,0.0,0.029220835980823246,0.0,0.0,93187.47491936282,-0.007757844326581664,238733292669.84543,2.972970586467838e-05,1.1011101959187887e+20,0.013256611130993523
golovin_fixed10_high_resolution_screen_v2_N524288_dt0p1_m006,golovin,golovin_fixed10_high_resolution_screen_v2,controlled,76,6,not_applicable,10797129463191112869,524288,0.1,300.0,3600.0,3299.999952316284,524288,0.05896109888120075,0.9982363472636545,-3.2188340881589284e-10,58961.09888120075,238740390042.4189,2.777391137706675e+20,2662.63623046875,0.9970440691355684,0.35246028890228215,0.35246028890228215,1988.60498046875,0.013343870786018007,0.02314249884069755,0.0,0.0,0.03330974131709948,0.0,0.0,0.045990045217509046,0.0,0.0,0.03330974131709948,0.0,0.0,59418.863295774216,-0.007704025105542911,238733292669.84543,2.972929537436997e-05,2.7083026409274727e+20,0.025509887903643946
golovin_fixed10_high_resolution_screen_v2_N524288_dt0p1_m006,golovin,golovin_fixed10_high_resolution_screen_v2,controlled,76,6,not_applicable,10797129463191112869,524288,0.1,300.0,3600.0,3599.9999046325684,524288,0.037576292807797444,0.9982363480539309,4.697890965132956e-10,37576.29280779744,238740390231.42307,6.863639820276581e+20,3709.751953125,0.9981190920824975,0.5544657726991065,0.5544657726991065,2647.010009765625,0.017942756780336452,0.02849512913332048,0.0,0.0,0.038483835779163124,0.0,0.0,0.05359700062808923,0.0,0.0,0.038483835779163124,0.0,0.0,37887.079979546696,-0.008202985606624469,238733292669.84543,2.973008707018998e-05,6.661370698447075e+20,0.030364489680278384
golovin_fixed10_high_resolution_screen_v2_N524288_dt0p1_m007,golovin,golovin_fixed10_high_resolution_screen_v2,controlled,77,7,not_applicable,6293185147233999081,524288,0.1,300.0,3600.0,0.0,524288,8.388608,0.9982363475849703,0.0,8388607.999999999,238740390119.2654,1.3588188835532024e+16,74.99969482421875,0.3428183576533882,0.0,0.0,57.378334045410156,0.016821694108128296,0.0008159082474797014,0.0,0.0,0.00029524346322633125,0.0,0.0,0.00038178166368288657,0.0,0.0,0.00029524346322633125,0.0,0.0,8388608.0,-1.1102230246251565e-16,238733292669.84543,2.9729617267104658e-05,1.3588329560514944e+16,-1.0356312179049532e-05
golovin_fixed10_high_resolution_screen_v2_N524288_dt0p1_m007,golovin,golovin_fixed10_high_resolution_screen_v2,controlled,77,7,not_applicable,6293185147233999081,524288,0.1,300.0,3600.0,300.00001192092896,524288,5.352673211888586,0.9982363478325325,2.4799962083932314e-10,5352673.211888586,238740390178.47296,3.326410332981379e+16,126.54573059082031,0.6320241172977432,0.0,0.0,87.99388885498047,0.011463879404541943,0.016910797947924404,0.0,0.0,0.022309922467525542,0.0,0.0,0.028621284163844348,0.0,0.0,0.022309922467525542,0.0,0.0,5348803.665523084,0.0007234414660692856,238733292669.84543,2.9729865274275014e-05,3.3422009487832736e+16,-0.004724615917437003
golovin_fixed10_high_resolution_screen_v2_N524288_dt0p1_m007,golovin,golovin_fixed10_high_resolution_screen_v2,controlled,77,7,not_applicable,6293185147233999081,524288,0.1,300.0,3600.0,600.0000238418579,524288,3.412472714706076,0.9982363476352857,5.040434736258703e-11,3412472.714706076,238740390131.29898,8.2058559330071e+16,181.94606018066406,0.7888908362069199,0.0,0.0,124.47638702392578,0.008992695383569085,0.01480759052051944,0.0,0.0,0.02239298541627627,0.0,0.0,0.030927175689646275,0.0,0.0,0.02239298541627627,0.0,0.0,3410542.089022777,0.0005660759002250604,238733292669.84543,2.9729667673006333e-05,8.220515356432454e+16,-0.0017832730418638754
golovin_fixed10_high_resolution_screen_v2_N524288_dt0p1_m007,golovin,golovin_fixed10_high_resolution_screen_v2,controlled,77,7,not_applicable,6293185147233999081,524288,0.1,300.0,3600.0,899.9999761581421,524288,2.1734667486772055,0.9982363476001996,1.525624071518905e-11,2173466.7486772053,238740390122.9077,2.0283435470832106e+17,264.751708984375,0.8751327799578246,0.0,0.0,172.1802520751953,0.009844880015632489,0.016452160350336344,0.0,0.0,0.023525754484221156,0.0,0.0,0.035005496033137386,0.0,0.0,0.023525754484221156,0.0,0.0,2174654.2046287498,-0.0005460435728203983,238733292669.84543,2.9729632523789462e-05,2.021926918134987e+17,0.0031735216988664217
golovin_fixed10_high_resolution_screen_v2_N524288_dt0p1_m007,golovin,golovin_fixed10_high_resolution_screen_v2,controlled,77,7,not_applicable,6293185147233999081,524288,0.1,300.0,3600.0,1200.0000476837158,524288,1.3881726013159537,0.998236347924251,3.398801240450666e-10,1388172.6013159538,238740390200.40854,4.966489692473533e+17,346.8061828613281,0.9238902303898567,0.0,0.0,235.3284912109375,0.008248148496803522,0.015603036498615771,0.0,0.0,0.026238219402244946,0.0,0.0,0.03366695631737379,0.0,0.0,0.026238219402244946,0.0,0.0,1386618.2972187817,0.0011209314778910517,238733292669.84543,2.9729957157442755e-05,4.97315526712769e+17,-0.001340310988924176
golovin_fixed10_high_resolution_screen_v2_N524288_dt0p1_m007,golovin,golovin_fixed10_high_resolution_screen_v2,controlled,77,7,not_applicable,6293185147233999081,524288,0.1,300.0,3600.0,1500.0,524288,0.886105415578827,0.9982363476836158,9.881984119886056e-11,886105.415578827,238740390142.85773,1.212408630706358e+18,464.9609069824219,0.9529755117756449,0.0,0.0,317.8139343261719,0.00960216234891099,0.016861859711302392,0.0,0.0,0.024013930742495904,0.0,0.0,0.033799626675896824,0.0,0.0,0.024013930742495904,0.0,0.0,884145.4617925527,0.0022167775224459785,238733292669.84543,2.972971609005448e-05,1.2232026906685448e+18,-0.008824424639130912
golovin_fixed10_high_resolution_screen_v2_N524288_dt0p1_m007,golovin,golovin_fixed10_high_resolution_screen_v2,controlled,77,7,not_applicable,6293185147233999081,524288,0.1,300.0,3600.0,1799.9999523162842,524288,0.5645074191399987,0.9982363477484644,1.6378298717256712e-10,564507.4191399987,238740390158.36707,2.9920024338062976e+18,661.1847534179688,0.9706701199302917,0.0,0.0,433.4041442871094,0.007823216276395773,0.01736321992923165,0.0,0.0,0.02397953163651714,0.0,0.0,0.032459279627848885,0.0,0.0,0.02397953163651714,0.0,0.0,563755.1438462138,0.0013344007624525034,238733292669.84543,2.9729781055198856e-05,3.0086026719268946e+18,-0.00551759069932789
golovin_fixed10_high_resolution_screen_v2_N524288_dt0p1_m007,golovin,golovin_fixed10_high_resolution_screen_v2,controlled,77,7,not_applicable,6293185147233999081,524288,0.1,300.0,3600.0,2099.9999046325684,524288,0.3602736976831104,0.9982363477006936,1.1592771187451945e-10,360273.6976831104,238740390146.9421,7.344335182391648e+18,850.0219116210938,0.9815325590257681,0.0,0.0,582.6571044921875,0.008423979974390573,0.016271688347021595,0.0,0.0,0.024075357132468188,0.0,0.0,0.035456917403103375,0.0,0.0,0.024075357132468188,0.0,0.0,359465.58111456485,0.002248105551691193,238733292669.84543,2.972973319859129e-05,7.39999192822117e+18,-0.007521190072824924
golovin_fixed10_high_resolution_screen_v2_N524288_dt0p1_m007,golovin,golovin_fixed10_high_resolution_screen_v2,controlled,77,7,not_applicable,6293185147233999081,524288,0.1,300.0,3600.0,2400.0000953674316,524288,0.22961063429083614,0.9982363475210477,-6.403544361432978e-11,229610.63429083614,238740390103.9776,1.8230599291741428e+19,1093.8175048828125,0.9883252320290227,0.00022151756866123712,0.00022151756866123712,797.6931762695312,0.009347391349695096,0.015912201646570222,0.0,0.0,0.022457328440430663,0.0,0.0,0.033230894607984035,0.0,0.0,0.022457328440430663,0.0,0.0,229204.92913507385,0.001770054236151175,238733292669.84543,2.9729553229884687e-05,1.8201113831406539e+19,0.0016199810961026184
golovin_fixed10_high_resolution_screen_v2_N524288_dt0p1_m007,golovin,golovin_fixed10_high_resolution_screen_v2,controlled,77,7,not_applicable,6293185147233999081,524288,0.1,300.0,3600.0,2700.000047683716,524288,0.14650958631231514,0.9982363475834914,-1.4814816040598089e-12,146509.58631231514,238740390118.91174,4.4531109463508574e+19,1457.57666015625,0.9925931534595376,0.02010527156776474,0.02010527156776474,1069.5506591796875,0.011614851843005838,0.01953740343446045,0.0,0.0,0.02792391683500064,0.0,0.0,0.03696218627427947,0.0,0.0,0.02792391683500064,0.0,0.0,146147.28387886327,0.002479022694340083,238733292669.84543,2.9729615785623054e-05,4.476765798748041e+19,-0.005283915545414297
golovin_fixed10_high_resolution_screen_v2_N524288_dt0p1_m007,golovin,golovin_fixed10_high_resolution_screen_v2,controlled,77,7,not_applicable,6293185147233999081,524288,0.1,300.0,3600.0,3000.0,524288,0.0933705965267822,0.9982363475210498,-6.403333419058299e-11,93370.5965267822,238740390103.9781,1.096411219958265e+20,1883.2083740234375,0.995297160908069,0.141260154748289,0.141260154748289,1445.8389892578125,0.010944940213786763,0.02075104507998512,0.0,0.0,0.030917277034877327,0.0,0.0,0.041273906059180215,0.0,0.0,0.030917277034877327,0.0,0.0,93187.47491936282,0.0019650882007247183,238733292669.84543,2.9729553231883088e-05,1.1011101959187887e+20,-0.0042674892830347755
golovin_fixed10_high_resolution_screen_v2_N524288_dt0p1_m007,golovin,golovin_fixed10_high_resolution_screen_v2,controlled,77,7,not_applicable,6293185147233999081,524288,0.1,300.0,3600.0,3299.999952316284,524288,0.05956978428267705,0.9982363474782762,-1.0688261387059583e-10,59569.78428267705,238740390093.74823,2.707442157464857e+20,2633.50341796875,0.997005032068735,0.34921175784949643,0.34921175784949643,1961.6773681640625,0.008734086817550266,0.020814354587925236,0.0,0.0,0.029387450360843406,0.0,0.0,0.04472395800631225,0.0,0.0,0.029387450360843406,0.0,0.0,59418.863295774216,0.0025399507585930348,238733292669.84543,2.972951038127114e-05,2.7083026409274727e+20,-0.0003177205714058884
golovin_fixed10_high_resolution_screen_v2_N524288_dt0p1_m007,golovin,golovin_fixed10_high_resolution_screen_v2,controlled,77,7,not_applicable,6293185147233999081,524288,0.1,300.0,3600.0,3599.9999046325684,524288,0.03798427489318813,0.9982363477388807,1.5418244458942354e-10,37984.274893188136,238740390156.075,6.661770505399553e+20,3553.794921875,0.9980924505629626,0.5504859081700251,0.5504859081700251,2648.21923828125,0.008093680427637777,0.02176224077773679,0.0,0.0,0.0356443831790681,0.0,0.0,0.04797403109269692,0.0,0.0,0.0356443831790681,0.0,0.0,37887.079979546696,0.0025653841281489953,238733292669.84543,2.9729771454212184e-05,6.661370698447075e+20,6.0018721457888446e-05
golovin_fixed10_high_resolution_screen_v2_N524288_dt0p1_m008,golovin,golovin_fixed10_high_resolution_screen_v2,controlled,78,8,not_applicable,15130139132901369762,524288,0.1,300.0,3600.0,0.0,524288,8.388608,0.9982363475849703,0.0,8388607.999999999,238740390119.2654,1.3588188835532024e+16,74.99969482421875,0.3428183576533882,0.0,0.0,57.378334045410156,0.016822352605418006,0.0008159082474797014,0.0,0.0,0.00029524346322633125,0.0,0.0,0.00038178166368288657,0.0,0.0,0.00029524346322633125,0.0,0.0,8388608.0,-1.1102230246251565e-16,238733292669.84543,2.9729617267104658e-05,1.3588329560514944e+16,-1.0356312179049532e-05
golovin_fixed10_high_resolution_screen_v2_N524288_dt0p1_m008,golovin,golovin_fixed10_high_resolution_screen_v2,controlled,78,8,not_applicable,15130139132901369762,524288,0.1,300.0,3600.0,300.00001192092896,524288,5.349821834842694,0.9982363474593647,-1.258274595627995e-10,5349821.834842694,238740390089.22537,3.3382417587011972e+16,129.58042907714844,0.6349829961729049,0.0,0.0,87.62224578857422,0.01064763561643949,0.013564826681976418,0.0,0.0,0.020710704023175257,0.0,0.0,0.02795009268522415,0.0,0.0,0.020710704023175257,0.0,0.0,5348803.665523084,0.00019035458829286256,238733292669.84543,2.9729491436203404e-05,3.3422009487832736e+16,-0.0011846056364497315
golovin_fixed10_high_resolution_screen_v2_N524288_dt0p1_m008,golovin,golovin_fixed10_high_resolution_screen_v2,controlled,78,8,not_applicable,15130139132901369762,524288,0.1,300.0,3600.0,600.0000238418579,524288,3.406707951225208,0.9982363477375683,1.5286771848366243e-10,3406707.9512252077,238740390155.76114,8.254340242989554e+16,197.05181884765625,0.7905134811251381,0.0,0.0,124.61920928955078,0.010324227136947226,0.012160243643460371,0.0,0.0,0.0205123638722143,0.0,0.0,0.029273686610798242,0.0,0.0,0.0205123638722143,0.0,0.0,3410542.089022777,-0.0011242018709899382,238733292669.84543,2.9729770139486078e-05,8.220515356432454e+16,0.004114691730443765
golovin_fixed10_high_resolution_screen_v2_N524288_dt0p1_m008,golovin,golovin_fixed10_high_resolution_screen_v2,controlled,78,8,not_applicable,15130139132901369762,524288,0.1,300.0,3600.0,899.9999761581421,524288,2.170246522152732,0.9982363477308631,1.461506471400753e-10,2170246.5221527317,238740390154.1575,2.0207888357551395e+17,267.2513732910156,0.8764838005731236,0.0,0.0,171.7999725341797,0.008179449516929192,0.013847628330365461,0.0,0.0,0.02164754647148718,0.0,0.0,0.030364280569543836,0.0,0.0,0.02164754647148718,0.0,0.0,2174654.2046287498,-0.0020268429190426485,238733292669.84543,2.972976342219269e-05,2.021926918134987e+17,-0.0005628701856826845
golovin_fixed10_high_resolution_screen_v2_N524288_dt0p1_m008,golovin,golovin_fixed10_high_resolution_screen_v2,controlled,78,8,not_applicable,15130139132901369762,524288,0.1,300.0,3600.0,1200.0000476837158,524288,1.3845158106172042,0.9982363475328309,-5.2231552416515115e-11,1384515.8106172043,238740390106.79562,4.981654492938512e+17,341.2944030761719,0.9248473344636685,0.0,0.0,235.63079833984375,0.007785138751934997,0.015942104907221803,0.0,0.0,0.02194378379308621,0.0,0.0,0.03024712294724954,0.0,0.0,0.02194378379308621,0.0,0.0,1386618.2972187817,-0.0015162691894333724,238733292669.84543,2.972956503399793e-05,4.97315526712769e+17,0.001709020803553285
golovin_fixed10_high_resolution_screen_v2_N524288_dt0p1_m008,golovin,golovin_fixed10_high_resolution_screen_v2,controlled,78,8,not_applicable,15130139132901369762,524288,0.1,300.0,3600.0,1500.0,524288,0.882639857634097,0.9982363479364132,3.52063933561908e-10,882639.857634097,238740390203.3173,1.2207747220353388e+18,467.65380859375,0.9535623458234389,0.0,0.0,320.1377868652344,0.010532684714847496,0.01724628717790233,0.0,0.0,0.021571708025324654,0.0,0.0,0.030982358042878678,0.0,0.0,0.021571708025324654,0.0,0.0,884145.4617925527,-0.0017028919148702748,238733292669.84543,2.9729969341474316e-05,1.2232026906685448e+18,-0.001984927479090959
golovin_fixed10_high_resolution_screen_v2_N524288_dt0p1_m008,golovin,golovin_fixed10_high_resolution_screen_v2,controlled,78,8,not_applicable,15130139132901369762,524288,0.1,300.0,3600.0,1799.9999523162842,524288,0.5623730369776433,0.9982363475585891,-2.6427748878177226e-11,562373.0369776433,238740390112.95605,2.999254475296152e+18,599.2674560546875,0.9710021531078752,0.0,0.0,433.7440490722656,0.01226414903168065,0.019640806070260208,0.0,0.0,0.02753322118785144,0.0,0.0,0.03810843265900178,0.0,0.0,0.02753322118785144,0.0,0.0,563755.1438462138,-0.0024516084396873916,238733292669.84543,2.9729590838689646e-05,3.0086026719268946e+18,-0.0031071555968390507
golovin_fixed10_high_resolution_screen_v2_N524288_dt0p1_m008,golovin,golovin_fixed10_high_resolution_screen_v2,controlled,78,8,not_applicable,15130139132901369762,524288,0.1,300.0,3600.0,2099.9999046325684,524288,0.3581204156634593,0.9982363474988618,-8.626055425509094e-11,358120.41566345934,238740390098.6716,7.41268273936619e+18,828.7269287109375,0.9817482586470998,0.0,0.0,590.04443359375,0.008967838784622945,0.017779574594532454,0.0,0.0,0.023949783670062678,0.0,0.0,0.03332431173937023,0.0,0.0,0.023949783670062678,0.0,0.0,359465.58111456485,-0.0037421258717863504,238733292669.84543,2.9729531004329957e-05,7.39999192822117e+18,0.0017149763497203985
golovin_fixed10_high_resolution_screen_v2_N524288_dt0p1_m008,golovin,golovin_fixed10_high_resolution_screen_v2,controlled,78,8,not_applicable,15130139132901369762,524288,0.1,300.0,3600.0,2400.0000953674316,524288,0.22817510799631063,0.9982363475539575,-3.106759294269068e-11,228175.10799631063,238740390111.8484,1.8345929324503534e+19,1096.157958984375,0.9884785731945164,0.00029582322460084196,0.00029582322460084196,798.2913208007812,0.011109433636921406,0.01819383044748118,0.0,0.0,0.02802939644688102,0.0,0.0,0.037701192092128875,0.0,0.0,0.02802939644688102,0.0,0.0,229204.92913507385,-0.004493014799678785,238733292669.84543,2.972958619884558e-05,1.8201113831406539e+19,0.007956408296678541
golovin_fixed10_high_resolution_screen_v2_N524288_dt0p1_m008,golovin,golovin_fixed10_high_resolution_screen_v2,controlled,78,8,not_applicable,15130139132901369762,524288,0.1,300.0,3600.0,2700.000047683716,524288,0.14549687724747135,0.9982363476017487,1.6808110459010095e-11,145496.87724747133,238740390123.27823,4.496240974470278e+19,1463.6739501953125,0.9926931955872288,0.021826352382099887,0.021826352382099887,1080.1815185546875,0.011625595881615627,0.017043021834012413,0.0,0.0,0.02448616090694185,0.0,0.0,0.036133200895515305,0.0,0.0,0.02448616090694185,0.0,0.0,146147.28387886327,-0.004450350455578955,238733292669.84543,2.972963407588125e-05,4.476765798748041e+19,0.00435027799034815
golovin_fixed10_high_resolution_screen_v2_N524288_dt0p1_m008,golovin,golovin_fixed10_high_resolution_screen_v2,controlled,78,8,not_applicable,15130139132901369762,524288,0.1,300.0,3600.0,3000.0,524288,0.09283028792014124,0.9982363475220188,-6.306266620015322e-11,92830.28792014124,238740390104.20984,1.1007262400302055e+20,2129.34375,0.9953538090582559,0.13979090939156452,0.13979090939156452,1452.9766845703125,0.01177706549540357,0.02119231387159286,0.0,0.0,0.03097633997734482,0.0,0.0,0.042303229503066926,0.0,0.0,0.03097633997734482,0.0,0.0,93187.47491936282,-0.0038329936456660274,238733292669.84543,2.97295542026621e-05,1.1011101959187887e+20,-0.0003486988768302002
golovin_fixed10_high_resolution_screen_v2_N524288_dt0p1_m008,golovin,golovin_fixed10_high_resolution_screen_v2,controlled,78,8,not_applicable,15130139132901369762,524288,0.1,300.0,3600.0,3299.999952316284,524288,0.05919122812351021,0.9982363478841133,2.996716208514272e-10,59191.228123510205,238740390190.80914,2.6987411545626765e+20,2509.439453125,0.9970462013559329,0.34561707117576246,0.34561707117576246,1963.40966796875,0.010537061739221344,0.017056549271874454,0.0,0.0,0.028652998045670862,0.0,0.0,0.04346188127084937,0.0,0.0,0.028652998045670862,0.0,0.0,59418.863295774216,-0.0038310253619442403,238733292669.84543,2.9729916947607293e-05,2.7083026409274727e+20,-0.0035304349744021968
golovin_fixed10_high_resolution_screen_v2_N524288_dt0p1_m008,golovin,golovin_fixed10_high_resolution_screen_v2,controlled,78,8,not_applicable,15130139132901369762,524288,0.1,300.0,3600.0,3599.9999046325684,524288,0.037750387142616144,0.9982363476491721,6.431521981653532e-11,37750.38714261614,238740390134.6201,6.582427219804877e+20,3552.395263671875,0.998118718669946,0.548918290746383,0.548918290746383,2600.263671875,0.011322209847826866,0.024543030654019606,0.0,0.0,0.03125011727502109,0.0,0.0,0.046663764977526764,0.0,0.0,0.03125011727502109,0.0,0.0,37887.079979546696,-0.0036079010840726067,238733292669.84543,2.9729681584322876e-05,6.661370698447075e+20,-0.011850936123492084
golovin_fixed10_high_resolution_screen_v2_N524288_dt0p1_m009,golovin,golovin_fixed10_high_resolution_screen_v2,controlled,79,9,not_applicable,4187115166652408205,524288,0.1,300.0,3600.0,0.0,524288,8.388608,0.9982363475849703,0.0,8388607.999999999,238740390119.2654,1.3588188835532024e+16,74.99969482421875,0.3428183576533882,0.0,0.0,57.378334045410156,0.016815918996589987,0.0008159082474797014,0.0,0.0,0.00029524346322633125,0.0,0.0,0.00038178166368288657,0.0,0.0,0.00029524346322633125,0.0,0.0,8388608.0,-1.1102230246251565e-16,238733292669.84543,2.9729617267104658e-05,1.3588329560514944e+16,-1.0356312179049532e-05
golovin_fixed10_high_resolution_screen_v2_N524288_dt0p1_m009,golovin,golovin_fixed10_high_resolution_screen_v2,controlled,79,9,not_applicable,4187115166652408205,524288,0.1,300.0,3600.0,300.00001192092896,524288,5.357824601207813,0.9982363478106621,2.260904796713703e-10,5357824.601207813,238740390173.2424,3.345255263227889e+16,136.0198516845703,0.6342518359308257,0.0,0.0,88.15145874023438,0.010321491504754754,0.01236213150117265,0.0,0.0,0.019418836765298035,0.0,0.0,0.026366603415078814,0.0,0.0,0.019418836765298035,0.0,0.0,5348803.665523084,0.0016865333350850609,238733292669.84543,2.9729843364467712e-05,3.3422009487832736e+16,0.0009138631971625788
golovin_fixed10_high_resolution_screen_v2_N524288_dt0p1_m009,golovin,golovin_fixed10_high_resolution_screen_v2,controlled,79,9,not_applicable,4187115166652408205,524288,0.1,300.0,3600.0,600.0000238418579,524288,3.420360713445096,0.9982363477972405,2.126452347539498e-10,3420360.713445096,238740390170.03244,8.21462624207012e+16,180.8037567138672,0.7900720421781521,0.0,0.0,124.20301818847656,0.009568230025205949,0.015079674769255764,0.0,0.0,0.023653030533920018,0.0,0.0,0.0324828629888727,0.0,0.0,0.023653030533920018,0.0,0.0,3410542.089022777,0.0028789043401402648,238733292669.84543,2.9729829918778705e-05,8.220515356432454e+16,-0.0007163923558303198
golovin_fixed10_high_resolution_screen_v2_N524288_dt0p1_m009,golovin,golovin_fixed10_high_resolution_screen_v2,controlled,79,9,not_applicable,4187115166652408205,524288,0.1,300.0,3600.0,899.9999761581421,524288,2.1799535426191117,0.9982363477575592,1.72893921401851e-10,2179953.5426191115,238740390160.54218,2.015260591270609e+17,247.3529510498047,0.8753993620580172,0.0,0.0,171.19618225097656,0.0072399618581932175,0.0167604836437441,0.0,0.0,0.02350718539457865,0.0,0.0,0.029992775816030003,0.0,0.0,0.02350718539457865,0.0,0.0,2174654.2046287498,0.00243686466523374,238733292669.84543,2.9729790166133085e-05,2.021926918134987e+17,-0.003297016724287394
golovin_fixed10_high_resolution_screen_v2_N524288_dt0p1_m009,golovin,golovin_fixed10_high_resolution_screen_v2,controlled,79,9,not_applicable,4187115166652408205,524288,0.1,300.0,3600.0,1200.0000476837158,524288,1.389805390599631,0.9982363473785966,-2.0673829315143166e-10,1389805.390599631,238740390069.90863,4.966517899853074e+17,330.65960693359375,0.9242769353234787,0.0,0.0,234.8544464111328,0.009870186412273997,0.017022125834848467,0.0,0.0,0.021477348366346287,0.0,0.0,0.0322636853291624,0.0,0.0,0.021477348366346287,0.0,0.0,1386618.2972187817,0.002298464824272095,238733292669.84543,2.972941052270528e-05,4.97315526712769e+17,-0.0013346390607364977
golovin_fixed10_high_resolution_screen_v2_N524288_dt0p1_m009,golovin,golovin_fixed10_high_resolution_screen_v2,controlled,79,9,not_applicable,4187115166652408205,524288,0.1,300.0,3600.0,1500.0,524288,0.8864692031683445,0.9982363476627302,7.789724421058963e-11,886469.2031683446,238740390137.8627,1.2248681497054825e+18,463.2684020996094,0.9531307968675696,0.0,0.0,319.92236328125,0.012583557743901064,0.019981515685068296,0.0,0.0,0.02456512349904681,0.0,0.0,0.034855900332856085,0.0,0.0,0.02456512349904681,0.0,0.0,884145.4617925527,0.0026282342399639447,238733292669.84543,2.9729695167013404e-05,1.2232026906685448e+18,0.0013615560606945465
golovin_fixed10_high_resolution_screen_v2_N524288_dt0p1_m009,golovin,golovin_fixed10_high_resolution_screen_v2,controlled,79,9,not_applicable,4187115166652408205,524288,0.1,300.0,3600.0,1799.9999523162842,524288,0.5652166730446884,0.9982363476058266,2.0893065055815896e-11,565216.6730446884,238740390124.25348,3.0086925874068577e+18,639.8448486328125,0.9707229126502256,0.0,0.0,432.87567138671875,0.0108276610588954,0.018815749856210193,0.0,0.0,0.025877526620628692,0.0,0.0,0.036330864572074094,0.0,0.0,0.025877526620628692,0.0,0.0,563755.1438462138,0.00259248933589018,238733292669.84543,2.9729638161057892e-05,3.0086026719268946e+18,2.9886126474032437e-05
golovin_fixed10_high_resolution_screen_v2_N524288_dt0p1_m009,golovin,golovin_fixed10_high_resolution_screen_v2,controlled,79,9,not_applicable,4187115166652408205,524288,0.1,300.0,3600.0,2099.9999046325684,524288,0.36012290376888495,0.9982363475565434,-2.847699853703034e-11,360122.90376888495,238740390112.46683,7.425441028418225e+18,836.3163452148438,0.9815700699856692,0.0,0.0,588.4144287109375,0.00953378548960412,0.01659375296660259,0.0,0.0,0.023608724079127123,0.0,0.0,0.03398596827520898,0.0,0.0,0.023608724079127123,0.0,0.0,359465.58111456485,0.0018286108291147851,238733292669.84543,2.9729588789439987e-05,7.39999192822117e+18,0.0034390713454701682
golovin_fixed10_high_resolution_screen_v2_N524288_dt0p1_m009,golovin,golovin_fixed10_high_resolution_screen_v2,controlled,79,9,not_applicable,4187115166652408205,524288,0.1,300.0,3600.0,2400.0000953674316,524288,0.22948508362340664,0.9982363477807688,1.9614443402815596e-10,229485.08362340665,238740390166.09308,1.8412924523503874e+19,1173.7813720703125,0.9883565142527632,0.0002634180104131945,0.0002634180104131945,798.1380004882812,0.00965990818447036,0.02086065873225911,0.0,0.0,0.02774494184881084,0.0,0.0,0.037132676312998214,0.0,0.0,0.02774494184881084,0.0,0.0,229204.92913507385,0.0012222882352050934,238733292669.84543,2.972981341753389e-05,1.8201113831406539e+19,0.011637237921772181
golovin_fixed10_high_resolution_screen_v2_N524288_dt0p1_m009,golovin,golovin_fixed10_high_resolution_screen_v2,controlled,79,9,not_applicable,4187115166652408205,524288,0.1,300.0,3600.0,2700.000047683716,524288,0.1464123408559502,0.998236347143095,-4.42656022947574e-10,146412.3408559502,238740390013.5856,4.538040770000253e+19,1544.02001953125,0.9926176567764523,0.02157972224866194,0.02157972224866194,1073.3714599609375,0.009171878342338964,0.018132928002482795,0.0,0.0,0.02684737178772143,0.0,0.0,0.03831529551273936,0.0,0.0,0.02684737178772143,0.0,0.0,146147.28387886327,0.0018136291695070028,238733292669.84543,2.97291745980921e-05,4.476765798748041e+19,0.01368733009650569
golovin_fixed10_high_resolution_screen_v2_N524288_dt0p1_m009,golovin,golovin_fixed10_high_resolution_screen_v2,controlled,79,9,not_applicable,4187115166652408205,524288,0.1,300.0,3600.0,3000.0,524288,0.09333664348898835,0.9982363471095493,-4.76260919590743e-10,93336.64348898835,238740390005.5627,1.1229103394242514e+20,2021.986572265625,0.9953082505787082,0.14443663816546476,0.14443663816546476,1456.888916015625,0.011610042659606903,0.022465508748099872,0.0,0.0,0.031036930974471962,0.0,0.0,0.0442378301759058,0.0,0.0,0.031036930974471962,0.0,0.0,93187.47491936282,0.0016007362551095916,238733292669.84543,2.9729140992085235e-05,1.1011101959187887e+20,0.019798330436194167
golovin_fixed10_high_resolution_screen_v2_N524288_dt0p1_m009,golovin,golovin_fixed10_high_resolution_screen_v2,controlled,79,9,not_applicable,4187115166652408205,524288,0.1,300.0,3600.0,3299.999952316284,524288,0.05953545829649651,0.998236347296403,-2.890770955943367e-10,59535.45829649651,238740390050.25107,2.7402285344957907e+20,2717.76953125,0.9970171645672952,0.3520253174232786,0.3520253174232786,1965.4337158203125,0.010092883006407292,0.023630729355686015,0.0,0.0,0.03486293820324805,0.0,0.0,0.04780362230223033,0.0,0.0,0.03486293820324805,0.0,0.0,59418.863295774216,0.001962255658475076,238733292669.84543,2.9729328181460346e-05,2.7083026409274727e+20,0.011788155830836144
golovin_fixed10_high_resolution_screen_v2_N524288_dt0p1_m009,golovin,golovin_fixed10_high_resolution_screen_v2,controlled,79,9,not_applicable,4187115166652408205,524288,0.1,300.0,3600.0,3599.9999046325684,524288,0.03795604057636231,0.9982363474519265,-1.332788324148737e-10,37956.040576362306,238740390087.4464,6.692458085754371e+20,3293.815185546875,0.9981004123365778,0.5521500567886045,0.5521500567886045,2673.906982421875,0.008311907217424686,0.024480148547422878,0.0,0.0,0.035853704226671196,0.0,0.0,0.05120127807687033,0.0,0.0,0.035853704226671196,0.0,0.0,37887.079979546696,0.0018201613017641005,238733292669.84543,2.9729483984386462e-05,6.661370698447075e+20,0.00466681539199465
