matrix_stage,initialization_family,kernel,max_superdroplets,collision_timestep_s,observation_timestep_s,end_time_s,time_s,metric,n_total,n_valid,mean,sample_standard_deviation,standard_error,student_ci_low,student_ci_high,bootstrap_ci_low,bootstrap_ci_high,coefficient_of_variation
golovin_fixed10_high_resolution_screen_v2,controlled,golovin,131072,0.1,300.0,3600.0,0.0,golovin_fixed_bin_l1_relative,10,10,0.000526472279633515,0.0,0.0,0.000526472279633515,0.000526472279633515,0.000526472279633515,0.000526472279633515,0.0
golovin_fixed10_high_resolution_screen_v2,controlled,golovin,131072,0.1,300.0,3600.0,0.0,golovin_fixed_bin_l1_relative_bins_250,10,10,0.0008909397221417918,1.142849436385645e-19,3.614007241618348e-20,0.0008909397221417917,0.0008909397221417919,0.0008909397221417918,0.0008909397221417918,1.2827460803277128e-16
golovin_fixed10_high_resolution_screen_v2,controlled,golovin,131072,0.1,300.0,3600.0,0.0,golovin_fixed_bin_l1_relative_bins_500,10,10,0.000526472279633515,0.0,0.0,0.000526472279633515,0.000526472279633515,0.000526472279633515,0.000526472279633515,0.0
golovin_fixed10_high_resolution_screen_v2,controlled,golovin,131072,0.1,300.0,3600.0,0.0,golovin_fixed_bin_l1_relative_bins_1000,10,10,0.0019082031904375598,0.0,0.0,0.0019082031904375598,0.0019082031904375598,0.0019082031904375598,0.0019082031904375598,0.0
golovin_fixed10_high_resolution_screen_v2,controlled,golovin,131072,0.1,300.0,3600.0,0.0,radius_moment_0_m3,10,10,8388608.0,0.0,0.0,8388608.0,8388608.0,8388608.0,8388608.0,0.0
golovin_fixed10_high_resolution_screen_v2,controlled,golovin,131072,0.1,300.0,3600.0,0.0,radius_moment_3_um3_m3,10,10,238740390072.95685,3.2168351849043574e-05,1.0172526041666666e-05,238740390072.95682,238740390072.95688,238740390072.95685,238740390072.95685,1.3474197574701636e-16
golovin_fixed10_high_resolution_screen_v2,controlled,golovin,131072,0.1,300.0,3600.0,0.0,radius_moment_6_um6_m3,10,10,1.3588188822398414e+16,0.0,0.0,1.3588188822398414e+16,1.3588188822398414e+16,1.3588188822398414e+16,1.3588188822398414e+16,0.0
golovin_fixed10_high_resolution_screen_v2,controlled,golovin,131072,0.1,300.0,3600.0,0.0,golovin_relative_error_radius_moment_0_m3,10,10,0.0,0.0,0.0,0.0,0.0,0.0,0.0,nan
golovin_fixed10_high_resolution_screen_v2,controlled,golovin,131072,0.1,300.0,3600.0,0.0,golovin_relative_error_radius_moment_3_um3_m3,10,10,2.9729423290714152e-05,0.0,0.0,2.9729423290714152e-05,2.9729423290714152e-05,2.9729423290714152e-05,2.9729423290714152e-05,0.0
golovin_fixed10_high_resolution_screen_v2,controlled,golovin,131072,0.1,300.0,3600.0,0.0,golovin_relative_error_radius_moment_6_um6_m3,10,10,-1.0357278715011908e-05,0.0,0.0,-1.0357278715011908e-05,-1.0357278715011908e-05,-1.0357278715011908e-05,-1.0357278715011908e-05,0.0
golovin_fixed10_high_resolution_screen_v2,controlled,golovin,131072,0.1,300.0,3600.0,0.0,liquid_water_gm3,10,10,0.998236347391342,1.1702778228589004e-16,3.700743415417188e-17,0.9982363473913419,0.9982363473913421,0.998236347391342,0.998236347391342,1.172345432939953e-16
golovin_fixed10_high_resolution_screen_v2,controlled,golovin,131072,0.1,300.0,3600.0,0.0,relative_liquid_mass_drift,10,10,0.0,0.0,0.0,0.0,0.0,0.0,0.0,nan
golovin_fixed10_high_resolution_screen_v2,controlled,golovin,131072,0.1,300.0,3600.0,0.0,mass_fraction_r_ge_cloud_threshold,10,10,0.34284472560127677,0.0,0.0,0.34284472560127677,0.34284472560127677,0.34284472560127677,0.34284472560127677,0.0
golovin_fixed10_high_resolution_screen_v2,controlled,golovin,131072,0.1,300.0,3600.0,0.0,mass_fraction_r_ge_large_threshold,10,10,0.0,0.0,0.0,0.0,0.0,0.0,0.0,nan
golovin_fixed10_high_resolution_screen_v2,controlled,golovin,131072,0.1,300.0,3600.0,0.0,mass_fraction_r_ge_onset_threshold,10,10,0.0,0.0,0.0,0.0,0.0,0.0,0.0,nan
golovin_fixed10_high_resolution_screen_v2,controlled,golovin,131072,0.1,300.0,3600.0,0.0,mass_weighted_radius_q99_um,10,10,57.378570556640625,0.0,0.0,57.378570556640625,57.378570556640625,57.378570556640625,57.378570556640625,0.0
golovin_fixed10_high_resolution_screen_v2,controlled,golovin,131072,0.1,300.0,3600.0,0.0,fixed_bin_mass_below_range_fraction,10,10,0.0,0.0,0.0,0.0,0.0,0.0,0.0,nan
golovin_fixed10_high_resolution_screen_v2,controlled,golovin,131072,0.1,300.0,3600.0,0.0,fixed_bin_mass_above_range_fraction,10,10,0.0,0.0,0.0,0.0,0.0,0.0,0.0,nan
golovin_fixed10_high_resolution_screen_v2,controlled,golovin,131072,0.1,300.0,3600.0,0.0,fixed_bin_mass_below_range_fraction_bins_250,10,10,0.0,0.0,0.0,0.0,0.0,0.0,0.0,nan
golovin_fixed10_high_resolution_screen_v2,controlled,golovin,131072,0.1,300.0,3600.0,0.0,fixed_bin_mass_below_range_fraction_bins_500,10,10,0.0,0.0,0.0,0.0,0.0,0.0,0.0,nan
golovin_fixed10_high_resolution_screen_v2,controlled,golovin,131072,0.1,300.0,3600.0,0.0,fixed_bin_mass_below_range_fraction_bins_1000,10,10,0.0,0.0,0.0,0.0,0.0,0.0,0.0,nan
golovin_fixed10_high_resolution_screen_v2,controlled,golovin,131072,0.1,300.0,3600.0,0.0,fixed_bin_mass_above_range_fraction_bins_250,10,10,0.0,0.0,0.0,0.0,0.0,0.0,0.0,nan
golovin_fixed10_high_resolution_screen_v2,controlled,golovin,131072,0.1,300.0,3600.0,0.0,fixed_bin_mass_above_range_fraction_bins_500,10,10,0.0,0.0,0.0,0.0,0.0,0.0,0.0,nan
golovin_fixed10_high_resolution_screen_v2,controlled,golovin,131072,0.1,300.0,3600.0,0.0,fixed_bin_mass_above_range_fraction_bins_1000,10,10,0.0,0.0,0.0,0.0,0.0,0.0,0.0,nan
golovin_fixed10_high_resolution_screen_v2,controlled,golovin,131072,0.1,300.0,3600.0,1200.0000476837158,golovin_fixed_bin_l1_relative,10,10,0.045826846237462054,0.002625504244806705,0.0008302573420029494,0.043948673644284286,0.04770501883063982,0.04431384371565879,0.04741910740757325,0.05729183787167172
golovin_fixed10_high_resolution_screen_v2,controlled,golovin,131072,0.1,300.0,3600.0,1200.0000476837158,golovin_fixed_bin_l1_relative_bins_250,10,10,0.03296306835417555,0.0038197954333643045,0.0012079253765341132,0.030230551311523184,0.03569558539682791,0.030867993360543862,0.03533014178977928,0.11588106399325648
golovin_fixed10_high_resolution_screen_v2,controlled,golovin,131072,0.1,300.0,3600.0,1200.0000476837158,golovin_fixed_bin_l1_relative_bins_500,10,10,0.045826846237462054,0.002625504244806705,0.0008302573420029494,0.043948673644284286,0.04770501883063982,0.044331341140901696,0.047393485646414546,0.05729183787167172
golovin_fixed10_high_resolution_screen_v2,controlled,golovin,131072,0.1,300.0,3600.0,1200.0000476837158,golovin_fixed_bin_l1_relative_bins_1000,10,10,0.06446626556498934,0.0031945462367732043,0.001010204219892287,0.06218102485307103,0.06675150627690765,0.06257965416206968,0.06639469620890881,0.049553765970090785
golovin_fixed10_high_resolution_screen_v2,controlled,golovin,131072,0.1,300.0,3600.0,1200.0000476837158,radius_moment_0_m3,10,10,1384475.028217868,5202.591766395955,1645.2039717849875,1380753.3182688304,1388196.7381669055,1381604.2600041265,1387653.8120903056,0.0037578083102682365
golovin_fixed10_high_resolution_screen_v2,controlled,golovin,131072,0.1,300.0,3600.0,1200.0000476837158,radius_moment_3_um3_m3,10,10,238740390175.4582,111.20014752568,35.16457423278859,238740390095.9104,238740390255.00598,238740390110.16632,238740390239.5704,4.657785280653824e-10
golovin_fixed10_high_resolution_screen_v2,controlled,golovin,131072,0.1,300.0,3600.0,1200.0000476837158,radius_moment_6_um6_m3,10,10,4.970432579506376e+17,5103050025831694.0,1613726109540923.5,4.933927558731451e+17,5.0069376002813005e+17,4.94110891889866e+17,5.000859316349208e+17,0.010266812685222036
golovin_fixed10_high_resolution_screen_v2,controlled,golovin,131072,0.1,300.0,3600.0,1200.0000476837158,golovin_relative_error_radius_moment_0_m3,10,10,-0.0015456805994935262,0.003751999938866426,0.0011864865587630422,-0.004229699666963136,0.0011383384679760828,-0.0035824924085735496,0.0007763096962009622,2.427409608489519
golovin_fixed10_high_resolution_screen_v2,controlled,golovin,131072,0.1,300.0,3600.0,1200.0000476837158,golovin_relative_error_radius_moment_3_um3_m3,10,10,2.9729852646087628e-05,4.657923947778622e-10,1.472964884282364e-10,2.9729519438281277e-05,2.973018585389398e-05,2.9729580714016326e-05,2.973012283488896e-05,1.5667497593169513e-05
golovin_fixed10_high_resolution_screen_v2,controlled,golovin,131072,0.1,300.0,3600.0,1200.0000476837158,golovin_relative_error_radius_moment_6_um6_m3,10,10,-0.0005474768984816691,0.010261191842455844,0.0032448737730100125,-0.007887891346472305,0.006792937549508967,-0.006515418193101021,0.005722238776443256,18.742693748199155
golovin_fixed10_high_resolution_screen_v2,controlled,golovin,131072,0.1,300.0,3600.0,1200.0000476837158,liquid_water_gm3,10,10,0.998236347819927,4.6495706646172965e-10,1.470323344209352e-10,0.9982363474873167,0.9982363481525373,0.9982363475412505,0.9982363480930792,4.657785377953437e-10
golovin_fixed10_high_resolution_screen_v2,controlled,golovin,131072,0.1,300.0,3600.0,1200.0000476837158,relative_liquid_mass_drift,10,10,4.293422395384994e-10,4.657785488292672e-10,1.472921099548438e-10,9.614433798048867e-11,7.625401410965101e-10,1.5120946550428728e-10,6.982364236796099e-10,1.0848654195541843
golovin_fixed10_high_resolution_screen_v2,controlled,golovin,131072,0.1,300.0,3600.0,1200.0000476837158,mass_fraction_r_ge_cloud_threshold,10,10,0.9248514920428464,0.0005748587174315932,0.0001817862879886974,0.9244402628893743,0.9252627211963186,0.9244903976933959,0.9251627490363677,0.0006215686760280008
golovin_fixed10_high_resolution_screen_v2,controlled,golovin,131072,0.1,300.0,3600.0,1200.0000476837158,mass_fraction_r_ge_large_threshold,10,10,0.0,0.0,0.0,0.0,0.0,0.0,0.0,nan
golovin_fixed10_high_resolution_screen_v2,controlled,golovin,131072,0.1,300.0,3600.0,1200.0000476837158,mass_fraction_r_ge_onset_threshold,10,10,0.0,0.0,0.0,0.0,0.0,0.0,0.0,nan
golovin_fixed10_high_resolution_screen_v2,controlled,golovin,131072,0.1,300.0,3600.0,1200.0000476837158,mass_weighted_radius_q99_um,10,10,234.64423828125,2.5885217237271965,0.8185624419803058,232.79252138992666,236.49595517257336,233.1747336959839,236.1971514892578,0.011031686704467613
golovin_fixed10_high_resolution_screen_v2,controlled,golovin,131072,0.1,300.0,3600.0,1200.0000476837158,fixed_bin_mass_below_range_fraction,10,10,0.0,0.0,0.0,0.0,0.0,0.0,0.0,nan
golovin_fixed10_high_resolution_screen_v2,controlled,golovin,131072,0.1,300.0,3600.0,1200.0000476837158,fixed_bin_mass_above_range_fraction,10,10,0.0,0.0,0.0,0.0,0.0,0.0,0.0,nan
golovin_fixed10_high_resolution_screen_v2,controlled,golovin,131072,0.1,300.0,3600.0,1200.0000476837158,fixed_bin_mass_below_range_fraction_bins_250,10,10,0.0,0.0,0.0,0.0,0.0,0.0,0.0,nan
golovin_fixed10_high_resolution_screen_v2,controlled,golovin,131072,0.1,300.0,3600.0,1200.0000476837158,fixed_bin_mass_below_range_fraction_bins_500,10,10,0.0,0.0,0.0,0.0,0.0,0.0,0.0,nan
golovin_fixed10_high_resolution_screen_v2,controlled,golovin,131072,0.1,300.0,3600.0,1200.0000476837158,fixed_bin_mass_below_range_fraction_bins_1000,10,10,0.0,0.0,0.0,0.0,0.0,0.0,0.0,nan
golovin_fixed10_high_resolution_screen_v2,controlled,golovin,131072,0.1,300.0,3600.0,1200.0000476837158,fixed_bin_mass_above_range_fraction_bins_250,10,10,0.0,0.0,0.0,0.0,0.0,0.0,0.0,nan
golovin_fixed10_high_resolution_screen_v2,controlled,golovin,131072,0.1,300.0,3600.0,1200.0000476837158,fixed_bin_mass_above_range_fraction_bins_500,10,10,0.0,0.0,0.0,0.0,0.0,0.0,0.0,nan
golovin_fixed10_high_resolution_screen_v2,controlled,golovin,131072,0.1,300.0,3600.0,1200.0000476837158,fixed_bin_mass_above_range_fraction_bins_1000,10,10,0.0,0.0,0.0,0.0,0.0,0.0,0.0,nan
golovin_fixed10_high_resolution_screen_v2,controlled,golovin,131072,0.1,300.0,3600.0,1500.0,golovin_fixed_bin_l1_relative,10,10,0.046451915375071776,0.002935486811267369,0.0009282824364989712,0.04435199461224586,0.048551836137897694,0.044625523713707684,0.04804700980734528,0.06319409625125352
golovin_fixed10_high_resolution_screen_v2,controlled,golovin,131072,0.1,300.0,3600.0,1500.0,golovin_fixed_bin_l1_relative_bins_250,10,10,0.033953344428067175,0.0030225421377127132,0.000955811747900649,0.03179114803626705,0.0361155408198673,0.03216010277554895,0.03569499303622303,0.08902045405618896
golovin_fixed10_high_resolution_screen_v2,controlled,golovin,131072,0.1,300.0,3600.0,1500.0,golovin_fixed_bin_l1_relative_bins_500,10,10,0.046451915375071776,0.002935486811267369,0.0009282824364989712,0.04435199461224586,0.048551836137897694,0.04459476346352276,0.04801368303355658,0.06319409625125352
golovin_fixed10_high_resolution_screen_v2,controlled,golovin,131072,0.1,300.0,3600.0,1500.0,golovin_fixed_bin_l1_relative_bins_1000,10,10,0.065311804638155,0.003692970992156481,0.0011678199668146295,0.06267001233536652,0.06795359694094348,0.06312836151727114,0.06742666007342552,0.0565436985337725
golovin_fixed10_high_resolution_screen_v2,controlled,golovin,131072,0.1,300.0,3600.0,1500.0,radius_moment_0_m3,10,10,883195.1910497876,3515.620002486797,1111.73665955051,880680.26800224,885710.1140973351,881127.6475947505,885278.7921441032,0.003980569683931413
golovin_fixed10_high_resolution_screen_v2,controlled,golovin,131072,0.1,300.0,3600.0,1500.0,radius_moment_3_um3_m3,10,10,238740390141.0681,83.04399620877837,26.26081740221274,238740390081.66202,238740390200.4742,238740390093.5074,238740390192.4184,3.4784225727246617e-10
golovin_fixed10_high_resolution_screen_v2,controlled,golovin,131072,0.1,300.0,3600.0,1500.0,radius_moment_6_um6_m3,10,10,1.2218356080250432e+18,1.5050515540524682e+16,4759390906781822.0,1.21106911779471e+18,1.2326020982553764e+18,1.2131952162931407e+18,1.2304844991912888e+18,0.012317954593623368
golovin_fixed10_high_resolution_screen_v2,controlled,golovin,131072,0.1,300.0,3600.0,1500.0,golovin_relative_error_radius_moment_0_m3,10,10,-0.0010747900473735083,0.003976291407252269,0.0012574137487473336,-0.003919257565703231,0.0017696774709562149,-0.0034713241498103035,0.0012560770076993951,3.699598276862754
golovin_fixed10_high_resolution_screen_v2,controlled,golovin,131072,0.1,300.0,3600.0,1500.0,golovin_relative_error_radius_moment_3_um3_m3,10,10,2.9729708593606574e-05,3.478525886386785e-10,1.100006470083834e-10,2.9729459754855032e-05,2.9729957432358116e-05,2.9729506881989164e-05,2.9729914924780942e-05,1.1700504481684857e-05
golovin_fixed10_high_resolution_screen_v2,controlled,golovin,131072,0.1,300.0,3600.0,1500.0,golovin_relative_error_radius_moment_6_um6_m3,10,10,-0.0011176256019798103,0.012304187732205492,0.0038909257992071258,-0.00991951126857254,0.007684260064612919,-0.008141670635644192,0.006211138891500303,11.009221433733552
golovin_fixed10_high_resolution_screen_v2,controlled,golovin,131072,0.1,300.0,3600.0,1500.0,liquid_water_gm3,10,10,0.9982363476761329,3.4722880050685635e-10,1.0980338788098946e-10,0.9982363474277404,0.9982363479245254,0.9982363474779851,0.9982363478799497,3.4784227334057267e-10
golovin_fixed10_high_resolution_screen_v2,controlled,golovin,131072,0.1,300.0,3600.0,1500.0,relative_liquid_mass_drift,10,10,2.852941105579987e-10,3.478422457751199e-10,1.0999737630774605e-10,3.646275785442138e-11,5.34125463261576e-10,8.701779935504917e-11,4.93670204992913e-10,1.2192408917758066
golovin_fixed10_high_resolution_screen_v2,controlled,golovin,131072,0.1,300.0,3600.0,1500.0,mass_fraction_r_ge_cloud_threshold,10,10,0.9535999866265454,0.0004295680768002657,0.0001358413532786975,0.9532926921362218,0.9539072811168691,0.9533346650791206,0.9538360474237374,0.00045046988551237865
golovin_fixed10_high_resolution_screen_v2,controlled,golovin,131072,0.1,300.0,3600.0,1500.0,mass_fraction_r_ge_large_threshold,10,10,0.0,0.0,0.0,0.0,0.0,0.0,0.0,nan
golovin_fixed10_high_resolution_screen_v2,controlled,golovin,131072,0.1,300.0,3600.0,1500.0,mass_fraction_r_ge_onset_threshold,10,10,0.0,0.0,0.0,0.0,0.0,0.0,0.0,nan
golovin_fixed10_high_resolution_screen_v2,controlled,golovin,131072,0.1,300.0,3600.0,1500.0,mass_weighted_radius_q99_um,10,10,319.39453125,2.57299735146916,0.8136532044223331,317.5539198255823,321.2351426744177,318.04507064819336,321.0500881958008,0.008055859132588576
golovin_fixed10_high_resolution_screen_v2,controlled,golovin,131072,0.1,300.0,3600.0,1500.0,fixed_bin_mass_below_range_fraction,10,10,0.0,0.0,0.0,0.0,0.0,0.0,0.0,nan
golovin_fixed10_high_resolution_screen_v2,controlled,golovin,131072,0.1,300.0,3600.0,1500.0,fixed_bin_mass_above_range_fraction,10,10,0.0,0.0,0.0,0.0,0.0,0.0,0.0,nan
golovin_fixed10_high_resolution_screen_v2,controlled,golovin,131072,0.1,300.0,3600.0,1500.0,fixed_bin_mass_below_range_fraction_bins_250,10,10,0.0,0.0,0.0,0.0,0.0,0.0,0.0,nan
golovin_fixed10_high_resolution_screen_v2,controlled,golovin,131072,0.1,300.0,3600.0,1500.0,fixed_bin_mass_below_range_fraction_bins_500,10,10,0.0,0.0,0.0,0.0,0.0,0.0,0.0,nan
golovin_fixed10_high_resolution_screen_v2,controlled,golovin,131072,0.1,300.0,3600.0,1500.0,fixed_bin_mass_below_range_fraction_bins_1000,10,10,0.0,0.0,0.0,0.0,0.0,0.0,0.0,nan
golovin_fixed10_high_resolution_screen_v2,controlled,golovin,131072,0.1,300.0,3600.0,1500.0,fixed_bin_mass_above_range_fraction_bins_250,10,10,0.0,0.0,0.0,0.0,0.0,0.0,0.0,nan
golovin_fixed10_high_resolution_screen_v2,controlled,golovin,131072,0.1,300.0,3600.0,1500.0,fixed_bin_mass_above_range_fraction_bins_500,10,10,0.0,0.0,0.0,0.0,0.0,0.0,0.0,nan
golovin_fixed10_high_resolution_screen_v2,controlled,golovin,131072,0.1,300.0,3600.0,1500.0,fixed_bin_mass_above_range_fraction_bins_1000,10,10,0.0,0.0,0.0,0.0,0.0,0.0,0.0,nan
golovin_fixed10_high_resolution_screen_v2,controlled,golovin,131072,0.1,300.0,3600.0,1799.9999523162842,golovin_fixed_bin_l1_relative,10,10,0.0461451976191498,0.0036285486193443238,0.001147447823778737,0.043549490305651514,0.048740904932648085,0.0441808267553942,0.0483694700199757,0.07863328811140495
golovin_fixed10_high_resolution_screen_v2,controlled,golovin,131072,0.1,300.0,3600.0,1799.9999523162842,golovin_fixed_bin_l1_relative_bins_250,10,10,0.032717471422289486,0.00257848449442849,0.0008153883913821772,0.030872934732261787,0.03456200811231718,0.031308761629984146,0.03429756086654202,0.07881062876612896
golovin_fixed10_high_resolution_screen_v2,controlled,golovin,131072,0.1,300.0,3600.0,1799.9999523162842,golovin_fixed_bin_l1_relative_bins_500,10,10,0.0461451976191498,0.0036285486193443238,0.001147447823778737,0.043549490305651514,0.048740904932648085,0.044161917722785854,0.04844842383652737,0.07863328811140495
golovin_fixed10_high_resolution_screen_v2,controlled,golovin,131072,0.1,300.0,3600.0,1799.9999523162842,golovin_fixed_bin_l1_relative_bins_1000,10,10,0.06526734481888619,0.0035425025750696047,0.0011202376754231567,0.06273319113739129,0.06780149850038109,0.06331326675689455,0.06745308928316929,0.05427679929220168
golovin_fixed10_high_resolution_screen_v2,controlled,golovin,131072,0.1,300.0,3600.0,1799.9999523162842,radius_moment_0_m3,10,10,563295.8445380143,2299.1587732822845,727.0578425930704,561651.1254316238,564940.5636444048,561997.9530189486,564710.9529837721,0.0040816185590148175
golovin_fixed10_high_resolution_screen_v2,controlled,golovin,131072,0.1,300.0,3600.0,1799.9999523162842,radius_moment_3_um3_m3,10,10,238740390133.42572,84.15841888423012,26.613228795269354,238740390073.2224,238740390193.62903,238740390084.0864,238740390182.33423,3.5251018412592936e-10
golovin_fixed10_high_resolution_screen_v2,controlled,golovin,131072,0.1,300.0,3600.0,1799.9999523162842,radius_moment_6_um6_m3,10,10,3.00015746731072e+18,3.1615094617225836e+16,9997570743216284.0,2.9775413910433715e+18,3.0227735435780685e+18,2.9825808336083354e+18,3.019562799842981e+18,0.010537811752116119
golovin_fixed10_high_resolution_screen_v2,controlled,golovin,131072,0.1,300.0,3600.0,1799.9999523162842,golovin_relative_error_radius_moment_0_m3,10,10,-0.0008147141772684163,0.004078293206508597,0.0012896695498558603,-0.0037321493871175873,0.0021027210325807546,-0.0031109373595457025,0.0017208348561039265,5.005796290648026
golovin_fixed10_high_resolution_screen_v2,controlled,golovin,131072,0.1,300.0,3600.0,1799.9999523162842,golovin_relative_error_radius_moment_3_um3_m3,10,10,2.9729676581391474e-05,3.52520672585162e-10,1.1147682476635894e-10,2.9729424403293843e-05,2.9729928759489105e-05,2.9729467480314465e-05,2.972987885833278e-05,1.185753473032442e-05
golovin_fixed10_high_resolution_screen_v2,controlled,golovin,131072,0.1,300.0,3600.0,1799.9999523162842,golovin_relative_error_radius_moment_6_um6_m3,10,10,-0.0028070189177775593,0.010508231915175926,0.0033229947033229213,-0.010324155187840002,0.0047101173522848825,-0.00878249188564497,0.0036318947599675837,3.7435557874671384
golovin_fixed10_high_resolution_screen_v2,controlled,golovin,131072,0.1,300.0,3600.0,1799.9999523162842,liquid_water_gm3,10,10,0.9982363476441781,3.5188842152334456e-10,1.1127688942551864e-10,0.9982363473924523,0.998236347895904,0.9982363474357531,0.9982363478461215,3.525101268389952e-10
golovin_fixed10_high_resolution_screen_v2,controlled,golovin,131072,0.1,300.0,3600.0,1799.9999523162842,relative_liquid_mass_drift,10,10,2.532828613510674e-10,3.52510097512167e-10,1.1147348063465025e-10,1.1123286713463602e-12,5.054533940307884e-10,4.5663340053625715e-11,4.5613491622686904e-10,1.3917645103652072
golovin_fixed10_high_resolution_screen_v2,controlled,golovin,131072,0.1,300.0,3600.0,1799.9999523162842,mass_fraction_r_ge_cloud_threshold,10,10,0.9709830043088059,0.00031927124356292405,0.00010096243210532121,0.9707546114198453,0.9712113971977665,0.9707832715713489,0.9711568882337854,0.00032881239130462146
golovin_fixed10_high_resolution_screen_v2,controlled,golovin,131072,0.1,300.0,3600.0,1799.9999523162842,mass_fraction_r_ge_large_threshold,10,10,0.0,0.0,0.0,0.0,0.0,0.0,0.0,nan
golovin_fixed10_high_resolution_screen_v2,controlled,golovin,131072,0.1,300.0,3600.0,1799.9999523162842,mass_fraction_r_ge_onset_threshold,10,10,0.0,0.0,0.0,0.0,0.0,0.0,0.0,nan
golovin_fixed10_high_resolution_screen_v2,controlled,golovin,131072,0.1,300.0,3600.0,1799.9999523162842,mass_weighted_radius_q99_um,10,10,431.7779846191406,3.340854635616466,1.056470998007992,429.38808118370827,434.167888054573,429.7502992248535,433.6845957946777,0.007737436262674071
golovin_fixed10_high_resolution_screen_v2,controlled,golovin,131072,0.1,300.0,3600.0,1799.9999523162842,fixed_bin_mass_below_range_fraction,10,10,0.0,0.0,0.0,0.0,0.0,0.0,0.0,nan
golovin_fixed10_high_resolution_screen_v2,controlled,golovin,131072,0.1,300.0,3600.0,1799.9999523162842,fixed_bin_mass_above_range_fraction,10,10,0.0,0.0,0.0,0.0,0.0,0.0,0.0,nan
golovin_fixed10_high_resolution_screen_v2,controlled,golovin,131072,0.1,300.0,3600.0,1799.9999523162842,fixed_bin_mass_below_range_fraction_bins_250,10,10,0.0,0.0,0.0,0.0,0.0,0.0,0.0,nan
golovin_fixed10_high_resolution_screen_v2,controlled,golovin,131072,0.1,300.0,3600.0,1799.9999523162842,fixed_bin_mass_below_range_fraction_bins_500,10,10,0.0,0.0,0.0,0.0,0.0,0.0,0.0,nan
golovin_fixed10_high_resolution_screen_v2,controlled,golovin,131072,0.1,300.0,3600.0,1799.9999523162842,fixed_bin_mass_below_range_fraction_bins_1000,10,10,0.0,0.0,0.0,0.0,0.0,0.0,0.0,nan
golovin_fixed10_high_resolution_screen_v2,controlled,golovin,131072,0.1,300.0,3600.0,1799.9999523162842,fixed_bin_mass_above_range_fraction_bins_250,10,10,0.0,0.0,0.0,0.0,0.0,0.0,0.0,nan
golovin_fixed10_high_resolution_screen_v2,controlled,golovin,131072,0.1,300.0,3600.0,1799.9999523162842,fixed_bin_mass_above_range_fraction_bins_500,10,10,0.0,0.0,0.0,0.0,0.0,0.0,0.0,nan
golovin_fixed10_high_resolution_screen_v2,controlled,golovin,131072,0.1,300.0,3600.0,1799.9999523162842,fixed_bin_mass_above_range_fraction_bins_1000,10,10,0.0,0.0,0.0,0.0,0.0,0.0,0.0,nan
golovin_fixed10_high_resolution_screen_v2,controlled,golovin,131072,0.1,300.0,3600.0,2099.9999046325684,golovin_fixed_bin_l1_relative,10,10,0.05097281581180546,0.0025595253539605904,0.0008093929847464138,0.049141841673842744,0.05280378994976818,0.04947437672129732,0.05246691093964188,0.050213536631182075
golovin_fixed10_high_resolution_screen_v2,controlled,golovin,131072,0.1,300.0,3600.0,2099.9999046325684,golovin_fixed_bin_l1_relative_bins_250,10,10,0.037011305521803026,0.0027981849625824395,0.000884863779619354,0.03500960458463641,0.03901300645896964,0.0353584259896865,0.03859428653542365,0.07560351960386953
golovin_fixed10_high_resolution_screen_v2,controlled,golovin,131072,0.1,300.0,3600.0,2099.9999046325684,golovin_fixed_bin_l1_relative_bins_500,10,10,0.05097281581180546,0.0025595253539605904,0.0008093929847464138,0.049141841673842744,0.05280378994976818,0.049478598811877494,0.052479772145699405,0.050213536631182075
golovin_fixed10_high_resolution_screen_v2,controlled,golovin,131072,0.1,300.0,3600.0,2099.9999046325684,golovin_fixed_bin_l1_relative_bins_1000,10,10,0.06905000630702057,0.002955491265578225,0.0009346084003960791,0.06693577521965322,0.07116423739438793,0.06728088990911933,0.0707221756883835,0.04280218675776905
golovin_fixed10_high_resolution_screen_v2,controlled,golovin,131072,0.1,300.0,3600.0,2099.9999046325684,radius_moment_0_m3,10,10,359034.4733920155,1671.6888459397924,528.6344292268064,357838.6192314383,360230.3275525927,358080.05093499075,360075.623100948,0.0046560677868794555
golovin_fixed10_high_resolution_screen_v2,controlled,golovin,131072,0.1,300.0,3600.0,2099.9999046325684,radius_moment_3_um3_m3,10,10,238740390084.227,69.61562109843321,22.01439233983218,238740390034.42697,238740390134.027,238740390047.71478,238740390128.9874,2.9159549028915047e-10
golovin_fixed10_high_resolution_screen_v2,controlled,golovin,131072,0.1,300.0,3600.0,2099.9999046325684,radius_moment_6_um6_m3,10,10,7.397780880666097e+18,1.0284631543926394e+17,3.252286057442146e+16,7.324209058662982e+18,7.471352702669212e+18,7.336538989693194e+18,7.456797907488728e+18,0.013902319776468379
golovin_fixed10_high_resolution_screen_v2,controlled,golovin,131072,0.1,300.0,3600.0,2099.9999046325684,golovin_relative_error_radius_moment_0_m3,10,10,-0.0011993018113518271,0.004650483756348842,0.001470612089167787,-0.004526057482560368,0.0021274538598567145,-0.0037612847656820284,0.0016382569876320528,3.87765924501266
golovin_fixed10_high_resolution_screen_v2,controlled,golovin,131072,0.1,300.0,3600.0,2099.9999046325684,golovin_relative_error_radius_moment_3_um3_m3,10,10,2.9729470498973677e-05,2.9160411658952964e-10,9.22133183504205e-11,2.9729261897955064e-05,2.972967909999229e-05,2.9729313998468898e-05,2.972965050994425e-05,9.808587630230293e-06
golovin_fixed10_high_resolution_screen_v2,controlled,golovin,131072,0.1,300.0,3600.0,2099.9999046325684,golovin_relative_error_radius_moment_6_um6_m3,10,10,-0.0002987905360602006,0.013898165894889881,0.0043949859526724346,-0.01024093948929564,0.00964335841717524,-0.008429653861418444,0.007773541505301631,46.51474600952444
golovin_fixed10_high_resolution_screen_v2,controlled,golovin,131072,0.1,300.0,3600.0,2099.9999046325684,liquid_water_gm3,10,10,0.9982363474384652,2.910812603129466e-10,9.204797667812876e-11,0.9982363472302382,0.9982363476466922,0.9982363472858644,0.9982363476247441,2.915955335225758e-10
golovin_fixed10_high_resolution_screen_v2,controlled,golovin,131072,0.1,300.0,3600.0,2099.9999046325684,relative_liquid_mass_drift,10,10,4.720656088252895e-11,2.915955033142753e-10,9.221059459362873e-11,-1.613882961633297e-10,2.5580141792838763e-10,-1.0868238087269325e-10,2.3320795489167874e-10,6.177012217430865
golovin_fixed10_high_resolution_screen_v2,controlled,golovin,131072,0.1,300.0,3600.0,2099.9999046325684,mass_fraction_r_ge_cloud_threshold,10,10,0.9817416413385736,0.00020924703235223084,6.616972158639896e-05,0.9815919550289265,0.9818913276482206,0.9816090308913455,0.9818520533643389,0.00021313859323205355
golovin_fixed10_high_resolution_screen_v2,controlled,golovin,131072,0.1,300.0,3600.0,2099.9999046325684,mass_fraction_r_ge_large_threshold,10,10,0.0,0.0,0.0,0.0,0.0,0.0,0.0,nan
golovin_fixed10_high_resolution_screen_v2,controlled,golovin,131072,0.1,300.0,3600.0,2099.9999046325684,mass_fraction_r_ge_onset_threshold,10,10,0.0,0.0,0.0,0.0,0.0,0.0,0.0,nan
golovin_fixed10_high_resolution_screen_v2,controlled,golovin,131072,0.1,300.0,3600.0,2099.9999046325684,mass_weighted_radius_q99_um,10,10,586.7433837890625,4.3762194855619,1.3838821115185953,583.6128249580224,589.8739426201025,584.1365588378907,589.2529623413086,0.007458489701752095
golovin_fixed10_high_resolution_screen_v2,controlled,golovin,131072,0.1,300.0,3600.0,2099.9999046325684,fixed_bin_mass_below_range_fraction,10,10,0.0,0.0,0.0,0.0,0.0,0.0,0.0,nan
golovin_fixed10_high_resolution_screen_v2,controlled,golovin,131072,0.1,300.0,3600.0,2099.9999046325684,fixed_bin_mass_above_range_fraction,10,10,0.0,0.0,0.0,0.0,0.0,0.0,0.0,nan
golovin_fixed10_high_resolution_screen_v2,controlled,golovin,131072,0.1,300.0,3600.0,2099.9999046325684,fixed_bin_mass_below_range_fraction_bins_250,10,10,0.0,0.0,0.0,0.0,0.0,0.0,0.0,nan
golovin_fixed10_high_resolution_screen_v2,controlled,golovin,131072,0.1,300.0,3600.0,2099.9999046325684,fixed_bin_mass_below_range_fraction_bins_500,10,10,0.0,0.0,0.0,0.0,0.0,0.0,0.0,nan
golovin_fixed10_high_resolution_screen_v2,controlled,golovin,131072,0.1,300.0,3600.0,2099.9999046325684,fixed_bin_mass_below_range_fraction_bins_1000,10,10,0.0,0.0,0.0,0.0,0.0,0.0,0.0,nan
golovin_fixed10_high_resolution_screen_v2,controlled,golovin,131072,0.1,300.0,3600.0,2099.9999046325684,fixed_bin_mass_above_range_fraction_bins_250,10,10,0.0,0.0,0.0,0.0,0.0,0.0,0.0,nan
golovin_fixed10_high_resolution_screen_v2,controlled,golovin,131072,0.1,300.0,3600.0,2099.9999046325684,fixed_bin_mass_above_range_fraction_bins_500,10,10,0.0,0.0,0.0,0.0,0.0,0.0,0.0,nan
golovin_fixed10_high_resolution_screen_v2,controlled,golovin,131072,0.1,300.0,3600.0,2099.9999046325684,fixed_bin_mass_above_range_fraction_bins_1000,10,10,0.0,0.0,0.0,0.0,0.0,0.0,0.0,nan
golovin_fixed10_high_resolution_screen_v2,controlled,golovin,131072,0.1,300.0,3600.0,2400.0000953674316,golovin_fixed_bin_l1_relative,10,10,0.048873939988916884,0.003354098759935603,0.001060659157854282,0.046474562277689306,0.05127331770014446,0.04694553523307114,0.05078318189290893,0.06862754999282256
golovin_fixed10_high_resolution_screen_v2,controlled,golovin,131072,0.1,300.0,3600.0,2400.0000953674316,golovin_fixed_bin_l1_relative_bins_250,10,10,0.03537316072235487,0.0027872457191936745,0.0008814044871206104,0.033379285248492506,0.037367036196217236,0.03376596564964409,0.03696363421956047,0.07879549529291036
golovin_fixed10_high_resolution_screen_v2,controlled,golovin,131072,0.1,300.0,3600.0,2400.0000953674316,golovin_fixed_bin_l1_relative_bins_500,10,10,0.048873939988916884,0.003354098759935603,0.001060659157854282,0.046474562277689306,0.05127331770014446,0.046923281610326203,0.050794907514317686,0.06862754999282256
golovin_fixed10_high_resolution_screen_v2,controlled,golovin,131072,0.1,300.0,3600.0,2400.0000953674316,golovin_fixed_bin_l1_relative_bins_1000,10,10,0.06987052412679115,0.004266769274377974,0.001349270915745831,0.06681826126018142,0.07292278699340088,0.06721578281356481,0.07220802540176585,0.06106679930774877
golovin_fixed10_high_resolution_screen_v2,controlled,golovin,131072,0.1,300.0,3600.0,2400.0000953674316,radius_moment_0_m3,10,10,228822.5582624303,1022.5867954572856,323.3703378857746,228091.0437363455,229554.0727885151,228290.65783576903,229477.39711728424,0.004468907275673882
golovin_fixed10_high_resolution_screen_v2,controlled,golovin,131072,0.1,300.0,3600.0,2400.0000953674316,radius_moment_3_um3_m3,10,10,238740390129.99738,99.67142514263614,31.518872108570317,238740390058.69675,238740390201.298,238740390069.42157,238740390186.06186,4.1748874201120177e-10
golovin_fixed10_high_resolution_screen_v2,controlled,golovin,131072,0.1,300.0,3600.0,2400.0000953674316,radius_moment_6_um6_m3,10,10,1.8066042509767594e+19,2.3200753270751875e+17,7.33672237671771e+16,1.7900074319008055e+19,1.8232010700527133e+19,1.7939052627187728e+19,1.8208495757905258e+19,0.012842189017438737
golovin_fixed10_high_resolution_screen_v2,controlled,golovin,131072,0.1,300.0,3600.0,2400.0000953674316,golovin_relative_error_radius_moment_0_m3,10,10,-0.0016682489075886986,0.004461452025993126,0.0014108350073711018,-0.004859779425039695,0.0015232816098622976,-0.0040674169254354695,0.0012125021678858268,2.674332352743301
golovin_fixed10_high_resolution_screen_v2,controlled,golovin,131072,0.1,300.0,3600.0,2400.0000953674316,golovin_relative_error_radius_moment_3_um3_m3,10,10,2.972966222085649e-05,4.175011530242846e-10,1.3202545693032352e-10,2.972936355852342e-05,2.9729960883189557e-05,2.9729411606504996e-05,2.972989781794111e-05,1.4043252490483786e-05
golovin_fixed10_high_resolution_screen_v2,controlled,golovin,131072,0.1,300.0,3600.0,2400.0000953674316,golovin_relative_error_radius_moment_6_um6_m3,10,10,-0.0074210470243791125,0.012746886528844351,0.004030919450686575,-0.016539620332412353,0.0016975262836541284,-0.014383513971583358,0.0005328930989436985,1.7176668584593464
golovin_fixed10_high_resolution_screen_v2,controlled,golovin,131072,0.1,300.0,3600.0,2400.0000953674316,liquid_water_gm3,10,10,0.9982363476298433,4.1675242333057156e-10,1.3178868781193016e-10,0.9982363473317165,0.99823634792797,0.9982363473782936,0.9982363478717967,4.174887283157794e-10
golovin_fixed10_high_resolution_screen_v2,controlled,golovin,131072,0.1,300.0,3600.0,2400.0000953674316,relative_liquid_mass_drift,10,10,2.3892274825243474e-10,4.1748872853820446e-10,1.320215279628465e-10,-5.973069687228196e-11,5.375761933771515e-10,-1.802010873852565e-11,4.719013846354869e-10,1.7473795676295552
golovin_fixed10_high_resolution_screen_v2,controlled,golovin,131072,0.1,300.0,3600.0,2400.0000953674316,mass_fraction_r_ge_cloud_threshold,10,10,0.9884650266988377,0.00014256385637643936,4.508264981666675e-05,0.988363042659637,0.9885670107380384,0.9883712266361737,0.9885361381084776,0.00014422751693356093
golovin_fixed10_high_resolution_screen_v2,controlled,golovin,131072,0.1,300.0,3600.0,2400.0000953674316,mass_fraction_r_ge_large_threshold,10,10,0.0001624796503406646,0.00018525197244688286,5.858181739709058e-05,2.9958372506099656e-05,0.00029500092817522956,6.75556460222384e-05,0.0002827980498909353,1.1401549182218969
golovin_fixed10_high_resolution_screen_v2,controlled,golovin,131072,0.1,300.0,3600.0,2400.0000953674316,mass_fraction_r_ge_onset_threshold,10,10,0.0001624796503406646,0.00018525197244688286,5.858181739709058e-05,2.9958372506099656e-05,0.00029500092817522956,6.635509115002249e-05,0.00028436485921921325,1.1401549182218969
golovin_fixed10_high_resolution_screen_v2,controlled,golovin,131072,0.1,300.0,3600.0,2400.0000953674316,mass_weighted_radius_q99_um,10,10,788.0932739257812,6.9109029464582346,2.1854193999176705,783.1495117765393,793.0370360750231,783.9932153320312,792.0086563110352,0.008769143418814497
golovin_fixed10_high_resolution_screen_v2,controlled,golovin,131072,0.1,300.0,3600.0,2400.0000953674316,fixed_bin_mass_below_range_fraction,10,10,0.0,0.0,0.0,0.0,0.0,0.0,0.0,nan
golovin_fixed10_high_resolution_screen_v2,controlled,golovin,131072,0.1,300.0,3600.0,2400.0000953674316,fixed_bin_mass_above_range_fraction,10,10,0.0,0.0,0.0,0.0,0.0,0.0,0.0,nan
golovin_fixed10_high_resolution_screen_v2,controlled,golovin,131072,0.1,300.0,3600.0,2400.0000953674316,fixed_bin_mass_below_range_fraction_bins_250,10,10,0.0,0.0,0.0,0.0,0.0,0.0,0.0,nan
golovin_fixed10_high_resolution_screen_v2,controlled,golovin,131072,0.1,300.0,3600.0,2400.0000953674316,fixed_bin_mass_below_range_fraction_bins_500,10,10,0.0,0.0,0.0,0.0,0.0,0.0,0.0,nan
golovin_fixed10_high_resolution_screen_v2,controlled,golovin,131072,0.1,300.0,3600.0,2400.0000953674316,fixed_bin_mass_below_range_fraction_bins_1000,10,10,0.0,0.0,0.0,0.0,0.0,0.0,0.0,nan
golovin_fixed10_high_resolution_screen_v2,controlled,golovin,131072,0.1,300.0,3600.0,2400.0000953674316,fixed_bin_mass_above_range_fraction_bins_250,10,10,0.0,0.0,0.0,0.0,0.0,0.0,0.0,nan
golovin_fixed10_high_resolution_screen_v2,controlled,golovin,131072,0.1,300.0,3600.0,2400.0000953674316,fixed_bin_mass_above_range_fraction_bins_500,10,10,0.0,0.0,0.0,0.0,0.0,0.0,0.0,nan
golovin_fixed10_high_resolution_screen_v2,controlled,golovin,131072,0.1,300.0,3600.0,2400.0000953674316,fixed_bin_mass_above_range_fraction_bins_1000,10,10,0.0,0.0,0.0,0.0,0.0,0.0,0.0,nan
golovin_fixed10_high_resolution_screen_v2,controlled,golovin,131072,0.1,300.0,3600.0,2700.000047683716,golovin_fixed_bin_l1_relative,10,10,0.05328318107966765,0.0023037022305349153,0.0007284946099300628,0.05163521177975448,0.05493115037958083,0.05190887831995333,0.05459616372380358,0.043235073129182705
golovin_fixed10_high_resolution_screen_v2,controlled,golovin,131072,0.1,300.0,3600.0,2700.000047683716,golovin_fixed_bin_l1_relative_bins_250,10,10,0.03876606840099942,0.0028087628086097215,0.0008882087882378315,0.0367568005286269,0.040775336273371945,0.03705145205777818,0.040345555295210424,0.0724541570621928
golovin_fixed10_high_resolution_screen_v2,controlled,golovin,131072,0.1,300.0,3600.0,2700.000047683716,golovin_fixed_bin_l1_relative_bins_500,10,10,0.05328318107966765,0.0023037022305349153,0.0007284946099300628,0.05163521177975448,0.05493115037958083,0.05194752161863925,0.05457245821325253,0.043235073129182705
golovin_fixed10_high_resolution_screen_v2,controlled,golovin,131072,0.1,300.0,3600.0,2700.000047683716,golovin_fixed_bin_l1_relative_bins_1000,10,10,0.07468780981909785,0.0034792466296683054,0.0011002343891216208,0.07219890671498948,0.07717671292320623,0.07259625115529476,0.07669762708237261,0.04658386205319752
golovin_fixed10_high_resolution_screen_v2,controlled,golovin,131072,0.1,300.0,3600.0,2700.000047683716,radius_moment_0_m3,10,10,145903.6241260935,628.8342676353548,198.8548556491626,145453.78319002953,146353.46506215745,145559.4526904209,146298.17929433566,0.004309929046669196
golovin_fixed10_high_resolution_screen_v2,controlled,golovin,131072,0.1,300.0,3600.0,2700.000047683716,radius_moment_3_um3_m3,10,10,238740390079.96136,120.86060390273597,38.21947877160812,238740389993.5029,238740390166.41983,238740390004.64194,238740390147.40762,5.062428014893337e-10
golovin_fixed10_high_resolution_screen_v2,controlled,golovin,131072,0.1,300.0,3600.0,2700.000047683716,radius_moment_6_um6_m3,10,10,4.464177925390194e+19,7.669855875750898e+17,2.4254213892598243e+17,4.409311081705013e+19,4.519044769075375e+19,4.416771864379956e+19,4.507046830754018e+19,0.017180891989381247
golovin_fixed10_high_resolution_screen_v2,controlled,golovin,131072,0.1,300.0,3600.0,2700.000047683716,golovin_relative_error_radius_moment_0_m3,10,10,-0.0016672205346746848,0.004302743444459577,0.0013606469471850464,-0.004745217772288849,0.0014107767029394786,-0.004046234023445971,0.0011246388010798128,2.580788416991965
golovin_fixed10_high_resolution_screen_v2,controlled,golovin,131072,0.1,300.0,3600.0,2700.000047683716,golovin_relative_error_radius_moment_3_um3_m3,10,10,2.9729452631244158e-05,5.062578080933155e-10,1.6009277568193022e-10,2.9729090476224938e-05,2.9729814786263378e-05,2.972912631642899e-05,2.972973906556764e-05,1.7028830445443992e-05
golovin_fixed10_high_resolution_screen_v2,controlled,golovin,131072,0.1,300.0,3600.0,2700.000047683716,golovin_relative_error_radius_moment_6_um6_m3,10,10,-0.002811823071326813,0.017132582360899505,0.005417798246086733,-0.01506773418030747,0.009444088037653842,-0.013286204895339855,0.006742366773184552,6.093051350067757
golovin_fixed10_high_resolution_screen_v2,controlled,golovin,131072,0.1,300.0,3600.0,2700.000047683716,liquid_water_gm3,10,10,0.9982363474206295,5.053499349916601e-10,1.5980568099916695e-10,0.9982363470591239,0.9982363477821351,0.9982363471120091,0.9982363477027145,5.062427713611588e-10
golovin_fixed10_high_resolution_screen_v2,controlled,golovin,131072,0.1,300.0,3600.0,2700.000047683716,relative_liquid_mass_drift,10,10,2.933935316917769e-11,5.062427809323749e-10,1.6008802367639638e-10,-3.32804916268591e-10,3.9148362260694637e-10,-2.829484591071462e-10,3.132141873640748e-10,17.25473557693173
golovin_fixed10_high_resolution_screen_v2,controlled,golovin,131072,0.1,300.0,3600.0,2700.000047683716,mass_fraction_r_ge_cloud_threshold,10,10,0.9926814570787599,8.882745403241419e-05,2.80897073496337e-05,0.992617913746078,0.9927450004114418,0.9926237366522265,0.9927262063631231,8.948233433695193e-05
golovin_fixed10_high_resolution_screen_v2,controlled,golovin,131072,0.1,300.0,3600.0,2700.000047683716,mass_fraction_r_ge_large_threshold,10,10,0.020190212493741647,0.0015844925906958456,0.0005010605522259791,0.019056734776528025,0.02132369021095527,0.019238777045565113,0.021103180542077445,0.07847825233077613
golovin_fixed10_high_resolution_screen_v2,controlled,golovin,131072,0.1,300.0,3600.0,2700.000047683716,mass_fraction_r_ge_onset_threshold,10,10,0.020190212493741647,0.0015844925906958456,0.0005010605522259791,0.019056734776528025,0.02132369021095527,0.019264152328783386,0.02111978124205997,0.07847825233077613
golovin_fixed10_high_resolution_screen_v2,controlled,golovin,131072,0.1,300.0,3600.0,2700.000047683716,mass_weighted_radius_q99_um,10,10,1072.8824096679687,10.364888677628025,3.277665591539528,1065.4678149728104,1080.297004363127,1066.9832232666015,1079.091290283203,0.009660787225354649
golovin_fixed10_high_resolution_screen_v2,controlled,golovin,131072,0.1,300.0,3600.0,2700.000047683716,fixed_bin_mass_below_range_fraction,10,10,0.0,0.0,0.0,0.0,0.0,0.0,0.0,nan
golovin_fixed10_high_resolution_screen_v2,controlled,golovin,131072,0.1,300.0,3600.0,2700.000047683716,fixed_bin_mass_above_range_fraction,10,10,0.0,0.0,0.0,0.0,0.0,0.0,0.0,nan
golovin_fixed10_high_resolution_screen_v2,controlled,golovin,131072,0.1,300.0,3600.0,2700.000047683716,fixed_bin_mass_below_range_fraction_bins_250,10,10,0.0,0.0,0.0,0.0,0.0,0.0,0.0,nan
golovin_fixed10_high_resolution_screen_v2,controlled,golovin,131072,0.1,300.0,3600.0,2700.000047683716,fixed_bin_mass_below_range_fraction_bins_500,10,10,0.0,0.0,0.0,0.0,0.0,0.0,0.0,nan
golovin_fixed10_high_resolution_screen_v2,controlled,golovin,131072,0.1,300.0,3600.0,2700.000047683716,fixed_bin_mass_below_range_fraction_bins_1000,10,10,0.0,0.0,0.0,0.0,0.0,0.0,0.0,nan
golovin_fixed10_high_resolution_screen_v2,controlled,golovin,131072,0.1,300.0,3600.0,2700.000047683716,fixed_bin_mass_above_range_fraction_bins_250,10,10,0.0,0.0,0.0,0.0,0.0,0.0,0.0,nan
golovin_fixed10_high_resolution_screen_v2,controlled,golovin,131072,0.1,300.0,3600.0,2700.000047683716,fixed_bin_mass_above_range_fraction_bins_500,10,10,0.0,0.0,0.0,0.0,0.0,0.0,0.0,nan
golovin_fixed10_high_resolution_screen_v2,controlled,golovin,131072,0.1,300.0,3600.0,2700.000047683716,fixed_bin_mass_above_range_fraction_bins_1000,10,10,0.0,0.0,0.0,0.0,0.0,0.0,0.0,nan
golovin_fixed10_high_resolution_screen_v2,controlled,golovin,131072,0.1,300.0,3600.0,300.00001192092896,golovin_fixed_bin_l1_relative,10,10,0.041115112316880954,0.003050697315560459,0.0009647151968932483,0.03893277492416861,0.043297449709593296,0.039387463548434885,0.04297512662421918,0.07419892938752622
golovin_fixed10_high_resolution_screen_v2,controlled,golovin,131072,0.1,300.0,3600.0,300.00001192092896,golovin_fixed_bin_l1_relative_bins_250,10,10,0.028675447187011916,0.004060215992561918,0.0012839530328736936,0.02577094363700021,0.03157995073702362,0.026446503290436504,0.031227954214380085,0.14159207234267396
golovin_fixed10_high_resolution_screen_v2,controlled,golovin,131072,0.1,300.0,3600.0,300.00001192092896,golovin_fixed_bin_l1_relative_bins_500,10,10,0.041115112316880954,0.003050697315560459,0.0009647151968932483,0.03893277492416861,0.043297449709593296,0.039397902546659064,0.043013019532353675,0.07419892938752622
golovin_fixed10_high_resolution_screen_v2,controlled,golovin,131072,0.1,300.0,3600.0,300.00001192092896,golovin_fixed_bin_l1_relative_bins_1000,10,10,0.05777295643670505,0.002758509206681529,0.0008723172039657797,0.055799637825521754,0.05974627504788834,0.056262638368190364,0.059505981811799044,0.047747412921540534
golovin_fixed10_high_resolution_screen_v2,controlled,golovin,131072,0.1,300.0,3600.0,300.00001192092896,radius_moment_0_m3,10,10,5341465.307557771,14079.768691823387,4452.413799449126,5331393.2477896055,5351537.367325936,5333807.532281105,5350390.03160131,0.002635937496757973
golovin_fixed10_high_resolution_screen_v2,controlled,golovin,131072,0.1,300.0,3600.0,300.00001192092896,radius_moment_3_um3_m3,10,10,238740390127.89062,83.24555466090325,26.324555781250005,238740390068.34033,238740390187.44092,238740390081.83514,238740390177.42703,3.4868651515694315e-10
golovin_fixed10_high_resolution_screen_v2,controlled,golovin,131072,0.1,300.0,3600.0,300.00001192092896,radius_moment_6_um6_m3,10,10,3.3479476198696596e+16,153109230947787.97,48417390059175.09,3.336994845297024e+16,3.358900394442295e+16,3.3391179594292296e+16,3.3570799923194764e+16,0.004573226595275966
golovin_fixed10_high_resolution_screen_v2,controlled,golovin,131072,0.1,300.0,3600.0,300.00001192092896,golovin_relative_error_radius_moment_0_m3,10,10,-0.0013719624843613997,0.0026323210894012928,0.0008324130175403799,-0.003255011554396838,0.0005110865856740384,-0.002819547766311741,0.000288422081005854,1.9186538403246103
golovin_fixed10_high_resolution_screen_v2,controlled,golovin,131072,0.1,300.0,3600.0,300.00001192092896,golovin_relative_error_radius_moment_3_um3_m3,10,10,2.9729653396137756e-05,3.4869687876415e-10,1.1026763498863132e-10,2.972940395341744e-05,2.972990283885807e-05,2.9729456824939547e-05,2.9729874624056518e-05,1.1728925127981814e-05
golovin_fixed10_high_resolution_screen_v2,controlled,golovin,131072,0.1,300.0,3600.0,300.00001192092896,golovin_relative_error_radius_moment_6_um6_m3,10,10,0.0017194271602604672,0.00458108992529393,0.0014486678329979424,-0.001557687154671182,0.004996541475192117,-0.0009197962960535898,0.004422173890299316,2.664311714489821
golovin_fixed10_high_resolution_screen_v2,controlled,golovin,131072,0.1,300.0,3600.0,300.00001192092896,liquid_water_gm3,10,10,0.9982363476210345,3.480715780970562e-10,1.1006989755558741e-10,0.9982363473720391,0.9982363478700299,0.9982363474328811,0.9982363478402728,3.4868653994273946e-10
golovin_fixed10_high_resolution_screen_v2,controlled,golovin,131072,0.1,300.0,3600.0,300.00001192092896,relative_liquid_mass_drift,10,10,2.300982848701949e-10,3.486865443569554e-10,1.1026436696213107e-10,-1.933704265459966e-11,4.795336123949894e-10,3.405622450713963e-11,4.439302703218572e-10,1.5153808927939623
golovin_fixed10_high_resolution_screen_v2,controlled,golovin,131072,0.1,300.0,3600.0,300.00001192092896,mass_fraction_r_ge_cloud_threshold,10,10,0.6357918181869419,0.0025719464413993544,0.000813320877478674,0.6339519585383001,0.6376316778355836,0.6342047297449018,0.6372511237731012,0.004045265081789909
golovin_fixed10_high_resolution_screen_v2,controlled,golovin,131072,0.1,300.0,3600.0,300.00001192092896,mass_fraction_r_ge_large_threshold,10,10,0.0,0.0,0.0,0.0,0.0,0.0,0.0,nan
golovin_fixed10_high_resolution_screen_v2,controlled,golovin,131072,0.1,300.0,3600.0,300.00001192092896,mass_fraction_r_ge_onset_threshold,10,10,0.0,0.0,0.0,0.0,0.0,0.0,0.0,nan
golovin_fixed10_high_resolution_screen_v2,controlled,golovin,131072,0.1,300.0,3600.0,300.00001192092896,mass_weighted_radius_q99_um,10,10,88.0213523864746,0.3865278117140874,0.12223082640172281,87.7448470470152,88.29785772593401,87.79427131652832,88.24864919662475,0.004391295989374976
golovin_fixed10_high_resolution_screen_v2,controlled,golovin,131072,0.1,300.0,3600.0,300.00001192092896,fixed_bin_mass_below_range_fraction,10,10,0.0,0.0,0.0,0.0,0.0,0.0,0.0,nan
golovin_fixed10_high_resolution_screen_v2,controlled,golovin,131072,0.1,300.0,3600.0,300.00001192092896,fixed_bin_mass_above_range_fraction,10,10,0.0,0.0,0.0,0.0,0.0,0.0,0.0,nan
golovin_fixed10_high_resolution_screen_v2,controlled,golovin,131072,0.1,300.0,3600.0,300.00001192092896,fixed_bin_mass_below_range_fraction_bins_250,10,10,0.0,0.0,0.0,0.0,0.0,0.0,0.0,nan
golovin_fixed10_high_resolution_screen_v2,controlled,golovin,131072,0.1,300.0,3600.0,300.00001192092896,fixed_bin_mass_below_range_fraction_bins_500,10,10,0.0,0.0,0.0,0.0,0.0,0.0,0.0,nan
golovin_fixed10_high_resolution_screen_v2,controlled,golovin,131072,0.1,300.0,3600.0,300.00001192092896,fixed_bin_mass_below_range_fraction_bins_1000,10,10,0.0,0.0,0.0,0.0,0.0,0.0,0.0,nan
golovin_fixed10_high_resolution_screen_v2,controlled,golovin,131072,0.1,300.0,3600.0,300.00001192092896,fixed_bin_mass_above_range_fraction_bins_250,10,10,0.0,0.0,0.0,0.0,0.0,0.0,0.0,nan
golovin_fixed10_high_resolution_screen_v2,controlled,golovin,131072,0.1,300.0,3600.0,300.00001192092896,fixed_bin_mass_above_range_fraction_bins_500,10,10,0.0,0.0,0.0,0.0,0.0,0.0,0.0,nan
golovin_fixed10_high_resolution_screen_v2,controlled,golovin,131072,0.1,300.0,3600.0,300.00001192092896,fixed_bin_mass_above_range_fraction_bins_1000,10,10,0.0,0.0,0.0,0.0,0.0,0.0,0.0,nan
golovin_fixed10_high_resolution_screen_v2,controlled,golovin,131072,0.1,300.0,3600.0,3000.0,golovin_fixed_bin_l1_relative,10,10,0.05867413220116757,0.003046332747920439,0.0009633349994188154,0.0564949170320581,0.06085334737027705,0.056888274015157364,0.06046700068257018,0.051919519448126054
golovin_fixed10_high_resolution_screen_v2,controlled,golovin,131072,0.1,300.0,3600.0,3000.0,golovin_fixed_bin_l1_relative_bins_250,10,10,0.04052949179580149,0.003150826213680027,0.0009963787346593269,0.03827552650433208,0.042783457087270896,0.03865757144010078,0.042324836632105726,0.07774156729017821
golovin_fixed10_high_resolution_screen_v2,controlled,golovin,131072,0.1,300.0,3600.0,3000.0,golovin_fixed_bin_l1_relative_bins_500,10,10,0.05867413220116757,0.003046332747920439,0.0009633349994188154,0.0564949170320581,0.06085334737027705,0.056900838905288374,0.06043788288065582,0.051919519448126054
golovin_fixed10_high_resolution_screen_v2,controlled,golovin,131072,0.1,300.0,3600.0,3000.0,golovin_fixed_bin_l1_relative_bins_1000,10,10,0.08115548980881379,0.002796375670680866,0.0008842916312832471,0.07915508316110388,0.0831558964565237,0.07948852057021338,0.08281606844313515,0.03445701180867211
golovin_fixed10_high_resolution_screen_v2,controlled,golovin,131072,0.1,300.0,3600.0,3000.0,radius_moment_0_m3,10,10,93025.20315852277,383.8450879244696,121.38247465089175,92750.61692405309,93299.78939299245,92812.95075553362,93267.09629135861,0.004126248316495104
golovin_fixed10_high_resolution_screen_v2,controlled,golovin,131072,0.1,300.0,3600.0,3000.0,radius_moment_3_um3_m3,10,10,238740390099.06952,192.2344331572027,60.78986534881536,238740389961.55328,238740390236.58575,238740389978.37827,238740390206.70383,8.052028107913857e-10
golovin_fixed10_high_resolution_screen_v2,controlled,golovin,131072,0.1,300.0,3600.0,3000.0,radius_moment_6_um6_m3,10,10,1.0966297568542828e+20,1.71837935626535e+18,5.4339926500124365e+17,1.0843372114584643e+20,1.1089223022501013e+20,1.0859124161708422e+20,1.1062233677490115e+20,0.015669640054220082
golovin_fixed10_high_resolution_screen_v2,controlled,golovin,131072,0.1,300.0,3600.0,3000.0,golovin_relative_error_radius_moment_0_m3,10,10,-0.0017413473321437277,0.004119063084997412,0.0013025621174511562,-0.004687947556125458,0.0012052528918380019,-0.003954284321983027,0.0008584278447332486,2.3654460020486203
golovin_fixed10_high_resolution_screen_v2,controlled,golovin,131072,0.1,300.0,3600.0,3000.0,golovin_relative_error_radius_moment_3_um3_m3,10,10,2.972953267104117e-05,8.05226755521386e-10,2.546350580355144e-10,2.9728956646520735e-05,2.9730108695561603e-05,2.9729028951840375e-05,2.9729987231543743e-05,2.708507948750026e-05
golovin_fixed10_high_resolution_screen_v2,controlled,golovin,131072,0.1,300.0,3600.0,3000.0,golovin_relative_error_radius_moment_6_um6_m3,10,10,-0.004069019686778297,0.015605879980354743,0.0049350125629144745,-0.0152327937044744,0.007094754330917808,-0.01347148090175317,0.004705447882545415,3.835292326322195
golovin_fixed10_high_resolution_screen_v2,controlled,golovin,131072,0.1,300.0,3600.0,3000.0,liquid_water_gm3,10,10,0.9982363475005259,8.037827544419107e-10,2.5417842480002605e-10,0.9982363469255344,0.9982363480755174,0.9982363470019943,0.9982363479435916,8.052028524652447e-10
golovin_fixed10_high_resolution_screen_v2,controlled,golovin,131072,0.1,300.0,3600.0,3000.0,relative_liquid_mass_drift,10,10,1.0937680761102797e-10,8.052028309168632e-10,2.546274924112733e-10,-4.666305981924795e-10,6.853842134145355e-10,-3.849711882608631e-10,5.617895265652705e-10,7.361732788731331
golovin_fixed10_high_resolution_screen_v2,controlled,golovin,131072,0.1,300.0,3600.0,3000.0,mass_fraction_r_ge_cloud_threshold,10,10,0.9953503582303675,5.846539607988499e-05,1.8488381591631625e-05,0.9953085346055215,0.9953921818552136,0.9953121901806621,0.9953794679306622,5.873850910530696e-05
golovin_fixed10_high_resolution_screen_v2,controlled,golovin,131072,0.1,300.0,3600.0,3000.0,mass_fraction_r_ge_large_threshold,10,10,0.14073588034679338,0.0043003078925119296,0.0013598767580336238,0.13765962539808482,0.14381213529550194,0.13809699370047013,0.1431221889764424,0.030555874464389284
golovin_fixed10_high_resolution_screen_v2,controlled,golovin,131072,0.1,300.0,3600.0,3000.0,mass_fraction_r_ge_onset_threshold,10,10,0.14073588034679338,0.0043003078925119296,0.0013598767580336238,0.13765962539808482,0.14381213529550194,0.1380847812295564,0.1431769723750823,0.030555874464389284
golovin_fixed10_high_resolution_screen_v2,controlled,golovin,131072,0.1,300.0,3600.0,3000.0,mass_weighted_radius_q99_um,10,10,1439.6578491210937,11.84193720939856,3.7447493490397745,1431.1866375582795,1448.129060683908,1432.5244512939455,1446.414326171875,0.008225521929830774
golovin_fixed10_high_resolution_screen_v2,controlled,golovin,131072,0.1,300.0,3600.0,3000.0,fixed_bin_mass_below_range_fraction,10,10,0.0,0.0,0.0,0.0,0.0,0.0,0.0,nan
golovin_fixed10_high_resolution_screen_v2,controlled,golovin,131072,0.1,300.0,3600.0,3000.0,fixed_bin_mass_above_range_fraction,10,10,0.0,0.0,0.0,0.0,0.0,0.0,0.0,nan
golovin_fixed10_high_resolution_screen_v2,controlled,golovin,131072,0.1,300.0,3600.0,3000.0,fixed_bin_mass_below_range_fraction_bins_250,10,10,0.0,0.0,0.0,0.0,0.0,0.0,0.0,nan
golovin_fixed10_high_resolution_screen_v2,controlled,golovin,131072,0.1,300.0,3600.0,3000.0,fixed_bin_mass_below_range_fraction_bins_500,10,10,0.0,0.0,0.0,0.0,0.0,0.0,0.0,nan
golovin_fixed10_high_resolution_screen_v2,controlled,golovin,131072,0.1,300.0,3600.0,3000.0,fixed_bin_mass_below_range_fraction_bins_1000,10,10,0.0,0.0,0.0,0.0,0.0,0.0,0.0,nan
golovin_fixed10_high_resolution_screen_v2,controlled,golovin,131072,0.1,300.0,3600.0,3000.0,fixed_bin_mass_above_range_fraction_bins_250,10,10,0.0,0.0,0.0,0.0,0.0,0.0,0.0,nan
golovin_fixed10_high_resolution_screen_v2,controlled,golovin,131072,0.1,300.0,3600.0,3000.0,fixed_bin_mass_above_range_fraction_bins_500,10,10,0.0,0.0,0.0,0.0,0.0,0.0,0.0,nan
golovin_fixed10_high_resolution_screen_v2,controlled,golovin,131072,0.1,300.0,3600.0,3000.0,fixed_bin_mass_above_range_fraction_bins_1000,10,10,0.0,0.0,0.0,0.0,0.0,0.0,0.0,nan
golovin_fixed10_high_resolution_screen_v2,controlled,golovin,131072,0.1,300.0,3600.0,3299.999952316284,golovin_fixed_bin_l1_relative,10,10,0.06366419676380405,0.003914755055172186,0.0012379542456002234,0.06086374969990306,0.06646464382770505,0.06134672506986604,0.06596666974740108,0.061490684783097736
golovin_fixed10_high_resolution_screen_v2,controlled,golovin,131072,0.1,300.0,3600.0,3299.999952316284,golovin_fixed_bin_l1_relative_bins_250,10,10,0.04492880031325604,0.005958461665674948,0.0018842310214333558,0.04066637361175399,0.04919122701475808,0.04114870933774657,0.04791494161870183,0.13262009277191697
golovin_fixed10_high_resolution_screen_v2,controlled,golovin,131072,0.1,300.0,3600.0,3299.999952316284,golovin_fixed_bin_l1_relative_bins_500,10,10,0.06366419676380405,0.003914755055172186,0.0012379542456002234,0.06086374969990306,0.06646464382770505,0.06140686179031511,0.06592051460208098,0.061490684783097736
golovin_fixed10_high_resolution_screen_v2,controlled,golovin,131072,0.1,300.0,3600.0,3299.999952316284,golovin_fixed_bin_l1_relative_bins_1000,10,10,0.09000150226962629,0.006166746610010992,0.0019500965040756843,0.08559007749478374,0.09441292704446884,0.08618431531171111,0.09343088719744694,0.06851826307895025
golovin_fixed10_high_resolution_screen_v2,controlled,golovin,131072,0.1,300.0,3600.0,3299.999952316284,radius_moment_0_m3,10,10,59323.71171295035,260.9187207515716,82.50974417524066,59137.06170416369,59510.36172173702,59183.01611136457,59485.9483755088,0.004398219754254066
golovin_fixed10_high_resolution_screen_v2,controlled,golovin,131072,0.1,300.0,3600.0,3299.999952316284,radius_moment_3_um3_m3,10,10,238740390134.7208,110.20853495048937,34.850998803381856,238740390055.88235,238740390213.55923,238740390079.70428,238740390205.8757,4.616250098623818e-10
golovin_fixed10_high_resolution_screen_v2,controlled,golovin,131072,0.1,300.0,3600.0,3299.999952316284,radius_moment_6_um6_m3,10,10,2.690659879244735e+20,6.301379535930671e+18,1.992671173471575e+18,2.6455825255630327e+20,2.7357372329264375e+20,2.6520896694940716e+20,2.725655910442587e+20,0.023419457749150593
golovin_fixed10_high_resolution_screen_v2,controlled,golovin,131072,0.1,300.0,3600.0,3299.999952316284,golovin_relative_error_radius_moment_0_m3,10,10,-0.0016013699614249033,0.004391176577255888,0.0013886119592110941,-0.004742628451301529,0.0015398885284517222,-0.0040260216508515,0.0011483335337178233,2.7421374716861853
golovin_fixed10_high_resolution_screen_v2,controlled,golovin,131072,0.1,300.0,3600.0,3299.999952316284,golovin_relative_error_radius_moment_3_um3_m3,10,10,2.972968200618542e-05,4.6163871627025157e-10,1.4598297995302254e-10,2.972935176974167e-05,2.9730012242629167e-05,2.97294488506461e-05,2.972997928045451e-05,1.5527872655153365e-05
golovin_fixed10_high_resolution_screen_v2,controlled,golovin,131072,0.1,300.0,3600.0,3299.999952316284,golovin_relative_error_radius_moment_6_um6_m3,10,10,-0.006514324291577533,0.023266895806639744,0.0073576384830802205,-0.023158458887357174,0.010129810304202106,-0.021029092554165893,0.006266427129693288,3.57165145074553
golovin_fixed10_high_resolution_screen_v2,controlled,golovin,131072,0.1,300.0,3600.0,3299.999952316284,liquid_water_gm3,10,10,0.9982363476495932,4.608108413428481e-10,1.457211829141884e-10,0.998236347319949,0.9982363479792374,0.9982363474149514,0.998236347946374,4.616249873367711e-10
golovin_fixed10_high_resolution_screen_v2,controlled,golovin,131072,0.1,300.0,3600.0,3299.999952316284,relative_liquid_mass_drift,10,10,2.5870746656053713e-10,4.6162498508489833e-10,1.4597863777095353e-10,-7.151915448854997e-11,5.889340876096242e-10,2.2009052635940716e-11,5.618129350626332e-10,1.7843512258154282
golovin_fixed10_high_resolution_screen_v2,controlled,golovin,131072,0.1,300.0,3600.0,3299.999952316284,mass_fraction_r_ge_cloud_threshold,10,10,0.9970410232014958,3.761265109472733e-05,1.1894164629656397e-05,0.9970141167317833,0.9970679296712083,0.9970167270384307,0.9970592736101798,3.77242763531968e-05
golovin_fixed10_high_resolution_screen_v2,controlled,golovin,131072,0.1,300.0,3600.0,3299.999952316284,mass_fraction_r_ge_large_threshold,10,10,0.3482374583142605,0.0048793482251914535,0.0015429853888705163,0.3447469828647341,0.3517279337637869,0.3453154901318699,0.3509945662824486,0.014011554784517682
golovin_fixed10_high_resolution_screen_v2,controlled,golovin,131072,0.1,300.0,3600.0,3299.999952316284,mass_fraction_r_ge_onset_threshold,10,10,0.3482374583142605,0.0048793482251914535,0.0015429853888705163,0.3447469828647341,0.3517279337637869,0.34526609369329386,0.35086941968160584,0.014011554784517682
golovin_fixed10_high_resolution_screen_v2,controlled,golovin,131072,0.1,300.0,3600.0,3299.999952316284,mass_weighted_radius_q99_um,10,10,1955.988623046875,31.341756066949443,9.9111335040961,1933.5680813991348,1978.4091646946154,1937.114387207031,1973.8528201293946,0.016023485871879913
golovin_fixed10_high_resolution_screen_v2,controlled,golovin,131072,0.1,300.0,3600.0,3299.999952316284,fixed_bin_mass_below_range_fraction,10,10,0.0,0.0,0.0,0.0,0.0,0.0,0.0,nan
golovin_fixed10_high_resolution_screen_v2,controlled,golovin,131072,0.1,300.0,3600.0,3299.999952316284,fixed_bin_mass_above_range_fraction,10,10,0.0,0.0,0.0,0.0,0.0,0.0,0.0,nan
golovin_fixed10_high_resolution_screen_v2,controlled,golovin,131072,0.1,300.0,3600.0,3299.999952316284,fixed_bin_mass_below_range_fraction_bins_250,10,10,0.0,0.0,0.0,0.0,0.0,0.0,0.0,nan
golovin_fixed10_high_resolution_screen_v2,controlled,golovin,131072,0.1,300.0,3600.0,3299.999952316284,fixed_bin_mass_below_range_fraction_bins_500,10,10,0.0,0.0,0.0,0.0,0.0,0.0,0.0,nan
golovin_fixed10_high_resolution_screen_v2,controlled,golovin,131072,0.1,300.0,3600.0,3299.999952316284,fixed_bin_mass_below_range_fraction_bins_1000,10,10,0.0,0.0,0.0,0.0,0.0,0.0,0.0,nan
golovin_fixed10_high_resolution_screen_v2,controlled,golovin,131072,0.1,300.0,3600.0,3299.999952316284,fixed_bin_mass_above_range_fraction_bins_250,10,10,0.0,0.0,0.0,0.0,0.0,0.0,0.0,nan
golovin_fixed10_high_resolution_screen_v2,controlled,golovin,131072,0.1,300.0,3600.0,3299.999952316284,fixed_bin_mass_above_range_fraction_bins_500,10,10,0.0,0.0,0.0,0.0,0.0,0.0,0.0,nan
golovin_fixed10_high_resolution_screen_v2,controlled,golovin,131072,0.1,300.0,3600.0,3299.999952316284,fixed_bin_mass_above_range_fraction_bins_1000,10,10,0.0,0.0,0.0,0.0,0.0,0.0,0.0,nan
golovin_fixed10_high_resolution_screen_v2,controlled,golovin,131072,0.1,300.0,3600.0,3599.9999046325684,golovin_fixed_bin_l1_relative,10,10,0.06784258075241181,0.004596273795229323,0.001453469394267102,0.06455460455126252,0.0711305569535611,0.0651293065361173,0.07048083751878033,0.06774910011167175
golovin_fixed10_high_resolution_screen_v2,controlled,golovin,131072,0.1,300.0,3600.0,3599.9999046325684,golovin_fixed_bin_l1_relative_bins_250,10,10,0.048441366398683766,0.004214705089654954,0.0013328067749213825,0.04542634800616938,0.05145638479119815,0.04588562859166761,0.050857407196408674,0.0870063213115614
golovin_fixed10_high_resolution_screen_v2,controlled,golovin,131072,0.1,300.0,3600.0,3599.9999046325684,golovin_fixed_bin_l1_relative_bins_500,10,10,0.06784258075241181,0.004596273795229323,0.001453469394267102,0.06455460455126252,0.0711305569535611,0.06512128569823379,0.07059430271033493,0.06774910011167175
golovin_fixed10_high_resolution_screen_v2,controlled,golovin,131072,0.1,300.0,3600.0,3599.9999046325684,golovin_fixed_bin_l1_relative_bins_1000,10,10,0.09487955075382003,0.004936931246248907,0.0015611947389800153,0.09134788289251351,0.09841121861512654,0.09192678522292536,0.0977033418110902,0.05203367013255105
golovin_fixed10_high_resolution_screen_v2,controlled,golovin,131072,0.1,300.0,3600.0,3599.9999046325684,radius_moment_0_m3,10,10,37824.741558473266,176.02138500106415,55.66284935007626,37698.823445114234,37950.6596718323,37730.05972761936,37938.28631726455,0.004653604433197586
golovin_fixed10_high_resolution_screen_v2,controlled,golovin,131072,0.1,300.0,3600.0,3599.9999046325684,radius_moment_3_um3_m3,10,10,238740390099.7116,149.1847025815397,47.17634522124669,238740389992.9913,238740390206.43192,238740390012.69107,238740390188.4354,6.248825450910576e-10
golovin_fixed10_high_resolution_screen_v2,controlled,golovin,131072,0.1,300.0,3600.0,3599.9999046325684,radius_moment_6_um6_m3,10,10,6.606058959045486e+20,1.4004075831603702e+19,4.42847761535843e+18,6.50587983546674e+20,6.706238082624232e+20,6.519475386973017e+20,6.685145462250534e+20,0.02119883567255833
golovin_fixed10_high_resolution_screen_v2,controlled,golovin,131072,0.1,300.0,3600.0,3599.9999046325684,golovin_relative_error_radius_moment_0_m3,10,10,-0.001645374125086463,0.004645947512874808,0.0014691776030278847,-0.00496888476319869,0.0016781365130257642,-0.004090241553122072,0.0012243213565892883,2.823642016754498
golovin_fixed10_high_resolution_screen_v2,controlled,golovin,131072,0.1,300.0,3600.0,3599.9999046325684,golovin_relative_error_radius_moment_3_um3_m3,10,10,2.9729535360711877e-05,6.249011595857494e-10,1.9761109767713303e-10,2.972908833335182e-05,2.9729982388071935e-05,2.9729172110676825e-05,2.9729907078394624e-05,2.1019540063568153e-05
golovin_fixed10_high_resolution_screen_v2,controlled,golovin,131072,0.1,300.0,3600.0,3599.9999046325684,golovin_relative_error_radius_moment_6_um6_m3,10,10,-0.008303357057502292,0.021022814170765767,0.006647997560608381,-0.023342172357497533,0.006735458242492951,-0.02094087374901346,0.003678170351129274,2.531845135067524
golovin_fixed10_high_resolution_screen_v2,controlled,golovin,131072,0.1,300.0,3600.0,3599.9999046325684,liquid_water_gm3,10,10,0.9982363475032106,6.237804400978508e-10,1.9725669505714335e-10,0.9982363470569849,0.9982363479494362,0.9982363471364527,0.9982363478805419,6.248825157068773e-10
golovin_fixed10_high_resolution_screen_v2,controlled,golovin,131072,0.1,300.0,3600.0,3599.9999046325684,relative_liquid_mass_drift,10,10,1.120663672971034e-10,6.248825109330204e-10,1.9760520045534132e-10,-3.3494765231912207e-10,5.590803869133289e-10,-2.4221012195901893e-10,4.843592354975001e-10,5.576003987676076
golovin_fixed10_high_resolution_screen_v2,controlled,golovin,131072,0.1,300.0,3600.0,3599.9999046325684,mass_fraction_r_ge_cloud_threshold,10,10,0.9981161494560397,2.5408654281104503e-05,8.034921980807841e-06,0.9980979731997283,0.9981343257123511,0.9980996790324086,0.9981284204727181,2.545661073107763e-05
golovin_fixed10_high_resolution_screen_v2,controlled,golovin,131072,0.1,300.0,3600.0,3599.9999046325684,mass_fraction_r_ge_large_threshold,10,10,0.55021935408923,0.0028829725567603675,0.0009116759711121825,0.5481569997610275,0.5522817084174324,0.5485341265801251,0.5519838667762963,0.0052396785669826355
golovin_fixed10_high_resolution_screen_v2,controlled,golovin,131072,0.1,300.0,3600.0,3599.9999046325684,mass_fraction_r_ge_onset_threshold,10,10,0.55021935408923,0.0028829725567603675,0.0009116759711121825,0.5481569997610275,0.5522817084174324,0.5485583231454412,0.5519837290175655,0.0052396785669826355
golovin_fixed10_high_resolution_screen_v2,controlled,golovin,131072,0.1,300.0,3600.0,3599.9999046325684,mass_weighted_radius_q99_um,10,10,2637.001220703125,47.17106521022003,14.916800572062462,2603.2570734430014,2670.7453679632486,2609.182860717773,2664.034948730469,0.017888146899546153
golovin_fixed10_high_resolution_screen_v2,controlled,golovin,131072,0.1,300.0,3600.0,3599.9999046325684,fixed_bin_mass_below_range_fraction,10,10,0.0,0.0,0.0,0.0,0.0,0.0,0.0,nan
golovin_fixed10_high_resolution_screen_v2,controlled,golovin,131072,0.1,300.0,3600.0,3599.9999046325684,fixed_bin_mass_above_range_fraction,10,10,0.0,0.0,0.0,0.0,0.0,0.0,0.0,nan
golovin_fixed10_high_resolution_screen_v2,controlled,golovin,131072,0.1,300.0,3600.0,3599.9999046325684,fixed_bin_mass_below_range_fraction_bins_250,10,10,0.0,0.0,0.0,0.0,0.0,0.0,0.0,nan
golovin_fixed10_high_resolution_screen_v2,controlled,golovin,131072,0.1,300.0,3600.0,3599.9999046325684,fixed_bin_mass_below_range_fraction_bins_500,10,10,0.0,0.0,0.0,0.0,0.0,0.0,0.0,nan
golovin_fixed10_high_resolution_screen_v2,controlled,golovin,131072,0.1,300.0,3600.0,3599.9999046325684,fixed_bin_mass_below_range_fraction_bins_1000,10,10,0.0,0.0,0.0,0.0,0.0,0.0,0.0,nan
golovin_fixed10_high_resolution_screen_v2,controlled,golovin,131072,0.1,300.0,3600.0,3599.9999046325684,fixed_bin_mass_above_range_fraction_bins_250,10,10,0.0,0.0,0.0,0.0,0.0,0.0,0.0,nan
golovin_fixed10_high_resolution_screen_v2,controlled,golovin,131072,0.1,300.0,3600.0,3599.9999046325684,fixed_bin_mass_above_range_fraction_bins_500,10,10,0.0,0.0,0.0,0.0,0.0,0.0,0.0,nan
golovin_fixed10_high_resolution_screen_v2,controlled,golovin,131072,0.1,300.0,3600.0,3599.9999046325684,fixed_bin_mass_above_range_fraction_bins_1000,10,10,0.0,0.0,0.0,0.0,0.0,0.0,0.0,nan
golovin_fixed10_high_resolution_screen_v2,controlled,golovin,131072,0.1,300.0,3600.0,600.0000238418579,golovin_fixed_bin_l1_relative,10,10,0.045588681608914494,0.003634221739450646,0.0011492418218763045,0.042988915989769755,0.048188447228059234,0.04341000373939881,0.047668385717249004,0.07971763190317843
golovin_fixed10_high_resolution_screen_v2,controlled,golovin,131072,0.1,300.0,3600.0,600.0000238418579,golovin_fixed_bin_l1_relative_bins_250,10,10,0.03228936785100089,0.002890378380727756,0.0009140178982809037,0.03022171571547898,0.0343570199865228,0.03065551279770813,0.034048578341937016,0.08951486427561517
golovin_fixed10_high_resolution_screen_v2,controlled,golovin,131072,0.1,300.0,3600.0,600.0000238418579,golovin_fixed_bin_l1_relative_bins_500,10,10,0.045588681608914494,0.003634221739450646,0.0011492418218763045,0.042988915989769755,0.048188447228059234,0.043418436168626506,0.047720047945069614,0.07971763190317843
golovin_fixed10_high_resolution_screen_v2,controlled,golovin,131072,0.1,300.0,3600.0,600.0000238418579,golovin_fixed_bin_l1_relative_bins_1000,10,10,0.06432498140064549,0.002579123834008672,0.0008155905683093443,0.06247998735463385,0.06616997544665713,0.0627932798581491,0.06582344452388288,0.0400952130548582
golovin_fixed10_high_resolution_screen_v2,controlled,golovin,131072,0.1,300.0,3600.0,600.0000238418579,radius_moment_0_m3,10,10,3407054.237882325,8978.915612568055,2839.3824254161036,3400631.1085907468,3413477.367173903,3401654.527175776,3412114.5613889997,0.0026353896902295733
golovin_fixed10_high_resolution_screen_v2,controlled,golovin,131072,0.1,300.0,3600.0,600.0000238418579,radius_moment_3_um3_m3,10,10,238740390119.10492,112.09338894444666,35.44704197115888,238740390038.91815,238740390199.2917,238740390050.9014,238740390182.82892,4.695200040869688e-10
golovin_fixed10_high_resolution_screen_v2,controlled,golovin,131072,0.1,300.0,3600.0,600.0000238418579,radius_moment_6_um6_m3,10,10,8.218485850793674e+16,470774915092805.56,148872099696564.47,8.184808642126734e+16,8.252163059460613e+16,8.190229422550306e+16,8.246008771017115e+16,0.005728243908180994
golovin_fixed10_high_resolution_screen_v2,controlled,golovin,131072,0.1,300.0,3600.0,600.0000238418579,golovin_relative_error_radius_moment_0_m3,10,10,-0.001022667672590305,0.002632694562388719,0.0008325311200688613,-0.002905983909106492,0.000860648563925882,-0.0026009626793195837,0.00048224425948799175,2.574340260233701
golovin_fixed10_high_resolution_screen_v2,controlled,golovin,131072,0.1,300.0,3600.0,600.0000238418579,golovin_relative_error_radius_moment_3_um3_m3,10,10,2.972961659497564e-05,4.695339458487987e-10,1.4847967076483657e-10,2.9729280710624887e-05,2.972995247932639e-05,2.972933620282614e-05,2.9729883094823382e-05,1.5793474643334313e-05
golovin_fixed10_high_resolution_screen_v2,controlled,golovin,131072,0.1,300.0,3600.0,600.0000238418579,golovin_relative_error_radius_moment_6_um6_m3,10,10,-0.00024688301776520927,0.005726829702038436,0.0018109825630344882,-0.0043436101944363285,0.00384984415890591,-0.003718967832471824,0.003117609035543935,23.196531514714255
golovin_fixed10_high_resolution_screen_v2,controlled,golovin,131072,0.1,300.0,3600.0,600.0000238418579,liquid_water_gm3,10,10,0.9982363475842991,4.686920014158999e-10,1.4821342455771067e-10,0.9982363472490171,0.9982363479195812,0.9982363473028292,0.9982363478491821,4.695200716244404e-10
golovin_fixed10_high_resolution_screen_v2,controlled,golovin,131072,0.1,300.0,3600.0,600.0000238418579,relative_liquid_mass_drift,10,10,1.9329823297553616e-10,4.695200835151149e-10,1.4847528711002393e-10,-1.4257620125892447e-10,5.291726672099968e-10,-9.364724662397341e-11,4.5700184830854665e-10,2.42899314850197
golovin_fixed10_high_resolution_screen_v2,controlled,golovin,131072,0.1,300.0,3600.0,600.0000238418579,mass_fraction_r_ge_cloud_threshold,10,10,0.7911415097755874,0.0013705564789642806,0.0004334080135427777,0.7901610727333375,0.7921219468178373,0.7902872623845546,0.791898033546805,0.0017323784203322212
golovin_fixed10_high_resolution_screen_v2,controlled,golovin,131072,0.1,300.0,3600.0,600.0000238418579,mass_fraction_r_ge_large_threshold,10,10,0.0,0.0,0.0,0.0,0.0,0.0,0.0,nan
golovin_fixed10_high_resolution_screen_v2,controlled,golovin,131072,0.1,300.0,3600.0,600.0000238418579,mass_fraction_r_ge_onset_threshold,10,10,0.0,0.0,0.0,0.0,0.0,0.0,0.0,nan
golovin_fixed10_high_resolution_screen_v2,controlled,golovin,131072,0.1,300.0,3600.0,600.0000238418579,mass_weighted_radius_q99_um,10,10,124.1572364807129,1.049888705186604,0.33200395980747033,123.40619134495707,124.90828161646873,123.5415355682373,124.76413145065308,0.00845612172875399
golovin_fixed10_high_resolution_screen_v2,controlled,golovin,131072,0.1,300.0,3600.0,600.0000238418579,fixed_bin_mass_below_range_fraction,10,10,0.0,0.0,0.0,0.0,0.0,0.0,0.0,nan
golovin_fixed10_high_resolution_screen_v2,controlled,golovin,131072,0.1,300.0,3600.0,600.0000238418579,fixed_bin_mass_above_range_fraction,10,10,0.0,0.0,0.0,0.0,0.0,0.0,0.0,nan
golovin_fixed10_high_resolution_screen_v2,controlled,golovin,131072,0.1,300.0,3600.0,600.0000238418579,fixed_bin_mass_below_range_fraction_bins_250,10,10,0.0,0.0,0.0,0.0,0.0,0.0,0.0,nan
golovin_fixed10_high_resolution_screen_v2,controlled,golovin,131072,0.1,300.0,3600.0,600.0000238418579,fixed_bin_mass_below_range_fraction_bins_500,10,10,0.0,0.0,0.0,0.0,0.0,0.0,0.0,nan
golovin_fixed10_high_resolution_screen_v2,controlled,golovin,131072,0.1,300.0,3600.0,600.0000238418579,fixed_bin_mass_below_range_fraction_bins_1000,10,10,0.0,0.0,0.0,0.0,0.0,0.0,0.0,nan
golovin_fixed10_high_resolution_screen_v2,controlled,golovin,131072,0.1,300.0,3600.0,600.0000238418579,fixed_bin_mass_above_range_fraction_bins_250,10,10,0.0,0.0,0.0,0.0,0.0,0.0,0.0,nan
golovin_fixed10_high_resolution_screen_v2,controlled,golovin,131072,0.1,300.0,3600.0,600.0000238418579,fixed_bin_mass_above_range_fraction_bins_500,10,10,0.0,0.0,0.0,0.0,0.0,0.0,0.0,nan
golovin_fixed10_high_resolution_screen_v2,controlled,golovin,131072,0.1,300.0,3600.0,600.0000238418579,fixed_bin_mass_above_range_fraction_bins_1000,10,10,0.0,0.0,0.0,0.0,0.0,0.0,0.0,nan
golovin_fixed10_high_resolution_screen_v2,controlled,golovin,131072,0.1,300.0,3600.0,899.9999761581421,golovin_fixed_bin_l1_relative,10,10,0.04493076642230222,0.0027797614159677914,0.0008790377426312968,0.042942244896438865,0.04691928794816557,0.04327814991007077,0.04651156772458638,0.06186766078817666
golovin_fixed10_high_resolution_screen_v2,controlled,golovin,131072,0.1,300.0,3600.0,899.9999761581421,golovin_fixed_bin_l1_relative_bins_250,10,10,0.030470233026922876,0.003222711067899346,0.0010191107215195483,0.028164844408552984,0.03277562164529277,0.0286029728874088,0.03238922433461399,0.10576588190355565
golovin_fixed10_high_resolution_screen_v2,controlled,golovin,131072,0.1,300.0,3600.0,899.9999761581421,golovin_fixed_bin_l1_relative_bins_500,10,10,0.04493076642230222,0.0027797614159677914,0.0008790377426312968,0.042942244896438865,0.04691928794816557,0.04326552929473215,0.04650359401306581,0.06186766078817666
golovin_fixed10_high_resolution_screen_v2,controlled,golovin,131072,0.1,300.0,3600.0,899.9999761581421,golovin_fixed_bin_l1_relative_bins_1000,10,10,0.06423177103087772,0.0032068474057315014,0.001014094191071365,0.06193773059279358,0.06652581146896186,0.062346566464883416,0.06608092016896634,0.04992618690507373
golovin_fixed10_high_resolution_screen_v2,controlled,golovin,131072,0.1,300.0,3600.0,899.9999761581421,radius_moment_0_m3,10,10,2171295.0148224835,6548.730316599317,2070.890358264942,2166610.3353651646,2175979.6942798025,2167833.81598892,2175498.7721775523,0.0030160481518605223
golovin_fixed10_high_resolution_screen_v2,controlled,golovin,131072,0.1,300.0,3600.0,899.9999761581421,radius_moment_3_um3_m3,10,10,238740390112.15756,107.86775435053396,34.1107789835224,238740390034.99362,238740390189.3215,238740390050.8929,238740390177.28036,4.5182029860912474e-10
golovin_fixed10_high_resolution_screen_v2,controlled,golovin,131072,0.1,300.0,3600.0,899.9999761581421,radius_moment_6_um6_m3,10,10,2.0248265398355987e+17,1441296566526961.8,455777993400559.94,2.01451612531143e+17,2.0351369543597674e+17,2.0163095006736253e+17,2.0334000027253888e+17,0.007118123642551547
golovin_fixed10_high_resolution_screen_v2,controlled,golovin,131072,0.1,300.0,3600.0,899.9999761581421,golovin_relative_error_radius_moment_0_m3,10,10,-0.0015447006697047795,0.0030113892602604705,0.0009522848983792667,-0.0036989187735979984,0.0006095174341884395,-0.0031739056582089343,0.00034491024134594527,1.9494969603632022
golovin_fixed10_high_resolution_screen_v2,controlled,golovin,131072,0.1,300.0,3600.0,899.9999761581421,golovin_relative_error_radius_moment_3_um3_m3,10,10,2.9729587494031762e-05,4.5183371941106085e-10,1.4288236770043856e-10,2.972926427166023e-05,2.9729910716403294e-05,2.9729328191787087e-05,2.9729855858173228e-05,1.5198116001500756e-05
golovin_fixed10_high_resolution_screen_v2,controlled,golovin,131072,0.1,300.0,3600.0,899.9999761581421,golovin_relative_error_radius_moment_6_um6_m3,10,10,0.0014340882821258449,0.007128331660258075,0.002254176396350508,-0.003665212999089102,0.006533389563340791,-0.002797427641224741,0.005664388511190186,4.970636570359025
golovin_fixed10_high_resolution_screen_v2,controlled,golovin,131072,0.1,300.0,3600.0,899.9999761581421,liquid_water_gm3,10,10,0.9982363475552507,4.5102344709866423e-10,1.4262613709722406e-10,0.998236347232608,0.9982363478778934,0.9982363473022812,0.9982363478266905,4.518203010772465e-10
golovin_fixed10_high_resolution_screen_v2,controlled,golovin,131072,0.1,300.0,3600.0,899.9999761581421,relative_liquid_mass_drift,10,10,1.6419816617485595e-10,4.518202860404302e-10,1.4287811969565394e-10,-1.5901459570180686e-10,4.874109280515188e-10,-9.732159744757496e-11,4.374593226552647e-10,2.751676809589232
golovin_fixed10_high_resolution_screen_v2,controlled,golovin,131072,0.1,300.0,3600.0,899.9999761581421,mass_fraction_r_ge_cloud_threshold,10,10,0.8761058437550346,0.0008297501498468767,0.00026239003623821435,0.8755122762551115,0.8766994112549578,0.8756037281759758,0.8765658739142059,0.0009470889342439779
golovin_fixed10_high_resolution_screen_v2,controlled,golovin,131072,0.1,300.0,3600.0,899.9999761581421,mass_fraction_r_ge_large_threshold,10,10,0.0,0.0,0.0,0.0,0.0,0.0,0.0,nan
golovin_fixed10_high_resolution_screen_v2,controlled,golovin,131072,0.1,300.0,3600.0,899.9999761581421,mass_fraction_r_ge_onset_threshold,10,10,0.0,0.0,0.0,0.0,0.0,0.0,0.0,nan
golovin_fixed10_high_resolution_screen_v2,controlled,golovin,131072,0.1,300.0,3600.0,899.9999761581421,mass_weighted_radius_q99_um,10,10,171.83847198486328,1.4685062578526131,0.4643824533024784,170.78796589184728,172.88897807787927,170.96533794403075,172.69472618103026,0.008545852630614461
golovin_fixed10_high_resolution_screen_v2,controlled,golovin,131072,0.1,300.0,3600.0,899.9999761581421,fixed_bin_mass_below_range_fraction,10,10,0.0,0.0,0.0,0.0,0.0,0.0,0.0,nan
golovin_fixed10_high_resolution_screen_v2,controlled,golovin,131072,0.1,300.0,3600.0,899.9999761581421,fixed_bin_mass_above_range_fraction,10,10,0.0,0.0,0.0,0.0,0.0,0.0,0.0,nan
golovin_fixed10_high_resolution_screen_v2,controlled,golovin,131072,0.1,300.0,3600.0,899.9999761581421,fixed_bin_mass_below_range_fraction_bins_250,10,10,0.0,0.0,0.0,0.0,0.0,0.0,0.0,nan
golovin_fixed10_high_resolution_screen_v2,controlled,golovin,131072,0.1,300.0,3600.0,899.9999761581421,fixed_bin_mass_below_range_fraction_bins_500,10,10,0.0,0.0,0.0,0.0,0.0,0.0,0.0,nan
golovin_fixed10_high_resolution_screen_v2,controlled,golovin,131072,0.1,300.0,3600.0,899.9999761581421,fixed_bin_mass_below_range_fraction_bins_1000,10,10,0.0,0.0,0.0,0.0,0.0,0.0,0.0,nan
golovin_fixed10_high_resolution_screen_v2,controlled,golovin,131072,0.1,300.0,3600.0,899.9999761581421,fixed_bin_mass_above_range_fraction_bins_250,10,10,0.0,0.0,0.0,0.0,0.0,0.0,0.0,nan
golovin_fixed10_high_resolution_screen_v2,controlled,golovin,131072,0.1,300.0,3600.0,899.9999761581421,fixed_bin_mass_above_range_fraction_bins_500,10,10,0.0,0.0,0.0,0.0,0.0,0.0,0.0,nan
golovin_fixed10_high_resolution_screen_v2,controlled,golovin,131072,0.1,300.0,3600.0,899.9999761581421,fixed_bin_mass_above_range_fraction_bins_1000,10,10,0.0,0.0,0.0,0.0,0.0,0.0,0.0,nan
golovin_fixed10_high_resolution_screen_v2,controlled,golovin,16384,0.1,300.0,3600.0,0.0,golovin_fixed_bin_l1_relative,10,10,0.007120967653698127,9.14279549108516e-19,2.8912057932946783e-19,0.007120967653698126,0.0071209676536981275,0.007120967653698127,0.007120967653698127,1.2839259965374282e-16
golovin_fixed10_high_resolution_screen_v2,controlled,golovin,16384,0.1,300.0,3600.0,0.0,golovin_fixed_bin_l1_relative_bins_250,10,10,0.00332856509419501,4.57139774554258e-19,1.4456028966473392e-19,0.0033285650941950098,0.0033285650941950106,0.00332856509419501,0.00332856509419501,1.3733839105370236e-16
golovin_fixed10_high_resolution_screen_v2,controlled,golovin,16384,0.1,300.0,3600.0,0.0,golovin_fixed_bin_l1_relative_bins_500,10,10,0.007120967653698127,9.14279549108516e-19,2.8912057932946783e-19,0.007120967653698126,0.0071209676536981275,0.007120967653698127,0.007120967653698127,1.2839259965374282e-16
golovin_fixed10_high_resolution_screen_v2,controlled,golovin,16384,0.1,300.0,3600.0,0.0,golovin_fixed_bin_l1_relative_bins_1000,10,10,0.01348464728023573,0.0,0.0,0.01348464728023573,0.01348464728023573,0.01348464728023573,0.01348464728023573,0.0
golovin_fixed10_high_resolution_screen_v2,controlled,golovin,16384,0.1,300.0,3600.0,0.0,radius_moment_0_m3,10,10,8388608.0,0.0,0.0,8388608.0,8388608.0,8388608.0,8388608.0,0.0
golovin_fixed10_high_resolution_screen_v2,controlled,golovin,16384,0.1,300.0,3600.0,0.0,radius_moment_3_um3_m3,10,10,238740390078.92203,0.0,0.0,238740390078.92203,238740390078.92203,238740390078.92203,238740390078.92203,0.0
golovin_fixed10_high_resolution_screen_v2,controlled,golovin,16384,0.1,300.0,3600.0,0.0,radius_moment_6_um6_m3,10,10,1.3588188114267852e+16,0.0,0.0,1.3588188114267852e+16,1.3588188114267852e+16,1.3588188114267852e+16,1.3588188114267852e+16,0.0
golovin_fixed10_high_resolution_screen_v2,controlled,golovin,16384,0.1,300.0,3600.0,0.0,golovin_relative_error_radius_moment_0_m3,10,10,0.0,0.0,0.0,0.0,0.0,0.0,0.0,nan
golovin_fixed10_high_resolution_screen_v2,controlled,golovin,16384,0.1,300.0,3600.0,0.0,golovin_relative_error_radius_moment_3_um3_m3,10,10,2.972944827761559e-05,0.0,0.0,2.972944827761559e-05,2.972944827761559e-05,2.972944827761559e-05,2.972944827761559e-05,0.0
golovin_fixed10_high_resolution_screen_v2,controlled,golovin,16384,0.1,300.0,3600.0,0.0,golovin_relative_error_radius_moment_6_um6_m3,10,10,-1.0409391858035022e-05,0.0,0.0,-1.0409391858035022e-05,-1.0409391858035022e-05,-1.0409391858035022e-05,-1.0409391858035022e-05,0.0
golovin_fixed10_high_resolution_screen_v2,controlled,golovin,16384,0.1,300.0,3600.0,0.0,liquid_water_gm3,10,10,0.9982363474162839,2.340555645717801e-16,7.401486830834377e-17,0.9982363474162836,0.9982363474162841,0.9982363474162839,0.9982363474162839,2.3446908658213224e-16
golovin_fixed10_high_resolution_screen_v2,controlled,golovin,16384,0.1,300.0,3600.0,0.0,relative_liquid_mass_drift,10,10,0.0,0.0,0.0,0.0,0.0,0.0,0.0,nan
golovin_fixed10_high_resolution_screen_v2,controlled,golovin,16384,0.1,300.0,3600.0,0.0,mass_fraction_r_ge_cloud_threshold,10,10,0.3426337917221375,0.0,0.0,0.3426337917221375,0.3426337917221375,0.3426337917221375,0.3426337917221375,0.0
golovin_fixed10_high_resolution_screen_v2,controlled,golovin,16384,0.1,300.0,3600.0,0.0,mass_fraction_r_ge_large_threshold,10,10,0.0,0.0,0.0,0.0,0.0,0.0,0.0,nan
golovin_fixed10_high_resolution_screen_v2,controlled,golovin,16384,0.1,300.0,3600.0,0.0,mass_fraction_r_ge_onset_threshold,10,10,0.0,0.0,0.0,0.0,0.0,0.0,0.0,nan
golovin_fixed10_high_resolution_screen_v2,controlled,golovin,16384,0.1,300.0,3600.0,0.0,mass_weighted_radius_q99_um,10,10,57.375732421875,0.0,0.0,57.375732421875,57.375732421875,57.375732421875,57.375732421875,0.0
golovin_fixed10_high_resolution_screen_v2,controlled,golovin,16384,0.1,300.0,3600.0,0.0,fixed_bin_mass_below_range_fraction,10,10,0.0,0.0,0.0,0.0,0.0,0.0,0.0,nan
golovin_fixed10_high_resolution_screen_v2,controlled,golovin,16384,0.1,300.0,3600.0,0.0,fixed_bin_mass_above_range_fraction,10,10,0.0,0.0,0.0,0.0,0.0,0.0,0.0,nan
golovin_fixed10_high_resolution_screen_v2,controlled,golovin,16384,0.1,300.0,3600.0,0.0,fixed_bin_mass_below_range_fraction_bins_250,10,10,0.0,0.0,0.0,0.0,0.0,0.0,0.0,nan
golovin_fixed10_high_resolution_screen_v2,controlled,golovin,16384,0.1,300.0,3600.0,0.0,fixed_bin_mass_below_range_fraction_bins_500,10,10,0.0,0.0,0.0,0.0,0.0,0.0,0.0,nan
golovin_fixed10_high_resolution_screen_v2,controlled,golovin,16384,0.1,300.0,3600.0,0.0,fixed_bin_mass_below_range_fraction_bins_1000,10,10,0.0,0.0,0.0,0.0,0.0,0.0,0.0,nan
golovin_fixed10_high_resolution_screen_v2,controlled,golovin,16384,0.1,300.0,3600.0,0.0,fixed_bin_mass_above_range_fraction_bins_250,10,10,0.0,0.0,0.0,0.0,0.0,0.0,0.0,nan
golovin_fixed10_high_resolution_screen_v2,controlled,golovin,16384,0.1,300.0,3600.0,0.0,fixed_bin_mass_above_range_fraction_bins_500,10,10,0.0,0.0,0.0,0.0,0.0,0.0,0.0,nan
golovin_fixed10_high_resolution_screen_v2,controlled,golovin,16384,0.1,300.0,3600.0,0.0,fixed_bin_mass_above_range_fraction_bins_1000,10,10,0.0,0.0,0.0,0.0,0.0,0.0,0.0,nan
golovin_fixed10_high_resolution_screen_v2,controlled,golovin,16384,0.1,300.0,3600.0,1200.0000476837158,golovin_fixed_bin_l1_relative,10,10,0.13267347357546874,0.007397061431524076,0.0023391562115801716,0.12738193459653874,0.13796501255439875,0.12825770240638573,0.1368470819151815,0.055753883818504234
golovin_fixed10_high_resolution_screen_v2,controlled,golovin,16384,0.1,300.0,3600.0,1200.0000476837158,golovin_fixed_bin_l1_relative_bins_250,10,10,0.09690837398716154,0.009458264696761042,0.0029909659154526693,0.090142339017835,0.10367440895648808,0.09107363535734352,0.10205912059692458,0.09760007631553158
golovin_fixed10_high_resolution_screen_v2,controlled,golovin,16384,0.1,300.0,3600.0,1200.0000476837158,golovin_fixed_bin_l1_relative_bins_500,10,10,0.13267347357546874,0.007397061431524076,0.0023391562115801716,0.12738193459653874,0.13796501255439875,0.12821851940682816,0.13693815618800356,0.055753883818504234
golovin_fixed10_high_resolution_screen_v2,controlled,golovin,16384,0.1,300.0,3600.0,1200.0000476837158,golovin_fixed_bin_l1_relative_bins_1000,10,10,0.18035171984862616,0.008536114530741478,0.002699356428520246,0.1742453513689037,0.18645808832834862,0.17548081550009284,0.18543906928085832,0.047330374991189764
golovin_fixed10_high_resolution_screen_v2,controlled,golovin,16384,0.1,300.0,3600.0,1200.0000476837158,radius_moment_0_m3,10,10,1388600.8299815864,13922.111160550516,4402.5581105389765,1378641.5516171954,1398560.1083459775,1380556.125211177,1396934.539131783,0.010025999452078053
golovin_fixed10_high_resolution_screen_v2,controlled,golovin,16384,0.1,300.0,3600.0,1200.0000476837158,radius_moment_3_um3_m3,10,10,238740390145.3811,321.75076127243307,101.74652445139844,238740389915.21448,238740390375.54773,238740389965.8521,238740390338.78345,1.3477014135584798e-09
golovin_fixed10_high_resolution_screen_v2,controlled,golovin,16384,0.1,300.0,3600.0,1200.0000476837158,radius_moment_6_um6_m3,10,10,5.051689571502498e+17,2.617640679979174e+16,8277706644646107.0,4.864434837725213e+17,5.238944305279783e+17,4.897392483844989e+17,5.2011386939883245e+17,0.05181713252425015
golovin_fixed10_high_resolution_screen_v2,controlled,golovin,16384,0.1,300.0,3600.0,1200.0000476837158,golovin_relative_error_radius_moment_0_m3,10,10,0.001429760999678975,0.010040334235077426,0.0031750324652209116,-0.005752661433637353,0.008612183432995303,-0.0044442277155448354,0.007396706935192307,7.02238642495619
golovin_fixed10_high_resolution_screen_v2,controlled,golovin,16384,0.1,300.0,3600.0,1200.0000476837158,golovin_relative_error_radius_moment_3_um3_m3,10,10,2.972972665979956e-05,1.3477415071669544e-09,4.2619328597957216e-10,2.9728762543604944e-05,2.9730690775994173e-05,2.9728973972906193e-05,2.973053359836442e-05,4.533312810404564e-05
golovin_fixed10_high_resolution_screen_v2,controlled,golovin,16384,0.1,300.0,3600.0,1200.0000476837158,golovin_relative_error_radius_moment_6_um6_m3,10,10,0.01579164537530431,0.05263541030543827,0.016644778214268394,-0.021861458885290452,0.05344474963589907,-0.016131486216835845,0.04561212090010704,3.33311754757056
golovin_fixed10_high_resolution_screen_v2,controlled,golovin,16384,0.1,300.0,3600.0,1200.0000476837158,liquid_water_gm3,10,10,0.9982363476941668,1.3453245664742344e-09,4.254289822237181e-10,0.9982363467317796,0.998236348656554,0.9982363469270338,0.9982363485016725,1.3477014432321655e-09
golovin_fixed10_high_resolution_screen_v2,controlled,golovin,16384,0.1,300.0,3600.0,1200.0000476837158,relative_liquid_mass_drift,10,10,2.783740238321286e-10,1.347701439755893e-09,4.2618061555168213e-10,-6.857135082838572e-10,1.2424615559481143e-09,-4.881264742406799e-10,1.0953997642282329e-09,4.841333329896522
golovin_fixed10_high_resolution_screen_v2,controlled,golovin,16384,0.1,300.0,3600.0,1200.0000476837158,mass_fraction_r_ge_cloud_threshold,10,10,0.9238633892917646,0.002322230369279069,0.0007343537218535765,0.922202165759846,0.9255246128236831,0.9224470756446898,0.9251665527395224,0.002513607960002934
golovin_fixed10_high_resolution_screen_v2,controlled,golovin,16384,0.1,300.0,3600.0,1200.0000476837158,mass_fraction_r_ge_large_threshold,10,10,0.0,0.0,0.0,0.0,0.0,0.0,0.0,nan
golovin_fixed10_high_resolution_screen_v2,controlled,golovin,16384,0.1,300.0,3600.0,1200.0000476837158,mass_fraction_r_ge_onset_threshold,10,10,0.0,0.0,0.0,0.0,0.0,0.0,0.0,nan
golovin_fixed10_high_resolution_screen_v2,controlled,golovin,16384,0.1,300.0,3600.0,1200.0000476837158,mass_weighted_radius_q99_um,10,10,234.90253448486328,6.876480687410697,2.174534125837815,229.98339653635014,239.82167243337642,231.15784130096435,239.13467761993408,0.029273761147323024
golovin_fixed10_high_resolution_screen_v2,controlled,golovin,16384,0.1,300.0,3600.0,1200.0000476837158,fixed_bin_mass_below_range_fraction,10,10,0.0,0.0,0.0,0.0,0.0,0.0,0.0,nan
golovin_fixed10_high_resolution_screen_v2,controlled,golovin,16384,0.1,300.0,3600.0,1200.0000476837158,fixed_bin_mass_above_range_fraction,10,10,0.0,0.0,0.0,0.0,0.0,0.0,0.0,nan
golovin_fixed10_high_resolution_screen_v2,controlled,golovin,16384,0.1,300.0,3600.0,1200.0000476837158,fixed_bin_mass_below_range_fraction_bins_250,10,10,0.0,0.0,0.0,0.0,0.0,0.0,0.0,nan
golovin_fixed10_high_resolution_screen_v2,controlled,golovin,16384,0.1,300.0,3600.0,1200.0000476837158,fixed_bin_mass_below_range_fraction_bins_500,10,10,0.0,0.0,0.0,0.0,0.0,0.0,0.0,nan
golovin_fixed10_high_resolution_screen_v2,controlled,golovin,16384,0.1,300.0,3600.0,1200.0000476837158,fixed_bin_mass_below_range_fraction_bins_1000,10,10,0.0,0.0,0.0,0.0,0.0,0.0,0.0,nan
golovin_fixed10_high_resolution_screen_v2,controlled,golovin,16384,0.1,300.0,3600.0,1200.0000476837158,fixed_bin_mass_above_range_fraction_bins_250,10,10,0.0,0.0,0.0,0.0,0.0,0.0,0.0,nan
golovin_fixed10_high_resolution_screen_v2,controlled,golovin,16384,0.1,300.0,3600.0,1200.0000476837158,fixed_bin_mass_above_range_fraction_bins_500,10,10,0.0,0.0,0.0,0.0,0.0,0.0,0.0,nan
golovin_fixed10_high_resolution_screen_v2,controlled,golovin,16384,0.1,300.0,3600.0,1200.0000476837158,fixed_bin_mass_above_range_fraction_bins_1000,10,10,0.0,0.0,0.0,0.0,0.0,0.0,0.0,nan
golovin_fixed10_high_resolution_screen_v2,controlled,golovin,16384,0.1,300.0,3600.0,1500.0,golovin_fixed_bin_l1_relative,10,10,0.1318712113927569,0.012935724922940794,0.0040906353941899,0.12261755123539436,0.14112487155011944,0.12440049101221752,0.13964048040516244,0.09809362321252853
golovin_fixed10_high_resolution_screen_v2,controlled,golovin,16384,0.1,300.0,3600.0,1500.0,golovin_fixed_bin_l1_relative_bins_250,10,10,0.09591464072084424,0.010134541745445017,0.003204823495766463,0.08866482629439215,0.10316445514729633,0.08981999545087445,0.10172576102560493,0.10566209359988324
golovin_fixed10_high_resolution_screen_v2,controlled,golovin,16384,0.1,300.0,3600.0,1500.0,golovin_fixed_bin_l1_relative_bins_500,10,10,0.1318712113927569,0.012935724922940794,0.0040906353941899,0.12261755123539436,0.14112487155011944,0.12420956484062337,0.1394625094037929,0.09809362321252853
golovin_fixed10_high_resolution_screen_v2,controlled,golovin,16384,0.1,300.0,3600.0,1500.0,golovin_fixed_bin_l1_relative_bins_1000,10,10,0.1837317120279641,0.00803621757682987,0.0025412751315461563,0.177982948286496,0.1894804757694322,0.17879210938223025,0.18806388309837271,0.04373887059631139
golovin_fixed10_high_resolution_screen_v2,controlled,golovin,16384,0.1,300.0,3600.0,1500.0,radius_moment_0_m3,10,10,886391.4965166854,10447.563352436146,3303.809619260268,878917.7599219541,893865.2331114166,880541.0747470581,892667.1972053519,0.011786624074681071
golovin_fixed10_high_resolution_screen_v2,controlled,golovin,16384,0.1,300.0,3600.0,1500.0,radius_moment_3_um3_m3,10,10,238740389866.66534,162.53622443291005,51.398467149230534,238740389750.39392,238740389982.93677,238740389768.54373,238740389959.31754,6.808074013939797e-10
golovin_fixed10_high_resolution_screen_v2,controlled,golovin,16384,0.1,300.0,3600.0,1500.0,radius_moment_6_um6_m3,10,10,1.226703976303739e+18,6.21405183941392e+16,1.9650557310906864e+16,1.1822513273298944e+18,1.2711566252775834e+18,1.187509170432185e+18,1.2613552980093432e+18,0.050656490558854156
golovin_fixed10_high_resolution_screen_v2,controlled,golovin,16384,0.1,300.0,3600.0,1500.0,golovin_relative_error_radius_moment_0_m3,10,10,0.0025403452499534796,0.011816566169162176,0.0037367263216642995,-0.005912716964016004,0.010993407463922963,-0.004201943212456044,0.009563099851659825,4.651559141175228
golovin_fixed10_high_resolution_screen_v2,controlled,golovin,16384,0.1,300.0,3600.0,1500.0,golovin_relative_error_radius_moment_3_um3_m3,10,10,2.9728559182262693e-05,6.808276358134499e-10,2.1529660231581255e-10,2.972807214751164e-05,2.9729046217013746e-05,2.9728142317009266e-05,2.972895577953605e-05,2.2901467630481745e-05
golovin_fixed10_high_resolution_screen_v2,controlled,golovin,16384,0.1,300.0,3600.0,1500.0,golovin_relative_error_radius_moment_6_um6_m3,10,10,0.002862392031921235,0.050801489293794924,0.016064841469705077,-0.03347880416798975,0.03920358823183222,-0.028622991476125674,0.030345734871651996,17.747914585863704
golovin_fixed10_high_resolution_screen_v2,controlled,golovin,16384,0.1,300.0,3600.0,1500.0,liquid_water_gm3,10,10,0.9982363465287829,6.796067069897596e-10,2.1491051072143142e-10,0.9982363460426216,0.9982363470149442,0.9982363461225332,0.998236346915418,6.808074153510739e-10
golovin_fixed10_high_resolution_screen_v2,controlled,golovin,16384,0.1,300.0,3600.0,1500.0,relative_liquid_mass_drift,10,10,-8.890688740770258e-10,6.808074054111038e-10,2.1529020490087302e-10,-1.3760891531738288e-09,-4.0204859498022275e-10,-1.295905971421263e-09,-5.004563363719684e-10,0.7657532788085448
golovin_fixed10_high_resolution_screen_v2,controlled,golovin,16384,0.1,300.0,3600.0,1500.0,mass_fraction_r_ge_cloud_threshold,10,10,0.9528666953657909,0.0014354841647268599,0.00045393995056412144,0.9518398118551421,0.9538935788764398,0.951994681242022,0.9536776267451803,0.0015064900176575062
golovin_fixed10_high_resolution_screen_v2,controlled,golovin,16384,0.1,300.0,3600.0,1500.0,mass_fraction_r_ge_large_threshold,10,10,0.0,0.0,0.0,0.0,0.0,0.0,0.0,nan
golovin_fixed10_high_resolution_screen_v2,controlled,golovin,16384,0.1,300.0,3600.0,1500.0,mass_fraction_r_ge_onset_threshold,10,10,0.0,0.0,0.0,0.0,0.0,0.0,0.0,nan
golovin_fixed10_high_resolution_screen_v2,controlled,golovin,16384,0.1,300.0,3600.0,1500.0,mass_weighted_radius_q99_um,10,10,317.40635986328124,8.92060554680132,2.8209431635823945,311.0249430799367,323.7877766466258,311.87070159912105,322.48429023742676,0.028104684325303872
golovin_fixed10_high_resolution_screen_v2,controlled,golovin,16384,0.1,300.0,3600.0,1500.0,fixed_bin_mass_below_range_fraction,10,10,0.0,0.0,0.0,0.0,0.0,0.0,0.0,nan
golovin_fixed10_high_resolution_screen_v2,controlled,golovin,16384,0.1,300.0,3600.0,1500.0,fixed_bin_mass_above_range_fraction,10,10,0.0,0.0,0.0,0.0,0.0,0.0,0.0,nan
golovin_fixed10_high_resolution_screen_v2,controlled,golovin,16384,0.1,300.0,3600.0,1500.0,fixed_bin_mass_below_range_fraction_bins_250,10,10,0.0,0.0,0.0,0.0,0.0,0.0,0.0,nan
golovin_fixed10_high_resolution_screen_v2,controlled,golovin,16384,0.1,300.0,3600.0,1500.0,fixed_bin_mass_below_range_fraction_bins_500,10,10,0.0,0.0,0.0,0.0,0.0,0.0,0.0,nan
golovin_fixed10_high_resolution_screen_v2,controlled,golovin,16384,0.1,300.0,3600.0,1500.0,fixed_bin_mass_below_range_fraction_bins_1000,10,10,0.0,0.0,0.0,0.0,0.0,0.0,0.0,nan
golovin_fixed10_high_resolution_screen_v2,controlled,golovin,16384,0.1,300.0,3600.0,1500.0,fixed_bin_mass_above_range_fraction_bins_250,10,10,0.0,0.0,0.0,0.0,0.0,0.0,0.0,nan
golovin_fixed10_high_resolution_screen_v2,controlled,golovin,16384,0.1,300.0,3600.0,1500.0,fixed_bin_mass_above_range_fraction_bins_500,10,10,0.0,0.0,0.0,0.0,0.0,0.0,0.0,nan
golovin_fixed10_high_resolution_screen_v2,controlled,golovin,16384,0.1,300.0,3600.0,1500.0,fixed_bin_mass_above_range_fraction_bins_1000,10,10,0.0,0.0,0.0,0.0,0.0,0.0,0.0,nan
golovin_fixed10_high_resolution_screen_v2,controlled,golovin,16384,0.1,300.0,3600.0,1799.9999523162842,golovin_fixed_bin_l1_relative,10,10,0.13240315836922031,0.004326853499972229,0.0013682712161783542,0.12930791383689183,0.1354984029015488,0.1300561293913055,0.1351468306388888,0.03267938282791062
golovin_fixed10_high_resolution_screen_v2,controlled,golovin,16384,0.1,300.0,3600.0,1799.9999523162842,golovin_fixed_bin_l1_relative_bins_250,10,10,0.094952456313801,0.00437954338789513,0.0013849332217278907,0.09181951970627206,0.09808539292132995,0.09236032815080895,0.0975210187677528,0.046123539694660626
golovin_fixed10_high_resolution_screen_v2,controlled,golovin,16384,0.1,300.0,3600.0,1799.9999523162842,golovin_fixed_bin_l1_relative_bins_500,10,10,0.13240315836922031,0.004326853499972229,0.0013682712161783542,0.12930791383689183,0.1354984029015488,0.13007625254853328,0.13518568466037373,0.03267938282791062
golovin_fixed10_high_resolution_screen_v2,controlled,golovin,16384,0.1,300.0,3600.0,1799.9999523162842,golovin_fixed_bin_l1_relative_bins_1000,10,10,0.18602724922422545,0.007359368886844999,0.002327236782380817,0.18076267386743525,0.19129182458101565,0.1814766373374148,0.19011061017917502,0.03956070370085665
golovin_fixed10_high_resolution_screen_v2,controlled,golovin,16384,0.1,300.0,3600.0,1799.9999523162842,radius_moment_0_m3,10,10,565022.8114533171,6107.466448198935,1931.350470936741,560653.7931516138,569391.8297550203,561583.2360916822,568653.6968928549,0.010809238714609917
golovin_fixed10_high_resolution_screen_v2,controlled,golovin,16384,0.1,300.0,3600.0,1799.9999523162842,radius_moment_3_um3_m3,10,10,238740390121.42392,213.82813866493458,67.6183946015509,238740389968.46048,238740390274.38736,238740389995.78635,238740390247.14267,8.956512911626772e-10
golovin_fixed10_high_resolution_screen_v2,controlled,golovin,16384,0.1,300.0,3600.0,1799.9999523162842,radius_moment_6_um6_m3,10,10,2.9800158458419743e+18,1.620416025897209e+17,5.12420539887357e+16,2.8640982663748634e+18,3.095933425309085e+18,2.879772140565668e+18,3.0713984184159227e+18,0.05437608756873493
golovin_fixed10_high_resolution_screen_v2,controlled,golovin,16384,0.1,300.0,3600.0,1799.9999523162842,golovin_relative_error_radius_moment_0_m3,10,10,0.0022486138192096437,0.010833544518158733,0.003425867581021297,-0.005501237067995843,0.00999846470641513,-0.003911150049731163,0.008818978172772997,4.8178768740141305
golovin_fixed10_high_resolution_screen_v2,controlled,golovin,16384,0.1,300.0,3600.0,1799.9999523162842,golovin_relative_error_radius_moment_3_um3_m3,10,10,2.9729626308538926e-05,8.956778935712634e-10,2.8323821935470775e-10,2.9728985579172234e-05,2.9730267037905618e-05,2.9729096044728285e-05,2.9730150911751464e-05,3.012745213396804e-05
golovin_fixed10_high_resolution_screen_v2,controlled,golovin,16384,0.1,300.0,3600.0,1799.9999523162842,golovin_relative_error_radius_moment_6_um6_m3,10,10,-0.00950169537229446,0.05385942254911961,0.017031844871664998,-0.048030405244399305,0.029027014499810388,-0.04317226114775266,0.02041749235838419,5.6684013156394935
golovin_fixed10_high_resolution_screen_v2,controlled,golovin,16384,0.1,300.0,3600.0,1799.9999523162842,liquid_water_gm3,10,10,0.9982363475939955,8.940716435875433e-10,2.827302785106913e-10,0.9982363469544152,0.9982363482335758,0.9982363470771443,0.9982363481133886,8.956512610891041e-10
golovin_fixed10_high_resolution_screen_v2,controlled,golovin,16384,0.1,300.0,3600.0,1799.9999523162842,relative_liquid_mass_drift,10,10,1.780257385952666e-10,8.956512709840353e-10,2.83229800553423e-10,-4.626845834445663e-10,8.187360606350995e-10,-3.354986463643959e-10,7.015869385451622e-10,5.031021233509709
golovin_fixed10_high_resolution_screen_v2,controlled,golovin,16384,0.1,300.0,3600.0,1799.9999523162842,mass_fraction_r_ge_cloud_threshold,10,10,0.9705612563849094,0.000891521966233857,0.0002819239997370714,0.9699234999895395,0.9711990127802793,0.9700293775212413,0.9710804929049827,0.0009185633161935049
golovin_fixed10_high_resolution_screen_v2,controlled,golovin,16384,0.1,300.0,3600.0,1799.9999523162842,mass_fraction_r_ge_large_threshold,10,10,0.0,0.0,0.0,0.0,0.0,0.0,0.0,nan
golovin_fixed10_high_resolution_screen_v2,controlled,golovin,16384,0.1,300.0,3600.0,1799.9999523162842,mass_fraction_r_ge_onset_threshold,10,10,0.0,0.0,0.0,0.0,0.0,0.0,0.0,nan
golovin_fixed10_high_resolution_screen_v2,controlled,golovin,16384,0.1,300.0,3600.0,1799.9999523162842,mass_weighted_radius_q99_um,10,10,429.064794921875,12.830273166036424,4.05728862068148,419.88657040706073,438.2430194366892,421.86920562744143,436.8567459869385,0.02990288021270211
golovin_fixed10_high_resolution_screen_v2,controlled,golovin,16384,0.1,300.0,3600.0,1799.9999523162842,fixed_bin_mass_below_range_fraction,10,10,0.0,0.0,0.0,0.0,0.0,0.0,0.0,nan
golovin_fixed10_high_resolution_screen_v2,controlled,golovin,16384,0.1,300.0,3600.0,1799.9999523162842,fixed_bin_mass_above_range_fraction,10,10,0.0,0.0,0.0,0.0,0.0,0.0,0.0,nan
golovin_fixed10_high_resolution_screen_v2,controlled,golovin,16384,0.1,300.0,3600.0,1799.9999523162842,fixed_bin_mass_below_range_fraction_bins_250,10,10,0.0,0.0,0.0,0.0,0.0,0.0,0.0,nan
golovin_fixed10_high_resolution_screen_v2,controlled,golovin,16384,0.1,300.0,3600.0,1799.9999523162842,fixed_bin_mass_below_range_fraction_bins_500,10,10,0.0,0.0,0.0,0.0,0.0,0.0,0.0,nan
golovin_fixed10_high_resolution_screen_v2,controlled,golovin,16384,0.1,300.0,3600.0,1799.9999523162842,fixed_bin_mass_below_range_fraction_bins_1000,10,10,0.0,0.0,0.0,0.0,0.0,0.0,0.0,nan
golovin_fixed10_high_resolution_screen_v2,controlled,golovin,16384,0.1,300.0,3600.0,1799.9999523162842,fixed_bin_mass_above_range_fraction_bins_250,10,10,0.0,0.0,0.0,0.0,0.0,0.0,0.0,nan
golovin_fixed10_high_resolution_screen_v2,controlled,golovin,16384,0.1,300.0,3600.0,1799.9999523162842,fixed_bin_mass_above_range_fraction_bins_500,10,10,0.0,0.0,0.0,0.0,0.0,0.0,0.0,nan
golovin_fixed10_high_resolution_screen_v2,controlled,golovin,16384,0.1,300.0,3600.0,1799.9999523162842,fixed_bin_mass_above_range_fraction_bins_1000,10,10,0.0,0.0,0.0,0.0,0.0,0.0,0.0,nan
golovin_fixed10_high_resolution_screen_v2,controlled,golovin,16384,0.1,300.0,3600.0,2099.9999046325684,golovin_fixed_bin_l1_relative,10,10,0.13693152528330296,0.01130757419658385,0.003575768927255352,0.12884257399200102,0.1450204765746049,0.13057976402539412,0.14395761153349826,0.08257831184739359
golovin_fixed10_high_resolution_screen_v2,controlled,golovin,16384,0.1,300.0,3600.0,2099.9999046325684,golovin_fixed_bin_l1_relative_bins_250,10,10,0.09851114234850554,0.009033217582020756,0.002856554215906446,0.09204916776807136,0.10497311692893972,0.09351939092858515,0.1040475563673683,0.09169741987219777
golovin_fixed10_high_resolution_screen_v2,controlled,golovin,16384,0.1,300.0,3600.0,2099.9999046325684,golovin_fixed_bin_l1_relative_bins_500,10,10,0.13693152528330296,0.01130757419658385,0.003575768927255352,0.12884257399200102,0.1450204765746049,0.13061608235143515,0.1440001654685847,0.08257831184739359
golovin_fixed10_high_resolution_screen_v2,controlled,golovin,16384,0.1,300.0,3600.0,2099.9999046325684,golovin_fixed_bin_l1_relative_bins_1000,10,10,0.19110818505527433,0.009344987384875093,0.0029551444841745826,0.1844231837932952,0.19779318631725346,0.18565289127239717,0.19651674042158726,0.048898938484357626
golovin_fixed10_high_resolution_screen_v2,controlled,golovin,16384,0.1,300.0,3600.0,2099.9999046325684,radius_moment_0_m3,10,10,359954.50933532626,4247.556059896917,1343.1951638524843,356915.99077438144,362993.0278962711,357533.3012201866,362447.4373042034,0.01180025794853977
golovin_fixed10_high_resolution_screen_v2,controlled,golovin,16384,0.1,300.0,3600.0,2099.9999046325684,radius_moment_3_um3_m3,10,10,238740390097.565,221.56288435468207,70.06433595172813,238740389939.06845,238740390256.06155,238740389964.15485,238740390218.19067,9.280494358920035e-10
golovin_fixed10_high_resolution_screen_v2,controlled,golovin,16384,0.1,300.0,3600.0,2099.9999046325684,radius_moment_6_um6_m3,10,10,7.415623596094092e+18,4.003427552511563e+17,1.2659949513409886e+17,7.129235641369854e+18,7.702011550818331e+18,7.176155059806199e+18,7.63517664502447e+18,0.05398639103824285
golovin_fixed10_high_resolution_screen_v2,controlled,golovin,16384,0.1,300.0,3600.0,2099.9999046325684,golovin_relative_error_radius_moment_0_m3,10,10,0.0013601530896099278,0.011816308105846652,0.0037366447148785404,-0.007092724516984618,0.009813030696204475,-0.0054875379873689616,0.00840131571997192,8.687483928177084
golovin_fixed10_high_resolution_screen_v2,controlled,golovin,16384,0.1,300.0,3600.0,2099.9999046325684,golovin_relative_error_radius_moment_3_um3_m3,10,10,2.9729526368971192e-05,9.280770203084959e-10,2.934837228237192e-10,2.972886246266544e-05,2.9730190275276944e-05,2.972894525108627e-05,2.9730038150671544e-05,3.1217349674199084e-05
golovin_fixed10_high_resolution_screen_v2,controlled,golovin,16384,0.1,300.0,3600.0,2099.9999046325684,golovin_relative_error_radius_moment_6_um6_m3,10,10,0.00211238985454969,0.054100431342955786,0.017108058544130226,-0.03658872732262553,0.040813507031724906,-0.031219840886019003,0.03241567925019743,25.611006995907335
golovin_fixed10_high_resolution_screen_v2,controlled,golovin,16384,0.1,300.0,3600.0,2099.9999046325684,liquid_water_gm3,10,10,0.9982363474942352,9.264126882255699e-10,2.929574148072253e-10,0.9982363468315195,0.9982363481569508,0.9982363469316347,0.9982363480048042,9.280494449546378e-10
golovin_fixed10_high_resolution_screen_v2,controlled,golovin,16384,0.1,300.0,3600.0,2099.9999046325684,relative_liquid_mass_drift,10,10,7.808913515816585e-11,9.280494421021026e-10,2.9347500182912067e-10,-5.857974423317957e-10,7.419757126481275e-10,-4.782279891535346e-10,5.842847722314912e-10,11.88448867082959
golovin_fixed10_high_resolution_screen_v2,controlled,golovin,16384,0.1,300.0,3600.0,2099.9999046325684,mass_fraction_r_ge_cloud_threshold,10,10,0.9815469420894403,0.0005589218143881563,0.0001767465967420444,0.98114711350962,0.9819467706692605,0.981221055831394,0.9818714394903799,0.0005694295304902762
golovin_fixed10_high_resolution_screen_v2,controlled,golovin,16384,0.1,300.0,3600.0,2099.9999046325684,mass_fraction_r_ge_large_threshold,10,10,0.0,0.0,0.0,0.0,0.0,0.0,0.0,nan
golovin_fixed10_high_resolution_screen_v2,controlled,golovin,16384,0.1,300.0,3600.0,2099.9999046325684,mass_fraction_r_ge_onset_threshold,10,10,0.0,0.0,0.0,0.0,0.0,0.0,0.0,nan
golovin_fixed10_high_resolution_screen_v2,controlled,golovin,16384,0.1,300.0,3600.0,2099.9999046325684,mass_weighted_radius_q99_um,10,10,587.1413940429687,14.836268997757534,4.691640201185736,576.5281665565844,597.754621529353,578.3597975158692,595.6417085266113,0.025268647634596467
golovin_fixed10_high_resolution_screen_v2,controlled,golovin,16384,0.1,300.0,3600.0,2099.9999046325684,fixed_bin_mass_below_range_fraction,10,10,0.0,0.0,0.0,0.0,0.0,0.0,0.0,nan
golovin_fixed10_high_resolution_screen_v2,controlled,golovin,16384,0.1,300.0,3600.0,2099.9999046325684,fixed_bin_mass_above_range_fraction,10,10,0.0,0.0,0.0,0.0,0.0,0.0,0.0,nan
golovin_fixed10_high_resolution_screen_v2,controlled,golovin,16384,0.1,300.0,3600.0,2099.9999046325684,fixed_bin_mass_below_range_fraction_bins_250,10,10,0.0,0.0,0.0,0.0,0.0,0.0,0.0,nan
golovin_fixed10_high_resolution_screen_v2,controlled,golovin,16384,0.1,300.0,3600.0,2099.9999046325684,fixed_bin_mass_below_range_fraction_bins_500,10,10,0.0,0.0,0.0,0.0,0.0,0.0,0.0,nan
golovin_fixed10_high_resolution_screen_v2,controlled,golovin,16384,0.1,300.0,3600.0,2099.9999046325684,fixed_bin_mass_below_range_fraction_bins_1000,10,10,0.0,0.0,0.0,0.0,0.0,0.0,0.0,nan
golovin_fixed10_high_resolution_screen_v2,controlled,golovin,16384,0.1,300.0,3600.0,2099.9999046325684,fixed_bin_mass_above_range_fraction_bins_250,10,10,0.0,0.0,0.0,0.0,0.0,0.0,0.0,nan
golovin_fixed10_high_resolution_screen_v2,controlled,golovin,16384,0.1,300.0,3600.0,2099.9999046325684,fixed_bin_mass_above_range_fraction_bins_500,10,10,0.0,0.0,0.0,0.0,0.0,0.0,0.0,nan
golovin_fixed10_high_resolution_screen_v2,controlled,golovin,16384,0.1,300.0,3600.0,2099.9999046325684,fixed_bin_mass_above_range_fraction_bins_1000,10,10,0.0,0.0,0.0,0.0,0.0,0.0,0.0,nan
golovin_fixed10_high_resolution_screen_v2,controlled,golovin,16384,0.1,300.0,3600.0,2400.0000953674316,golovin_fixed_bin_l1_relative,10,10,0.14310350170947747,0.007682195062109906,0.002429323382596599,0.1376079904187834,0.14859901300017153,0.13911402868408812,0.14799903472446077,0.053682788823057354
golovin_fixed10_high_resolution_screen_v2,controlled,golovin,16384,0.1,300.0,3600.0,2400.0000953674316,golovin_fixed_bin_l1_relative_bins_250,10,10,0.09578347357172841,0.011040850897729144,0.0034914236143138867,0.08788532463424545,0.10368162250921137,0.09004670384904313,0.10278157712518148,0.1152688505231656
golovin_fixed10_high_resolution_screen_v2,controlled,golovin,16384,0.1,300.0,3600.0,2400.0000953674316,golovin_fixed_bin_l1_relative_bins_500,10,10,0.14310350170947747,0.007682195062109906,0.002429323382596599,0.1376079904187834,0.14859901300017153,0.1391792958548659,0.14803007689405662,0.053682788823057354
golovin_fixed10_high_resolution_screen_v2,controlled,golovin,16384,0.1,300.0,3600.0,2400.0000953674316,golovin_fixed_bin_l1_relative_bins_1000,10,10,0.19701928973113575,0.008373634228825283,0.0026479756456235467,0.19102915265747325,0.20300942680479825,0.19230136427800734,0.20207811658213887,0.04250159586024517
golovin_fixed10_high_resolution_screen_v2,controlled,golovin,16384,0.1,300.0,3600.0,2400.0000953674316,radius_moment_0_m3,10,10,229625.05337314898,2768.403100160217,875.4459277977538,227644.65709693878,231605.4496493592,228064.80329157927,231309.70277836025,0.01205618925066274
golovin_fixed10_high_resolution_screen_v2,controlled,golovin,16384,0.1,300.0,3600.0,2400.0000953674316,radius_moment_3_um3_m3,10,10,238740390058.58228,297.47826472810715,94.07088709353484,238740389845.77914,238740390271.3854,238740389886.08258,238740390230.57956,1.2460324147711735e-09
golovin_fixed10_high_resolution_screen_v2,controlled,golovin,16384,0.1,300.0,3600.0,2400.0000953674316,radius_moment_6_um6_m3,10,10,1.8138953620762368e+19,9.764507435990711e+17,3.0878083727381446e+17,1.7440442837988581e+19,1.8837464403536155e+19,1.7555289269924088e+19,1.8690375192667455e+19,0.0538317018728907
golovin_fixed10_high_resolution_screen_v2,controlled,golovin,16384,0.1,300.0,3600.0,2400.0000953674316,golovin_relative_error_radius_moment_0_m3,10,10,0.0018329633645337462,0.012078287803875086,0.003819489969527838,-0.0068073232282695505,0.010473249957337043,-0.005008971140662598,0.009235452390785841,6.589486750024302
golovin_fixed10_high_resolution_screen_v2,controlled,golovin,16384,0.1,300.0,3600.0,2400.0000953674316,golovin_relative_error_radius_moment_3_um3_m3,10,10,2.972936307905627e-05,1.2460694544569187e-09,3.9404175988473135e-10,2.9728471694666705e-05,2.9730254463445837e-05,2.9728611901291833e-05,2.973007074136724e-05,4.191376220013099e-05
golovin_fixed10_high_resolution_screen_v2,controlled,golovin,16384,0.1,300.0,3600.0,2400.0000953674316,golovin_relative_error_radius_moment_6_um6_m3,10,10,-0.0034151871813972168,0.0536478565347016,0.01696494182356051,-0.04179255184401946,0.03496217748122503,-0.03608657755807468,0.02692517904509802,15.708613813885675
golovin_fixed10_high_resolution_screen_v2,controlled,golovin,16384,0.1,300.0,3600.0,2400.0000953674316,liquid_water_gm3,10,10,0.9982363473312381,1.243834854675821e-09,3.933351173880131e-10,0.9982363464414523,0.9982363482210239,0.9982363465983527,0.9982363480637345,1.246032423084157e-09
golovin_fixed10_high_resolution_screen_v2,controlled,golovin,16384,0.1,300.0,3600.0,2400.0000953674316,relative_liquid_mass_drift,10,10,-8.519599470346862e-11,1.2460324401509718e-09,3.940300549334511e-10,-9.765539058289452e-10,8.06161916422008e-10,-8.211904489741073e-10,6.326667406630903e-10,14.625481450012833
golovin_fixed10_high_resolution_screen_v2,controlled,golovin,16384,0.1,300.0,3600.0,2400.0000953674316,mass_fraction_r_ge_cloud_threshold,10,10,0.9883411409567653,0.000351670477692095,0.00011120796953464545,0.9880895710519222,0.9885927108616084,0.9881320568409035,0.9885413257827913,0.00035581892032912827
golovin_fixed10_high_resolution_screen_v2,controlled,golovin,16384,0.1,300.0,3600.0,2400.0000953674316,mass_fraction_r_ge_large_threshold,10,10,0.00038481145154512257,0.0005334181604675066,0.00016868163323745076,3.2270866845235608e-06,0.0007663958164057216,7.904052599899473e-05,0.0007165795041376345,1.3861805783733507
golovin_fixed10_high_resolution_screen_v2,controlled,golovin,16384,0.1,300.0,3600.0,2400.0000953674316,mass_fraction_r_ge_onset_threshold,10,10,0.00038481145154512257,0.0005334181604675066,0.00016868163323745076,3.2270866845235608e-06,0.0007663958164057216,7.904052599899473e-05,0.0007072543922004625,1.3861805783733507
golovin_fixed10_high_resolution_screen_v2,controlled,golovin,16384,0.1,300.0,3600.0,2400.0000953674316,mass_weighted_radius_q99_um,10,10,798.8830810546875,23.420752805013095,7.406292337961881,782.1288837925896,815.6372783167855,785.5941627502441,813.0735746765137,0.029316871718065372
golovin_fixed10_high_resolution_screen_v2,controlled,golovin,16384,0.1,300.0,3600.0,2400.0000953674316,fixed_bin_mass_below_range_fraction,10,10,0.0,0.0,0.0,0.0,0.0,0.0,0.0,nan
golovin_fixed10_high_resolution_screen_v2,controlled,golovin,16384,0.1,300.0,3600.0,2400.0000953674316,fixed_bin_mass_above_range_fraction,10,10,0.0,0.0,0.0,0.0,0.0,0.0,0.0,nan
golovin_fixed10_high_resolution_screen_v2,controlled,golovin,16384,0.1,300.0,3600.0,2400.0000953674316,fixed_bin_mass_below_range_fraction_bins_250,10,10,0.0,0.0,0.0,0.0,0.0,0.0,0.0,nan
golovin_fixed10_high_resolution_screen_v2,controlled,golovin,16384,0.1,300.0,3600.0,2400.0000953674316,fixed_bin_mass_below_range_fraction_bins_500,10,10,0.0,0.0,0.0,0.0,0.0,0.0,0.0,nan
golovin_fixed10_high_resolution_screen_v2,controlled,golovin,16384,0.1,300.0,3600.0,2400.0000953674316,fixed_bin_mass_below_range_fraction_bins_1000,10,10,0.0,0.0,0.0,0.0,0.0,0.0,0.0,nan
golovin_fixed10_high_resolution_screen_v2,controlled,golovin,16384,0.1,300.0,3600.0,2400.0000953674316,fixed_bin_mass_above_range_fraction_bins_250,10,10,0.0,0.0,0.0,0.0,0.0,0.0,0.0,nan
golovin_fixed10_high_resolution_screen_v2,controlled,golovin,16384,0.1,300.0,3600.0,2400.0000953674316,fixed_bin_mass_above_range_fraction_bins_500,10,10,0.0,0.0,0.0,0.0,0.0,0.0,0.0,nan
golovin_fixed10_high_resolution_screen_v2,controlled,golovin,16384,0.1,300.0,3600.0,2400.0000953674316,fixed_bin_mass_above_range_fraction_bins_1000,10,10,0.0,0.0,0.0,0.0,0.0,0.0,0.0,nan
golovin_fixed10_high_resolution_screen_v2,controlled,golovin,16384,0.1,300.0,3600.0,2700.000047683716,golovin_fixed_bin_l1_relative,10,10,0.15061667847528928,0.009683174722602857,0.0030620887104794155,0.14368975256575475,0.15754360438482382,0.14447154782040753,0.15572315444274681,0.06429018897924717
golovin_fixed10_high_resolution_screen_v2,controlled,golovin,16384,0.1,300.0,3600.0,2700.000047683716,golovin_fixed_bin_l1_relative_bins_250,10,10,0.1081296857284704,0.01058783867814026,0.0033481685721349643,0.10055560221075945,0.11570376924618135,0.1014860403927876,0.11383645087199702,0.09791796403374264
golovin_fixed10_high_resolution_screen_v2,controlled,golovin,16384,0.1,300.0,3600.0,2700.000047683716,golovin_fixed_bin_l1_relative_bins_500,10,10,0.15061667847528928,0.009683174722602857,0.0030620887104794155,0.14368975256575475,0.15754360438482382,0.1444319036562256,0.15567670746323653,0.06429018897924717
golovin_fixed10_high_resolution_screen_v2,controlled,golovin,16384,0.1,300.0,3600.0,2700.000047683716,golovin_fixed_bin_l1_relative_bins_1000,10,10,0.21504579145508348,0.009480878526601799,0.0029981170363442967,0.20826357952640992,0.22182800338375705,0.20991137112165137,0.22088190156581528,0.04408771946872564
golovin_fixed10_high_resolution_screen_v2,controlled,golovin,16384,0.1,300.0,3600.0,2700.000047683716,radius_moment_0_m3,10,10,146425.67537726686,1842.8819836855762,582.7704527335685,145107.35702334848,147743.99373118524,145367.6890104668,147501.22481087255,0.012585784418869005
golovin_fixed10_high_resolution_screen_v2,controlled,golovin,16384,0.1,300.0,3600.0,2700.000047683716,radius_moment_3_um3_m3,10,10,238740390096.59952,194.65945115002478,61.556723371236124,238740389957.34854,238740390235.8505,238740389985.2904,238740390209.6988,8.153603630758137e-10
golovin_fixed10_high_resolution_screen_v2,controlled,golovin,16384,0.1,300.0,3600.0,2700.000047683716,radius_moment_6_um6_m3,10,10,4.3939989885749215e+19,2.4785839306984443e+18,7.83797059290002e+17,4.2166917753896165e+19,4.5713062017602265e+19,4.243437484743377e+19,4.530470129394596e+19,0.05640838646397386
golovin_fixed10_high_resolution_screen_v2,controlled,golovin,16384,0.1,300.0,3600.0,2700.000047683716,golovin_relative_error_radius_moment_0_m3,10,10,0.001904869464658332,0.012609758695297258,0.003987555822225248,-0.0071156085006462,0.010925347429962864,-0.005574962177026038,0.009302978570095514,6.619749504756229
golovin_fixed10_high_resolution_screen_v2,controlled,golovin,16384,0.1,300.0,3600.0,2700.000047683716,golovin_relative_error_radius_moment_3_um3_m3,10,10,2.9729522324650758e-05,8.153846316868245e-10,2.578472605227867e-10,2.972893903362346e-05,2.9730105615678057e-05,2.97290525018562e-05,2.973000963184924e-05,2.7426765313707513e-05
golovin_fixed10_high_resolution_screen_v2,controlled,golovin,16384,0.1,300.0,3600.0,2700.000047683716,golovin_relative_error_radius_moment_6_um6_m3,10,10,-0.01848808132787889,0.05536550362745349,0.017508109526506752,-0.05809417670032163,0.021118014044563847,-0.052151148345366875,0.012932347601102656,2.9946592426530336
golovin_fixed10_high_resolution_screen_v2,controlled,golovin,16384,0.1,300.0,3600.0,2700.000047683716,liquid_water_gm3,10,10,0.9982363474901981,8.139223693598401e-10,2.573848525737938e-10,0.998236346907953,0.9982363480724431,0.9982363470165918,0.9982363479618078,8.153603817434951e-10
golovin_fixed10_high_resolution_screen_v2,controlled,golovin,16384,0.1,300.0,3600.0,2700.000047683716,relative_liquid_mass_drift,10,10,7.40448813374428e-11,8.153603811653248e-10,2.578395918345481e-10,-5.092287981840457e-10,6.573185608589313e-10,-4.063503047935235e-10,5.641840661319008e-10,11.011704880037612
golovin_fixed10_high_resolution_screen_v2,controlled,golovin,16384,0.1,300.0,3600.0,2700.000047683716,mass_fraction_r_ge_cloud_threshold,10,10,0.9926097012210036,0.00023399055814618872,7.399431147160228e-05,0.9924423144593018,0.9927770879827054,0.9924715453435706,0.9927432323842682,0.0002357326931807721
golovin_fixed10_high_resolution_screen_v2,controlled,golovin,16384,0.1,300.0,3600.0,2700.000047683716,mass_fraction_r_ge_large_threshold,10,10,0.01918307387805069,0.004267959157556161,0.0013496471898450902,0.01612995982029215,0.02223618793580923,0.016504293212128658,0.021458164259223523,0.2224856758978324
golovin_fixed10_high_resolution_screen_v2,controlled,golovin,16384,0.1,300.0,3600.0,2700.000047683716,mass_fraction_r_ge_onset_threshold,10,10,0.01918307387805069,0.004267959157556161,0.0013496471898450902,0.01612995982029215,0.02223618793580923,0.01653818719523595,0.02144939333905757,0.2224856758978324
golovin_fixed10_high_resolution_screen_v2,controlled,golovin,16384,0.1,300.0,3600.0,2700.000047683716,mass_weighted_radius_q99_um,10,10,1065.883563232422,36.81597293786577,11.642232875877655,1039.5470027412905,1092.2201237235533,1043.0177293395998,1086.4582931518553,0.03454033274161471
golovin_fixed10_high_resolution_screen_v2,controlled,golovin,16384,0.1,300.0,3600.0,2700.000047683716,fixed_bin_mass_below_range_fraction,10,10,0.0,0.0,0.0,0.0,0.0,0.0,0.0,nan
golovin_fixed10_high_resolution_screen_v2,controlled,golovin,16384,0.1,300.0,3600.0,2700.000047683716,fixed_bin_mass_above_range_fraction,10,10,0.0,0.0,0.0,0.0,0.0,0.0,0.0,nan
golovin_fixed10_high_resolution_screen_v2,controlled,golovin,16384,0.1,300.0,3600.0,2700.000047683716,fixed_bin_mass_below_range_fraction_bins_250,10,10,0.0,0.0,0.0,0.0,0.0,0.0,0.0,nan
golovin_fixed10_high_resolution_screen_v2,controlled,golovin,16384,0.1,300.0,3600.0,2700.000047683716,fixed_bin_mass_below_range_fraction_bins_500,10,10,0.0,0.0,0.0,0.0,0.0,0.0,0.0,nan
golovin_fixed10_high_resolution_screen_v2,controlled,golovin,16384,0.1,300.0,3600.0,2700.000047683716,fixed_bin_mass_below_range_fraction_bins_1000,10,10,0.0,0.0,0.0,0.0,0.0,0.0,0.0,nan
golovin_fixed10_high_resolution_screen_v2,controlled,golovin,16384,0.1,300.0,3600.0,2700.000047683716,fixed_bin_mass_above_range_fraction_bins_250,10,10,0.0,0.0,0.0,0.0,0.0,0.0,0.0,nan
golovin_fixed10_high_resolution_screen_v2,controlled,golovin,16384,0.1,300.0,3600.0,2700.000047683716,fixed_bin_mass_above_range_fraction_bins_500,10,10,0.0,0.0,0.0,0.0,0.0,0.0,0.0,nan
golovin_fixed10_high_resolution_screen_v2,controlled,golovin,16384,0.1,300.0,3600.0,2700.000047683716,fixed_bin_mass_above_range_fraction_bins_1000,10,10,0.0,0.0,0.0,0.0,0.0,0.0,0.0,nan
golovin_fixed10_high_resolution_screen_v2,controlled,golovin,16384,0.1,300.0,3600.0,300.00001192092896,golovin_fixed_bin_l1_relative,10,10,0.10859178109542675,0.006138178964318856,0.0019410626212980997,0.10420079238321739,0.11298276980763611,0.10488191552411573,0.11215938149144651,0.05652526279981386
golovin_fixed10_high_resolution_screen_v2,controlled,golovin,16384,0.1,300.0,3600.0,300.00001192092896,golovin_fixed_bin_l1_relative_bins_250,10,10,0.07728130094649992,0.007020532339965223,0.002220087258116166,0.07225911465351541,0.08230348723948443,0.07297949801235419,0.08122229505032982,0.0908438684905858
golovin_fixed10_high_resolution_screen_v2,controlled,golovin,16384,0.1,300.0,3600.0,300.00001192092896,golovin_fixed_bin_l1_relative_bins_500,10,10,0.10859178109542675,0.006138178964318856,0.0019410626212980997,0.10420079238321739,0.11298276980763611,0.10497722091715123,0.11219186656894946,0.05652526279981386
golovin_fixed10_high_resolution_screen_v2,controlled,golovin,16384,0.1,300.0,3600.0,300.00001192092896,golovin_fixed_bin_l1_relative_bins_1000,10,10,0.15339786413079137,0.006879098850030552,0.0021753620615541603,0.14847685326156715,0.1583188750000156,0.14940784770894577,0.15750704994985207,0.044844815076207564
golovin_fixed10_high_resolution_screen_v2,controlled,golovin,16384,0.1,300.0,3600.0,300.00001192092896,radius_moment_0_m3,10,10,5352081.211269109,48917.03188467678,15468.923713065768,5317088.074690818,5387074.347847399,5323075.934328237,5379309.548106654,0.009139814953046528
golovin_fixed10_high_resolution_screen_v2,controlled,golovin,16384,0.1,300.0,3600.0,300.00001192092896,radius_moment_3_um3_m3,10,10,238740390200.53198,366.32573462565125,115.8423686951467,238740389938.47833,238740390462.58563,238740389975.638,238740390396.4286,1.5344103874419946e-09
golovin_fixed10_high_resolution_screen_v2,controlled,golovin,16384,0.1,300.0,3600.0,300.00001192092896,radius_moment_6_um6_m3,10,10,3.367552925866718e+16,1102308848086706.0,348580664491053.0,3.2886985011675788e+16,3.4464073505658572e+16,3.3035556824118036e+16,3.4313635946621596e+16,0.03273323010366648
golovin_fixed10_high_resolution_screen_v2,controlled,golovin,16384,0.1,300.0,3600.0,300.00001192092896,golovin_relative_error_radius_moment_0_m3,10,10,0.0006127623952905225,0.009145415487949669,0.0028920343090501135,-0.005929473731985349,0.007154998522566395,-0.005072935576641846,0.005678913526619241,14.92489675971981
golovin_fixed10_high_resolution_screen_v2,controlled,golovin,16384,0.1,300.0,3600.0,300.00001192092896,golovin_relative_error_radius_moment_3_um3_m3,10,10,2.9729957674407003e-05,1.5344559929117965e-09,4.852375906896463e-10,2.9728859990715567e-05,2.973105535809844e-05,2.9729010791374463e-05,2.9730797954241608e-05,5.1613124031882863e-05
golovin_fixed10_high_resolution_screen_v2,controlled,golovin,16384,0.1,300.0,3600.0,300.00001192092896,golovin_relative_error_radius_moment_6_um6_m3,10,10,0.007585413765343452,0.03298152519787902,0.010429674033153332,-0.016008148054404803,0.031178975585091705,-0.012471417054161948,0.026760908965714342,4.348019266736162
golovin_fixed10_high_resolution_screen_v2,controlled,golovin,16384,0.1,300.0,3600.0,300.00001192092896,liquid_water_gm3,10,10,0.9982363479247669,1.5317042640071406e-09,4.84367417605443e-10,0.9982363468290517,0.9982363490204821,0.9982363469861859,0.9982363487727715,1.5344104301465277e-09
golovin_fixed10_high_resolution_screen_v2,controlled,golovin,16384,0.1,300.0,3600.0,300.00001192092896,relative_liquid_mass_drift,10,10,5.093817145862544e-10,1.534410451264094e-09,4.852231891561325e-10,-5.882693983190789e-10,1.6070328274915878e-09,-4.4509759045130396e-10,1.3518919902977258e-09,3.01229982805806
golovin_fixed10_high_resolution_screen_v2,controlled,golovin,16384,0.1,300.0,3600.0,300.00001192092896,mass_fraction_r_ge_cloud_threshold,10,10,0.6343201373838546,0.006935419936552852,0.002193172352924748,0.6293588368364349,0.6392814379312743,0.6307185667556217,0.638785311717814,0.010933627245631536
golovin_fixed10_high_resolution_screen_v2,controlled,golovin,16384,0.1,300.0,3600.0,300.00001192092896,mass_fraction_r_ge_large_threshold,10,10,0.0,0.0,0.0,0.0,0.0,0.0,0.0,nan
golovin_fixed10_high_resolution_screen_v2,controlled,golovin,16384,0.1,300.0,3600.0,300.00001192092896,mass_fraction_r_ge_onset_threshold,10,10,0.0,0.0,0.0,0.0,0.0,0.0,0.0,nan
golovin_fixed10_high_resolution_screen_v2,controlled,golovin,16384,0.1,300.0,3600.0,300.00001192092896,mass_weighted_radius_q99_um,10,10,87.51635513305663,2.4932877101061837,0.7884468026041158,85.7327645510604,89.29994571505287,86.1542797088623,89.03427000045775,0.02848939156932988
golovin_fixed10_high_resolution_screen_v2,controlled,golovin,16384,0.1,300.0,3600.0,300.00001192092896,fixed_bin_mass_below_range_fraction,10,10,0.0,0.0,0.0,0.0,0.0,0.0,0.0,nan
golovin_fixed10_high_resolution_screen_v2,controlled,golovin,16384,0.1,300.0,3600.0,300.00001192092896,fixed_bin_mass_above_range_fraction,10,10,0.0,0.0,0.0,0.0,0.0,0.0,0.0,nan
golovin_fixed10_high_resolution_screen_v2,controlled,golovin,16384,0.1,300.0,3600.0,300.00001192092896,fixed_bin_mass_below_range_fraction_bins_250,10,10,0.0,0.0,0.0,0.0,0.0,0.0,0.0,nan
golovin_fixed10_high_resolution_screen_v2,controlled,golovin,16384,0.1,300.0,3600.0,300.00001192092896,fixed_bin_mass_below_range_fraction_bins_500,10,10,0.0,0.0,0.0,0.0,0.0,0.0,0.0,nan
golovin_fixed10_high_resolution_screen_v2,controlled,golovin,16384,0.1,300.0,3600.0,300.00001192092896,fixed_bin_mass_below_range_fraction_bins_1000,10,10,0.0,0.0,0.0,0.0,0.0,0.0,0.0,nan
golovin_fixed10_high_resolution_screen_v2,controlled,golovin,16384,0.1,300.0,3600.0,300.00001192092896,fixed_bin_mass_above_range_fraction_bins_250,10,10,0.0,0.0,0.0,0.0,0.0,0.0,0.0,nan
golovin_fixed10_high_resolution_screen_v2,controlled,golovin,16384,0.1,300.0,3600.0,300.00001192092896,fixed_bin_mass_above_range_fraction_bins_500,10,10,0.0,0.0,0.0,0.0,0.0,0.0,0.0,nan
golovin_fixed10_high_resolution_screen_v2,controlled,golovin,16384,0.1,300.0,3600.0,300.00001192092896,fixed_bin_mass_above_range_fraction_bins_1000,10,10,0.0,0.0,0.0,0.0,0.0,0.0,0.0,nan
golovin_fixed10_high_resolution_screen_v2,controlled,golovin,16384,0.1,300.0,3600.0,3000.0,golovin_fixed_bin_l1_relative,10,10,0.16453175920996316,0.012839711796111168,0.004060273377584276,0.15534678270594202,0.1737167357139843,0.15715340489535085,0.17224390709231108,0.07803789285280835
golovin_fixed10_high_resolution_screen_v2,controlled,golovin,16384,0.1,300.0,3600.0,3000.0,golovin_fixed_bin_l1_relative_bins_250,10,10,0.11804675848154562,0.018798729120959295,0.005944680113876633,0.10459895778139555,0.1314945591816957,0.10777308774419976,0.1298611089944518,0.15924816032875752
golovin_fixed10_high_resolution_screen_v2,controlled,golovin,16384,0.1,300.0,3600.0,3000.0,golovin_fixed_bin_l1_relative_bins_500,10,10,0.16453175920996316,0.012839711796111168,0.004060273377584276,0.15534678270594202,0.1737167357139843,0.1570772255112078,0.1722622692961913,0.07803789285280835
golovin_fixed10_high_resolution_screen_v2,controlled,golovin,16384,0.1,300.0,3600.0,3000.0,golovin_fixed_bin_l1_relative_bins_1000,10,10,0.22783063405877818,0.011141445627233973,0.0035232344608982667,0.2198605239868397,0.23580074413071667,0.22156725960126672,0.2347303620221906,0.04890231585081567
golovin_fixed10_high_resolution_screen_v2,controlled,golovin,16384,0.1,300.0,3600.0,3000.0,radius_moment_0_m3,10,10,93423.12655100886,1293.6124566034316,409.07617724325684,92497.73194652791,94348.5211554898,92653.88320376417,94161.50137884925,0.013846811858700977
golovin_fixed10_high_resolution_screen_v2,controlled,golovin,16384,0.1,300.0,3600.0,3000.0,radius_moment_3_um3_m3,10,10,238740389995.7189,255.8725714136668,80.91401164312768,238740389812.67868,238740390178.75912,238740389833.16107,238740390132.9393,1.0717607163926268e-09
golovin_fixed10_high_resolution_screen_v2,controlled,golovin,16384,0.1,300.0,3600.0,3000.0,radius_moment_6_um6_m3,10,10,1.0842048426373844e+20,6.405293659244129e+18,2.025531704544588e+18,1.0383841320982805e+20,1.1300255531764883e+20,1.0457802125016067e+20,1.1207670372980356e+20,0.05907826092773134
golovin_fixed10_high_resolution_screen_v2,controlled,golovin,16384,0.1,300.0,3600.0,3000.0,golovin_relative_error_radius_moment_0_m3,10,10,0.002528790825697691,0.013881827549494455,0.004389819314207627,-0.007401670379326995,0.012459252030722377,-0.005847893722084785,0.010358760220779953,5.489511986688132
golovin_fixed10_high_resolution_screen_v2,controlled,golovin,16384,0.1,300.0,3600.0,3000.0,golovin_relative_error_radius_moment_3_um3_m3,10,10,2.972909975864635e-05,1.071792566297054e-09,3.38930568873571e-10,2.972833304443228e-05,2.972986647286042e-05,2.9728431747439443e-05,2.9729677938049038e-05,3.605196844163894e-05
golovin_fixed10_high_resolution_screen_v2,controlled,golovin,16384,0.1,300.0,3600.0,3000.0,golovin_relative_error_radius_moment_6_um6_m3,10,10,-0.015353007668136376,0.058171231934687734,0.01839535872115364,-0.05696620016143651,0.026260184825163763,-0.05026905588744491,0.018062952451585828,3.7889144063554583
golovin_fixed10_high_resolution_screen_v2,controlled,golovin,16384,0.1,300.0,3600.0,3000.0,liquid_water_gm3,10,10,0.9982363470683897,1.069870501194636e-09,3.383227585200945e-10,0.9982363463030505,0.9982363478337289,0.9982363463925765,0.9982363476401568,1.0717607151218454e-09
golovin_fixed10_high_resolution_screen_v2,controlled,golovin,16384,0.1,300.0,3600.0,3000.0,relative_liquid_mass_drift,10,10,-3.485084998366972e-10,1.0717607002743938e-09,3.389204919524134e-10,-1.1151999183259404e-09,4.1818291865254613e-10,-1.0279694359627278e-09,2.2842874258799383e-10,3.0752785105000178
golovin_fixed10_high_resolution_screen_v2,controlled,golovin,16384,0.1,300.0,3600.0,3000.0,mass_fraction_r_ge_cloud_threshold,10,10,0.9952967454009048,0.00016853525387252943,5.3295526827190614e-05,0.9951761825431477,0.995417308258662,0.9951987253841074,0.995390940448004,0.0001693316637990648
golovin_fixed10_high_resolution_screen_v2,controlled,golovin,16384,0.1,300.0,3600.0,3000.0,mass_fraction_r_ge_large_threshold,10,10,0.13928446432810077,0.015000916469615662,0.004743706303391752,0.12855345513567212,0.1500154735205294,0.1302570939012312,0.14780499476794515,0.10769985397854033
golovin_fixed10_high_resolution_screen_v2,controlled,golovin,16384,0.1,300.0,3600.0,3000.0,mass_fraction_r_ge_onset_threshold,10,10,0.13928446432810077,0.015000916469615662,0.004743706303391752,0.12855345513567212,0.1500154735205294,0.13007386765688672,0.14769053828778655,0.10769985397854033
golovin_fixed10_high_resolution_screen_v2,controlled,golovin,16384,0.1,300.0,3600.0,3000.0,mass_weighted_radius_q99_um,10,10,1451.8495239257813,67.24452736597169,21.26458666579935,1403.7456868858,1499.9533609657626,1415.5708557128905,1493.988832397461,0.04631645790959342
golovin_fixed10_high_resolution_screen_v2,controlled,golovin,16384,0.1,300.0,3600.0,3000.0,fixed_bin_mass_below_range_fraction,10,10,0.0,0.0,0.0,0.0,0.0,0.0,0.0,nan
golovin_fixed10_high_resolution_screen_v2,controlled,golovin,16384,0.1,300.0,3600.0,3000.0,fixed_bin_mass_above_range_fraction,10,10,0.0,0.0,0.0,0.0,0.0,0.0,0.0,nan
golovin_fixed10_high_resolution_screen_v2,controlled,golovin,16384,0.1,300.0,3600.0,3000.0,fixed_bin_mass_below_range_fraction_bins_250,10,10,0.0,0.0,0.0,0.0,0.0,0.0,0.0,nan
golovin_fixed10_high_resolution_screen_v2,controlled,golovin,16384,0.1,300.0,3600.0,3000.0,fixed_bin_mass_below_range_fraction_bins_500,10,10,0.0,0.0,0.0,0.0,0.0,0.0,0.0,nan
golovin_fixed10_high_resolution_screen_v2,controlled,golovin,16384,0.1,300.0,3600.0,3000.0,fixed_bin_mass_below_range_fraction_bins_1000,10,10,0.0,0.0,0.0,0.0,0.0,0.0,0.0,nan
golovin_fixed10_high_resolution_screen_v2,controlled,golovin,16384,0.1,300.0,3600.0,3000.0,fixed_bin_mass_above_range_fraction_bins_250,10,10,0.0,0.0,0.0,0.0,0.0,0.0,0.0,nan
golovin_fixed10_high_resolution_screen_v2,controlled,golovin,16384,0.1,300.0,3600.0,3000.0,fixed_bin_mass_above_range_fraction_bins_500,10,10,0.0,0.0,0.0,0.0,0.0,0.0,0.0,nan
golovin_fixed10_high_resolution_screen_v2,controlled,golovin,16384,0.1,300.0,3600.0,3000.0,fixed_bin_mass_above_range_fraction_bins_1000,10,10,0.0,0.0,0.0,0.0,0.0,0.0,0.0,nan
golovin_fixed10_high_resolution_screen_v2,controlled,golovin,16384,0.1,300.0,3600.0,3299.999952316284,golovin_fixed_bin_l1_relative,10,10,0.1783723768619024,0.011488473789403429,0.0036329744013660426,0.1701540177975897,0.1865907359262151,0.17203465056346368,0.185654216820671,0.06440724730768102
golovin_fixed10_high_resolution_screen_v2,controlled,golovin,16384,0.1,300.0,3600.0,3299.999952316284,golovin_fixed_bin_l1_relative_bins_250,10,10,0.12934335379061263,0.007286145121499528,0.002304081394646278,0.12413115956004347,0.13455554802118178,0.12531533564915115,0.13401368812464656,0.05633180915731239
golovin_fixed10_high_resolution_screen_v2,controlled,golovin,16384,0.1,300.0,3600.0,3299.999952316284,golovin_fixed_bin_l1_relative_bins_500,10,10,0.1783723768619024,0.011488473789403429,0.0036329744013660426,0.1701540177975897,0.1865907359262151,0.17215260888150932,0.18560515044998366,0.06440724730768102
golovin_fixed10_high_resolution_screen_v2,controlled,golovin,16384,0.1,300.0,3600.0,3299.999952316284,golovin_fixed_bin_l1_relative_bins_1000,10,10,0.2513501767426165,0.013123763776135288,0.004150098500659963,0.24196200169303048,0.2607383517922025,0.2438414049889881,0.2593580942170933,0.052213067626262585
golovin_fixed10_high_resolution_screen_v2,controlled,golovin,16384,0.1,300.0,3600.0,3299.999952316284,radius_moment_0_m3,10,10,59574.4767896955,871.9304520640643,275.7286189782706,58950.73531928535,60198.218260105656,59057.25380746739,60062.18715828647,0.01463597330685883
golovin_fixed10_high_resolution_screen_v2,controlled,golovin,16384,0.1,300.0,3600.0,3299.999952316284,radius_moment_3_um3_m3,10,10,238740390192.91513,247.59070826865062,78.29505656232202,238740390015.7994,238740390370.03085,238740390040.81958,238740390336.48462,1.0370708872033926e-09
golovin_fixed10_high_resolution_screen_v2,controlled,golovin,16384,0.1,300.0,3600.0,3299.999952316284,radius_moment_6_um6_m3,10,10,2.6587774424932532e+20,1.5586276002846757e+19,4.928813240902079e+18,2.5472799407232405e+20,2.770274944263266e+20,2.5646269867189115e+20,2.749083197181903e+20,0.05862196569650003
golovin_fixed10_high_resolution_screen_v2,controlled,golovin,16384,0.1,300.0,3600.0,3299.999952316284,golovin_relative_error_radius_moment_0_m3,10,10,0.0026189241141601925,0.014674303810286378,0.0046404223117792335,-0.007878440456839806,0.01311628868516019,-0.006251298807924171,0.010953412261985346,5.6031802261639685
golovin_fixed10_high_resolution_screen_v2,controlled,golovin,16384,0.1,300.0,3600.0,3299.999952316284,golovin_relative_error_radius_moment_3_um3_m3,10,10,2.9729925769284016e-05,1.03710170727927e-09,3.2796035602517214e-10,2.972918387141552e-05,2.9730667667152514e-05,2.9729307709414067e-05,2.9730523377234362e-05,3.488410012616882e-05
golovin_fixed10_high_resolution_screen_v2,controlled,golovin,16384,0.1,300.0,3600.0,3299.999952316284,golovin_relative_error_radius_moment_6_um6_m3,10,10,-0.018286434346665038,0.057549978969518495,0.01819890128384684,-0.05945520924097661,0.022882340547646537,-0.052941067159746495,0.014148024525833148,3.1471405457463657
golovin_fixed10_high_resolution_screen_v2,controlled,golovin,16384,0.1,300.0,3600.0,3299.999952316284,liquid_water_gm3,10,10,0.998236347892919,1.0352419069812526e-09,3.2737223553169263e-10,0.9982363471523515,0.9982363486334865,0.9982363472749555,0.9982363485036901,1.0370709393285918e-09
golovin_fixed10_high_resolution_screen_v2,controlled,golovin,16384,0.1,300.0,3600.0,3299.999952316284,relative_liquid_mass_drift,10,10,4.774775574922785e-10,1.0370709650123881e-09,3.2795063446679377e-10,-2.6439831931099484e-10,1.219353434295552e-09,-1.423720433213482e-10,1.0873131806032886e-09,2.171978449540341
golovin_fixed10_high_resolution_screen_v2,controlled,golovin,16384,0.1,300.0,3600.0,3299.999952316284,mass_fraction_r_ge_cloud_threshold,10,10,0.9970081655951315,0.00010730920089273842,3.393414887136274e-05,0.9969314012171987,0.9970849299730643,0.9969442899966194,0.997070307715365,0.0001076312156668082
golovin_fixed10_high_resolution_screen_v2,controlled,golovin,16384,0.1,300.0,3600.0,3299.999952316284,mass_fraction_r_ge_large_threshold,10,10,0.3487123137900988,0.019532332959769767,0.006176666016965045,0.3347397245176091,0.36268490306258855,0.33655480335814125,0.3594984796730847,0.05601274227306727
golovin_fixed10_high_resolution_screen_v2,controlled,golovin,16384,0.1,300.0,3600.0,3299.999952316284,mass_fraction_r_ge_onset_threshold,10,10,0.3487123137900988,0.019532332959769767,0.006176666016965045,0.3347397245176091,0.36268490306258855,0.33671688076308803,0.35966605767802196,0.05601274227306727
golovin_fixed10_high_resolution_screen_v2,controlled,golovin,16384,0.1,300.0,3600.0,3299.999952316284,mass_weighted_radius_q99_um,10,10,1916.6486328125,61.504119609162395,19.44931034483782,1872.65123610444,1960.64602952056,1879.2526263427735,1951.7844311523438,0.03208940781123295
golovin_fixed10_high_resolution_screen_v2,controlled,golovin,16384,0.1,300.0,3600.0,3299.999952316284,fixed_bin_mass_below_range_fraction,10,10,0.0,0.0,0.0,0.0,0.0,0.0,0.0,nan
golovin_fixed10_high_resolution_screen_v2,controlled,golovin,16384,0.1,300.0,3600.0,3299.999952316284,fixed_bin_mass_above_range_fraction,10,10,0.0,0.0,0.0,0.0,0.0,0.0,0.0,nan
golovin_fixed10_high_resolution_screen_v2,controlled,golovin,16384,0.1,300.0,3600.0,3299.999952316284,fixed_bin_mass_below_range_fraction_bins_250,10,10,0.0,0.0,0.0,0.0,0.0,0.0,0.0,nan
golovin_fixed10_high_resolution_screen_v2,controlled,golovin,16384,0.1,300.0,3600.0,3299.999952316284,fixed_bin_mass_below_range_fraction_bins_500,10,10,0.0,0.0,0.0,0.0,0.0,0.0,0.0,nan
golovin_fixed10_high_resolution_screen_v2,controlled,golovin,16384,0.1,300.0,3600.0,3299.999952316284,fixed_bin_mass_below_range_fraction_bins_1000,10,10,0.0,0.0,0.0,0.0,0.0,0.0,0.0,nan
golovin_fixed10_high_resolution_screen_v2,controlled,golovin,16384,0.1,300.0,3600.0,3299.999952316284,fixed_bin_mass_above_range_fraction_bins_250,10,10,0.0,0.0,0.0,0.0,0.0,0.0,0.0,nan
golovin_fixed10_high_resolution_screen_v2,controlled,golovin,16384,0.1,300.0,3600.0,3299.999952316284,fixed_bin_mass_above_range_fraction_bins_500,10,10,0.0,0.0,0.0,0.0,0.0,0.0,0.0,nan
golovin_fixed10_high_resolution_screen_v2,controlled,golovin,16384,0.1,300.0,3600.0,3299.999952316284,fixed_bin_mass_above_range_fraction_bins_1000,10,10,0.0,0.0,0.0,0.0,0.0,0.0,0.0,nan
golovin_fixed10_high_resolution_screen_v2,controlled,golovin,16384,0.1,300.0,3600.0,3599.9999046325684,golovin_fixed_bin_l1_relative,10,10,0.20035352688924105,0.011978800066678253,0.003788029184648013,0.1917844095363009,0.20892264424218118,0.19267628011623542,0.20663061458619347,0.05978831644576112
golovin_fixed10_high_resolution_screen_v2,controlled,golovin,16384,0.1,300.0,3600.0,3599.9999046325684,golovin_fixed_bin_l1_relative_bins_250,10,10,0.14825870869694954,0.010614984341259197,0.003356752784540112,0.1406652063416593,0.1558522110522398,0.14230269373751697,0.15473020090615208,0.07159771209768807
golovin_fixed10_high_resolution_screen_v2,controlled,golovin,16384,0.1,300.0,3600.0,3599.9999046325684,golovin_fixed_bin_l1_relative_bins_500,10,10,0.20035352688924105,0.011978800066678253,0.003788029184648013,0.1917844095363009,0.20892264424218118,0.19268495076403844,0.2065836207506408,0.05978831644576112
golovin_fixed10_high_resolution_screen_v2,controlled,golovin,16384,0.1,300.0,3600.0,3599.9999046325684,golovin_fixed_bin_l1_relative_bins_1000,10,10,0.27664244595970733,0.013531982146135591,0.004279188483852194,0.2669622490799975,0.28632264283941716,0.2693059096223391,0.28504131171103597,0.048915061096974646
golovin_fixed10_high_resolution_screen_v2,controlled,golovin,16384,0.1,300.0,3600.0,3599.9999046325684,radius_moment_0_m3,10,10,37988.987978483085,536.0951372251923,169.52816761721272,37605.48861981175,38372.487337154416,37672.80640115317,38295.42143634344,0.01411185624446842
golovin_fixed10_high_resolution_screen_v2,controlled,golovin,16384,0.1,300.0,3600.0,3599.9999046325684,radius_moment_3_um3_m3,10,10,238740390268.26294,567.5337572009072,179.46993217878537,238740389862.27374,238740390674.25214,238740389914.35324,238740390574.7647,2.3772004249603195e-09
golovin_fixed10_high_resolution_screen_v2,controlled,golovin,16384,0.1,300.0,3600.0,3599.9999046325684,radius_moment_6_um6_m3,10,10,6.443307483616612e+20,4.701991943551483e+19,1.4869004081384552e+19,6.106947242752815e+20,6.77966772448041e+20,6.156323608376514e+20,6.710603625099659e+20,0.07297481853081249
golovin_fixed10_high_resolution_screen_v2,controlled,golovin,16384,0.1,300.0,3600.0,3599.9999046325684,golovin_relative_error_radius_moment_0_m3,10,10,0.0026897823477396885,0.014149814066288615,0.004474564091736078,-0.007432384862780725,0.012811949558260101,-0.006028863025219571,0.010768364046343678,5.260579570008392
golovin_fixed10_high_resolution_screen_v2,controlled,golovin,16384,0.1,300.0,3600.0,3599.9999046325684,golovin_relative_error_radius_moment_3_um3_m3,10,10,2.9730241384196e-05,2.377271083619208e-09,7.517591239893296e-10,2.9728540786908968e-05,2.973194198148303e-05,2.9728787163547653e-05,2.973152891427855e-05,7.996137847985713e-05
golovin_fixed10_high_resolution_screen_v2,controlled,golovin,16384,0.1,300.0,3600.0,3599.9999046325684,golovin_relative_error_radius_moment_6_um6_m3,10,10,-0.03273548713950125,0.07058595229728966,0.022321238007142998,-0.0832296355798833,0.01775866130088081,-0.07586669532403827,0.007344077620095686,2.1562517764434004
golovin_fixed10_high_resolution_screen_v2,controlled,golovin,16384,0.1,300.0,3600.0,3599.9999046325684,liquid_water_gm3,10,10,0.998236348207968,2.3730078298477135e-09,7.504109647732071e-10,0.9982363465104205,0.9982363499055156,0.9982363467109426,0.9982363495118289,2.3772003835642055e-09
golovin_fixed10_high_resolution_screen_v2,controlled,golovin,16384,0.1,300.0,3600.0,3599.9999046325684,relative_liquid_mass_drift,10,10,7.930830658864352e-10,2.3772003967561493e-09,7.517367708405378e-10,-9.074636548092801e-10,2.4936297865821504e-09,-6.82686066011406e-10,2.0990030935585937e-09,2.9974166629054597
golovin_fixed10_high_resolution_screen_v2,controlled,golovin,16384,0.1,300.0,3600.0,3599.9999046325684,mass_fraction_r_ge_cloud_threshold,10,10,0.9980931467705,6.760994743893138e-05,2.1380142639129104e-05,0.9980447815276873,0.9981415120133127,0.9980520112671686,0.9981316233636601,6.773911599102234e-05
golovin_fixed10_high_resolution_screen_v2,controlled,golovin,16384,0.1,300.0,3600.0,3599.9999046325684,mass_fraction_r_ge_large_threshold,10,10,0.5527200643802394,0.01671281123733956,0.005285054961444993,0.5407644394434243,0.5646756893170544,0.5428066992855755,0.5624741283911073,0.030237388353324034
golovin_fixed10_high_resolution_screen_v2,controlled,golovin,16384,0.1,300.0,3600.0,3599.9999046325684,mass_fraction_r_ge_onset_threshold,10,10,0.5527200643802394,0.01671281123733956,0.005285054961444993,0.5407644394434243,0.5646756893170544,0.5428940492774866,0.5624043098879766,0.030237388353324034
golovin_fixed10_high_resolution_screen_v2,controlled,golovin,16384,0.1,300.0,3600.0,3599.9999046325684,mass_weighted_radius_q99_um,10,10,2539.4010498046873,91.02490158671255,28.78460128066863,2474.2857578393323,2604.5163417700423,2488.7988653564453,2594.668798828125,0.03584502794220453
golovin_fixed10_high_resolution_screen_v2,controlled,golovin,16384,0.1,300.0,3600.0,3599.9999046325684,fixed_bin_mass_below_range_fraction,10,10,0.0,0.0,0.0,0.0,0.0,0.0,0.0,nan
golovin_fixed10_high_resolution_screen_v2,controlled,golovin,16384,0.1,300.0,3600.0,3599.9999046325684,fixed_bin_mass_above_range_fraction,10,10,0.0,0.0,0.0,0.0,0.0,0.0,0.0,nan
golovin_fixed10_high_resolution_screen_v2,controlled,golovin,16384,0.1,300.0,3600.0,3599.9999046325684,fixed_bin_mass_below_range_fraction_bins_250,10,10,0.0,0.0,0.0,0.0,0.0,0.0,0.0,nan
golovin_fixed10_high_resolution_screen_v2,controlled,golovin,16384,0.1,300.0,3600.0,3599.9999046325684,fixed_bin_mass_below_range_fraction_bins_500,10,10,0.0,0.0,0.0,0.0,0.0,0.0,0.0,nan
golovin_fixed10_high_resolution_screen_v2,controlled,golovin,16384,0.1,300.0,3600.0,3599.9999046325684,fixed_bin_mass_below_range_fraction_bins_1000,10,10,0.0,0.0,0.0,0.0,0.0,0.0,0.0,nan
golovin_fixed10_high_resolution_screen_v2,controlled,golovin,16384,0.1,300.0,3600.0,3599.9999046325684,fixed_bin_mass_above_range_fraction_bins_250,10,10,0.0,0.0,0.0,0.0,0.0,0.0,0.0,nan
golovin_fixed10_high_resolution_screen_v2,controlled,golovin,16384,0.1,300.0,3600.0,3599.9999046325684,fixed_bin_mass_above_range_fraction_bins_500,10,10,0.0,0.0,0.0,0.0,0.0,0.0,0.0,nan
golovin_fixed10_high_resolution_screen_v2,controlled,golovin,16384,0.1,300.0,3600.0,3599.9999046325684,fixed_bin_mass_above_range_fraction_bins_1000,10,10,0.0,0.0,0.0,0.0,0.0,0.0,0.0,nan
golovin_fixed10_high_resolution_screen_v2,controlled,golovin,16384,0.1,300.0,3600.0,600.0000238418579,golovin_fixed_bin_l1_relative,10,10,0.12898056382871528,0.009509041215204257,0.0030070228604460797,0.12217820552625924,0.13578292213117132,0.12333966355233184,0.13431127203861384,0.07372460573076851
golovin_fixed10_high_resolution_screen_v2,controlled,golovin,16384,0.1,300.0,3600.0,600.0000238418579,golovin_fixed_bin_l1_relative_bins_250,10,10,0.09436560690230267,0.010513495303031204,0.003324659132706076,0.08684470543138915,0.10188650837321618,0.08792353440805063,0.10008481629670142,0.11141236355228334
golovin_fixed10_high_resolution_screen_v2,controlled,golovin,16384,0.1,300.0,3600.0,600.0000238418579,golovin_fixed_bin_l1_relative_bins_500,10,10,0.12898056382871528,0.009509041215204257,0.0030070228604460797,0.12217820552625924,0.13578292213117132,0.12313973517656905,0.13441925049937548,0.07372460573076851
golovin_fixed10_high_resolution_screen_v2,controlled,golovin,16384,0.1,300.0,3600.0,600.0000238418579,golovin_fixed_bin_l1_relative_bins_1000,10,10,0.17670580410194542,0.006714851285491609,0.002123422421146304,0.171902288862303,0.18150931934158784,0.1723600028247428,0.18022239659228215,0.03800017390270704
golovin_fixed10_high_resolution_screen_v2,controlled,golovin,16384,0.1,300.0,3600.0,600.0000238418579,radius_moment_0_m3,10,10,3419838.957670147,33093.442384862836,10465.065355172112,3396165.335117793,3443512.580222501,3399765.9473096505,3438903.4551874055,0.009676900811554177
golovin_fixed10_high_resolution_screen_v2,controlled,golovin,16384,0.1,300.0,3600.0,600.0000238418579,radius_moment_3_um3_m3,10,10,238740390188.95355,253.0725758242865,80.02857529304094,238740390007.91635,238740390369.99075,238740390038.09604,238740390336.44754,1.0600325132416413e-09
golovin_fixed10_high_resolution_screen_v2,controlled,golovin,16384,0.1,300.0,3600.0,600.0000238418579,radius_moment_6_um6_m3,10,10,8.32509886852421e+16,2914516641553454.5,921651086577346.1,8.11660690781404e+16,8.533590829234379e+16,8.147026118724747e+16,8.48970484136347e+16,0.03500879313965566
golovin_fixed10_high_resolution_screen_v2,controlled,golovin,16384,0.1,300.0,3600.0,600.0000238418579,golovin_relative_error_radius_moment_0_m3,10,10,0.0027259211013092254,0.00970327927967168,0.003068446329648048,-0.004215386741965968,0.00966722894458442,-0.0031197137226901955,0.00810317063608946,3.559633209857511
golovin_fixed10_high_resolution_screen_v2,controlled,golovin,16384,0.1,300.0,3600.0,600.0000238418579,golovin_relative_error_radius_moment_3_um3_m3,10,10,2.9729909175069126e-05,1.0600640281931217e-09,3.3522167947032114e-10,2.972915085094579e-05,2.9730667499192463e-05,2.9729282198690532e-05,2.973052052847203e-05,3.565648391156435e-05
golovin_fixed10_high_resolution_screen_v2,controlled,golovin,16384,0.1,300.0,3600.0,600.0000238418579,golovin_relative_error_radius_moment_6_um6_m3,10,10,0.01272225737160394,0.03545418401624759,0.01121159740740786,-0.012640138009973535,0.03808465275318142,-0.008655128118980887,0.03264995892069837,2.786784057315275
golovin_fixed10_high_resolution_screen_v2,controlled,golovin,16384,0.1,300.0,3600.0,600.0000238418579,liquid_water_gm3,10,10,0.9982363478763547,1.0581629745521155e-09,3.346205135243476e-10,0.9982363471193906,0.9982363486333189,0.9982363472470023,0.9982363485031072,1.0600325031273892e-09
golovin_fixed10_high_resolution_screen_v2,controlled,golovin,16384,0.1,300.0,3600.0,600.0000238418579,relative_liquid_mass_drift,10,10,4.60883808894863e-10,1.0600325131827798e-09,3.3521171354900476e-10,-2.9741776996387814e-10,1.2191853877536043e-09,-1.634239521486336e-10,1.0807004233170931e-09,2.2999994634756087
golovin_fixed10_high_resolution_screen_v2,controlled,golovin,16384,0.1,300.0,3600.0,600.0000238418579,mass_fraction_r_ge_cloud_threshold,10,10,0.7877902759543144,0.0037793060803950015,0.0011951215188971632,0.7850867232499269,0.7904938286587019,0.7855216344856287,0.7899168030741797,0.004797350507807196
golovin_fixed10_high_resolution_screen_v2,controlled,golovin,16384,0.1,300.0,3600.0,600.0000238418579,mass_fraction_r_ge_large_threshold,10,10,0.0,0.0,0.0,0.0,0.0,0.0,0.0,nan
golovin_fixed10_high_resolution_screen_v2,controlled,golovin,16384,0.1,300.0,3600.0,600.0000238418579,mass_fraction_r_ge_onset_threshold,10,10,0.0,0.0,0.0,0.0,0.0,0.0,0.0,nan
golovin_fixed10_high_resolution_screen_v2,controlled,golovin,16384,0.1,300.0,3600.0,600.0000238418579,mass_weighted_radius_q99_um,10,10,125.23463363647461,1.9654644535385164,0.6215344333279902,123.82862506619598,126.64064220675324,124.11892200469971,126.42362371444702,0.015694256424654676
golovin_fixed10_high_resolution_screen_v2,controlled,golovin,16384,0.1,300.0,3600.0,600.0000238418579,fixed_bin_mass_below_range_fraction,10,10,0.0,0.0,0.0,0.0,0.0,0.0,0.0,nan
golovin_fixed10_high_resolution_screen_v2,controlled,golovin,16384,0.1,300.0,3600.0,600.0000238418579,fixed_bin_mass_above_range_fraction,10,10,0.0,0.0,0.0,0.0,0.0,0.0,0.0,nan
golovin_fixed10_high_resolution_screen_v2,controlled,golovin,16384,0.1,300.0,3600.0,600.0000238418579,fixed_bin_mass_below_range_fraction_bins_250,10,10,0.0,0.0,0.0,0.0,0.0,0.0,0.0,nan
golovin_fixed10_high_resolution_screen_v2,controlled,golovin,16384,0.1,300.0,3600.0,600.0000238418579,fixed_bin_mass_below_range_fraction_bins_500,10,10,0.0,0.0,0.0,0.0,0.0,0.0,0.0,nan
golovin_fixed10_high_resolution_screen_v2,controlled,golovin,16384,0.1,300.0,3600.0,600.0000238418579,fixed_bin_mass_below_range_fraction_bins_1000,10,10,0.0,0.0,0.0,0.0,0.0,0.0,0.0,nan
golovin_fixed10_high_resolution_screen_v2,controlled,golovin,16384,0.1,300.0,3600.0,600.0000238418579,fixed_bin_mass_above_range_fraction_bins_250,10,10,0.0,0.0,0.0,0.0,0.0,0.0,0.0,nan
golovin_fixed10_high_resolution_screen_v2,controlled,golovin,16384,0.1,300.0,3600.0,600.0000238418579,fixed_bin_mass_above_range_fraction_bins_500,10,10,0.0,0.0,0.0,0.0,0.0,0.0,0.0,nan
golovin_fixed10_high_resolution_screen_v2,controlled,golovin,16384,0.1,300.0,3600.0,600.0000238418579,fixed_bin_mass_above_range_fraction_bins_1000,10,10,0.0,0.0,0.0,0.0,0.0,0.0,0.0,nan
golovin_fixed10_high_resolution_screen_v2,controlled,golovin,16384,0.1,300.0,3600.0,899.9999761581421,golovin_fixed_bin_l1_relative,10,10,0.13003808995510577,0.008157239708194071,0.002579545689786054,0.12420275219619101,0.13587342771402053,0.12515549631308215,0.1346870806604079,0.06272961799892839
golovin_fixed10_high_resolution_screen_v2,controlled,golovin,16384,0.1,300.0,3600.0,899.9999761581421,golovin_fixed_bin_l1_relative_bins_250,10,10,0.09280530796855055,0.008641976479545574,0.0027328329160967546,0.08662321041267157,0.09898740552442953,0.08777551064803538,0.09799557451974758,0.09311942030809411
golovin_fixed10_high_resolution_screen_v2,controlled,golovin,16384,0.1,300.0,3600.0,899.9999761581421,golovin_fixed_bin_l1_relative_bins_500,10,10,0.13003808995510577,0.008157239708194071,0.002579545689786054,0.12420275219619101,0.13587342771402053,0.12531761116753623,0.13467499458121454,0.06272961799892839
golovin_fixed10_high_resolution_screen_v2,controlled,golovin,16384,0.1,300.0,3600.0,899.9999761581421,golovin_fixed_bin_l1_relative_bins_1000,10,10,0.1806672021883079,0.008849279061761571,0.0027983877485604413,0.17433680929861514,0.18699759507800065,0.17598575972370914,0.18624032974790003,0.048981104232399875
golovin_fixed10_high_resolution_screen_v2,controlled,golovin,16384,0.1,300.0,3600.0,899.9999761581421,radius_moment_0_m3,10,10,2185921.691578474,22051.553027428585,6973.31335106558,2170146.9608329246,2201696.422324023,2173127.949545637,2198458.837588602,0.010087988564450796
golovin_fixed10_high_resolution_screen_v2,controlled,golovin,16384,0.1,300.0,3600.0,899.9999761581421,radius_moment_3_um3_m3,10,10,238740389998.6205,216.3385005571528,68.41224073462088,238740389843.86127,238740390153.37976,238740389870.29828,238740390122.97308,9.061663196512448e-10
golovin_fixed10_high_resolution_screen_v2,controlled,golovin,16384,0.1,300.0,3600.0,899.9999761581421,radius_moment_6_um6_m3,10,10,2.0384734887492704e+17,8758887374435154.0,2769803387210715.5,1.975816183030056e+17,2.1011307944684848e+17,1.988265886862326e+17,2.0913727038934272e+17,0.04296787484741474
golovin_fixed10_high_resolution_screen_v2,controlled,golovin,16384,0.1,300.0,3600.0,899.9999761581421,golovin_relative_error_radius_moment_0_m3,10,10,0.005181277522532846,0.010140257232847352,0.003206630891579401,-0.00207262551730349,0.012435180562369181,-0.0007056241768103851,0.011082625424185746,1.9570959456906933
golovin_fixed10_high_resolution_screen_v2,controlled,golovin,16384,0.1,300.0,3600.0,899.9999761581421,golovin_relative_error_radius_moment_3_um3_m3,10,10,2.9729111912812912e-05,9.061932401990883e-10,2.865634639277175e-10,2.972846366122039e-05,2.9729760164405434e-05,2.972858004681389e-05,2.9729641790369743e-05,3.0481678795407583e-05
golovin_fixed10_high_resolution_screen_v2,controlled,golovin,16384,0.1,300.0,3600.0,899.9999761581421,golovin_relative_error_radius_moment_6_um6_m3,10,10,0.008183565125858305,0.043319505249548286,0.013698830370019337,-0.022805342117638523,0.03917247236935513,-0.01653884991024833,0.03467782775604928,5.2934759586219915
golovin_fixed10_high_resolution_screen_v2,controlled,golovin,16384,0.1,300.0,3600.0,899.9999761581421,liquid_water_gm3,10,10,0.998236347080522,9.045681526231717e-10,2.8604956611400367e-10,0.998236346433433,0.998236347727611,0.9982363465404284,0.9982363476069905,9.061663154910201e-10
golovin_fixed10_high_resolution_screen_v2,controlled,golovin,16384,0.1,300.0,3600.0,899.9999761581421,relative_liquid_mass_drift,10,10,-3.363546885459812e-10,9.061663226486675e-10,2.865549518508813e-10,-9.84587025410747e-10,3.118776483187846e-10,-8.802979933886232e-10,1.9104370529987565e-10,2.6940796531361286
golovin_fixed10_high_resolution_screen_v2,controlled,golovin,16384,0.1,300.0,3600.0,899.9999761581421,mass_fraction_r_ge_cloud_threshold,10,10,0.8743425785017014,0.002904179345233639,0.0009183821464554768,0.8722650537509111,0.8764201032524916,0.8725862482278982,0.8760042254054549,0.003321557724216433
golovin_fixed10_high_resolution_screen_v2,controlled,golovin,16384,0.1,300.0,3600.0,899.9999761581421,mass_fraction_r_ge_large_threshold,10,10,0.0,0.0,0.0,0.0,0.0,0.0,0.0,nan
golovin_fixed10_high_resolution_screen_v2,controlled,golovin,16384,0.1,300.0,3600.0,899.9999761581421,mass_fraction_r_ge_onset_threshold,10,10,0.0,0.0,0.0,0.0,0.0,0.0,0.0,nan
golovin_fixed10_high_resolution_screen_v2,controlled,golovin,16384,0.1,300.0,3600.0,899.9999761581421,mass_weighted_radius_q99_um,10,10,172.75763854980468,5.694360642757652,1.8007149449534576,168.68413833892043,176.83113876068893,169.61090068817137,176.20061248779297,0.032961556377815455
golovin_fixed10_high_resolution_screen_v2,controlled,golovin,16384,0.1,300.0,3600.0,899.9999761581421,fixed_bin_mass_below_range_fraction,10,10,0.0,0.0,0.0,0.0,0.0,0.0,0.0,nan
golovin_fixed10_high_resolution_screen_v2,controlled,golovin,16384,0.1,300.0,3600.0,899.9999761581421,fixed_bin_mass_above_range_fraction,10,10,0.0,0.0,0.0,0.0,0.0,0.0,0.0,nan
golovin_fixed10_high_resolution_screen_v2,controlled,golovin,16384,0.1,300.0,3600.0,899.9999761581421,fixed_bin_mass_below_range_fraction_bins_250,10,10,0.0,0.0,0.0,0.0,0.0,0.0,0.0,nan
golovin_fixed10_high_resolution_screen_v2,controlled,golovin,16384,0.1,300.0,3600.0,899.9999761581421,fixed_bin_mass_below_range_fraction_bins_500,10,10,0.0,0.0,0.0,0.0,0.0,0.0,0.0,nan
golovin_fixed10_high_resolution_screen_v2,controlled,golovin,16384,0.1,300.0,3600.0,899.9999761581421,fixed_bin_mass_below_range_fraction_bins_1000,10,10,0.0,0.0,0.0,0.0,0.0,0.0,0.0,nan
golovin_fixed10_high_resolution_screen_v2,controlled,golovin,16384,0.1,300.0,3600.0,899.9999761581421,fixed_bin_mass_above_range_fraction_bins_250,10,10,0.0,0.0,0.0,0.0,0.0,0.0,0.0,nan
golovin_fixed10_high_resolution_screen_v2,controlled,golovin,16384,0.1,300.0,3600.0,899.9999761581421,fixed_bin_mass_above_range_fraction_bins_500,10,10,0.0,0.0,0.0,0.0,0.0,0.0,0.0,nan
golovin_fixed10_high_resolution_screen_v2,controlled,golovin,16384,0.1,300.0,3600.0,899.9999761581421,fixed_bin_mass_above_range_fraction_bins_1000,10,10,0.0,0.0,0.0,0.0,0.0,0.0,0.0,nan
golovin_fixed10_high_resolution_screen_v2,controlled,golovin,262144,0.1,300.0,3600.0,0.0,golovin_fixed_bin_l1_relative,10,10,0.0004485131829669961,5.714247181928225e-20,1.807003620809174e-20,0.00044851318296699604,0.00044851318296699615,0.0004485131829669961,0.0004485131829669961,1.2740421907172143e-16
golovin_fixed10_high_resolution_screen_v2,controlled,golovin,262144,0.1,300.0,3600.0,0.0,golovin_fixed_bin_l1_relative_bins_250,10,10,0.0008526433552335929,1.142849436385645e-19,3.614007241618348e-20,0.0008526433552335928,0.000852643355233593,0.0008526433552335929,0.0008526433552335929,1.3403604559523556e-16
golovin_fixed10_high_resolution_screen_v2,controlled,golovin,262144,0.1,300.0,3600.0,0.0,golovin_fixed_bin_l1_relative_bins_500,10,10,0.0004485131829669961,5.714247181928225e-20,1.807003620809174e-20,0.00044851318296699604,0.00044851318296699615,0.0004485131829669961,0.0004485131829669961,1.2740421907172143e-16
golovin_fixed10_high_resolution_screen_v2,controlled,golovin,262144,0.1,300.0,3600.0,0.0,golovin_fixed_bin_l1_relative_bins_1000,10,10,0.0004465802317375713,0.0,0.0,0.0004465802317375713,0.0004465802317375713,0.0004465802317375713,0.0004465802317375713,0.0
golovin_fixed10_high_resolution_screen_v2,controlled,golovin,262144,0.1,300.0,3600.0,0.0,radius_moment_0_m3,10,10,8388608.0,0.0,0.0,8388608.0,8388608.0,8388608.0,8388608.0,0.0
golovin_fixed10_high_resolution_screen_v2,controlled,golovin,262144,0.1,300.0,3600.0,0.0,radius_moment_3_um3_m3,10,10,238740390092.94,3.2168351849043574e-05,1.0172526041666666e-05,238740390092.93997,238740390092.94003,238740390092.94,238740390092.94,1.347419757357381e-16
golovin_fixed10_high_resolution_screen_v2,controlled,golovin,262144,0.1,300.0,3600.0,0.0,radius_moment_6_um6_m3,10,10,1.358818882881056e+16,0.0,0.0,1.358818882881056e+16,1.358818882881056e+16,1.358818882881056e+16,1.358818882881056e+16,0.0
golovin_fixed10_high_resolution_screen_v2,controlled,golovin,262144,0.1,300.0,3600.0,0.0,golovin_relative_error_radius_moment_0_m3,10,10,0.0,0.0,0.0,0.0,0.0,0.0,0.0,nan
golovin_fixed10_high_resolution_screen_v2,controlled,golovin,262144,0.1,300.0,3600.0,0.0,golovin_relative_error_radius_moment_3_um3_m3,10,10,2.972950699575705e-05,0.0,0.0,2.972950699575705e-05,2.972950699575705e-05,2.972950699575705e-05,2.972950699575705e-05,0.0
golovin_fixed10_high_resolution_screen_v2,controlled,golovin,262144,0.1,300.0,3600.0,0.0,golovin_relative_error_radius_moment_6_um6_m3,10,10,-1.0356806828815124e-05,0.0,0.0,-1.0356806828815124e-05,-1.0356806828815124e-05,-1.0356806828815124e-05,-1.0356806828815124e-05,0.0
golovin_fixed10_high_resolution_screen_v2,controlled,golovin,262144,0.1,300.0,3600.0,0.0,liquid_water_gm3,10,10,0.9982363474748966,0.0,0.0,0.9982363474748966,0.9982363474748966,0.9982363474748966,0.9982363474748966,0.0
golovin_fixed10_high_resolution_screen_v2,controlled,golovin,262144,0.1,300.0,3600.0,0.0,relative_liquid_mass_drift,10,10,0.0,0.0,0.0,0.0,0.0,0.0,0.0,nan
golovin_fixed10_high_resolution_screen_v2,controlled,golovin,262144,0.1,300.0,3600.0,0.0,mass_fraction_r_ge_cloud_threshold,10,10,0.342818357477091,0.0,0.0,0.342818357477091,0.342818357477091,0.342818357477091,0.342818357477091,0.0
golovin_fixed10_high_resolution_screen_v2,controlled,golovin,262144,0.1,300.0,3600.0,0.0,mass_fraction_r_ge_large_threshold,10,10,0.0,0.0,0.0,0.0,0.0,0.0,0.0,nan
golovin_fixed10_high_resolution_screen_v2,controlled,golovin,262144,0.1,300.0,3600.0,0.0,mass_fraction_r_ge_onset_threshold,10,10,0.0,0.0,0.0,0.0,0.0,0.0,0.0,nan
golovin_fixed10_high_resolution_screen_v2,controlled,golovin,262144,0.1,300.0,3600.0,0.0,mass_weighted_radius_q99_um,10,10,57.37809753417969,0.0,0.0,57.37809753417969,57.37809753417969,57.37809753417969,57.37809753417969,0.0
golovin_fixed10_high_resolution_screen_v2,controlled,golovin,262144,0.1,300.0,3600.0,0.0,fixed_bin_mass_below_range_fraction,10,10,0.0,0.0,0.0,0.0,0.0,0.0,0.0,nan
golovin_fixed10_high_resolution_screen_v2,controlled,golovin,262144,0.1,300.0,3600.0,0.0,fixed_bin_mass_above_range_fraction,10,10,0.0,0.0,0.0,0.0,0.0,0.0,0.0,nan
golovin_fixed10_high_resolution_screen_v2,controlled,golovin,262144,0.1,300.0,3600.0,0.0,fixed_bin_mass_below_range_fraction_bins_250,10,10,0.0,0.0,0.0,0.0,0.0,0.0,0.0,nan
golovin_fixed10_high_resolution_screen_v2,controlled,golovin,262144,0.1,300.0,3600.0,0.0,fixed_bin_mass_below_range_fraction_bins_500,10,10,0.0,0.0,0.0,0.0,0.0,0.0,0.0,nan
golovin_fixed10_high_resolution_screen_v2,controlled,golovin,262144,0.1,300.0,3600.0,0.0,fixed_bin_mass_below_range_fraction_bins_1000,10,10,0.0,0.0,0.0,0.0,0.0,0.0,0.0,nan
golovin_fixed10_high_resolution_screen_v2,controlled,golovin,262144,0.1,300.0,3600.0,0.0,fixed_bin_mass_above_range_fraction_bins_250,10,10,0.0,0.0,0.0,0.0,0.0,0.0,0.0,nan
golovin_fixed10_high_resolution_screen_v2,controlled,golovin,262144,0.1,300.0,3600.0,0.0,fixed_bin_mass_above_range_fraction_bins_500,10,10,0.0,0.0,0.0,0.0,0.0,0.0,0.0,nan
golovin_fixed10_high_resolution_screen_v2,controlled,golovin,262144,0.1,300.0,3600.0,0.0,fixed_bin_mass_above_range_fraction_bins_1000,10,10,0.0,0.0,0.0,0.0,0.0,0.0,0.0,nan
golovin_fixed10_high_resolution_screen_v2,controlled,golovin,262144,0.1,300.0,3600.0,1200.0000476837158,golovin_fixed_bin_l1_relative,10,10,0.03461292908195133,0.001849187184007412,0.0005847643321456313,0.03329010025943918,0.035935757904463475,0.03359309697004174,0.035742422091277544,0.053424752919037345
golovin_fixed10_high_resolution_screen_v2,controlled,golovin,262144,0.1,300.0,3600.0,1200.0000476837158,golovin_fixed_bin_l1_relative_bins_250,10,10,0.024093321553085516,0.002519945011452588,0.000796876581456927,0.02229066148647658,0.02589598161969445,0.022656055117088226,0.02560941400615216,0.10459101730329377
golovin_fixed10_high_resolution_screen_v2,controlled,golovin,262144,0.1,300.0,3600.0,1200.0000476837158,golovin_fixed_bin_l1_relative_bins_500,10,10,0.03461292908195133,0.001849187184007412,0.0005847643321456313,0.03329010025943918,0.035935757904463475,0.033556559868179514,0.03575722224115897,0.053424752919037345
golovin_fixed10_high_resolution_screen_v2,controlled,golovin,262144,0.1,300.0,3600.0,1200.0000476837158,golovin_fixed_bin_l1_relative_bins_1000,10,10,0.0474836193242005,0.0018601254481486885,0.0005882233149791293,0.04615296573889555,0.04881427290950544,0.04638096160015308,0.048571242343981816,0.039174045168049294
golovin_fixed10_high_resolution_screen_v2,controlled,golovin,262144,0.1,300.0,3600.0,1200.0000476837158,radius_moment_0_m3,10,10,1387329.58605336,3032.082176238923,958.8285729715068,1385160.5651291169,1389498.6069776032,1385433.1610045976,1389021.4997925586,0.0021855528828333528
golovin_fixed10_high_resolution_screen_v2,controlled,golovin,262144,0.1,300.0,3600.0,1200.0000476837158,radius_moment_3_um3_m3,10,10,238740390131.54926,61.942640306922016,19.587982765442487,238740390087.23816,238740390175.86035,238740390097.98267,238740390169.5734,2.594560571539268e-10
golovin_fixed10_high_resolution_screen_v2,controlled,golovin,262144,0.1,300.0,3600.0,1200.0000476837158,radius_moment_6_um6_m3,10,10,4.9735770970673645e+17,4337450899826837.0,1371622408259964.0,4.942548842512367e+17,5.004605351622362e+17,4.9476686925270554e+17,4.998026643019172e+17,0.008720988566527671
golovin_fixed10_high_resolution_screen_v2,controlled,golovin,262144,0.1,300.0,3600.0,1200.0000476837158,golovin_relative_error_radius_moment_0_m3,10,10,0.0005129665719867504,0.0021866739984035453,0.0006914870335222597,-0.0010512857738777118,0.0020772189178512126,-0.0008169461602802854,0.0017274453627194669,4.262800185856995
golovin_fixed10_high_resolution_screen_v2,controlled,golovin,262144,0.1,300.0,3600.0,1200.0000476837158,golovin_relative_error_radius_moment_3_um3_m3,10,10,2.9729668721345526e-05,2.594637344986986e-10,8.204963712290942e-11,2.9729483112171205e-05,2.9729854330519848e-05,2.9729522442948908e-05,2.9729826318228847e-05,8.727434433617047e-06
golovin_fixed10_high_resolution_screen_v2,controlled,golovin,262144,0.1,300.0,3600.0,1200.0000476837158,golovin_relative_error_radius_moment_6_um6_m3,10,10,8.482138944310158e-05,0.008721728292895218,0.002758052653868104,-0.0061543271768792285,0.006323969955765432,-0.0053299099961772066,0.0050088340931740746,102.82463362317093
golovin_fixed10_high_resolution_screen_v2,controlled,golovin,262144,0.1,300.0,3600.0,1200.0000476837158,liquid_water_gm3,10,10,0.998236347636332,2.5899848006779804e-10,8.190251075359629e-11,0.9982363474510556,0.9982363478216083,0.9982363474918469,0.9982363477977193,2.5945607037959103e-10
golovin_fixed10_high_resolution_screen_v2,controlled,golovin,262144,0.1,300.0,3600.0,1200.0000476837158,relative_liquid_mass_drift,10,10,1.6172065908648391e-10,2.594560785226248e-10,8.204721609069892e-11,-2.3883038480742775e-11,3.473243566537106e-10,1.809391969587182e-11,3.223352953996006e-10,1.6043471501304887
golovin_fixed10_high_resolution_screen_v2,controlled,golovin,262144,0.1,300.0,3600.0,1200.0000476837158,mass_fraction_r_ge_cloud_threshold,10,10,0.9242718564595354,0.0004830308094166666,0.00015274775377913748,0.9239263170342226,0.9246173958848481,0.9240001456080751,0.9245683270421057,0.0005226068564577284
golovin_fixed10_high_resolution_screen_v2,controlled,golovin,262144,0.1,300.0,3600.0,1200.0000476837158,mass_fraction_r_ge_large_threshold,10,10,0.0,0.0,0.0,0.0,0.0,0.0,0.0,nan
golovin_fixed10_high_resolution_screen_v2,controlled,golovin,262144,0.1,300.0,3600.0,1200.0000476837158,mass_fraction_r_ge_onset_threshold,10,10,0.0,0.0,0.0,0.0,0.0,0.0,0.0,nan
golovin_fixed10_high_resolution_screen_v2,controlled,golovin,262144,0.1,300.0,3600.0,1200.0000476837158,mass_weighted_radius_q99_um,10,10,235.05224151611327,1.00063169594098,0.31642752581305594,234.33643272208874,235.7680503101378,234.48706146240232,235.6550394821167,0.004257060853735295
golovin_fixed10_high_resolution_screen_v2,controlled,golovin,262144,0.1,300.0,3600.0,1200.0000476837158,fixed_bin_mass_below_range_fraction,10,10,0.0,0.0,0.0,0.0,0.0,0.0,0.0,nan
golovin_fixed10_high_resolution_screen_v2,controlled,golovin,262144,0.1,300.0,3600.0,1200.0000476837158,fixed_bin_mass_above_range_fraction,10,10,0.0,0.0,0.0,0.0,0.0,0.0,0.0,nan
golovin_fixed10_high_resolution_screen_v2,controlled,golovin,262144,0.1,300.0,3600.0,1200.0000476837158,fixed_bin_mass_below_range_fraction_bins_250,10,10,0.0,0.0,0.0,0.0,0.0,0.0,0.0,nan
golovin_fixed10_high_resolution_screen_v2,controlled,golovin,262144,0.1,300.0,3600.0,1200.0000476837158,fixed_bin_mass_below_range_fraction_bins_500,10,10,0.0,0.0,0.0,0.0,0.0,0.0,0.0,nan
golovin_fixed10_high_resolution_screen_v2,controlled,golovin,262144,0.1,300.0,3600.0,1200.0000476837158,fixed_bin_mass_below_range_fraction_bins_1000,10,10,0.0,0.0,0.0,0.0,0.0,0.0,0.0,nan
golovin_fixed10_high_resolution_screen_v2,controlled,golovin,262144,0.1,300.0,3600.0,1200.0000476837158,fixed_bin_mass_above_range_fraction_bins_250,10,10,0.0,0.0,0.0,0.0,0.0,0.0,0.0,nan
golovin_fixed10_high_resolution_screen_v2,controlled,golovin,262144,0.1,300.0,3600.0,1200.0000476837158,fixed_bin_mass_above_range_fraction_bins_500,10,10,0.0,0.0,0.0,0.0,0.0,0.0,0.0,nan
golovin_fixed10_high_resolution_screen_v2,controlled,golovin,262144,0.1,300.0,3600.0,1200.0000476837158,fixed_bin_mass_above_range_fraction_bins_1000,10,10,0.0,0.0,0.0,0.0,0.0,0.0,0.0,nan
golovin_fixed10_high_resolution_screen_v2,controlled,golovin,262144,0.1,300.0,3600.0,1500.0,golovin_fixed_bin_l1_relative,10,10,0.034712288204404654,0.0026613546715032314,0.0008415942423479424,0.032808469760907524,0.03661610664790178,0.033239908174178934,0.03634119389553599,0.07666894950375329
golovin_fixed10_high_resolution_screen_v2,controlled,golovin,262144,0.1,300.0,3600.0,1500.0,golovin_fixed_bin_l1_relative_bins_250,10,10,0.02465888732868548,0.0028580239282861987,0.000903786522064612,0.02261438017415654,0.026703394483214418,0.02303799591167296,0.026421777860874657,0.11590238805955706
golovin_fixed10_high_resolution_screen_v2,controlled,golovin,262144,0.1,300.0,3600.0,1500.0,golovin_fixed_bin_l1_relative_bins_500,10,10,0.034712288204404654,0.0026613546715032314,0.0008415942423479424,0.032808469760907524,0.03661610664790178,0.033204729683436164,0.036326828769731444,0.07666894950375329
golovin_fixed10_high_resolution_screen_v2,controlled,golovin,262144,0.1,300.0,3600.0,1500.0,golovin_fixed_bin_l1_relative_bins_1000,10,10,0.04663164846580432,0.002440446576054982,0.0007717369688293081,0.04488585815397093,0.04837743877763772,0.04518682547215476,0.0480844738451877,0.05233455510037561
golovin_fixed10_high_resolution_screen_v2,controlled,golovin,262144,0.1,300.0,3600.0,1500.0,radius_moment_0_m3,10,10,884525.8184393154,2058.878687879104,651.0746079676875,883052.9853513853,885998.6515272455,883260.1547595898,885695.5345888885,0.0023276637549278696
golovin_fixed10_high_resolution_screen_v2,controlled,golovin,262144,0.1,300.0,3600.0,1500.0,radius_moment_3_um3_m3,10,10,238740390091.5808,77.9955607597583,24.664361938288913,238740390035.78613,238740390147.3755,238740390045.0138,238740390135.0551,3.2669612682562517e-10
golovin_fixed10_high_resolution_screen_v2,controlled,golovin,262144,0.1,300.0,3600.0,1500.0,radius_moment_6_um6_m3,10,10,1.2256412285695877e+18,1.1059413784158526e+16,3497293714420274.5,1.2177298005431027e+18,1.2335526565960727e+18,1.218966699544971e+18,1.2320343179254044e+18,0.009023369585131912
golovin_fixed10_high_resolution_screen_v2,controlled,golovin,262144,0.1,300.0,3600.0,1500.0,golovin_relative_error_radius_moment_0_m3,10,10,0.000430196911254499,0.002328665108685684,0.0007363885651210308,-0.0012356297559367332,0.0020960235784457312,-0.001005978925241954,0.0017599631310545294,5.413021450793438
golovin_fixed10_high_resolution_screen_v2,controlled,golovin,262144,0.1,300.0,3600.0,1500.0,golovin_relative_error_radius_moment_3_um3_m3,10,10,2.972950130253338e-05,3.267058331839238e-10,1.0331345577242193e-10,2.972926759125939e-05,2.972973501380737e-05,2.972930751926062e-05,2.972969186401997e-05,1.0989280642796512e-05
golovin_fixed10_high_resolution_screen_v2,controlled,golovin,262144,0.1,300.0,3600.0,1500.0,golovin_relative_error_radius_moment_6_um6_m3,10,10,0.0019935681303238197,0.009041358287164975,0.002859128532908004,-0.004474229959754745,0.008461366220402385,-0.003459082805997205,0.007028014387629069,4.535264257909444
golovin_fixed10_high_resolution_screen_v2,controlled,golovin,262144,0.1,300.0,3600.0,1500.0,liquid_water_gm3,10,10,0.9982363474692135,3.261199881325467e-10,1.0312819530059295e-10,0.9982363472359214,0.9982363477025057,0.9982363472728201,0.9982363476586198,3.266961666536637e-10
golovin_fixed10_high_resolution_screen_v2,controlled,golovin,262144,0.1,300.0,3600.0,1500.0,relative_liquid_mass_drift,10,10,-5.693101545745094e-12,3.2669616567638605e-10,1.0331039863811032e-10,-2.3939745981648427e-10,2.280112567249941e-10,-2.0141902035142323e-10,1.827159210043836e-10,57.384566751765036
golovin_fixed10_high_resolution_screen_v2,controlled,golovin,262144,0.1,300.0,3600.0,1500.0,mass_fraction_r_ge_cloud_threshold,10,10,0.9531917735472076,0.0002511955356898252,7.94350030845963e-05,0.9530120790860029,0.9533714680084123,0.9530448077818968,0.953341059598918,0.0002635309521766288
golovin_fixed10_high_resolution_screen_v2,controlled,golovin,262144,0.1,300.0,3600.0,1500.0,mass_fraction_r_ge_large_threshold,10,10,0.0,0.0,0.0,0.0,0.0,0.0,0.0,nan
golovin_fixed10_high_resolution_screen_v2,controlled,golovin,262144,0.1,300.0,3600.0,1500.0,mass_fraction_r_ge_onset_threshold,10,10,0.0,0.0,0.0,0.0,0.0,0.0,0.0,nan
golovin_fixed10_high_resolution_screen_v2,controlled,golovin,262144,0.1,300.0,3600.0,1500.0,mass_weighted_radius_q99_um,10,10,319.6438507080078,1.0913518827407007,0.3451157678173618,318.86314460184514,320.42455681417044,319.0398984527588,320.32257568359375,0.00341427460695198
golovin_fixed10_high_resolution_screen_v2,controlled,golovin,262144,0.1,300.0,3600.0,1500.0,fixed_bin_mass_below_range_fraction,10,10,0.0,0.0,0.0,0.0,0.0,0.0,0.0,nan
golovin_fixed10_high_resolution_screen_v2,controlled,golovin,262144,0.1,300.0,3600.0,1500.0,fixed_bin_mass_above_range_fraction,10,10,0.0,0.0,0.0,0.0,0.0,0.0,0.0,nan
golovin_fixed10_high_resolution_screen_v2,controlled,golovin,262144,0.1,300.0,3600.0,1500.0,fixed_bin_mass_below_range_fraction_bins_250,10,10,0.0,0.0,0.0,0.0,0.0,0.0,0.0,nan
golovin_fixed10_high_resolution_screen_v2,controlled,golovin,262144,0.1,300.0,3600.0,1500.0,fixed_bin_mass_below_range_fraction_bins_500,10,10,0.0,0.0,0.0,0.0,0.0,0.0,0.0,nan
golovin_fixed10_high_resolution_screen_v2,controlled,golovin,262144,0.1,300.0,3600.0,1500.0,fixed_bin_mass_below_range_fraction_bins_1000,10,10,0.0,0.0,0.0,0.0,0.0,0.0,0.0,nan
golovin_fixed10_high_resolution_screen_v2,controlled,golovin,262144,0.1,300.0,3600.0,1500.0,fixed_bin_mass_above_range_fraction_bins_250,10,10,0.0,0.0,0.0,0.0,0.0,0.0,0.0,nan
golovin_fixed10_high_resolution_screen_v2,controlled,golovin,262144,0.1,300.0,3600.0,1500.0,fixed_bin_mass_above_range_fraction_bins_500,10,10,0.0,0.0,0.0,0.0,0.0,0.0,0.0,nan
golovin_fixed10_high_resolution_screen_v2,controlled,golovin,262144,0.1,300.0,3600.0,1500.0,fixed_bin_mass_above_range_fraction_bins_1000,10,10,0.0,0.0,0.0,0.0,0.0,0.0,0.0,nan
golovin_fixed10_high_resolution_screen_v2,controlled,golovin,262144,0.1,300.0,3600.0,1799.9999523162842,golovin_fixed_bin_l1_relative,10,10,0.03475138921084211,0.0021116928641203825,0.0006677759169344867,0.03324077513720462,0.036262003284479594,0.03364307965512013,0.03610595977316323,0.060765710726221965
golovin_fixed10_high_resolution_screen_v2,controlled,golovin,262144,0.1,300.0,3600.0,1799.9999523162842,golovin_fixed_bin_l1_relative_bins_250,10,10,0.025593511149689392,0.0025297072626962896,0.0007999636763590178,0.023783867589235456,0.02740315471014333,0.024116028509249463,0.027036807138057853,0.09884174343648001
golovin_fixed10_high_resolution_screen_v2,controlled,golovin,262144,0.1,300.0,3600.0,1799.9999523162842,golovin_fixed_bin_l1_relative_bins_500,10,10,0.03475138921084211,0.0021116928641203825,0.0006677759169344867,0.03324077513720462,0.036262003284479594,0.03365136658765155,0.036110918448733036,0.060765710726221965
golovin_fixed10_high_resolution_screen_v2,controlled,golovin,262144,0.1,300.0,3600.0,1799.9999523162842,golovin_fixed_bin_l1_relative_bins_1000,10,10,0.047879199627730885,0.0017522773149737654,0.0005541187407561369,0.04662569594928867,0.0491327033061731,0.04689147379342334,0.04893586336866776,0.036597882349705645
golovin_fixed10_high_resolution_screen_v2,controlled,golovin,262144,0.1,300.0,3600.0,1799.9999523162842,radius_moment_0_m3,10,10,563785.071174481,1173.6215967902544,371.13173570209625,562945.5128602207,564624.6294887412,563072.2115566585,564444.2202657252,0.002081682642545603
golovin_fixed10_high_resolution_screen_v2,controlled,golovin,262144,0.1,300.0,3600.0,1799.9999523162842,radius_moment_3_um3_m3,10,10,238740390134.88217,61.536640401984506,19.45959432250105,238740390090.8615,238740390178.90283,238740390099.84604,238740390173.287,2.5775546553818517e-10
golovin_fixed10_high_resolution_screen_v2,controlled,golovin,262144,0.1,300.0,3600.0,1799.9999523162842,radius_moment_6_um6_m3,10,10,3.0214485756463416e+18,2.4709090751119676e+16,7813700568533887.0,3.0037727569372723e+18,3.039124394355411e+18,3.008355160614718e+18,3.037120374447518e+18,0.00817789551352333
golovin_fixed10_high_resolution_screen_v2,controlled,golovin,262144,0.1,300.0,3600.0,1799.9999523162842,golovin_relative_error_radius_moment_0_m3,10,10,5.308568550339565e-05,0.002081793150095684,0.0006583207971639139,-0.0014361394212199763,0.0015423107922267676,-0.0012122244562549885,0.001212984391784554,39.215715693499355
golovin_fixed10_high_resolution_screen_v2,controlled,golovin,262144,0.1,300.0,3600.0,1799.9999523162842,golovin_relative_error_radius_moment_3_um3_m3,10,10,2.9729682682178016e-05,2.577631301253593e-10,8.151185880104987e-11,2.9729498289542775e-05,2.9729867074813258e-05,2.9729537005370177e-05,2.9729837909210908e-05,8.670228097654065e-06
golovin_fixed10_high_resolution_screen_v2,controlled,golovin,262144,0.1,300.0,3600.0,1799.9999523162842,golovin_relative_error_radius_moment_6_um6_m3,10,10,0.004269724227566285,0.008212812872127892,0.0025971194672673335,-0.0016053681779551717,0.010144816633087743,-0.00017461977812368578,0.009400898495400751,1.9234996066266186
golovin_fixed10_high_resolution_screen_v2,controlled,golovin,262144,0.1,300.0,3600.0,1799.9999523162842,liquid_water_gm3,10,10,0.998236347650268,2.5730090005615994e-10,8.136568881888114e-11,0.998236347466206,0.99823634783433,0.9982363475024083,0.9982363478038823,2.577554911337543e-10
golovin_fixed10_high_resolution_screen_v2,controlled,golovin,262144,0.1,300.0,3600.0,1799.9999523162842,relative_liquid_mass_drift,10,10,1.7568115850963295e-10,2.5775546326069695e-10,8.150943432556533e-11,-8.705992185574534e-12,3.600683092048404e-10,2.7875519670317338e-11,3.334371451169104e-10,1.467177615672222
golovin_fixed10_high_resolution_screen_v2,controlled,golovin,262144,0.1,300.0,3600.0,1799.9999523162842,mass_fraction_r_ge_cloud_threshold,10,10,0.9707697212325501,0.00018745777991568304,5.927935496521252e-05,0.9706356220151096,0.9709038204499907,0.970658002308444,0.9708804703823951,0.00019310221138507997
golovin_fixed10_high_resolution_screen_v2,controlled,golovin,262144,0.1,300.0,3600.0,1799.9999523162842,mass_fraction_r_ge_large_threshold,10,10,0.0,0.0,0.0,0.0,0.0,0.0,0.0,nan
golovin_fixed10_high_resolution_screen_v2,controlled,golovin,262144,0.1,300.0,3600.0,1799.9999523162842,mass_fraction_r_ge_onset_threshold,10,10,0.0,0.0,0.0,0.0,0.0,0.0,0.0,nan
golovin_fixed10_high_resolution_screen_v2,controlled,golovin,262144,0.1,300.0,3600.0,1799.9999523162842,mass_weighted_radius_q99_um,10,10,434.59886474609374,2.2182181954513727,0.7014621844854891,433.0120470410278,436.18568245115966,433.27202087402344,435.8655808258057,0.0051040588813947435
golovin_fixed10_high_resolution_screen_v2,controlled,golovin,262144,0.1,300.0,3600.0,1799.9999523162842,fixed_bin_mass_below_range_fraction,10,10,0.0,0.0,0.0,0.0,0.0,0.0,0.0,nan
golovin_fixed10_high_resolution_screen_v2,controlled,golovin,262144,0.1,300.0,3600.0,1799.9999523162842,fixed_bin_mass_above_range_fraction,10,10,0.0,0.0,0.0,0.0,0.0,0.0,0.0,nan
golovin_fixed10_high_resolution_screen_v2,controlled,golovin,262144,0.1,300.0,3600.0,1799.9999523162842,fixed_bin_mass_below_range_fraction_bins_250,10,10,0.0,0.0,0.0,0.0,0.0,0.0,0.0,nan
golovin_fixed10_high_resolution_screen_v2,controlled,golovin,262144,0.1,300.0,3600.0,1799.9999523162842,fixed_bin_mass_below_range_fraction_bins_500,10,10,0.0,0.0,0.0,0.0,0.0,0.0,0.0,nan
golovin_fixed10_high_resolution_screen_v2,controlled,golovin,262144,0.1,300.0,3600.0,1799.9999523162842,fixed_bin_mass_below_range_fraction_bins_1000,10,10,0.0,0.0,0.0,0.0,0.0,0.0,0.0,nan
golovin_fixed10_high_resolution_screen_v2,controlled,golovin,262144,0.1,300.0,3600.0,1799.9999523162842,fixed_bin_mass_above_range_fraction_bins_250,10,10,0.0,0.0,0.0,0.0,0.0,0.0,0.0,nan
golovin_fixed10_high_resolution_screen_v2,controlled,golovin,262144,0.1,300.0,3600.0,1799.9999523162842,fixed_bin_mass_above_range_fraction_bins_500,10,10,0.0,0.0,0.0,0.0,0.0,0.0,0.0,nan
golovin_fixed10_high_resolution_screen_v2,controlled,golovin,262144,0.1,300.0,3600.0,1799.9999523162842,fixed_bin_mass_above_range_fraction_bins_1000,10,10,0.0,0.0,0.0,0.0,0.0,0.0,0.0,nan
golovin_fixed10_high_resolution_screen_v2,controlled,golovin,262144,0.1,300.0,3600.0,2099.9999046325684,golovin_fixed_bin_l1_relative,10,10,0.033974004578007116,0.0035294827659859656,0.0011161204502826718,0.03144916470685461,0.03649884444915962,0.031742744550856655,0.035892086186797324,0.1038877462290906
golovin_fixed10_high_resolution_screen_v2,controlled,golovin,262144,0.1,300.0,3600.0,2099.9999046325684,golovin_fixed_bin_l1_relative_bins_250,10,10,0.025009776670894258,0.002807361536739702,0.000887765667164793,0.023001511208031095,0.02701804213375742,0.023273414130199805,0.02650612713416519,0.11225056399671246
golovin_fixed10_high_resolution_screen_v2,controlled,golovin,262144,0.1,300.0,3600.0,2099.9999046325684,golovin_fixed_bin_l1_relative_bins_500,10,10,0.033974004578007116,0.0035294827659859656,0.0011161204502826718,0.03144916470685461,0.03649884444915962,0.031743317784090404,0.03591790780320942,0.1038877462290906
golovin_fixed10_high_resolution_screen_v2,controlled,golovin,262144,0.1,300.0,3600.0,2099.9999046325684,golovin_fixed_bin_l1_relative_bins_1000,10,10,0.04790322854160854,0.002325955887334668,0.000735531834105554,0.04623933993462056,0.049567117148596525,0.04657962947422708,0.04929066993832823,0.048555305313385144
golovin_fixed10_high_resolution_screen_v2,controlled,golovin,262144,0.1,300.0,3600.0,2099.9999046325684,radius_moment_0_m3,10,10,359313.8421013277,716.707895580087,226.64293670592005,358801.1401586608,359826.5440439946,358891.55475283944,359727.22001232347,0.00199465707023325
golovin_fixed10_high_resolution_screen_v2,controlled,golovin,262144,0.1,300.0,3600.0,2099.9999046325684,radius_moment_3_um3_m3,10,10,238740390091.1233,97.19992524669705,30.73731521776665,238740390021.59067,238740390160.6559,238740390035.19803,238740390148.2728,4.0713649336669605e-10
golovin_fixed10_high_resolution_screen_v2,controlled,golovin,262144,0.1,300.0,3600.0,2099.9999046325684,radius_moment_6_um6_m3,10,10,7.421403344195582e+18,8.103596911323938e+16,2.5625823479689164e+16,7.363433704058401e+18,7.479372984332763e+18,7.375134770742345e+18,7.46955741876806e+18,0.010919224485571064
golovin_fixed10_high_resolution_screen_v2,controlled,golovin,262144,0.1,300.0,3600.0,2099.9999046325684,golovin_relative_error_radius_moment_0_m3,10,10,-0.0004221239006156674,0.001993815077810399,0.0006304996879066704,-0.0018484132857557747,0.0010041654845244397,-0.001583378729054441,0.0007322228895617574,4.72329350435363
golovin_fixed10_high_resolution_screen_v2,controlled,golovin,262144,0.1,300.0,3600.0,2099.9999046325684,golovin_relative_error_radius_moment_3_um3_m3,10,10,2.9729499386044188e-05,4.0714858647759995e-10,1.2875168793872477e-10,2.9729208129491095e-05,2.972979064259728e-05,2.9729256150355375e-05,2.972973581167826e-05,1.3695104017416662e-05
golovin_fixed10_high_resolution_screen_v2,controlled,golovin,262144,0.1,300.0,3600.0,2099.9999046325684,golovin_relative_error_radius_moment_6_um6_m3,10,10,0.0028934377472435656,0.010950818581868232,0.003462952896199868,-0.004940305951327753,0.010727181445814886,-0.003636326636226202,0.009217041433306266,3.784708550339655
golovin_fixed10_high_resolution_screen_v2,controlled,golovin,262144,0.1,300.0,3600.0,2099.9999046325684,liquid_water_gm3,10,10,0.9982363474673004,4.0641844267932647e-10,1.285207961965257e-10,0.9982363471765662,0.9982363477580346,0.9982363472310187,0.9982363477104423,4.0713648998103593e-10
golovin_fixed10_high_resolution_screen_v2,controlled,golovin,262144,0.1,300.0,3600.0,2099.9999046325684,relative_liquid_mass_drift,10,10,-7.609568530853039e-12,4.0713649138515776e-10,1.2874786313466201e-10,-2.9885746931589164e-10,2.836383322541856e-10,-2.4797320141711767e-10,2.2990382902987601e-10,53.503229484618025
golovin_fixed10_high_resolution_screen_v2,controlled,golovin,262144,0.1,300.0,3600.0,2099.9999046325684,mass_fraction_r_ge_cloud_threshold,10,10,0.9816096523465268,0.00011262898051310325,3.561641089641261e-05,0.9815290824275043,0.9816902222655493,0.981541115616322,0.981674534503466,0.00011473907193543274
golovin_fixed10_high_resolution_screen_v2,controlled,golovin,262144,0.1,300.0,3600.0,2099.9999046325684,mass_fraction_r_ge_large_threshold,10,10,0.0,0.0,0.0,0.0,0.0,0.0,0.0,nan
golovin_fixed10_high_resolution_screen_v2,controlled,golovin,262144,0.1,300.0,3600.0,2099.9999046325684,mass_fraction_r_ge_onset_threshold,10,10,0.0,0.0,0.0,0.0,0.0,0.0,0.0,nan
golovin_fixed10_high_resolution_screen_v2,controlled,golovin,262144,0.1,300.0,3600.0,2099.9999046325684,mass_weighted_radius_q99_um,10,10,587.5359252929687,4.048215631367095,1.2801581854616597,584.6400062842118,590.4318443017256,585.2863967895508,589.966019744873,0.006890158468775325
golovin_fixed10_high_resolution_screen_v2,controlled,golovin,262144,0.1,300.0,3600.0,2099.9999046325684,fixed_bin_mass_below_range_fraction,10,10,0.0,0.0,0.0,0.0,0.0,0.0,0.0,nan
golovin_fixed10_high_resolution_screen_v2,controlled,golovin,262144,0.1,300.0,3600.0,2099.9999046325684,fixed_bin_mass_above_range_fraction,10,10,0.0,0.0,0.0,0.0,0.0,0.0,0.0,nan
golovin_fixed10_high_resolution_screen_v2,controlled,golovin,262144,0.1,300.0,3600.0,2099.9999046325684,fixed_bin_mass_below_range_fraction_bins_250,10,10,0.0,0.0,0.0,0.0,0.0,0.0,0.0,nan
golovin_fixed10_high_resolution_screen_v2,controlled,golovin,262144,0.1,300.0,3600.0,2099.9999046325684,fixed_bin_mass_below_range_fraction_bins_500,10,10,0.0,0.0,0.0,0.0,0.0,0.0,0.0,nan
golovin_fixed10_high_resolution_screen_v2,controlled,golovin,262144,0.1,300.0,3600.0,2099.9999046325684,fixed_bin_mass_below_range_fraction_bins_1000,10,10,0.0,0.0,0.0,0.0,0.0,0.0,0.0,nan
golovin_fixed10_high_resolution_screen_v2,controlled,golovin,262144,0.1,300.0,3600.0,2099.9999046325684,fixed_bin_mass_above_range_fraction_bins_250,10,10,0.0,0.0,0.0,0.0,0.0,0.0,0.0,nan
golovin_fixed10_high_resolution_screen_v2,controlled,golovin,262144,0.1,300.0,3600.0,2099.9999046325684,fixed_bin_mass_above_range_fraction_bins_500,10,10,0.0,0.0,0.0,0.0,0.0,0.0,0.0,nan
golovin_fixed10_high_resolution_screen_v2,controlled,golovin,262144,0.1,300.0,3600.0,2099.9999046325684,fixed_bin_mass_above_range_fraction_bins_1000,10,10,0.0,0.0,0.0,0.0,0.0,0.0,0.0,nan
golovin_fixed10_high_resolution_screen_v2,controlled,golovin,262144,0.1,300.0,3600.0,2400.0000953674316,golovin_fixed_bin_l1_relative,10,10,0.03561541143009685,0.002785707117333997,0.0008809179384917352,0.03362263660570034,0.03760818625449335,0.03398890284663331,0.03722254969139144,0.0782163396540165
golovin_fixed10_high_resolution_screen_v2,controlled,golovin,262144,0.1,300.0,3600.0,2400.0000953674316,golovin_fixed_bin_l1_relative_bins_250,10,10,0.02535170185756703,0.0028042887950607714,0.0008867939809281179,0.023345634501684153,0.027357769213449904,0.023619682894863527,0.02690894659935967,0.11061540605108297
golovin_fixed10_high_resolution_screen_v2,controlled,golovin,262144,0.1,300.0,3600.0,2400.0000953674316,golovin_fixed_bin_l1_relative_bins_500,10,10,0.03561541143009685,0.002785707117333997,0.0008809179384917352,0.03362263660570034,0.03760818625449335,0.03394444228582057,0.037190770401919475,0.0782163396540165
golovin_fixed10_high_resolution_screen_v2,controlled,golovin,262144,0.1,300.0,3600.0,2400.0000953674316,golovin_fixed_bin_l1_relative_bins_1000,10,10,0.05009284375249943,0.0014202658470978322,0.00044912749597775936,0.04907684677046372,0.05110884073453514,0.04924258567678809,0.0509115001055143,0.02835266957721814
golovin_fixed10_high_resolution_screen_v2,controlled,golovin,262144,0.1,300.0,3600.0,2400.0000953674316,radius_moment_0_m3,10,10,229046.1283786951,446.6285035693828,141.23633392318925,228726.62959426342,229365.6271631268,228778.092000082,229303.06339264166,0.0019499500241756816
golovin_fixed10_high_resolution_screen_v2,controlled,golovin,262144,0.1,300.0,3600.0,2400.0000953674316,radius_moment_3_um3_m3,10,10,238740390105.69635,127.29395135041504,40.253881862997794,238740390014.63574,238740390196.75696,238740390033.73618,238740390183.9135,5.331898439726048e-10
golovin_fixed10_high_resolution_screen_v2,controlled,golovin,262144,0.1,300.0,3600.0,2400.0000953674316,radius_moment_6_um6_m3,10,10,1.8294682335948394e+19,2.20631362320964e+17,6.976976282000999e+16,1.8136852167238377e+19,1.845251250465841e+19,1.8173398756075581e+19,1.8432037344751057e+19,0.012059862984744549
golovin_fixed10_high_resolution_screen_v2,controlled,golovin,262144,0.1,300.0,3600.0,2400.0000953674316,golovin_relative_error_radius_moment_0_m3,10,10,-0.0006928330772727809,0.001948599034299906,0.000616201119479227,-0.0020867768534269865,0.0007011106988814249,-0.0018312119741171744,0.00045908782999551644,2.812508666546686
golovin_fixed10_high_resolution_screen_v2,controlled,golovin,262144,0.1,300.0,3600.0,2400.0000953674316,golovin_relative_error_radius_moment_3_um3_m3,10,10,2.972956042932573e-05,5.332057005730388e-10,1.6861444751965506e-10,2.972917899694552e-05,2.9729941861705937e-05,2.9729261915477645e-05,2.972988666794463e-05,1.793520297215952e-05
golovin_fixed10_high_resolution_screen_v2,controlled,golovin,262144,0.1,300.0,3600.0,2400.0000953674316,golovin_relative_error_radius_moment_6_um6_m3,10,10,0.005140812007911277,0.012121860473190318,0.0038332688574047842,-0.0035306445947982466,0.013812268610620801,-0.0014952957826949618,0.012632128592340086,2.3579661062368737
golovin_fixed10_high_resolution_screen_v2,controlled,golovin,262144,0.1,300.0,3600.0,2400.0000953674316,liquid_water_gm3,10,10,0.9982363475282343,5.322494966600337e-10,1.683120692923889e-10,0.998236347147486,0.9982363479089826,0.9982363472259865,0.9982363478542423,5.331898582714946e-10
golovin_fixed10_high_resolution_screen_v2,controlled,golovin,262144,0.1,300.0,3600.0,2400.0000953674316,relative_liquid_mass_drift,10,10,5.34318700395886e-11,5.331898626212762e-10,1.6860943911955088e-10,-3.279891803800913e-10,4.348529204592685e-10,-2.4573644591407956e-10,3.698189937617611e-10,9.978873324594977
golovin_fixed10_high_resolution_screen_v2,controlled,golovin,262144,0.1,300.0,3600.0,2400.0000953674316,mass_fraction_r_ge_cloud_threshold,10,10,0.9883682264969271,6.978666266623822e-05,2.206848043271518e-05,0.9883183041258442,0.98841814886801,0.9883261750700528,0.988406447245027,7.060795844640114e-05
golovin_fixed10_high_resolution_screen_v2,controlled,golovin,262144,0.1,300.0,3600.0,2400.0000953674316,mass_fraction_r_ge_large_threshold,10,10,0.0002358513041445476,8.940266119502885e-05,2.8271603825664217e-05,0.00017189649304652816,0.000299806115242567,0.0001822503383400434,0.00028726819129315506,0.3790636711520412
golovin_fixed10_high_resolution_screen_v2,controlled,golovin,262144,0.1,300.0,3600.0,2400.0000953674316,mass_fraction_r_ge_onset_threshold,10,10,0.0002358513041445476,8.940266119502885e-05,2.8271603825664217e-05,0.00017189649304652816,0.000299806115242567,0.0001819395211462072,0.0002867092034775261,0.3790636711520412
golovin_fixed10_high_resolution_screen_v2,controlled,golovin,262144,0.1,300.0,3600.0,2400.0000953674316,mass_weighted_radius_q99_um,10,10,795.8686645507812,5.49565079933051,1.7378773750809366,791.9373127986769,799.8000163028855,792.8974870300293,799.2647122192383,0.006905223241114118
golovin_fixed10_high_resolution_screen_v2,controlled,golovin,262144,0.1,300.0,3600.0,2400.0000953674316,fixed_bin_mass_below_range_fraction,10,10,0.0,0.0,0.0,0.0,0.0,0.0,0.0,nan
golovin_fixed10_high_resolution_screen_v2,controlled,golovin,262144,0.1,300.0,3600.0,2400.0000953674316,fixed_bin_mass_above_range_fraction,10,10,0.0,0.0,0.0,0.0,0.0,0.0,0.0,nan
golovin_fixed10_high_resolution_screen_v2,controlled,golovin,262144,0.1,300.0,3600.0,2400.0000953674316,fixed_bin_mass_below_range_fraction_bins_250,10,10,0.0,0.0,0.0,0.0,0.0,0.0,0.0,nan
golovin_fixed10_high_resolution_screen_v2,controlled,golovin,262144,0.1,300.0,3600.0,2400.0000953674316,fixed_bin_mass_below_range_fraction_bins_500,10,10,0.0,0.0,0.0,0.0,0.0,0.0,0.0,nan
golovin_fixed10_high_resolution_screen_v2,controlled,golovin,262144,0.1,300.0,3600.0,2400.0000953674316,fixed_bin_mass_below_range_fraction_bins_1000,10,10,0.0,0.0,0.0,0.0,0.0,0.0,0.0,nan
golovin_fixed10_high_resolution_screen_v2,controlled,golovin,262144,0.1,300.0,3600.0,2400.0000953674316,fixed_bin_mass_above_range_fraction_bins_250,10,10,0.0,0.0,0.0,0.0,0.0,0.0,0.0,nan
golovin_fixed10_high_resolution_screen_v2,controlled,golovin,262144,0.1,300.0,3600.0,2400.0000953674316,fixed_bin_mass_above_range_fraction_bins_500,10,10,0.0,0.0,0.0,0.0,0.0,0.0,0.0,nan
golovin_fixed10_high_resolution_screen_v2,controlled,golovin,262144,0.1,300.0,3600.0,2400.0000953674316,fixed_bin_mass_above_range_fraction_bins_1000,10,10,0.0,0.0,0.0,0.0,0.0,0.0,0.0,nan
golovin_fixed10_high_resolution_screen_v2,controlled,golovin,262144,0.1,300.0,3600.0,2700.000047683716,golovin_fixed_bin_l1_relative,10,10,0.03806969747033197,0.002355892540615352,0.0007449986350945253,0.036384393471678,0.03975500146898593,0.036732683336680214,0.039447281915694445,0.06188366856477698
golovin_fixed10_high_resolution_screen_v2,controlled,golovin,262144,0.1,300.0,3600.0,2700.000047683716,golovin_fixed_bin_l1_relative_bins_250,10,10,0.026690584884131403,0.0022717035806105496,0.0007183757483489257,0.02506550603942336,0.028315663728839445,0.025368763388330207,0.028017057070093984,0.08511254401027256
golovin_fixed10_high_resolution_screen_v2,controlled,golovin,262144,0.1,300.0,3600.0,2700.000047683716,golovin_fixed_bin_l1_relative_bins_500,10,10,0.03806969747033197,0.002355892540615352,0.0007449986350945253,0.036384393471678,0.03975500146898593,0.036651971259759594,0.03944097548619102,0.06188366856477698
golovin_fixed10_high_resolution_screen_v2,controlled,golovin,262144,0.1,300.0,3600.0,2700.000047683716,golovin_fixed_bin_l1_relative_bins_1000,10,10,0.05414617224424303,0.0021429947117880825,0.0006776744302946428,0.05261316617770681,0.055679178310779245,0.05297131862632918,0.05545387193406588,0.03957795395252398
golovin_fixed10_high_resolution_screen_v2,controlled,golovin,262144,0.1,300.0,3600.0,2700.000047683716,radius_moment_0_m3,10,10,146091.88392899372,252.29914645067564,79.78399545005217,145911.3999922097,146272.36786577772,145947.5580450879,146239.316432534,0.0017269894785757074
golovin_fixed10_high_resolution_screen_v2,controlled,golovin,262144,0.1,300.0,3600.0,2700.000047683716,radius_moment_3_um3_m3,10,10,238740390089.2191,126.99741208595255,40.16010791386054,238740389998.3706,238740390180.06757,238740390014.91245,238740390164.81195,5.319477447385113e-10
golovin_fixed10_high_resolution_screen_v2,controlled,golovin,262144,0.1,300.0,3600.0,2700.000047683716,radius_moment_6_um6_m3,10,10,4.517191574827753e+19,5.769514627102065e+17,1.8244807215299555e+17,4.47591895350179e+19,4.558464196153715e+19,4.486240822713641e+19,4.553632418708374e+19,0.012772348773633903
golovin_fixed10_high_resolution_screen_v2,controlled,golovin,262144,0.1,300.0,3600.0,2700.000047683716,golovin_relative_error_radius_moment_0_m3,10,10,-0.0003790693087083241,0.0017263348298679395,0.0005459150066461965,-0.0016140148512720472,0.0008558762338553989,-0.0013889495675893117,0.0006486696088304434,4.554140338479031
golovin_fixed10_high_resolution_screen_v2,controlled,golovin,262144,0.1,300.0,3600.0,2700.000047683716,golovin_relative_error_radius_moment_3_um3_m3,10,10,2.9729491409780096e-05,5.319635815169294e-10,1.6822165498541463e-10,2.9729110865958334e-05,2.9729871953601858e-05,2.972917370332451e-05,2.9729799276953518e-05,1.78934639070862e-05
golovin_fixed10_high_resolution_screen_v2,controlled,golovin,262144,0.1,300.0,3600.0,2700.000047683716,golovin_relative_error_radius_moment_6_um6_m3,10,10,0.009030129762655149,0.012887684740433716,0.004075443754596645,-0.00018916451838686156,0.018249424043697157,0.001938100389098075,0.017106235184277865,1.4271871035266632
golovin_fixed10_high_resolution_screen_v2,controlled,golovin,262144,0.1,300.0,3600.0,2700.000047683716,liquid_water_gm3,10,10,0.9982363474593384,5.310095931898407e-10,1.6791997738793324e-10,0.9982363470794771,0.9982363478391998,0.9982363471474884,0.9982363477669187,5.31947764215699e-10
golovin_fixed10_high_resolution_screen_v2,controlled,golovin,262144,0.1,300.0,3600.0,2700.000047683716,relative_liquid_mass_drift,10,10,-1.5585577273213857e-11,5.319477362405862e-10,1.682166442690747e-10,-3.961180640083788e-10,3.649469094619511e-10,-3.2647148789921584e-10,3.0180816179559134e-10,34.1307689099728
golovin_fixed10_high_resolution_screen_v2,controlled,golovin,262144,0.1,300.0,3600.0,2700.000047683716,mass_fraction_r_ge_cloud_threshold,10,10,0.9926191184084587,4.343416913858684e-05,1.3735090275492802e-05,0.9925880474756104,0.9926501893413071,0.9925928611613065,0.992643579238301,4.375713537356416e-05
golovin_fixed10_high_resolution_screen_v2,controlled,golovin,262144,0.1,300.0,3600.0,2700.000047683716,mass_fraction_r_ge_large_threshold,10,10,0.021349752059849764,0.001518316188622762,0.0004801337364353759,0.020263614088871413,0.022435890030828114,0.020411661080770756,0.022219206055864183,0.07111633823036755
golovin_fixed10_high_resolution_screen_v2,controlled,golovin,262144,0.1,300.0,3600.0,2700.000047683716,mass_fraction_r_ge_onset_threshold,10,10,0.021349752059849764,0.001518316188622762,0.0004801337364353759,0.020263614088871413,0.022435890030828114,0.020443878896161446,0.022219419267386062,0.07111633823036755
golovin_fixed10_high_resolution_screen_v2,controlled,golovin,262144,0.1,300.0,3600.0,2700.000047683716,mass_weighted_radius_q99_um,10,10,1077.6699829101562,9.361452366248784,2.960351168451894,1070.9732033100447,1084.3667625102678,1071.531005554199,1082.589034423828,0.008686752451774686
golovin_fixed10_high_resolution_screen_v2,controlled,golovin,262144,0.1,300.0,3600.0,2700.000047683716,fixed_bin_mass_below_range_fraction,10,10,0.0,0.0,0.0,0.0,0.0,0.0,0.0,nan
golovin_fixed10_high_resolution_screen_v2,controlled,golovin,262144,0.1,300.0,3600.0,2700.000047683716,fixed_bin_mass_above_range_fraction,10,10,0.0,0.0,0.0,0.0,0.0,0.0,0.0,nan
golovin_fixed10_high_resolution_screen_v2,controlled,golovin,262144,0.1,300.0,3600.0,2700.000047683716,fixed_bin_mass_below_range_fraction_bins_250,10,10,0.0,0.0,0.0,0.0,0.0,0.0,0.0,nan
golovin_fixed10_high_resolution_screen_v2,controlled,golovin,262144,0.1,300.0,3600.0,2700.000047683716,fixed_bin_mass_below_range_fraction_bins_500,10,10,0.0,0.0,0.0,0.0,0.0,0.0,0.0,nan
golovin_fixed10_high_resolution_screen_v2,controlled,golovin,262144,0.1,300.0,3600.0,2700.000047683716,fixed_bin_mass_below_range_fraction_bins_1000,10,10,0.0,0.0,0.0,0.0,0.0,0.0,0.0,nan
golovin_fixed10_high_resolution_screen_v2,controlled,golovin,262144,0.1,300.0,3600.0,2700.000047683716,fixed_bin_mass_above_range_fraction_bins_250,10,10,0.0,0.0,0.0,0.0,0.0,0.0,0.0,nan
golovin_fixed10_high_resolution_screen_v2,controlled,golovin,262144,0.1,300.0,3600.0,2700.000047683716,fixed_bin_mass_above_range_fraction_bins_500,10,10,0.0,0.0,0.0,0.0,0.0,0.0,0.0,nan
golovin_fixed10_high_resolution_screen_v2,controlled,golovin,262144,0.1,300.0,3600.0,2700.000047683716,fixed_bin_mass_above_range_fraction_bins_1000,10,10,0.0,0.0,0.0,0.0,0.0,0.0,0.0,nan
golovin_fixed10_high_resolution_screen_v2,controlled,golovin,262144,0.1,300.0,3600.0,300.00001192092896,golovin_fixed_bin_l1_relative,10,10,0.02824061315617028,0.0014510922902493141,0.00045887567322979757,0.027202564265139645,0.029278662047200914,0.027413578069487517,0.029111846883823306,0.0513831722500071
golovin_fixed10_high_resolution_screen_v2,controlled,golovin,262144,0.1,300.0,3600.0,300.00001192092896,golovin_fixed_bin_l1_relative_bins_250,10,10,0.0201358303001029,0.002608307608889517,0.0008248192882438523,0.018269959439187952,0.02200170116101785,0.01855920350377603,0.021579684917175164,0.1295356372205912
golovin_fixed10_high_resolution_screen_v2,controlled,golovin,262144,0.1,300.0,3600.0,300.00001192092896,golovin_fixed_bin_l1_relative_bins_500,10,10,0.02824061315617028,0.0014510922902493141,0.00045887567322979757,0.027202564265139645,0.029278662047200914,0.027385649772696228,0.02909366859383951,0.0513831722500071
golovin_fixed10_high_resolution_screen_v2,controlled,golovin,262144,0.1,300.0,3600.0,300.00001192092896,golovin_fixed_bin_l1_relative_bins_1000,10,10,0.04091707698152045,0.002284248611704921,0.0007223428355065106,0.03928302396218343,0.04255113000085747,0.03959127977645513,0.04225609279782028,0.05582629015109182
golovin_fixed10_high_resolution_screen_v2,controlled,golovin,262144,0.1,300.0,3600.0,300.00001192092896,radius_moment_0_m3,10,10,5349043.5070127295,7221.373820244791,2283.598910748489,5343877.647379822,5354209.366645637,5344975.830243386,5353391.246955785,0.0013500308626724366
golovin_fixed10_high_resolution_screen_v2,controlled,golovin,262144,0.1,300.0,3600.0,300.00001192092896,radius_moment_3_um3_m3,10,10,238740390171.81122,66.99870442356523,21.186850625886468,238740390123.88324,238740390219.7392,238740390133.39334,238740390212.01724,2.806341414427158e-10
golovin_fixed10_high_resolution_screen_v2,controlled,golovin,262144,0.1,300.0,3600.0,300.00001192092896,radius_moment_6_um6_m3,10,10,3.3382403146475764e+16,141359771717663.12,44701884814926.8,3.3281280457551096e+16,3.348352583540043e+16,3.329994943003553e+16,3.34641278452311e+16,0.004234559480256792
golovin_fixed10_high_resolution_screen_v2,controlled,golovin,262144,0.1,300.0,3600.0,300.00001192092896,golovin_relative_error_radius_moment_0_m3,10,10,4.4840211876051586e-05,0.0013500913983423553,0.00042693638681635184,-0.0009209569936197438,0.001010637417371847,-0.0007279872200506132,0.0008491613527725638,30.108943331363175
golovin_fixed10_high_resolution_screen_v2,controlled,golovin,262144,0.1,300.0,3600.0,300.00001192092896,golovin_relative_error_radius_moment_3_um3_m3,10,10,2.9729837369640854e-05,2.806424824451411e-10,8.874694527304662e-11,2.9729636610102927e-05,2.973003812917878e-05,2.9729677639839247e-05,2.9730003549248706e-05,9.43975841360384e-06
golovin_fixed10_high_resolution_screen_v2,controlled,golovin,262144,0.1,300.0,3600.0,300.00001192092896,golovin_relative_error_radius_moment_6_um6_m3,10,10,-0.0011850377031156656,0.004229541367616631,0.0013374984179572085,-0.0042106693295288315,0.0018405939232975005,-0.0037230099330679855,0.0012197883213302938,3.569119663025444
golovin_fixed10_high_resolution_screen_v2,controlled,golovin,262144,0.1,300.0,3600.0,300.00001192092896,liquid_water_gm3,10,10,0.9982363478046778,2.8013916556828423e-10,8.85877825014796e-11,0.9982363476042784,0.9982363480050773,0.9982363476432053,0.9982363479762058,2.8063410652634166e-10
golovin_fixed10_high_resolution_screen_v2,controlled,golovin,262144,0.1,300.0,3600.0,300.00001192092896,relative_liquid_mass_drift,10,10,3.3036399171848527e-10,2.8063410009269076e-10,8.874429454045729e-11,1.2961045016631618e-10,5.311175332706543e-10,1.6746086767271965e-10,4.939843722961966e-10,0.8494693947511959
golovin_fixed10_high_resolution_screen_v2,controlled,golovin,262144,0.1,300.0,3600.0,300.00001192092896,mass_fraction_r_ge_cloud_threshold,10,10,0.634444082464243,0.0015509488378634465,0.0004904530862039686,0.6333346005022702,0.6355535644262158,0.6335580940512722,0.6353679487126247,0.0024445792477713864
golovin_fixed10_high_resolution_screen_v2,controlled,golovin,262144,0.1,300.0,3600.0,300.00001192092896,mass_fraction_r_ge_large_threshold,10,10,0.0,0.0,0.0,0.0,0.0,0.0,0.0,nan
golovin_fixed10_high_resolution_screen_v2,controlled,golovin,262144,0.1,300.0,3600.0,300.00001192092896,mass_fraction_r_ge_onset_threshold,10,10,0.0,0.0,0.0,0.0,0.0,0.0,0.0,nan
golovin_fixed10_high_resolution_screen_v2,controlled,golovin,262144,0.1,300.0,3600.0,300.00001192092896,mass_weighted_radius_q99_um,10,10,87.89376983642578,0.37119150539974943,0.1173810605169898,87.62823542960042,88.15930424325113,87.67683059692384,88.11581161499024,0.004223183350657884
golovin_fixed10_high_resolution_screen_v2,controlled,golovin,262144,0.1,300.0,3600.0,300.00001192092896,fixed_bin_mass_below_range_fraction,10,10,0.0,0.0,0.0,0.0,0.0,0.0,0.0,nan
golovin_fixed10_high_resolution_screen_v2,controlled,golovin,262144,0.1,300.0,3600.0,300.00001192092896,fixed_bin_mass_above_range_fraction,10,10,0.0,0.0,0.0,0.0,0.0,0.0,0.0,nan
golovin_fixed10_high_resolution_screen_v2,controlled,golovin,262144,0.1,300.0,3600.0,300.00001192092896,fixed_bin_mass_below_range_fraction_bins_250,10,10,0.0,0.0,0.0,0.0,0.0,0.0,0.0,nan
golovin_fixed10_high_resolution_screen_v2,controlled,golovin,262144,0.1,300.0,3600.0,300.00001192092896,fixed_bin_mass_below_range_fraction_bins_500,10,10,0.0,0.0,0.0,0.0,0.0,0.0,0.0,nan
golovin_fixed10_high_resolution_screen_v2,controlled,golovin,262144,0.1,300.0,3600.0,300.00001192092896,fixed_bin_mass_below_range_fraction_bins_1000,10,10,0.0,0.0,0.0,0.0,0.0,0.0,0.0,nan
golovin_fixed10_high_resolution_screen_v2,controlled,golovin,262144,0.1,300.0,3600.0,300.00001192092896,fixed_bin_mass_above_range_fraction_bins_250,10,10,0.0,0.0,0.0,0.0,0.0,0.0,0.0,nan
golovin_fixed10_high_resolution_screen_v2,controlled,golovin,262144,0.1,300.0,3600.0,300.00001192092896,fixed_bin_mass_above_range_fraction_bins_500,10,10,0.0,0.0,0.0,0.0,0.0,0.0,0.0,nan
golovin_fixed10_high_resolution_screen_v2,controlled,golovin,262144,0.1,300.0,3600.0,300.00001192092896,fixed_bin_mass_above_range_fraction_bins_1000,10,10,0.0,0.0,0.0,0.0,0.0,0.0,0.0,nan
golovin_fixed10_high_resolution_screen_v2,controlled,golovin,262144,0.1,300.0,3600.0,3000.0,golovin_fixed_bin_l1_relative,10,10,0.040825263352867666,0.0032626112649435128,0.0010317282716944566,0.03849133185299264,0.043159194852742694,0.03896931993661491,0.04276317870485588,0.07991647810679313
golovin_fixed10_high_resolution_screen_v2,controlled,golovin,262144,0.1,300.0,3600.0,3000.0,golovin_fixed_bin_l1_relative_bins_250,10,10,0.02931226612509678,0.0027505941847565914,0.0008698142542644824,0.027344609579508402,0.031279922670685155,0.027850836710038573,0.031085174877607712,0.09383765052547638
golovin_fixed10_high_resolution_screen_v2,controlled,golovin,262144,0.1,300.0,3600.0,3000.0,golovin_fixed_bin_l1_relative_bins_500,10,10,0.040825263352867666,0.0032626112649435128,0.0010317282716944566,0.03849133185299264,0.043159194852742694,0.038904256814396375,0.04274488363320181,0.07991647810679313
golovin_fixed10_high_resolution_screen_v2,controlled,golovin,262144,0.1,300.0,3600.0,3000.0,golovin_fixed_bin_l1_relative_bins_1000,10,10,0.05885337878316708,0.003233397662697041,0.0010224901195187506,0.05654034543540734,0.061166412130926814,0.05686856905985019,0.06068206891425422,0.05493988161002304
golovin_fixed10_high_resolution_screen_v2,controlled,golovin,262144,0.1,300.0,3600.0,3000.0,radius_moment_0_m3,10,10,93163.31951925397,209.03797720160236,66.10361254314141,93013.78275865267,93312.85627985527,93042.94049974224,93287.95971243188,0.002243779829661401
golovin_fixed10_high_resolution_screen_v2,controlled,golovin,262144,0.1,300.0,3600.0,3000.0,radius_moment_3_um3_m3,10,10,238740390153.659,49.34174673074797,15.603230340033047,238740390118.36203,238740390188.95596,238740390125.6665,238740390183.26364,2.0667532083276922e-10
golovin_fixed10_high_resolution_screen_v2,controlled,golovin,262144,0.1,300.0,3600.0,3000.0,radius_moment_6_um6_m3,10,10,1.1110190228516992e+20,1.5274007913768197e+18,4.83006540069442e+17,1.1000926558087345e+20,1.1219453898946639e+20,1.1019224783928364e+20,1.119792006792778e+20,0.013747746527835104
golovin_fixed10_high_resolution_screen_v2,controlled,golovin,262144,0.1,300.0,3600.0,3000.0,golovin_relative_error_radius_moment_0_m3,10,10,-0.0002592129481966521,0.0022431982128766456,0.0007093615595909449,-0.0018639002812390138,0.0013454743848457097,-0.0015348501835710047,0.0010862657709249824,8.653881792875723
golovin_fixed10_high_resolution_screen_v2,controlled,golovin,262144,0.1,300.0,3600.0,3000.0,golovin_relative_error_radius_moment_3_um3_m3,10,10,2.9729761334040817e-05,2.0668144440018027e-10,6.53584114398023e-11,2.972961348304223e-05,2.9729909185039405e-05,2.97296434390526e-05,2.9729886099537084e-05,6.952004830376097e-06
golovin_fixed10_high_resolution_screen_v2,controlled,golovin,262144,0.1,300.0,3600.0,3000.0,golovin_relative_error_radius_moment_6_um6_m3,10,10,0.00899894213098471,0.01387146170327053,0.004386541345813361,-0.0009241037943574625,0.01892198805632688,0.0008279353830653203,0.01696860504998041,1.5414547067159152
golovin_fixed10_high_resolution_screen_v2,controlled,golovin,262144,0.1,300.0,3600.0,3000.0,liquid_water_gm3,10,10,0.9982363477287788,2.063107817212494e-10,6.524119760889817e-11,0.998236347581193,0.9982363478763646,0.9982363476133432,0.9982363478502351,2.066752850571457e-10
golovin_fixed10_high_resolution_screen_v2,controlled,golovin,262144,0.1,300.0,3600.0,3000.0,relative_liquid_mass_drift,10,10,2.543307009439388e-10,2.0667527286834362e-10,6.53564598300767e-11,1.0648411720419767e-10,4.0217728468368e-10,1.3571642143439537e-10,3.8029467963607274e-10,0.8126241625618776
golovin_fixed10_high_resolution_screen_v2,controlled,golovin,262144,0.1,300.0,3600.0,3000.0,mass_fraction_r_ge_cloud_threshold,10,10,0.9953051394151637,2.7741165787270516e-05,8.77252688361129e-06,0.9952852945806382,0.9953249842496893,0.9952882930363635,0.9953205715543335,2.7872021040272216e-05
golovin_fixed10_high_resolution_screen_v2,controlled,golovin,262144,0.1,300.0,3600.0,3000.0,mass_fraction_r_ge_large_threshold,10,10,0.14229211364931368,0.002706248729904619,0.0008557909901436427,0.14035617993110208,0.14422804736752529,0.14079546173877017,0.14399626670251667,0.019018965004443673
golovin_fixed10_high_resolution_screen_v2,controlled,golovin,262144,0.1,300.0,3600.0,3000.0,mass_fraction_r_ge_onset_threshold,10,10,0.14229211364931368,0.002706248729904619,0.0008557909901436427,0.14035617993110208,0.14422804736752529,0.14080923067685952,0.1439918666645754,0.019018965004443673
golovin_fixed10_high_resolution_screen_v2,controlled,golovin,262144,0.1,300.0,3600.0,3000.0,mass_weighted_radius_q99_um,10,10,1458.4627563476563,13.587563375981329,4.29676481199878,1448.742799051334,1468.1827136439786,1450.2816879272461,1466.1441006469727,0.00931635951404606
golovin_fixed10_high_resolution_screen_v2,controlled,golovin,262144,0.1,300.0,3600.0,3000.0,fixed_bin_mass_below_range_fraction,10,10,0.0,0.0,0.0,0.0,0.0,0.0,0.0,nan
golovin_fixed10_high_resolution_screen_v2,controlled,golovin,262144,0.1,300.0,3600.0,3000.0,fixed_bin_mass_above_range_fraction,10,10,0.0,0.0,0.0,0.0,0.0,0.0,0.0,nan
golovin_fixed10_high_resolution_screen_v2,controlled,golovin,262144,0.1,300.0,3600.0,3000.0,fixed_bin_mass_below_range_fraction_bins_250,10,10,0.0,0.0,0.0,0.0,0.0,0.0,0.0,nan
golovin_fixed10_high_resolution_screen_v2,controlled,golovin,262144,0.1,300.0,3600.0,3000.0,fixed_bin_mass_below_range_fraction_bins_500,10,10,0.0,0.0,0.0,0.0,0.0,0.0,0.0,nan
golovin_fixed10_high_resolution_screen_v2,controlled,golovin,262144,0.1,300.0,3600.0,3000.0,fixed_bin_mass_below_range_fraction_bins_1000,10,10,0.0,0.0,0.0,0.0,0.0,0.0,0.0,nan
golovin_fixed10_high_resolution_screen_v2,controlled,golovin,262144,0.1,300.0,3600.0,3000.0,fixed_bin_mass_above_range_fraction_bins_250,10,10,0.0,0.0,0.0,0.0,0.0,0.0,0.0,nan
golovin_fixed10_high_resolution_screen_v2,controlled,golovin,262144,0.1,300.0,3600.0,3000.0,fixed_bin_mass_above_range_fraction_bins_500,10,10,0.0,0.0,0.0,0.0,0.0,0.0,0.0,nan
golovin_fixed10_high_resolution_screen_v2,controlled,golovin,262144,0.1,300.0,3600.0,3000.0,fixed_bin_mass_above_range_fraction_bins_1000,10,10,0.0,0.0,0.0,0.0,0.0,0.0,0.0,nan
golovin_fixed10_high_resolution_screen_v2,controlled,golovin,262144,0.1,300.0,3600.0,3299.999952316284,golovin_fixed_bin_l1_relative,10,10,0.04549791305344537,0.0037346150518134794,0.001180988974767834,0.042826330384988606,0.04816949572190213,0.043322078940706985,0.047698893137341124,0.08208321659559444
golovin_fixed10_high_resolution_screen_v2,controlled,golovin,262144,0.1,300.0,3600.0,3299.999952316284,golovin_fixed_bin_l1_relative_bins_250,10,10,0.032616645949339364,0.0032347801183666156,0.0010229272903867575,0.0303026236523692,0.034930668246309526,0.030708706742659655,0.03449314033179196,0.09917574367980453
golovin_fixed10_high_resolution_screen_v2,controlled,golovin,262144,0.1,300.0,3600.0,3299.999952316284,golovin_fixed_bin_l1_relative_bins_500,10,10,0.04549791305344537,0.0037346150518134794,0.001180988974767834,0.042826330384988606,0.04816949572190213,0.04344143269208337,0.04778236145283282,0.08208321659559444
golovin_fixed10_high_resolution_screen_v2,controlled,golovin,262144,0.1,300.0,3600.0,3299.999952316284,golovin_fixed_bin_l1_relative_bins_1000,10,10,0.06360736160427767,0.003453219625094807,0.0010920039276092334,0.06113707709763267,0.06607764611092266,0.06156391055205252,0.06559873968656414,0.0542896221128998
golovin_fixed10_high_resolution_screen_v2,controlled,golovin,262144,0.1,300.0,3600.0,3299.999952316284,radius_moment_0_m3,10,10,59409.17295516443,122.70675794302593,38.80328393949197,59321.39382846062,59496.95208186824,59338.65377282297,59483.30042526602,0.00206545137458203
golovin_fixed10_high_resolution_screen_v2,controlled,golovin,262144,0.1,300.0,3600.0,3299.999952316284,radius_moment_3_um3_m3,10,10,238740390098.53668,62.13011586610176,19.647267742704656,238740390054.09146,238740390142.9819,238740390063.37637,238740390135.82214,2.6024132674181544e-10
golovin_fixed10_high_resolution_screen_v2,controlled,golovin,262144,0.1,300.0,3600.0,3299.999952316284,radius_moment_6_um6_m3,10,10,2.7328859389323765e+20,5.416419984224901e+18,1.712822391420397e+18,2.6941392045188484e+20,2.7716326733459046e+20,2.69815911403667e+20,2.760320764337747e+20,0.019819414733206423
golovin_fixed10_high_resolution_screen_v2,controlled,golovin,262144,0.1,300.0,3600.0,3299.999952316284,golovin_relative_error_radius_moment_0_m3,10,10,-0.0001630852573121011,0.0020651145299131397,0.0006530465543633445,-0.0016403791979058282,0.0013142086832816258,-0.0013511843753434905,0.0010823244297770065,12.662791008515677
golovin_fixed10_high_resolution_screen_v2,controlled,golovin,262144,0.1,300.0,3600.0,3299.999952316284,golovin_relative_error_radius_moment_3_um3_m3,10,10,2.97295304390488e-05,2.6024910428325627e-10,8.229799285537722e-11,2.9729344268054778e-05,2.9729716610042823e-05,2.9729383511081788e-05,2.9729689871744735e-05,8.753892188671345e-06
golovin_fixed10_high_resolution_screen_v2,controlled,golovin,262144,0.1,300.0,3600.0,3299.999952316284,golovin_relative_error_radius_moment_6_um6_m3,10,10,0.009077012898560343,0.019999315816381646,0.006324338962479581,-0.005229635785376609,0.023383661582497293,-0.0038960976000083636,0.0194293168181026,2.2032926514353233
golovin_fixed10_high_resolution_screen_v2,controlled,golovin,262144,0.1,300.0,3600.0,3299.999952316284,liquid_water_gm3,10,10,0.9982363474982978,2.597823616807112e-10,8.21503958848695e-11,0.9982363473124607,0.9982363476841349,0.998236347349963,0.9982363476511931,2.6024133696569704e-10
golovin_fixed10_high_resolution_screen_v2,controlled,golovin,262144,0.1,300.0,3600.0,3299.999952316284,relative_liquid_mass_drift,10,10,2.344250349395338e-11,2.6024134039816633e-10,8.229553769933961e-11,-1.627229365789374e-10,2.0960794356684417e-10,-1.209415964598115e-10,1.7917215378027152e-10,11.101260599802893
golovin_fixed10_high_resolution_screen_v2,controlled,golovin,262144,0.1,300.0,3600.0,3299.999952316284,mass_fraction_r_ge_cloud_threshold,10,10,0.9970124293739824,1.7783442826229704e-05,5.623618397026782e-06,0.9969997078653448,0.99702515088262,0.9970014018330675,0.9970222509594939,1.783673132078786e-05
golovin_fixed10_high_resolution_screen_v2,controlled,golovin,262144,0.1,300.0,3600.0,3299.999952316284,mass_fraction_r_ge_large_threshold,10,10,0.349751460465375,0.0030699851729819494,0.0009708145529568976,0.3475553253706548,0.35194759556009514,0.3480688668714902,0.3516801728294494,0.008777619309715148
golovin_fixed10_high_resolution_screen_v2,controlled,golovin,262144,0.1,300.0,3600.0,3299.999952316284,mass_fraction_r_ge_onset_threshold,10,10,0.349751460465375,0.0030699851729819494,0.0009708145529568976,0.3475553253706548,0.35194759556009514,0.34806829524692534,0.3517106070128042,0.008777619309715148
golovin_fixed10_high_resolution_screen_v2,controlled,golovin,262144,0.1,300.0,3600.0,3299.999952316284,mass_weighted_radius_q99_um,10,10,1961.5936645507813,24.34231993608006,7.697717453053734,1944.180217877159,1979.0071112244036,1946.1399996948242,1974.7706015014649,0.012409460927604811
golovin_fixed10_high_resolution_screen_v2,controlled,golovin,262144,0.1,300.0,3600.0,3299.999952316284,fixed_bin_mass_below_range_fraction,10,10,0.0,0.0,0.0,0.0,0.0,0.0,0.0,nan
golovin_fixed10_high_resolution_screen_v2,controlled,golovin,262144,0.1,300.0,3600.0,3299.999952316284,fixed_bin_mass_above_range_fraction,10,10,0.0,0.0,0.0,0.0,0.0,0.0,0.0,nan
golovin_fixed10_high_resolution_screen_v2,controlled,golovin,262144,0.1,300.0,3600.0,3299.999952316284,fixed_bin_mass_below_range_fraction_bins_250,10,10,0.0,0.0,0.0,0.0,0.0,0.0,0.0,nan
golovin_fixed10_high_resolution_screen_v2,controlled,golovin,262144,0.1,300.0,3600.0,3299.999952316284,fixed_bin_mass_below_range_fraction_bins_500,10,10,0.0,0.0,0.0,0.0,0.0,0.0,0.0,nan
golovin_fixed10_high_resolution_screen_v2,controlled,golovin,262144,0.1,300.0,3600.0,3299.999952316284,fixed_bin_mass_below_range_fraction_bins_1000,10,10,0.0,0.0,0.0,0.0,0.0,0.0,0.0,nan
golovin_fixed10_high_resolution_screen_v2,controlled,golovin,262144,0.1,300.0,3600.0,3299.999952316284,fixed_bin_mass_above_range_fraction_bins_250,10,10,0.0,0.0,0.0,0.0,0.0,0.0,0.0,nan
golovin_fixed10_high_resolution_screen_v2,controlled,golovin,262144,0.1,300.0,3600.0,3299.999952316284,fixed_bin_mass_above_range_fraction_bins_500,10,10,0.0,0.0,0.0,0.0,0.0,0.0,0.0,nan
golovin_fixed10_high_resolution_screen_v2,controlled,golovin,262144,0.1,300.0,3600.0,3299.999952316284,fixed_bin_mass_above_range_fraction_bins_1000,10,10,0.0,0.0,0.0,0.0,0.0,0.0,0.0,nan
golovin_fixed10_high_resolution_screen_v2,controlled,golovin,262144,0.1,300.0,3600.0,3599.9999046325684,golovin_fixed_bin_l1_relative,10,10,0.048046371707626136,0.0027777875113673732,0.0008784135391891761,0.04605926222805042,0.05003348118720185,0.04635434042501139,0.049683114885005895,0.05781471966855034
golovin_fixed10_high_resolution_screen_v2,controlled,golovin,262144,0.1,300.0,3600.0,3599.9999046325684,golovin_fixed_bin_l1_relative_bins_250,10,10,0.03626911481415006,0.003240760891863664,0.0010248185770287818,0.03395081412955574,0.03858741549874438,0.03434450734744823,0.03823403529261402,0.08935318406500815
golovin_fixed10_high_resolution_screen_v2,controlled,golovin,262144,0.1,300.0,3600.0,3599.9999046325684,golovin_fixed_bin_l1_relative_bins_500,10,10,0.048046371707626136,0.0027777875113673732,0.0008784135391891761,0.04605926222805042,0.05003348118720185,0.046395175496225405,0.049702103652443236,0.05781471966855034
golovin_fixed10_high_resolution_screen_v2,controlled,golovin,262144,0.1,300.0,3600.0,3599.9999046325684,golovin_fixed_bin_l1_relative_bins_1000,10,10,0.06853838704422022,0.002327330670017942,0.0007359665785622443,0.06687351497694555,0.07020325911149489,0.0670741729241893,0.0698243207810619,0.03395660111634045
golovin_fixed10_high_resolution_screen_v2,controlled,golovin,262144,0.1,300.0,3600.0,3599.9999046325684,radius_moment_0_m3,10,10,37882.38885941875,71.68550325440641,22.668946549933704,37831.10813960773,37933.669579229776,37841.05371834275,37926.476783699596,0.0018923173910819287
golovin_fixed10_high_resolution_screen_v2,controlled,golovin,262144,0.1,300.0,3600.0,3599.9999046325684,radius_moment_3_um3_m3,10,10,238740390065.16342,78.03560620680737,24.677025420548386,238740390009.34012,238740390120.98672,238740390018.3121,238740390108.7745,3.268638632344858e-10
golovin_fixed10_high_resolution_screen_v2,controlled,golovin,262144,0.1,300.0,3600.0,3599.9999046325684,radius_moment_6_um6_m3,10,10,6.709437093222956e+20,1.3272298568404113e+19,4.1970693261949087e+18,6.614492788832832e+20,6.804381397613081e+20,6.629637836244539e+20,6.781624626780604e+20,0.019781538129048336
golovin_fixed10_high_resolution_screen_v2,controlled,golovin,262144,0.1,300.0,3600.0,3599.9999046325684,golovin_relative_error_radius_moment_0_m3,10,10,-0.00012381846609655912,0.001892083087245198,0.0005983292077977908,-0.001477333169227707,0.001229696237034589,-0.0012232758752667905,0.0010336961784841953,15.281105855161117
golovin_fixed10_high_resolution_screen_v2,controlled,golovin,262144,0.1,300.0,3600.0,3599.9999046325684,golovin_relative_error_radius_moment_3_um3_m3,10,10,2.9729390646049403e-05,3.2687359203677307e-10,1.03366505779688e-10,2.972915681476796e-05,2.9729624477330845e-05,2.9729195257773843e-05,2.9729576900879298e-05,1.0994964408401346e-05
golovin_fixed10_high_resolution_screen_v2,controlled,golovin,262144,0.1,300.0,3600.0,3599.9999046325684,golovin_relative_error_radius_moment_6_um6_m3,10,10,0.007215691327174811,0.0199242756021643,0.006300609163176205,-0.007037276821296243,0.021468659475645864,-0.005363539580186977,0.01809754666021053,2.761242783089688
golovin_fixed10_high_resolution_screen_v2,controlled,golovin,262144,0.1,300.0,3600.0,3599.9999046325684,liquid_water_gm3,10,10,0.9982363473587557,3.262874553078937e-10,1.0318115307133406e-10,0.9982363471253437,0.9982363475921676,0.998236347166021,0.998236347543234,3.2686392974090876e-10
golovin_fixed10_high_resolution_screen_v2,controlled,golovin,262144,0.1,300.0,3600.0,3599.9999046325684,relative_liquid_mass_drift,10,10,-1.163463325681846e-10,3.268639397062736e-10,1.033634534447773e-10,-3.5017070914984636e-10,1.1747804401347712e-10,-3.152707767073436e-10,6.750549869094512e-11,2.8094047529578594
golovin_fixed10_high_resolution_screen_v2,controlled,golovin,262144,0.1,300.0,3600.0,3599.9999046325684,mass_fraction_r_ge_cloud_threshold,10,10,0.9980975562261744,1.0917350728662361e-05,3.452369431747196e-06,0.9980897464239357,0.998105366028413,0.9980907787013061,0.9981036868080276,1.0938159962981044e-05
golovin_fixed10_high_resolution_screen_v2,controlled,golovin,262144,0.1,300.0,3600.0,3599.9999046325684,mass_fraction_r_ge_large_threshold,10,10,0.5512617495604593,0.00283387755562156,0.0008961507685794632,0.5492345156803701,0.5532889834405484,0.5496420779265854,0.552959261317087,0.005140711391423606
golovin_fixed10_high_resolution_screen_v2,controlled,golovin,262144,0.1,300.0,3600.0,3599.9999046325684,mass_fraction_r_ge_onset_threshold,10,10,0.5512617495604593,0.00283387755562156,0.0008961507685794632,0.5492345156803701,0.5532889834405484,0.5496658718739929,0.5529785508402597,0.005140711391423606
golovin_fixed10_high_resolution_screen_v2,controlled,golovin,262144,0.1,300.0,3600.0,3599.9999046325684,mass_weighted_radius_q99_um,10,10,2642.2943359375,30.544499837293507,9.659018947648995,2620.444117039472,2664.1445548355277,2623.5128582763673,2659.3326544189454,0.011559840030636162
golovin_fixed10_high_resolution_screen_v2,controlled,golovin,262144,0.1,300.0,3600.0,3599.9999046325684,fixed_bin_mass_below_range_fraction,10,10,0.0,0.0,0.0,0.0,0.0,0.0,0.0,nan
golovin_fixed10_high_resolution_screen_v2,controlled,golovin,262144,0.1,300.0,3600.0,3599.9999046325684,fixed_bin_mass_above_range_fraction,10,10,0.0,0.0,0.0,0.0,0.0,0.0,0.0,nan
golovin_fixed10_high_resolution_screen_v2,controlled,golovin,262144,0.1,300.0,3600.0,3599.9999046325684,fixed_bin_mass_below_range_fraction_bins_250,10,10,0.0,0.0,0.0,0.0,0.0,0.0,0.0,nan
golovin_fixed10_high_resolution_screen_v2,controlled,golovin,262144,0.1,300.0,3600.0,3599.9999046325684,fixed_bin_mass_below_range_fraction_bins_500,10,10,0.0,0.0,0.0,0.0,0.0,0.0,0.0,nan
golovin_fixed10_high_resolution_screen_v2,controlled,golovin,262144,0.1,300.0,3600.0,3599.9999046325684,fixed_bin_mass_below_range_fraction_bins_1000,10,10,0.0,0.0,0.0,0.0,0.0,0.0,0.0,nan
golovin_fixed10_high_resolution_screen_v2,controlled,golovin,262144,0.1,300.0,3600.0,3599.9999046325684,fixed_bin_mass_above_range_fraction_bins_250,10,10,0.0,0.0,0.0,0.0,0.0,0.0,0.0,nan
golovin_fixed10_high_resolution_screen_v2,controlled,golovin,262144,0.1,300.0,3600.0,3599.9999046325684,fixed_bin_mass_above_range_fraction_bins_500,10,10,0.0,0.0,0.0,0.0,0.0,0.0,0.0,nan
golovin_fixed10_high_resolution_screen_v2,controlled,golovin,262144,0.1,300.0,3600.0,3599.9999046325684,fixed_bin_mass_above_range_fraction_bins_1000,10,10,0.0,0.0,0.0,0.0,0.0,0.0,0.0,nan
golovin_fixed10_high_resolution_screen_v2,controlled,golovin,262144,0.1,300.0,3600.0,600.0000238418579,golovin_fixed_bin_l1_relative,10,10,0.032476341760343586,0.0013255352382109404,0.00041917104715604277,0.03152811097358192,0.03342457254710525,0.03172079530782963,0.03329561389037707,0.04081541104575803
golovin_fixed10_high_resolution_screen_v2,controlled,golovin,262144,0.1,300.0,3600.0,600.0000238418579,golovin_fixed_bin_l1_relative_bins_250,10,10,0.023661136061294746,0.0027219491134308194,0.0008607558873517405,0.021713970965301282,0.02560830115728821,0.02205760212458477,0.025239840089643827,0.11503881750984163
golovin_fixed10_high_resolution_screen_v2,controlled,golovin,262144,0.1,300.0,3600.0,600.0000238418579,golovin_fixed_bin_l1_relative_bins_500,10,10,0.032476341760343586,0.0013255352382109404,0.00041917104715604277,0.03152811097358192,0.03342457254710525,0.031735099677693494,0.03329791440185445,0.04081541104575803
golovin_fixed10_high_resolution_screen_v2,controlled,golovin,262144,0.1,300.0,3600.0,600.0000238418579,golovin_fixed_bin_l1_relative_bins_1000,10,10,0.046034662832657634,0.0028935199374313437,0.0009150113457390944,0.043964763362852315,0.048104562302462954,0.04425525478921457,0.04766763958132786,0.06285524340538104
golovin_fixed10_high_resolution_screen_v2,controlled,golovin,262144,0.1,300.0,3600.0,600.0000238418579,radius_moment_0_m3,10,10,3411274.419876343,5911.524797349712,1869.3882804190398,3407045.569787742,3415503.269964944,3407731.3099906407,3414648.9507780466,0.001732937333597454
golovin_fixed10_high_resolution_screen_v2,controlled,golovin,262144,0.1,300.0,3600.0,600.0000238418579,radius_moment_3_um3_m3,10,10,238740390141.19977,81.30585957707082,25.71117033813583,238740390083.03705,238740390199.3625,238740390093.90323,238740390188.17322,3.4056181079784435e-10
golovin_fixed10_high_resolution_screen_v2,controlled,golovin,262144,0.1,300.0,3600.0,600.0000238418579,radius_moment_6_um6_m3,10,10,8.215886114688547e+16,538075835053553.94,170154519266629.94,8.177394488234398e+16,8.254377741142696e+16,8.184744846815728e+16,8.247570283125842e+16,0.006549212434816615
golovin_fixed10_high_resolution_screen_v2,controlled,golovin,262144,0.1,300.0,3600.0,600.0000238418579,golovin_relative_error_radius_moment_0_m3,10,10,0.00021472564608530088,0.0017333094396860666,0.0005481205719278219,-0.00102520923177827,0.001454660523948872,-0.000823644672715567,0.0012206056089231357,8.072205026676228
golovin_fixed10_high_resolution_screen_v2,controlled,golovin,262144,0.1,300.0,3600.0,600.0000238418579,golovin_relative_error_radius_moment_3_um3_m3,10,10,2.9729709145120965e-05,3.4057195489147914e-10,1.0769830846331974e-10,2.9729465514621052e-05,2.9729952775620877e-05,2.972951632868259e-05,2.9729916114712983e-05,1.1455610050842743e-05
golovin_fixed10_high_resolution_screen_v2,controlled,golovin,262144,0.1,300.0,3600.0,600.0000238418579,golovin_relative_error_radius_moment_6_um6_m3,10,10,-0.0005631327895135319,0.006545524358549099,0.0020698765453127776,-0.005245518842600835,0.004119253263573771,-0.004389213900759013,0.0032920704112616808,11.623411885149714
golovin_fixed10_high_resolution_screen_v2,controlled,golovin,262144,0.1,300.0,3600.0,600.0000238418579,liquid_water_gm3,10,10,0.9982363476766833,3.3996116922304897e-10,1.0750516107587697e-10,0.9982363474334898,0.9982363479198769,0.9982363474847615,0.9982363478761431,3.405618018360901e-10
golovin_fixed10_high_resolution_screen_v2,controlled,golovin,262144,0.1,300.0,3600.0,600.0000238418579,relative_liquid_mass_drift,10,10,2.0214323548373158e-10,3.40561834488225e-10,1.0769510811080749e-10,-4.148002472745862e-11,4.457664956949218e-10,7.546052671614234e-12,4.0446620996892316e-10,1.6847550385411403
golovin_fixed10_high_resolution_screen_v2,controlled,golovin,262144,0.1,300.0,3600.0,600.0000238418579,mass_fraction_r_ge_cloud_threshold,10,10,0.7901445557343599,0.0012144846540152812,0.0003840537690009847,0.7892757657499148,0.7910133457188051,0.7894788378279763,0.790880106892818,0.00153704109608974
golovin_fixed10_high_resolution_screen_v2,controlled,golovin,262144,0.1,300.0,3600.0,600.0000238418579,mass_fraction_r_ge_large_threshold,10,10,0.0,0.0,0.0,0.0,0.0,0.0,0.0,nan
golovin_fixed10_high_resolution_screen_v2,controlled,golovin,262144,0.1,300.0,3600.0,600.0000238418579,mass_fraction_r_ge_onset_threshold,10,10,0.0,0.0,0.0,0.0,0.0,0.0,0.0,nan
golovin_fixed10_high_resolution_screen_v2,controlled,golovin,262144,0.1,300.0,3600.0,600.0000238418579,mass_weighted_radius_q99_um,10,10,124.14962005615234,0.4487946558178357,0.14192133140956983,123.82857169975033,124.47066841255436,123.89140724182128,124.4243663597107,0.003614949893643233
golovin_fixed10_high_resolution_screen_v2,controlled,golovin,262144,0.1,300.0,3600.0,600.0000238418579,fixed_bin_mass_below_range_fraction,10,10,0.0,0.0,0.0,0.0,0.0,0.0,0.0,nan
golovin_fixed10_high_resolution_screen_v2,controlled,golovin,262144,0.1,300.0,3600.0,600.0000238418579,fixed_bin_mass_above_range_fraction,10,10,0.0,0.0,0.0,0.0,0.0,0.0,0.0,nan
golovin_fixed10_high_resolution_screen_v2,controlled,golovin,262144,0.1,300.0,3600.0,600.0000238418579,fixed_bin_mass_below_range_fraction_bins_250,10,10,0.0,0.0,0.0,0.0,0.0,0.0,0.0,nan
golovin_fixed10_high_resolution_screen_v2,controlled,golovin,262144,0.1,300.0,3600.0,600.0000238418579,fixed_bin_mass_below_range_fraction_bins_500,10,10,0.0,0.0,0.0,0.0,0.0,0.0,0.0,nan
golovin_fixed10_high_resolution_screen_v2,controlled,golovin,262144,0.1,300.0,3600.0,600.0000238418579,fixed_bin_mass_below_range_fraction_bins_1000,10,10,0.0,0.0,0.0,0.0,0.0,0.0,0.0,nan
golovin_fixed10_high_resolution_screen_v2,controlled,golovin,262144,0.1,300.0,3600.0,600.0000238418579,fixed_bin_mass_above_range_fraction_bins_250,10,10,0.0,0.0,0.0,0.0,0.0,0.0,0.0,nan
golovin_fixed10_high_resolution_screen_v2,controlled,golovin,262144,0.1,300.0,3600.0,600.0000238418579,fixed_bin_mass_above_range_fraction_bins_500,10,10,0.0,0.0,0.0,0.0,0.0,0.0,0.0,nan
golovin_fixed10_high_resolution_screen_v2,controlled,golovin,262144,0.1,300.0,3600.0,600.0000238418579,fixed_bin_mass_above_range_fraction_bins_1000,10,10,0.0,0.0,0.0,0.0,0.0,0.0,0.0,nan
golovin_fixed10_high_resolution_screen_v2,controlled,golovin,262144,0.1,300.0,3600.0,899.9999761581421,golovin_fixed_bin_l1_relative,10,10,0.032288841163050905,0.001999157377046518,0.0006321890712595017,0.03085873012725848,0.033718952198843334,0.031097594416880616,0.03345639402092875,0.061914807253417754
golovin_fixed10_high_resolution_screen_v2,controlled,golovin,262144,0.1,300.0,3600.0,899.9999761581421,golovin_fixed_bin_l1_relative_bins_250,10,10,0.023071314925531612,0.0023824350167507185,0.0007533921030273675,0.02136702358327265,0.024775606267790573,0.02166966545591296,0.024493616586072717,0.10326394591901754
golovin_fixed10_high_resolution_screen_v2,controlled,golovin,262144,0.1,300.0,3600.0,899.9999761581421,golovin_fixed_bin_l1_relative_bins_500,10,10,0.032288841163050905,0.001999157377046518,0.0006321890712595017,0.03085873012725848,0.033718952198843334,0.03110572505322763,0.03343023735367763,0.061914807253417754
golovin_fixed10_high_resolution_screen_v2,controlled,golovin,262144,0.1,300.0,3600.0,899.9999761581421,golovin_fixed_bin_l1_relative_bins_1000,10,10,0.04587707671755245,0.0032204479242790756,0.0010183950526683348,0.043573307054600524,0.04818084638050438,0.04395316752685085,0.04765785732134451,0.07019732194590639
golovin_fixed10_high_resolution_screen_v2,controlled,golovin,262144,0.1,300.0,3600.0,899.9999761581421,radius_moment_0_m3,10,10,2175020.170766118,4459.453486881372,1410.2030138124944,2171830.0699174223,2178210.2716148137,2172249.7204333497,2177508.469911399,0.002050304427894384
golovin_fixed10_high_resolution_screen_v2,controlled,golovin,262144,0.1,300.0,3600.0,899.9999761581421,radius_moment_3_um3_m3,10,10,238740390133.8868,71.28470911660733,22.542204315104854,238740390082.8928,238740390184.88083,238740390090.92206,238740390174.7161,2.9858671620931215e-10
golovin_fixed10_high_resolution_screen_v2,controlled,golovin,262144,0.1,300.0,3600.0,899.9999761581421,radius_moment_6_um6_m3,10,10,2.0215546868570762e+17,1659463002248323.5,524768277988582.2,2.0096836036684646e+17,2.0334257700456877e+17,2.0110304939593824e+17,2.03060635787394e+17,0.008208845464518702
golovin_fixed10_high_resolution_screen_v2,controlled,golovin,262144,0.1,300.0,3600.0,899.9999761581421,golovin_relative_error_radius_moment_0_m3,10,10,0.00016828704839110252,0.0020506494675748854,0.000648472300014824,-0.0012986592099636582,0.0016352333067458633,-0.0010760098396515884,0.00129858212691268,12.185426550527728
golovin_fixed10_high_resolution_screen_v2,controlled,golovin,262144,0.1,300.0,3600.0,899.9999761581421,golovin_relative_error_radius_moment_3_um3_m3,10,10,2.972967851269104e-05,2.985956214076164e-10,9.442422630014005e-11,2.9729464910251172e-05,2.9729892115130906e-05,2.9729498169687728e-05,2.9729847731090332e-05,1.0043688204706e-05
golovin_fixed10_high_resolution_screen_v2,controlled,golovin,262144,0.1,300.0,3600.0,899.9999761581421,golovin_relative_error_radius_moment_6_um6_m3,10,10,-0.0001840972957885323,0.008207334238267135,0.0025953869711207223,-0.006055270522742412,0.005687075931165348,-0.0053530924474003705,0.004340038257270929,44.581503509398004
golovin_fixed10_high_resolution_screen_v2,controlled,golovin,262144,0.1,300.0,3600.0,899.9999761581421,liquid_water_gm3,10,10,0.9982363476461058,2.980601562533063e-10,9.425489735061269e-11,0.9982363474328864,0.9982363478593252,0.9982363474654736,0.9982363478141651,2.9858675949453044e-10
golovin_fixed10_high_resolution_screen_v2,controlled,golovin,262144,0.1,300.0,3600.0,899.9999761581421,relative_liquid_mass_drift,10,10,1.7151180475849515e-10,2.9858674399864496e-10,9.442141901693298e-11,-4.208428459223042e-11,3.8510789410922074e-10,-7.736480345243965e-12,3.4232858714400293e-10,1.7409107461674918
golovin_fixed10_high_resolution_screen_v2,controlled,golovin,262144,0.1,300.0,3600.0,899.9999761581421,mass_fraction_r_ge_cloud_threshold,10,10,0.8755551243987003,0.0008713050793281577,0.00027553085875506707,0.8749318302929956,0.876178418504405,0.8750612447228783,0.8760826140127599,0.0009951458852194355
golovin_fixed10_high_resolution_screen_v2,controlled,golovin,262144,0.1,300.0,3600.0,899.9999761581421,mass_fraction_r_ge_large_threshold,10,10,0.0,0.0,0.0,0.0,0.0,0.0,0.0,nan
golovin_fixed10_high_resolution_screen_v2,controlled,golovin,262144,0.1,300.0,3600.0,899.9999761581421,mass_fraction_r_ge_onset_threshold,10,10,0.0,0.0,0.0,0.0,0.0,0.0,0.0,nan
golovin_fixed10_high_resolution_screen_v2,controlled,golovin,262144,0.1,300.0,3600.0,899.9999761581421,mass_weighted_radius_q99_um,10,10,171.774609375,0.8390317887496611,0.2653251481734168,171.17440219058903,172.374816559411,171.31439567565917,172.30230598449708,0.004884492485836346
golovin_fixed10_high_resolution_screen_v2,controlled,golovin,262144,0.1,300.0,3600.0,899.9999761581421,fixed_bin_mass_below_range_fraction,10,10,0.0,0.0,0.0,0.0,0.0,0.0,0.0,nan
golovin_fixed10_high_resolution_screen_v2,controlled,golovin,262144,0.1,300.0,3600.0,899.9999761581421,fixed_bin_mass_above_range_fraction,10,10,0.0,0.0,0.0,0.0,0.0,0.0,0.0,nan
golovin_fixed10_high_resolution_screen_v2,controlled,golovin,262144,0.1,300.0,3600.0,899.9999761581421,fixed_bin_mass_below_range_fraction_bins_250,10,10,0.0,0.0,0.0,0.0,0.0,0.0,0.0,nan
golovin_fixed10_high_resolution_screen_v2,controlled,golovin,262144,0.1,300.0,3600.0,899.9999761581421,fixed_bin_mass_below_range_fraction_bins_500,10,10,0.0,0.0,0.0,0.0,0.0,0.0,0.0,nan
golovin_fixed10_high_resolution_screen_v2,controlled,golovin,262144,0.1,300.0,3600.0,899.9999761581421,fixed_bin_mass_below_range_fraction_bins_1000,10,10,0.0,0.0,0.0,0.0,0.0,0.0,0.0,nan
golovin_fixed10_high_resolution_screen_v2,controlled,golovin,262144,0.1,300.0,3600.0,899.9999761581421,fixed_bin_mass_above_range_fraction_bins_250,10,10,0.0,0.0,0.0,0.0,0.0,0.0,0.0,nan
golovin_fixed10_high_resolution_screen_v2,controlled,golovin,262144,0.1,300.0,3600.0,899.9999761581421,fixed_bin_mass_above_range_fraction_bins_500,10,10,0.0,0.0,0.0,0.0,0.0,0.0,0.0,nan
golovin_fixed10_high_resolution_screen_v2,controlled,golovin,262144,0.1,300.0,3600.0,899.9999761581421,fixed_bin_mass_above_range_fraction_bins_1000,10,10,0.0,0.0,0.0,0.0,0.0,0.0,0.0,nan
golovin_fixed10_high_resolution_screen_v2,controlled,golovin,32768,0.1,300.0,3600.0,0.0,golovin_fixed_bin_l1_relative,10,10,0.003150725428215289,0.0,0.0,0.003150725428215289,0.003150725428215289,0.003150725428215289,0.003150725428215289,0.0
golovin_fixed10_high_resolution_screen_v2,controlled,golovin,32768,0.1,300.0,3600.0,0.0,golovin_fixed_bin_l1_relative_bins_250,10,10,0.002020990361909386,4.57139774554258e-19,1.4456028966473392e-19,0.0020209903619093856,0.0020209903619093864,0.002020990361909386,0.002020990361909386,2.2619592016379666e-16
golovin_fixed10_high_resolution_screen_v2,controlled,golovin,32768,0.1,300.0,3600.0,0.0,golovin_fixed_bin_l1_relative_bins_500,10,10,0.003150725428215289,0.0,0.0,0.003150725428215289,0.003150725428215289,0.003150725428215289,0.003150725428215289,0.0
golovin_fixed10_high_resolution_screen_v2,controlled,golovin,32768,0.1,300.0,3600.0,0.0,golovin_fixed_bin_l1_relative_bins_1000,10,10,0.007124586590200327,9.14279549108516e-19,2.8912057932946783e-19,0.007124586590200326,0.0071245865902003274,0.007124586590200327,0.007124586590200327,1.283273825833042e-16
golovin_fixed10_high_resolution_screen_v2,controlled,golovin,32768,0.1,300.0,3600.0,0.0,radius_moment_0_m3,10,10,8388607.999999998,9.817001907056755e-10,3.104408582051595e-10,8388607.999999997,8388607.999999999,8388607.999999998,8388607.999999998,1.1702778228589007e-16
golovin_fixed10_high_resolution_screen_v2,controlled,golovin,32768,0.1,300.0,3600.0,0.0,radius_moment_3_um3_m3,10,10,238740390076.0468,0.0,0.0,238740390076.0468,238740390076.0468,238740390076.0468,238740390076.0468,0.0
golovin_fixed10_high_resolution_screen_v2,controlled,golovin,32768,0.1,300.0,3600.0,0.0,radius_moment_6_um6_m3,10,10,1.3588188660031546e+16,2.1081851067789197,0.6666666666666666,1.3588188660031544e+16,1.3588188660031548e+16,1.3588188660031546e+16,1.3588188660031546e+16,1.5514835417173442e-16
golovin_fixed10_high_resolution_screen_v2,controlled,golovin,32768,0.1,300.0,3600.0,0.0,golovin_relative_error_radius_moment_0_m3,10,10,-1.1102230246251565e-16,0.0,0.0,-1.1102230246251565e-16,-1.1102230246251565e-16,-1.1102230246251565e-16,-1.1102230246251565e-16,0.0
golovin_fixed10_high_resolution_screen_v2,controlled,golovin,32768,0.1,300.0,3600.0,0.0,golovin_relative_error_radius_moment_3_um3_m3,10,10,2.9729436234138262e-05,0.0,0.0,2.9729436234138262e-05,2.9729436234138262e-05,2.9729436234138262e-05,2.9729436234138262e-05,0.0
golovin_fixed10_high_resolution_screen_v2,controlled,golovin,32768,0.1,300.0,3600.0,0.0,golovin_relative_error_radius_moment_6_um6_m3,10,10,-1.0369227709139395e-05,0.0,0.0,-1.0369227709139395e-05,-1.0369227709139395e-05,-1.0369227709139395e-05,-1.0369227709139395e-05,0.0
golovin_fixed10_high_resolution_screen_v2,controlled,golovin,32768,0.1,300.0,3600.0,0.0,liquid_water_gm3,10,10,0.9982363474042619,0.0,0.0,0.9982363474042619,0.9982363474042619,0.9982363474042619,0.9982363474042619,0.0
golovin_fixed10_high_resolution_screen_v2,controlled,golovin,32768,0.1,300.0,3600.0,0.0,relative_liquid_mass_drift,10,10,0.0,0.0,0.0,0.0,0.0,0.0,0.0,nan
golovin_fixed10_high_resolution_screen_v2,controlled,golovin,32768,0.1,300.0,3600.0,0.0,mass_fraction_r_ge_cloud_threshold,10,10,0.342844725903238,0.0,0.0,0.342844725903238,0.342844725903238,0.342844725903238,0.342844725903238,0.0
golovin_fixed10_high_resolution_screen_v2,controlled,golovin,32768,0.1,300.0,3600.0,0.0,mass_fraction_r_ge_large_threshold,10,10,0.0,0.0,0.0,0.0,0.0,0.0,0.0,nan
golovin_fixed10_high_resolution_screen_v2,controlled,golovin,32768,0.1,300.0,3600.0,0.0,mass_fraction_r_ge_onset_threshold,10,10,0.0,0.0,0.0,0.0,0.0,0.0,0.0,nan
golovin_fixed10_high_resolution_screen_v2,controlled,golovin,32768,0.1,300.0,3600.0,0.0,mass_weighted_radius_q99_um,10,10,57.3795166015625,0.0,0.0,57.3795166015625,57.3795166015625,57.3795166015625,57.3795166015625,0.0
golovin_fixed10_high_resolution_screen_v2,controlled,golovin,32768,0.1,300.0,3600.0,0.0,fixed_bin_mass_below_range_fraction,10,10,0.0,0.0,0.0,0.0,0.0,0.0,0.0,nan
golovin_fixed10_high_resolution_screen_v2,controlled,golovin,32768,0.1,300.0,3600.0,0.0,fixed_bin_mass_above_range_fraction,10,10,0.0,0.0,0.0,0.0,0.0,0.0,0.0,nan
golovin_fixed10_high_resolution_screen_v2,controlled,golovin,32768,0.1,300.0,3600.0,0.0,fixed_bin_mass_below_range_fraction_bins_250,10,10,0.0,0.0,0.0,0.0,0.0,0.0,0.0,nan
golovin_fixed10_high_resolution_screen_v2,controlled,golovin,32768,0.1,300.0,3600.0,0.0,fixed_bin_mass_below_range_fraction_bins_500,10,10,0.0,0.0,0.0,0.0,0.0,0.0,0.0,nan
golovin_fixed10_high_resolution_screen_v2,controlled,golovin,32768,0.1,300.0,3600.0,0.0,fixed_bin_mass_below_range_fraction_bins_1000,10,10,0.0,0.0,0.0,0.0,0.0,0.0,0.0,nan
golovin_fixed10_high_resolution_screen_v2,controlled,golovin,32768,0.1,300.0,3600.0,0.0,fixed_bin_mass_above_range_fraction_bins_250,10,10,0.0,0.0,0.0,0.0,0.0,0.0,0.0,nan
golovin_fixed10_high_resolution_screen_v2,controlled,golovin,32768,0.1,300.0,3600.0,0.0,fixed_bin_mass_above_range_fraction_bins_500,10,10,0.0,0.0,0.0,0.0,0.0,0.0,0.0,nan
golovin_fixed10_high_resolution_screen_v2,controlled,golovin,32768,0.1,300.0,3600.0,0.0,fixed_bin_mass_above_range_fraction_bins_1000,10,10,0.0,0.0,0.0,0.0,0.0,0.0,0.0,nan
golovin_fixed10_high_resolution_screen_v2,controlled,golovin,32768,0.1,300.0,3600.0,1200.0000476837158,golovin_fixed_bin_l1_relative,10,10,0.09364797855307007,0.007951766929611921,0.002514569492037748,0.08795962716530303,0.0993363299408371,0.08902976077195816,0.09838631760576605,0.0849112501142315
golovin_fixed10_high_resolution_screen_v2,controlled,golovin,32768,0.1,300.0,3600.0,1200.0000476837158,golovin_fixed_bin_l1_relative_bins_250,10,10,0.06373661404500253,0.006290981496065643,0.001989383024554103,0.05923631698645831,0.06823691110354675,0.0604721230000246,0.06778888847674987,0.09870278787674173
golovin_fixed10_high_resolution_screen_v2,controlled,golovin,32768,0.1,300.0,3600.0,1200.0000476837158,golovin_fixed_bin_l1_relative_bins_500,10,10,0.09364797855307007,0.007951766929611921,0.002514569492037748,0.08795962716530303,0.0993363299408371,0.08903672295249934,0.09834211437264052,0.0849112501142315
golovin_fixed10_high_resolution_screen_v2,controlled,golovin,32768,0.1,300.0,3600.0,1200.0000476837158,golovin_fixed_bin_l1_relative_bins_1000,10,10,0.1302048527483387,0.00852271732528393,0.0026951198601675376,0.12410806805206101,0.1363016374446164,0.1252392741382241,0.1352920672940347,0.06545621876134469
golovin_fixed10_high_resolution_screen_v2,controlled,golovin,32768,0.1,300.0,3600.0,1200.0000476837158,radius_moment_0_m3,10,10,1385301.4431694099,11268.008091915091,3563.257026365962,1377240.7957643252,1393362.0905744946,1379082.8595434814,1391999.3431099593,0.008133975567177053
golovin_fixed10_high_resolution_screen_v2,controlled,golovin,32768,0.1,300.0,3600.0,1200.0000476837158,radius_moment_3_um3_m3,10,10,238740390000.09302,213.51115092957863,67.51815427814455,238740389847.35635,238740390152.82968,238740389877.053,238740390124.3009,8.943235408532903e-10
golovin_fixed10_high_resolution_screen_v2,controlled,golovin,32768,0.1,300.0,3600.0,1200.0000476837158,radius_moment_6_um6_m3,10,10,4.974038626778039e+17,1.021694544675404e+16,3230881834142934.0,4.9009510019454285e+17,5.0471262516106496e+17,4.9140979441168256e+17,5.033084909031511e+17,0.020540543034287054
golovin_fixed10_high_resolution_screen_v2,controlled,golovin,32768,0.1,300.0,3600.0,1200.0000476837158,golovin_relative_error_radius_moment_0_m3,10,10,-0.000949687489349571,0.008126250832342228,0.0025697461468040523,-0.006762857141915445,0.004863482163216304,-0.005540121874564231,0.004044766151907945,8.556763065192944
golovin_fixed10_high_resolution_screen_v2,controlled,golovin,32768,0.1,300.0,3600.0,1200.0000476837158,golovin_relative_error_radius_moment_3_um3_m3,10,10,2.9729118080701334e-05,8.943501097146377e-10,2.828183372319738e-10,2.9728478301173994e-05,2.9729757860228674e-05,2.972857682758123e-05,2.972963140854712e-05,3.008330443193353e-05
golovin_fixed10_high_resolution_screen_v2,controlled,golovin,32768,0.1,300.0,3600.0,1200.0000476837158,golovin_relative_error_radius_moment_6_um6_m3,10,10,0.0001776255923855885,0.020544191560411422,0.00649664380177088,-0.014518803717938967,0.014874054902710146,-0.011776059205939216,0.011969075799095247,115.6600875160727
golovin_fixed10_high_resolution_screen_v2,controlled,golovin,32768,0.1,300.0,3600.0,1200.0000476837158,liquid_water_gm3,10,10,0.9982363470866789,8.927462442938817e-10,2.8231115045297644e-10,0.9982363464480467,0.998236347725311,0.9982363465560982,0.9982363476012001,8.943235205763979e-10
golovin_fixed10_high_resolution_screen_v2,controlled,golovin,32768,0.1,300.0,3600.0,1200.0000476837158,relative_liquid_mass_drift,10,10,-3.1814408885111336e-10,8.943235085796573e-10,2.828099252144854e-10,-9.57904586885486e-10,3.2161640918325945e-10,-8.414537733258953e-10,2.0068911671389193e-10,2.8110643570630263
golovin_fixed10_high_resolution_screen_v2,controlled,golovin,32768,0.1,300.0,3600.0,1200.0000476837158,mass_fraction_r_ge_cloud_threshold,10,10,0.9247150746982381,0.0011893509446658128,0.0003761057922416858,0.9238642642863487,0.9255658851101275,0.9239911879308637,0.9253858086819661,0.0012861809839684222
golovin_fixed10_high_resolution_screen_v2,controlled,golovin,32768,0.1,300.0,3600.0,1200.0000476837158,mass_fraction_r_ge_large_threshold,10,10,0.0,0.0,0.0,0.0,0.0,0.0,0.0,nan
golovin_fixed10_high_resolution_screen_v2,controlled,golovin,32768,0.1,300.0,3600.0,1200.0000476837158,mass_fraction_r_ge_onset_threshold,10,10,0.0,0.0,0.0,0.0,0.0,0.0,0.0,nan
golovin_fixed10_high_resolution_screen_v2,controlled,golovin,32768,0.1,300.0,3600.0,1200.0000476837158,mass_weighted_radius_q99_um,10,10,235.77507476806642,2.997455411890897,0.9478786286373391,233.63082433883113,237.9193251973017,234.10792682647704,237.62665954589843,0.012713198860564523
golovin_fixed10_high_resolution_screen_v2,controlled,golovin,32768,0.1,300.0,3600.0,1200.0000476837158,fixed_bin_mass_below_range_fraction,10,10,0.0,0.0,0.0,0.0,0.0,0.0,0.0,nan
golovin_fixed10_high_resolution_screen_v2,controlled,golovin,32768,0.1,300.0,3600.0,1200.0000476837158,fixed_bin_mass_above_range_fraction,10,10,0.0,0.0,0.0,0.0,0.0,0.0,0.0,nan
golovin_fixed10_high_resolution_screen_v2,controlled,golovin,32768,0.1,300.0,3600.0,1200.0000476837158,fixed_bin_mass_below_range_fraction_bins_250,10,10,0.0,0.0,0.0,0.0,0.0,0.0,0.0,nan
golovin_fixed10_high_resolution_screen_v2,controlled,golovin,32768,0.1,300.0,3600.0,1200.0000476837158,fixed_bin_mass_below_range_fraction_bins_500,10,10,0.0,0.0,0.0,0.0,0.0,0.0,0.0,nan
golovin_fixed10_high_resolution_screen_v2,controlled,golovin,32768,0.1,300.0,3600.0,1200.0000476837158,fixed_bin_mass_below_range_fraction_bins_1000,10,10,0.0,0.0,0.0,0.0,0.0,0.0,0.0,nan
golovin_fixed10_high_resolution_screen_v2,controlled,golovin,32768,0.1,300.0,3600.0,1200.0000476837158,fixed_bin_mass_above_range_fraction_bins_250,10,10,0.0,0.0,0.0,0.0,0.0,0.0,0.0,nan
golovin_fixed10_high_resolution_screen_v2,controlled,golovin,32768,0.1,300.0,3600.0,1200.0000476837158,fixed_bin_mass_above_range_fraction_bins_500,10,10,0.0,0.0,0.0,0.0,0.0,0.0,0.0,nan
golovin_fixed10_high_resolution_screen_v2,controlled,golovin,32768,0.1,300.0,3600.0,1200.0000476837158,fixed_bin_mass_above_range_fraction_bins_1000,10,10,0.0,0.0,0.0,0.0,0.0,0.0,0.0,nan
golovin_fixed10_high_resolution_screen_v2,controlled,golovin,32768,0.1,300.0,3600.0,1500.0,golovin_fixed_bin_l1_relative,10,10,0.09363652058865217,0.007687458483471412,0.0024309878225753532,0.08813724407313812,0.09913579710416622,0.0892057250668172,0.09820973772887125,0.08209893356933487
golovin_fixed10_high_resolution_screen_v2,controlled,golovin,32768,0.1,300.0,3600.0,1500.0,golovin_fixed_bin_l1_relative_bins_250,10,10,0.06478771017245502,0.006598328555180824,0.002086574698449942,0.06006755027264298,0.06950787007226707,0.06132809745529825,0.06890839197688664,0.10184537372315024
golovin_fixed10_high_resolution_screen_v2,controlled,golovin,32768,0.1,300.0,3600.0,1500.0,golovin_fixed_bin_l1_relative_bins_500,10,10,0.09363652058865217,0.007687458483471412,0.0024309878225753532,0.08813724407313812,0.09913579710416622,0.08935183246199858,0.09832422079910315,0.08209893356933487
golovin_fixed10_high_resolution_screen_v2,controlled,golovin,32768,0.1,300.0,3600.0,1500.0,golovin_fixed_bin_l1_relative_bins_1000,10,10,0.13022545786528386,0.0072094474365725835,0.002279827457083167,0.12506812985329915,0.13538278587726857,0.12598921478608577,0.1345996665131632,0.05536127539693998
golovin_fixed10_high_resolution_screen_v2,controlled,golovin,32768,0.1,300.0,3600.0,1500.0,radius_moment_0_m3,10,10,883199.5568516103,7483.64626127104,2366.5367388620025,877846.0788167685,888553.0348864521,879100.8269417521,887762.7876569221,0.008473335616186678
golovin_fixed10_high_resolution_screen_v2,controlled,golovin,32768,0.1,300.0,3600.0,1500.0,radius_moment_3_um3_m3,10,10,238740390086.69507,166.62999054977143,52.69302966296103,238740389967.49515,238740390205.895,238740389994.6582,238740390190.56244,6.979547553275849e-10
golovin_fixed10_high_resolution_screen_v2,controlled,golovin,32768,0.1,300.0,3600.0,1500.0,radius_moment_6_um6_m3,10,10,1.2251739140352087e+18,2.3653678602185296e+16,7479949942449337.0,1.2082530916955249e+18,1.2420947363748925e+18,1.2106174346432563e+18,1.2383731887929157e+18,0.01930638444976355
golovin_fixed10_high_resolution_screen_v2,controlled,golovin,32768,0.1,300.0,3600.0,1500.0,golovin_relative_error_radius_moment_0_m3,10,10,-0.0010698521700541197,0.008464270399690147,0.002676637319456463,-0.007124826454475544,0.0049851221143673045,-0.005736405733139593,0.004266806827474099,7.91162614481772
golovin_fixed10_high_resolution_screen_v2,controlled,golovin,32768,0.1,300.0,3600.0,1500.0,golovin_relative_error_radius_moment_3_um3_m3,10,10,2.9729480837126232e-05,6.97975502004335e-10,2.2071923373331185e-10,2.9728981535530676e-05,2.9729980138721788e-05,2.9729103742737738e-05,2.9729921319954223e-05,2.3477554345069555e-05
golovin_fixed10_high_resolution_screen_v2,controlled,golovin,32768,0.1,300.0,3600.0,1500.0,golovin_relative_error_radius_moment_6_um6_m3,10,10,0.0016115263493956754,0.019337497197015923,0.00611505353896921,-0.012221685814678035,0.015444738513469386,-0.010160999263110593,0.012433730224558601,11.999491788804763
golovin_fixed10_high_resolution_screen_v2,controlled,golovin,32768,0.1,300.0,3600.0,1500.0,liquid_water_gm3,10,10,0.9982363474487848,6.967238189832392e-10,2.203234168077895e-10,0.9982363469503786,0.998236347947191,0.9982363470682186,0.9982363478807504,6.979547686916751e-10
golovin_fixed10_high_resolution_screen_v2,controlled,golovin,32768,0.1,300.0,3600.0,1500.0,relative_liquid_mass_drift,10,10,4.4601633497620695e-11,6.979547758862019e-10,2.2071267955927641e-10,-4.5468513548778143e-10,5.438884024830228e-10,-3.420880317905883e-10,4.821872112703569e-10,15.648637082393739
golovin_fixed10_high_resolution_screen_v2,controlled,golovin,32768,0.1,300.0,3600.0,1500.0,mass_fraction_r_ge_cloud_threshold,10,10,0.9534480794074955,0.0009539667520164885,0.00030167077484451296,0.9527656527033741,0.954130506111617,0.9528681655317879,0.9539887888967421,0.0010005439967001825
golovin_fixed10_high_resolution_screen_v2,controlled,golovin,32768,0.1,300.0,3600.0,1500.0,mass_fraction_r_ge_large_threshold,10,10,0.0,0.0,0.0,0.0,0.0,0.0,0.0,nan
golovin_fixed10_high_resolution_screen_v2,controlled,golovin,32768,0.1,300.0,3600.0,1500.0,mass_fraction_r_ge_onset_threshold,10,10,0.0,0.0,0.0,0.0,0.0,0.0,0.0,nan
golovin_fixed10_high_resolution_screen_v2,controlled,golovin,32768,0.1,300.0,3600.0,1500.0,mass_weighted_radius_q99_um,10,10,321.10474853515626,5.9187200875274995,1.8716636309578045,316.87075124603615,325.3387458242764,317.5971045684814,324.4962996673584,0.018432365496081994
golovin_fixed10_high_resolution_screen_v2,controlled,golovin,32768,0.1,300.0,3600.0,1500.0,fixed_bin_mass_below_range_fraction,10,10,0.0,0.0,0.0,0.0,0.0,0.0,0.0,nan
golovin_fixed10_high_resolution_screen_v2,controlled,golovin,32768,0.1,300.0,3600.0,1500.0,fixed_bin_mass_above_range_fraction,10,10,0.0,0.0,0.0,0.0,0.0,0.0,0.0,nan
golovin_fixed10_high_resolution_screen_v2,controlled,golovin,32768,0.1,300.0,3600.0,1500.0,fixed_bin_mass_below_range_fraction_bins_250,10,10,0.0,0.0,0.0,0.0,0.0,0.0,0.0,nan
golovin_fixed10_high_resolution_screen_v2,controlled,golovin,32768,0.1,300.0,3600.0,1500.0,fixed_bin_mass_below_range_fraction_bins_500,10,10,0.0,0.0,0.0,0.0,0.0,0.0,0.0,nan
golovin_fixed10_high_resolution_screen_v2,controlled,golovin,32768,0.1,300.0,3600.0,1500.0,fixed_bin_mass_below_range_fraction_bins_1000,10,10,0.0,0.0,0.0,0.0,0.0,0.0,0.0,nan
golovin_fixed10_high_resolution_screen_v2,controlled,golovin,32768,0.1,300.0,3600.0,1500.0,fixed_bin_mass_above_range_fraction_bins_250,10,10,0.0,0.0,0.0,0.0,0.0,0.0,0.0,nan
golovin_fixed10_high_resolution_screen_v2,controlled,golovin,32768,0.1,300.0,3600.0,1500.0,fixed_bin_mass_above_range_fraction_bins_500,10,10,0.0,0.0,0.0,0.0,0.0,0.0,0.0,nan
golovin_fixed10_high_resolution_screen_v2,controlled,golovin,32768,0.1,300.0,3600.0,1500.0,fixed_bin_mass_above_range_fraction_bins_1000,10,10,0.0,0.0,0.0,0.0,0.0,0.0,0.0,nan
golovin_fixed10_high_resolution_screen_v2,controlled,golovin,32768,0.1,300.0,3600.0,1799.9999523162842,golovin_fixed_bin_l1_relative,10,10,0.09310239037285295,0.00605420827609426,0.0019145087581499392,0.08877147067236417,0.09743331007334173,0.08962108407120704,0.09670498130555948,0.0650274203685705
golovin_fixed10_high_resolution_screen_v2,controlled,golovin,32768,0.1,300.0,3600.0,1799.9999523162842,golovin_fixed_bin_l1_relative_bins_250,10,10,0.06668305334075268,0.0055031875686629,0.0017402607108099027,0.06274631010865776,0.0706197965728476,0.06333424579039124,0.0698035136535566,0.08252752825431409
golovin_fixed10_high_resolution_screen_v2,controlled,golovin,32768,0.1,300.0,3600.0,1799.9999523162842,golovin_fixed_bin_l1_relative_bins_500,10,10,0.09310239037285295,0.00605420827609426,0.0019145087581499392,0.08877147067236417,0.09743331007334173,0.08963075970237067,0.0967718535979743,0.0650274203685705
golovin_fixed10_high_resolution_screen_v2,controlled,golovin,32768,0.1,300.0,3600.0,1799.9999523162842,golovin_fixed_bin_l1_relative_bins_1000,10,10,0.1301551919837297,0.0064889238533874,0.002051977894010069,0.12551329549289125,0.13479708847456817,0.12614527787229177,0.1337831616918815,0.04985528240931457
golovin_fixed10_high_resolution_screen_v2,controlled,golovin,32768,0.1,300.0,3600.0,1799.9999523162842,radius_moment_0_m3,10,10,562897.8928737455,5296.0263864999415,1674.750592969103,559109.3438239599,566686.4419235311,560014.208783462,566180.9883303437,0.009408502773855305
golovin_fixed10_high_resolution_screen_v2,controlled,golovin,32768,0.1,300.0,3600.0,1799.9999523162842,radius_moment_3_um3_m3,10,10,238740390103.20035,224.49596234579002,70.99185665240934,238740389942.60562,238740390263.79507,238740389977.39456,238740390240.1611,9.403350737960473e-10
golovin_fixed10_high_resolution_screen_v2,controlled,golovin,32768,0.1,300.0,3600.0,1799.9999523162842,radius_moment_6_um6_m3,10,10,3.010540986454144e+18,8.823573080429576e+16,2.7902588035105536e+16,2.9474209470699223e+18,3.0736610258383657e+18,2.9642559026239657e+18,3.068023834657334e+18,0.029308928594996807
golovin_fixed10_high_resolution_screen_v2,controlled,golovin,32768,0.1,300.0,3600.0,1799.9999523162842,golovin_relative_error_radius_moment_0_m3,10,10,-0.0015206086930216855,0.009394196122749072,0.0029707056534209794,-0.008240811765473074,0.005199594379429704,-0.006570059192657613,0.004239497686332089,6.1779182020072145
golovin_fixed10_high_resolution_screen_v2,controlled,golovin,32768,0.1,300.0,3600.0,1799.9999523162842,golovin_relative_error_radius_moment_3_um3_m3,10,10,2.9729549974155667e-05,9.403630349391067e-10,2.973689017836074e-10,2.9728877278964504e-05,2.973022266934683e-05,2.9729040210491054e-05,2.9730122599901932e-05,3.163058424216236e-05
golovin_fixed10_high_resolution_screen_v2,controlled,golovin,32768,0.1,300.0,3600.0,1799.9999523162842,golovin_relative_error_radius_moment_6_um6_m3,10,10,0.0006442573974077437,0.02932781108905425,0.00927426818285547,-0.02033559480215025,0.02162410959696574,-0.01445564116439254,0.01975324492662428,45.52188489733861
golovin_fixed10_high_resolution_screen_v2,controlled,golovin,32768,0.1,300.0,3600.0,1799.9999523162842,liquid_water_gm3,10,10,0.9982363475177978,9.386766403639308e-10,2.9683561699447663e-10,0.9982363468463089,0.9982363481892866,0.9982363469937947,0.998236348093696,9.403350646347757e-10
golovin_fixed10_high_resolution_screen_v2,controlled,golovin,32768,0.1,300.0,3600.0,1799.9999523162842,relative_liquid_mass_drift,10,10,1.1373650909973776e-10,9.403350727368146e-10,2.973600593588437e-10,-5.589386791089698e-10,7.864116973084454e-10,-4.1159862074202636e-10,6.942093561113083e-10,8.267662513821454
golovin_fixed10_high_resolution_screen_v2,controlled,golovin,32768,0.1,300.0,3600.0,1799.9999523162842,mass_fraction_r_ge_cloud_threshold,10,10,0.9709131494754327,0.0006806456458253537,0.0002152390520284395,0.9704262449121727,0.9714000540386928,0.970493151877537,0.9712777568368155,0.0007010365924007668
golovin_fixed10_high_resolution_screen_v2,controlled,golovin,32768,0.1,300.0,3600.0,1799.9999523162842,mass_fraction_r_ge_large_threshold,10,10,0.0,0.0,0.0,0.0,0.0,0.0,0.0,nan
golovin_fixed10_high_resolution_screen_v2,controlled,golovin,32768,0.1,300.0,3600.0,1799.9999523162842,mass_fraction_r_ge_onset_threshold,10,10,0.0,0.0,0.0,0.0,0.0,0.0,0.0,nan
golovin_fixed10_high_resolution_screen_v2,controlled,golovin,32768,0.1,300.0,3600.0,1799.9999523162842,mass_weighted_radius_q99_um,10,10,434.2908111572266,9.173971996324022,2.9010646698985765,427.7281469344747,440.8534753799785,429.14212699890135,439.7815836334228,0.021124029706911674
golovin_fixed10_high_resolution_screen_v2,controlled,golovin,32768,0.1,300.0,3600.0,1799.9999523162842,fixed_bin_mass_below_range_fraction,10,10,0.0,0.0,0.0,0.0,0.0,0.0,0.0,nan
golovin_fixed10_high_resolution_screen_v2,controlled,golovin,32768,0.1,300.0,3600.0,1799.9999523162842,fixed_bin_mass_above_range_fraction,10,10,0.0,0.0,0.0,0.0,0.0,0.0,0.0,nan
golovin_fixed10_high_resolution_screen_v2,controlled,golovin,32768,0.1,300.0,3600.0,1799.9999523162842,fixed_bin_mass_below_range_fraction_bins_250,10,10,0.0,0.0,0.0,0.0,0.0,0.0,0.0,nan
golovin_fixed10_high_resolution_screen_v2,controlled,golovin,32768,0.1,300.0,3600.0,1799.9999523162842,fixed_bin_mass_below_range_fraction_bins_500,10,10,0.0,0.0,0.0,0.0,0.0,0.0,0.0,nan
golovin_fixed10_high_resolution_screen_v2,controlled,golovin,32768,0.1,300.0,3600.0,1799.9999523162842,fixed_bin_mass_below_range_fraction_bins_1000,10,10,0.0,0.0,0.0,0.0,0.0,0.0,0.0,nan
golovin_fixed10_high_resolution_screen_v2,controlled,golovin,32768,0.1,300.0,3600.0,1799.9999523162842,fixed_bin_mass_above_range_fraction_bins_250,10,10,0.0,0.0,0.0,0.0,0.0,0.0,0.0,nan
golovin_fixed10_high_resolution_screen_v2,controlled,golovin,32768,0.1,300.0,3600.0,1799.9999523162842,fixed_bin_mass_above_range_fraction_bins_500,10,10,0.0,0.0,0.0,0.0,0.0,0.0,0.0,nan
golovin_fixed10_high_resolution_screen_v2,controlled,golovin,32768,0.1,300.0,3600.0,1799.9999523162842,fixed_bin_mass_above_range_fraction_bins_1000,10,10,0.0,0.0,0.0,0.0,0.0,0.0,0.0,nan
golovin_fixed10_high_resolution_screen_v2,controlled,golovin,32768,0.1,300.0,3600.0,2099.9999046325684,golovin_fixed_bin_l1_relative,10,10,0.09584395590717007,0.005985348691616882,0.0018927334455818103,0.09156229538597944,0.1001256164283607,0.0925860895460838,0.0994789074675087,0.06244889033392996
golovin_fixed10_high_resolution_screen_v2,controlled,golovin,32768,0.1,300.0,3600.0,2099.9999046325684,golovin_fixed_bin_l1_relative_bins_250,10,10,0.07040955827925803,0.004981279163225356,0.001575218781692978,0.066846165829277,0.07397295072923907,0.0676977541840949,0.07355276405159801,0.07074720087674222
golovin_fixed10_high_resolution_screen_v2,controlled,golovin,32768,0.1,300.0,3600.0,2099.9999046325684,golovin_fixed_bin_l1_relative_bins_500,10,10,0.09584395590717007,0.005985348691616882,0.0018927334455818103,0.09156229538597944,0.1001256164283607,0.09255947406734052,0.09946242601146776,0.06244889033392996
golovin_fixed10_high_resolution_screen_v2,controlled,golovin,32768,0.1,300.0,3600.0,2099.9999046325684,golovin_fixed_bin_l1_relative_bins_1000,10,10,0.13556651043369766,0.006948491400755741,0.002197305912848197,0.13059585912408928,0.14053716174330605,0.13162411416594835,0.1398158836041075,0.05125522061847334
golovin_fixed10_high_resolution_screen_v2,controlled,golovin,32768,0.1,300.0,3600.0,2099.9999046325684,radius_moment_0_m3,10,10,358803.46270992636,3266.2818050873084,1032.8889984042044,356466.90546381084,361140.0199560419,357020.7795117575,360887.12324554194,0.009103261658675588
golovin_fixed10_high_resolution_screen_v2,controlled,golovin,32768,0.1,300.0,3600.0,2099.9999046325684,radius_moment_3_um3_m3,10,10,238740390095.0573,195.5856506773268,61.8496133786407,238740389955.14377,238740390234.97086,238740389983.5371,238740390212.8259,8.192398889833935e-10
golovin_fixed10_high_resolution_screen_v2,controlled,golovin,32768,0.1,300.0,3600.0,2099.9999046325684,radius_moment_6_um6_m3,10,10,7.362763812000174e+18,2.5170633209181674e+17,7.959653108968752e+16,7.182703949061748e+18,7.5428236749386e+18,7.222982106196562e+18,7.516584454936354e+18,0.03418639230034434
golovin_fixed10_high_resolution_screen_v2,controlled,golovin,32768,0.1,300.0,3600.0,2099.9999046325684,golovin_relative_error_radius_moment_0_m3,10,10,-0.0018419521629457702,0.009086493886173535,0.002873401662550313,-0.008342038315480232,0.004658133989588691,-0.006791983922206267,0.003785801308586094,4.933078105373714
golovin_fixed10_high_resolution_screen_v2,controlled,golovin,32768,0.1,300.0,3600.0,2099.9999046325684,golovin_relative_error_radius_moment_3_um3_m3,10,10,2.9729515864862498e-05,8.192642445198868e-10,2.5907410182199623e-10,2.9728929798527367e-05,2.973010193119763e-05,2.9729050774264797e-05,2.973001446946566e-05,2.7557268279911023e-05
golovin_fixed10_high_resolution_screen_v2,controlled,golovin,32768,0.1,300.0,3600.0,2099.9999046325684,golovin_relative_error_radius_moment_6_um6_m3,10,10,-0.005030832003886376,0.03401440630386234,0.010756299717859437,-0.029363272455846412,0.01930160844807366,-0.02367030315877844,0.016001939225345065,6.761189059301884
golovin_fixed10_high_resolution_screen_v2,controlled,golovin,32768,0.1,300.0,3600.0,2099.9999046325684,liquid_water_gm3,10,10,0.9982363474837497,8.177950541436589e-10,2.5860950303146825e-10,0.9982363468987343,0.998236348068765,0.998236347013908,0.9982363479815396,8.192399086699975e-10
golovin_fixed10_high_resolution_screen_v2,controlled,golovin,32768,0.1,300.0,3600.0,2099.9999046325684,relative_liquid_mass_drift,10,10,7.962828174612469e-11,8.1923991918462e-10,2.590664094755672e-10,-5.064206520894424e-10,6.656772155816917e-10,-3.806859702470964e-10,5.752547216353321e-10,10.28830336684353
golovin_fixed10_high_resolution_screen_v2,controlled,golovin,32768,0.1,300.0,3600.0,2099.9999046325684,mass_fraction_r_ge_cloud_threshold,10,10,0.9817314467839313,0.0004174131317795089,0.00013199762216872606,0.9814328474174701,0.9820300461503926,0.9814641398908948,0.9819624430106183,0.0004251805655680266
golovin_fixed10_high_resolution_screen_v2,controlled,golovin,32768,0.1,300.0,3600.0,2099.9999046325684,mass_fraction_r_ge_large_threshold,10,10,0.0,0.0,0.0,0.0,0.0,0.0,0.0,nan
golovin_fixed10_high_resolution_screen_v2,controlled,golovin,32768,0.1,300.0,3600.0,2099.9999046325684,mass_fraction_r_ge_onset_threshold,10,10,0.0,0.0,0.0,0.0,0.0,0.0,0.0,nan
golovin_fixed10_high_resolution_screen_v2,controlled,golovin,32768,0.1,300.0,3600.0,2099.9999046325684,mass_weighted_radius_q99_um,10,10,588.2736206054688,13.048912430177996,4.1264284267445355,578.9389909831344,597.6082502278031,580.7803814697265,596.0057637023925,0.022181705881606024
golovin_fixed10_high_resolution_screen_v2,controlled,golovin,32768,0.1,300.0,3600.0,2099.9999046325684,fixed_bin_mass_below_range_fraction,10,10,0.0,0.0,0.0,0.0,0.0,0.0,0.0,nan
golovin_fixed10_high_resolution_screen_v2,controlled,golovin,32768,0.1,300.0,3600.0,2099.9999046325684,fixed_bin_mass_above_range_fraction,10,10,0.0,0.0,0.0,0.0,0.0,0.0,0.0,nan
golovin_fixed10_high_resolution_screen_v2,controlled,golovin,32768,0.1,300.0,3600.0,2099.9999046325684,fixed_bin_mass_below_range_fraction_bins_250,10,10,0.0,0.0,0.0,0.0,0.0,0.0,0.0,nan
golovin_fixed10_high_resolution_screen_v2,controlled,golovin,32768,0.1,300.0,3600.0,2099.9999046325684,fixed_bin_mass_below_range_fraction_bins_500,10,10,0.0,0.0,0.0,0.0,0.0,0.0,0.0,nan
golovin_fixed10_high_resolution_screen_v2,controlled,golovin,32768,0.1,300.0,3600.0,2099.9999046325684,fixed_bin_mass_below_range_fraction_bins_1000,10,10,0.0,0.0,0.0,0.0,0.0,0.0,0.0,nan
golovin_fixed10_high_resolution_screen_v2,controlled,golovin,32768,0.1,300.0,3600.0,2099.9999046325684,fixed_bin_mass_above_range_fraction_bins_250,10,10,0.0,0.0,0.0,0.0,0.0,0.0,0.0,nan
golovin_fixed10_high_resolution_screen_v2,controlled,golovin,32768,0.1,300.0,3600.0,2099.9999046325684,fixed_bin_mass_above_range_fraction_bins_500,10,10,0.0,0.0,0.0,0.0,0.0,0.0,0.0,nan
golovin_fixed10_high_resolution_screen_v2,controlled,golovin,32768,0.1,300.0,3600.0,2099.9999046325684,fixed_bin_mass_above_range_fraction_bins_1000,10,10,0.0,0.0,0.0,0.0,0.0,0.0,0.0,nan
golovin_fixed10_high_resolution_screen_v2,controlled,golovin,32768,0.1,300.0,3600.0,2400.0000953674316,golovin_fixed_bin_l1_relative,10,10,0.10145715805755773,0.007625104673748294,0.0024112698166239726,0.0960024867704427,0.10691182934467276,0.0969072300918498,0.10584587916994298,0.0751559063917648
golovin_fixed10_high_resolution_screen_v2,controlled,golovin,32768,0.1,300.0,3600.0,2400.0000953674316,golovin_fixed_bin_l1_relative_bins_250,10,10,0.07442634312408848,0.006840682402079557,0.002163213714040315,0.06953281372620887,0.0793198725219681,0.07057246932532003,0.07856506231045876,0.09191211222986359
golovin_fixed10_high_resolution_screen_v2,controlled,golovin,32768,0.1,300.0,3600.0,2400.0000953674316,golovin_fixed_bin_l1_relative_bins_500,10,10,0.10145715805755773,0.007625104673748294,0.0024112698166239726,0.0960024867704427,0.10691182934467276,0.09680585132739947,0.10573077999017907,0.0751559063917648
golovin_fixed10_high_resolution_screen_v2,controlled,golovin,32768,0.1,300.0,3600.0,2400.0000953674316,golovin_fixed_bin_l1_relative_bins_1000,10,10,0.1404202986970835,0.004492570224546883,0.0014206754457822249,0.1372065075613957,0.1436340898327713,0.1378254175896639,0.14311174062410592,0.03199373784440036
golovin_fixed10_high_resolution_screen_v2,controlled,golovin,32768,0.1,300.0,3600.0,2400.0000953674316,radius_moment_0_m3,10,10,228865.4014961538,1993.3010953269143,630.3371523741462,227439.4797919328,230291.32320037478,227780.9825532483,230087.01932647754,0.008709490741266162
golovin_fixed10_high_resolution_screen_v2,controlled,golovin,32768,0.1,300.0,3600.0,2400.0000953674316,radius_moment_3_um3_m3,10,10,238740390051.87646,232.5173172045354,73.5284317798187,238740389885.5436,238740390218.20932,238740389916.21674,238740390189.63327,9.739337242182237e-10
golovin_fixed10_high_resolution_screen_v2,controlled,golovin,32768,0.1,300.0,3600.0,2400.0000953674316,radius_moment_6_um6_m3,10,10,1.8162180993627718e+19,7.551360421561206e+17,2.3879498364982675e+17,1.7621989210923983e+19,1.8702372776331452e+19,1.7724984825425189e+19,1.8618471937447657e+19,0.04157738778294652
golovin_fixed10_high_resolution_screen_v2,controlled,golovin,32768,0.1,300.0,3600.0,2400.0000953674316,golovin_relative_error_radius_moment_0_m3,10,10,-0.0014813278239753647,0.008696589130298478,0.002750102952640603,-0.007702492916723798,0.004739837268773068,-0.00647117368010137,0.0039137134684145295,5.870806576062199
golovin_fixed10_high_resolution_screen_v2,controlled,golovin,32768,0.1,300.0,3600.0,2400.0000953674316,golovin_relative_error_radius_moment_3_um3_m3,10,10,2.9729334989814228e-05,9.739626457234413e-10,3.079940316409728e-10,2.9728638258909453e-05,2.9730031720719003e-05,2.97287569321536e-05,2.9729897436392428e-05,3.276099670770091e-05
golovin_fixed10_high_resolution_screen_v2,controlled,golovin,32768,0.1,300.0,3600.0,2400.0000953674316,golovin_relative_error_radius_moment_6_um6_m3,10,10,-0.002139036002930794,0.04148845225357099,0.013119800571643,-0.03181808684055699,0.0275400148346954,-0.02590382474641001,0.022257793713523082,19.395864397198416
golovin_fixed10_high_resolution_screen_v2,controlled,golovin,32768,0.1,300.0,3600.0,2400.0000953674316,liquid_water_gm3,10,10,0.9982363473031992,9.722160404991445e-10,3.074417065727801e-10,0.9982363466077178,0.9982363479986807,0.9982363467223878,0.9982363478513705,9.73933721333279e-10
golovin_fixed10_high_resolution_screen_v2,controlled,golovin,32768,0.1,300.0,3600.0,2400.0000953674316,relative_liquid_mass_drift,10,10,-1.0124143745571246e-10,9.739337190555349e-10,3.0798488422540243e-10,-7.979516493397824e-10,5.954687744283575e-10,-6.842740477019935e-10,4.5171886453587674e-10,9.61991199978346
golovin_fixed10_high_resolution_screen_v2,controlled,golovin,32768,0.1,300.0,3600.0,2400.0000953674316,mass_fraction_r_ge_cloud_threshold,10,10,0.9884528979092316,0.0002477547583994809,7.834693376870926e-05,0.9882756648318235,0.9886301309866398,0.9883015293231854,0.9885918008663277,0.00025064902831842565
golovin_fixed10_high_resolution_screen_v2,controlled,golovin,32768,0.1,300.0,3600.0,2400.0000953674316,mass_fraction_r_ge_large_threshold,10,10,0.0003263885956091797,0.0003923088523328755,0.00012405895196185477,4.574774881943149e-05,0.0006070294423989279,0.00010673435998817292,0.0005613320512399048,1.2019686276129244
golovin_fixed10_high_resolution_screen_v2,controlled,golovin,32768,0.1,300.0,3600.0,2400.0000953674316,mass_fraction_r_ge_onset_threshold,10,10,0.0003263885956091797,0.0003923088523328755,0.00012405895196185477,4.574774881943149e-05,0.0006070294423989279,0.00010673435998817292,0.0005611404275341664,1.2019686276129244
golovin_fixed10_high_resolution_screen_v2,controlled,golovin,32768,0.1,300.0,3600.0,2400.0000953674316,mass_weighted_radius_q99_um,10,10,799.4933410644531,17.12467701372815,5.415298355811148,787.2430851001657,811.7435970287406,789.8453224182128,809.8119677734376,0.021419411687567266
golovin_fixed10_high_resolution_screen_v2,controlled,golovin,32768,0.1,300.0,3600.0,2400.0000953674316,fixed_bin_mass_below_range_fraction,10,10,0.0,0.0,0.0,0.0,0.0,0.0,0.0,nan
golovin_fixed10_high_resolution_screen_v2,controlled,golovin,32768,0.1,300.0,3600.0,2400.0000953674316,fixed_bin_mass_above_range_fraction,10,10,0.0,0.0,0.0,0.0,0.0,0.0,0.0,nan
golovin_fixed10_high_resolution_screen_v2,controlled,golovin,32768,0.1,300.0,3600.0,2400.0000953674316,fixed_bin_mass_below_range_fraction_bins_250,10,10,0.0,0.0,0.0,0.0,0.0,0.0,0.0,nan
golovin_fixed10_high_resolution_screen_v2,controlled,golovin,32768,0.1,300.0,3600.0,2400.0000953674316,fixed_bin_mass_below_range_fraction_bins_500,10,10,0.0,0.0,0.0,0.0,0.0,0.0,0.0,nan
golovin_fixed10_high_resolution_screen_v2,controlled,golovin,32768,0.1,300.0,3600.0,2400.0000953674316,fixed_bin_mass_below_range_fraction_bins_1000,10,10,0.0,0.0,0.0,0.0,0.0,0.0,0.0,nan
golovin_fixed10_high_resolution_screen_v2,controlled,golovin,32768,0.1,300.0,3600.0,2400.0000953674316,fixed_bin_mass_above_range_fraction_bins_250,10,10,0.0,0.0,0.0,0.0,0.0,0.0,0.0,nan
golovin_fixed10_high_resolution_screen_v2,controlled,golovin,32768,0.1,300.0,3600.0,2400.0000953674316,fixed_bin_mass_above_range_fraction_bins_500,10,10,0.0,0.0,0.0,0.0,0.0,0.0,0.0,nan
golovin_fixed10_high_resolution_screen_v2,controlled,golovin,32768,0.1,300.0,3600.0,2400.0000953674316,fixed_bin_mass_above_range_fraction_bins_1000,10,10,0.0,0.0,0.0,0.0,0.0,0.0,0.0,nan
golovin_fixed10_high_resolution_screen_v2,controlled,golovin,32768,0.1,300.0,3600.0,2700.000047683716,golovin_fixed_bin_l1_relative,10,10,0.10596557848152503,0.006482977172994915,0.0020500973885543374,0.10132793598957295,0.11060322097347712,0.10215210482295907,0.10976649539671643,0.0611800290801528
golovin_fixed10_high_resolution_screen_v2,controlled,golovin,32768,0.1,300.0,3600.0,2700.000047683716,golovin_fixed_bin_l1_relative_bins_250,10,10,0.07834184604588722,0.005109698084661467,0.0016158284103330114,0.07468658823359955,0.08199710385817488,0.07548306484451056,0.08140178782139912,0.0652231003296573
golovin_fixed10_high_resolution_screen_v2,controlled,golovin,32768,0.1,300.0,3600.0,2700.000047683716,golovin_fixed_bin_l1_relative_bins_500,10,10,0.10596557848152503,0.006482977172994915,0.0020500973885543374,0.10132793598957295,0.11060322097347712,0.10210896119215852,0.10977957662942729,0.0611800290801528
golovin_fixed10_high_resolution_screen_v2,controlled,golovin,32768,0.1,300.0,3600.0,2700.000047683716,golovin_fixed_bin_l1_relative_bins_1000,10,10,0.14945844035987438,0.004045782298780002,0.001279388698133667,0.14656426205238823,0.15235261866736052,0.14706846437046658,0.15188289088872317,0.027069614061530023
golovin_fixed10_high_resolution_screen_v2,controlled,golovin,32768,0.1,300.0,3600.0,2700.000047683716,radius_moment_0_m3,10,10,145863.3555125335,1263.7736181854964,399.6403080298158,144959.306327181,146767.40469788603,145161.80321588446,146623.03440950342,0.008664092593680287
golovin_fixed10_high_resolution_screen_v2,controlled,golovin,32768,0.1,300.0,3600.0,2700.000047683716,radius_moment_3_um3_m3,10,10,238740390125.9292,195.91436383961707,61.95356160761207,238740389985.78052,238740390266.07788,238740390009.6927,238740390238.81952,8.206167533540406e-10
golovin_fixed10_high_resolution_screen_v2,controlled,golovin,32768,0.1,300.0,3600.0,2700.000047683716,radius_moment_6_um6_m3,10,10,4.4853351244966674e+19,2.122069798752473e+18,6.710573917912954e+17,4.333531395947731e+19,4.6371388530456035e+19,4.36119337541838e+19,4.6112803378034115e+19,0.04731128755937955
golovin_fixed10_high_resolution_screen_v2,controlled,golovin,32768,0.1,300.0,3600.0,2700.000047683716,golovin_relative_error_radius_moment_0_m3,10,10,-0.0019427549988893732,0.008647260384483053,0.0027345038335509788,-0.00812863243265587,0.004243122434877124,-0.00678321277884804,0.0032547758009161746,4.451029795021238
golovin_fixed10_high_resolution_screen_v2,controlled,golovin,32768,0.1,300.0,3600.0,2700.000047683716,golovin_relative_error_radius_moment_3_um3_m3,10,10,2.9729645180043284e-05,8.206411854673392e-10,2.595095287817462e-10,2.9729058128703937e-05,2.973023223138263e-05,2.972915601548665e-05,2.9730123561277358e-05,2.7603463832061264e-05
golovin_fixed10_high_resolution_screen_v2,controlled,golovin,32768,0.1,300.0,3600.0,2700.000047683716,golovin_relative_error_radius_moment_6_um6_m3,10,10,0.0019141778091276817,0.04740184977614699,0.01498978105977671,-0.031995062784023066,0.035823418402278435,-0.02546670947923956,0.02938108951176941,24.763556212026455
golovin_fixed10_high_resolution_screen_v2,controlled,golovin,32768,0.1,300.0,3600.0,2700.000047683716,liquid_water_gm3,10,10,0.9982363476128331,8.19169501419634e-10,2.590441414230578e-10,0.9982363470268345,0.9982363481988317,0.9982363471340875,0.9982363480896174,8.206167841699846e-10
golovin_fixed10_high_resolution_screen_v2,controlled,golovin,32768,0.1,300.0,3600.0,2700.000047683716,relative_liquid_mass_drift,10,10,2.0893967667134917e-10,8.206167963308622e-10,2.5950181625960303e-10,-3.7809421573945557e-10,7.959735690821539e-10,-2.8849865135738273e-10,6.820077613767239e-10,3.92752975119057
golovin_fixed10_high_resolution_screen_v2,controlled,golovin,32768,0.1,300.0,3600.0,2700.000047683716,mass_fraction_r_ge_cloud_threshold,10,10,0.9926749973665847,0.0001529348290518327,4.836223933722805e-05,0.992565594380459,0.9927844003527104,0.9925792393402221,0.9927585261662386,0.0001540633434483043
golovin_fixed10_high_resolution_screen_v2,controlled,golovin,32768,0.1,300.0,3600.0,2700.000047683716,mass_fraction_r_ge_large_threshold,10,10,0.02093135683906163,0.004596305492855511,0.0014534794179366195,0.017643357962796542,0.02421935571532672,0.01824528367474988,0.023686779624495512,0.2195894670467797
golovin_fixed10_high_resolution_screen_v2,controlled,golovin,32768,0.1,300.0,3600.0,2700.000047683716,mass_fraction_r_ge_onset_threshold,10,10,0.02093135683906163,0.004596305492855511,0.0014534794179366195,0.017643357962796542,0.02421935571532672,0.018248156769309253,0.02362008787404504,0.2195894670467797
golovin_fixed10_high_resolution_screen_v2,controlled,golovin,32768,0.1,300.0,3600.0,2700.000047683716,mass_weighted_radius_q99_um,10,10,1071.3326049804687,29.445841307086496,9.311592615026289,1050.268319049328,1092.3968909116093,1053.6958767700196,1088.2565704345702,0.027485247037378573
golovin_fixed10_high_resolution_screen_v2,controlled,golovin,32768,0.1,300.0,3600.0,2700.000047683716,fixed_bin_mass_below_range_fraction,10,10,0.0,0.0,0.0,0.0,0.0,0.0,0.0,nan
golovin_fixed10_high_resolution_screen_v2,controlled,golovin,32768,0.1,300.0,3600.0,2700.000047683716,fixed_bin_mass_above_range_fraction,10,10,0.0,0.0,0.0,0.0,0.0,0.0,0.0,nan
golovin_fixed10_high_resolution_screen_v2,controlled,golovin,32768,0.1,300.0,3600.0,2700.000047683716,fixed_bin_mass_below_range_fraction_bins_250,10,10,0.0,0.0,0.0,0.0,0.0,0.0,0.0,nan
golovin_fixed10_high_resolution_screen_v2,controlled,golovin,32768,0.1,300.0,3600.0,2700.000047683716,fixed_bin_mass_below_range_fraction_bins_500,10,10,0.0,0.0,0.0,0.0,0.0,0.0,0.0,nan
golovin_fixed10_high_resolution_screen_v2,controlled,golovin,32768,0.1,300.0,3600.0,2700.000047683716,fixed_bin_mass_below_range_fraction_bins_1000,10,10,0.0,0.0,0.0,0.0,0.0,0.0,0.0,nan
golovin_fixed10_high_resolution_screen_v2,controlled,golovin,32768,0.1,300.0,3600.0,2700.000047683716,fixed_bin_mass_above_range_fraction_bins_250,10,10,0.0,0.0,0.0,0.0,0.0,0.0,0.0,nan
golovin_fixed10_high_resolution_screen_v2,controlled,golovin,32768,0.1,300.0,3600.0,2700.000047683716,fixed_bin_mass_above_range_fraction_bins_500,10,10,0.0,0.0,0.0,0.0,0.0,0.0,0.0,nan
golovin_fixed10_high_resolution_screen_v2,controlled,golovin,32768,0.1,300.0,3600.0,2700.000047683716,fixed_bin_mass_above_range_fraction_bins_1000,10,10,0.0,0.0,0.0,0.0,0.0,0.0,0.0,nan
golovin_fixed10_high_resolution_screen_v2,controlled,golovin,32768,0.1,300.0,3600.0,300.00001192092896,golovin_fixed_bin_l1_relative,10,10,0.08272206438860022,0.008465636192464276,0.0026770692210542676,0.0766661130748857,0.08877801570231474,0.07806402824185237,0.08789194280024376,0.10233830907187697
golovin_fixed10_high_resolution_screen_v2,controlled,golovin,32768,0.1,300.0,3600.0,300.00001192092896,golovin_fixed_bin_l1_relative_bins_250,10,10,0.05482395874072127,0.004572329381639278,0.001445897505848939,0.05155311134119303,0.058094806140249505,0.05221787962953227,0.05748547250758231,0.08340020470362561
golovin_fixed10_high_resolution_screen_v2,controlled,golovin,32768,0.1,300.0,3600.0,300.00001192092896,golovin_fixed_bin_l1_relative_bins_500,10,10,0.08272206438860022,0.008465636192464276,0.0026770692210542676,0.0766661130748857,0.08877801570231474,0.07807926365377053,0.08793239139371203,0.10233830907187697
golovin_fixed10_high_resolution_screen_v2,controlled,golovin,32768,0.1,300.0,3600.0,300.00001192092896,golovin_fixed_bin_l1_relative_bins_1000,10,10,0.11556444668841488,0.006686652956612816,0.002114505326599555,0.11078110331807274,0.12034779005875702,0.11189479420819798,0.11964882616867945,0.05786081401524281
golovin_fixed10_high_resolution_screen_v2,controlled,golovin,32768,0.1,300.0,3600.0,300.00001192092896,radius_moment_0_m3,10,10,5346861.311796394,23001.098633271708,7273.586036732456,5330407.317044171,5363315.306548618,5333068.029612422,5360207.599465734,0.004301794509336916
golovin_fixed10_high_resolution_screen_v2,controlled,golovin,32768,0.1,300.0,3600.0,300.00001192092896,radius_moment_3_um3_m3,10,10,238740390096.371,166.330688251703,52.59838196587915,238740389977.3852,238740390215.3568,238740389991.88306,238740390185.70883,6.967010826469757e-10
golovin_fixed10_high_resolution_screen_v2,controlled,golovin,32768,0.1,300.0,3600.0,300.00001192092896,radius_moment_6_um6_m3,10,10,3.3341817248585324e+16,502533096738773.6,158914918531225.88,3.298232672735442e+16,3.3701307769816228e+16,3.306463456210333e+16,3.365798834458609e+16,0.01507215677514086
golovin_fixed10_high_resolution_screen_v2,controlled,golovin,32768,0.1,300.0,3600.0,300.00001192092896,golovin_relative_error_radius_moment_0_m3,10,10,-0.0003631379740500429,0.00430023236439401,0.0013598528739456226,-0.0034393388931978574,0.0027130629450977718,-0.00301530929742992,0.002072809780110816,11.84186912878852
golovin_fixed10_high_resolution_screen_v2,controlled,golovin,32768,0.1,300.0,3600.0,300.00001192092896,golovin_relative_error_radius_moment_3_um3_m3,10,10,2.972952136748308e-05,6.967218047041231e-10,2.2032277983680447e-10,2.9729022962728544e-05,2.9730019772237617e-05,2.9729084414271132e-05,2.97298957362041e-05,2.343535222420932e-05
golovin_fixed10_high_resolution_screen_v2,controlled,golovin,32768,0.1,300.0,3600.0,300.00001192092896,golovin_relative_error_radius_moment_6_um6_m3,10,10,-0.0023993841326808373,0.015035992881329318,0.004754798438707848,-0.013155485478465517,0.008356717213103841,-0.0106477675086791,0.006861884467235767,6.266605116092674
golovin_fixed10_high_resolution_screen_v2,controlled,golovin,32768,0.1,300.0,3600.0,300.00001192092896,liquid_water_gm3,10,10,0.9982363474892425,6.954723396876326e-10,2.199276643059235e-10,0.9982363469917316,0.9982363479867534,0.9982363470456751,0.9982363478574943,6.967010782936126e-10
golovin_fixed10_high_resolution_screen_v2,controlled,golovin,32768,0.1,300.0,3600.0,300.00001192092896,relative_liquid_mass_drift,10,10,8.51307246918509e-11,6.967010700823201e-10,2.2031622297367251e-10,-4.1325919718868884e-10,5.835206465723907e-10,-3.5374009055288974e-10,4.5078512034280037e-10,8.183896855150481
golovin_fixed10_high_resolution_screen_v2,controlled,golovin,32768,0.1,300.0,3600.0,300.00001192092896,mass_fraction_r_ge_cloud_threshold,10,10,0.6343056331222824,0.003419217587331163,0.001081251539167216,0.6318596722081686,0.6367515940363961,0.6324811521538717,0.6364589584288637,0.005390489077797613
golovin_fixed10_high_resolution_screen_v2,controlled,golovin,32768,0.1,300.0,3600.0,300.00001192092896,mass_fraction_r_ge_large_threshold,10,10,0.0,0.0,0.0,0.0,0.0,0.0,0.0,nan
golovin_fixed10_high_resolution_screen_v2,controlled,golovin,32768,0.1,300.0,3600.0,300.00001192092896,mass_fraction_r_ge_onset_threshold,10,10,0.0,0.0,0.0,0.0,0.0,0.0,0.0,nan
golovin_fixed10_high_resolution_screen_v2,controlled,golovin,32768,0.1,300.0,3600.0,300.00001192092896,mass_weighted_radius_q99_um,10,10,87.81982879638672,0.6703234156226411,0.21197487623112413,87.34030831178721,88.29934928098622,87.43431728363036,88.23011665344238,0.007632939221241354
golovin_fixed10_high_resolution_screen_v2,controlled,golovin,32768,0.1,300.0,3600.0,300.00001192092896,fixed_bin_mass_below_range_fraction,10,10,0.0,0.0,0.0,0.0,0.0,0.0,0.0,nan
golovin_fixed10_high_resolution_screen_v2,controlled,golovin,32768,0.1,300.0,3600.0,300.00001192092896,fixed_bin_mass_above_range_fraction,10,10,0.0,0.0,0.0,0.0,0.0,0.0,0.0,nan
golovin_fixed10_high_resolution_screen_v2,controlled,golovin,32768,0.1,300.0,3600.0,300.00001192092896,fixed_bin_mass_below_range_fraction_bins_250,10,10,0.0,0.0,0.0,0.0,0.0,0.0,0.0,nan
golovin_fixed10_high_resolution_screen_v2,controlled,golovin,32768,0.1,300.0,3600.0,300.00001192092896,fixed_bin_mass_below_range_fraction_bins_500,10,10,0.0,0.0,0.0,0.0,0.0,0.0,0.0,nan
golovin_fixed10_high_resolution_screen_v2,controlled,golovin,32768,0.1,300.0,3600.0,300.00001192092896,fixed_bin_mass_below_range_fraction_bins_1000,10,10,0.0,0.0,0.0,0.0,0.0,0.0,0.0,nan
golovin_fixed10_high_resolution_screen_v2,controlled,golovin,32768,0.1,300.0,3600.0,300.00001192092896,fixed_bin_mass_above_range_fraction_bins_250,10,10,0.0,0.0,0.0,0.0,0.0,0.0,0.0,nan
golovin_fixed10_high_resolution_screen_v2,controlled,golovin,32768,0.1,300.0,3600.0,300.00001192092896,fixed_bin_mass_above_range_fraction_bins_500,10,10,0.0,0.0,0.0,0.0,0.0,0.0,0.0,nan
golovin_fixed10_high_resolution_screen_v2,controlled,golovin,32768,0.1,300.0,3600.0,300.00001192092896,fixed_bin_mass_above_range_fraction_bins_1000,10,10,0.0,0.0,0.0,0.0,0.0,0.0,0.0,nan
golovin_fixed10_high_resolution_screen_v2,controlled,golovin,32768,0.1,300.0,3600.0,3000.0,golovin_fixed_bin_l1_relative,10,10,0.11493970148887996,0.007652159620635413,0.0024198253420377905,0.10946567625866856,0.12041372671909135,0.1101362556577785,0.11914752037343482,0.0665754262583998
golovin_fixed10_high_resolution_screen_v2,controlled,golovin,32768,0.1,300.0,3600.0,3000.0,golovin_fixed_bin_l1_relative_bins_250,10,10,0.08321356539698566,0.006819582364545422,0.002156541296308024,0.07833513005667234,0.08809200073729898,0.07910112205203702,0.0872223374630453,0.08195277214732173
golovin_fixed10_high_resolution_screen_v2,controlled,golovin,32768,0.1,300.0,3600.0,3000.0,golovin_fixed_bin_l1_relative_bins_500,10,10,0.11493970148887996,0.007652159620635413,0.0024198253420377905,0.10946567625866856,0.12041372671909135,0.11038464866011115,0.1190897275597956,0.0665754262583998
golovin_fixed10_high_resolution_screen_v2,controlled,golovin,32768,0.1,300.0,3600.0,3000.0,golovin_fixed_bin_l1_relative_bins_1000,10,10,0.16445947706668115,0.011535719988114694,0.0036479149612372937,0.15620732010783947,0.17271163402552284,0.15736979173910204,0.17085713641326164,0.07014323646084233
golovin_fixed10_high_resolution_screen_v2,controlled,golovin,32768,0.1,300.0,3600.0,3000.0,radius_moment_0_m3,10,10,93038.97645796098,808.6779132263778,255.72640992673576,92460.48312802854,93617.46978789341,92579.30316215713,93523.58051959364,0.008691818676571247
golovin_fixed10_high_resolution_screen_v2,controlled,golovin,32768,0.1,300.0,3600.0,3000.0,radius_moment_3_um3_m3,10,10,238740390140.19757,309.1992930738609,97.77740170273256,238740389919.00974,238740390361.3854,238740389959.90286,238740390321.83047,1.2951277029089512e-09
golovin_fixed10_high_resolution_screen_v2,controlled,golovin,32768,0.1,300.0,3600.0,3000.0,radius_moment_6_um6_m3,10,10,1.0894114085576788e+20,5.413846725054228e+18,1.7120086554214728e+18,1.0506830821313367e+20,1.1281397349840208e+20,1.0584269520463292e+20,1.1220187347314193e+20,0.04969515357124694
golovin_fixed10_high_resolution_screen_v2,controlled,golovin,32768,0.1,300.0,3600.0,3000.0,golovin_relative_error_radius_moment_0_m3,10,10,-0.001593545286320408,0.008677967869889627,0.0027442143930610946,-0.007801389531837491,0.004614298959196676,-0.006600438567411653,0.0035110229571555874,5.445698935815987
golovin_fixed10_high_resolution_screen_v2,controlled,golovin,32768,0.1,300.0,3600.0,3000.0,golovin_relative_error_radius_moment_3_um3_m3,10,10,2.9729704947212278e-05,1.2951661846435243e-09,4.095675091903731e-10,2.9728778441137712e-05,2.9730631453286844e-05,2.9728960044473895e-05,2.9730444125348197e-05,4.3564717071467964e-05
golovin_fixed10_high_resolution_screen_v2,controlled,golovin,32768,0.1,300.0,3600.0,3000.0,golovin_relative_error_radius_moment_6_um6_m3,10,10,-0.010624538220126257,0.04916716551277415,0.015548022911484686,-0.045796609616691936,0.024547533176439425,-0.03803636554495891,0.018678927381262738,4.627699057982199
golovin_fixed10_high_resolution_screen_v2,controlled,golovin,32768,0.1,300.0,3600.0,3000.0,liquid_water_gm3,10,10,0.9982363476724931,1.29284359043403e-09,4.088330404121411e-10,0.9982363467476485,0.9982363485973378,0.9982363468897529,0.9982363484317606,1.2951277454967942e-09
golovin_fixed10_high_resolution_screen_v2,controlled,golovin,32768,0.1,300.0,3600.0,3000.0,relative_liquid_mass_drift,10,10,2.6870493607944467e-10,1.2951277366859697e-09,4.095553508786477e-10,-6.577736344730202e-10,1.1951835066319097e-09,-5.001253461367483e-10,1.0288891560961132e-09,4.819888147879261
golovin_fixed10_high_resolution_screen_v2,controlled,golovin,32768,0.1,300.0,3600.0,3000.0,mass_fraction_r_ge_cloud_threshold,10,10,0.9953423034260422,9.921533414481359e-05,3.13746434712285e-05,0.9952713290515836,0.9954132778005009,0.9952806896968922,0.995397746689125,9.967961152992999e-05
golovin_fixed10_high_resolution_screen_v2,controlled,golovin,32768,0.1,300.0,3600.0,3000.0,mass_fraction_r_ge_large_threshold,10,10,0.13958273793536255,0.011389588073015508,0.0036017039921817156,0.1314351174511698,0.1477303584195553,0.1332383097610387,0.14654423460574179,0.08159739693807809
golovin_fixed10_high_resolution_screen_v2,controlled,golovin,32768,0.1,300.0,3600.0,3000.0,mass_fraction_r_ge_onset_threshold,10,10,0.13958273793536255,0.011389588073015508,0.0036017039921817156,0.1314351174511698,0.1477303584195553,0.13335457363400643,0.14659365134592414,0.08159739693807809
golovin_fixed10_high_resolution_screen_v2,controlled,golovin,32768,0.1,300.0,3600.0,3000.0,mass_weighted_radius_q99_um,10,10,1435.547119140625,43.15419728008479,13.646555400131115,1404.6764660946958,1466.4177721865542,1411.0882061767577,1461.361926574707,0.03006114999967301
golovin_fixed10_high_resolution_screen_v2,controlled,golovin,32768,0.1,300.0,3600.0,3000.0,fixed_bin_mass_below_range_fraction,10,10,0.0,0.0,0.0,0.0,0.0,0.0,0.0,nan
golovin_fixed10_high_resolution_screen_v2,controlled,golovin,32768,0.1,300.0,3600.0,3000.0,fixed_bin_mass_above_range_fraction,10,10,0.0,0.0,0.0,0.0,0.0,0.0,0.0,nan
golovin_fixed10_high_resolution_screen_v2,controlled,golovin,32768,0.1,300.0,3600.0,3000.0,fixed_bin_mass_below_range_fraction_bins_250,10,10,0.0,0.0,0.0,0.0,0.0,0.0,0.0,nan
golovin_fixed10_high_resolution_screen_v2,controlled,golovin,32768,0.1,300.0,3600.0,3000.0,fixed_bin_mass_below_range_fraction_bins_500,10,10,0.0,0.0,0.0,0.0,0.0,0.0,0.0,nan
golovin_fixed10_high_resolution_screen_v2,controlled,golovin,32768,0.1,300.0,3600.0,3000.0,fixed_bin_mass_below_range_fraction_bins_1000,10,10,0.0,0.0,0.0,0.0,0.0,0.0,0.0,nan
golovin_fixed10_high_resolution_screen_v2,controlled,golovin,32768,0.1,300.0,3600.0,3000.0,fixed_bin_mass_above_range_fraction_bins_250,10,10,0.0,0.0,0.0,0.0,0.0,0.0,0.0,nan
golovin_fixed10_high_resolution_screen_v2,controlled,golovin,32768,0.1,300.0,3600.0,3000.0,fixed_bin_mass_above_range_fraction_bins_500,10,10,0.0,0.0,0.0,0.0,0.0,0.0,0.0,nan
golovin_fixed10_high_resolution_screen_v2,controlled,golovin,32768,0.1,300.0,3600.0,3000.0,fixed_bin_mass_above_range_fraction_bins_1000,10,10,0.0,0.0,0.0,0.0,0.0,0.0,0.0,nan
golovin_fixed10_high_resolution_screen_v2,controlled,golovin,32768,0.1,300.0,3600.0,3299.999952316284,golovin_fixed_bin_l1_relative,10,10,0.12783187273154858,0.00652975443463717,0.0020648896575038525,0.12316076780243831,0.13250297766065885,0.12363207075960142,0.1313090283969805,0.0510808008605951
golovin_fixed10_high_resolution_screen_v2,controlled,golovin,32768,0.1,300.0,3600.0,3299.999952316284,golovin_fixed_bin_l1_relative_bins_250,10,10,0.09107270487018782,0.0079571430787321,0.002516269579663796,0.08538050761702012,0.0967649021233555,0.08607610526247285,0.09527037986700142,0.087371327008174
golovin_fixed10_high_resolution_screen_v2,controlled,golovin,32768,0.1,300.0,3600.0,3299.999952316284,golovin_fixed_bin_l1_relative_bins_500,10,10,0.12783187273154858,0.00652975443463717,0.0020648896575038525,0.12316076780243831,0.13250297766065885,0.12367366022460381,0.13134555865574335,0.0510808008605951
golovin_fixed10_high_resolution_screen_v2,controlled,golovin,32768,0.1,300.0,3600.0,3299.999952316284,golovin_fixed_bin_l1_relative_bins_1000,10,10,0.17063482432474858,0.009049280942201997,0.0028616338964112835,0.16416135870867565,0.1771082899408215,0.16558985999183293,0.1762955188273003,0.053033025222211365
golovin_fixed10_high_resolution_screen_v2,controlled,golovin,32768,0.1,300.0,3600.0,3299.999952316284,radius_moment_0_m3,10,10,59373.27104271867,555.0056771881618,175.50820542387473,58976.243898689194,59770.29818674814,59059.889713111545,59700.77289987749,0.009347736236207013
golovin_fixed10_high_resolution_screen_v2,controlled,golovin,32768,0.1,300.0,3600.0,3299.999952316284,radius_moment_3_um3_m3,10,10,238740390069.8188,291.0641609261714,92.04256937724858,238740389861.60403,238740390278.03354,238740389889.3592,238740390231.0864,1.2191659770726299e-09
golovin_fixed10_high_resolution_screen_v2,controlled,golovin,32768,0.1,300.0,3600.0,3299.999952316284,radius_moment_6_um6_m3,10,10,2.6679175225935145e+20,1.7313358202904306e+19,5.474964586753724e+18,2.5440652190336e+20,2.791769826153429e+20,2.5696593834992396e+20,2.7714391188538704e+20,0.06489465306286449
golovin_fixed10_high_resolution_screen_v2,controlled,golovin,32768,0.1,300.0,3600.0,3299.999952316284,golovin_relative_error_radius_moment_0_m3,10,10,-0.0007673026801033545,0.009340563693140073,0.0029537455900196705,-0.007449139423649962,0.005914534063443252,-0.006127960943078691,0.004840833144940571,12.173245233395917
golovin_fixed10_high_resolution_screen_v2,controlled,golovin,32768,0.1,300.0,3600.0,3299.999952316284,golovin_relative_error_radius_moment_3_um3_m3,10,10,2.9729410146384083e-05,1.2192022240672786e-09,3.8554559563955573e-10,2.972853798165332e-05,2.9730282311114845e-05,2.972865033670058e-05,2.973007040030284e-05,4.10099701966528e-05
golovin_fixed10_high_resolution_screen_v2,controlled,golovin,32768,0.1,300.0,3600.0,3299.999952316284,golovin_relative_error_radius_moment_6_um6_m3,10,10,-0.014911597294801616,0.06392697012980521,0.020215482952373427,-0.06064219685493817,0.030819002265334936,-0.051699286184270124,0.02241843787643089,4.287063878266818
golovin_fixed10_high_resolution_screen_v2,controlled,golovin,32768,0.1,300.0,3600.0,3299.999952316284,liquid_water_gm3,10,10,0.998236347378221,1.2170157650260629e-09,3.848541765814648e-10,0.9982363465076204,0.9982363482488216,0.99823634662712,0.998236348054157,1.2191659502506061e-09
golovin_fixed10_high_resolution_screen_v2,controlled,golovin,32768,0.1,300.0,3600.0,3299.999952316284,relative_liquid_mass_drift,10,10,-2.6087088045301244e-11,1.2191659352230321e-09,3.8553412009940835e-10,-8.982258593312812e-10,8.460516832406788e-10,-7.784036556990334e-10,6.600446275650817e-10,46.734458560721805
golovin_fixed10_high_resolution_screen_v2,controlled,golovin,32768,0.1,300.0,3600.0,3299.999952316284,mass_fraction_r_ge_cloud_threshold,10,10,0.997034178933667,6.690245488790415e-05,2.1156413850244207e-05,0.9969863198005365,0.9970820380667974,0.9969943929055908,0.9970716606854046,6.710146582884115e-05
golovin_fixed10_high_resolution_screen_v2,controlled,golovin,32768,0.1,300.0,3600.0,3299.999952316284,mass_fraction_r_ge_large_threshold,10,10,0.3492850357266709,0.013865910539120348,0.004384785913575356,0.33936596086493975,0.35920411058840207,0.3410492042666939,0.35732842844969515,0.039697980505443015
golovin_fixed10_high_resolution_screen_v2,controlled,golovin,32768,0.1,300.0,3600.0,3299.999952316284,mass_fraction_r_ge_onset_threshold,10,10,0.3492850357266709,0.013865910539120348,0.004384785913575356,0.33936596086493975,0.35920411058840207,0.3410154150346545,0.3571464422714028,0.039697980505443015
golovin_fixed10_high_resolution_screen_v2,controlled,golovin,32768,0.1,300.0,3600.0,3299.999952316284,mass_weighted_radius_q99_um,10,10,1948.2202392578124,73.27440986376772,23.171402937421416,1895.8028841308412,2000.6375943847836,1908.2459820556642,1994.2309323120116,0.03761094787295819
golovin_fixed10_high_resolution_screen_v2,controlled,golovin,32768,0.1,300.0,3600.0,3299.999952316284,fixed_bin_mass_below_range_fraction,10,10,0.0,0.0,0.0,0.0,0.0,0.0,0.0,nan
golovin_fixed10_high_resolution_screen_v2,controlled,golovin,32768,0.1,300.0,3600.0,3299.999952316284,fixed_bin_mass_above_range_fraction,10,10,0.0,0.0,0.0,0.0,0.0,0.0,0.0,nan
golovin_fixed10_high_resolution_screen_v2,controlled,golovin,32768,0.1,300.0,3600.0,3299.999952316284,fixed_bin_mass_below_range_fraction_bins_250,10,10,0.0,0.0,0.0,0.0,0.0,0.0,0.0,nan
golovin_fixed10_high_resolution_screen_v2,controlled,golovin,32768,0.1,300.0,3600.0,3299.999952316284,fixed_bin_mass_below_range_fraction_bins_500,10,10,0.0,0.0,0.0,0.0,0.0,0.0,0.0,nan
golovin_fixed10_high_resolution_screen_v2,controlled,golovin,32768,0.1,300.0,3600.0,3299.999952316284,fixed_bin_mass_below_range_fraction_bins_1000,10,10,0.0,0.0,0.0,0.0,0.0,0.0,0.0,nan
golovin_fixed10_high_resolution_screen_v2,controlled,golovin,32768,0.1,300.0,3600.0,3299.999952316284,fixed_bin_mass_above_range_fraction_bins_250,10,10,0.0,0.0,0.0,0.0,0.0,0.0,0.0,nan
golovin_fixed10_high_resolution_screen_v2,controlled,golovin,32768,0.1,300.0,3600.0,3299.999952316284,fixed_bin_mass_above_range_fraction_bins_500,10,10,0.0,0.0,0.0,0.0,0.0,0.0,0.0,nan
golovin_fixed10_high_resolution_screen_v2,controlled,golovin,32768,0.1,300.0,3600.0,3299.999952316284,fixed_bin_mass_above_range_fraction_bins_1000,10,10,0.0,0.0,0.0,0.0,0.0,0.0,0.0,nan
golovin_fixed10_high_resolution_screen_v2,controlled,golovin,32768,0.1,300.0,3600.0,3599.9999046325684,golovin_fixed_bin_l1_relative,10,10,0.14030531172969601,0.010313053807571509,0.0032612739663797825,0.13292779746680267,0.14768282599258936,0.13436486403843978,0.14626970989102706,0.07350437186184393
golovin_fixed10_high_resolution_screen_v2,controlled,golovin,32768,0.1,300.0,3600.0,3599.9999046325684,golovin_fixed_bin_l1_relative_bins_250,10,10,0.10497314661945056,0.010485463217411782,0.0033157946088938533,0.09747229809457367,0.11247399514432746,0.09921883327998361,0.11148092123860139,0.09988710022596313
golovin_fixed10_high_resolution_screen_v2,controlled,golovin,32768,0.1,300.0,3600.0,3599.9999046325684,golovin_fixed_bin_l1_relative_bins_500,10,10,0.14030531172969601,0.010313053807571509,0.0032612739663797825,0.13292779746680267,0.14768282599258936,0.13442374754398664,0.14634902402481273,0.07350437186184393
golovin_fixed10_high_resolution_screen_v2,controlled,golovin,32768,0.1,300.0,3600.0,3599.9999046325684,golovin_fixed_bin_l1_relative_bins_1000,10,10,0.19579824694800146,0.012711163251587852,0.004019622758524952,0.18670522853305757,0.20489126536294536,0.18838465103410273,0.2034387090353838,0.06491969897444272
golovin_fixed10_high_resolution_screen_v2,controlled,golovin,32768,0.1,300.0,3600.0,3599.9999046325684,radius_moment_0_m3,10,10,37855.073691187754,372.3369109278508,117.74326954832462,37588.71991060773,38121.427471767776,37641.735465271464,38077.632734814426,0.00983585222856208
golovin_fixed10_high_resolution_screen_v2,controlled,golovin,32768,0.1,300.0,3600.0,3599.9999046325684,radius_moment_3_um3_m3,10,10,238740390009.85834,259.2606611837896,81.9854197021981,238740389824.39444,238740390195.32224,238740389860.4676,238740390165.49316,1.085952239472692e-09
golovin_fixed10_high_resolution_screen_v2,controlled,golovin,32768,0.1,300.0,3600.0,3599.9999046325684,radius_moment_6_um6_m3,10,10,6.600740704763486e+20,4.174102527233256e+19,1.31996711731221e+19,6.302143397854894e+20,6.899338011672078e+20,6.36491369072518e+20,6.850761914895813e+20,0.06323688073705086
golovin_fixed10_high_resolution_screen_v2,controlled,golovin,32768,0.1,300.0,3600.0,3599.9999046325684,golovin_relative_error_radius_moment_0_m3,10,10,-0.00084478108041659,0.009827543086689596,0.0031077419957380704,-0.007874981896204255,0.006185419735371074,-0.006293848009842545,0.004927038702563776,11.633242403870247
golovin_fixed10_high_resolution_screen_v2,controlled,golovin,32768,0.1,300.0,3600.0,3599.9999046325684,golovin_relative_error_radius_moment_3_um3_m3,10,10,2.9729158985514203e-05,1.0859844797162687e-09,3.434184459496337e-10,2.972838211901686e-05,2.9729935852011547e-05,2.972856209581043e-05,2.972981416902554e-05,3.652927014334392e-05
golovin_fixed10_high_resolution_screen_v2,controlled,golovin,32768,0.1,300.0,3600.0,3599.9999046325684,golovin_relative_error_radius_moment_6_um6_m3,10,10,-0.009101729423003479,0.06266131575902746,0.019815247898152935,-0.05392693438843221,0.03572347554242526,-0.044632194682921435,0.02785512588605787,6.884550490004553
golovin_fixed10_high_resolution_screen_v2,controlled,golovin,32768,0.1,300.0,3600.0,3599.9999046325684,liquid_water_gm3,10,10,0.9982363471275104,1.0840369649588146e-09,3.428025877085991e-10,0.9982363463520371,0.9982363479029838,0.9982363465116679,0.9982363477974626,1.0859522076892923e-09
golovin_fixed10_high_resolution_screen_v2,controlled,golovin,32768,0.1,300.0,3600.0,3599.9999046325684,relative_liquid_mass_drift,10,10,-2.7724049722621657e-10,1.0859521811879914e-09,3.434082322581909e-10,-1.0540838895929526e-09,4.996028951405196e-10,-8.870591630683044e-10,3.889341132490283e-10,3.917004160838379
golovin_fixed10_high_resolution_screen_v2,controlled,golovin,32768,0.1,300.0,3600.0,3599.9999046325684,mass_fraction_r_ge_cloud_threshold,10,10,0.9981130961128682,4.4875581153440895e-05,1.419090477685993e-05,0.9980809940559807,0.9981451981697558,0.9980849604659341,0.9981378965696822,4.496041713930812e-05
golovin_fixed10_high_resolution_screen_v2,controlled,golovin,32768,0.1,300.0,3600.0,3599.9999046325684,mass_fraction_r_ge_large_threshold,10,10,0.5496574478788093,0.01099340537356461,0.003476420022199838,0.5417932394246948,0.5575216563329238,0.543399573471488,0.5562087232481667,0.020000466501435415
golovin_fixed10_high_resolution_screen_v2,controlled,golovin,32768,0.1,300.0,3600.0,3599.9999046325684,mass_fraction_r_ge_onset_threshold,10,10,0.5496574478788093,0.01099340537356461,0.003476420022199838,0.5417932394246948,0.5575216563329238,0.5434242646370272,0.556289165469266,0.020000466501435415
golovin_fixed10_high_resolution_screen_v2,controlled,golovin,32768,0.1,300.0,3600.0,3599.9999046325684,mass_weighted_radius_q99_um,10,10,2662.5860107421877,118.62889908846921,37.513751743783516,2577.7240085315543,2747.448012952821,2593.5771484375,2734.032258911133,0.04455401576131686
golovin_fixed10_high_resolution_screen_v2,controlled,golovin,32768,0.1,300.0,3600.0,3599.9999046325684,fixed_bin_mass_below_range_fraction,10,10,0.0,0.0,0.0,0.0,0.0,0.0,0.0,nan
golovin_fixed10_high_resolution_screen_v2,controlled,golovin,32768,0.1,300.0,3600.0,3599.9999046325684,fixed_bin_mass_above_range_fraction,10,10,0.0,0.0,0.0,0.0,0.0,0.0,0.0,nan
golovin_fixed10_high_resolution_screen_v2,controlled,golovin,32768,0.1,300.0,3600.0,3599.9999046325684,fixed_bin_mass_below_range_fraction_bins_250,10,10,0.0,0.0,0.0,0.0,0.0,0.0,0.0,nan
golovin_fixed10_high_resolution_screen_v2,controlled,golovin,32768,0.1,300.0,3600.0,3599.9999046325684,fixed_bin_mass_below_range_fraction_bins_500,10,10,0.0,0.0,0.0,0.0,0.0,0.0,0.0,nan
golovin_fixed10_high_resolution_screen_v2,controlled,golovin,32768,0.1,300.0,3600.0,3599.9999046325684,fixed_bin_mass_below_range_fraction_bins_1000,10,10,0.0,0.0,0.0,0.0,0.0,0.0,0.0,nan
golovin_fixed10_high_resolution_screen_v2,controlled,golovin,32768,0.1,300.0,3600.0,3599.9999046325684,fixed_bin_mass_above_range_fraction_bins_250,10,10,0.0,0.0,0.0,0.0,0.0,0.0,0.0,nan
golovin_fixed10_high_resolution_screen_v2,controlled,golovin,32768,0.1,300.0,3600.0,3599.9999046325684,fixed_bin_mass_above_range_fraction_bins_500,10,10,0.0,0.0,0.0,0.0,0.0,0.0,0.0,nan
golovin_fixed10_high_resolution_screen_v2,controlled,golovin,32768,0.1,300.0,3600.0,3599.9999046325684,fixed_bin_mass_above_range_fraction_bins_1000,10,10,0.0,0.0,0.0,0.0,0.0,0.0,0.0,nan
golovin_fixed10_high_resolution_screen_v2,controlled,golovin,32768,0.1,300.0,3600.0,600.0000238418579,golovin_fixed_bin_l1_relative,10,10,0.0895833688208747,0.006123477143713172,0.0019364134974115838,0.08520289715756596,0.09396384048418344,0.08597648465498506,0.09316242141494116,0.06835506661908745
golovin_fixed10_high_resolution_screen_v2,controlled,golovin,32768,0.1,300.0,3600.0,600.0000238418579,golovin_fixed_bin_l1_relative_bins_250,10,10,0.06341700670508021,0.006448135426735362,0.0020390794609705535,0.05880428849693097,0.06802972491322945,0.0598059584840738,0.0673480848932308,0.10167833144068615
golovin_fixed10_high_resolution_screen_v2,controlled,golovin,32768,0.1,300.0,3600.0,600.0000238418579,golovin_fixed_bin_l1_relative_bins_500,10,10,0.0895833688208747,0.006123477143713172,0.0019364134974115838,0.08520289715756596,0.09396384048418344,0.08598633784668332,0.09316108651602817,0.06835506661908745
golovin_fixed10_high_resolution_screen_v2,controlled,golovin,32768,0.1,300.0,3600.0,600.0000238418579,golovin_fixed_bin_l1_relative_bins_1000,10,10,0.12521376391219255,0.007024908727971377,0.002221471193518575,0.12018844693982463,0.13023908088456046,0.12087739251005974,0.12914488995509835,0.05610332689062575
golovin_fixed10_high_resolution_screen_v2,controlled,golovin,32768,0.1,300.0,3600.0,600.0000238418579,radius_moment_0_m3,10,10,3414624.395052546,21109.019994947226,6675.258235806925,3399523.911820888,3429724.8782842043,3401635.765589322,3426393.2510018856,0.006181944938228671
golovin_fixed10_high_resolution_screen_v2,controlled,golovin,32768,0.1,300.0,3600.0,600.0000238418579,radius_moment_3_um3_m3,10,10,238740390068.12222,229.57387108030247,72.5976323875616,238740389903.89496,238740390232.3495,238740389927.07098,238740390196.49118,9.616046577405516e-10
golovin_fixed10_high_resolution_screen_v2,controlled,golovin,32768,0.1,300.0,3600.0,600.0000238418579,radius_moment_6_um6_m3,10,10,8.166569109586342e+16,1415861314259061.8,447734660397807.2,8.06528449268115e+16,8.267853726491534e+16,8.086989959014064e+16,8.251345752179707e+16,0.01733728442458229
golovin_fixed10_high_resolution_screen_v2,controlled,golovin,32768,0.1,300.0,3600.0,600.0000238418579,golovin_relative_error_radius_moment_0_m3,10,10,0.0011969669111865588,0.006189344521766527,0.001957242591226783,-0.0032306234358908275,0.0056245572582639455,-0.002633659457642286,0.004605412353575397,5.170856824798107
golovin_fixed10_high_resolution_screen_v2,controlled,golovin,32768,0.1,300.0,3600.0,600.0000238418579,golovin_relative_error_radius_moment_3_um3_m3,10,10,2.9729403039668866e-05,9.61633257995465e-10,3.0409513690339946e-10,2.9728715128676746e-05,2.9730090950660985e-05,2.972880712065584e-05,2.9729932467073007e-05,3.234620139234979e-05
golovin_fixed10_high_resolution_screen_v2,controlled,golovin,32768,0.1,300.0,3600.0,600.0000238418579,golovin_relative_error_radius_moment_6_um6_m3,10,10,-0.006562392320561816,0.01722351036241502,0.00544655220487436,-0.018883349403372704,0.005758564762249073,-0.016311264209560226,0.0037787562499094424,2.624577977218602
golovin_fixed10_high_resolution_screen_v2,controlled,golovin,32768,0.1,300.0,3600.0,600.0000238418579,liquid_water_gm3,10,10,0.9982363473711271,9.599086750447383e-10,3.035497758895804e-10,0.9982363466844498,0.9982363480578044,0.9982363467829224,0.9982363479012275,9.616046115458274e-10
golovin_fixed10_high_resolution_screen_v2,controlled,golovin,32768,0.1,300.0,3600.0,600.0000238418579,relative_liquid_mass_drift,10,10,-3.31935368080849e-11,9.616045990211356e-10,3.0408607413997093e-10,-7.210840275310061e-10,6.546969539148363e-10,-6.264465418626129e-10,5.03866051104751e-10,28.969633594059164
golovin_fixed10_high_resolution_screen_v2,controlled,golovin,32768,0.1,300.0,3600.0,600.0000238418579,mass_fraction_r_ge_cloud_threshold,10,10,0.7903150538258542,0.0017764499015318572,0.0005617627838022509,0.7890442581206825,0.791585849531026,0.7893457551809002,0.7914074594750261,0.002247774343829338
golovin_fixed10_high_resolution_screen_v2,controlled,golovin,32768,0.1,300.0,3600.0,600.0000238418579,mass_fraction_r_ge_large_threshold,10,10,0.0,0.0,0.0,0.0,0.0,0.0,0.0,nan
golovin_fixed10_high_resolution_screen_v2,controlled,golovin,32768,0.1,300.0,3600.0,600.0000238418579,mass_fraction_r_ge_onset_threshold,10,10,0.0,0.0,0.0,0.0,0.0,0.0,0.0,nan
golovin_fixed10_high_resolution_screen_v2,controlled,golovin,32768,0.1,300.0,3600.0,600.0000238418579,mass_weighted_radius_q99_um,10,10,123.63509368896484,1.973810303310578,0.6241736227569213,122.22311485741557,125.04707252051412,122.42846900939942,124.70565526962281,0.015964806143765248
golovin_fixed10_high_resolution_screen_v2,controlled,golovin,32768,0.1,300.0,3600.0,600.0000238418579,fixed_bin_mass_below_range_fraction,10,10,0.0,0.0,0.0,0.0,0.0,0.0,0.0,nan
golovin_fixed10_high_resolution_screen_v2,controlled,golovin,32768,0.1,300.0,3600.0,600.0000238418579,fixed_bin_mass_above_range_fraction,10,10,0.0,0.0,0.0,0.0,0.0,0.0,0.0,nan
golovin_fixed10_high_resolution_screen_v2,controlled,golovin,32768,0.1,300.0,3600.0,600.0000238418579,fixed_bin_mass_below_range_fraction_bins_250,10,10,0.0,0.0,0.0,0.0,0.0,0.0,0.0,nan
golovin_fixed10_high_resolution_screen_v2,controlled,golovin,32768,0.1,300.0,3600.0,600.0000238418579,fixed_bin_mass_below_range_fraction_bins_500,10,10,0.0,0.0,0.0,0.0,0.0,0.0,0.0,nan
golovin_fixed10_high_resolution_screen_v2,controlled,golovin,32768,0.1,300.0,3600.0,600.0000238418579,fixed_bin_mass_below_range_fraction_bins_1000,10,10,0.0,0.0,0.0,0.0,0.0,0.0,0.0,nan
golovin_fixed10_high_resolution_screen_v2,controlled,golovin,32768,0.1,300.0,3600.0,600.0000238418579,fixed_bin_mass_above_range_fraction_bins_250,10,10,0.0,0.0,0.0,0.0,0.0,0.0,0.0,nan
golovin_fixed10_high_resolution_screen_v2,controlled,golovin,32768,0.1,300.0,3600.0,600.0000238418579,fixed_bin_mass_above_range_fraction_bins_500,10,10,0.0,0.0,0.0,0.0,0.0,0.0,0.0,nan
golovin_fixed10_high_resolution_screen_v2,controlled,golovin,32768,0.1,300.0,3600.0,600.0000238418579,fixed_bin_mass_above_range_fraction_bins_1000,10,10,0.0,0.0,0.0,0.0,0.0,0.0,0.0,nan
golovin_fixed10_high_resolution_screen_v2,controlled,golovin,32768,0.1,300.0,3600.0,899.9999761581421,golovin_fixed_bin_l1_relative,10,10,0.09402929045190386,0.0036034997912589746,0.0011395266888319672,0.0914515019905629,0.09660707891324483,0.09171557871707467,0.0960391453080122,0.03832316264368889
golovin_fixed10_high_resolution_screen_v2,controlled,golovin,32768,0.1,300.0,3600.0,899.9999761581421,golovin_fixed_bin_l1_relative_bins_250,10,10,0.06472529974760168,0.00629066475849415,0.001989282863339456,0.0602252292694666,0.06922537022573674,0.061150438360853,0.06855810959733687,0.09719019893341234
golovin_fixed10_high_resolution_screen_v2,controlled,golovin,32768,0.1,300.0,3600.0,899.9999761581421,golovin_fixed_bin_l1_relative_bins_500,10,10,0.09402929045190386,0.0036034997912589746,0.0011395266888319672,0.0914515019905629,0.09660707891324483,0.09175176752737652,0.09603402813420749,0.03832316264368889
golovin_fixed10_high_resolution_screen_v2,controlled,golovin,32768,0.1,300.0,3600.0,899.9999761581421,golovin_fixed_bin_l1_relative_bins_1000,10,10,0.13060463232845426,0.004415401081714635,0.0013962724201389486,0.12744604467201937,0.13376321998488916,0.12788399260345557,0.13306389466860874,0.03380738495255249
golovin_fixed10_high_resolution_screen_v2,controlled,golovin,32768,0.1,300.0,3600.0,899.9999761581421,radius_moment_0_m3,10,10,2175742.3291786225,18313.402132242434,5791.206244447021,2162641.710491505,2188842.94786574,2165412.1290112915,2186696.8800088833,0.008417082246662929
golovin_fixed10_high_resolution_screen_v2,controlled,golovin,32768,0.1,300.0,3600.0,899.9999761581421,radius_moment_3_um3_m3,10,10,238740390148.16205,309.8699912330903,97.98949508329729,238740389926.49442,238740390369.82968,238740389959.98312,238740390320.81894,1.297937022892462e-09
golovin_fixed10_high_resolution_screen_v2,controlled,golovin,32768,0.1,300.0,3600.0,899.9999761581421,radius_moment_6_um6_m3,10,10,2.0009671056283437e+17,3956552682163549.5,1251171815808507.5,1.972663632778119e+17,2.0292705784785683e+17,1.9775435120014765e+17,2.0234350034573034e+17,0.019773202023334175
golovin_fixed10_high_resolution_screen_v2,controlled,golovin,32768,0.1,300.0,3600.0,899.9999761581421,golovin_relative_error_radius_moment_0_m3,10,10,0.0005003667008561142,0.008421293874337538,0.0026630469488530414,-0.0055238640293596986,0.0065245974310719265,-0.004301000610421403,0.005738512037388069,16.830244418601254
golovin_fixed10_high_resolution_screen_v2,controlled,golovin,32768,0.1,300.0,3600.0,899.9999761581421,golovin_relative_error_radius_moment_3_um3_m3,10,10,2.9729738308570398e-05,1.2979756480417768e-09,4.1045593952450857e-10,2.972880979272679e-05,2.9730666824414007e-05,2.9728959637622676e-05,2.973045669610541e-05,4.36591682903445e-05
golovin_fixed10_high_resolution_screen_v2,controlled,golovin,32768,0.1,300.0,3600.0,899.9999761581421,golovin_relative_error_radius_moment_6_um6_m3,10,10,-0.010366256227488536,0.0195682279447224,0.006188017007867825,-0.024364523225353853,0.0036320107703767795,-0.022079211388462118,0.0007434171943680653,1.8876851502891372
golovin_fixed10_high_resolution_screen_v2,controlled,golovin,32768,0.1,300.0,3600.0,899.9999761581421,liquid_water_gm3,10,10,0.9982363477057946,1.2956479413086093e-09,4.097198540243367e-10,0.9982363467789439,0.9982363486326453,0.9982363469179907,0.998236348444054,1.2979370509662802e-09
golovin_fixed10_high_resolution_screen_v2,controlled,golovin,32768,0.1,300.0,3600.0,899.9999761581421,relative_liquid_mass_drift,10,10,3.02065394919282e-10,1.2979370446538346e-09,4.104437320613789e-10,-6.264228334889935e-10,1.2305536233275574e-09,-4.851368645697462e-10,1.029899249771482e-09,4.296874340738931
golovin_fixed10_high_resolution_screen_v2,controlled,golovin,32768,0.1,300.0,3600.0,899.9999761581421,mass_fraction_r_ge_cloud_threshold,10,10,0.8762299020973193,0.0017669216263468627,0.0005587496786265064,0.8749659225096031,0.8774938816850355,0.8752154631655731,0.8772834458829891,0.00201650459784311
golovin_fixed10_high_resolution_screen_v2,controlled,golovin,32768,0.1,300.0,3600.0,899.9999761581421,mass_fraction_r_ge_large_threshold,10,10,0.0,0.0,0.0,0.0,0.0,0.0,0.0,nan
golovin_fixed10_high_resolution_screen_v2,controlled,golovin,32768,0.1,300.0,3600.0,899.9999761581421,mass_fraction_r_ge_onset_threshold,10,10,0.0,0.0,0.0,0.0,0.0,0.0,0.0,nan
golovin_fixed10_high_resolution_screen_v2,controlled,golovin,32768,0.1,300.0,3600.0,899.9999761581421,mass_weighted_radius_q99_um,10,10,170.82034149169922,2.856409407029085,0.9032759656142881,168.7769892961014,172.86369368729706,169.11369407653808,172.43826763153075,0.016721716992749883
golovin_fixed10_high_resolution_screen_v2,controlled,golovin,32768,0.1,300.0,3600.0,899.9999761581421,fixed_bin_mass_below_range_fraction,10,10,0.0,0.0,0.0,0.0,0.0,0.0,0.0,nan
golovin_fixed10_high_resolution_screen_v2,controlled,golovin,32768,0.1,300.0,3600.0,899.9999761581421,fixed_bin_mass_above_range_fraction,10,10,0.0,0.0,0.0,0.0,0.0,0.0,0.0,nan
golovin_fixed10_high_resolution_screen_v2,controlled,golovin,32768,0.1,300.0,3600.0,899.9999761581421,fixed_bin_mass_below_range_fraction_bins_250,10,10,0.0,0.0,0.0,0.0,0.0,0.0,0.0,nan
golovin_fixed10_high_resolution_screen_v2,controlled,golovin,32768,0.1,300.0,3600.0,899.9999761581421,fixed_bin_mass_below_range_fraction_bins_500,10,10,0.0,0.0,0.0,0.0,0.0,0.0,0.0,nan
golovin_fixed10_high_resolution_screen_v2,controlled,golovin,32768,0.1,300.0,3600.0,899.9999761581421,fixed_bin_mass_below_range_fraction_bins_1000,10,10,0.0,0.0,0.0,0.0,0.0,0.0,0.0,nan
golovin_fixed10_high_resolution_screen_v2,controlled,golovin,32768,0.1,300.0,3600.0,899.9999761581421,fixed_bin_mass_above_range_fraction_bins_250,10,10,0.0,0.0,0.0,0.0,0.0,0.0,0.0,nan
golovin_fixed10_high_resolution_screen_v2,controlled,golovin,32768,0.1,300.0,3600.0,899.9999761581421,fixed_bin_mass_above_range_fraction_bins_500,10,10,0.0,0.0,0.0,0.0,0.0,0.0,0.0,nan
golovin_fixed10_high_resolution_screen_v2,controlled,golovin,32768,0.1,300.0,3600.0,899.9999761581421,fixed_bin_mass_above_range_fraction_bins_1000,10,10,0.0,0.0,0.0,0.0,0.0,0.0,0.0,nan
golovin_fixed10_high_resolution_screen_v2,controlled,golovin,4096,0.1,300.0,3600.0,0.0,golovin_fixed_bin_l1_relative,10,10,0.01667750025446505,0.0,0.0,0.01667750025446505,0.01667750025446505,0.01667750025446505,0.01667750025446505,0.0
golovin_fixed10_high_resolution_screen_v2,controlled,golovin,4096,0.1,300.0,3600.0,0.0,golovin_fixed_bin_l1_relative_bins_250,10,10,0.01364704981020734,0.0,0.0,0.01364704981020734,0.01364704981020734,0.01364704981020734,0.01364704981020734,0.0
golovin_fixed10_high_resolution_screen_v2,controlled,golovin,4096,0.1,300.0,3600.0,0.0,golovin_fixed_bin_l1_relative_bins_500,10,10,0.01667750025446505,0.0,0.0,0.01667750025446505,0.01667750025446505,0.01667750025446505,0.01667750025446505,0.0
golovin_fixed10_high_resolution_screen_v2,controlled,golovin,4096,0.1,300.0,3600.0,0.0,golovin_fixed_bin_l1_relative_bins_1000,10,10,0.01825478810580494,0.0,0.0,0.01825478810580494,0.01825478810580494,0.01825478810580494,0.01825478810580494,0.0
golovin_fixed10_high_resolution_screen_v2,controlled,golovin,4096,0.1,300.0,3600.0,0.0,radius_moment_0_m3,10,10,8388608.0,0.0,0.0,8388608.0,8388608.0,8388608.0,8388608.0,0.0
golovin_fixed10_high_resolution_screen_v2,controlled,golovin,4096,0.1,300.0,3600.0,0.0,radius_moment_3_um3_m3,10,10,238740388709.22803,0.0,0.0,238740388709.22803,238740388709.22803,238740388709.22803,238740388709.22803,0.0
golovin_fixed10_high_resolution_screen_v2,controlled,golovin,4096,0.1,300.0,3600.0,0.0,radius_moment_6_um6_m3,10,10,1.3588177365756644e+16,2.1081851067789197,0.6666666666666666,1.3588177365756642e+16,1.3588177365756646e+16,1.3588177365756644e+16,1.3588177365756644e+16,1.5514848312855588e-16
golovin_fixed10_high_resolution_screen_v2,controlled,golovin,4096,0.1,300.0,3600.0,0.0,golovin_relative_error_radius_moment_0_m3,10,10,0.0,0.0,0.0,0.0,0.0,0.0,0.0,nan
golovin_fixed10_high_resolution_screen_v2,controlled,golovin,4096,0.1,300.0,3600.0,0.0,golovin_relative_error_radius_moment_3_um3_m3,10,10,2.9723710938123205e-05,0.0,0.0,2.9723710938123205e-05,2.9723710938123205e-05,2.9723710938123205e-05,2.9723710938123205e-05,0.0
golovin_fixed10_high_resolution_screen_v2,controlled,golovin,4096,0.1,300.0,3600.0,0.0,golovin_relative_error_radius_moment_6_um6_m3,10,10,-1.12004023467005e-05,0.0,0.0,-1.12004023467005e-05,-1.12004023467005e-05,-1.12004023467005e-05,-1.12004023467005e-05,0.0
golovin_fixed10_high_resolution_screen_v2,controlled,golovin,4096,0.1,300.0,3600.0,0.0,liquid_water_gm3,10,10,0.9982363416892331,0.0,0.0,0.9982363416892331,0.9982363416892331,0.9982363416892331,0.9982363416892331,0.0
golovin_fixed10_high_resolution_screen_v2,controlled,golovin,4096,0.1,300.0,3600.0,0.0,relative_liquid_mass_drift,10,10,0.0,0.0,0.0,0.0,0.0,0.0,0.0,nan
golovin_fixed10_high_resolution_screen_v2,controlled,golovin,4096,0.1,300.0,3600.0,0.0,mass_fraction_r_ge_cloud_threshold,10,10,0.34221198606522885,0.0,0.0,0.34221198606522885,0.34221198606522885,0.34221198606522885,0.34221198606522885,0.0
golovin_fixed10_high_resolution_screen_v2,controlled,golovin,4096,0.1,300.0,3600.0,0.0,mass_fraction_r_ge_large_threshold,10,10,0.0,0.0,0.0,0.0,0.0,0.0,0.0,nan
golovin_fixed10_high_resolution_screen_v2,controlled,golovin,4096,0.1,300.0,3600.0,0.0,mass_fraction_r_ge_onset_threshold,10,10,0.0,0.0,0.0,0.0,0.0,0.0,0.0,nan
golovin_fixed10_high_resolution_screen_v2,controlled,golovin,4096,0.1,300.0,3600.0,0.0,mass_weighted_radius_q99_um,10,10,57.35297775268555,0.0,0.0,57.35297775268555,57.35297775268555,57.35297775268555,57.35297775268555,0.0
golovin_fixed10_high_resolution_screen_v2,controlled,golovin,4096,0.1,300.0,3600.0,0.0,fixed_bin_mass_below_range_fraction,10,10,0.0,0.0,0.0,0.0,0.0,0.0,0.0,nan
golovin_fixed10_high_resolution_screen_v2,controlled,golovin,4096,0.1,300.0,3600.0,0.0,fixed_bin_mass_above_range_fraction,10,10,0.0,0.0,0.0,0.0,0.0,0.0,0.0,nan
golovin_fixed10_high_resolution_screen_v2,controlled,golovin,4096,0.1,300.0,3600.0,0.0,fixed_bin_mass_below_range_fraction_bins_250,10,10,0.0,0.0,0.0,0.0,0.0,0.0,0.0,nan
golovin_fixed10_high_resolution_screen_v2,controlled,golovin,4096,0.1,300.0,3600.0,0.0,fixed_bin_mass_below_range_fraction_bins_500,10,10,0.0,0.0,0.0,0.0,0.0,0.0,0.0,nan
golovin_fixed10_high_resolution_screen_v2,controlled,golovin,4096,0.1,300.0,3600.0,0.0,fixed_bin_mass_below_range_fraction_bins_1000,10,10,0.0,0.0,0.0,0.0,0.0,0.0,0.0,nan
golovin_fixed10_high_resolution_screen_v2,controlled,golovin,4096,0.1,300.0,3600.0,0.0,fixed_bin_mass_above_range_fraction_bins_250,10,10,0.0,0.0,0.0,0.0,0.0,0.0,0.0,nan
golovin_fixed10_high_resolution_screen_v2,controlled,golovin,4096,0.1,300.0,3600.0,0.0,fixed_bin_mass_above_range_fraction_bins_500,10,10,0.0,0.0,0.0,0.0,0.0,0.0,0.0,nan
golovin_fixed10_high_resolution_screen_v2,controlled,golovin,4096,0.1,300.0,3600.0,0.0,fixed_bin_mass_above_range_fraction_bins_1000,10,10,0.0,0.0,0.0,0.0,0.0,0.0,0.0,nan
golovin_fixed10_high_resolution_screen_v2,controlled,golovin,4096,0.1,300.0,3600.0,1200.0000476837158,golovin_fixed_bin_l1_relative,10,10,0.2552325766719826,0.01792322425859367,0.005667821167113872,0.2424110744213367,0.26805407892262856,0.24391111780785082,0.2651192834326055,0.07022310589148684
golovin_fixed10_high_resolution_screen_v2,controlled,golovin,4096,0.1,300.0,3600.0,1200.0000476837158,golovin_fixed_bin_l1_relative_bins_250,10,10,0.18443944303570264,0.025689632025815236,0.008123774945318166,0.16606218735419057,0.20281669871721472,0.16952295758632865,0.1997452243774229,0.1392849143490549
golovin_fixed10_high_resolution_screen_v2,controlled,golovin,4096,0.1,300.0,3600.0,1200.0000476837158,golovin_fixed_bin_l1_relative_bins_500,10,10,0.2552325766719826,0.01792322425859367,0.005667821167113872,0.2424110744213367,0.26805407892262856,0.24393398100601366,0.2649886746309888,0.07022310589148684
golovin_fixed10_high_resolution_screen_v2,controlled,golovin,4096,0.1,300.0,3600.0,1200.0000476837158,golovin_fixed_bin_l1_relative_bins_1000,10,10,0.35715068409549955,0.013361758096942011,0.0042253589130533675,0.34759225816494266,0.36670911002605644,0.3491701680567925,0.36468987356965465,0.037412102767719106
golovin_fixed10_high_resolution_screen_v2,controlled,golovin,4096,0.1,300.0,3600.0,1200.0000476837158,radius_moment_0_m3,10,10,1395105.2391459874,39829.13475364682,12595.078305529332,1366613.19254113,1423597.285750845,1372373.4538745598,1419059.266568327,0.028549197319356488
golovin_fixed10_high_resolution_screen_v2,controlled,golovin,4096,0.1,300.0,3600.0,1200.0000476837158,radius_moment_3_um3_m3,10,10,238740389796.01166,230.91016475222452,73.02020555017594,238740389630.8285,238740389961.19482,238740389666.85635,238740389936.76315,9.67201925696454e-10
golovin_fixed10_high_resolution_screen_v2,controlled,golovin,4096,0.1,300.0,3600.0,1200.0000476837158,radius_moment_6_um6_m3,10,10,4.9462440989175e+17,4.0929025691306024e+16,1.294289435960747e+16,4.653455487088235e+17,5.2390327107467654e+17,4.688759639080123e+17,5.166654517304888e+17,0.0827476866745486
golovin_fixed10_high_resolution_screen_v2,controlled,golovin,4096,0.1,300.0,3600.0,1200.0000476837158,golovin_relative_error_radius_moment_0_m3,10,10,0.006120604310666034,0.028723935659535384,0.009083306004826262,-0.014427261430039643,0.02666847005137171,-0.010432735162716072,0.023582819639732792,4.692990136526191
golovin_fixed10_high_resolution_screen_v2,controlled,golovin,4096,0.1,300.0,3600.0,1200.0000476837158,golovin_relative_error_radius_moment_3_um3_m3,10,10,2.9728263229800157e-05,9.672306796212877e-10,3.0586519703958766e-10,2.9727571314653824e-05,2.972895514494649e-05,2.9727723588082734e-05,2.9728843715304264e-05,3.253572777341792e-05
golovin_fixed10_high_resolution_screen_v2,controlled,golovin,4096,0.1,300.0,3600.0,1200.0000476837158,golovin_relative_error_radius_moment_6_um6_m3,10,10,-0.005411286550426419,0.08229991523056773,0.02602551833673757,-0.06428509927141333,0.05346252617056049,-0.057762586419227206,0.04065666156065353,15.208936814496056
golovin_fixed10_high_resolution_screen_v2,controlled,golovin,4096,0.1,300.0,3600.0,1200.0000476837158,liquid_water_gm3,10,10,0.9982363462333611,9.654961151418776e-10,3.0531667958925166e-10,0.9982363455426868,0.9982363469240354,0.9982363456925314,0.9982363468136037,9.672019244590503e-10
golovin_fixed10_high_resolution_screen_v2,controlled,golovin,4096,0.1,300.0,3600.0,1200.0000476837158,relative_liquid_mass_drift,10,10,4.552156407378049e-09,9.6720192345716e-10,3.058561035420464e-10,3.86026183196486e-09,5.244050982791239e-09,4.010212528715584e-09,5.1517952615043325e-09,0.21247115364699187
golovin_fixed10_high_resolution_screen_v2,controlled,golovin,4096,0.1,300.0,3600.0,1200.0000476837158,mass_fraction_r_ge_cloud_threshold,10,10,0.9241755342787054,0.004185943385038312,0.0013237115253236257,0.9211810907702159,0.9271699777871948,0.9217711763131201,0.9266213357168385,0.004529381302335958
golovin_fixed10_high_resolution_screen_v2,controlled,golovin,4096,0.1,300.0,3600.0,1200.0000476837158,mass_fraction_r_ge_large_threshold,10,10,0.0,0.0,0.0,0.0,0.0,0.0,0.0,nan
golovin_fixed10_high_resolution_screen_v2,controlled,golovin,4096,0.1,300.0,3600.0,1200.0000476837158,mass_fraction_r_ge_onset_threshold,10,10,0.0,0.0,0.0,0.0,0.0,0.0,0.0,nan
golovin_fixed10_high_resolution_screen_v2,controlled,golovin,4096,0.1,300.0,3600.0,1200.0000476837158,mass_weighted_radius_q99_um,10,10,235.42457427978516,11.845420151393297,3.745850752005936,226.9508711703619,243.89827738920843,228.36220825195312,242.17054080963135,0.050315138883147634
golovin_fixed10_high_resolution_screen_v2,controlled,golovin,4096,0.1,300.0,3600.0,1200.0000476837158,fixed_bin_mass_below_range_fraction,10,10,0.0,0.0,0.0,0.0,0.0,0.0,0.0,nan
golovin_fixed10_high_resolution_screen_v2,controlled,golovin,4096,0.1,300.0,3600.0,1200.0000476837158,fixed_bin_mass_above_range_fraction,10,10,0.0,0.0,0.0,0.0,0.0,0.0,0.0,nan
golovin_fixed10_high_resolution_screen_v2,controlled,golovin,4096,0.1,300.0,3600.0,1200.0000476837158,fixed_bin_mass_below_range_fraction_bins_250,10,10,0.0,0.0,0.0,0.0,0.0,0.0,0.0,nan
golovin_fixed10_high_resolution_screen_v2,controlled,golovin,4096,0.1,300.0,3600.0,1200.0000476837158,fixed_bin_mass_below_range_fraction_bins_500,10,10,0.0,0.0,0.0,0.0,0.0,0.0,0.0,nan
golovin_fixed10_high_resolution_screen_v2,controlled,golovin,4096,0.1,300.0,3600.0,1200.0000476837158,fixed_bin_mass_below_range_fraction_bins_1000,10,10,0.0,0.0,0.0,0.0,0.0,0.0,0.0,nan
golovin_fixed10_high_resolution_screen_v2,controlled,golovin,4096,0.1,300.0,3600.0,1200.0000476837158,fixed_bin_mass_above_range_fraction_bins_250,10,10,0.0,0.0,0.0,0.0,0.0,0.0,0.0,nan
golovin_fixed10_high_resolution_screen_v2,controlled,golovin,4096,0.1,300.0,3600.0,1200.0000476837158,fixed_bin_mass_above_range_fraction_bins_500,10,10,0.0,0.0,0.0,0.0,0.0,0.0,0.0,nan
golovin_fixed10_high_resolution_screen_v2,controlled,golovin,4096,0.1,300.0,3600.0,1200.0000476837158,fixed_bin_mass_above_range_fraction_bins_1000,10,10,0.0,0.0,0.0,0.0,0.0,0.0,0.0,nan
golovin_fixed10_high_resolution_screen_v2,controlled,golovin,4096,0.1,300.0,3600.0,1500.0,golovin_fixed_bin_l1_relative,10,10,0.25259805403961627,0.01606653631365537,0.00508068488609564,0.24110474633261444,0.2640913617466181,0.2431068333921249,0.2619667285341746,0.06360514682007633
golovin_fixed10_high_resolution_screen_v2,controlled,golovin,4096,0.1,300.0,3600.0,1500.0,golovin_fixed_bin_l1_relative_bins_250,10,10,0.1834806878306185,0.012532841091220649,0.003963232340120735,0.1745152334045809,0.1924461422566561,0.1758053337979709,0.19070386147873952,0.0683060502955517
golovin_fixed10_high_resolution_screen_v2,controlled,golovin,4096,0.1,300.0,3600.0,1500.0,golovin_fixed_bin_l1_relative_bins_500,10,10,0.25259805403961627,0.01606653631365537,0.00508068488609564,0.24110474633261444,0.2640913617466181,0.24298510267888296,0.2615437482660132,0.06360514682007633
golovin_fixed10_high_resolution_screen_v2,controlled,golovin,4096,0.1,300.0,3600.0,1500.0,golovin_fixed_bin_l1_relative_bins_1000,10,10,0.36402524128553426,0.015532796395531113,0.004911901504153196,0.35291374811495485,0.3751367344561137,0.35676561578874705,0.374341357290455,0.04266955868411194
golovin_fixed10_high_resolution_screen_v2,controlled,golovin,4096,0.1,300.0,3600.0,1500.0,radius_moment_0_m3,10,10,892032.802433932,32213.991289923397,10186.95850009835,868988.3012958064,915077.3035720575,873967.4203409866,911653.4057936548,0.03611301199017209
golovin_fixed10_high_resolution_screen_v2,controlled,golovin,4096,0.1,300.0,3600.0,1500.0,radius_moment_3_um3_m3,10,10,238740390223.43335,543.7432983095322,171.94672851105045,238740389834.46283,238740390612.40387,238740389910.50012,238740390550.92365,2.2775505133448573e-09
golovin_fixed10_high_resolution_screen_v2,controlled,golovin,4096,0.1,300.0,3600.0,1500.0,radius_moment_6_um6_m3,10,10,1.2120150780731707e+18,1.1343631934423266e+17,3.5871713851399308e+16,1.1308676236423802e+18,1.293162532503961e+18,1.1403076527926593e+18,1.2732206101956657e+18,0.09359315853113866
golovin_fixed10_high_resolution_screen_v2,controlled,golovin,4096,0.1,300.0,3600.0,1500.0,golovin_relative_error_radius_moment_0_m3,10,10,0.008920863118369916,0.03643517122692848,0.011521812801532564,-0.017143288239037026,0.03498501447577686,-0.011582113498712132,0.03047837243292351,4.084265249166403
golovin_fixed10_high_resolution_screen_v2,controlled,golovin,4096,0.1,300.0,3600.0,1500.0,golovin_relative_error_radius_moment_3_um3_m3,10,10,2.973005360309422e-05,2.2776182213039363e-09,7.202461219621878e-10,2.9728424293170447e-05,2.9731682913017996e-05,2.972875988162371e-05,2.9731407575266933e-05,7.66099601336369e-05
golovin_fixed10_high_resolution_screen_v2,controlled,golovin,4096,0.1,300.0,3600.0,1500.0,golovin_relative_error_radius_moment_6_um6_m3,10,10,-0.00914616414819982,0.09273714014006437,0.029326058653282982,-0.0754863177873642,0.057193989490964554,-0.06972603453905432,0.04108892107786207,10.13945722353094
golovin_fixed10_high_resolution_screen_v2,controlled,golovin,4096,0.1,300.0,3600.0,1500.0,liquid_water_gm3,10,10,0.9982363480205236,2.2735337211063976e-09,7.189544895894247e-10,0.9982363463941356,0.9982363496469117,0.9982363467067101,0.9982363493745465,2.277550527602762e-09
golovin_fixed10_high_resolution_screen_v2,controlled,golovin,4096,0.1,300.0,3600.0,1500.0,relative_liquid_mass_drift,10,10,6.34247652175901e-09,2.2775505215029885e-09,7.202247134053742e-10,4.713215027504759e-09,7.971738016013261e-09,5.0578738658435544e-09,7.704000956620937e-09,0.35909482891886796
golovin_fixed10_high_resolution_screen_v2,controlled,golovin,4096,0.1,300.0,3600.0,1500.0,mass_fraction_r_ge_cloud_threshold,10,10,0.9526806296980979,0.0026869207594578614,0.000849678949227625,0.9507585223770237,0.954602737019172,0.9510685622467056,0.9542357309843515,0.002820379333533148
golovin_fixed10_high_resolution_screen_v2,controlled,golovin,4096,0.1,300.0,3600.0,1500.0,mass_fraction_r_ge_large_threshold,10,10,0.0,0.0,0.0,0.0,0.0,0.0,0.0,nan
golovin_fixed10_high_resolution_screen_v2,controlled,golovin,4096,0.1,300.0,3600.0,1500.0,mass_fraction_r_ge_onset_threshold,10,10,0.0,0.0,0.0,0.0,0.0,0.0,0.0,nan
golovin_fixed10_high_resolution_screen_v2,controlled,golovin,4096,0.1,300.0,3600.0,1500.0,mass_weighted_radius_q99_um,10,10,316.34722290039065,13.353855864035333,4.222860007594744,306.7944498867161,325.8999959140652,308.5131103515625,324.059829864502,0.04221265399962151
golovin_fixed10_high_resolution_screen_v2,controlled,golovin,4096,0.1,300.0,3600.0,1500.0,fixed_bin_mass_below_range_fraction,10,10,0.0,0.0,0.0,0.0,0.0,0.0,0.0,nan
golovin_fixed10_high_resolution_screen_v2,controlled,golovin,4096,0.1,300.0,3600.0,1500.0,fixed_bin_mass_above_range_fraction,10,10,0.0,0.0,0.0,0.0,0.0,0.0,0.0,nan
golovin_fixed10_high_resolution_screen_v2,controlled,golovin,4096,0.1,300.0,3600.0,1500.0,fixed_bin_mass_below_range_fraction_bins_250,10,10,0.0,0.0,0.0,0.0,0.0,0.0,0.0,nan
golovin_fixed10_high_resolution_screen_v2,controlled,golovin,4096,0.1,300.0,3600.0,1500.0,fixed_bin_mass_below_range_fraction_bins_500,10,10,0.0,0.0,0.0,0.0,0.0,0.0,0.0,nan
golovin_fixed10_high_resolution_screen_v2,controlled,golovin,4096,0.1,300.0,3600.0,1500.0,fixed_bin_mass_below_range_fraction_bins_1000,10,10,0.0,0.0,0.0,0.0,0.0,0.0,0.0,nan
golovin_fixed10_high_resolution_screen_v2,controlled,golovin,4096,0.1,300.0,3600.0,1500.0,fixed_bin_mass_above_range_fraction_bins_250,10,10,0.0,0.0,0.0,0.0,0.0,0.0,0.0,nan
golovin_fixed10_high_resolution_screen_v2,controlled,golovin,4096,0.1,300.0,3600.0,1500.0,fixed_bin_mass_above_range_fraction_bins_500,10,10,0.0,0.0,0.0,0.0,0.0,0.0,0.0,nan
golovin_fixed10_high_resolution_screen_v2,controlled,golovin,4096,0.1,300.0,3600.0,1500.0,fixed_bin_mass_above_range_fraction_bins_1000,10,10,0.0,0.0,0.0,0.0,0.0,0.0,0.0,nan
golovin_fixed10_high_resolution_screen_v2,controlled,golovin,4096,0.1,300.0,3600.0,1799.9999523162842,golovin_fixed_bin_l1_relative,10,10,0.2662843209905714,0.01408218467970428,0.0044531778018994245,0.25621053292879065,0.2763581090523522,0.2583665798796765,0.2746427129127303,0.052884017456675196
golovin_fixed10_high_resolution_screen_v2,controlled,golovin,4096,0.1,300.0,3600.0,1799.9999523162842,golovin_fixed_bin_l1_relative_bins_250,10,10,0.18871261288442848,0.023321377982648887,0.007374867259887327,0.1720295040877884,0.20539572168106857,0.17489945727632153,0.20228483228259297,0.12358144814057226
golovin_fixed10_high_resolution_screen_v2,controlled,golovin,4096,0.1,300.0,3600.0,1799.9999523162842,golovin_fixed_bin_l1_relative_bins_500,10,10,0.2662843209905714,0.01408218467970428,0.0044531778018994245,0.25621053292879065,0.2763581090523522,0.2583587246103226,0.2748335286693646,0.052884017456675196
golovin_fixed10_high_resolution_screen_v2,controlled,golovin,4096,0.1,300.0,3600.0,1799.9999523162842,golovin_fixed_bin_l1_relative_bins_1000,10,10,0.36918620014773107,0.011605893490016136,0.0036701057709771653,0.36088384408968804,0.3774885562057741,0.3625939056754238,0.3762103051453159,0.03143642282775467
golovin_fixed10_high_resolution_screen_v2,controlled,golovin,4096,0.1,300.0,3600.0,1799.9999523162842,radius_moment_0_m3,10,10,568485.1023121004,19972.141353993855,6315.745642945981,554197.8930674986,582772.3115567021,557488.7629410736,580652.1244884339,0.035132215906388126
golovin_fixed10_high_resolution_screen_v2,controlled,golovin,4096,0.1,300.0,3600.0,1799.9999523162842,radius_moment_3_um3_m3,10,10,238740390275.04242,535.0026466743096,169.18269177091258,238740389892.3246,238740390657.76025,238740389954.84735,238740390588.25323,2.2409389800274532e-09
golovin_fixed10_high_resolution_screen_v2,controlled,golovin,4096,0.1,300.0,3600.0,1799.9999523162842,radius_moment_6_um6_m3,10,10,2.976450220146e+18,3.284766930048321e+17,1.0387345081751675e+17,2.741472149354587e+18,3.2114282909374126e+18,2.7694218221513e+18,3.1527082877896776e+18,0.11035853742204356
golovin_fixed10_high_resolution_screen_v2,controlled,golovin,4096,0.1,300.0,3600.0,1799.9999523162842,golovin_relative_error_radius_moment_0_m3,10,10,0.008390093673676168,0.035426978488806576,0.011202994264241876,-0.016952840045965797,0.033733027393318134,-0.011422353099915114,0.029963925102948725,4.222477110113604
golovin_fixed10_high_resolution_screen_v2,controlled,golovin,4096,0.1,300.0,3600.0,1799.9999523162842,golovin_relative_error_radius_moment_3_um3_m3,10,10,2.9730269781946818e-05,2.241005614736803e-09,7.086681991794098e-10,2.9728666663103997e-05,2.9731872900789638e-05,2.972894363713452e-05,2.9731557062473434e-05,7.537791049907035e-05
golovin_fixed10_high_resolution_screen_v2,controlled,golovin,4096,0.1,300.0,3600.0,1799.9999523162842,golovin_relative_error_radius_moment_6_um6_m3,10,10,-0.010686838804242116,0.10917915352194227,0.034525479813853184,-0.08878890026419493,0.06741522265571069,-0.07924319805662462,0.05027167130488487,10.216225351747969
golovin_fixed10_high_resolution_screen_v2,controlled,golovin,4096,0.1,300.0,3600.0,1799.9999523162842,liquid_water_gm3,10,10,0.9982363482363148,2.2369867279613967e-09,7.073973155925484e-10,0.9982363466360709,0.9982363498365587,0.9982363469240366,0.9982363495428892,2.2409389639174205e-09
golovin_fixed10_high_resolution_screen_v2,controlled,golovin,4096,0.1,300.0,3600.0,1799.9999523162842,relative_liquid_mass_drift,10,10,6.558648957266655e-09,2.2409389647477097e-09,7.086471226022537e-10,4.9555777929756295e-09,8.16172012155768e-09,5.233283630334818e-09,7.873189944995751e-09,0.3416769184246187
golovin_fixed10_high_resolution_screen_v2,controlled,golovin,4096,0.1,300.0,3600.0,1799.9999523162842,mass_fraction_r_ge_cloud_threshold,10,10,0.9704564596279729,0.0015781694570376802,0.0004990610017950317,0.969327505208089,0.9715854140478568,0.9695352072054013,0.9714042412057583,0.0016262135630924397
golovin_fixed10_high_resolution_screen_v2,controlled,golovin,4096,0.1,300.0,3600.0,1799.9999523162842,mass_fraction_r_ge_large_threshold,10,10,0.0,0.0,0.0,0.0,0.0,0.0,0.0,nan
golovin_fixed10_high_resolution_screen_v2,controlled,golovin,4096,0.1,300.0,3600.0,1799.9999523162842,mass_fraction_r_ge_onset_threshold,10,10,0.0,0.0,0.0,0.0,0.0,0.0,0.0,nan
golovin_fixed10_high_resolution_screen_v2,controlled,golovin,4096,0.1,300.0,3600.0,1799.9999523162842,mass_weighted_radius_q99_um,10,10,436.5177764892578,27.41522751099258,8.669456150644539,416.9061041605123,456.1294488180033,420.09356750488286,451.84412261962893,0.06280437816641182
golovin_fixed10_high_resolution_screen_v2,controlled,golovin,4096,0.1,300.0,3600.0,1799.9999523162842,fixed_bin_mass_below_range_fraction,10,10,0.0,0.0,0.0,0.0,0.0,0.0,0.0,nan
golovin_fixed10_high_resolution_screen_v2,controlled,golovin,4096,0.1,300.0,3600.0,1799.9999523162842,fixed_bin_mass_above_range_fraction,10,10,0.0,0.0,0.0,0.0,0.0,0.0,0.0,nan
golovin_fixed10_high_resolution_screen_v2,controlled,golovin,4096,0.1,300.0,3600.0,1799.9999523162842,fixed_bin_mass_below_range_fraction_bins_250,10,10,0.0,0.0,0.0,0.0,0.0,0.0,0.0,nan
golovin_fixed10_high_resolution_screen_v2,controlled,golovin,4096,0.1,300.0,3600.0,1799.9999523162842,fixed_bin_mass_below_range_fraction_bins_500,10,10,0.0,0.0,0.0,0.0,0.0,0.0,0.0,nan
golovin_fixed10_high_resolution_screen_v2,controlled,golovin,4096,0.1,300.0,3600.0,1799.9999523162842,fixed_bin_mass_below_range_fraction_bins_1000,10,10,0.0,0.0,0.0,0.0,0.0,0.0,0.0,nan
golovin_fixed10_high_resolution_screen_v2,controlled,golovin,4096,0.1,300.0,3600.0,1799.9999523162842,fixed_bin_mass_above_range_fraction_bins_250,10,10,0.0,0.0,0.0,0.0,0.0,0.0,0.0,nan
golovin_fixed10_high_resolution_screen_v2,controlled,golovin,4096,0.1,300.0,3600.0,1799.9999523162842,fixed_bin_mass_above_range_fraction_bins_500,10,10,0.0,0.0,0.0,0.0,0.0,0.0,0.0,nan
golovin_fixed10_high_resolution_screen_v2,controlled,golovin,4096,0.1,300.0,3600.0,1799.9999523162842,fixed_bin_mass_above_range_fraction_bins_1000,10,10,0.0,0.0,0.0,0.0,0.0,0.0,0.0,nan
golovin_fixed10_high_resolution_screen_v2,controlled,golovin,4096,0.1,300.0,3600.0,2099.9999046325684,golovin_fixed_bin_l1_relative,10,10,0.2600982412107038,0.015050295474655948,0.004759321315843776,0.2493319084060096,0.270864574015398,0.25190207920931984,0.26930584991205264,0.05786388790866066
golovin_fixed10_high_resolution_screen_v2,controlled,golovin,4096,0.1,300.0,3600.0,2099.9999046325684,golovin_fixed_bin_l1_relative_bins_250,10,10,0.19040448409746735,0.02132468088728039,0.006743456198006639,0.1751497263571307,0.205659241837804,0.1780341532437405,0.20353644162281548,0.11199673678044454
golovin_fixed10_high_resolution_screen_v2,controlled,golovin,4096,0.1,300.0,3600.0,2099.9999046325684,golovin_fixed_bin_l1_relative_bins_500,10,10,0.2600982412107038,0.015050295474655948,0.004759321315843776,0.2493319084060096,0.270864574015398,0.25183253287547297,0.2694831999638396,0.05786388790866066
golovin_fixed10_high_resolution_screen_v2,controlled,golovin,4096,0.1,300.0,3600.0,2099.9999046325684,golovin_fixed_bin_l1_relative_bins_1000,10,10,0.3652403491668127,0.010044006226341195,0.0031761936508150866,0.35805529994918717,0.3724253983844382,0.35948801240830014,0.3710840646379589,0.027499716965153524
golovin_fixed10_high_resolution_screen_v2,controlled,golovin,4096,0.1,300.0,3600.0,2099.9999046325684,radius_moment_0_m3,10,10,361848.8809394072,13586.147259883353,4296.316996768696,352129.9366715152,371567.8252072992,354388.56410356564,370122.4248449838,0.03754646753255649
golovin_fixed10_high_resolution_screen_v2,controlled,golovin,4096,0.1,300.0,3600.0,2099.9999046325684,radius_moment_3_um3_m3,10,10,238740390050.80878,1077.8521486885534,340.84677707622984,238740389279.7598,238740390821.85776,238740389427.4457,238740390709.4202,4.5147456970274895e-09
golovin_fixed10_high_resolution_screen_v2,controlled,golovin,4096,0.1,300.0,3600.0,2099.9999046325684,radius_moment_6_um6_m3,10,10,7.285857995945253e+18,7.153593312210464e+17,2.2621648321133072e+17,6.774120758105721e+18,7.797595233784785e+18,6.848377294165175e+18,7.68485915935441e+18,0.09818463818800205
golovin_fixed10_high_resolution_screen_v2,controlled,golovin,4096,0.1,300.0,3600.0,2099.9999046325684,golovin_relative_error_radius_moment_0_m3,10,10,0.006630119683371671,0.0377954051059852,0.011951956522367089,-0.02040708437315376,0.0336673237398971,-0.014393994020016319,0.02969640297087494,5.700561514866166
golovin_fixed10_high_resolution_screen_v2,controlled,golovin,4096,0.1,300.0,3600.0,2099.9999046325684,golovin_relative_error_radius_moment_3_um3_m3,10,10,2.972933051768045e-05,4.514879952306612e-09,1.4277304011521277e-09,2.972610076712694e-05,2.9732560268233963e-05,2.972674845198753e-05,2.9732043428027934e-05,0.00015186618311574656
golovin_fixed10_high_resolution_screen_v2,controlled,golovin,4096,0.1,300.0,3600.0,2099.9999046325684,golovin_relative_error_radius_moment_6_um6_m3,10,10,-0.015423521185292943,0.0966702853408391,0.030569828373543825,-0.0845772774060169,0.05373023503543102,-0.07605937442759278,0.0389529148986593,6.2677182583325255
golovin_fixed10_high_resolution_screen_v2,controlled,golovin,4096,0.1,300.0,3600.0,2099.9999046325684,liquid_water_gm3,10,10,0.998236347298735,4.506783215171495e-09,1.4251699880558639e-09,0.9982363440747765,0.9982363505226935,0.998236344708905,0.9982363500037577,4.5147456585477166e-09
golovin_fixed10_high_resolution_screen_v2,controlled,golovin,4096,0.1,300.0,3600.0,2099.9999046325684,relative_liquid_mass_drift,10,10,5.619412613011576e-09,4.514745699952042e-09,1.4276879468299594e-09,2.389758097849521e-09,8.849067128173631e-09,2.9872343360048964e-09,8.374233508856574e-09,0.8034195050027627
golovin_fixed10_high_resolution_screen_v2,controlled,golovin,4096,0.1,300.0,3600.0,2099.9999046325684,mass_fraction_r_ge_cloud_threshold,10,10,0.9815584255727906,0.0010260914402852176,0.000324478603890394,0.9808244039748252,0.982292447170756,0.9809597270553887,0.9821496196799615,0.0010453697034758166
golovin_fixed10_high_resolution_screen_v2,controlled,golovin,4096,0.1,300.0,3600.0,2099.9999046325684,mass_fraction_r_ge_large_threshold,10,10,0.0,0.0,0.0,0.0,0.0,0.0,0.0,nan
golovin_fixed10_high_resolution_screen_v2,controlled,golovin,4096,0.1,300.0,3600.0,2099.9999046325684,mass_fraction_r_ge_onset_threshold,10,10,0.0,0.0,0.0,0.0,0.0,0.0,0.0,nan
golovin_fixed10_high_resolution_screen_v2,controlled,golovin,4096,0.1,300.0,3600.0,2099.9999046325684,mass_weighted_radius_q99_um,10,10,578.3088195800781,19.365166723245707,6.123803411435599,564.455813829331,592.1618253308252,566.6830059814453,589.628913269043,0.03348585749964379
golovin_fixed10_high_resolution_screen_v2,controlled,golovin,4096,0.1,300.0,3600.0,2099.9999046325684,fixed_bin_mass_below_range_fraction,10,10,0.0,0.0,0.0,0.0,0.0,0.0,0.0,nan
golovin_fixed10_high_resolution_screen_v2,controlled,golovin,4096,0.1,300.0,3600.0,2099.9999046325684,fixed_bin_mass_above_range_fraction,10,10,0.0,0.0,0.0,0.0,0.0,0.0,0.0,nan
golovin_fixed10_high_resolution_screen_v2,controlled,golovin,4096,0.1,300.0,3600.0,2099.9999046325684,fixed_bin_mass_below_range_fraction_bins_250,10,10,0.0,0.0,0.0,0.0,0.0,0.0,0.0,nan
golovin_fixed10_high_resolution_screen_v2,controlled,golovin,4096,0.1,300.0,3600.0,2099.9999046325684,fixed_bin_mass_below_range_fraction_bins_500,10,10,0.0,0.0,0.0,0.0,0.0,0.0,0.0,nan
golovin_fixed10_high_resolution_screen_v2,controlled,golovin,4096,0.1,300.0,3600.0,2099.9999046325684,fixed_bin_mass_below_range_fraction_bins_1000,10,10,0.0,0.0,0.0,0.0,0.0,0.0,0.0,nan
golovin_fixed10_high_resolution_screen_v2,controlled,golovin,4096,0.1,300.0,3600.0,2099.9999046325684,fixed_bin_mass_above_range_fraction_bins_250,10,10,0.0,0.0,0.0,0.0,0.0,0.0,0.0,nan
golovin_fixed10_high_resolution_screen_v2,controlled,golovin,4096,0.1,300.0,3600.0,2099.9999046325684,fixed_bin_mass_above_range_fraction_bins_500,10,10,0.0,0.0,0.0,0.0,0.0,0.0,0.0,nan
golovin_fixed10_high_resolution_screen_v2,controlled,golovin,4096,0.1,300.0,3600.0,2099.9999046325684,fixed_bin_mass_above_range_fraction_bins_1000,10,10,0.0,0.0,0.0,0.0,0.0,0.0,0.0,nan
golovin_fixed10_high_resolution_screen_v2,controlled,golovin,4096,0.1,300.0,3600.0,2400.0000953674316,golovin_fixed_bin_l1_relative,10,10,0.2801630467216135,0.01585599314452096,0.00501410529007016,0.2688203525246569,0.2915057409185701,0.27103953018582716,0.28966830681500016,0.056595590782093426
golovin_fixed10_high_resolution_screen_v2,controlled,golovin,4096,0.1,300.0,3600.0,2400.0000953674316,golovin_fixed_bin_l1_relative_bins_250,10,10,0.1987117081231304,0.025083033212367507,0.007931951557673126,0.18076838709197177,0.21665502915428905,0.1837725074902911,0.21299675590013362,0.12622826027354647
golovin_fixed10_high_resolution_screen_v2,controlled,golovin,4096,0.1,300.0,3600.0,2400.0000953674316,golovin_fixed_bin_l1_relative_bins_500,10,10,0.2801630467216135,0.01585599314452096,0.00501410529007016,0.2688203525246569,0.2915057409185701,0.2709618534692608,0.2895561835392964,0.056595590782093426
golovin_fixed10_high_resolution_screen_v2,controlled,golovin,4096,0.1,300.0,3600.0,2400.0000953674316,golovin_fixed_bin_l1_relative_bins_1000,10,10,0.38658254003452075,0.017022515626979047,0.005382992088706297,0.3744053659237677,0.3987597141452738,0.3764786761787049,0.3966165149347659,0.04403332759275415
golovin_fixed10_high_resolution_screen_v2,controlled,golovin,4096,0.1,300.0,3600.0,2400.0000953674316,radius_moment_0_m3,10,10,230819.38113031903,8372.612833200186,2647.6526519668028,224829.97471907065,236808.7875415674,226066.17205693666,235916.45645511834,0.036273439397504784
golovin_fixed10_high_resolution_screen_v2,controlled,golovin,4096,0.1,300.0,3600.0,2400.0000953674316,radius_moment_3_um3_m3,10,10,238740390385.99692,429.8722136489747,135.93752979492814,238740390078.48486,238740390693.50897,238740390150.34863,238740390642.8723,1.8005843625955151e-09
golovin_fixed10_high_resolution_screen_v2,controlled,golovin,4096,0.1,300.0,3600.0,2400.0000953674316,radius_moment_6_um6_m3,10,10,1.791858364743521e+19,1.805002565659745e+18,5.70791928993242e+17,1.6627362596795744e+19,1.9209804698074677e+19,1.6846039859354757e+19,1.8957294705268716e+19,0.10073355133278658
golovin_fixed10_high_resolution_screen_v2,controlled,golovin,4096,0.1,300.0,3600.0,2400.0000953674316,golovin_relative_error_radius_moment_0_m3,10,10,0.00704370539210244,0.03652893881817908,0.011551464717438521,-0.01908752325926185,0.03317493404346673,-0.01384972678976432,0.028922430764609545,5.186040128699326
golovin_fixed10_high_resolution_screen_v2,controlled,golovin,4096,0.1,300.0,3600.0,2400.0000953674316,golovin_relative_error_radius_moment_3_um3_m3,10,10,2.9730734545352354e-05,1.8006378457377203e-09,5.694116833630109e-10,2.9729446446634252e-05,2.9732022644070456e-05,2.9729741658784947e-05,2.9731860781848086e-05,6.056486236459988e-05
golovin_fixed10_high_resolution_screen_v2,controlled,golovin,4096,0.1,300.0,3600.0,2400.0000953674316,golovin_relative_error_radius_moment_6_um6_m3,10,10,-0.015522686500856576,0.09916989599532981,0.03136027466672531,-0.08646455646550831,0.055419183463795166,-0.07609071021612739,0.03944910444621038,6.388707005701455
golovin_fixed10_high_resolution_screen_v2,controlled,golovin,4096,0.1,300.0,3600.0,2400.0000953674316,liquid_water_gm3,10,10,0.9982363487002448,1.7974087394458594e-09,5.683905502941048e-10,0.998236347414456,0.9982363499860336,0.9982363477092882,0.9982363498040365,1.8005843423615842e-09
golovin_fixed10_high_resolution_screen_v2,controlled,golovin,4096,0.1,300.0,3600.0,2400.0000953674316,relative_liquid_mass_drift,10,10,7.023398507222111e-09,1.8005843593952232e-09,5.693947694964107e-10,5.735338050945973e-09,8.31145896349825e-09,6.023590941595103e-09,8.130064643729894e-09,0.25636938549673566
golovin_fixed10_high_resolution_screen_v2,controlled,golovin,4096,0.1,300.0,3600.0,2400.0000953674316,mass_fraction_r_ge_cloud_threshold,10,10,0.9883322549302122,0.0006653508530173433,0.00021040241386707196,0.9878562916026127,0.9888082182578116,0.9879389053747902,0.9887276732593338,0.000673205644861125
golovin_fixed10_high_resolution_screen_v2,controlled,golovin,4096,0.1,300.0,3600.0,2400.0000953674316,mass_fraction_r_ge_large_threshold,10,10,0.0003623324080815867,0.001145795679631414,0.0003623324080815866,-0.0004573204441740966,0.00118198526033727,0.0,0.00108699722424476,3.1622776601683786
golovin_fixed10_high_resolution_screen_v2,controlled,golovin,4096,0.1,300.0,3600.0,2400.0000953674316,mass_fraction_r_ge_onset_threshold,10,10,0.0003623324080815867,0.001145795679631414,0.0003623324080815866,-0.0004573204441740966,0.00118198526033727,0.0,0.00108699722424476,3.1622776601683786
golovin_fixed10_high_resolution_screen_v2,controlled,golovin,4096,0.1,300.0,3600.0,2400.0000953674316,mass_weighted_radius_q99_um,10,10,778.0745239257812,28.860371143794218,9.126450693218858,757.4290581191916,798.7199897323709,760.5966258239747,794.6205438232422,0.037092039716425856
golovin_fixed10_high_resolution_screen_v2,controlled,golovin,4096,0.1,300.0,3600.0,2400.0000953674316,fixed_bin_mass_below_range_fraction,10,10,0.0,0.0,0.0,0.0,0.0,0.0,0.0,nan
golovin_fixed10_high_resolution_screen_v2,controlled,golovin,4096,0.1,300.0,3600.0,2400.0000953674316,fixed_bin_mass_above_range_fraction,10,10,0.0,0.0,0.0,0.0,0.0,0.0,0.0,nan
golovin_fixed10_high_resolution_screen_v2,controlled,golovin,4096,0.1,300.0,3600.0,2400.0000953674316,fixed_bin_mass_below_range_fraction_bins_250,10,10,0.0,0.0,0.0,0.0,0.0,0.0,0.0,nan
golovin_fixed10_high_resolution_screen_v2,controlled,golovin,4096,0.1,300.0,3600.0,2400.0000953674316,fixed_bin_mass_below_range_fraction_bins_500,10,10,0.0,0.0,0.0,0.0,0.0,0.0,0.0,nan
golovin_fixed10_high_resolution_screen_v2,controlled,golovin,4096,0.1,300.0,3600.0,2400.0000953674316,fixed_bin_mass_below_range_fraction_bins_1000,10,10,0.0,0.0,0.0,0.0,0.0,0.0,0.0,nan
golovin_fixed10_high_resolution_screen_v2,controlled,golovin,4096,0.1,300.0,3600.0,2400.0000953674316,fixed_bin_mass_above_range_fraction_bins_250,10,10,0.0,0.0,0.0,0.0,0.0,0.0,0.0,nan
golovin_fixed10_high_resolution_screen_v2,controlled,golovin,4096,0.1,300.0,3600.0,2400.0000953674316,fixed_bin_mass_above_range_fraction_bins_500,10,10,0.0,0.0,0.0,0.0,0.0,0.0,0.0,nan
golovin_fixed10_high_resolution_screen_v2,controlled,golovin,4096,0.1,300.0,3600.0,2400.0000953674316,fixed_bin_mass_above_range_fraction_bins_1000,10,10,0.0,0.0,0.0,0.0,0.0,0.0,0.0,nan
golovin_fixed10_high_resolution_screen_v2,controlled,golovin,4096,0.1,300.0,3600.0,2700.000047683716,golovin_fixed_bin_l1_relative,10,10,0.2923679591235445,0.014399883465154079,0.004553642979088477,0.2820669030415738,0.30266901520551526,0.28416360108045036,0.300900957853392,0.04925260452041939
golovin_fixed10_high_resolution_screen_v2,controlled,golovin,4096,0.1,300.0,3600.0,2700.000047683716,golovin_fixed_bin_l1_relative_bins_250,10,10,0.20122047408668645,0.012570607520726976,0.003975175133753953,0.19222800318448763,0.21021294498888526,0.194242081508174,0.20896753114109737,0.06247181146840712
golovin_fixed10_high_resolution_screen_v2,controlled,golovin,4096,0.1,300.0,3600.0,2700.000047683716,golovin_fixed_bin_l1_relative_bins_500,10,10,0.2923679591235445,0.014399883465154079,0.004553642979088477,0.2820669030415738,0.30266901520551526,0.2842927951991525,0.30109548968112604,0.04925260452041939
golovin_fixed10_high_resolution_screen_v2,controlled,golovin,4096,0.1,300.0,3600.0,2700.000047683716,golovin_fixed_bin_l1_relative_bins_1000,10,10,0.416876803963581,0.01607402525862176,0.005083053098432185,0.40537813898807906,0.42837546893908296,0.4078857159850383,0.4266650447576131,0.03855821457512904
golovin_fixed10_high_resolution_screen_v2,controlled,golovin,4096,0.1,300.0,3600.0,2700.000047683716,radius_moment_0_m3,10,10,147515.6022072031,5547.26885625749,1754.2004379090858,143547.32512160332,151483.87929280289,144365.36375849563,150982.46150348536,0.037604624685500694
golovin_fixed10_high_resolution_screen_v2,controlled,golovin,4096,0.1,300.0,3600.0,2700.000047683716,radius_moment_3_um3_m3,10,10,238740389908.07935,547.3645226585255,173.0918601971784,238740389516.51834,238740390299.64035,238740389615.32544,238740390241.91724,2.292718558720934e-09
golovin_fixed10_high_resolution_screen_v2,controlled,golovin,4096,0.1,300.0,3600.0,2700.000047683716,radius_moment_6_um6_m3,10,10,4.3467924373499994e+19,4.540180221178152e+18,1.435731048657e+18,4.022007509792879e+19,4.67157736490712e+19,4.06935931352537e+19,4.596127144281119e+19,0.10444897672514702
golovin_fixed10_high_resolution_screen_v2,controlled,golovin,4096,0.1,300.0,3600.0,2700.000047683716,golovin_relative_error_radius_moment_0_m3,10,10,0.0093625984145831,0.03795670168496217,0.012002962979203136,-0.017789990263622955,0.036515187092789156,-0.012458172603929197,0.032334502317920476,4.0540777254571925
golovin_fixed10_high_resolution_screen_v2,controlled,golovin,4096,0.1,300.0,3600.0,2700.000047683716,golovin_relative_error_radius_moment_3_um3_m3,10,10,2.9728732656142397e-05,2.2927867046646866e-09,7.250428175692214e-10,2.9727092495339298e-05,2.9730372816945496e-05,2.9727494421982192e-05,2.9730168338045202e-05,7.712359390439615e-05
golovin_fixed10_high_resolution_screen_v2,controlled,golovin,4096,0.1,300.0,3600.0,2700.000047683716,golovin_relative_error_radius_moment_6_um6_m3,10,10,-0.029032870433916558,0.10141652311693064,0.032070720542461975,-0.10158188062514645,0.04351613975731333,-0.0916291926201281,0.02758892478130348,3.4931621159461588
golovin_fixed10_high_resolution_screen_v2,controlled,golovin,4096,0.1,300.0,3600.0,2700.000047683716,liquid_water_gm3,10,10,0.9982363467019454,2.2886750387834086e-09,7.237425946529772e-10,0.9982363450647259,0.9982363483391649,0.9982363454774421,0.9982363481400237,2.292718599502933e-09
golovin_fixed10_high_resolution_screen_v2,controlled,golovin,4096,0.1,300.0,3600.0,2700.000047683716,relative_liquid_mass_drift,10,10,5.021568760810169e-09,2.2927186108317348e-09,7.250212844085475e-10,3.3814566691042183e-09,6.661680852516119e-09,3.785798219357872e-09,6.473570751674984e-09,0.45657417433468195
golovin_fixed10_high_resolution_screen_v2,controlled,golovin,4096,0.1,300.0,3600.0,2700.000047683716,mass_fraction_r_ge_cloud_threshold,10,10,0.9925898653025284,0.0004268632679519011,0.00013498601761907658,0.9922845057158938,0.9928952248891629,0.9923260843366053,0.9928376242405154,0.000430049996351513
golovin_fixed10_high_resolution_screen_v2,controlled,golovin,4096,0.1,300.0,3600.0,2700.000047683716,mass_fraction_r_ge_large_threshold,10,10,0.022175713441272248,0.007551247466310554,0.002387914116911694,0.01677387641755351,0.027577550464990986,0.017801818646245787,0.026563065234865436,0.34051880613935864
golovin_fixed10_high_resolution_screen_v2,controlled,golovin,4096,0.1,300.0,3600.0,2700.000047683716,mass_fraction_r_ge_onset_threshold,10,10,0.022175713441272248,0.007551247466310554,0.002387914116911694,0.01677387641755351,0.027577550464990986,0.01765768048271263,0.02656482683541949,0.34051880613935864
golovin_fixed10_high_resolution_screen_v2,controlled,golovin,4096,0.1,300.0,3600.0,2700.000047683716,mass_weighted_radius_q99_um,10,10,1088.59365234375,50.00579367094634,15.813220420462294,1052.8216625026944,1124.3656421848054,1060.0844116210938,1118.2971701049805,0.04593614298896885
golovin_fixed10_high_resolution_screen_v2,controlled,golovin,4096,0.1,300.0,3600.0,2700.000047683716,fixed_bin_mass_below_range_fraction,10,10,0.0,0.0,0.0,0.0,0.0,0.0,0.0,nan
golovin_fixed10_high_resolution_screen_v2,controlled,golovin,4096,0.1,300.0,3600.0,2700.000047683716,fixed_bin_mass_above_range_fraction,10,10,0.0,0.0,0.0,0.0,0.0,0.0,0.0,nan
golovin_fixed10_high_resolution_screen_v2,controlled,golovin,4096,0.1,300.0,3600.0,2700.000047683716,fixed_bin_mass_below_range_fraction_bins_250,10,10,0.0,0.0,0.0,0.0,0.0,0.0,0.0,nan
golovin_fixed10_high_resolution_screen_v2,controlled,golovin,4096,0.1,300.0,3600.0,2700.000047683716,fixed_bin_mass_below_range_fraction_bins_500,10,10,0.0,0.0,0.0,0.0,0.0,0.0,0.0,nan
golovin_fixed10_high_resolution_screen_v2,controlled,golovin,4096,0.1,300.0,3600.0,2700.000047683716,fixed_bin_mass_below_range_fraction_bins_1000,10,10,0.0,0.0,0.0,0.0,0.0,0.0,0.0,nan
golovin_fixed10_high_resolution_screen_v2,controlled,golovin,4096,0.1,300.0,3600.0,2700.000047683716,fixed_bin_mass_above_range_fraction_bins_250,10,10,0.0,0.0,0.0,0.0,0.0,0.0,0.0,nan
golovin_fixed10_high_resolution_screen_v2,controlled,golovin,4096,0.1,300.0,3600.0,2700.000047683716,fixed_bin_mass_above_range_fraction_bins_500,10,10,0.0,0.0,0.0,0.0,0.0,0.0,0.0,nan
golovin_fixed10_high_resolution_screen_v2,controlled,golovin,4096,0.1,300.0,3600.0,2700.000047683716,fixed_bin_mass_above_range_fraction_bins_1000,10,10,0.0,0.0,0.0,0.0,0.0,0.0,0.0,nan
golovin_fixed10_high_resolution_screen_v2,controlled,golovin,4096,0.1,300.0,3600.0,300.00001192092896,golovin_fixed_bin_l1_relative,10,10,0.2237555568868675,0.015428478096476534,0.0048789131614884905,0.21271868853193587,0.2347924252417991,0.21425286070891494,0.2325087123954496,0.06895237960180488
golovin_fixed10_high_resolution_screen_v2,controlled,golovin,4096,0.1,300.0,3600.0,300.00001192092896,golovin_fixed_bin_l1_relative_bins_250,10,10,0.16463949934515199,0.016996698670287264,0.005374828050166301,0.1524807935726596,0.17679820511764438,0.1550681217121449,0.1747246386117336,0.10323585007176926
golovin_fixed10_high_resolution_screen_v2,controlled,golovin,4096,0.1,300.0,3600.0,300.00001192092896,golovin_fixed_bin_l1_relative_bins_500,10,10,0.2237555568868675,0.015428478096476534,0.0048789131614884905,0.21271868853193587,0.2347924252417991,0.21444671953842248,0.23238232759817207,0.06895237960180488
golovin_fixed10_high_resolution_screen_v2,controlled,golovin,4096,0.1,300.0,3600.0,300.00001192092896,golovin_fixed_bin_l1_relative_bins_1000,10,10,0.32094919112842424,0.016974302618292223,0.005367745796676312,0.30880650652639297,0.3330918757304555,0.31154653601468896,0.33149779808842417,0.05288781865631855
golovin_fixed10_high_resolution_screen_v2,controlled,golovin,4096,0.1,300.0,3600.0,300.00001192092896,radius_moment_0_m3,10,10,5359688.322971609,57927.98944734082,18318.43869277955,5318249.135671458,5401127.510271761,5329042.4210555,5397727.210805727,0.01080808919411631
golovin_fixed10_high_resolution_screen_v2,controlled,golovin,4096,0.1,300.0,3600.0,300.00001192092896,radius_moment_3_um3_m3,10,10,238740389453.16104,225.98327006592052,71.4621846501258,238740389291.50235,238740389614.81973,238740389324.89835,238740389590.29202,9.465648882601686e-10
golovin_fixed10_high_resolution_screen_v2,controlled,golovin,4096,0.1,300.0,3600.0,300.00001192092896,radius_moment_6_um6_m3,10,10,3.292411297711442e+16,1471098022461407.8,465202041234759.0,3.1871752847386864e+16,3.3976473106841976e+16,3.2011882644318176e+16,3.374944369816908e+16,0.0446814777814658
golovin_fixed10_high_resolution_screen_v2,controlled,golovin,4096,0.1,300.0,3600.0,300.00001192092896,golovin_relative_error_radius_moment_0_m3,10,10,0.0020349704586624328,0.01083008333634092,0.0034247730592272714,-0.005712404448226859,0.009782345365551726,-0.0037904873843633753,0.00855402678801871,5.321985530669291
golovin_fixed10_high_resolution_screen_v2,controlled,golovin,4096,0.1,300.0,3600.0,300.00001192092896,golovin_relative_error_radius_moment_3_um3_m3,10,10,2.972682710582486e-05,9.465930005886108e-10,2.9933898990331176e-10,2.9726149953984745e-05,2.9727504257664973e-05,2.9726298846480815e-05,2.972740242258687e-05,3.1843055339166334e-05
golovin_fixed10_high_resolution_screen_v2,controlled,golovin,4096,0.1,300.0,3600.0,300.00001192092896,golovin_relative_error_radius_moment_6_um6_m3,10,10,-0.014897264358074303,0.044015845995045884,0.013919032648354542,-0.0463843037627716,0.016589775046622988,-0.041318689174095445,0.009866082141731191,2.9546260935612207
golovin_fixed10_high_resolution_screen_v2,controlled,golovin,4096,0.1,300.0,3600.0,300.00001192092896,liquid_water_gm3,10,10,0.9982363447998125,9.448954449100691e-10,2.988021756633973e-10,0.998236344123875,0.99823634547575,0.9982363442579346,0.9982363453759711,9.465648589458638e-10
golovin_fixed10_high_resolution_screen_v2,controlled,golovin,4096,0.1,300.0,3600.0,300.00001192092896,relative_liquid_mass_drift,10,10,3.116075109055316e-09,9.46564865622326e-10,2.9933009284577653e-10,2.438943395483191e-09,3.7932068226274415e-09,2.581123126343954e-09,3.687545822583793e-09,0.3037683086879414
golovin_fixed10_high_resolution_screen_v2,controlled,golovin,4096,0.1,300.0,3600.0,300.00001192092896,mass_fraction_r_ge_cloud_threshold,10,10,0.6304828155540274,0.014974449999458737,0.004735336870659676,0.6197707393338022,0.6411948917742526,0.6214348331343089,0.6389500259225007,0.02375076628583471
golovin_fixed10_high_resolution_screen_v2,controlled,golovin,4096,0.1,300.0,3600.0,300.00001192092896,mass_fraction_r_ge_large_threshold,10,10,0.0,0.0,0.0,0.0,0.0,0.0,0.0,nan
golovin_fixed10_high_resolution_screen_v2,controlled,golovin,4096,0.1,300.0,3600.0,300.00001192092896,mass_fraction_r_ge_onset_threshold,10,10,0.0,0.0,0.0,0.0,0.0,0.0,0.0,nan
golovin_fixed10_high_resolution_screen_v2,controlled,golovin,4096,0.1,300.0,3600.0,300.00001192092896,mass_weighted_radius_q99_um,10,10,87.0563346862793,3.5451629302758234,1.1210789536068306,84.5202779013153,89.5923914712433,85.17772619247437,89.25291929244995,0.04072263027212615
golovin_fixed10_high_resolution_screen_v2,controlled,golovin,4096,0.1,300.0,3600.0,300.00001192092896,fixed_bin_mass_below_range_fraction,10,10,0.0,0.0,0.0,0.0,0.0,0.0,0.0,nan
golovin_fixed10_high_resolution_screen_v2,controlled,golovin,4096,0.1,300.0,3600.0,300.00001192092896,fixed_bin_mass_above_range_fraction,10,10,0.0,0.0,0.0,0.0,0.0,0.0,0.0,nan
golovin_fixed10_high_resolution_screen_v2,controlled,golovin,4096,0.1,300.0,3600.0,300.00001192092896,fixed_bin_mass_below_range_fraction_bins_250,10,10,0.0,0.0,0.0,0.0,0.0,0.0,0.0,nan
golovin_fixed10_high_resolution_screen_v2,controlled,golovin,4096,0.1,300.0,3600.0,300.00001192092896,fixed_bin_mass_below_range_fraction_bins_500,10,10,0.0,0.0,0.0,0.0,0.0,0.0,0.0,nan
golovin_fixed10_high_resolution_screen_v2,controlled,golovin,4096,0.1,300.0,3600.0,300.00001192092896,fixed_bin_mass_below_range_fraction_bins_1000,10,10,0.0,0.0,0.0,0.0,0.0,0.0,0.0,nan
golovin_fixed10_high_resolution_screen_v2,controlled,golovin,4096,0.1,300.0,3600.0,300.00001192092896,fixed_bin_mass_above_range_fraction_bins_250,10,10,0.0,0.0,0.0,0.0,0.0,0.0,0.0,nan
golovin_fixed10_high_resolution_screen_v2,controlled,golovin,4096,0.1,300.0,3600.0,300.00001192092896,fixed_bin_mass_above_range_fraction_bins_500,10,10,0.0,0.0,0.0,0.0,0.0,0.0,0.0,nan
golovin_fixed10_high_resolution_screen_v2,controlled,golovin,4096,0.1,300.0,3600.0,300.00001192092896,fixed_bin_mass_above_range_fraction_bins_1000,10,10,0.0,0.0,0.0,0.0,0.0,0.0,0.0,nan
golovin_fixed10_high_resolution_screen_v2,controlled,golovin,4096,0.1,300.0,3600.0,3000.0,golovin_fixed_bin_l1_relative,10,10,0.32594756505923567,0.015844089072407728,0.005010340891939289,0.31461338652247445,0.3372817435959969,0.31689092300671595,0.33542320844224816,0.0486093187090639
golovin_fixed10_high_resolution_screen_v2,controlled,golovin,4096,0.1,300.0,3600.0,3000.0,golovin_fixed_bin_l1_relative_bins_250,10,10,0.22302137375081763,0.02431936819573545,0.007690459475478359,0.20562434576315491,0.24041840173848034,0.20884042229073063,0.2367910896994025,0.10904501118761624
golovin_fixed10_high_resolution_screen_v2,controlled,golovin,4096,0.1,300.0,3600.0,3000.0,golovin_fixed_bin_l1_relative_bins_500,10,10,0.32594756505923567,0.015844089072407728,0.005010340891939289,0.31461338652247445,0.3372817435959969,0.31696258360879065,0.33539560863729834,0.0486093187090639
golovin_fixed10_high_resolution_screen_v2,controlled,golovin,4096,0.1,300.0,3600.0,3000.0,golovin_fixed_bin_l1_relative_bins_1000,10,10,0.4493898283685664,0.01761663996486173,0.005570870700811171,0.43678764330970377,0.461992013427429,0.43992035385501266,0.460674035266314,0.03920124322532166
golovin_fixed10_high_resolution_screen_v2,controlled,golovin,4096,0.1,300.0,3600.0,3000.0,radius_moment_0_m3,10,10,94164.93519337401,3639.486343303281,1150.906635791587,91561.40350350608,96768.46688324194,92111.53152936236,96428.45361507802,0.038650123167709424
golovin_fixed10_high_resolution_screen_v2,controlled,golovin,4096,0.1,300.0,3600.0,3000.0,radius_moment_3_um3_m3,10,10,238740390432.1451,770.043013886732,243.50898201827414,238740389881.28952,238740390983.0007,238740389980.00424,238740390872.5966,3.225440875307582e-09
golovin_fixed10_high_resolution_screen_v2,controlled,golovin,4096,0.1,300.0,3600.0,3000.0,radius_moment_6_um6_m3,10,10,1.0604989719263075e+20,1.0037854193195905e+19,3.17424820711709e+18,9.886924887440146e+19,1.1323054551086003e+20,9.994794690489159e+19,1.1177844073975215e+20,0.09465218221723481
golovin_fixed10_high_resolution_screen_v2,controlled,golovin,4096,0.1,300.0,3600.0,3000.0,golovin_relative_error_radius_moment_0_m3,10,10,0.010489180813805754,0.039055531298091375,0.01235044341299613,-0.017449463216637345,0.03842782484424886,-0.011098911870028951,0.034136794319017075,3.7234110071481346
golovin_fixed10_high_resolution_screen_v2,controlled,golovin,4096,0.1,300.0,3600.0,3000.0,golovin_relative_error_radius_moment_3_um3_m3,10,10,2.9730927849658252e-05,3.225536763449628e-09,1.0200042849108576e-09,2.9728620439659055e-05,2.973323525965745e-05,2.9729006443978133e-05,2.973278322013828e-05,0.00010849095526921823
golovin_fixed10_high_resolution_screen_v2,controlled,golovin,4096,0.1,300.0,3600.0,3000.0,golovin_relative_error_radius_moment_6_um6_m3,10,10,-0.03688207060746955,0.0911612137495477,0.028827706971402918,-0.1020948744198764,0.0283307332049373,-0.08984631752044771,0.013745392870951365,2.4716945726763306
golovin_fixed10_high_resolution_screen_v2,controlled,golovin,4096,0.1,300.0,3600.0,3000.0,liquid_water_gm3,10,10,0.9982363488932023,3.2197523703621465e-09,1.01817509920704e-09,0.9982363465899302,0.9982363511964745,0.9982363469660508,0.9982363507615967,3.2254409228155805e-09
golovin_fixed10_high_resolution_screen_v2,controlled,golovin,4096,0.1,300.0,3600.0,3000.0,relative_liquid_mass_drift,10,10,7.216697062162325e-09,3.2254409199787617e-09,1.0199739765441783e-09,4.909355625255144e-09,9.524038499069505e-09,5.266034452944269e-09,9.059794852661619e-09,0.4469414320977925
golovin_fixed10_high_resolution_screen_v2,controlled,golovin,4096,0.1,300.0,3600.0,3000.0,mass_fraction_r_ge_cloud_threshold,10,10,0.9953038360170969,0.00027094463920412904,8.568021796975988e-05,0.9951100138983066,0.9954976581358873,0.9951428989966352,0.9954544903936201,0.0002722230432551803
golovin_fixed10_high_resolution_screen_v2,controlled,golovin,4096,0.1,300.0,3600.0,3000.0,mass_fraction_r_ge_large_threshold,10,10,0.13494270444782827,0.02771690538455082,0.008764855070656571,0.11511522476885434,0.1547701841268022,0.119109582838636,0.15156942958919215,0.20539758335187927
golovin_fixed10_high_resolution_screen_v2,controlled,golovin,4096,0.1,300.0,3600.0,3000.0,mass_fraction_r_ge_onset_threshold,10,10,0.13494270444782827,0.02771690538455082,0.008764855070656571,0.11511522476885434,0.1547701841268022,0.11936799609674931,0.1512810081053076,0.20539758335187927
golovin_fixed10_high_resolution_screen_v2,controlled,golovin,4096,0.1,300.0,3600.0,3000.0,mass_weighted_radius_q99_um,10,10,1453.84580078125,108.4749212352291,34.30278201106895,1376.2475167510052,1531.444084811495,1385.612062072754,1512.8452520751953,0.07461239780514423
golovin_fixed10_high_resolution_screen_v2,controlled,golovin,4096,0.1,300.0,3600.0,3000.0,fixed_bin_mass_below_range_fraction,10,10,0.0,0.0,0.0,0.0,0.0,0.0,0.0,nan
golovin_fixed10_high_resolution_screen_v2,controlled,golovin,4096,0.1,300.0,3600.0,3000.0,fixed_bin_mass_above_range_fraction,10,10,0.0,0.0,0.0,0.0,0.0,0.0,0.0,nan
golovin_fixed10_high_resolution_screen_v2,controlled,golovin,4096,0.1,300.0,3600.0,3000.0,fixed_bin_mass_below_range_fraction_bins_250,10,10,0.0,0.0,0.0,0.0,0.0,0.0,0.0,nan
golovin_fixed10_high_resolution_screen_v2,controlled,golovin,4096,0.1,300.0,3600.0,3000.0,fixed_bin_mass_below_range_fraction_bins_500,10,10,0.0,0.0,0.0,0.0,0.0,0.0,0.0,nan
golovin_fixed10_high_resolution_screen_v2,controlled,golovin,4096,0.1,300.0,3600.0,3000.0,fixed_bin_mass_below_range_fraction_bins_1000,10,10,0.0,0.0,0.0,0.0,0.0,0.0,0.0,nan
golovin_fixed10_high_resolution_screen_v2,controlled,golovin,4096,0.1,300.0,3600.0,3000.0,fixed_bin_mass_above_range_fraction_bins_250,10,10,0.0,0.0,0.0,0.0,0.0,0.0,0.0,nan
golovin_fixed10_high_resolution_screen_v2,controlled,golovin,4096,0.1,300.0,3600.0,3000.0,fixed_bin_mass_above_range_fraction_bins_500,10,10,0.0,0.0,0.0,0.0,0.0,0.0,0.0,nan
golovin_fixed10_high_resolution_screen_v2,controlled,golovin,4096,0.1,300.0,3600.0,3000.0,fixed_bin_mass_above_range_fraction_bins_1000,10,10,0.0,0.0,0.0,0.0,0.0,0.0,0.0,nan
golovin_fixed10_high_resolution_screen_v2,controlled,golovin,4096,0.1,300.0,3600.0,3299.999952316284,golovin_fixed_bin_l1_relative,10,10,0.35424817017522525,0.02887128406145042,0.009129901660790005,0.3335948977376259,0.3749014426128246,0.33701413766584454,0.37147617902706986,0.08150016426949935
golovin_fixed10_high_resolution_screen_v2,controlled,golovin,4096,0.1,300.0,3600.0,3299.999952316284,golovin_fixed_bin_l1_relative_bins_250,10,10,0.25841491107894576,0.02085333605246355,0.006594403873868934,0.24349733312128893,0.2733324890366026,0.24615270612510937,0.27055238124211944,0.08069710824888451
golovin_fixed10_high_resolution_screen_v2,controlled,golovin,4096,0.1,300.0,3600.0,3299.999952316284,golovin_fixed_bin_l1_relative_bins_500,10,10,0.35424817017522525,0.02887128406145042,0.009129901660790005,0.3335948977376259,0.3749014426128246,0.33725741674440124,0.371262729670148,0.08150016426949935
golovin_fixed10_high_resolution_screen_v2,controlled,golovin,4096,0.1,300.0,3600.0,3299.999952316284,golovin_fixed_bin_l1_relative_bins_1000,10,10,0.48763064406226475,0.017027779450073565,0.005384656655724184,0.4754497044393093,0.4998115836852202,0.4783940739241657,0.49817712277444154,0.03491942037978096
golovin_fixed10_high_resolution_screen_v2,controlled,golovin,4096,0.1,300.0,3600.0,3299.999952316284,radius_moment_0_m3,10,10,59986.96446069628,2276.2234888462526,719.8050688329032,58358.65226841748,61615.27665297509,58665.705607524586,61368.47053483083,0.03794530210538731
golovin_fixed10_high_resolution_screen_v2,controlled,golovin,4096,0.1,300.0,3600.0,3299.999952316284,radius_moment_3_um3_m3,10,10,238740390455.75595,601.4160517884891,190.1844545037408,238740390025.52884,238740390885.98306,238740390129.28088,238740390831.4376,2.5191215053321497e-09
golovin_fixed10_high_resolution_screen_v2,controlled,golovin,4096,0.1,300.0,3600.0,3299.999952316284,radius_moment_6_um6_m3,10,10,2.6035888841949177e+20,3.3285348880826565e+19,1.052575151767484e+19,2.3654798422994957e+20,2.8416979260903398e+20,2.402183944250313e+20,2.7886662819311773e+20,0.12784410427808024
golovin_fixed10_high_resolution_screen_v2,controlled,golovin,4096,0.1,300.0,3600.0,3299.999952316284,golovin_relative_error_radius_moment_0_m3,10,10,0.009560956460815718,0.0383080954867094,0.012114083456121826,-0.017843004200185503,0.03696491712181694,-0.012347629357978297,0.03242092305381083,4.006722093517519
golovin_fixed10_high_resolution_screen_v2,controlled,golovin,4096,0.1,300.0,3600.0,3299.999952316284,golovin_relative_error_radius_moment_3_um3_m3,10,10,2.973102675019046e-05,2.519196409149827e-09,7.966398526230898e-10,2.9729224625641678e-05,2.973282887473924e-05,2.9729625391954897e-05,2.9732613673256748e-05,8.473290984253308e-05
golovin_fixed10_high_resolution_screen_v2,controlled,golovin,4096,0.1,300.0,3600.0,3299.999952316284,golovin_relative_error_radius_moment_6_um6_m3,10,10,-0.03866397911006515,0.12290114250092755,0.038864753733985374,-0.12658216014978846,0.04925420192965814,-0.11271442303960784,0.03186388927721666,3.178698761218125
golovin_fixed10_high_resolution_screen_v2,controlled,golovin,4096,0.1,300.0,3600.0,3299.999952316284,liquid_water_gm3,10,10,0.9982363489919255,2.5146787673623245e-09,7.952112488529635e-10,0.9982363471930327,0.9982363507908183,0.9982363476487102,0.998236350587536,2.5191216187446857e-09
golovin_fixed10_high_resolution_screen_v2,controlled,golovin,4096,0.1,300.0,3600.0,3299.999952316284,relative_liquid_mass_drift,10,10,7.31559464117737e-09,2.5191216356132724e-09,7.966162071546679e-10,5.513523582161299e-09,9.117665700193441e-09,5.955905797438988e-09,8.901739440569932e-09,0.34434953809959123
golovin_fixed10_high_resolution_screen_v2,controlled,golovin,4096,0.1,300.0,3600.0,3299.999952316284,mass_fraction_r_ge_cloud_threshold,10,10,0.9970195783301572,0.00017884157300940658,5.655467110370186e-05,0.9968916427758303,0.9971475138844841,0.996913051587692,0.9971226050938095,0.0001793761896922191
golovin_fixed10_high_resolution_screen_v2,controlled,golovin,4096,0.1,300.0,3600.0,3299.999952316284,mass_fraction_r_ge_large_threshold,10,10,0.3429106574496348,0.035429082059709294,0.0112036594717691,0.3175662189260204,0.3682550959732492,0.32346564996562854,0.3650701709829209,0.10331869625519867
golovin_fixed10_high_resolution_screen_v2,controlled,golovin,4096,0.1,300.0,3600.0,3299.999952316284,mass_fraction_r_ge_onset_threshold,10,10,0.3429106574496348,0.035429082059709294,0.0112036594717691,0.3175662189260204,0.3682550959732492,0.3230830681371618,0.3639023506508971,0.10331869625519867
golovin_fixed10_high_resolution_screen_v2,controlled,golovin,4096,0.1,300.0,3600.0,3299.999952316284,mass_weighted_radius_q99_um,10,10,1874.837255859375,159.27818346252235,50.3681841315735,1760.8965073489971,1988.778004369753,1775.6649462890628,1961.789545288086,0.0849557384059522
golovin_fixed10_high_resolution_screen_v2,controlled,golovin,4096,0.1,300.0,3600.0,3299.999952316284,fixed_bin_mass_below_range_fraction,10,10,0.0,0.0,0.0,0.0,0.0,0.0,0.0,nan
golovin_fixed10_high_resolution_screen_v2,controlled,golovin,4096,0.1,300.0,3600.0,3299.999952316284,fixed_bin_mass_above_range_fraction,10,10,0.0,0.0,0.0,0.0,0.0,0.0,0.0,nan
golovin_fixed10_high_resolution_screen_v2,controlled,golovin,4096,0.1,300.0,3600.0,3299.999952316284,fixed_bin_mass_below_range_fraction_bins_250,10,10,0.0,0.0,0.0,0.0,0.0,0.0,0.0,nan
golovin_fixed10_high_resolution_screen_v2,controlled,golovin,4096,0.1,300.0,3600.0,3299.999952316284,fixed_bin_mass_below_range_fraction_bins_500,10,10,0.0,0.0,0.0,0.0,0.0,0.0,0.0,nan
golovin_fixed10_high_resolution_screen_v2,controlled,golovin,4096,0.1,300.0,3600.0,3299.999952316284,fixed_bin_mass_below_range_fraction_bins_1000,10,10,0.0,0.0,0.0,0.0,0.0,0.0,0.0,nan
golovin_fixed10_high_resolution_screen_v2,controlled,golovin,4096,0.1,300.0,3600.0,3299.999952316284,fixed_bin_mass_above_range_fraction_bins_250,10,10,0.0,0.0,0.0,0.0,0.0,0.0,0.0,nan
golovin_fixed10_high_resolution_screen_v2,controlled,golovin,4096,0.1,300.0,3600.0,3299.999952316284,fixed_bin_mass_above_range_fraction_bins_500,10,10,0.0,0.0,0.0,0.0,0.0,0.0,0.0,nan
golovin_fixed10_high_resolution_screen_v2,controlled,golovin,4096,0.1,300.0,3600.0,3299.999952316284,fixed_bin_mass_above_range_fraction_bins_1000,10,10,0.0,0.0,0.0,0.0,0.0,0.0,0.0,nan
golovin_fixed10_high_resolution_screen_v2,controlled,golovin,4096,0.1,300.0,3600.0,3599.9999046325684,golovin_fixed_bin_l1_relative,10,10,0.3806727565610688,0.022359063816267545,0.0070705568008462005,0.364678045849063,0.3966674672730746,0.3689853730779827,0.3948977548552518,0.05873565531259821
golovin_fixed10_high_resolution_screen_v2,controlled,golovin,4096,0.1,300.0,3600.0,3599.9999046325684,golovin_fixed_bin_l1_relative_bins_250,10,10,0.2713643202095461,0.02591752770752645,0.008195841887630588,0.252824037778281,0.2899046026408112,0.2568716392391963,0.2870556465714229,0.0955082366300517
golovin_fixed10_high_resolution_screen_v2,controlled,golovin,4096,0.1,300.0,3600.0,3599.9999046325684,golovin_fixed_bin_l1_relative_bins_500,10,10,0.3806727565610688,0.022359063816267545,0.0070705568008462005,0.364678045849063,0.3966674672730746,0.3689161833234485,0.39531887584993575,0.05873565531259821
golovin_fixed10_high_resolution_screen_v2,controlled,golovin,4096,0.1,300.0,3600.0,3599.9999046325684,golovin_fixed_bin_l1_relative_bins_1000,10,10,0.517958974110152,0.020914377206339613,0.006613706781594252,0.5029977299415215,0.5329202182787826,0.5057381944435675,0.5301685012668953,0.04037844356740858
golovin_fixed10_high_resolution_screen_v2,controlled,golovin,4096,0.1,300.0,3600.0,3599.9999046325684,radius_moment_0_m3,10,10,38249.017449483195,1455.6682640991805,460.32272321769227,37207.695103957514,39290.33979500888,37413.60815139506,39124.59552878808,0.03805766425298982
golovin_fixed10_high_resolution_screen_v2,controlled,golovin,4096,0.1,300.0,3600.0,3599.9999046325684,radius_moment_3_um3_m3,10,10,238740390110.68628,802.7803677568205,253.86144229791492,238740389536.4118,238740390684.96075,238740389657.06552,238740390584.26895,3.362566205846571e-09
golovin_fixed10_high_resolution_screen_v2,controlled,golovin,4096,0.1,300.0,3600.0,3599.9999046325684,radius_moment_6_um6_m3,10,10,6.301808071739255e+20,7.884266409626e+19,2.4932239533976252e+19,5.737801629275406e+20,6.865814514203104e+20,5.824783695777545e+20,6.751943529549174e+20,0.12511117951978498
golovin_fixed10_high_resolution_screen_v2,controlled,golovin,4096,0.1,300.0,3600.0,3599.9999046325684,golovin_relative_error_radius_moment_0_m3,10,10,0.009553057932463716,0.038421231324372876,0.01214986014932259,-0.01793183523132285,0.03703795109625028,-0.01265806399152869,0.032663297160013295,4.021877768981991
golovin_fixed10_high_resolution_screen_v2,controlled,golovin,4096,0.1,300.0,3600.0,3599.9999046325684,golovin_relative_error_radius_moment_3_um3_m3,10,10,2.9729581330983913e-05,3.3626661795233875e-09,1.063368413811056e-09,2.9727175824509918e-05,2.9731986837457908e-05,2.9727645849559893e-05,2.9731610283343924e-05,0.0001131084269935159
golovin_fixed10_high_resolution_screen_v2,controlled,golovin,4096,0.1,300.0,3600.0,3599.9999046325684,golovin_relative_error_radius_moment_6_um6_m3,10,10,-0.05397727329476537,0.11835801919061509,0.03742809199882624,-0.13864549969978035,0.030690953110249594,-0.12528806861046984,0.01457347620041403,2.1927380166884656
golovin_fixed10_high_resolution_screen_v2,controlled,golovin,4096,0.1,300.0,3600.0,3599.9999046325684,liquid_water_gm3,10,10,0.9982363475490985,3.3566357876989615e-09,1.0614614364762116e-09,0.9982363451479059,0.9982363499502911,0.9982363455571606,0.998236349536012,3.3625661857938553e-09
golovin_fixed10_high_resolution_screen_v2,controlled,golovin,4096,0.1,300.0,3600.0,3599.9999046325684,relative_liquid_mass_drift,10,10,5.87021833364787e-09,3.3625661631211755e-09,1.0633367858476194e-09,3.4647834070758568e-09,8.275653260219883e-09,3.95470798941755e-09,7.894668205277175e-09,0.5728179042075954
golovin_fixed10_high_resolution_screen_v2,controlled,golovin,4096,0.1,300.0,3600.0,3599.9999046325684,mass_fraction_r_ge_cloud_threshold,10,10,0.9981042710969772,0.00011353740728735936,3.590368066582551e-05,0.9980230513285882,0.9981854908653662,0.9980365487560415,0.9981693425332169,0.00011375305223629077
golovin_fixed10_high_resolution_screen_v2,controlled,golovin,4096,0.1,300.0,3600.0,3599.9999046325684,mass_fraction_r_ge_large_threshold,10,10,0.5447179770710839,0.028582484784542925,0.00903857531062627,0.5242712991906597,0.5651646549515081,0.5291118627149662,0.5624939559350046,0.05247207910821897
golovin_fixed10_high_resolution_screen_v2,controlled,golovin,4096,0.1,300.0,3600.0,3599.9999046325684,mass_fraction_r_ge_onset_threshold,10,10,0.5447179770710839,0.028582484784542925,0.00903857531062627,0.5242712991906597,0.5651646549515081,0.5290346558513178,0.5622623658958312,0.05247207910821897
golovin_fixed10_high_resolution_screen_v2,controlled,golovin,4096,0.1,300.0,3600.0,3599.9999046325684,mass_weighted_radius_q99_um,10,10,2533.315673828125,194.927728818603,61.641560219042816,2393.8727768525605,2672.7585708036895,2431.2321246337888,2657.5863275146485,0.07694569249005011
golovin_fixed10_high_resolution_screen_v2,controlled,golovin,4096,0.1,300.0,3600.0,3599.9999046325684,fixed_bin_mass_below_range_fraction,10,10,0.0,0.0,0.0,0.0,0.0,0.0,0.0,nan
golovin_fixed10_high_resolution_screen_v2,controlled,golovin,4096,0.1,300.0,3600.0,3599.9999046325684,fixed_bin_mass_above_range_fraction,10,10,0.0,0.0,0.0,0.0,0.0,0.0,0.0,nan
golovin_fixed10_high_resolution_screen_v2,controlled,golovin,4096,0.1,300.0,3600.0,3599.9999046325684,fixed_bin_mass_below_range_fraction_bins_250,10,10,0.0,0.0,0.0,0.0,0.0,0.0,0.0,nan
golovin_fixed10_high_resolution_screen_v2,controlled,golovin,4096,0.1,300.0,3600.0,3599.9999046325684,fixed_bin_mass_below_range_fraction_bins_500,10,10,0.0,0.0,0.0,0.0,0.0,0.0,0.0,nan
golovin_fixed10_high_resolution_screen_v2,controlled,golovin,4096,0.1,300.0,3600.0,3599.9999046325684,fixed_bin_mass_below_range_fraction_bins_1000,10,10,0.0,0.0,0.0,0.0,0.0,0.0,0.0,nan
golovin_fixed10_high_resolution_screen_v2,controlled,golovin,4096,0.1,300.0,3600.0,3599.9999046325684,fixed_bin_mass_above_range_fraction_bins_250,10,10,0.0,0.0,0.0,0.0,0.0,0.0,0.0,nan
golovin_fixed10_high_resolution_screen_v2,controlled,golovin,4096,0.1,300.0,3600.0,3599.9999046325684,fixed_bin_mass_above_range_fraction_bins_500,10,10,0.0,0.0,0.0,0.0,0.0,0.0,0.0,nan
golovin_fixed10_high_resolution_screen_v2,controlled,golovin,4096,0.1,300.0,3600.0,3599.9999046325684,fixed_bin_mass_above_range_fraction_bins_1000,10,10,0.0,0.0,0.0,0.0,0.0,0.0,0.0,nan
golovin_fixed10_high_resolution_screen_v2,controlled,golovin,4096,0.1,300.0,3600.0,600.0000238418579,golovin_fixed_bin_l1_relative,10,10,0.25448740242434614,0.021536959952760476,0.006810584732655548,0.23908078938852528,0.269894015460167,0.24066420603311553,0.26641233356451655,0.08462878613083007
golovin_fixed10_high_resolution_screen_v2,controlled,golovin,4096,0.1,300.0,3600.0,600.0000238418579,golovin_fixed_bin_l1_relative_bins_250,10,10,0.17340754569842132,0.023272405166272363,0.007359380695569026,0.156759469944181,0.19005562145266164,0.1592312677224745,0.18682057210502379,0.13420641571587755
golovin_fixed10_high_resolution_screen_v2,controlled,golovin,4096,0.1,300.0,3600.0,600.0000238418579,golovin_fixed_bin_l1_relative_bins_500,10,10,0.25448740242434614,0.021536959952760476,0.006810584732655548,0.23908078938852528,0.269894015460167,0.24121725600262467,0.2662261953153059,0.08462878613083007
golovin_fixed10_high_resolution_screen_v2,controlled,golovin,4096,0.1,300.0,3600.0,600.0000238418579,golovin_fixed_bin_l1_relative_bins_1000,10,10,0.3476467831764477,0.020379582409461104,0.006444589817699932,0.3330681081590414,0.362225458193854,0.33483732879550787,0.35834081565946535,0.05862151872441596
golovin_fixed10_high_resolution_screen_v2,controlled,golovin,4096,0.1,300.0,3600.0,600.0000238418579,radius_moment_0_m3,10,10,3430572.841734267,67235.29912283109,21261.668439086738,3382475.6061817463,3478670.0772867873,3393378.3830758343,3471227.5024103774,0.019598854834063643
golovin_fixed10_high_resolution_screen_v2,controlled,golovin,4096,0.1,300.0,3600.0,600.0000238418579,radius_moment_3_um3_m3,10,10,238740389921.1332,565.05381519617,178.68570565877602,238740389516.91806,238740390325.34836,238740389580.03827,238740390250.80005,2.3668128186555823e-09
golovin_fixed10_high_resolution_screen_v2,controlled,golovin,4096,0.1,300.0,3600.0,600.0000238418579,radius_moment_6_um6_m3,10,10,8.08798652127976e+16,4738149511760367.0,1498334435157752.2,7.749039723803829e+16,8.426933318755691e+16,7.801053161231165e+16,8.355168255696344e+16,0.05858255944534698
golovin_fixed10_high_resolution_screen_v2,controlled,golovin,4096,0.1,300.0,3600.0,600.0000238418579,golovin_relative_error_radius_moment_0_m3,10,10,0.005873187366888332,0.019713962580680526,0.006234102346228139,-0.008229331909248747,0.019975706643025413,-0.004918147175696542,0.01772173882338939,3.356603722847882
golovin_fixed10_high_resolution_screen_v2,controlled,golovin,4096,0.1,300.0,3600.0,600.0000238418579,golovin_relative_error_radius_moment_3_um3_m3,10,10,2.9728787335803197e-05,2.366883158641343e-09,7.484741736800289e-10,2.9727094169590035e-05,2.9730480502016358e-05,2.972734312632286e-05,2.973013339801156e-05,7.961586632868945e-05
golovin_fixed10_high_resolution_screen_v2,controlled,golovin,4096,0.1,300.0,3600.0,600.0000238418579,golovin_relative_error_radius_moment_6_um6_m3,10,10,-0.016121718579236367,0.05763810790831772,0.01822677010128475,-0.05735353711853383,0.025110099960061097,-0.05085541534159066,0.016208855298857638,3.5751838505946583
golovin_fixed10_high_resolution_screen_v2,controlled,golovin,4096,0.1,300.0,3600.0,600.0000238418579,liquid_water_gm3,10,10,0.998236346756527,2.362638563135559e-09,7.471319147255897e-10,0.9982363450663971,0.9982363484466568,0.9982363453473598,0.9982363481055403,2.3668128002073383e-09
golovin_fixed10_high_resolution_screen_v2,controlled,golovin,4096,0.1,300.0,3600.0,600.0000238418579,relative_liquid_mass_drift,10,10,5.076246778479288e-09,2.366812866607197e-09,7.48451945387102e-10,3.383130849211604e-09,6.7693627077469715e-09,3.671736825694438e-09,6.44970192142935e-09,0.46625252275781454
golovin_fixed10_high_resolution_screen_v2,controlled,golovin,4096,0.1,300.0,3600.0,600.0000238418579,mass_fraction_r_ge_cloud_threshold,10,10,0.7873744845985581,0.011880888970470054,0.0037570669774258346,0.7788754086244616,0.7958735605726546,0.780063219983853,0.7940669556054373,0.015089248131437116
golovin_fixed10_high_resolution_screen_v2,controlled,golovin,4096,0.1,300.0,3600.0,600.0000238418579,mass_fraction_r_ge_large_threshold,10,10,0.0,0.0,0.0,0.0,0.0,0.0,0.0,nan
golovin_fixed10_high_resolution_screen_v2,controlled,golovin,4096,0.1,300.0,3600.0,600.0000238418579,mass_fraction_r_ge_onset_threshold,10,10,0.0,0.0,0.0,0.0,0.0,0.0,0.0,nan
golovin_fixed10_high_resolution_screen_v2,controlled,golovin,4096,0.1,300.0,3600.0,600.0000238418579,mass_weighted_radius_q99_um,10,10,125.04459228515626,5.194264063962239,1.6425705210483204,121.32883961556561,128.7603449547469,122.2719215965271,128.30387498855592,0.04153929385540359
golovin_fixed10_high_resolution_screen_v2,controlled,golovin,4096,0.1,300.0,3600.0,600.0000238418579,fixed_bin_mass_below_range_fraction,10,10,0.0,0.0,0.0,0.0,0.0,0.0,0.0,nan
golovin_fixed10_high_resolution_screen_v2,controlled,golovin,4096,0.1,300.0,3600.0,600.0000238418579,fixed_bin_mass_above_range_fraction,10,10,0.0,0.0,0.0,0.0,0.0,0.0,0.0,nan
golovin_fixed10_high_resolution_screen_v2,controlled,golovin,4096,0.1,300.0,3600.0,600.0000238418579,fixed_bin_mass_below_range_fraction_bins_250,10,10,0.0,0.0,0.0,0.0,0.0,0.0,0.0,nan
golovin_fixed10_high_resolution_screen_v2,controlled,golovin,4096,0.1,300.0,3600.0,600.0000238418579,fixed_bin_mass_below_range_fraction_bins_500,10,10,0.0,0.0,0.0,0.0,0.0,0.0,0.0,nan
golovin_fixed10_high_resolution_screen_v2,controlled,golovin,4096,0.1,300.0,3600.0,600.0000238418579,fixed_bin_mass_below_range_fraction_bins_1000,10,10,0.0,0.0,0.0,0.0,0.0,0.0,0.0,nan
golovin_fixed10_high_resolution_screen_v2,controlled,golovin,4096,0.1,300.0,3600.0,600.0000238418579,fixed_bin_mass_above_range_fraction_bins_250,10,10,0.0,0.0,0.0,0.0,0.0,0.0,0.0,nan
golovin_fixed10_high_resolution_screen_v2,controlled,golovin,4096,0.1,300.0,3600.0,600.0000238418579,fixed_bin_mass_above_range_fraction_bins_500,10,10,0.0,0.0,0.0,0.0,0.0,0.0,0.0,nan
golovin_fixed10_high_resolution_screen_v2,controlled,golovin,4096,0.1,300.0,3600.0,600.0000238418579,fixed_bin_mass_above_range_fraction_bins_1000,10,10,0.0,0.0,0.0,0.0,0.0,0.0,0.0,nan
golovin_fixed10_high_resolution_screen_v2,controlled,golovin,4096,0.1,300.0,3600.0,899.9999761581421,golovin_fixed_bin_l1_relative,10,10,0.24686470565226282,0.018158298937112623,0.005742158307549048,0.23387504110691953,0.2598543701976061,0.23634349047341496,0.2573037893264921,0.07355567045979698
golovin_fixed10_high_resolution_screen_v2,controlled,golovin,4096,0.1,300.0,3600.0,899.9999761581421,golovin_fixed_bin_l1_relative_bins_250,10,10,0.17849026089696635,0.017068072845637803,0.005397398546188696,0.16628049711522896,0.19070002467870373,0.16883384252168993,0.189050696917842,0.09562467307664681
golovin_fixed10_high_resolution_screen_v2,controlled,golovin,4096,0.1,300.0,3600.0,899.9999761581421,golovin_fixed_bin_l1_relative_bins_500,10,10,0.24686470565226282,0.018158298937112623,0.005742158307549048,0.23387504110691953,0.2598543701976061,0.23651760646843098,0.25740011575976934,0.07355567045979698
golovin_fixed10_high_resolution_screen_v2,controlled,golovin,4096,0.1,300.0,3600.0,899.9999761581421,golovin_fixed_bin_l1_relative_bins_1000,10,10,0.34872787797429095,0.012276490194005943,0.0038821670685781164,0.33994580593292767,0.3575099500156542,0.3412652581662132,0.35565419707968776,0.03520363862309567
golovin_fixed10_high_resolution_screen_v2,controlled,golovin,4096,0.1,300.0,3600.0,899.9999761581421,radius_moment_0_m3,10,10,2200744.6809160346,54331.691755891276,17181.189507880947,2161878.1300053885,2239611.2318266807,2170719.591799819,2234989.049696338,0.024687866896616256
golovin_fixed10_high_resolution_screen_v2,controlled,golovin,4096,0.1,300.0,3600.0,899.9999761581421,radius_moment_3_um3_m3,10,10,238740389684.24814,436.666699258511,138.08613480046535,238740389371.8756,238740389996.62067,238740389421.4939,238740389926.45358,1.8290440919361617e-09
golovin_fixed10_high_resolution_screen_v2,controlled,golovin,4096,0.1,300.0,3600.0,899.9999761581421,radius_moment_6_um6_m3,10,10,2.0067088691240723e+17,9173022729547260.0,2900764485386407.0,1.941089017541997e+17,2.0723287207061475e+17,1.9493419466482474e+17,2.0565364316371e+17,0.0457117764848036
golovin_fixed10_high_resolution_screen_v2,controlled,golovin,4096,0.1,300.0,3600.0,899.9999761581421,golovin_relative_error_radius_moment_0_m3,10,10,0.011997528725142126,0.024984060288870912,0.007900653571179642,-0.005874991341689119,0.029870048791973372,-0.0015360573875194134,0.027596156103040073,2.082433879613399
golovin_fixed10_high_resolution_screen_v2,controlled,golovin,4096,0.1,300.0,3600.0,899.9999761581421,golovin_relative_error_radius_moment_3_um3_m3,10,10,2.9727795077727494e-05,1.8290984546288572e-09,5.78411718132134e-10,2.9726486619516275e-05,2.9729103535938713e-05,2.9726682487214993e-05,2.9728802992377012e-05,6.152822467480088e-05
golovin_fixed10_high_resolution_screen_v2,controlled,golovin,4096,0.1,300.0,3600.0,899.9999761581421,golovin_relative_error_radius_moment_6_um6_m3,10,10,-0.007526507943695515,0.045367726435970285,0.014346534780109924,-0.039980624357854745,0.024927608470463717,-0.03577633820370322,0.016986304750953893,6.027725842496718
golovin_fixed10_high_resolution_screen_v2,controlled,golovin,4096,0.1,300.0,3600.0,899.9999761581421,liquid_water_gm3,10,10,0.9982363457660485,1.8258182481384874e-09,5.773744257616105e-10,0.9982363444599368,0.9982363470721601,0.9982363446740244,0.9982363467921995,1.8290440494203314e-09
golovin_fixed10_high_resolution_screen_v2,controlled,golovin,4096,0.1,300.0,3600.0,899.9999761581421,relative_liquid_mass_drift,10,10,4.084018234706832e-09,1.8290440256521804e-09,5.783945061784329e-10,2.7755989596321595e-09,5.392437509781505e-09,2.9753613300931292e-09,5.114490251867386e-09,0.4478540301579914
golovin_fixed10_high_resolution_screen_v2,controlled,golovin,4096,0.1,300.0,3600.0,899.9999761581421,mass_fraction_r_ge_cloud_threshold,10,10,0.8746678734060653,0.007617118897212892,0.002408744492350273,0.8692189147993444,0.8801168320127862,0.8700349946520353,0.8788840257241086,0.00870858428531379
golovin_fixed10_high_resolution_screen_v2,controlled,golovin,4096,0.1,300.0,3600.0,899.9999761581421,mass_fraction_r_ge_large_threshold,10,10,0.0,0.0,0.0,0.0,0.0,0.0,0.0,nan
golovin_fixed10_high_resolution_screen_v2,controlled,golovin,4096,0.1,300.0,3600.0,899.9999761581421,mass_fraction_r_ge_onset_threshold,10,10,0.0,0.0,0.0,0.0,0.0,0.0,0.0,nan
golovin_fixed10_high_resolution_screen_v2,controlled,golovin,4096,0.1,300.0,3600.0,899.9999761581421,mass_weighted_radius_q99_um,10,10,174.81121368408202,7.218638198047806,2.2827338310524703,169.64731099740487,179.97511637075917,170.54271286010743,178.96397811889648,0.0412939081304778
golovin_fixed10_high_resolution_screen_v2,controlled,golovin,4096,0.1,300.0,3600.0,899.9999761581421,fixed_bin_mass_below_range_fraction,10,10,0.0,0.0,0.0,0.0,0.0,0.0,0.0,nan
golovin_fixed10_high_resolution_screen_v2,controlled,golovin,4096,0.1,300.0,3600.0,899.9999761581421,fixed_bin_mass_above_range_fraction,10,10,0.0,0.0,0.0,0.0,0.0,0.0,0.0,nan
golovin_fixed10_high_resolution_screen_v2,controlled,golovin,4096,0.1,300.0,3600.0,899.9999761581421,fixed_bin_mass_below_range_fraction_bins_250,10,10,0.0,0.0,0.0,0.0,0.0,0.0,0.0,nan
golovin_fixed10_high_resolution_screen_v2,controlled,golovin,4096,0.1,300.0,3600.0,899.9999761581421,fixed_bin_mass_below_range_fraction_bins_500,10,10,0.0,0.0,0.0,0.0,0.0,0.0,0.0,nan
golovin_fixed10_high_resolution_screen_v2,controlled,golovin,4096,0.1,300.0,3600.0,899.9999761581421,fixed_bin_mass_below_range_fraction_bins_1000,10,10,0.0,0.0,0.0,0.0,0.0,0.0,0.0,nan
golovin_fixed10_high_resolution_screen_v2,controlled,golovin,4096,0.1,300.0,3600.0,899.9999761581421,fixed_bin_mass_above_range_fraction_bins_250,10,10,0.0,0.0,0.0,0.0,0.0,0.0,0.0,nan
golovin_fixed10_high_resolution_screen_v2,controlled,golovin,4096,0.1,300.0,3600.0,899.9999761581421,fixed_bin_mass_above_range_fraction_bins_500,10,10,0.0,0.0,0.0,0.0,0.0,0.0,0.0,nan
golovin_fixed10_high_resolution_screen_v2,controlled,golovin,4096,0.1,300.0,3600.0,899.9999761581421,fixed_bin_mass_above_range_fraction_bins_1000,10,10,0.0,0.0,0.0,0.0,0.0,0.0,0.0,nan
golovin_fixed10_high_resolution_screen_v2,controlled,golovin,524288,0.1,300.0,3600.0,0.0,golovin_fixed_bin_l1_relative,10,10,0.00029524346322633125,0.0,0.0,0.00029524346322633125,0.00029524346322633125,0.00029524346322633125,0.00029524346322633125,0.0
golovin_fixed10_high_resolution_screen_v2,controlled,golovin,524288,0.1,300.0,3600.0,0.0,golovin_fixed_bin_l1_relative_bins_250,10,10,0.0008159082474797014,0.0,0.0,0.0008159082474797014,0.0008159082474797014,0.0008159082474797014,0.0008159082474797014,0.0
golovin_fixed10_high_resolution_screen_v2,controlled,golovin,524288,0.1,300.0,3600.0,0.0,golovin_fixed_bin_l1_relative_bins_500,10,10,0.00029524346322633125,0.0,0.0,0.00029524346322633125,0.00029524346322633125,0.00029524346322633125,0.00029524346322633125,0.0
golovin_fixed10_high_resolution_screen_v2,controlled,golovin,524288,0.1,300.0,3600.0,0.0,golovin_fixed_bin_l1_relative_bins_1000,10,10,0.0003817816636828866,5.714247181928225e-20,1.807003620809174e-20,0.00038178166368288657,0.0003817816636828867,0.0003817816636828866,0.0003817816636828866,1.4967316991615818e-16
golovin_fixed10_high_resolution_screen_v2,controlled,golovin,524288,0.1,300.0,3600.0,0.0,radius_moment_0_m3,10,10,8388607.999999998,9.817001907056755e-10,3.104408582051595e-10,8388607.999999997,8388607.999999999,8388607.999999998,8388607.999999998,1.1702778228589007e-16
golovin_fixed10_high_resolution_screen_v2,controlled,golovin,524288,0.1,300.0,3600.0,0.0,radius_moment_3_um3_m3,10,10,238740390119.26544,3.2168351849043574e-05,1.0172526041666666e-05,238740390119.2654,238740390119.26547,238740390119.26544,238740390119.26544,1.3474197572088038e-16
golovin_fixed10_high_resolution_screen_v2,controlled,golovin,524288,0.1,300.0,3600.0,0.0,radius_moment_6_um6_m3,10,10,1.3588188835532026e+16,2.1081851067789197,0.6666666666666666,1.3588188835532024e+16,1.3588188835532028e+16,1.3588188835532026e+16,1.3588188835532026e+16,1.5514835216789041e-16
golovin_fixed10_high_resolution_screen_v2,controlled,golovin,524288,0.1,300.0,3600.0,0.0,golovin_relative_error_radius_moment_0_m3,10,10,-1.1102230246251565e-16,0.0,0.0,-1.1102230246251565e-16,-1.1102230246251565e-16,-1.1102230246251565e-16,-1.1102230246251565e-16,0.0
golovin_fixed10_high_resolution_screen_v2,controlled,golovin,524288,0.1,300.0,3600.0,0.0,golovin_relative_error_radius_moment_3_um3_m3,10,10,2.9729617267104658e-05,0.0,0.0,2.9729617267104658e-05,2.9729617267104658e-05,2.9729617267104658e-05,2.9729617267104658e-05,0.0
golovin_fixed10_high_resolution_screen_v2,controlled,golovin,524288,0.1,300.0,3600.0,0.0,golovin_relative_error_radius_moment_6_um6_m3,10,10,-1.0356312179049532e-05,0.0,0.0,-1.0356312179049532e-05,-1.0356312179049532e-05,-1.0356312179049532e-05,-1.0356312179049532e-05,0.0
golovin_fixed10_high_resolution_screen_v2,controlled,golovin,524288,0.1,300.0,3600.0,0.0,liquid_water_gm3,10,10,0.9982363475849704,1.1702778228589004e-16,3.700743415417188e-17,0.9982363475849703,0.9982363475849705,0.9982363475849704,0.9982363475849704,1.1723454327125528e-16
golovin_fixed10_high_resolution_screen_v2,controlled,golovin,524288,0.1,300.0,3600.0,0.0,relative_liquid_mass_drift,10,10,0.0,0.0,0.0,0.0,0.0,0.0,0.0,nan
golovin_fixed10_high_resolution_screen_v2,controlled,golovin,524288,0.1,300.0,3600.0,0.0,mass_fraction_r_ge_cloud_threshold,10,10,0.3428183576533882,0.0,0.0,0.3428183576533882,0.3428183576533882,0.3428183576533882,0.3428183576533882,0.0
golovin_fixed10_high_resolution_screen_v2,controlled,golovin,524288,0.1,300.0,3600.0,0.0,mass_fraction_r_ge_large_threshold,10,10,0.0,0.0,0.0,0.0,0.0,0.0,0.0,nan
golovin_fixed10_high_resolution_screen_v2,controlled,golovin,524288,0.1,300.0,3600.0,0.0,mass_fraction_r_ge_onset_threshold,10,10,0.0,0.0,0.0,0.0,0.0,0.0,0.0,nan
golovin_fixed10_high_resolution_screen_v2,controlled,golovin,524288,0.1,300.0,3600.0,0.0,mass_weighted_radius_q99_um,10,10,57.378334045410156,0.0,0.0,57.378334045410156,57.378334045410156,57.378334045410156,57.378334045410156,0.0
golovin_fixed10_high_resolution_screen_v2,controlled,golovin,524288,0.1,300.0,3600.0,0.0,fixed_bin_mass_below_range_fraction,10,10,0.0,0.0,0.0,0.0,0.0,0.0,0.0,nan
golovin_fixed10_high_resolution_screen_v2,controlled,golovin,524288,0.1,300.0,3600.0,0.0,fixed_bin_mass_above_range_fraction,10,10,0.0,0.0,0.0,0.0,0.0,0.0,0.0,nan
golovin_fixed10_high_resolution_screen_v2,controlled,golovin,524288,0.1,300.0,3600.0,0.0,fixed_bin_mass_below_range_fraction_bins_250,10,10,0.0,0.0,0.0,0.0,0.0,0.0,0.0,nan
golovin_fixed10_high_resolution_screen_v2,controlled,golovin,524288,0.1,300.0,3600.0,0.0,fixed_bin_mass_below_range_fraction_bins_500,10,10,0.0,0.0,0.0,0.0,0.0,0.0,0.0,nan
golovin_fixed10_high_resolution_screen_v2,controlled,golovin,524288,0.1,300.0,3600.0,0.0,fixed_bin_mass_below_range_fraction_bins_1000,10,10,0.0,0.0,0.0,0.0,0.0,0.0,0.0,nan
golovin_fixed10_high_resolution_screen_v2,controlled,golovin,524288,0.1,300.0,3600.0,0.0,fixed_bin_mass_above_range_fraction_bins_250,10,10,0.0,0.0,0.0,0.0,0.0,0.0,0.0,nan
golovin_fixed10_high_resolution_screen_v2,controlled,golovin,524288,0.1,300.0,3600.0,0.0,fixed_bin_mass_above_range_fraction_bins_500,10,10,0.0,0.0,0.0,0.0,0.0,0.0,0.0,nan
golovin_fixed10_high_resolution_screen_v2,controlled,golovin,524288,0.1,300.0,3600.0,0.0,fixed_bin_mass_above_range_fraction_bins_1000,10,10,0.0,0.0,0.0,0.0,0.0,0.0,0.0,nan
golovin_fixed10_high_resolution_screen_v2,controlled,golovin,524288,0.1,300.0,3600.0,1200.0000476837158,golovin_fixed_bin_l1_relative,10,10,0.02302377135970942,0.001680466907672715,0.0005314102960785665,0.021821637752050576,0.024225904967368265,0.0220972388553182,0.02405522016312523,0.07298834241437342
golovin_fixed10_high_resolution_screen_v2,controlled,golovin,524288,0.1,300.0,3600.0,1200.0000476837158,golovin_fixed_bin_l1_relative_bins_250,10,10,0.017027476721685718,0.0013086143843666256,0.0004138202033457577,0.016091350384576503,0.017963603058794932,0.016283032639954044,0.017816758963672876,0.07685310077094458
golovin_fixed10_high_resolution_screen_v2,controlled,golovin,524288,0.1,300.0,3600.0,1200.0000476837158,golovin_fixed_bin_l1_relative_bins_500,10,10,0.02302377135970942,0.001680466907672715,0.0005314102960785665,0.021821637752050576,0.024225904967368265,0.022092142644901277,0.02406841862199116,0.07298834241437342
golovin_fixed10_high_resolution_screen_v2,controlled,golovin,524288,0.1,300.0,3600.0,1200.0000476837158,golovin_fixed_bin_l1_relative_bins_1000,10,10,0.032752283359188075,0.002059041600583179,0.0006511261254881529,0.031279333730530004,0.034225232987846146,0.03158906034873087,0.033964448531233565,0.06286711610308388
golovin_fixed10_high_resolution_screen_v2,controlled,golovin,524288,0.1,300.0,3600.0,1200.0000476837158,radius_moment_0_m3,10,10,1386336.3873060695,4110.8780716845185,1299.9737889764017,1383395.6422878867,1389277.1323242523,1383692.1658515504,1388453.5534294462,0.002965281809902416
golovin_fixed10_high_resolution_screen_v2,controlled,golovin,524288,0.1,300.0,3600.0,1200.0000476837158,radius_moment_3_um3_m3,10,10,238740390132.40338,38.49548169297635,12.173340177511992,238740390104.8654,238740390159.94138,238740390110.64636,238740390154.96625,1.6124410985349854e-10
golovin_fixed10_high_resolution_screen_v2,controlled,golovin,524288,0.1,300.0,3600.0,1200.0000476837158,radius_moment_6_um6_m3,10,10,4.981205115870587e+17,2884541364762224.0,912172071761918.9,4.96057035001218e+17,5.001839881728994e+17,4.9653608546538285e+17,4.9992878894595834e+17,0.0057908504019876725
golovin_fixed10_high_resolution_screen_v2,controlled,golovin,524288,0.1,300.0,3600.0,1200.0000476837158,golovin_relative_error_radius_moment_0_m3,10,10,-0.000203307509555839,0.0029646789458425264,0.0009375138000009361,-0.0023241110674501204,0.0019174960483384423,-0.002074063161392602,0.0013194973865997125,14.58224023460515
golovin_fixed10_high_resolution_screen_v2,controlled,golovin,524288,0.1,300.0,3600.0,1200.0000476837158,golovin_relative_error_radius_moment_3_um3_m3,10,10,2.972967229921686e-05,1.6124891931695003e-10,5.099138552822845e-11,2.9729556948688844e-05,2.9729787649744875e-05,2.9729578369058764e-05,2.9729765944881413e-05,5.423837763633798e-06
golovin_fixed10_high_resolution_screen_v2,controlled,golovin,524288,0.1,300.0,3600.0,1200.0000476837158,golovin_relative_error_radius_moment_6_um6_m3,10,10,0.0016186602489782764,0.005800223821341167,0.001834191821420364,-0.0025305699177936855,0.005767890415750238,-0.0016025039125167925,0.005171426033350837,3.583348528514467
golovin_fixed10_high_resolution_screen_v2,controlled,golovin,524288,0.1,300.0,3600.0,1200.0000476837158,liquid_water_gm3,10,10,0.9982363476399037,1.6095972662534597e-10,5.08999347694141e-11,0.99823634752476,0.9982363477550473,0.9982363475464264,0.9982363477332179,1.6124410517198418e-10
golovin_fixed10_high_resolution_screen_v2,controlled,golovin,524288,0.1,300.0,3600.0,1200.0000476837158,relative_liquid_mass_drift,10,10,5.5030480172746365e-11,1.6124410876373725e-10,5.0989864297732665e-11,-6.031660657847804e-11,1.7037756692397076e-10,-3.7499591765133255e-11,1.5077485149284085e-10,2.9300872581444923
golovin_fixed10_high_resolution_screen_v2,controlled,golovin,524288,0.1,300.0,3600.0,1200.0000476837158,mass_fraction_r_ge_cloud_threshold,10,10,0.9244893385083509,0.0003765908832631604,0.00011908849371661701,0.924219941619283,0.9247587353974188,0.9242651074600791,0.9247084791704094,0.0004073501635733127
golovin_fixed10_high_resolution_screen_v2,controlled,golovin,524288,0.1,300.0,3600.0,1200.0000476837158,mass_fraction_r_ge_large_threshold,10,10,0.0,0.0,0.0,0.0,0.0,0.0,0.0,nan
golovin_fixed10_high_resolution_screen_v2,controlled,golovin,524288,0.1,300.0,3600.0,1200.0000476837158,mass_fraction_r_ge_onset_threshold,10,10,0.0,0.0,0.0,0.0,0.0,0.0,0.0,nan
golovin_fixed10_high_resolution_screen_v2,controlled,golovin,524288,0.1,300.0,3600.0,1200.0000476837158,mass_weighted_radius_q99_um,10,10,234.9207778930664,0.7389475177202381,0.23367572273235865,234.39216668311533,235.44938910301747,234.47776947021484,235.34243083953857,0.003145517924585622
golovin_fixed10_high_resolution_screen_v2,controlled,golovin,524288,0.1,300.0,3600.0,1200.0000476837158,fixed_bin_mass_below_range_fraction,10,10,0.0,0.0,0.0,0.0,0.0,0.0,0.0,nan
golovin_fixed10_high_resolution_screen_v2,controlled,golovin,524288,0.1,300.0,3600.0,1200.0000476837158,fixed_bin_mass_above_range_fraction,10,10,0.0,0.0,0.0,0.0,0.0,0.0,0.0,nan
golovin_fixed10_high_resolution_screen_v2,controlled,golovin,524288,0.1,300.0,3600.0,1200.0000476837158,fixed_bin_mass_below_range_fraction_bins_250,10,10,0.0,0.0,0.0,0.0,0.0,0.0,0.0,nan
golovin_fixed10_high_resolution_screen_v2,controlled,golovin,524288,0.1,300.0,3600.0,1200.0000476837158,fixed_bin_mass_below_range_fraction_bins_500,10,10,0.0,0.0,0.0,0.0,0.0,0.0,0.0,nan
golovin_fixed10_high_resolution_screen_v2,controlled,golovin,524288,0.1,300.0,3600.0,1200.0000476837158,fixed_bin_mass_below_range_fraction_bins_1000,10,10,0.0,0.0,0.0,0.0,0.0,0.0,0.0,nan
golovin_fixed10_high_resolution_screen_v2,controlled,golovin,524288,0.1,300.0,3600.0,1200.0000476837158,fixed_bin_mass_above_range_fraction_bins_250,10,10,0.0,0.0,0.0,0.0,0.0,0.0,0.0,nan
golovin_fixed10_high_resolution_screen_v2,controlled,golovin,524288,0.1,300.0,3600.0,1200.0000476837158,fixed_bin_mass_above_range_fraction_bins_500,10,10,0.0,0.0,0.0,0.0,0.0,0.0,0.0,nan
golovin_fixed10_high_resolution_screen_v2,controlled,golovin,524288,0.1,300.0,3600.0,1200.0000476837158,fixed_bin_mass_above_range_fraction_bins_1000,10,10,0.0,0.0,0.0,0.0,0.0,0.0,0.0,nan
golovin_fixed10_high_resolution_screen_v2,controlled,golovin,524288,0.1,300.0,3600.0,1500.0,golovin_fixed_bin_l1_relative,10,10,0.02399869349300476,0.0013314543477597287,0.00042104283394546504,0.02304622843035017,0.02495115855565935,0.023163874340783968,0.024723412417328804,0.05548028471415857
golovin_fixed10_high_resolution_screen_v2,controlled,golovin,524288,0.1,300.0,3600.0,1500.0,golovin_fixed_bin_l1_relative_bins_250,10,10,0.018612003528763257,0.0013860729247289585,0.00043831474452346326,0.01762046668987944,0.019603540367647075,0.017779543895729916,0.019392528400229835,0.0744719891432914
golovin_fixed10_high_resolution_screen_v2,controlled,golovin,524288,0.1,300.0,3600.0,1500.0,golovin_fixed_bin_l1_relative_bins_500,10,10,0.02399869349300476,0.0013314543477597287,0.00042104283394546504,0.02304622843035017,0.02495115855565935,0.02318509697525767,0.024726336017309038,0.05548028471415857
golovin_fixed10_high_resolution_screen_v2,controlled,golovin,524288,0.1,300.0,3600.0,1500.0,golovin_fixed_bin_l1_relative_bins_1000,10,10,0.033716488855913926,0.0017438363344986969,0.0005514494683575142,0.03246902349114771,0.03496395422068014,0.032677077128678095,0.034663828680843424,0.05172057926763703
golovin_fixed10_high_resolution_screen_v2,controlled,golovin,524288,0.1,300.0,3600.0,1500.0,radius_moment_0_m3,10,10,884245.804256984,2642.7270095205095,835.7036584130294,882355.3112401284,886136.2972738397,882538.2957762122,885584.1753634758,0.0029886791622846837
golovin_fixed10_high_resolution_screen_v2,controlled,golovin,524288,0.1,300.0,3600.0,1500.0,radius_moment_3_um3_m3,10,10,238740390142.57632,56.36989472396612,17.825725879164143,238740390102.25174,238740390182.9009,238740390111.39978,238740390177.266,2.361137748426309e-10
golovin_fixed10_high_resolution_screen_v2,controlled,golovin,524288,0.1,300.0,3600.0,1500.0,radius_moment_6_um6_m3,10,10,1.2226416435668915e+18,6629291487058348.0,2096366037226902.8,1.217899334119932e+18,1.2273839530138511e+18,1.218896676125933e+18,1.226664487347117e+18,0.005422105096729969
golovin_fixed10_high_resolution_screen_v2,controlled,golovin,524288,0.1,300.0,3600.0,1500.0,golovin_relative_error_radius_moment_0_m3,10,10,0.00011349090027313879,0.00298901835017347,0.000945210595458691,-0.0020247240185964953,0.0022517058191427733,-0.001846813035930857,0.0015933808377706113,26.33707498116407
golovin_fixed10_high_resolution_screen_v2,controlled,golovin,524288,0.1,300.0,3600.0,1500.0,golovin_relative_error_radius_moment_3_um3_m3,10,10,2.972971491110865e-05,2.361208210648552e-10,7.466795975540067e-11,2.972954600044866e-05,2.9729883821768643e-05,2.9729580570291294e-05,2.972986322566873e-05,7.942249758225145e-06
golovin_fixed10_high_resolution_screen_v2,controlled,golovin,524288,0.1,300.0,3600.0,1500.0,golovin_relative_error_radius_moment_6_um6_m3,10,10,-0.00045867059150008773,0.005419618136578094,0.0017138337359944285,-0.004335631853225092,0.0034182906702249164,-0.0034936151657544907,0.0027518138094500583,11.815926804579222
golovin_fixed10_high_resolution_screen_v2,controlled,golovin,524288,0.1,300.0,3600.0,1500.0,liquid_water_gm3,10,10,0.9982363476824391,2.3569735116219843e-10,7.453404681410817e-11,0.9982363475138314,0.9982363478510468,0.998236347548898,0.9982363478233494,2.361137737665098e-10
golovin_fixed10_high_resolution_screen_v2,controlled,golovin,524288,0.1,300.0,3600.0,1500.0,relative_liquid_mass_drift,10,10,9.764096198239258e-11,2.361137922509301e-10,7.46657370492754e-11,-7.126466989923307e-11,2.6654659386401824e-10,-3.4898082201806344e-11,2.414166874742385e-10,2.41818379763104
golovin_fixed10_high_resolution_screen_v2,controlled,golovin,524288,0.1,300.0,3600.0,1500.0,mass_fraction_r_ge_cloud_threshold,10,10,0.9532939498507705,0.0002332576859912801,7.376255694727957e-05,0.9531270873542259,0.9534608123473152,0.9531604610889896,0.9534307371939631,0.0002446860027044066
golovin_fixed10_high_resolution_screen_v2,controlled,golovin,524288,0.1,300.0,3600.0,1500.0,mass_fraction_r_ge_large_threshold,10,10,0.0,0.0,0.0,0.0,0.0,0.0,0.0,nan
golovin_fixed10_high_resolution_screen_v2,controlled,golovin,524288,0.1,300.0,3600.0,1500.0,mass_fraction_r_ge_onset_threshold,10,10,0.0,0.0,0.0,0.0,0.0,0.0,0.0,nan
golovin_fixed10_high_resolution_screen_v2,controlled,golovin,524288,0.1,300.0,3600.0,1500.0,mass_weighted_radius_q99_um,10,10,319.2285675048828,1.0897836287897102,0.34461984237389304,318.4489832600143,320.0081517497513,318.5919592285156,319.8632183074951,0.0034138035869018565
golovin_fixed10_high_resolution_screen_v2,controlled,golovin,524288,0.1,300.0,3600.0,1500.0,fixed_bin_mass_below_range_fraction,10,10,0.0,0.0,0.0,0.0,0.0,0.0,0.0,nan
golovin_fixed10_high_resolution_screen_v2,controlled,golovin,524288,0.1,300.0,3600.0,1500.0,fixed_bin_mass_above_range_fraction,10,10,0.0,0.0,0.0,0.0,0.0,0.0,0.0,nan
golovin_fixed10_high_resolution_screen_v2,controlled,golovin,524288,0.1,300.0,3600.0,1500.0,fixed_bin_mass_below_range_fraction_bins_250,10,10,0.0,0.0,0.0,0.0,0.0,0.0,0.0,nan
golovin_fixed10_high_resolution_screen_v2,controlled,golovin,524288,0.1,300.0,3600.0,1500.0,fixed_bin_mass_below_range_fraction_bins_500,10,10,0.0,0.0,0.0,0.0,0.0,0.0,0.0,nan
golovin_fixed10_high_resolution_screen_v2,controlled,golovin,524288,0.1,300.0,3600.0,1500.0,fixed_bin_mass_below_range_fraction_bins_1000,10,10,0.0,0.0,0.0,0.0,0.0,0.0,0.0,nan
golovin_fixed10_high_resolution_screen_v2,controlled,golovin,524288,0.1,300.0,3600.0,1500.0,fixed_bin_mass_above_range_fraction_bins_250,10,10,0.0,0.0,0.0,0.0,0.0,0.0,0.0,nan
golovin_fixed10_high_resolution_screen_v2,controlled,golovin,524288,0.1,300.0,3600.0,1500.0,fixed_bin_mass_above_range_fraction_bins_500,10,10,0.0,0.0,0.0,0.0,0.0,0.0,0.0,nan
golovin_fixed10_high_resolution_screen_v2,controlled,golovin,524288,0.1,300.0,3600.0,1500.0,fixed_bin_mass_above_range_fraction_bins_1000,10,10,0.0,0.0,0.0,0.0,0.0,0.0,0.0,nan
golovin_fixed10_high_resolution_screen_v2,controlled,golovin,524288,0.1,300.0,3600.0,1799.9999523162842,golovin_fixed_bin_l1_relative,10,10,0.024805049125910295,0.002179949871313888,0.000689360677834284,0.023245606930796043,0.026364491321024548,0.02355691172750521,0.02610808341951706,0.08788331199218652
golovin_fixed10_high_resolution_screen_v2,controlled,golovin,524288,0.1,300.0,3600.0,1799.9999523162842,golovin_fixed_bin_l1_relative_bins_250,10,10,0.01822816062506228,0.0018934061833070105,0.0005987476075096435,0.01687369943602605,0.01958262181409851,0.01711216269954091,0.0193011963630917,0.10387258606355085
golovin_fixed10_high_resolution_screen_v2,controlled,golovin,524288,0.1,300.0,3600.0,1799.9999523162842,golovin_fixed_bin_l1_relative_bins_500,10,10,0.024805049125910295,0.002179949871313888,0.000689360677834284,0.023245606930796043,0.026364491321024548,0.023573598302447103,0.026100278437150636,0.08788331199218652
golovin_fixed10_high_resolution_screen_v2,controlled,golovin,524288,0.1,300.0,3600.0,1799.9999523162842,golovin_fixed_bin_l1_relative_bins_1000,10,10,0.034068930760653454,0.002299449421473177,0.0007271497536211731,0.03242400373707237,0.03571385778423454,0.03271942143654836,0.035412760950322954,0.06749402960802145
golovin_fixed10_high_resolution_screen_v2,controlled,golovin,524288,0.1,300.0,3600.0,1799.9999523162842,radius_moment_0_m3,10,10,563703.2885269186,1738.3781513037695,549.7234392792717,562459.727711195,564946.8493426422,562549.3860117358,564572.2367789996,0.003083853131044412
golovin_fixed10_high_resolution_screen_v2,controlled,golovin,524288,0.1,300.0,3600.0,1799.9999523162842,radius_moment_3_um3_m3,10,10,238740390142.0141,23.576684853710244,7.4556023813718095,238740390125.14835,238740390158.87985,238740390128.23065,238740390156.03433,9.875448741491004e-11
golovin_fixed10_high_resolution_screen_v2,controlled,golovin,524288,0.1,300.0,3600.0,1799.9999523162842,radius_moment_6_um6_m3,10,10,3.0084267967189637e+18,1.8009234709219694e+16,5695020059769441.0,2.995543766298477e+18,3.0213098271394504e+18,2.998540336565741e+18,3.019560865952695e+18,0.005986263228628611
golovin_fixed10_high_resolution_screen_v2,controlled,golovin,524288,0.1,300.0,3600.0,1799.9999523162842,golovin_relative_error_radius_moment_0_m3,10,10,-9.198198874302844e-05,0.003083569472100437,0.0009751102855200414,-0.0022978347056503926,0.0021138707281643356,-0.0021857676276380625,0.001458213067085742,33.523622550878464
golovin_fixed10_high_resolution_screen_v2,controlled,golovin,524288,0.1,300.0,3600.0,1799.9999523162842,golovin_relative_error_radius_moment_3_um3_m3,10,10,2.9729712556347822e-05,9.875744226002522e-11,3.122984534342464e-11,2.9729641909529484e-05,2.972978320316616e-05,2.9729654399383575e-05,2.9729770557309077e-05,3.3218431585184885e-06
golovin_fixed10_high_resolution_screen_v2,controlled,golovin,524288,0.1,300.0,3600.0,1799.9999523162842,golovin_relative_error_radius_moment_6_um6_m3,10,10,-5.845743925326774e-05,0.005985913287009591,0.0018929119863215502,-0.004340521847657141,0.004223606969150605,-0.0032999501312171203,0.003582560096151511,102.3978019474225
golovin_fixed10_high_resolution_screen_v2,controlled,golovin,524288,0.1,300.0,3600.0,1799.9999523162842,liquid_water_gm3,10,10,0.9982363476800884,9.858033721552102e-11,3.117383981085076e-11,0.9982363476095683,0.9982363477506085,0.9982363476223051,0.9982363477376587,9.875450582882775e-11
golovin_fixed10_high_resolution_screen_v2,controlled,golovin,524288,0.1,300.0,3600.0,1799.9999523162842,relative_liquid_mass_drift,10,10,9.528623445831385e-11,9.875452432166868e-11,3.1228922610296773e-11,2.46415034889602e-11,1.659309654276675e-10,3.873280501887068e-11,1.5196511132797848e-10,1.0363986454399365
golovin_fixed10_high_resolution_screen_v2,controlled,golovin,524288,0.1,300.0,3600.0,1799.9999523162842,mass_fraction_r_ge_cloud_threshold,10,10,0.9708232165245922,0.00014702481479659843,4.649332873216766e-05,0.9707180413079785,0.970928391741206,0.970739692322499,0.970912089329557,0.00015144344747226602
golovin_fixed10_high_resolution_screen_v2,controlled,golovin,524288,0.1,300.0,3600.0,1799.9999523162842,mass_fraction_r_ge_large_threshold,10,10,0.0,0.0,0.0,0.0,0.0,0.0,0.0,nan
golovin_fixed10_high_resolution_screen_v2,controlled,golovin,524288,0.1,300.0,3600.0,1799.9999523162842,mass_fraction_r_ge_onset_threshold,10,10,0.0,0.0,0.0,0.0,0.0,0.0,0.0,nan
golovin_fixed10_high_resolution_screen_v2,controlled,golovin,524288,0.1,300.0,3600.0,1799.9999523162842,mass_weighted_radius_q99_um,10,10,433.2621765136719,0.715117764198978,0.22614009301159868,432.75061208246984,433.7737409448739,432.84922218322754,433.6856887817383,0.0016505427959424286
golovin_fixed10_high_resolution_screen_v2,controlled,golovin,524288,0.1,300.0,3600.0,1799.9999523162842,fixed_bin_mass_below_range_fraction,10,10,0.0,0.0,0.0,0.0,0.0,0.0,0.0,nan
golovin_fixed10_high_resolution_screen_v2,controlled,golovin,524288,0.1,300.0,3600.0,1799.9999523162842,fixed_bin_mass_above_range_fraction,10,10,0.0,0.0,0.0,0.0,0.0,0.0,0.0,nan
golovin_fixed10_high_resolution_screen_v2,controlled,golovin,524288,0.1,300.0,3600.0,1799.9999523162842,fixed_bin_mass_below_range_fraction_bins_250,10,10,0.0,0.0,0.0,0.0,0.0,0.0,0.0,nan
golovin_fixed10_high_resolution_screen_v2,controlled,golovin,524288,0.1,300.0,3600.0,1799.9999523162842,fixed_bin_mass_below_range_fraction_bins_500,10,10,0.0,0.0,0.0,0.0,0.0,0.0,0.0,nan
golovin_fixed10_high_resolution_screen_v2,controlled,golovin,524288,0.1,300.0,3600.0,1799.9999523162842,fixed_bin_mass_below_range_fraction_bins_1000,10,10,0.0,0.0,0.0,0.0,0.0,0.0,0.0,nan
golovin_fixed10_high_resolution_screen_v2,controlled,golovin,524288,0.1,300.0,3600.0,1799.9999523162842,fixed_bin_mass_above_range_fraction_bins_250,10,10,0.0,0.0,0.0,0.0,0.0,0.0,0.0,nan
golovin_fixed10_high_resolution_screen_v2,controlled,golovin,524288,0.1,300.0,3600.0,1799.9999523162842,fixed_bin_mass_above_range_fraction_bins_500,10,10,0.0,0.0,0.0,0.0,0.0,0.0,0.0,nan
golovin_fixed10_high_resolution_screen_v2,controlled,golovin,524288,0.1,300.0,3600.0,1799.9999523162842,fixed_bin_mass_above_range_fraction_bins_1000,10,10,0.0,0.0,0.0,0.0,0.0,0.0,0.0,nan
golovin_fixed10_high_resolution_screen_v2,controlled,golovin,524288,0.1,300.0,3600.0,2099.9999046325684,golovin_fixed_bin_l1_relative,10,10,0.024179015287785426,0.0012887891511503672,0.0004075509141350175,0.02325707106816994,0.025100959507400912,0.0234669998528066,0.024967412833206352,0.053301970151010576
golovin_fixed10_high_resolution_screen_v2,controlled,golovin,524288,0.1,300.0,3600.0,2099.9999046325684,golovin_fixed_bin_l1_relative_bins_250,10,10,0.017941171180671144,0.001459396798983322,0.0004615017894746202,0.016897181601966942,0.018985160759375345,0.01713354190131122,0.01883741518625324,0.08134345212399499
golovin_fixed10_high_resolution_screen_v2,controlled,golovin,524288,0.1,300.0,3600.0,2099.9999046325684,golovin_fixed_bin_l1_relative_bins_500,10,10,0.024179015287785426,0.0012887891511503672,0.0004075509141350175,0.02325707106816994,0.025100959507400912,0.02346981661845764,0.02495888050531526,0.053301970151010576
golovin_fixed10_high_resolution_screen_v2,controlled,golovin,524288,0.1,300.0,3600.0,2099.9999046325684,golovin_fixed_bin_l1_relative_bins_1000,10,10,0.03380243056622536,0.0016278985979926743,0.0005147867369451658,0.03263790206193134,0.03496695907051938,0.03286591160123311,0.034776559702393024,0.04815921727295062
golovin_fixed10_high_resolution_screen_v2,controlled,golovin,524288,0.1,300.0,3600.0,2099.9999046325684,radius_moment_0_m3,10,10,359392.7514829077,1237.3611003548278,391.28793652134357,358507.5966745894,360277.906291226,358583.2850607577,360012.4840434838,0.0034429216929092
golovin_fixed10_high_resolution_screen_v2,controlled,golovin,524288,0.1,300.0,3600.0,2099.9999046325684,radius_moment_3_um3_m3,10,10,238740390125.35928,38.11647931708176,12.053489102867774,238740390098.0924,238740390152.62616,238740390103.41898,238740390148.286,1.5965660145343367e-10
golovin_fixed10_high_resolution_screen_v2,controlled,golovin,524288,0.1,300.0,3600.0,2099.9999046325684,radius_moment_6_um6_m3,10,10,7.415262619219987e+18,4.055305020267858e+16,1.2824000470761722e+16,7.386252714699326e+18,7.444272523740648e+18,7.390479025773556e+18,7.437967295669668e+18,0.0054688623026738275
golovin_fixed10_high_resolution_screen_v2,controlled,golovin,524288,0.1,300.0,3600.0,2099.9999046325684,golovin_relative_error_radius_moment_0_m3,10,10,-0.00020260529932057957,0.00344222413872907,0.0010885268495195279,-0.002665024108859343,0.0022598135102181844,-0.002488895366691557,0.0015023802088299685,16.989803081520026
golovin_fixed10_high_resolution_screen_v2,controlled,golovin,524288,0.1,300.0,3600.0,2099.9999046325684,golovin_relative_error_radius_moment_3_um3_m3,10,10,2.9729642792841737e-05,1.5966136681387318e-10,5.048935734674602e-11,2.972952857798037e-05,2.9729757007703104e-05,2.972955013476608e-05,2.9729739184755634e-05,5.37044349730015e-06
golovin_fixed10_high_resolution_screen_v2,controlled,golovin,524288,0.1,300.0,3600.0,2099.9999046325684,golovin_relative_error_radius_moment_6_um6_m3,10,10,0.0020636091426775804,0.0054801478969216865,0.0017329749268854176,-0.0018566525011259626,0.005983870786481124,-0.0012600315564600612,0.005181349662356232,2.6556133056335796
golovin_fixed10_high_resolution_screen_v2,controlled,golovin,524288,0.1,300.0,3600.0,2099.9999046325684,liquid_water_gm3,10,10,0.9982363476104501,1.5937502748356723e-10,5.039880890000061e-11,0.9982363474964401,0.9982363477244601,0.9982363475199661,0.9982363477073346,1.5965660623866747e-10
golovin_fixed10_high_resolution_screen_v2,controlled,golovin,524288,0.1,300.0,3600.0,2099.9999046325684,relative_liquid_mass_drift,10,10,2.5524837798940324e-11,1.596566121472042e-10,5.048785378912714e-11,-8.868662228444211e-11,1.3973629788232277e-10,-6.529183860237708e-11,1.2164496410171915e-10,6.254951095275223
golovin_fixed10_high_resolution_screen_v2,controlled,golovin,524288,0.1,300.0,3600.0,2099.9999046325684,mass_fraction_r_ge_cloud_threshold,10,10,0.9816410233767471,0.00010664304764898773,3.372349271926659e-05,0.9815647355361377,0.9817173112173565,0.9815804292404438,0.9817052403122303,0.00010863752136411975
golovin_fixed10_high_resolution_screen_v2,controlled,golovin,524288,0.1,300.0,3600.0,2099.9999046325684,mass_fraction_r_ge_large_threshold,10,10,0.0,0.0,0.0,0.0,0.0,0.0,0.0,nan
golovin_fixed10_high_resolution_screen_v2,controlled,golovin,524288,0.1,300.0,3600.0,2099.9999046325684,mass_fraction_r_ge_onset_threshold,10,10,0.0,0.0,0.0,0.0,0.0,0.0,0.0,nan
golovin_fixed10_high_resolution_screen_v2,controlled,golovin,524288,0.1,300.0,3600.0,2099.9999046325684,mass_weighted_radius_q99_um,10,10,587.9117309570313,2.3175223564869163,0.7328649174859354,586.253875334577,589.5695865794856,586.4580210876466,589.178173828125,0.003941956308159289
golovin_fixed10_high_resolution_screen_v2,controlled,golovin,524288,0.1,300.0,3600.0,2099.9999046325684,fixed_bin_mass_below_range_fraction,10,10,0.0,0.0,0.0,0.0,0.0,0.0,0.0,nan
golovin_fixed10_high_resolution_screen_v2,controlled,golovin,524288,0.1,300.0,3600.0,2099.9999046325684,fixed_bin_mass_above_range_fraction,10,10,0.0,0.0,0.0,0.0,0.0,0.0,0.0,nan
golovin_fixed10_high_resolution_screen_v2,controlled,golovin,524288,0.1,300.0,3600.0,2099.9999046325684,fixed_bin_mass_below_range_fraction_bins_250,10,10,0.0,0.0,0.0,0.0,0.0,0.0,0.0,nan
golovin_fixed10_high_resolution_screen_v2,controlled,golovin,524288,0.1,300.0,3600.0,2099.9999046325684,fixed_bin_mass_below_range_fraction_bins_500,10,10,0.0,0.0,0.0,0.0,0.0,0.0,0.0,nan
golovin_fixed10_high_resolution_screen_v2,controlled,golovin,524288,0.1,300.0,3600.0,2099.9999046325684,fixed_bin_mass_below_range_fraction_bins_1000,10,10,0.0,0.0,0.0,0.0,0.0,0.0,0.0,nan
golovin_fixed10_high_resolution_screen_v2,controlled,golovin,524288,0.1,300.0,3600.0,2099.9999046325684,fixed_bin_mass_above_range_fraction_bins_250,10,10,0.0,0.0,0.0,0.0,0.0,0.0,0.0,nan
golovin_fixed10_high_resolution_screen_v2,controlled,golovin,524288,0.1,300.0,3600.0,2099.9999046325684,fixed_bin_mass_above_range_fraction_bins_500,10,10,0.0,0.0,0.0,0.0,0.0,0.0,0.0,nan
golovin_fixed10_high_resolution_screen_v2,controlled,golovin,524288,0.1,300.0,3600.0,2099.9999046325684,fixed_bin_mass_above_range_fraction_bins_1000,10,10,0.0,0.0,0.0,0.0,0.0,0.0,0.0,nan
golovin_fixed10_high_resolution_screen_v2,controlled,golovin,524288,0.1,300.0,3600.0,2400.0000953674316,golovin_fixed_bin_l1_relative,10,10,0.02589167627028352,0.001962081753739842,0.0006204647297275497,0.02448808753766669,0.02729526500290035,0.024711223496550274,0.027005279302573546,0.07578040653906093
golovin_fixed10_high_resolution_screen_v2,controlled,golovin,524288,0.1,300.0,3600.0,2400.0000953674316,golovin_fixed_bin_l1_relative_bins_250,10,10,0.01860511692694762,0.0016534927442065854,0.0005228803166254993,0.017422279473407055,0.019787954380488186,0.017581832752128566,0.019540288432127767,0.08887301008098848
golovin_fixed10_high_resolution_screen_v2,controlled,golovin,524288,0.1,300.0,3600.0,2400.0000953674316,golovin_fixed_bin_l1_relative_bins_500,10,10,0.02589167627028352,0.001962081753739842,0.0006204647297275497,0.02448808753766669,0.02729526500290035,0.024721114211161722,0.027008206076459967,0.07578040653906093
golovin_fixed10_high_resolution_screen_v2,controlled,golovin,524288,0.1,300.0,3600.0,2400.0000953674316,golovin_fixed_bin_l1_relative_bins_1000,10,10,0.03580511962499111,0.0016918651685191258,0.0005350147426425041,0.034594832192719735,0.03701540705726249,0.03482849612051545,0.03676783600384936,0.047252046250342496
golovin_fixed10_high_resolution_screen_v2,controlled,golovin,524288,0.1,300.0,3600.0,2400.0000953674316,radius_moment_0_m3,10,10,229093.37577709943,790.9650962746442,250.12512539222388,228527.5534330976,229659.19812110125,228574.82870836288,229486.4918844248,0.003452588245258685
golovin_fixed10_high_resolution_screen_v2,controlled,golovin,524288,0.1,300.0,3600.0,2400.0000953674316,radius_moment_3_um3_m3,10,10,238740390135.87955,39.46841183768709,12.481007703664309,238740390107.64554,238740390164.11356,238740390112.44894,238740390158.61517,1.6531937396610422e-10
golovin_fixed10_high_resolution_screen_v2,controlled,golovin,524288,0.1,300.0,3600.0,2400.0000953674316,radius_moment_6_um6_m3,10,10,1.8260495456977523e+19,1.037738315362504e+17,3.2816166917716148e+16,1.818626012992903e+19,1.8334730784026016e+19,1.8200618760440687e+19,1.8321840804886305e+19,0.005682969105671082
golovin_fixed10_high_resolution_screen_v2,controlled,golovin,524288,0.1,300.0,3600.0,2400.0000953674316,golovin_relative_error_radius_moment_0_m3,10,10,-0.0004866970287041528,0.0034509078808183636,0.0010912728898810915,-0.0029553278131161606,0.001981933755707855,-0.002747216429816346,0.0012366847540271218,7.090464246322855
golovin_fixed10_high_resolution_screen_v2,controlled,golovin,524288,0.1,300.0,3600.0,2400.0000953674316,golovin_relative_error_radius_moment_3_um3_m3,10,10,2.9729686859925052e-05,1.6532425106342157e-10,5.2280118582192646e-11,2.972956859408033e-05,2.9729805125769774e-05,2.9729587143500492e-05,2.972978107146973e-05,5.560914645430555e-06
golovin_fixed10_high_resolution_screen_v2,controlled,golovin,524288,0.1,300.0,3600.0,2400.0000953674316,golovin_relative_error_radius_moment_6_um6_m3,10,10,0.0032625270146115493,0.005701509945901537,0.0018029757531152254,-0.0008160874996495458,0.007341141528872644,-5.2474535905917854e-05,0.006653251213899865,1.7475747849341208
golovin_fixed10_high_resolution_screen_v2,controlled,golovin,524288,0.1,300.0,3600.0,2400.0000953674316,liquid_water_gm3,10,10,0.998236347654438,1.6502781579423459e-10,5.2186377519249044e-11,0.9982363475363842,0.9982363477724918,0.998236347556491,0.9982363477510089,1.653193817095535e-10
golovin_fixed10_high_resolution_screen_v2,controlled,golovin,524288,0.1,300.0,3600.0,2400.0000953674316,relative_liquid_mass_drift,10,10,6.959058884703496e-11,1.65319370936756e-10,5.227857535063931e-11,-4.867176484329945e-11,1.8785294253736936e-10,-2.845371716020395e-11,1.6606241770578117e-10,2.3755995411985906
golovin_fixed10_high_resolution_screen_v2,controlled,golovin,524288,0.1,300.0,3600.0,2400.0000953674316,mass_fraction_r_ge_cloud_threshold,10,10,0.9883926920598803,6.9747912744582e-05,2.2056226631556505e-05,0.9883427974088215,0.9884425867109392,0.9883528566185643,0.9884340943976081,7.056700571027334e-05
golovin_fixed10_high_resolution_screen_v2,controlled,golovin,524288,0.1,300.0,3600.0,2400.0000953674316,mass_fraction_r_ge_large_threshold,10,10,0.0002524659262753512,6.009648365120026e-05,1.9004176770486483e-05,0.00020947549167091192,0.00029545636087979045,0.00021478066441017946,0.00028441221417717106,0.23803799798970185
golovin_fixed10_high_resolution_screen_v2,controlled,golovin,524288,0.1,300.0,3600.0,2400.0000953674316,mass_fraction_r_ge_onset_threshold,10,10,0.0002524659262753512,6.009648365120026e-05,1.9004176770486483e-05,0.00020947549167091192,0.00029545636087979045,0.00021412960230392068,0.00028424555830678093,0.23803799798970185
golovin_fixed10_high_resolution_screen_v2,controlled,golovin,524288,0.1,300.0,3600.0,2400.0000953674316,mass_weighted_radius_q99_um,10,10,795.6715087890625,2.418264804184219,0.7647224766643216,793.9415863609236,797.4014312172014,794.2163972473144,797.0285435485839,0.0030392753510359964
golovin_fixed10_high_resolution_screen_v2,controlled,golovin,524288,0.1,300.0,3600.0,2400.0000953674316,fixed_bin_mass_below_range_fraction,10,10,0.0,0.0,0.0,0.0,0.0,0.0,0.0,nan
golovin_fixed10_high_resolution_screen_v2,controlled,golovin,524288,0.1,300.0,3600.0,2400.0000953674316,fixed_bin_mass_above_range_fraction,10,10,0.0,0.0,0.0,0.0,0.0,0.0,0.0,nan
golovin_fixed10_high_resolution_screen_v2,controlled,golovin,524288,0.1,300.0,3600.0,2400.0000953674316,fixed_bin_mass_below_range_fraction_bins_250,10,10,0.0,0.0,0.0,0.0,0.0,0.0,0.0,nan
golovin_fixed10_high_resolution_screen_v2,controlled,golovin,524288,0.1,300.0,3600.0,2400.0000953674316,fixed_bin_mass_below_range_fraction_bins_500,10,10,0.0,0.0,0.0,0.0,0.0,0.0,0.0,nan
golovin_fixed10_high_resolution_screen_v2,controlled,golovin,524288,0.1,300.0,3600.0,2400.0000953674316,fixed_bin_mass_below_range_fraction_bins_1000,10,10,0.0,0.0,0.0,0.0,0.0,0.0,0.0,nan
golovin_fixed10_high_resolution_screen_v2,controlled,golovin,524288,0.1,300.0,3600.0,2400.0000953674316,fixed_bin_mass_above_range_fraction_bins_250,10,10,0.0,0.0,0.0,0.0,0.0,0.0,0.0,nan
golovin_fixed10_high_resolution_screen_v2,controlled,golovin,524288,0.1,300.0,3600.0,2400.0000953674316,fixed_bin_mass_above_range_fraction_bins_500,10,10,0.0,0.0,0.0,0.0,0.0,0.0,0.0,nan
golovin_fixed10_high_resolution_screen_v2,controlled,golovin,524288,0.1,300.0,3600.0,2400.0000953674316,fixed_bin_mass_above_range_fraction_bins_1000,10,10,0.0,0.0,0.0,0.0,0.0,0.0,0.0,nan
golovin_fixed10_high_resolution_screen_v2,controlled,golovin,524288,0.1,300.0,3600.0,2700.000047683716,golovin_fixed_bin_l1_relative,10,10,0.026165325184879407,0.0011821893746980217,0.00037384110496959793,0.025319637851524034,0.02701101251823478,0.02546036311289893,0.026845461670946754,0.045181528085161855
golovin_fixed10_high_resolution_screen_v2,controlled,golovin,524288,0.1,300.0,3600.0,2700.000047683716,golovin_fixed_bin_l1_relative_bins_250,10,10,0.018560659869153468,0.0017613770556544621,0.0005569963314229261,0.017300646628372773,0.019820673109934163,0.017463809150247568,0.01956322878060066,0.09489840706481287
golovin_fixed10_high_resolution_screen_v2,controlled,golovin,524288,0.1,300.0,3600.0,2700.000047683716,golovin_fixed_bin_l1_relative_bins_500,10,10,0.026165325184879407,0.0011821893746980217,0.00037384110496959793,0.025319637851524034,0.02701101251823478,0.025456632967499587,0.026840696458324882,0.045181528085161855
golovin_fixed10_high_resolution_screen_v2,controlled,golovin,524288,0.1,300.0,3600.0,2700.000047683716,golovin_fixed_bin_l1_relative_bins_1000,10,10,0.03703877881902483,0.0012654748061027043,0.0004001782708844493,0.03613351267714737,0.037944044960902285,0.036323663860202776,0.03779447562932109,0.034166212992224734
golovin_fixed10_high_resolution_screen_v2,controlled,golovin,524288,0.1,300.0,3600.0,2700.000047683716,radius_moment_0_m3,10,10,146116.67652670835,494.07148205249723,156.23912102208942,145763.23907997893,146470.11397343778,145795.01594439143,146368.2095310501,0.0033813490273451913
golovin_fixed10_high_resolution_screen_v2,controlled,golovin,524288,0.1,300.0,3600.0,2700.000047683716,radius_moment_3_um3_m3,10,10,238740390093.4642,54.44971208073765,17.2185108115517,238740390054.5132,238740390132.4152,238740390062.99545,238740390126.41782,2.2807080133956887e-10
golovin_fixed10_high_resolution_screen_v2,controlled,golovin,524288,0.1,300.0,3600.0,2700.000047683716,radius_moment_6_um6_m3,10,10,4.485990416554679e+19,3.7776955018846554e+17,1.194612209252842e+17,4.4589664108954034e+19,4.513014422213954e+19,4.4645443689495855e+19,4.5090282867114656e+19,0.008421095791787254
golovin_fixed10_high_resolution_screen_v2,controlled,golovin,524288,0.1,300.0,3600.0,2700.000047683716,golovin_relative_error_radius_moment_0_m3,10,10,-0.00020942812854648495,0.0033806408777464114,0.0010690525124749497,-0.0026277929270491097,0.00220893666995614,-0.0024215924591787863,0.0015355332007923356,16.142248422928727
golovin_fixed10_high_resolution_screen_v2,controlled,golovin,524288,0.1,300.0,3600.0,2700.000047683716,golovin_relative_error_radius_moment_3_um3_m3,10,10,2.972950919162276e-05,2.2807761149401865e-10,7.21244735612098e-11,2.9729346034728282e-05,2.972967234851724e-05,2.9729382226828526e-05,2.9729649174982666e-05,7.671758387396682e-06
golovin_fixed10_high_resolution_screen_v2,controlled,golovin,524288,0.1,300.0,3600.0,2700.000047683716,golovin_relative_error_radius_moment_6_um6_m3,10,10,0.0020605540297009895,0.008438447914655476,0.002668471532700946,-0.003975947961721559,0.008097056021123539,-0.0026879055426177315,0.007227555430142359,4.0952325408715415
golovin_fixed10_high_resolution_screen_v2,controlled,golovin,524288,0.1,300.0,3600.0,2700.000047683716,liquid_water_gm3,10,10,0.9982363474770886,2.2766857303193586e-10,7.199512424213038e-11,0.9982363473142243,0.9982363476399528,0.9982363473546325,0.9982363476190971,2.2807081069261635e-10
golovin_fixed10_high_resolution_screen_v2,controlled,golovin,524288,0.1,300.0,3600.0,2700.000047683716,relative_liquid_mass_drift,10,10,-1.0807240657939587e-10,2.2807082294311834e-10,7.212232683292409e-11,-2.712244448221683e-10,5.507963166337655e-11,-2.3778249758077407e-10,3.245754859326765e-11,2.110352033065583
golovin_fixed10_high_resolution_screen_v2,controlled,golovin,524288,0.1,300.0,3600.0,2700.000047683716,mass_fraction_r_ge_cloud_threshold,10,10,0.9926381383841806,4.204532271538076e-05,1.3295898473741867e-05,0.9926080609722123,0.9926682157961488,0.992613133580543,0.9926623869202794,4.2357150193546125e-05
golovin_fixed10_high_resolution_screen_v2,controlled,golovin,524288,0.1,300.0,3600.0,2700.000047683716,mass_fraction_r_ge_large_threshold,10,10,0.02085086062900668,0.0008599959858021403,0.0002719546093736591,0.020235656561456067,0.02146606469655729,0.020346680309499748,0.02135624706456521,0.041245107389272784
golovin_fixed10_high_resolution_screen_v2,controlled,golovin,524288,0.1,300.0,3600.0,2700.000047683716,mass_fraction_r_ge_onset_threshold,10,10,0.02085086062900668,0.0008599959858021403,0.0002719546093736591,0.020235656561456067,0.02146606469655729,0.0203495338936623,0.021354442738346652,0.041245107389272784
golovin_fixed10_high_resolution_screen_v2,controlled,golovin,524288,0.1,300.0,3600.0,2700.000047683716,mass_weighted_radius_q99_um,10,10,1073.738818359375,5.2237795365283475,1.6519041330008322,1070.0019515926513,1077.4756851260988,1070.6341748046875,1076.7935006713867,0.004865037425497989
golovin_fixed10_high_resolution_screen_v2,controlled,golovin,524288,0.1,300.0,3600.0,2700.000047683716,fixed_bin_mass_below_range_fraction,10,10,0.0,0.0,0.0,0.0,0.0,0.0,0.0,nan
golovin_fixed10_high_resolution_screen_v2,controlled,golovin,524288,0.1,300.0,3600.0,2700.000047683716,fixed_bin_mass_above_range_fraction,10,10,0.0,0.0,0.0,0.0,0.0,0.0,0.0,nan
golovin_fixed10_high_resolution_screen_v2,controlled,golovin,524288,0.1,300.0,3600.0,2700.000047683716,fixed_bin_mass_below_range_fraction_bins_250,10,10,0.0,0.0,0.0,0.0,0.0,0.0,0.0,nan
golovin_fixed10_high_resolution_screen_v2,controlled,golovin,524288,0.1,300.0,3600.0,2700.000047683716,fixed_bin_mass_below_range_fraction_bins_500,10,10,0.0,0.0,0.0,0.0,0.0,0.0,0.0,nan
golovin_fixed10_high_resolution_screen_v2,controlled,golovin,524288,0.1,300.0,3600.0,2700.000047683716,fixed_bin_mass_below_range_fraction_bins_1000,10,10,0.0,0.0,0.0,0.0,0.0,0.0,0.0,nan
golovin_fixed10_high_resolution_screen_v2,controlled,golovin,524288,0.1,300.0,3600.0,2700.000047683716,fixed_bin_mass_above_range_fraction_bins_250,10,10,0.0,0.0,0.0,0.0,0.0,0.0,0.0,nan
golovin_fixed10_high_resolution_screen_v2,controlled,golovin,524288,0.1,300.0,3600.0,2700.000047683716,fixed_bin_mass_above_range_fraction_bins_500,10,10,0.0,0.0,0.0,0.0,0.0,0.0,0.0,nan
golovin_fixed10_high_resolution_screen_v2,controlled,golovin,524288,0.1,300.0,3600.0,2700.000047683716,fixed_bin_mass_above_range_fraction_bins_1000,10,10,0.0,0.0,0.0,0.0,0.0,0.0,0.0,nan
golovin_fixed10_high_resolution_screen_v2,controlled,golovin,524288,0.1,300.0,3600.0,300.00001192092896,golovin_fixed_bin_l1_relative,10,10,0.020591220102098035,0.0017241068074667731,0.0005452104440996402,0.019357868390745644,0.021824571813450426,0.01960336097896803,0.021628762221478685,0.08373019174765191
golovin_fixed10_high_resolution_screen_v2,controlled,golovin,524288,0.1,300.0,3600.0,300.00001192092896,golovin_fixed_bin_l1_relative_bins_250,10,10,0.014326135211662918,0.0015927450969662532,0.0005036702238479102,0.013186754007097193,0.015465516416228644,0.01341955276003315,0.015305662595136202,0.11117758372611185
golovin_fixed10_high_resolution_screen_v2,controlled,golovin,524288,0.1,300.0,3600.0,300.00001192092896,golovin_fixed_bin_l1_relative_bins_500,10,10,0.020591220102098035,0.0017241068074667731,0.0005452104440996402,0.019357868390745644,0.021824571813450426,0.019589002585839864,0.02164417253096888,0.08373019174765191
golovin_fixed10_high_resolution_screen_v2,controlled,golovin,524288,0.1,300.0,3600.0,300.00001192092896,golovin_fixed_bin_l1_relative_bins_1000,10,10,0.028291180839741116,0.001245181376357685,0.0003937609249313622,0.02740043174297759,0.029181929936504643,0.027579587164234046,0.029014592741894486,0.04401305775857037
golovin_fixed10_high_resolution_screen_v2,controlled,golovin,524288,0.1,300.0,3600.0,300.00001192092896,radius_moment_0_m3,10,10,5350535.571071624,9555.78600746906,3021.8048616768997,5343699.773559203,5357371.368584044,5344661.97146742,5355521.136976224,0.0017859494401146825
golovin_fixed10_high_resolution_screen_v2,controlled,golovin,524288,0.1,300.0,3600.0,300.00001192092896,radius_moment_3_um3_m3,10,10,238740390127.1712,69.18707184145613,21.878873165670143,238740390077.67776,238740390176.66464,238740390083.81146,238740390163.83398,2.8980044727497456e-10
golovin_fixed10_high_resolution_screen_v2,controlled,golovin,524288,0.1,300.0,3600.0,300.00001192092896,radius_moment_6_um6_m3,10,10,3.3409385487747144e+16,151675900998359.6,47964131331302.33,3.3300883084498644e+16,3.3517887890995644e+16,3.332157348651203e+16,3.3501671767525256e+16,0.004539918911528216
golovin_fixed10_high_resolution_screen_v2,controlled,golovin,524288,0.1,300.0,3600.0,300.00001192092896,golovin_relative_error_radius_moment_0_m3,10,10,0.0003237930679159784,0.001786527718163057,0.0005649496692418626,-0.0009542118729799778,0.0016017980088119345,-0.0007872002285275897,0.0012798101263793264,5.51749835060288
golovin_fixed10_high_resolution_screen_v2,controlled,golovin,524288,0.1,300.0,3600.0,300.00001192092896,golovin_relative_error_radius_moment_3_um3_m3,10,10,2.9729650382592786e-05,2.898090626560053e-10,9.164567245514236e-11,2.97294430656784e-05,2.972985769950717e-05,2.9729469599678594e-05,2.9729804530058692e-05,9.748149033925182e-06
golovin_fixed10_high_resolution_screen_v2,controlled,golovin,524288,0.1,300.0,3600.0,300.00001192092896,golovin_relative_error_radius_moment_6_um6_m3,10,10,-0.00037771517269759026,0.004538204115272558,0.0014351061491010614,-0.003624150827262305,0.0028687204818671243,-0.002969766128045337,0.002313141452163295,12.014884344892272
golovin_fixed10_high_resolution_screen_v2,controlled,golovin,524288,0.1,300.0,3600.0,300.00001192092896,liquid_water_gm3,10,10,0.9982363476180263,2.89289366329527e-10,9.148133004681296e-11,0.9982363474110811,0.9982363478249714,0.9982363474342364,0.9982363477714692,2.898004736251331e-10
golovin_fixed10_high_resolution_screen_v2,controlled,golovin,524288,0.1,300.0,3600.0,300.00001192092896,relative_liquid_mass_drift,10,10,3.3114433417580357e-11,2.8980046919957645e-10,9.164295496561351e-11,-1.7419633357787556e-10,2.404252004130363e-10,-1.4575814138995112e-10,1.8566789272700388e-10,8.751485056232978
golovin_fixed10_high_resolution_screen_v2,controlled,golovin,524288,0.1,300.0,3600.0,300.00001192092896,mass_fraction_r_ge_cloud_threshold,10,10,0.6342603130123816,0.0011920729488017901,0.0003769665655286945,0.6334075553960354,0.6351130706287278,0.6335575041759034,0.6349403509190272,0.0018794695558675438
golovin_fixed10_high_resolution_screen_v2,controlled,golovin,524288,0.1,300.0,3600.0,300.00001192092896,mass_fraction_r_ge_large_threshold,10,10,0.0,0.0,0.0,0.0,0.0,0.0,0.0,nan
golovin_fixed10_high_resolution_screen_v2,controlled,golovin,524288,0.1,300.0,3600.0,300.00001192092896,mass_fraction_r_ge_onset_threshold,10,10,0.0,0.0,0.0,0.0,0.0,0.0,0.0,nan
golovin_fixed10_high_resolution_screen_v2,controlled,golovin,524288,0.1,300.0,3600.0,300.00001192092896,mass_weighted_radius_q99_um,10,10,87.96021881103516,0.27362640568628094,0.08652826699338961,87.76447827207156,88.15595934999877,87.79315591812134,88.1124110031128,0.003110797237488827
golovin_fixed10_high_resolution_screen_v2,controlled,golovin,524288,0.1,300.0,3600.0,300.00001192092896,fixed_bin_mass_below_range_fraction,10,10,0.0,0.0,0.0,0.0,0.0,0.0,0.0,nan
golovin_fixed10_high_resolution_screen_v2,controlled,golovin,524288,0.1,300.0,3600.0,300.00001192092896,fixed_bin_mass_above_range_fraction,10,10,0.0,0.0,0.0,0.0,0.0,0.0,0.0,nan
golovin_fixed10_high_resolution_screen_v2,controlled,golovin,524288,0.1,300.0,3600.0,300.00001192092896,fixed_bin_mass_below_range_fraction_bins_250,10,10,0.0,0.0,0.0,0.0,0.0,0.0,0.0,nan
golovin_fixed10_high_resolution_screen_v2,controlled,golovin,524288,0.1,300.0,3600.0,300.00001192092896,fixed_bin_mass_below_range_fraction_bins_500,10,10,0.0,0.0,0.0,0.0,0.0,0.0,0.0,nan
golovin_fixed10_high_resolution_screen_v2,controlled,golovin,524288,0.1,300.0,3600.0,300.00001192092896,fixed_bin_mass_below_range_fraction_bins_1000,10,10,0.0,0.0,0.0,0.0,0.0,0.0,0.0,nan
golovin_fixed10_high_resolution_screen_v2,controlled,golovin,524288,0.1,300.0,3600.0,300.00001192092896,fixed_bin_mass_above_range_fraction_bins_250,10,10,0.0,0.0,0.0,0.0,0.0,0.0,0.0,nan
golovin_fixed10_high_resolution_screen_v2,controlled,golovin,524288,0.1,300.0,3600.0,300.00001192092896,fixed_bin_mass_above_range_fraction_bins_500,10,10,0.0,0.0,0.0,0.0,0.0,0.0,0.0,nan
golovin_fixed10_high_resolution_screen_v2,controlled,golovin,524288,0.1,300.0,3600.0,300.00001192092896,fixed_bin_mass_above_range_fraction_bins_1000,10,10,0.0,0.0,0.0,0.0,0.0,0.0,0.0,nan
golovin_fixed10_high_resolution_screen_v2,controlled,golovin,524288,0.1,300.0,3600.0,3000.0,golovin_fixed_bin_l1_relative,10,10,0.0294214537254373,0.0013447769056854227,0.00042525579667593717,0.02845945827896537,0.03038344917190923,0.028608581171184252,0.030190044883706288,0.04570735757093984
golovin_fixed10_high_resolution_screen_v2,controlled,golovin,524288,0.1,300.0,3600.0,3000.0,golovin_fixed_bin_l1_relative_bins_250,10,10,0.020552248798989214,0.0009055328083296701,0.00028635461703304505,0.019904469650967573,0.021200027947010855,0.0200543077683884,0.021102378454548452,0.044060035336581045
golovin_fixed10_high_resolution_screen_v2,controlled,golovin,524288,0.1,300.0,3600.0,3000.0,golovin_fixed_bin_l1_relative_bins_500,10,10,0.0294214537254373,0.0013447769056854227,0.00042525579667593717,0.02845945827896537,0.03038344917190923,0.02860940162249815,0.030190265909216994,0.04570735757093984
golovin_fixed10_high_resolution_screen_v2,controlled,golovin,524288,0.1,300.0,3600.0,3000.0,golovin_fixed_bin_l1_relative_bins_1000,10,10,0.04155578094182831,0.0017095347193929668,0.0005406023452418598,0.04033285347431393,0.04277870840934269,0.04049941853423521,0.042487302011673674,0.04113831290491333
golovin_fixed10_high_resolution_screen_v2,controlled,golovin,524288,0.1,300.0,3600.0,3000.0,radius_moment_0_m3,10,10,93166.23103118196,299.88541396712384,94.83209451985822,92951.7059293007,93380.75613306322,92973.7362189704,93320.77507081507,0.003218820925220799
golovin_fixed10_high_resolution_screen_v2,controlled,golovin,524288,0.1,300.0,3600.0,3000.0,radius_moment_3_um3_m3,10,10,238740390118.01166,54.102016893284045,17.10855993916844,238740390079.30942,238740390156.7139,238740390083.96683,238740390147.23898,2.266144277746254e-10
golovin_fixed10_high_resolution_screen_v2,controlled,golovin,524288,0.1,300.0,3600.0,3000.0,radius_moment_6_um6_m3,10,10,1.1051188107735173e+20,9.839191591926522e+17,3.111425576526579e+17,1.0980802771190641e+20,1.1121573444279704e+20,1.0997083787288117e+20,1.1112499727167881e+20,0.008903288493514714
golovin_fixed10_high_resolution_screen_v2,controlled,golovin,524288,0.1,300.0,3600.0,3000.0,golovin_relative_error_radius_moment_0_m3,10,10,-0.00022796935102333826,0.0032180871327034243,0.0010176485048223353,-0.0025300502054180674,0.002074111503371391,-0.0023441725103003435,0.0013769057008405693,14.116314839067881
golovin_fixed10_high_resolution_screen_v2,controlled,golovin,524288,0.1,300.0,3600.0,3000.0,golovin_relative_error_radius_moment_3_um3_m3,10,10,2.9729612015416684e-05,2.2662116782101667e-10,7.166390563216702e-11,2.9729449900399243e-05,2.9729774130434126e-05,2.9729468366046508e-05,2.972973633414977e-05,7.622742190631322e-06
golovin_fixed10_high_resolution_screen_v2,controlled,golovin,524288,0.1,300.0,3600.0,3000.0,golovin_relative_error_radius_moment_6_um6_m3,10,10,0.003640521057371349,0.008935701102755201,0.002825716797518472,-0.0027516944361742676,0.010032736550916965,-0.0014226323388138195,0.009144215218036034,2.4545115828027253
golovin_fixed10_high_resolution_screen_v2,controlled,golovin,524288,0.1,300.0,3600.0,3000.0,liquid_water_gm3,10,10,0.9982363475797278,2.2621473804246753e-10,7.15353812512537e-11,0.9982363474179036,0.998236347741552,0.9982363474381492,0.9982363477036248,2.2661440709000035e-10
golovin_fixed10_high_resolution_screen_v2,controlled,golovin,524288,0.1,300.0,3600.0,3000.0,relative_liquid_mass_drift,10,10,-5.251621360002901e-12,2.2661443656663998e-10,7.166177702263298e-11,-1.673618235505999e-10,1.5685858083059412e-10,-1.5030968664175857e-10,1.1937943772410976e-10,43.15132813888068
golovin_fixed10_high_resolution_screen_v2,controlled,golovin,524288,0.1,300.0,3600.0,3000.0,mass_fraction_r_ge_cloud_threshold,10,10,0.9953222459414587,2.6115925865429863e-05,8.25858089388624e-06,0.995303563733535,0.9953409281493824,0.9953066088976805,0.9953372316069551,2.6238663881894095e-05
golovin_fixed10_high_resolution_screen_v2,controlled,golovin,524288,0.1,300.0,3600.0,3000.0,mass_fraction_r_ge_large_threshold,10,10,0.14100850406084314,0.0020647802769364226,0.0006529408542912329,0.13953144923042465,0.14248555889126163,0.13980828688970207,0.14224301175420576,0.014642948598656856
golovin_fixed10_high_resolution_screen_v2,controlled,golovin,524288,0.1,300.0,3600.0,3000.0,mass_fraction_r_ge_onset_threshold,10,10,0.14100850406084314,0.0020647802769364226,0.0006529408542912329,0.13953144923042465,0.14248555889126163,0.1398048351469287,0.14223211502661645,0.014642948598656856
golovin_fixed10_high_resolution_screen_v2,controlled,golovin,524288,0.1,300.0,3600.0,3000.0,mass_weighted_radius_q99_um,10,10,1451.6028442382812,8.542357153867222,2.7013305192853854,1445.4920100549944,1457.7136784215681,1446.8549234008788,1456.8133810424804,0.00588477570691849
golovin_fixed10_high_resolution_screen_v2,controlled,golovin,524288,0.1,300.0,3600.0,3000.0,fixed_bin_mass_below_range_fraction,10,10,0.0,0.0,0.0,0.0,0.0,0.0,0.0,nan
golovin_fixed10_high_resolution_screen_v2,controlled,golovin,524288,0.1,300.0,3600.0,3000.0,fixed_bin_mass_above_range_fraction,10,10,0.0,0.0,0.0,0.0,0.0,0.0,0.0,nan
golovin_fixed10_high_resolution_screen_v2,controlled,golovin,524288,0.1,300.0,3600.0,3000.0,fixed_bin_mass_below_range_fraction_bins_250,10,10,0.0,0.0,0.0,0.0,0.0,0.0,0.0,nan
golovin_fixed10_high_resolution_screen_v2,controlled,golovin,524288,0.1,300.0,3600.0,3000.0,fixed_bin_mass_below_range_fraction_bins_500,10,10,0.0,0.0,0.0,0.0,0.0,0.0,0.0,nan
golovin_fixed10_high_resolution_screen_v2,controlled,golovin,524288,0.1,300.0,3600.0,3000.0,fixed_bin_mass_below_range_fraction_bins_1000,10,10,0.0,0.0,0.0,0.0,0.0,0.0,0.0,nan
golovin_fixed10_high_resolution_screen_v2,controlled,golovin,524288,0.1,300.0,3600.0,3000.0,fixed_bin_mass_above_range_fraction_bins_250,10,10,0.0,0.0,0.0,0.0,0.0,0.0,0.0,nan
golovin_fixed10_high_resolution_screen_v2,controlled,golovin,524288,0.1,300.0,3600.0,3000.0,fixed_bin_mass_above_range_fraction_bins_500,10,10,0.0,0.0,0.0,0.0,0.0,0.0,0.0,nan
golovin_fixed10_high_resolution_screen_v2,controlled,golovin,524288,0.1,300.0,3600.0,3000.0,fixed_bin_mass_above_range_fraction_bins_1000,10,10,0.0,0.0,0.0,0.0,0.0,0.0,0.0,nan
golovin_fixed10_high_resolution_screen_v2,controlled,golovin,524288,0.1,300.0,3600.0,3299.999952316284,golovin_fixed_bin_l1_relative,10,10,0.030633223902914137,0.0028975594603556382,0.0009162887550492179,0.0285604347324881,0.03270601307334017,0.029009695723331858,0.03240975220976924,0.09458878600368255
golovin_fixed10_high_resolution_screen_v2,controlled,golovin,524288,0.1,300.0,3600.0,3299.999952316284,golovin_fixed_bin_l1_relative_bins_250,10,10,0.021361554938492438,0.002302259979967627,0.0007280385302551327,0.01971461736248271,0.023008492514502165,0.01995340175143976,0.022640732561405832,0.1077758611953417
golovin_fixed10_high_resolution_screen_v2,controlled,golovin,524288,0.1,300.0,3600.0,3299.999952316284,golovin_fixed_bin_l1_relative_bins_500,10,10,0.030633223902914137,0.0028975594603556382,0.0009162887550492179,0.0285604347324881,0.03270601307334017,0.029073506659734443,0.03250207921622049,0.09458878600368255
golovin_fixed10_high_resolution_screen_v2,controlled,golovin,524288,0.1,300.0,3600.0,3299.999952316284,golovin_fixed_bin_l1_relative_bins_1000,10,10,0.04419456952651677,0.002586594615043146,0.0008179530367062769,0.04234423120569912,0.04604490784733442,0.04268830349802485,0.04570055353551335,0.058527430920923156
golovin_fixed10_high_resolution_screen_v2,controlled,golovin,524288,0.1,300.0,3600.0,3299.999952316284,radius_moment_0_m3,10,10,59409.22250406344,195.06359965084033,61.68452634878808,59269.68241094971,59548.76259717716,59279.868981439235,59509.74700304275,0.003283389201693365
golovin_fixed10_high_resolution_screen_v2,controlled,golovin,524288,0.1,300.0,3600.0,3299.999952316284,radius_moment_3_um3_m3,10,10,238740390153.07236,68.60397061722149,21.69448036816874,238740390103.99603,238740390202.14868,238740390111.21048,238740390191.38776,2.873580401424113e-10
golovin_fixed10_high_resolution_screen_v2,controlled,golovin,524288,0.1,300.0,3600.0,3299.999952316284,radius_moment_6_um6_m3,10,10,2.720818379307652e+20,3.004572161800748e+18,9.501291425626318e+17,2.6993249648533383e+20,2.7423117937619655e+20,2.7037902826847178e+20,2.7389563009982353e+20,0.01104289865376939
golovin_fixed10_high_resolution_screen_v2,controlled,golovin,524288,0.1,300.0,3600.0,3299.999952316284,golovin_relative_error_radius_moment_0_m3,10,10,-0.00016225136557717067,0.0032828564673116705,0.001038130366811898,-0.0025106654107790337,0.0021861626796246926,-0.0022786172334468557,0.0015331259618877767,20.23315154010377
golovin_fixed10_high_resolution_screen_v2,controlled,golovin,524288,0.1,300.0,3600.0,3299.999952316284,golovin_relative_error_radius_moment_3_um3_m3,10,10,2.972975887685081e-05,2.873666116220571e-10,9.08733016210714e-11,2.972955330716064e-05,2.972996444654098e-05,2.972958639289258e-05,2.9729918724028524e-05,9.665958368933029e-06
golovin_fixed10_high_resolution_screen_v2,controlled,golovin,524288,0.1,300.0,3600.0,3299.999952316284,golovin_relative_error_radius_moment_6_um6_m3,10,10,0.004621248080270979,0.011093930627973777,0.0035082088988299233,-0.0033148718088095355,0.012557367969351493,-0.0018904509996208125,0.011165500132548209,2.400635160734166
golovin_fixed10_high_resolution_screen_v2,controlled,golovin,524288,0.1,300.0,3600.0,3299.999952316284,liquid_water_gm3,10,10,0.998236347726326,2.868512401626944e-10,9.071032685580831e-11,0.998236347521125,0.9982363479315269,0.9982363475497886,0.9982363478835641,2.8735803982298674e-10
golovin_fixed10_high_resolution_screen_v2,controlled,golovin,524288,0.1,300.0,3600.0,3299.999952316284,relative_liquid_mass_drift,10,10,1.4160539407725992e-10,2.873580265562333e-10,9.087058678488483e-11,-6.39581547058432e-11,3.4716894286036304e-10,-3.139589005440868e-11,2.963910716857753e-10,2.0292872911285476
golovin_fixed10_high_resolution_screen_v2,controlled,golovin,524288,0.1,300.0,3600.0,3299.999952316284,mass_fraction_r_ge_cloud_threshold,10,10,0.9970240286467641,1.7061459821800883e-05,5.39530732443413e-06,0.9970118236136546,0.9970362336798736,0.9970138963420475,0.9970338091418094,1.711238579170251e-05
golovin_fixed10_high_resolution_screen_v2,controlled,golovin,524288,0.1,300.0,3600.0,3299.999952316284,mass_fraction_r_ge_large_threshold,10,10,0.3491153578547535,0.0021407072663169797,0.0006769510765234306,0.34758398812813207,0.35064672758137494,0.3478623979705959,0.3503828998972113,0.006131804912482833
golovin_fixed10_high_resolution_screen_v2,controlled,golovin,524288,0.1,300.0,3600.0,3299.999952316284,mass_fraction_r_ge_onset_threshold,10,10,0.3491153578547535,0.0021407072663169797,0.0006769510765234306,0.34758398812813207,0.35064672758137494,0.3478811391318946,0.35037122957998845,0.006131804912482833
golovin_fixed10_high_resolution_screen_v2,controlled,golovin,524288,0.1,300.0,3600.0,3299.999952316284,mass_weighted_radius_q99_um,10,10,1966.8958251953125,15.54705001291653,4.916408893736645,1955.7741356011013,1978.0175147895236,1956.87668548584,1975.3398077392578,0.007904358641552717
golovin_fixed10_high_resolution_screen_v2,controlled,golovin,524288,0.1,300.0,3600.0,3299.999952316284,fixed_bin_mass_below_range_fraction,10,10,0.0,0.0,0.0,0.0,0.0,0.0,0.0,nan
golovin_fixed10_high_resolution_screen_v2,controlled,golovin,524288,0.1,300.0,3600.0,3299.999952316284,fixed_bin_mass_above_range_fraction,10,10,0.0,0.0,0.0,0.0,0.0,0.0,0.0,nan
golovin_fixed10_high_resolution_screen_v2,controlled,golovin,524288,0.1,300.0,3600.0,3299.999952316284,fixed_bin_mass_below_range_fraction_bins_250,10,10,0.0,0.0,0.0,0.0,0.0,0.0,0.0,nan
golovin_fixed10_high_resolution_screen_v2,controlled,golovin,524288,0.1,300.0,3600.0,3299.999952316284,fixed_bin_mass_below_range_fraction_bins_500,10,10,0.0,0.0,0.0,0.0,0.0,0.0,0.0,nan
golovin_fixed10_high_resolution_screen_v2,controlled,golovin,524288,0.1,300.0,3600.0,3299.999952316284,fixed_bin_mass_below_range_fraction_bins_1000,10,10,0.0,0.0,0.0,0.0,0.0,0.0,0.0,nan
golovin_fixed10_high_resolution_screen_v2,controlled,golovin,524288,0.1,300.0,3600.0,3299.999952316284,fixed_bin_mass_above_range_fraction_bins_250,10,10,0.0,0.0,0.0,0.0,0.0,0.0,0.0,nan
golovin_fixed10_high_resolution_screen_v2,controlled,golovin,524288,0.1,300.0,3600.0,3299.999952316284,fixed_bin_mass_above_range_fraction_bins_500,10,10,0.0,0.0,0.0,0.0,0.0,0.0,0.0,nan
golovin_fixed10_high_resolution_screen_v2,controlled,golovin,524288,0.1,300.0,3600.0,3299.999952316284,fixed_bin_mass_above_range_fraction_bins_1000,10,10,0.0,0.0,0.0,0.0,0.0,0.0,0.0,nan
golovin_fixed10_high_resolution_screen_v2,controlled,golovin,524288,0.1,300.0,3600.0,3599.9999046325684,golovin_fixed_bin_l1_relative,10,10,0.03583076476886525,0.002902603978636046,0.0009178839717956624,0.03375436696745003,0.03790716257028047,0.034037706786690505,0.03743938569734104,0.08100870850399018
golovin_fixed10_high_resolution_screen_v2,controlled,golovin,524288,0.1,300.0,3600.0,3599.9999046325684,golovin_fixed_bin_l1_relative_bins_250,10,10,0.02519999836586631,0.002220549488384174,0.0007021994040415597,0.023611512954301066,0.026788483777431555,0.023918935721067756,0.026515044248709558,0.08811704890393698
golovin_fixed10_high_resolution_screen_v2,controlled,golovin,524288,0.1,300.0,3600.0,3599.9999046325684,golovin_fixed_bin_l1_relative_bins_500,10,10,0.03583076476886525,0.002902603978636046,0.0009178839717956624,0.03375436696745003,0.03790716257028047,0.03410157717366993,0.037456934774962106,0.08100870850399018
golovin_fixed10_high_resolution_screen_v2,controlled,golovin,524288,0.1,300.0,3600.0,3599.9999046325684,golovin_fixed_bin_l1_relative_bins_1000,10,10,0.04983577902347991,0.0023313822989879125,0.0007372478161401472,0.04816800859544114,0.05150354945151868,0.04842841121422894,0.05124362883455452,0.046781295379961695
golovin_fixed10_high_resolution_screen_v2,controlled,golovin,524288,0.1,300.0,3600.0,3599.9999046325684,radius_moment_0_m3,10,10,37876.16572790056,128.53512325302762,40.646374881003844,37784.217239821715,37968.1142159794,37792.68199553281,37942.048708771545,0.0033935621724863595
golovin_fixed10_high_resolution_screen_v2,controlled,golovin,524288,0.1,300.0,3600.0,3599.9999046325684,radius_moment_3_um3_m3,10,10,238740390124.10944,45.45704926688709,14.374781139385044,238740390091.59143,238740390156.62744,238740390100.15314,238740390154.35425,1.9040368177021155e-10
golovin_fixed10_high_resolution_screen_v2,controlled,golovin,524288,0.1,300.0,3600.0,3599.9999046325684,radius_moment_6_um6_m3,10,10,6.672735748942329e+20,8.247135781255996e+18,2.607973324144113e+18,6.613739293586337e+20,6.731732204298321e+20,6.629732732070223e+20,6.724897220560701e+20,0.012359452092139598
golovin_fixed10_high_resolution_screen_v2,controlled,golovin,524288,0.1,300.0,3600.0,3599.9999046325684,golovin_relative_error_radius_moment_0_m3,10,10,-0.00028807318093720946,0.0033925845782366237,0.0010728294421989437,-0.002714981988068353,0.002138835626193934,-0.0024444818606867745,0.0014894210265346491,11.776815069001845
golovin_fixed10_high_resolution_screen_v2,controlled,golovin,524288,0.1,300.0,3600.0,3599.9999046325684,golovin_relative_error_radius_moment_3_um3_m3,10,10,2.972963755745184e-05,1.9040935538377087e-10,6.021272508171603e-11,2.9729501346804504e-05,2.9729773768099174e-05,2.972953790072952e-05,2.9729761038737037e-05,6.40469817419769e-06
golovin_fixed10_high_resolution_screen_v2,controlled,golovin,524288,0.1,300.0,3600.0,3599.9999046325684,golovin_relative_error_radius_moment_6_um6_m3,10,10,0.0017061129022443722,0.012380538712818655,0.003915070099239621,-0.007150390965607616,0.01056261677009636,-0.004798033953046708,0.009557689390721482,7.256576453136364
golovin_fixed10_high_resolution_screen_v2,controlled,golovin,524288,0.1,300.0,3600.0,3599.9999046325684,liquid_water_gm3,10,10,0.9982363476052243,1.9006793347905561e-10,6.010475799551871e-11,0.9982363474692578,0.9982363477411907,0.9982363475059413,0.9982363477277635,1.9040373949018173e-10
golovin_fixed10_high_resolution_screen_v2,controlled,golovin,524288,0.1,300.0,3600.0,3599.9999046325684,relative_liquid_mass_drift,10,10,2.0289681046392617e-11,1.90403712924135e-10,6.021094077931054e-11,-1.1591692991634324e-10,1.5649629200912846e-10,-8.204002005518514e-11,1.4114628715811147e-10,9.384263482938666
golovin_fixed10_high_resolution_screen_v2,controlled,golovin,524288,0.1,300.0,3600.0,3599.9999046325684,mass_fraction_r_ge_cloud_threshold,10,10,0.998105587466308,1.1223686385194103e-05,3.54924127206353e-06,0.9980975585247418,0.9981136164078741,0.9980989306164227,0.9981121294774251,1.124498903336013e-05
golovin_fixed10_high_resolution_screen_v2,controlled,golovin,524288,0.1,300.0,3600.0,3599.9999046325684,mass_fraction_r_ge_large_threshold,10,10,0.5506070904286616,0.0017436010159836567,0.0005513750541092006,0.5493597934006202,0.551854387456703,0.5496552585776846,0.551709818148948,0.0031666882724416404
golovin_fixed10_high_resolution_screen_v2,controlled,golovin,524288,0.1,300.0,3600.0,3599.9999046325684,mass_fraction_r_ge_onset_threshold,10,10,0.5506070904286616,0.0017436010159836567,0.0005513750541092006,0.5493597934006202,0.551854387456703,0.5496536046883306,0.5517131543477564,0.0031666882724416404
golovin_fixed10_high_resolution_screen_v2,controlled,golovin,524288,0.1,300.0,3600.0,3599.9999046325684,mass_weighted_radius_q99_um,10,10,2646.978662109375,23.77888262446336,7.519542930710652,2629.9682742076993,2663.9890500110505,2632.0634271240233,2659.7530041503906,0.008983405482201353
golovin_fixed10_high_resolution_screen_v2,controlled,golovin,524288,0.1,300.0,3600.0,3599.9999046325684,fixed_bin_mass_below_range_fraction,10,10,0.0,0.0,0.0,0.0,0.0,0.0,0.0,nan
golovin_fixed10_high_resolution_screen_v2,controlled,golovin,524288,0.1,300.0,3600.0,3599.9999046325684,fixed_bin_mass_above_range_fraction,10,10,0.0,0.0,0.0,0.0,0.0,0.0,0.0,nan
golovin_fixed10_high_resolution_screen_v2,controlled,golovin,524288,0.1,300.0,3600.0,3599.9999046325684,fixed_bin_mass_below_range_fraction_bins_250,10,10,0.0,0.0,0.0,0.0,0.0,0.0,0.0,nan
golovin_fixed10_high_resolution_screen_v2,controlled,golovin,524288,0.1,300.0,3600.0,3599.9999046325684,fixed_bin_mass_below_range_fraction_bins_500,10,10,0.0,0.0,0.0,0.0,0.0,0.0,0.0,nan
golovin_fixed10_high_resolution_screen_v2,controlled,golovin,524288,0.1,300.0,3600.0,3599.9999046325684,fixed_bin_mass_below_range_fraction_bins_1000,10,10,0.0,0.0,0.0,0.0,0.0,0.0,0.0,nan
golovin_fixed10_high_resolution_screen_v2,controlled,golovin,524288,0.1,300.0,3600.0,3599.9999046325684,fixed_bin_mass_above_range_fraction_bins_250,10,10,0.0,0.0,0.0,0.0,0.0,0.0,0.0,nan
golovin_fixed10_high_resolution_screen_v2,controlled,golovin,524288,0.1,300.0,3600.0,3599.9999046325684,fixed_bin_mass_above_range_fraction_bins_500,10,10,0.0,0.0,0.0,0.0,0.0,0.0,0.0,nan
golovin_fixed10_high_resolution_screen_v2,controlled,golovin,524288,0.1,300.0,3600.0,3599.9999046325684,fixed_bin_mass_above_range_fraction_bins_1000,10,10,0.0,0.0,0.0,0.0,0.0,0.0,0.0,nan
golovin_fixed10_high_resolution_screen_v2,controlled,golovin,524288,0.1,300.0,3600.0,600.0000238418579,golovin_fixed_bin_l1_relative,10,10,0.022801138150938056,0.002029293605950068,0.0006417189836018434,0.021349468955679563,0.02425280734619655,0.02158919285067991,0.023986746399601376,0.08899966275879002
golovin_fixed10_high_resolution_screen_v2,controlled,golovin,524288,0.1,300.0,3600.0,600.0000238418579,golovin_fixed_bin_l1_relative_bins_250,10,10,0.015168130762201654,0.0016875893389123907,0.0005336626065980977,0.013960902074168207,0.0163753594502351,0.01415262773766453,0.01611336815421421,0.11125888650154524
golovin_fixed10_high_resolution_screen_v2,controlled,golovin,524288,0.1,300.0,3600.0,600.0000238418579,golovin_fixed_bin_l1_relative_bins_500,10,10,0.022801138150938056,0.002029293605950068,0.0006417189836018434,0.021349468955679563,0.02425280734619655,0.021598269324363095,0.024008203599217463,0.08899966275879002
golovin_fixed10_high_resolution_screen_v2,controlled,golovin,524288,0.1,300.0,3600.0,600.0000238418579,golovin_fixed_bin_l1_relative_bins_1000,10,10,0.03222808780816993,0.0020822648616961753,0.0006584699654695415,0.03073852525929552,0.03371765035704434,0.031027850957543145,0.033469630762224374,0.06461025159452104
golovin_fixed10_high_resolution_screen_v2,controlled,golovin,524288,0.1,300.0,3600.0,600.0000238418579,radius_moment_0_m3,10,10,3411097.834362653,8098.595356824945,2561.0007175630885,3405304.4482454862,3416891.22047982,3405856.4614215232,3415231.287473447,0.0023741902900706827
golovin_fixed10_high_resolution_screen_v2,controlled,golovin,524288,0.1,300.0,3600.0,600.0000238418579,radius_moment_3_um3_m3,10,10,238740390139.51987,36.44061632010042,11.52353469118208,238740390113.4518,238740390165.58792,238740390115.95013,238740390157.73618,1.5263699744649208e-10
golovin_fixed10_high_resolution_screen_v2,controlled,golovin,524288,0.1,300.0,3600.0,600.0000238418579,radius_moment_6_um6_m3,10,10,8.232553188415056e+16,251315897411525.44,79473064802963.5,8.214575132135701e+16,8.250531244694411e+16,8.21820872747895e+16,8.247471032390648e+16,0.0030527090643663263
golovin_fixed10_high_resolution_screen_v2,controlled,golovin,524288,0.1,300.0,3600.0,600.0000238418579,golovin_relative_error_radius_moment_0_m3,10,10,0.00016294926887560067,0.002374577162642596,0.0007509072313770697,-0.0015357209031810065,0.001861619440932208,-0.001392459687468212,0.0013830301430861158,14.572493506892654
golovin_fixed10_high_resolution_screen_v2,controlled,golovin,524288,0.1,300.0,3600.0,600.0000238418579,golovin_relative_error_radius_moment_3_um3_m3,10,10,2.972970210850523e-05,1.5264154727528558e-10,4.826949549621711e-11,2.9729592915320248e-05,2.972981130169021e-05,2.972960435210392e-05,2.9729778531006335e-05,5.134311360342123e-06
golovin_fixed10_high_resolution_screen_v2,controlled,golovin,524288,0.1,300.0,3600.0,600.0000238418579,golovin_relative_error_radius_moment_6_um6_m3,10,10,0.0014643646366018447,0.00305717934356602,0.0009667649941287055,-0.0007226097196089709,0.0036513389928126603,-0.00032085623603137826,0.003284896040160724,2.087717271471679
golovin_fixed10_high_resolution_screen_v2,controlled,golovin,524288,0.1,300.0,3600.0,600.0000238418579,liquid_water_gm3,10,10,0.9982363476696594,1.523677724638393e-10,4.8182920299201775e-11,0.998236347560662,0.9982363477786568,0.9982363475687237,0.9982363477461575,1.5263697101346331e-10
golovin_fixed10_high_resolution_screen_v2,controlled,golovin,524288,0.1,300.0,3600.0,600.0000238418579,relative_liquid_mass_drift,10,10,8.483878044529547e-11,1.5263698041558584e-10,4.826805132837655e-11,-2.4351137601502945e-11,1.940286984920939e-10,-1.591076270734957e-11,1.61319135827398e-10,1.799141614417796
golovin_fixed10_high_resolution_screen_v2,controlled,golovin,524288,0.1,300.0,3600.0,600.0000238418579,mass_fraction_r_ge_cloud_threshold,10,10,0.7902842907481931,0.000720896116722812,0.00022796736852146848,0.7897685927326079,0.7907999887637782,0.789868227186106,0.7907078050104941,0.0009121984647326236
golovin_fixed10_high_resolution_screen_v2,controlled,golovin,524288,0.1,300.0,3600.0,600.0000238418579,mass_fraction_r_ge_large_threshold,10,10,0.0,0.0,0.0,0.0,0.0,0.0,0.0,nan
golovin_fixed10_high_resolution_screen_v2,controlled,golovin,524288,0.1,300.0,3600.0,600.0000238418579,mass_fraction_r_ge_onset_threshold,10,10,0.0,0.0,0.0,0.0,0.0,0.0,0.0,nan
golovin_fixed10_high_resolution_screen_v2,controlled,golovin,524288,0.1,300.0,3600.0,600.0000238418579,mass_weighted_radius_q99_um,10,10,124.23150634765625,0.26533732753722294,0.08390703032797402,124.0416954579907,124.4213172373218,124.07668601989747,124.38976396560669,0.00213582959217035
golovin_fixed10_high_resolution_screen_v2,controlled,golovin,524288,0.1,300.0,3600.0,600.0000238418579,fixed_bin_mass_below_range_fraction,10,10,0.0,0.0,0.0,0.0,0.0,0.0,0.0,nan
golovin_fixed10_high_resolution_screen_v2,controlled,golovin,524288,0.1,300.0,3600.0,600.0000238418579,fixed_bin_mass_above_range_fraction,10,10,0.0,0.0,0.0,0.0,0.0,0.0,0.0,nan
golovin_fixed10_high_resolution_screen_v2,controlled,golovin,524288,0.1,300.0,3600.0,600.0000238418579,fixed_bin_mass_below_range_fraction_bins_250,10,10,0.0,0.0,0.0,0.0,0.0,0.0,0.0,nan
golovin_fixed10_high_resolution_screen_v2,controlled,golovin,524288,0.1,300.0,3600.0,600.0000238418579,fixed_bin_mass_below_range_fraction_bins_500,10,10,0.0,0.0,0.0,0.0,0.0,0.0,0.0,nan
golovin_fixed10_high_resolution_screen_v2,controlled,golovin,524288,0.1,300.0,3600.0,600.0000238418579,fixed_bin_mass_below_range_fraction_bins_1000,10,10,0.0,0.0,0.0,0.0,0.0,0.0,0.0,nan
golovin_fixed10_high_resolution_screen_v2,controlled,golovin,524288,0.1,300.0,3600.0,600.0000238418579,fixed_bin_mass_above_range_fraction_bins_250,10,10,0.0,0.0,0.0,0.0,0.0,0.0,0.0,nan
golovin_fixed10_high_resolution_screen_v2,controlled,golovin,524288,0.1,300.0,3600.0,600.0000238418579,fixed_bin_mass_above_range_fraction_bins_500,10,10,0.0,0.0,0.0,0.0,0.0,0.0,0.0,nan
golovin_fixed10_high_resolution_screen_v2,controlled,golovin,524288,0.1,300.0,3600.0,600.0000238418579,fixed_bin_mass_above_range_fraction_bins_1000,10,10,0.0,0.0,0.0,0.0,0.0,0.0,0.0,nan
golovin_fixed10_high_resolution_screen_v2,controlled,golovin,524288,0.1,300.0,3600.0,899.9999761581421,golovin_fixed_bin_l1_relative,10,10,0.023444262406167447,0.0010553982270073156,0.000333746223584655,0.022689275995928567,0.024199248816406328,0.022816481634069945,0.02406968985514415,0.04501733553066159
golovin_fixed10_high_resolution_screen_v2,controlled,golovin,524288,0.1,300.0,3600.0,899.9999761581421,golovin_fixed_bin_l1_relative_bins_250,10,10,0.016731932543610013,0.001496993443363659,0.00047339089233674363,0.015661047945707014,0.01780281714151301,0.015850213426489297,0.01757470660277983,0.08946924926107035
golovin_fixed10_high_resolution_screen_v2,controlled,golovin,524288,0.1,300.0,3600.0,899.9999761581421,golovin_fixed_bin_l1_relative_bins_500,10,10,0.023444262406167447,0.0010553982270073156,0.000333746223584655,0.022689275995928567,0.024199248816406328,0.022809103329825345,0.02404772531942397,0.04501733553066159
golovin_fixed10_high_resolution_screen_v2,controlled,golovin,524288,0.1,300.0,3600.0,899.9999761581421,golovin_fixed_bin_l1_relative_bins_1000,10,10,0.031983475401502634,0.00153289959199699,0.0004847454135053304,0.030886905092207973,0.0330800457107973,0.031131786255034034,0.032930848585726126,0.04792786189598933
golovin_fixed10_high_resolution_screen_v2,controlled,golovin,524288,0.1,300.0,3600.0,899.9999761581421,radius_moment_0_m3,10,10,2174285.449971629,5521.238203795902,1745.968822833197,2170335.794093034,2178235.1058502235,2170663.103177352,2177142.4566324754,0.002539334567992416
golovin_fixed10_high_resolution_screen_v2,controlled,golovin,524288,0.1,300.0,3600.0,899.9999761581421,radius_moment_3_um3_m3,10,10,238740390138.37543,30.14740567655718,9.533446748301015,238740390116.80927,238740390159.9416,238740390119.05536,238740390154.3625,1.2627693897577847e-10
golovin_fixed10_high_resolution_screen_v2,controlled,golovin,524288,0.1,300.0,3600.0,899.9999761581421,radius_moment_6_um6_m3,10,10,2.024463389019482e+17,934183975224948.6,295414911534114.56,2.017780639438239e+17,2.0311461386007248e+17,2.019147241937393e+17,2.0301060720496858e+17,0.0046144770031005915
golovin_fixed10_high_resolution_screen_v2,controlled,golovin,524288,0.1,300.0,3600.0,899.9999761581421,golovin_relative_error_radius_moment_0_m3,10,10,-0.0001695693303038315,0.002538903974730323,0.0008028719320602403,-0.0019857918222235377,0.0016466531616158749,-0.0018136529095234468,0.0011453703391952573,14.972660269290191
golovin_fixed10_high_resolution_screen_v2,controlled,golovin,524288,0.1,300.0,3600.0,899.9999761581421,golovin_relative_error_radius_moment_3_um3_m3,10,10,2.972969731471764e-05,1.2628070750112036e-10,3.993346602410504e-11,2.9729606978941436e-05,2.972978765049384e-05,2.9729617479192783e-05,2.9729763269635835e-05,4.2476284290524986e-06
golovin_fixed10_high_resolution_screen_v2,controlled,golovin,524288,0.1,300.0,3600.0,899.9999761581421,golovin_relative_error_radius_moment_6_um6_m3,10,10,0.0012544819804043762,0.004620265781349979,0.0014610563264403438,-0.0020506570537042797,0.004559621014513032,-0.0013882063105181437,0.003943059621555329,3.6830068933000204
golovin_fixed10_high_resolution_screen_v2,controlled,golovin,524288,0.1,300.0,3600.0,899.9999761581421,liquid_water_gm3,10,10,0.9982363476648743,1.2605425290617372e-10,3.986185479344081e-11,0.9982363475747006,0.9982363477550481,0.99823634758378,0.9982363477303593,1.2627696156430918e-10
golovin_fixed10_high_resolution_screen_v2,controlled,golovin,524288,0.1,300.0,3600.0,899.9999761581421,relative_liquid_mass_drift,10,10,8.004512608295045e-11,1.2627695768835982e-10,3.993228022919279e-11,-1.0287967664383164e-11,1.7037821983028406e-10,-1.5885243120905004e-12,1.461576132344433e-10,1.5775721004861623
golovin_fixed10_high_resolution_screen_v2,controlled,golovin,524288,0.1,300.0,3600.0,899.9999761581421,mass_fraction_r_ge_cloud_threshold,10,10,0.8757646899261641,0.0005014250285940682,0.00015856451661723126,0.8754059920691327,0.8761233877831954,0.8754808017367066,0.8760602319223779,0.0005725568002020537
golovin_fixed10_high_resolution_screen_v2,controlled,golovin,524288,0.1,300.0,3600.0,899.9999761581421,mass_fraction_r_ge_large_threshold,10,10,0.0,0.0,0.0,0.0,0.0,0.0,0.0,nan
golovin_fixed10_high_resolution_screen_v2,controlled,golovin,524288,0.1,300.0,3600.0,899.9999761581421,mass_fraction_r_ge_onset_threshold,10,10,0.0,0.0,0.0,0.0,0.0,0.0,0.0,nan
golovin_fixed10_high_resolution_screen_v2,controlled,golovin,524288,0.1,300.0,3600.0,899.9999761581421,mass_weighted_radius_q99_um,10,10,171.5648681640625,0.5693765283633261,0.18005266758675736,171.15756073240019,171.9721755957248,171.2558544921875,171.9228511428833,0.0033187244827935745
golovin_fixed10_high_resolution_screen_v2,controlled,golovin,524288,0.1,300.0,3600.0,899.9999761581421,fixed_bin_mass_below_range_fraction,10,10,0.0,0.0,0.0,0.0,0.0,0.0,0.0,nan
golovin_fixed10_high_resolution_screen_v2,controlled,golovin,524288,0.1,300.0,3600.0,899.9999761581421,fixed_bin_mass_above_range_fraction,10,10,0.0,0.0,0.0,0.0,0.0,0.0,0.0,nan
golovin_fixed10_high_resolution_screen_v2,controlled,golovin,524288,0.1,300.0,3600.0,899.9999761581421,fixed_bin_mass_below_range_fraction_bins_250,10,10,0.0,0.0,0.0,0.0,0.0,0.0,0.0,nan
golovin_fixed10_high_resolution_screen_v2,controlled,golovin,524288,0.1,300.0,3600.0,899.9999761581421,fixed_bin_mass_below_range_fraction_bins_500,10,10,0.0,0.0,0.0,0.0,0.0,0.0,0.0,nan
golovin_fixed10_high_resolution_screen_v2,controlled,golovin,524288,0.1,300.0,3600.0,899.9999761581421,fixed_bin_mass_below_range_fraction_bins_1000,10,10,0.0,0.0,0.0,0.0,0.0,0.0,0.0,nan
golovin_fixed10_high_resolution_screen_v2,controlled,golovin,524288,0.1,300.0,3600.0,899.9999761581421,fixed_bin_mass_above_range_fraction_bins_250,10,10,0.0,0.0,0.0,0.0,0.0,0.0,0.0,nan
golovin_fixed10_high_resolution_screen_v2,controlled,golovin,524288,0.1,300.0,3600.0,899.9999761581421,fixed_bin_mass_above_range_fraction_bins_500,10,10,0.0,0.0,0.0,0.0,0.0,0.0,0.0,nan
golovin_fixed10_high_resolution_screen_v2,controlled,golovin,524288,0.1,300.0,3600.0,899.9999761581421,fixed_bin_mass_above_range_fraction_bins_1000,10,10,0.0,0.0,0.0,0.0,0.0,0.0,0.0,nan
golovin_fixed10_high_resolution_screen_v2,controlled,golovin,65536,0.1,300.0,3600.0,0.0,golovin_fixed_bin_l1_relative,10,10,0.0019165819707387965,2.28569887277129e-19,7.228014483236696e-20,0.0019165819707387963,0.0019165819707387967,0.0019165819707387965,0.0019165819707387965,1.1925912419442242e-16
golovin_fixed10_high_resolution_screen_v2,controlled,golovin,65536,0.1,300.0,3600.0,0.0,golovin_fixed_bin_l1_relative_bins_250,10,10,0.0010222790274925005,0.0,0.0,0.0010222790274925005,0.0010222790274925005,0.0010222790274925005,0.0010222790274925005,0.0
golovin_fixed10_high_resolution_screen_v2,controlled,golovin,65536,0.1,300.0,3600.0,0.0,golovin_fixed_bin_l1_relative_bins_500,10,10,0.0019165819707387965,2.28569887277129e-19,7.228014483236696e-20,0.0019165819707387963,0.0019165819707387967,0.0019165819707387965,0.0019165819707387965,1.1925912419442242e-16
golovin_fixed10_high_resolution_screen_v2,controlled,golovin,65536,0.1,300.0,3600.0,0.0,golovin_fixed_bin_l1_relative_bins_1000,10,10,0.003135886424804459,0.0,0.0,0.003135886424804459,0.003135886424804459,0.003135886424804459,0.003135886424804459,0.0
golovin_fixed10_high_resolution_screen_v2,controlled,golovin,65536,0.1,300.0,3600.0,0.0,radius_moment_0_m3,10,10,8388608.0,0.0,0.0,8388608.0,8388608.0,8388608.0,8388608.0,0.0
golovin_fixed10_high_resolution_screen_v2,controlled,golovin,65536,0.1,300.0,3600.0,0.0,radius_moment_3_um3_m3,10,10,238740389844.23224,0.0,0.0,238740389844.23224,238740389844.23224,238740389844.23224,238740389844.23224,0.0
golovin_fixed10_high_resolution_screen_v2,controlled,golovin,65536,0.1,300.0,3600.0,0.0,radius_moment_6_um6_m3,10,10,1.3588188760957168e+16,0.0,0.0,1.3588188760957168e+16,1.3588188760957168e+16,1.3588188760957168e+16,1.3588188760957168e+16,0.0
golovin_fixed10_high_resolution_screen_v2,controlled,golovin,65536,0.1,300.0,3600.0,0.0,golovin_relative_error_radius_moment_0_m3,10,10,0.0,0.0,0.0,0.0,0.0,0.0,0.0,nan
golovin_fixed10_high_resolution_screen_v2,controlled,golovin,65536,0.1,300.0,3600.0,0.0,golovin_relative_error_radius_moment_3_um3_m3,10,10,2.9728465215095312e-05,0.0,0.0,2.9728465215095312e-05,2.9728465215095312e-05,2.9728465215095312e-05,2.9728465215095312e-05,0.0
golovin_fixed10_high_resolution_screen_v2,controlled,golovin,65536,0.1,300.0,3600.0,0.0,golovin_relative_error_radius_moment_6_um6_m3,10,10,-1.0361800333757998e-05,0.0,0.0,-1.0361800333757998e-05,-1.0361800333757998e-05,-1.0361800333757998e-05,-1.0361800333757998e-05,0.0
golovin_fixed10_high_resolution_screen_v2,controlled,golovin,65536,0.1,300.0,3600.0,0.0,liquid_water_gm3,10,10,0.9982363464349844,1.1702778228589004e-16,3.700743415417188e-17,0.9982363464349843,0.9982363464349845,0.9982363464349844,0.9982363464349844,1.1723454340631155e-16
golovin_fixed10_high_resolution_screen_v2,controlled,golovin,65536,0.1,300.0,3600.0,0.0,relative_liquid_mass_drift,10,10,0.0,0.0,0.0,0.0,0.0,0.0,0.0,nan
golovin_fixed10_high_resolution_screen_v2,controlled,golovin,65536,0.1,300.0,3600.0,0.0,mass_fraction_r_ge_cloud_threshold,10,10,0.34284472570596425,0.0,0.0,0.34284472570596425,0.34284472570596425,0.34284472570596425,0.34284472570596425,0.0
golovin_fixed10_high_resolution_screen_v2,controlled,golovin,65536,0.1,300.0,3600.0,0.0,mass_fraction_r_ge_large_threshold,10,10,0.0,0.0,0.0,0.0,0.0,0.0,0.0,nan
golovin_fixed10_high_resolution_screen_v2,controlled,golovin,65536,0.1,300.0,3600.0,0.0,mass_fraction_r_ge_onset_threshold,10,10,0.0,0.0,0.0,0.0,0.0,0.0,0.0,nan
golovin_fixed10_high_resolution_screen_v2,controlled,golovin,65536,0.1,300.0,3600.0,0.0,mass_weighted_radius_q99_um,10,10,57.37762451171875,0.0,0.0,57.37762451171875,57.37762451171875,57.37762451171875,57.37762451171875,0.0
golovin_fixed10_high_resolution_screen_v2,controlled,golovin,65536,0.1,300.0,3600.0,0.0,fixed_bin_mass_below_range_fraction,10,10,0.0,0.0,0.0,0.0,0.0,0.0,0.0,nan
golovin_fixed10_high_resolution_screen_v2,controlled,golovin,65536,0.1,300.0,3600.0,0.0,fixed_bin_mass_above_range_fraction,10,10,0.0,0.0,0.0,0.0,0.0,0.0,0.0,nan
golovin_fixed10_high_resolution_screen_v2,controlled,golovin,65536,0.1,300.0,3600.0,0.0,fixed_bin_mass_below_range_fraction_bins_250,10,10,0.0,0.0,0.0,0.0,0.0,0.0,0.0,nan
golovin_fixed10_high_resolution_screen_v2,controlled,golovin,65536,0.1,300.0,3600.0,0.0,fixed_bin_mass_below_range_fraction_bins_500,10,10,0.0,0.0,0.0,0.0,0.0,0.0,0.0,nan
golovin_fixed10_high_resolution_screen_v2,controlled,golovin,65536,0.1,300.0,3600.0,0.0,fixed_bin_mass_below_range_fraction_bins_1000,10,10,0.0,0.0,0.0,0.0,0.0,0.0,0.0,nan
golovin_fixed10_high_resolution_screen_v2,controlled,golovin,65536,0.1,300.0,3600.0,0.0,fixed_bin_mass_above_range_fraction_bins_250,10,10,0.0,0.0,0.0,0.0,0.0,0.0,0.0,nan
golovin_fixed10_high_resolution_screen_v2,controlled,golovin,65536,0.1,300.0,3600.0,0.0,fixed_bin_mass_above_range_fraction_bins_500,10,10,0.0,0.0,0.0,0.0,0.0,0.0,0.0,nan
golovin_fixed10_high_resolution_screen_v2,controlled,golovin,65536,0.1,300.0,3600.0,0.0,fixed_bin_mass_above_range_fraction_bins_1000,10,10,0.0,0.0,0.0,0.0,0.0,0.0,0.0,nan
golovin_fixed10_high_resolution_screen_v2,controlled,golovin,65536,0.1,300.0,3600.0,1200.0000476837158,golovin_fixed_bin_l1_relative,10,10,0.06618296252979738,0.0035446460401349195,0.0011209154985922965,0.0636472755057653,0.06871864955382948,0.06403726921377562,0.0681578020595328,0.05355828607005954
golovin_fixed10_high_resolution_screen_v2,controlled,golovin,65536,0.1,300.0,3600.0,1200.0000476837158,golovin_fixed_bin_l1_relative_bins_250,10,10,0.04834749039590383,0.0054896235483718634,0.0017359713909750611,0.04442045027939683,0.05227453051241083,0.045055471391276955,0.051411924599757575,0.11354516032619066
golovin_fixed10_high_resolution_screen_v2,controlled,golovin,65536,0.1,300.0,3600.0,1200.0000476837158,golovin_fixed_bin_l1_relative_bins_500,10,10,0.06618296252979738,0.0035446460401349195,0.0011209154985922965,0.0636472755057653,0.06871864955382948,0.06408579691534806,0.0681532966808832,0.05355828607005954
golovin_fixed10_high_resolution_screen_v2,controlled,golovin,65536,0.1,300.0,3600.0,1200.0000476837158,golovin_fixed_bin_l1_relative_bins_1000,10,10,0.09265671624410388,0.0035781105814321748,0.0011314979157275057,0.09009709012934966,0.09521634235885809,0.09064709268883263,0.09480619220604439,0.03861685074188958
golovin_fixed10_high_resolution_screen_v2,controlled,golovin,65536,0.1,300.0,3600.0,1200.0000476837158,radius_moment_0_m3,10,10,1389649.855248104,7270.425751824284,2299.1104934906825,1384448.9059771895,1394850.8045190186,1385493.013763126,1393996.9428019475,0.005231840038242039
golovin_fixed10_high_resolution_screen_v2,controlled,golovin,65536,0.1,300.0,3600.0,1200.0000476837158,radius_moment_3_um3_m3,10,10,238740390098.79922,146.2844040595139,46.25919029884453,238740389994.15366,238740390203.4448,238740390010.12143,238740390180.60724,6.127342088993665e-10
golovin_fixed10_high_resolution_screen_v2,controlled,golovin,65536,0.1,300.0,3600.0,1200.0000476837158,radius_moment_6_um6_m3,10,10,4.915034510587771e+17,1.2505266770752488e+16,3954512574359656.0,4.825577221133138e+17,5.004491800042404e+17,4.84282056970666e+17,4.988808171282681e+17,0.025442887010893093
golovin_fixed10_high_resolution_screen_v2,controlled,golovin,65536,0.1,300.0,3600.0,1200.0000476837158,golovin_relative_error_radius_moment_0_m3,10,10,0.002186295994653287,0.005243278389162324,0.0016580702116091664,-0.0015645194109607241,0.005937111400267298,-0.000715626151851842,0.005337262918965078,2.398247264773418
golovin_fixed10_high_resolution_screen_v2,controlled,golovin,65536,0.1,300.0,3600.0,1200.0000476837158,golovin_relative_error_radius_moment_3_um3_m3,10,10,2.9729531538680298e-05,6.127524222638383e-10,1.9376932961389973e-10,2.9729093202003382e-05,2.9729969875357214e-05,2.9729152930529358e-05,2.9729873424260698e-05,2.0610900695377678e-05
golovin_fixed10_high_resolution_screen_v2,controlled,golovin,65536,0.1,300.0,3600.0,1200.0000476837158,golovin_relative_error_radius_moment_6_um6_m3,10,10,-0.011686897637018367,0.025145538594806578,0.007951717495125861,-0.029674932325165132,0.0063011370511283984,-0.026462402923907384,0.0033299389913445166,2.1516008247695972
golovin_fixed10_high_resolution_screen_v2,controlled,golovin,65536,0.1,300.0,3600.0,1200.0000476837158,liquid_water_gm3,10,10,0.9982363474993955,6.11653565612714e-10,1.9342184062994195e-10,0.9982363470618449,0.998236347936946,0.9982363471228993,0.9982363478459215,6.127342158446945e-10
golovin_fixed10_high_resolution_screen_v2,controlled,golovin,65536,0.1,300.0,3600.0,1200.0000476837158,relative_liquid_mass_drift,10,10,1.0662917993009557e-09,6.127342424667805e-10,1.9376358065728949e-10,6.279681274276406e-10,1.5046154711742708e-09,6.879798666870052e-10,1.4076408588747922e-09,0.5746403028406291
golovin_fixed10_high_resolution_screen_v2,controlled,golovin,65536,0.1,300.0,3600.0,1200.0000476837158,mass_fraction_r_ge_cloud_threshold,10,10,0.9242689899699441,0.0008762766612970169,0.000277103011014649,0.9236421394087444,0.9248958405311438,0.9237939902518378,0.9247932219335456,0.000948075366377392
golovin_fixed10_high_resolution_screen_v2,controlled,golovin,65536,0.1,300.0,3600.0,1200.0000476837158,mass_fraction_r_ge_large_threshold,10,10,0.0,0.0,0.0,0.0,0.0,0.0,0.0,nan
golovin_fixed10_high_resolution_screen_v2,controlled,golovin,65536,0.1,300.0,3600.0,1200.0000476837158,mass_fraction_r_ge_onset_threshold,10,10,0.0,0.0,0.0,0.0,0.0,0.0,0.0,nan
golovin_fixed10_high_resolution_screen_v2,controlled,golovin,65536,0.1,300.0,3600.0,1200.0000476837158,mass_weighted_radius_q99_um,10,10,232.89992980957032,1.4305081050090525,0.45236638231599285,231.87660595760508,233.92325366153557,232.1070139694214,233.78654079437257,0.0061421577334896645
golovin_fixed10_high_resolution_screen_v2,controlled,golovin,65536,0.1,300.0,3600.0,1200.0000476837158,fixed_bin_mass_below_range_fraction,10,10,0.0,0.0,0.0,0.0,0.0,0.0,0.0,nan
golovin_fixed10_high_resolution_screen_v2,controlled,golovin,65536,0.1,300.0,3600.0,1200.0000476837158,fixed_bin_mass_above_range_fraction,10,10,0.0,0.0,0.0,0.0,0.0,0.0,0.0,nan
golovin_fixed10_high_resolution_screen_v2,controlled,golovin,65536,0.1,300.0,3600.0,1200.0000476837158,fixed_bin_mass_below_range_fraction_bins_250,10,10,0.0,0.0,0.0,0.0,0.0,0.0,0.0,nan
golovin_fixed10_high_resolution_screen_v2,controlled,golovin,65536,0.1,300.0,3600.0,1200.0000476837158,fixed_bin_mass_below_range_fraction_bins_500,10,10,0.0,0.0,0.0,0.0,0.0,0.0,0.0,nan
golovin_fixed10_high_resolution_screen_v2,controlled,golovin,65536,0.1,300.0,3600.0,1200.0000476837158,fixed_bin_mass_below_range_fraction_bins_1000,10,10,0.0,0.0,0.0,0.0,0.0,0.0,0.0,nan
golovin_fixed10_high_resolution_screen_v2,controlled,golovin,65536,0.1,300.0,3600.0,1200.0000476837158,fixed_bin_mass_above_range_fraction_bins_250,10,10,0.0,0.0,0.0,0.0,0.0,0.0,0.0,nan
golovin_fixed10_high_resolution_screen_v2,controlled,golovin,65536,0.1,300.0,3600.0,1200.0000476837158,fixed_bin_mass_above_range_fraction_bins_500,10,10,0.0,0.0,0.0,0.0,0.0,0.0,0.0,nan
golovin_fixed10_high_resolution_screen_v2,controlled,golovin,65536,0.1,300.0,3600.0,1200.0000476837158,fixed_bin_mass_above_range_fraction_bins_1000,10,10,0.0,0.0,0.0,0.0,0.0,0.0,0.0,nan
golovin_fixed10_high_resolution_screen_v2,controlled,golovin,65536,0.1,300.0,3600.0,1500.0,golovin_fixed_bin_l1_relative,10,10,0.06671707727683793,0.0032102542690944577,0.0010151715358617571,0.0644205997155194,0.06901355483815645,0.06498847075847156,0.0687990797834104,0.04811742960162551
golovin_fixed10_high_resolution_screen_v2,controlled,golovin,65536,0.1,300.0,3600.0,1500.0,golovin_fixed_bin_l1_relative_bins_250,10,10,0.048541476716192425,0.004594913846547936,0.0014530393407336892,0.04525447336372413,0.05182848006866072,0.04597137401187783,0.05136186594015573,0.09465953978724279
golovin_fixed10_high_resolution_screen_v2,controlled,golovin,65536,0.1,300.0,3600.0,1500.0,golovin_fixed_bin_l1_relative_bins_500,10,10,0.06671707727683793,0.0032102542690944577,0.0010151715358617571,0.0644205997155194,0.06901355483815645,0.06498187710850366,0.06867032608873039,0.04811742960162551
golovin_fixed10_high_resolution_screen_v2,controlled,golovin,65536,0.1,300.0,3600.0,1500.0,golovin_fixed_bin_l1_relative_bins_1000,10,10,0.09235908239113771,0.0037693982976860067,0.0011919884029049177,0.08966261728753397,0.09505554749474146,0.090118601512592,0.094535399109576,0.040812426889677476
golovin_fixed10_high_resolution_screen_v2,controlled,golovin,65536,0.1,300.0,3600.0,1500.0,radius_moment_0_m3,10,10,886645.9215471983,4706.884976424577,1488.4477209929607,883278.8188737035,890013.0242206932,883957.181731647,889501.4134834149,0.005308641095659761
golovin_fixed10_high_resolution_screen_v2,controlled,golovin,65536,0.1,300.0,3600.0,1500.0,radius_moment_3_um3_m3,10,10,238740390129.85254,155.3621310531666,49.129819626558074,238740390018.71317,238740390240.9919,238740390047.17734,238740390228.48886,6.507576324586889e-10
golovin_fixed10_high_resolution_screen_v2,controlled,golovin,65536,0.1,300.0,3600.0,1500.0,radius_moment_6_um6_m3,10,10,1.2047604771029975e+18,3.711362811088907e+16,1.1736359706286168e+16,1.178210986928246e+18,1.231309967277749e+18,1.1829578247030339e+18,1.2255575603599918e+18,0.03080581477916141
golovin_fixed10_high_resolution_screen_v2,controlled,golovin,65536,0.1,300.0,3600.0,1500.0,golovin_relative_error_radius_moment_0_m3,10,10,0.0028281090190476754,0.005323654511421269,0.0016834873731922085,-0.0009802040006994138,0.006636422038794765,-0.00015527322243546218,0.006107645830639576,1.8824078122751902
golovin_fixed10_high_resolution_screen_v2,controlled,golovin,65536,0.1,300.0,3600.0,1500.0,golovin_relative_error_radius_moment_3_um3_m3,10,10,2.9729661614208426e-05,6.507769946407501e-10,2.0579375519039611e-10,2.9729196076391065e-05,2.9730127152025787e-05,2.9729323062375187e-05,2.9730077604433467e-05,2.1889821790966172e-05
golovin_fixed10_high_resolution_screen_v2,controlled,golovin,65536,0.1,300.0,3600.0,1500.0,golovin_relative_error_radius_moment_6_um6_m3,10,10,-0.015076989043792644,0.030341355847250884,0.00959477917749807,-0.03678188748563697,0.006627909398051681,-0.03285658259564444,0.0020777810398095492,2.012428062335347
golovin_fixed10_high_resolution_screen_v2,controlled,golovin,65536,0.1,300.0,3600.0,1500.0,liquid_water_gm3,10,10,0.9982363476292377,6.496098510169941e-10,2.0542467196963496e-10,0.9982363471645348,0.9982363480939407,0.9982363472895335,0.9982363480421323,6.507575611324769e-10
golovin_fixed10_high_resolution_screen_v2,controlled,golovin,65536,0.1,300.0,3600.0,1500.0,relative_liquid_mass_drift,10,10,1.1963634749534434e-09,6.507576045926188e-10,2.057876235187926e-10,7.308395283951864e-10,1.6618874215117005e-09,8.509236254505837e-10,1.601505283388427e-09,0.5439463994150633
golovin_fixed10_high_resolution_screen_v2,controlled,golovin,65536,0.1,300.0,3600.0,1500.0,mass_fraction_r_ge_cloud_threshold,10,10,0.9532013241251043,0.0006113944378263025,0.00019333989722893213,0.9527639588917332,0.9536386893584754,0.9528659806531349,0.9535813023525042,0.0006414116539205091
golovin_fixed10_high_resolution_screen_v2,controlled,golovin,65536,0.1,300.0,3600.0,1500.0,mass_fraction_r_ge_large_threshold,10,10,0.0,0.0,0.0,0.0,0.0,0.0,0.0,nan
golovin_fixed10_high_resolution_screen_v2,controlled,golovin,65536,0.1,300.0,3600.0,1500.0,mass_fraction_r_ge_onset_threshold,10,10,0.0,0.0,0.0,0.0,0.0,0.0,0.0,nan
golovin_fixed10_high_resolution_screen_v2,controlled,golovin,65536,0.1,300.0,3600.0,1500.0,mass_weighted_radius_q99_um,10,10,315.18751831054686,3.408483312476146,1.0778570634100033,312.7492362340813,317.6258003870124,313.23478675842284,317.21406211853025,0.010814144325086653
golovin_fixed10_high_resolution_screen_v2,controlled,golovin,65536,0.1,300.0,3600.0,1500.0,fixed_bin_mass_below_range_fraction,10,10,0.0,0.0,0.0,0.0,0.0,0.0,0.0,nan
golovin_fixed10_high_resolution_screen_v2,controlled,golovin,65536,0.1,300.0,3600.0,1500.0,fixed_bin_mass_above_range_fraction,10,10,0.0,0.0,0.0,0.0,0.0,0.0,0.0,nan
golovin_fixed10_high_resolution_screen_v2,controlled,golovin,65536,0.1,300.0,3600.0,1500.0,fixed_bin_mass_below_range_fraction_bins_250,10,10,0.0,0.0,0.0,0.0,0.0,0.0,0.0,nan
golovin_fixed10_high_resolution_screen_v2,controlled,golovin,65536,0.1,300.0,3600.0,1500.0,fixed_bin_mass_below_range_fraction_bins_500,10,10,0.0,0.0,0.0,0.0,0.0,0.0,0.0,nan
golovin_fixed10_high_resolution_screen_v2,controlled,golovin,65536,0.1,300.0,3600.0,1500.0,fixed_bin_mass_below_range_fraction_bins_1000,10,10,0.0,0.0,0.0,0.0,0.0,0.0,0.0,nan
golovin_fixed10_high_resolution_screen_v2,controlled,golovin,65536,0.1,300.0,3600.0,1500.0,fixed_bin_mass_above_range_fraction_bins_250,10,10,0.0,0.0,0.0,0.0,0.0,0.0,0.0,nan
golovin_fixed10_high_resolution_screen_v2,controlled,golovin,65536,0.1,300.0,3600.0,1500.0,fixed_bin_mass_above_range_fraction_bins_500,10,10,0.0,0.0,0.0,0.0,0.0,0.0,0.0,nan
golovin_fixed10_high_resolution_screen_v2,controlled,golovin,65536,0.1,300.0,3600.0,1500.0,fixed_bin_mass_above_range_fraction_bins_1000,10,10,0.0,0.0,0.0,0.0,0.0,0.0,0.0,nan
golovin_fixed10_high_resolution_screen_v2,controlled,golovin,65536,0.1,300.0,3600.0,1799.9999523162842,golovin_fixed_bin_l1_relative,10,10,0.06659833439145484,0.005039018819417888,0.0015934776641813226,0.0629936374796681,0.07020303130324157,0.06382162719581494,0.0697165155235664,0.07566283549674538
golovin_fixed10_high_resolution_screen_v2,controlled,golovin,65536,0.1,300.0,3600.0,1799.9999523162842,golovin_fixed_bin_l1_relative_bins_250,10,10,0.047664264891292336,0.0032418331682767237,0.0010251576606034362,0.04534519714636082,0.04998333263622385,0.045778163998496886,0.049530398755441,0.06801391305772485
golovin_fixed10_high_resolution_screen_v2,controlled,golovin,65536,0.1,300.0,3600.0,1799.9999523162842,golovin_fixed_bin_l1_relative_bins_500,10,10,0.06659833439145484,0.005039018819417888,0.0015934776641813226,0.0629936374796681,0.07020303130324157,0.06374084356264632,0.06972542068152404,0.07566283549674538
golovin_fixed10_high_resolution_screen_v2,controlled,golovin,65536,0.1,300.0,3600.0,1799.9999523162842,golovin_fixed_bin_l1_relative_bins_1000,10,10,0.09184454000968424,0.0047593660935124965,0.0015050437074077417,0.08843989460664746,0.09524918541272102,0.08902747986007932,0.0946108461224909,0.051819804345589415
golovin_fixed10_high_resolution_screen_v2,controlled,golovin,65536,0.1,300.0,3600.0,1799.9999523162842,radius_moment_0_m3,10,10,565198.5166915294,3217.1236346652004,1017.3438199901461,562897.1250821102,567499.9083009487,563364.5252009511,567164.7950108892,0.005692024199739757
golovin_fixed10_high_resolution_screen_v2,controlled,golovin,65536,0.1,300.0,3600.0,1799.9999523162842,radius_moment_3_um3_m3,10,10,238740390144.32562,70.98017502156397,22.445902178553332,238740390093.54947,238740390195.10178,238740390103.27344,238740390187.26614,2.973111293763672e-10
golovin_fixed10_high_resolution_screen_v2,controlled,golovin,65536,0.1,300.0,3600.0,1799.9999523162842,radius_moment_6_um6_m3,10,10,2.98126117037965e+18,1.0326242109761434e+17,3.2654444737188572e+16,2.9073916843202207e+18,3.0551306564390794e+18,2.9204914926614195e+18,3.0399394418265697e+18,0.034637160314426374
golovin_fixed10_high_resolution_screen_v2,controlled,golovin,65536,0.1,300.0,3600.0,1799.9999523162842,golovin_relative_error_radius_moment_0_m3,10,10,0.002560283238336758,0.005706597393890538,0.001804584545427514,-0.001521970616977036,0.006642537093650551,-0.0006657219748955548,0.005908195020070915,2.2288930023217772
golovin_fixed10_high_resolution_screen_v2,controlled,golovin,65536,0.1,300.0,3600.0,1799.9999523162842,golovin_relative_error_radius_moment_3_um3_m3,10,10,2.972972223875825e-05,2.973199487240557e-10,9.402082317724894e-11,2.972950954887965e-05,2.972993492863685e-05,2.972955351659534e-05,2.9729900865561042e-05,1.0000764431510348e-05
golovin_fixed10_high_resolution_screen_v2,controlled,golovin,65536,0.1,300.0,3600.0,1799.9999523162842,golovin_relative_error_radius_moment_6_um6_m3,10,10,-0.009087774135935778,0.03432238562477869,0.010853691330492196,-0.03364052972200948,0.015464981450137924,-0.029662044981205782,0.010798498650882879,3.776764817366852
golovin_fixed10_high_resolution_screen_v2,controlled,golovin,65536,0.1,300.0,3600.0,1799.9999523162842,liquid_water_gm3,10,10,0.9982363476897536,2.9678669383360547e-10,9.38521931745243e-11,0.9982363474774452,0.998236347902062,0.99823634751742,0.9982363478658072,2.973110471487712e-10
golovin_fixed10_high_resolution_screen_v2,controlled,golovin,65536,0.1,300.0,3600.0,1799.9999523162842,relative_liquid_mass_drift,10,10,1.2569861596034571e-09,2.973110941167258e-10,9.401802310455403e-11,1.044302615205363e-09,1.4696697040015512e-09,1.0871828814984499e-09,1.432534401102359e-09,0.2365269433121832
golovin_fixed10_high_resolution_screen_v2,controlled,golovin,65536,0.1,300.0,3600.0,1799.9999523162842,mass_fraction_r_ge_cloud_threshold,10,10,0.9708101700743125,0.00044685196630705906,0.0001413069990455126,0.9704905114342681,0.9711298287143568,0.9705603566368705,0.9710929023113897,0.00046028768556560746
golovin_fixed10_high_resolution_screen_v2,controlled,golovin,65536,0.1,300.0,3600.0,1799.9999523162842,mass_fraction_r_ge_large_threshold,10,10,0.0,0.0,0.0,0.0,0.0,0.0,0.0,nan
golovin_fixed10_high_resolution_screen_v2,controlled,golovin,65536,0.1,300.0,3600.0,1799.9999523162842,mass_fraction_r_ge_onset_threshold,10,10,0.0,0.0,0.0,0.0,0.0,0.0,0.0,nan
golovin_fixed10_high_resolution_screen_v2,controlled,golovin,65536,0.1,300.0,3600.0,1799.9999523162842,mass_weighted_radius_q99_um,10,10,432.4215606689453,7.114921657529181,2.2499357811452705,427.33185232579154,437.51126901209904,428.25245002746584,436.59702629089355,0.01645366999398128
golovin_fixed10_high_resolution_screen_v2,controlled,golovin,65536,0.1,300.0,3600.0,1799.9999523162842,fixed_bin_mass_below_range_fraction,10,10,0.0,0.0,0.0,0.0,0.0,0.0,0.0,nan
golovin_fixed10_high_resolution_screen_v2,controlled,golovin,65536,0.1,300.0,3600.0,1799.9999523162842,fixed_bin_mass_above_range_fraction,10,10,0.0,0.0,0.0,0.0,0.0,0.0,0.0,nan
golovin_fixed10_high_resolution_screen_v2,controlled,golovin,65536,0.1,300.0,3600.0,1799.9999523162842,fixed_bin_mass_below_range_fraction_bins_250,10,10,0.0,0.0,0.0,0.0,0.0,0.0,0.0,nan
golovin_fixed10_high_resolution_screen_v2,controlled,golovin,65536,0.1,300.0,3600.0,1799.9999523162842,fixed_bin_mass_below_range_fraction_bins_500,10,10,0.0,0.0,0.0,0.0,0.0,0.0,0.0,nan
golovin_fixed10_high_resolution_screen_v2,controlled,golovin,65536,0.1,300.0,3600.0,1799.9999523162842,fixed_bin_mass_below_range_fraction_bins_1000,10,10,0.0,0.0,0.0,0.0,0.0,0.0,0.0,nan
golovin_fixed10_high_resolution_screen_v2,controlled,golovin,65536,0.1,300.0,3600.0,1799.9999523162842,fixed_bin_mass_above_range_fraction_bins_250,10,10,0.0,0.0,0.0,0.0,0.0,0.0,0.0,nan
golovin_fixed10_high_resolution_screen_v2,controlled,golovin,65536,0.1,300.0,3600.0,1799.9999523162842,fixed_bin_mass_above_range_fraction_bins_500,10,10,0.0,0.0,0.0,0.0,0.0,0.0,0.0,nan
golovin_fixed10_high_resolution_screen_v2,controlled,golovin,65536,0.1,300.0,3600.0,1799.9999523162842,fixed_bin_mass_above_range_fraction_bins_1000,10,10,0.0,0.0,0.0,0.0,0.0,0.0,0.0,nan
golovin_fixed10_high_resolution_screen_v2,controlled,golovin,65536,0.1,300.0,3600.0,2099.9999046325684,golovin_fixed_bin_l1_relative,10,10,0.06930905813520574,0.006837050212574043,0.0021620651148672363,0.0644181270491727,0.07419998922123879,0.06543305765036837,0.0734856722023466,0.09864583932502097
golovin_fixed10_high_resolution_screen_v2,controlled,golovin,65536,0.1,300.0,3600.0,2099.9999046325684,golovin_fixed_bin_l1_relative_bins_250,10,10,0.05032569280938961,0.006124543844255248,0.0019367508177410135,0.0459444580744815,0.05470692754429772,0.04683019661246253,0.05405995163255855,0.12169815262061429
golovin_fixed10_high_resolution_screen_v2,controlled,golovin,65536,0.1,300.0,3600.0,2099.9999046325684,golovin_fixed_bin_l1_relative_bins_500,10,10,0.06930905813520574,0.006837050212574043,0.0021620651148672363,0.0644181270491727,0.07419998922123879,0.06543390539040973,0.0735020799705508,0.09864583932502097
golovin_fixed10_high_resolution_screen_v2,controlled,golovin,65536,0.1,300.0,3600.0,2099.9999046325684,golovin_fixed_bin_l1_relative_bins_1000,10,10,0.09640556228525665,0.007015581275578873,0.002218521594085865,0.09138691777037282,0.10142420680014048,0.09273473928276112,0.10093118595116853,0.07277154045137257
golovin_fixed10_high_resolution_screen_v2,controlled,golovin,65536,0.1,300.0,3600.0,2099.9999046325684,radius_moment_0_m3,10,10,360207.8597432016,2193.394161402037,693.6121356545417,358638.8000823269,361776.91940407624,358945.7455248323,361471.8823977298,0.006089245700984275
golovin_fixed10_high_resolution_screen_v2,controlled,golovin,65536,0.1,300.0,3600.0,2099.9999046325684,radius_moment_3_um3_m3,10,10,238740390072.58505,153.35080005610757,48.49378091863768,238740389962.8845,238740390182.2856,238740389977.2976,238740390154.07993,6.423328704853159e-10
golovin_fixed10_high_resolution_screen_v2,controlled,golovin,65536,0.1,300.0,3600.0,2099.9999046325684,radius_moment_6_um6_m3,10,10,7.31949289852204e+18,2.972160485641663e+17,9.39879670617983e+16,7.106877345616351e+18,7.532108451427729e+18,7.140508353761381e+18,7.487647323779338e+18,0.040606098357466876
golovin_fixed10_high_resolution_screen_v2,controlled,golovin,65536,0.1,300.0,3600.0,2099.9999046325684,golovin_relative_error_radius_moment_0_m3,10,10,0.0020649504921590235,0.006101819691891391,0.0019295648098043648,-0.0023000283634232763,0.006429929347741323,-0.0015332622411586198,0.0056064242200920995,2.9549472082072006
golovin_fixed10_high_resolution_screen_v2,controlled,golovin,65536,0.1,300.0,3600.0,2099.9999046325684,golovin_relative_error_radius_moment_3_um3_m3,10,10,2.9729421733648566e-05,6.423519939158867e-10,2.0312953603248231e-10,2.9728962222713655e-05,2.9729881244583477e-05,2.97290189497329e-05,2.9729764588792842e-05,2.1606609091520113e-05
golovin_fixed10_high_resolution_screen_v2,controlled,golovin,65536,0.1,300.0,3600.0,2099.9999046325684,golovin_relative_error_radius_moment_6_um6_m3,10,10,-0.010878259122436663,0.040164374697583174,0.012701090484079938,-0.039610121936346214,0.01785360369147289,-0.035251829074620274,0.011970457036265994,3.692169330177401
golovin_fixed10_high_resolution_screen_v2,controlled,golovin,65536,0.1,300.0,3600.0,2099.9999046325684,liquid_water_gm3,10,10,0.9982363473897875,6.412000003389611e-10,2.0276524367718536e-10,0.9982363469311006,0.9982363478484744,0.9982363469811633,0.9982363477375443,6.423328523506345e-10
golovin_fixed10_high_resolution_screen_v2,controlled,golovin,65536,0.1,300.0,3600.0,2099.9999046325684,relative_liquid_mass_drift,10,10,9.564900427250223e-10,6.423328605153828e-10,2.0312348551998464e-10,4.969927950234516e-10,1.415987290426593e-09,5.390725582588019e-10,1.2984705344276648e-09,0.6715520620427876
golovin_fixed10_high_resolution_screen_v2,controlled,golovin,65536,0.1,300.0,3600.0,2099.9999046325684,mass_fraction_r_ge_cloud_threshold,10,10,0.9816447874080672,0.0003004615686661653,9.501429063321619e-05,0.981429850149943,0.9818597246661913,0.9814829758379413,0.9818378096378477,0.00030607972712767454
golovin_fixed10_high_resolution_screen_v2,controlled,golovin,65536,0.1,300.0,3600.0,2099.9999046325684,mass_fraction_r_ge_large_threshold,10,10,0.0,0.0,0.0,0.0,0.0,0.0,0.0,nan
golovin_fixed10_high_resolution_screen_v2,controlled,golovin,65536,0.1,300.0,3600.0,2099.9999046325684,mass_fraction_r_ge_onset_threshold,10,10,0.0,0.0,0.0,0.0,0.0,0.0,0.0,nan
golovin_fixed10_high_resolution_screen_v2,controlled,golovin,65536,0.1,300.0,3600.0,2099.9999046325684,mass_weighted_radius_q99_um,10,10,584.0662536621094,13.74649190644512,4.347022426143684,574.232605743964,593.8999015802548,576.0098007202149,592.1027658081055,0.02353584344285308
golovin_fixed10_high_resolution_screen_v2,controlled,golovin,65536,0.1,300.0,3600.0,2099.9999046325684,fixed_bin_mass_below_range_fraction,10,10,0.0,0.0,0.0,0.0,0.0,0.0,0.0,nan
golovin_fixed10_high_resolution_screen_v2,controlled,golovin,65536,0.1,300.0,3600.0,2099.9999046325684,fixed_bin_mass_above_range_fraction,10,10,0.0,0.0,0.0,0.0,0.0,0.0,0.0,nan
golovin_fixed10_high_resolution_screen_v2,controlled,golovin,65536,0.1,300.0,3600.0,2099.9999046325684,fixed_bin_mass_below_range_fraction_bins_250,10,10,0.0,0.0,0.0,0.0,0.0,0.0,0.0,nan
golovin_fixed10_high_resolution_screen_v2,controlled,golovin,65536,0.1,300.0,3600.0,2099.9999046325684,fixed_bin_mass_below_range_fraction_bins_500,10,10,0.0,0.0,0.0,0.0,0.0,0.0,0.0,nan
golovin_fixed10_high_resolution_screen_v2,controlled,golovin,65536,0.1,300.0,3600.0,2099.9999046325684,fixed_bin_mass_below_range_fraction_bins_1000,10,10,0.0,0.0,0.0,0.0,0.0,0.0,0.0,nan
golovin_fixed10_high_resolution_screen_v2,controlled,golovin,65536,0.1,300.0,3600.0,2099.9999046325684,fixed_bin_mass_above_range_fraction_bins_250,10,10,0.0,0.0,0.0,0.0,0.0,0.0,0.0,nan
golovin_fixed10_high_resolution_screen_v2,controlled,golovin,65536,0.1,300.0,3600.0,2099.9999046325684,fixed_bin_mass_above_range_fraction_bins_500,10,10,0.0,0.0,0.0,0.0,0.0,0.0,0.0,nan
golovin_fixed10_high_resolution_screen_v2,controlled,golovin,65536,0.1,300.0,3600.0,2099.9999046325684,fixed_bin_mass_above_range_fraction_bins_1000,10,10,0.0,0.0,0.0,0.0,0.0,0.0,0.0,nan
golovin_fixed10_high_resolution_screen_v2,controlled,golovin,65536,0.1,300.0,3600.0,2400.0000953674316,golovin_fixed_bin_l1_relative,10,10,0.072363195008553,0.0040752741551027104,0.0012887148419742868,0.0694479194979765,0.07527847051912949,0.0700891547739615,0.07486861791700725,0.0563169461301568
golovin_fixed10_high_resolution_screen_v2,controlled,golovin,65536,0.1,300.0,3600.0,2400.0000953674316,golovin_fixed_bin_l1_relative_bins_250,10,10,0.05135323520372324,0.004913131412747275,0.0015536685708002216,0.047838592717673066,0.05486787768977341,0.04853446063128023,0.054343010557407194,0.09567325979086631
golovin_fixed10_high_resolution_screen_v2,controlled,golovin,65536,0.1,300.0,3600.0,2400.0000953674316,golovin_fixed_bin_l1_relative_bins_500,10,10,0.072363195008553,0.0040752741551027104,0.0012887148419742868,0.0694479194979765,0.07527847051912949,0.07008742447036663,0.07480637825932887,0.0563169461301568
golovin_fixed10_high_resolution_screen_v2,controlled,golovin,65536,0.1,300.0,3600.0,2400.0000953674316,golovin_fixed_bin_l1_relative_bins_1000,10,10,0.10113898889742623,0.0048462585573743775,0.001532521517138483,0.09767218437028904,0.10460579342456341,0.09833576338195403,0.10395755217286823,0.047916818332931786
golovin_fixed10_high_resolution_screen_v2,controlled,golovin,65536,0.1,300.0,3600.0,2400.0000953674316,radius_moment_0_m3,10,10,229646.17944360222,1449.979239936626,458.5236958159519,228608.92678079946,230683.43210640497,228803.8266343397,230469.53789950974,0.006313970663259913
golovin_fixed10_high_resolution_screen_v2,controlled,golovin,65536,0.1,300.0,3600.0,2400.0000953674316,radius_moment_3_um3_m3,10,10,238740390088.1872,81.93451093207774,25.90996735173313,238740390029.57477,238740390146.79962,238740390039.97864,238740390136.27017,3.4319501154292466e-10
golovin_fixed10_high_resolution_screen_v2,controlled,golovin,65536,0.1,300.0,3600.0,2400.0000953674316,radius_moment_6_um6_m3,10,10,1.8030836509036894e+19,8.297145822065833e+17,2.6237878876278186e+17,1.743729445267085e+19,1.862437856540294e+19,1.7535439038186318e+19,1.8503885615624294e+19,0.04601642202183674
golovin_fixed10_high_resolution_screen_v2,controlled,golovin,65536,0.1,300.0,3600.0,2400.0000953674316,golovin_relative_error_radius_moment_0_m3,10,10,0.001925134464574796,0.006326125905792078,0.002000496662729874,-0.0026003033901734938,0.006450572319323085,-0.0018206828256000674,0.00565866354399902,3.2860696342005014
golovin_fixed10_high_resolution_screen_v2,controlled,golovin,65536,0.1,300.0,3600.0,2400.0000953674316,golovin_relative_error_radius_moment_3_um3_m3,10,10,2.9729487087548633e-05,3.4320521937882283e-10,1.0853101980948391e-10,2.9729241573324786e-05,2.972973260177248e-05,2.9729282126811363e-05,2.9729683868703893e-05,1.1544269780643636e-05
golovin_fixed10_high_resolution_screen_v2,controlled,golovin,65536,0.1,300.0,3600.0,2400.0000953674316,golovin_relative_error_radius_moment_6_um6_m3,10,10,-0.009355324292067525,0.04558592347106181,0.014415534741068414,-0.0419655294621418,0.023254880878006753,-0.037167514310603326,0.016796946954260327,4.872725097270501
golovin_fixed10_high_resolution_screen_v2,controlled,golovin,65536,0.1,300.0,3600.0,2400.0000953674316,liquid_water_gm3,10,10,0.998236347455024,3.425897172230256e-10,1.083363809377776e-10,0.99823634720995,0.998236347700098,0.9982363472544208,0.9982363476595568,3.431949939475242e-10
golovin_fixed10_high_resolution_screen_v2,controlled,golovin,65536,0.1,300.0,3600.0,2400.0000953674316,relative_liquid_mass_drift,10,10,1.0218418999841105e-09,3.431950280033162e-10,1.0852779701357481e-10,7.763349666071427e-10,1.2673488333610784e-09,8.209244922730009e-10,1.2208032545979465e-09,0.3358592244149049
golovin_fixed10_high_resolution_screen_v2,controlled,golovin,65536,0.1,300.0,3600.0,2400.0000953674316,mass_fraction_r_ge_cloud_threshold,10,10,0.9883857158793262,0.0001960710393636595,6.200310675856954e-05,0.9882454551072566,0.9885259766513959,0.9882748944188456,0.9885031185361851,0.00019837502324608478
golovin_fixed10_high_resolution_screen_v2,controlled,golovin,65536,0.1,300.0,3600.0,2400.0000953674316,mass_fraction_r_ge_large_threshold,10,10,0.00023497942215314977,0.00026235176447878363,8.296291239170136e-05,4.730427563966259e-05,0.00042265456866663696,8.617344582345171e-05,0.00039264328518772107,1.1164882527789761
golovin_fixed10_high_resolution_screen_v2,controlled,golovin,65536,0.1,300.0,3600.0,2400.0000953674316,mass_fraction_r_ge_onset_threshold,10,10,0.00023497942215314977,0.00026235176447878363,8.296291239170136e-05,4.730427563966259e-05,0.00042265456866663696,9.319989097289658e-05,0.00039204190002792755,1.1164882527789761
golovin_fixed10_high_resolution_screen_v2,controlled,golovin,65536,0.1,300.0,3600.0,2400.0000953674316,mass_weighted_radius_q99_um,10,10,790.6872192382813,20.470790873468676,6.473432466514874,776.0432976162642,805.3311408602983,779.2317625427246,803.1775804138184,0.025889871968829185
golovin_fixed10_high_resolution_screen_v2,controlled,golovin,65536,0.1,300.0,3600.0,2400.0000953674316,fixed_bin_mass_below_range_fraction,10,10,0.0,0.0,0.0,0.0,0.0,0.0,0.0,nan
golovin_fixed10_high_resolution_screen_v2,controlled,golovin,65536,0.1,300.0,3600.0,2400.0000953674316,fixed_bin_mass_above_range_fraction,10,10,0.0,0.0,0.0,0.0,0.0,0.0,0.0,nan
golovin_fixed10_high_resolution_screen_v2,controlled,golovin,65536,0.1,300.0,3600.0,2400.0000953674316,fixed_bin_mass_below_range_fraction_bins_250,10,10,0.0,0.0,0.0,0.0,0.0,0.0,0.0,nan
golovin_fixed10_high_resolution_screen_v2,controlled,golovin,65536,0.1,300.0,3600.0,2400.0000953674316,fixed_bin_mass_below_range_fraction_bins_500,10,10,0.0,0.0,0.0,0.0,0.0,0.0,0.0,nan
golovin_fixed10_high_resolution_screen_v2,controlled,golovin,65536,0.1,300.0,3600.0,2400.0000953674316,fixed_bin_mass_below_range_fraction_bins_1000,10,10,0.0,0.0,0.0,0.0,0.0,0.0,0.0,nan
golovin_fixed10_high_resolution_screen_v2,controlled,golovin,65536,0.1,300.0,3600.0,2400.0000953674316,fixed_bin_mass_above_range_fraction_bins_250,10,10,0.0,0.0,0.0,0.0,0.0,0.0,0.0,nan
golovin_fixed10_high_resolution_screen_v2,controlled,golovin,65536,0.1,300.0,3600.0,2400.0000953674316,fixed_bin_mass_above_range_fraction_bins_500,10,10,0.0,0.0,0.0,0.0,0.0,0.0,0.0,nan
golovin_fixed10_high_resolution_screen_v2,controlled,golovin,65536,0.1,300.0,3600.0,2400.0000953674316,fixed_bin_mass_above_range_fraction_bins_1000,10,10,0.0,0.0,0.0,0.0,0.0,0.0,0.0,nan
golovin_fixed10_high_resolution_screen_v2,controlled,golovin,65536,0.1,300.0,3600.0,2700.000047683716,golovin_fixed_bin_l1_relative,10,10,0.07847645824587209,0.004686355008511596,0.0014819555751034413,0.0751240418267031,0.08182887466504107,0.07568197876654043,0.08114461438154368,0.059716698654122824
golovin_fixed10_high_resolution_screen_v2,controlled,golovin,65536,0.1,300.0,3600.0,2700.000047683716,golovin_fixed_bin_l1_relative_bins_250,10,10,0.05791462034145898,0.006157369768958139,0.0019471312865772456,0.053509903354619776,0.06231933732829818,0.05443190065475419,0.06157722241869959,0.1063180546234247
golovin_fixed10_high_resolution_screen_v2,controlled,golovin,65536,0.1,300.0,3600.0,2700.000047683716,golovin_fixed_bin_l1_relative_bins_500,10,10,0.07847645824587209,0.004686355008511596,0.0014819555751034413,0.0751240418267031,0.08182887466504107,0.07571379088605015,0.08112568593681692,0.059716698654122824
golovin_fixed10_high_resolution_screen_v2,controlled,golovin,65536,0.1,300.0,3600.0,2700.000047683716,golovin_fixed_bin_l1_relative_bins_1000,10,10,0.10723687522026237,0.005101530175550542,0.001613245490681835,0.10358746037816456,0.11088629006236018,0.10437355111558333,0.11043949008182306,0.047572536639771554
golovin_fixed10_high_resolution_screen_v2,controlled,golovin,65536,0.1,300.0,3600.0,2700.000047683716,radius_moment_0_m3,10,10,146385.52822502286,910.2865670153715,287.8578875224075,145734.3484428961,147036.70800714963,145846.6719796777,146917.3824497372,0.006218419115966743
golovin_fixed10_high_resolution_screen_v2,controlled,golovin,65536,0.1,300.0,3600.0,2700.000047683716,radius_moment_3_um3_m3,10,10,238740390133.8356,169.63200314701444,53.6423494001416,238740390012.4882,238740390255.183,238740390034.13565,238740390231.8548,7.105291360708607e-10
golovin_fixed10_high_resolution_screen_v2,controlled,golovin,65536,0.1,300.0,3600.0,2700.000047683716,radius_moment_6_um6_m3,10,10,4.417168640026388e+19,2.2239442272283395e+18,7.032729147224608e+17,4.258077253882249e+19,4.576260026170527e+19,4.287656118486431e+19,4.5449409176145986e+19,0.05034773196286782
golovin_fixed10_high_resolution_screen_v2,controlled,golovin,65536,0.1,300.0,3600.0,2700.000047683716,golovin_relative_error_radius_moment_0_m3,10,10,0.0016301660888686897,0.006228556171935984,0.001969642403761704,-0.0028254745829519225,0.006085806760689302,-0.001951871995237058,0.005295609503392722,3.8208107839235614
golovin_fixed10_high_resolution_screen_v2,controlled,golovin,65536,0.1,300.0,3600.0,2700.000047683716,golovin_relative_error_radius_moment_3_um3_m3,10,10,2.972967829835138e-05,7.105503010177052e-10,2.2469573433342062e-10,2.972917000128651e-05,2.9730186595416254e-05,2.972926560131373e-05,2.973009290579698e-05,2.3900369653751275e-05
golovin_fixed10_high_resolution_screen_v2,controlled,golovin,65536,0.1,300.0,3600.0,2700.000047683716,golovin_relative_error_radius_moment_6_um6_m3,10,10,-0.013312547808134123,0.049677475374081036,0.015709397058902126,-0.048849672888170624,0.022224577271902378,-0.042799396853891315,0.015080018935786725,3.7316279415520683
golovin_fixed10_high_resolution_screen_v2,controlled,golovin,65536,0.1,300.0,3600.0,2700.000047683716,liquid_water_gm3,10,10,0.998236347645892,7.092760093812673e-10,2.2429276793597594e-10,0.9982363471385065,0.9982363481532774,0.9982363472300734,0.9982363480597057,7.105291357642202e-10
golovin_fixed10_high_resolution_screen_v2,controlled,golovin,65536,0.1,300.0,3600.0,2700.000047683716,relative_liquid_mass_drift,10,10,1.213047129411393e-09,7.105291272331989e-10,2.2468903859484807e-10,7.047652113518152e-10,1.721329047470971e-09,8.025493636321101e-10,1.64160367688293e-09,0.5857390945543632
golovin_fixed10_high_resolution_screen_v2,controlled,golovin,65536,0.1,300.0,3600.0,2700.000047683716,mass_fraction_r_ge_cloud_threshold,10,10,0.992626674844016,0.00011735750144116735,3.711170050605819e-05,0.9925427223448926,0.9927106273431394,0.99256032638679,0.9926993117443934,0.00011822924410086926
golovin_fixed10_high_resolution_screen_v2,controlled,golovin,65536,0.1,300.0,3600.0,2700.000047683716,mass_fraction_r_ge_large_threshold,10,10,0.019487377463580473,0.0038716499396486003,0.0012243232112143022,0.01671776594175194,0.022256988985409006,0.01721083249966437,0.02170928069934698,0.19867475481933067
golovin_fixed10_high_resolution_screen_v2,controlled,golovin,65536,0.1,300.0,3600.0,2700.000047683716,mass_fraction_r_ge_onset_threshold,10,10,0.019487377463580473,0.0038716499396486003,0.0012243232112143022,0.01671776594175194,0.022256988985409006,0.0171859067542849,0.021688764706783988,0.19867475481933067
golovin_fixed10_high_resolution_screen_v2,controlled,golovin,65536,0.1,300.0,3600.0,2700.000047683716,mass_weighted_radius_q99_um,10,10,1066.3533569335937,25.033894566330368,7.91641255341171,1048.4451875722277,1084.2615262949596,1051.3739135742187,1081.2544458007812,0.02347617176197377
golovin_fixed10_high_resolution_screen_v2,controlled,golovin,65536,0.1,300.0,3600.0,2700.000047683716,fixed_bin_mass_below_range_fraction,10,10,0.0,0.0,0.0,0.0,0.0,0.0,0.0,nan
golovin_fixed10_high_resolution_screen_v2,controlled,golovin,65536,0.1,300.0,3600.0,2700.000047683716,fixed_bin_mass_above_range_fraction,10,10,0.0,0.0,0.0,0.0,0.0,0.0,0.0,nan
golovin_fixed10_high_resolution_screen_v2,controlled,golovin,65536,0.1,300.0,3600.0,2700.000047683716,fixed_bin_mass_below_range_fraction_bins_250,10,10,0.0,0.0,0.0,0.0,0.0,0.0,0.0,nan
golovin_fixed10_high_resolution_screen_v2,controlled,golovin,65536,0.1,300.0,3600.0,2700.000047683716,fixed_bin_mass_below_range_fraction_bins_500,10,10,0.0,0.0,0.0,0.0,0.0,0.0,0.0,nan
golovin_fixed10_high_resolution_screen_v2,controlled,golovin,65536,0.1,300.0,3600.0,2700.000047683716,fixed_bin_mass_below_range_fraction_bins_1000,10,10,0.0,0.0,0.0,0.0,0.0,0.0,0.0,nan
golovin_fixed10_high_resolution_screen_v2,controlled,golovin,65536,0.1,300.0,3600.0,2700.000047683716,fixed_bin_mass_above_range_fraction_bins_250,10,10,0.0,0.0,0.0,0.0,0.0,0.0,0.0,nan
golovin_fixed10_high_resolution_screen_v2,controlled,golovin,65536,0.1,300.0,3600.0,2700.000047683716,fixed_bin_mass_above_range_fraction_bins_500,10,10,0.0,0.0,0.0,0.0,0.0,0.0,0.0,nan
golovin_fixed10_high_resolution_screen_v2,controlled,golovin,65536,0.1,300.0,3600.0,2700.000047683716,fixed_bin_mass_above_range_fraction_bins_1000,10,10,0.0,0.0,0.0,0.0,0.0,0.0,0.0,nan
golovin_fixed10_high_resolution_screen_v2,controlled,golovin,65536,0.1,300.0,3600.0,300.00001192092896,golovin_fixed_bin_l1_relative,10,10,0.05896537667155146,0.0051432766345508,0.0016264468801506001,0.05528609821170799,0.06264465513139493,0.05595068386587965,0.061931255942114204,0.08722536723880939
golovin_fixed10_high_resolution_screen_v2,controlled,golovin,65536,0.1,300.0,3600.0,300.00001192092896,golovin_fixed_bin_l1_relative_bins_250,10,10,0.04263436392312164,0.006113714369581828,0.001933326237157902,0.0382608761277092,0.04700785171853409,0.03910270068490786,0.04619870957030375,0.14339874709063533
golovin_fixed10_high_resolution_screen_v2,controlled,golovin,65536,0.1,300.0,3600.0,300.00001192092896,golovin_fixed_bin_l1_relative_bins_500,10,10,0.05896537667155146,0.0051432766345508,0.0016264468801506001,0.05528609821170799,0.06264465513139493,0.05599545398470688,0.06193693129709543,0.08722536723880939
golovin_fixed10_high_resolution_screen_v2,controlled,golovin,65536,0.1,300.0,3600.0,300.00001192092896,golovin_fixed_bin_l1_relative_bins_1000,10,10,0.08308078887234786,0.005949302241610384,0.0018813345572234177,0.07882491442810512,0.08733666331659061,0.07959392094059488,0.08660985943620837,0.07160863928183661
golovin_fixed10_high_resolution_screen_v2,controlled,golovin,65536,0.1,300.0,3600.0,300.00001192092896,radius_moment_0_m3,10,10,5353352.934958646,17365.650379192084,5491.500824841367,5340930.297033219,5365775.5728840735,5343104.269735234,5363376.742569379,0.00324388296272983
golovin_fixed10_high_resolution_screen_v2,controlled,golovin,65536,0.1,300.0,3600.0,300.00001192092896,radius_moment_3_um3_m3,10,10,238740390057.14053,130.49054160289927,41.26473245741209,238740389963.7932,238740390150.48785,238740389973.99615,238740390124.34872,5.465792427149317e-10
golovin_fixed10_high_resolution_screen_v2,controlled,golovin,65536,0.1,300.0,3600.0,300.00001192092896,radius_moment_6_um6_m3,10,10,3.3376036342519276e+16,331434162763783.44,104808684872452.28,3.31389426253116e+16,3.361313005972695e+16,3.31786248243082e+16,3.356956023238671e+16,0.009930303267963372
golovin_fixed10_high_resolution_screen_v2,controlled,golovin,65536,0.1,300.0,3600.0,300.00001192092896,golovin_relative_error_radius_moment_0_m3,10,10,0.0008505209239377364,0.003246641953064441,0.0010266783318741118,-0.001471986818400998,0.003173028666276471,-0.0010991648919830288,0.002735253881601897,3.8172393667085323
golovin_fixed10_high_resolution_screen_v2,controlled,golovin,65536,0.1,300.0,3600.0,300.00001192092896,golovin_relative_error_radius_moment_3_um3_m3,10,10,2.9729357039931514e-05,5.465954637366466e-10,1.728486624123773e-10,2.972896602909176e-05,2.972974805077127e-05,2.9729005969137412e-05,2.9729638520437085e-05,1.838571426225186e-05
golovin_fixed10_high_resolution_screen_v2,controlled,golovin,65536,0.1,300.0,3600.0,300.00001192092896,golovin_relative_error_radius_moment_6_um6_m3,10,10,-0.001375535044659637,0.009916643787814181,0.003135918111405232,-0.008469474662323602,0.005718404573004328,-0.00709644184384704,0.00432813702441549,7.209299265994317
golovin_fixed10_high_resolution_screen_v2,controlled,golovin,65536,0.1,300.0,3600.0,300.00001192092896,liquid_water_gm3,10,10,0.9982363473252098,5.456152648887597e-10,1.7253869632045776e-10,0.9982363469349002,0.9982363477155195,0.9982363469681959,0.9982363476061928,5.465792408288323e-10
golovin_fixed10_high_resolution_screen_v2,controlled,golovin,65536,0.1,300.0,3600.0,300.00001192092896,relative_liquid_mass_drift,10,10,8.917982130540736e-10,5.465792322273455e-10,1.7284352955845192e-10,5.007989846200984e-10,1.2827974414880488e-09,5.402248054453553e-10,1.1730800375531197e-09,0.612895635163382
golovin_fixed10_high_resolution_screen_v2,controlled,golovin,65536,0.1,300.0,3600.0,300.00001192092896,mass_fraction_r_ge_cloud_threshold,10,10,0.6336267628557278,0.0025603431442382915,0.0008096515927390015,0.6317952037058423,0.6354583220056134,0.6321357300801735,0.635155201790167,0.004040774939333272
golovin_fixed10_high_resolution_screen_v2,controlled,golovin,65536,0.1,300.0,3600.0,300.00001192092896,mass_fraction_r_ge_large_threshold,10,10,0.0,0.0,0.0,0.0,0.0,0.0,0.0,nan
golovin_fixed10_high_resolution_screen_v2,controlled,golovin,65536,0.1,300.0,3600.0,300.00001192092896,mass_fraction_r_ge_onset_threshold,10,10,0.0,0.0,0.0,0.0,0.0,0.0,0.0,nan
golovin_fixed10_high_resolution_screen_v2,controlled,golovin,65536,0.1,300.0,3600.0,300.00001192092896,mass_weighted_radius_q99_um,10,10,87.80595703125,0.6714463436758142,0.2123299772607767,87.32563325231276,88.28628081018725,87.46720489501953,88.2396778869629,0.0076469338343052
golovin_fixed10_high_resolution_screen_v2,controlled,golovin,65536,0.1,300.0,3600.0,300.00001192092896,fixed_bin_mass_below_range_fraction,10,10,0.0,0.0,0.0,0.0,0.0,0.0,0.0,nan
golovin_fixed10_high_resolution_screen_v2,controlled,golovin,65536,0.1,300.0,3600.0,300.00001192092896,fixed_bin_mass_above_range_fraction,10,10,0.0,0.0,0.0,0.0,0.0,0.0,0.0,nan
golovin_fixed10_high_resolution_screen_v2,controlled,golovin,65536,0.1,300.0,3600.0,300.00001192092896,fixed_bin_mass_below_range_fraction_bins_250,10,10,0.0,0.0,0.0,0.0,0.0,0.0,0.0,nan
golovin_fixed10_high_resolution_screen_v2,controlled,golovin,65536,0.1,300.0,3600.0,300.00001192092896,fixed_bin_mass_below_range_fraction_bins_500,10,10,0.0,0.0,0.0,0.0,0.0,0.0,0.0,nan
golovin_fixed10_high_resolution_screen_v2,controlled,golovin,65536,0.1,300.0,3600.0,300.00001192092896,fixed_bin_mass_below_range_fraction_bins_1000,10,10,0.0,0.0,0.0,0.0,0.0,0.0,0.0,nan
golovin_fixed10_high_resolution_screen_v2,controlled,golovin,65536,0.1,300.0,3600.0,300.00001192092896,fixed_bin_mass_above_range_fraction_bins_250,10,10,0.0,0.0,0.0,0.0,0.0,0.0,0.0,nan
golovin_fixed10_high_resolution_screen_v2,controlled,golovin,65536,0.1,300.0,3600.0,300.00001192092896,fixed_bin_mass_above_range_fraction_bins_500,10,10,0.0,0.0,0.0,0.0,0.0,0.0,0.0,nan
golovin_fixed10_high_resolution_screen_v2,controlled,golovin,65536,0.1,300.0,3600.0,300.00001192092896,fixed_bin_mass_above_range_fraction_bins_1000,10,10,0.0,0.0,0.0,0.0,0.0,0.0,0.0,nan
golovin_fixed10_high_resolution_screen_v2,controlled,golovin,65536,0.1,300.0,3600.0,3000.0,golovin_fixed_bin_l1_relative,10,10,0.08679528381088276,0.00776134212072675,0.002454351880129807,0.08124315412521987,0.09234741349654566,0.08247508205213136,0.09141235106221479,0.08942124249098428
golovin_fixed10_high_resolution_screen_v2,controlled,golovin,65536,0.1,300.0,3600.0,3000.0,golovin_fixed_bin_l1_relative_bins_250,10,10,0.06344716772053571,0.008126325709484593,0.002569769825035508,0.05763394450408895,0.06926039093698248,0.05905448055427085,0.06866963676392376,0.1280801965074065
golovin_fixed10_high_resolution_screen_v2,controlled,golovin,65536,0.1,300.0,3600.0,3000.0,golovin_fixed_bin_l1_relative_bins_500,10,10,0.08679528381088276,0.00776134212072675,0.002454351880129807,0.08124315412521987,0.09234741349654566,0.08246910479377638,0.09161359430767628,0.08942124249098428
golovin_fixed10_high_resolution_screen_v2,controlled,golovin,65536,0.1,300.0,3600.0,3000.0,golovin_fixed_bin_l1_relative_bins_1000,10,10,0.11765973919646763,0.005608013197114759,0.0017734094851165451,0.11364800822713697,0.1216714701657983,0.11445239105352711,0.12100904357658837,0.04766297490894933
golovin_fixed10_high_resolution_screen_v2,controlled,golovin,65536,0.1,300.0,3600.0,3000.0,radius_moment_0_m3,10,10,93337.27839092363,681.1476381145903,215.39779592862246,92850.01472401276,93824.54205783451,92938.10607042817,93734.65521176948,0.007297701945644335
golovin_fixed10_high_resolution_screen_v2,controlled,golovin,65536,0.1,300.0,3600.0,3000.0,radius_moment_3_um3_m3,10,10,238740390053.58368,175.6520675766548,55.546060926004195,238740389927.92975,238740390179.2376,238740389949.0402,238740390153.78738,7.357450808270476e-10
golovin_fixed10_high_resolution_screen_v2,controlled,golovin,65536,0.1,300.0,3600.0,3000.0,radius_moment_6_um6_m3,10,10,1.090011991566309e+20,5.743797830666922e+18,1.8163483564441605e+18,1.04892333711964e+20,1.131100646012978e+20,1.055525435987555e+20,1.1235926214793001e+20,0.05269481322323148
golovin_fixed10_high_resolution_screen_v2,controlled,golovin,65536,0.1,300.0,3600.0,3000.0,golovin_relative_error_radius_moment_0_m3,10,10,0.0016075494232507203,0.007309433362198141,0.0023114457829768627,-0.0036213042111300944,0.0068364030576315345,-0.0026545448440642378,0.00587543673952896,4.546941609681465
golovin_fixed10_high_resolution_screen_v2,controlled,golovin,65536,0.1,300.0,3600.0,3000.0,golovin_relative_error_radius_moment_3_um3_m3,10,10,2.9729342141138205e-05,7.357669299434908e-10,2.3266993256509738e-10,2.9728815805183685e-05,2.9729868477092724e-05,2.9728902494083332e-05,2.9729771768094435e-05,2.4748846659656407e-05
golovin_fixed10_high_resolution_screen_v2,controlled,golovin,65536,0.1,300.0,3600.0,3000.0,golovin_relative_error_radius_moment_6_um6_m3,10,10,-0.010079104156527196,0.05216369671224578,0.016495609278493355,-0.04739476484059146,0.027236556527537075,-0.04047730132619958,0.01958347646734276,5.175429869773172
golovin_fixed10_high_resolution_screen_v2,controlled,golovin,65536,0.1,300.0,3600.0,3000.0,liquid_water_gm3,10,10,0.9982363473103376,7.344474652050321e-10,2.3225268117851658e-10,0.9982363467849455,0.9982363478357297,0.9982363468725743,0.9982363477274228,7.357450639660015e-10
golovin_fixed10_high_resolution_screen_v2,controlled,golovin,65536,0.1,300.0,3600.0,3000.0,relative_liquid_mass_drift,10,10,8.768998416286422e-10,7.357450334950709e-10,2.3266300830012985e-10,3.5057955088432525e-10,1.403220132372959e-09,4.4268098076116776e-10,1.2981733837902353e-09,0.8390297255939648
golovin_fixed10_high_resolution_screen_v2,controlled,golovin,65536,0.1,300.0,3600.0,3000.0,mass_fraction_r_ge_cloud_threshold,10,10,0.9953136513192945,7.289087410344601e-05,2.3050118280747316e-05,0.9952615083291224,0.9953657943094666,0.995272196492804,0.9953580649005244,7.323407451191763e-05
golovin_fixed10_high_resolution_screen_v2,controlled,golovin,65536,0.1,300.0,3600.0,3000.0,mass_fraction_r_ge_large_threshold,10,10,0.1388169434468416,0.00926356538819545,0.0029293965880599487,0.13219018797248516,0.14544369892119802,0.13321461510361501,0.14407008326144707,0.06673223857390888
golovin_fixed10_high_resolution_screen_v2,controlled,golovin,65536,0.1,300.0,3600.0,3000.0,mass_fraction_r_ge_onset_threshold,10,10,0.1388169434468416,0.00926356538819545,0.0029293965880599487,0.13219018797248516,0.14544369892119802,0.13331525241561312,0.14394432776302366,0.06673223857390888
golovin_fixed10_high_resolution_screen_v2,controlled,golovin,65536,0.1,300.0,3600.0,3000.0,mass_weighted_radius_q99_um,10,10,1445.6284912109375,51.1475911839039,16.174288497228442,1409.0397086337675,1482.2172737881074,1416.9572665405274,1476.827926940918,0.035380868248563555
golovin_fixed10_high_resolution_screen_v2,controlled,golovin,65536,0.1,300.0,3600.0,3000.0,fixed_bin_mass_below_range_fraction,10,10,0.0,0.0,0.0,0.0,0.0,0.0,0.0,nan
golovin_fixed10_high_resolution_screen_v2,controlled,golovin,65536,0.1,300.0,3600.0,3000.0,fixed_bin_mass_above_range_fraction,10,10,0.0,0.0,0.0,0.0,0.0,0.0,0.0,nan
golovin_fixed10_high_resolution_screen_v2,controlled,golovin,65536,0.1,300.0,3600.0,3000.0,fixed_bin_mass_below_range_fraction_bins_250,10,10,0.0,0.0,0.0,0.0,0.0,0.0,0.0,nan
golovin_fixed10_high_resolution_screen_v2,controlled,golovin,65536,0.1,300.0,3600.0,3000.0,fixed_bin_mass_below_range_fraction_bins_500,10,10,0.0,0.0,0.0,0.0,0.0,0.0,0.0,nan
golovin_fixed10_high_resolution_screen_v2,controlled,golovin,65536,0.1,300.0,3600.0,3000.0,fixed_bin_mass_below_range_fraction_bins_1000,10,10,0.0,0.0,0.0,0.0,0.0,0.0,0.0,nan
golovin_fixed10_high_resolution_screen_v2,controlled,golovin,65536,0.1,300.0,3600.0,3000.0,fixed_bin_mass_above_range_fraction_bins_250,10,10,0.0,0.0,0.0,0.0,0.0,0.0,0.0,nan
golovin_fixed10_high_resolution_screen_v2,controlled,golovin,65536,0.1,300.0,3600.0,3000.0,fixed_bin_mass_above_range_fraction_bins_500,10,10,0.0,0.0,0.0,0.0,0.0,0.0,0.0,nan
golovin_fixed10_high_resolution_screen_v2,controlled,golovin,65536,0.1,300.0,3600.0,3000.0,fixed_bin_mass_above_range_fraction_bins_1000,10,10,0.0,0.0,0.0,0.0,0.0,0.0,0.0,nan
golovin_fixed10_high_resolution_screen_v2,controlled,golovin,65536,0.1,300.0,3600.0,3299.999952316284,golovin_fixed_bin_l1_relative,10,10,0.09492080257468971,0.0075639871012228325,0.002391942743199874,0.08950985216515693,0.10033175298422249,0.09069734712105193,0.09945632995366081,0.07968734877974729
golovin_fixed10_high_resolution_screen_v2,controlled,golovin,65536,0.1,300.0,3600.0,3299.999952316284,golovin_fixed_bin_l1_relative_bins_250,10,10,0.06932772143677846,0.008148931455829062,0.002576918389701163,0.06349832704356956,0.07515711582998735,0.06459152067252716,0.07405942603439422,0.11754217918816588
golovin_fixed10_high_resolution_screen_v2,controlled,golovin,65536,0.1,300.0,3600.0,3299.999952316284,golovin_fixed_bin_l1_relative_bins_500,10,10,0.09492080257468971,0.0075639871012228325,0.002391942743199874,0.08950985216515693,0.10033175298422249,0.09057783929487884,0.09962224592386,0.07968734877974729
golovin_fixed10_high_resolution_screen_v2,controlled,golovin,65536,0.1,300.0,3600.0,3299.999952316284,golovin_fixed_bin_l1_relative_bins_1000,10,10,0.1317749893735442,0.006723869011446485,0.002126274076479566,0.12696502324136383,0.13658495550572458,0.1280691842678981,0.13595390689500392,0.05102538079047952
golovin_fixed10_high_resolution_screen_v2,controlled,golovin,65536,0.1,300.0,3600.0,3299.999952316284,radius_moment_0_m3,10,10,59497.495467596666,403.4400191671423,127.57893598301567,59208.891863740515,59786.099071452816,59256.87438109581,59730.41044201826,0.006780789947483798
golovin_fixed10_high_resolution_screen_v2,controlled,golovin,65536,0.1,300.0,3600.0,3299.999952316284,radius_moment_3_um3_m3,10,10,238740389953.27386,149.3070752635007,47.21504286108471,238740389846.466,238740390060.08173,238740389861.4702,238740390033.22775,6.253951218422782e-10
golovin_fixed10_high_resolution_screen_v2,controlled,golovin,65536,0.1,300.0,3600.0,3299.999952316284,radius_moment_6_um6_m3,10,10,2.651302013642423e+20,1.4218772707486577e+19,4.4963707287896663e+18,2.5495870411351458e+20,2.7530169861497002e+20,2.5645617400368742e+20,2.7291680736369852e+20,0.05362939655430836
golovin_fixed10_high_resolution_screen_v2,controlled,golovin,65536,0.1,300.0,3600.0,3299.999952316284,golovin_relative_error_radius_moment_0_m3,10,10,0.0013233536870443595,0.006789763330861875,0.002147111689901495,-0.0035337504015940653,0.006180457775682784,-0.002659061440148036,0.0052603719026062595,5.130724610762564
golovin_fixed10_high_resolution_screen_v2,controlled,golovin,65536,0.1,300.0,3600.0,3299.999952316284,golovin_relative_error_radius_moment_3_um3_m3,10,10,2.9728921965932463e-05,6.254136871978743e-10,1.9777317313893726e-10,2.972847457193224e-05,2.9729369359932687e-05,2.972854058269525e-05,2.9729260495126584e-05,2.1037213791827376e-05
golovin_fixed10_high_resolution_screen_v2,controlled,golovin,65536,0.1,300.0,3600.0,3299.999952316284,golovin_relative_error_radius_moment_6_um6_m3,10,10,-0.02104662397165813,0.052500678811202864,0.016602172374834218,-0.05860334712739984,0.016510099184083582,-0.05408819098762684,0.008214629011723342,2.4944940757197682
golovin_fixed10_high_resolution_screen_v2,controlled,golovin,65536,0.1,300.0,3600.0,3299.999952316284,liquid_water_gm3,10,10,0.9982363468909158,6.242921737876109e-10,1.9741851945865173e-10,0.998236346444324,0.9982363473375075,0.9982363464990377,0.9982363472315349,6.253951538951843e-10
golovin_fixed10_high_resolution_screen_v2,controlled,golovin,65536,0.1,300.0,3600.0,3299.999952316284,relative_liquid_mass_drift,10,10,4.5673714810234856e-10,6.253951487113421e-10,1.9776731075475582e-10,9.356409511139194e-12,9.04117886693558e-10,6.473174940513364e-11,7.905748350411911e-10,1.3692670966435154
golovin_fixed10_high_resolution_screen_v2,controlled,golovin,65536,0.1,300.0,3600.0,3299.999952316284,mass_fraction_r_ge_cloud_threshold,10,10,0.9970190901189714,4.3984094677050004e-05,1.3908991999996615e-05,0.9969876257930913,0.9970505544448515,0.9969936787507067,0.9970459955439462,4.4115599302919574e-05
golovin_fixed10_high_resolution_screen_v2,controlled,golovin,65536,0.1,300.0,3600.0,3299.999952316284,mass_fraction_r_ge_large_threshold,10,10,0.3450110835774701,0.009811649270985195,0.0031027159299043846,0.3379922525125088,0.35202991464243144,0.3393489280974927,0.35071136150341303,0.02843864947539301
golovin_fixed10_high_resolution_screen_v2,controlled,golovin,65536,0.1,300.0,3600.0,3299.999952316284,mass_fraction_r_ge_onset_threshold,10,10,0.3450110835774701,0.009811649270985195,0.0031027159299043846,0.3379922525125088,0.35202991464243144,0.3392042593411678,0.3505819783263348,0.02843864947539301
golovin_fixed10_high_resolution_screen_v2,controlled,golovin,65536,0.1,300.0,3600.0,3299.999952316284,mass_weighted_radius_q99_um,10,10,1941.7355102539063,54.97019851810634,17.383103074882865,1902.4121991214006,1981.058821386412,1909.0332388305665,1973.5946166992187,0.028309828103683543
golovin_fixed10_high_resolution_screen_v2,controlled,golovin,65536,0.1,300.0,3600.0,3299.999952316284,fixed_bin_mass_below_range_fraction,10,10,0.0,0.0,0.0,0.0,0.0,0.0,0.0,nan
golovin_fixed10_high_resolution_screen_v2,controlled,golovin,65536,0.1,300.0,3600.0,3299.999952316284,fixed_bin_mass_above_range_fraction,10,10,0.0,0.0,0.0,0.0,0.0,0.0,0.0,nan
golovin_fixed10_high_resolution_screen_v2,controlled,golovin,65536,0.1,300.0,3600.0,3299.999952316284,fixed_bin_mass_below_range_fraction_bins_250,10,10,0.0,0.0,0.0,0.0,0.0,0.0,0.0,nan
golovin_fixed10_high_resolution_screen_v2,controlled,golovin,65536,0.1,300.0,3600.0,3299.999952316284,fixed_bin_mass_below_range_fraction_bins_500,10,10,0.0,0.0,0.0,0.0,0.0,0.0,0.0,nan
golovin_fixed10_high_resolution_screen_v2,controlled,golovin,65536,0.1,300.0,3600.0,3299.999952316284,fixed_bin_mass_below_range_fraction_bins_1000,10,10,0.0,0.0,0.0,0.0,0.0,0.0,0.0,nan
golovin_fixed10_high_resolution_screen_v2,controlled,golovin,65536,0.1,300.0,3600.0,3299.999952316284,fixed_bin_mass_above_range_fraction_bins_250,10,10,0.0,0.0,0.0,0.0,0.0,0.0,0.0,nan
golovin_fixed10_high_resolution_screen_v2,controlled,golovin,65536,0.1,300.0,3600.0,3299.999952316284,fixed_bin_mass_above_range_fraction_bins_500,10,10,0.0,0.0,0.0,0.0,0.0,0.0,0.0,nan
golovin_fixed10_high_resolution_screen_v2,controlled,golovin,65536,0.1,300.0,3600.0,3299.999952316284,fixed_bin_mass_above_range_fraction_bins_1000,10,10,0.0,0.0,0.0,0.0,0.0,0.0,0.0,nan
golovin_fixed10_high_resolution_screen_v2,controlled,golovin,65536,0.1,300.0,3600.0,3599.9999046325684,golovin_fixed_bin_l1_relative,10,10,0.09969027703042845,0.00640375852004881,0.0020250462509063274,0.09510930414894304,0.10427124991191385,0.09581052819095459,0.10339964632873416,0.06423654052134084
golovin_fixed10_high_resolution_screen_v2,controlled,golovin,65536,0.1,300.0,3600.0,3599.9999046325684,golovin_fixed_bin_l1_relative_bins_250,10,10,0.07444034488678633,0.007778504450198878,0.002459779085238423,0.06887593801021302,0.08000475176335964,0.07024233855574806,0.07935025455666098,0.10449312751074606
golovin_fixed10_high_resolution_screen_v2,controlled,golovin,65536,0.1,300.0,3600.0,3599.9999046325684,golovin_fixed_bin_l1_relative_bins_500,10,10,0.09969027703042845,0.00640375852004881,0.0020250462509063274,0.09510930414894304,0.10427124991191385,0.0956313266007814,0.10344094358515066,0.06423654052134084
golovin_fixed10_high_resolution_screen_v2,controlled,golovin,65536,0.1,300.0,3600.0,3599.9999046325684,golovin_fixed_bin_l1_relative_bins_1000,10,10,0.1370876107031983,0.00661212864380032,0.0020909386696449195,0.1323575788146893,0.14181764259170732,0.1328400405564331,0.1405757685946906,0.0482328680898518
golovin_fixed10_high_resolution_screen_v2,controlled,golovin,65536,0.1,300.0,3600.0,3599.9999046325684,radius_moment_0_m3,10,10,37942.79411556528,267.3494776835267,84.54332807363011,37751.54382039672,38134.04441073384,37780.563538165465,38091.71235651728,0.007046119926467193
golovin_fixed10_high_resolution_screen_v2,controlled,golovin,65536,0.1,300.0,3600.0,3599.9999046325684,radius_moment_3_um3_m3,10,10,238740390112.05038,232.30582706171293,73.46155272441938,238740389945.8688,238740390278.23196,238740389972.9972,238740390249.19458,9.7304786572847e-10
golovin_fixed10_high_resolution_screen_v2,controlled,golovin,65536,0.1,300.0,3600.0,3599.9999046325684,radius_moment_6_um6_m3,10,10,6.567635887273445e+20,4.2770616559381455e+19,1.352525652573597e+19,6.261673327989677e+20,6.873598446557212e+20,6.307450905065638e+20,6.80473865147894e+20,0.06512330661061919
golovin_fixed10_high_resolution_screen_v2,controlled,golovin,65536,0.1,300.0,3600.0,3599.9999046325684,golovin_relative_error_radius_moment_0_m3,10,10,0.0014705312747422816,0.007056481466184678,0.0022314553699908017,-0.0035773714739469288,0.006518434023431492,-0.0028227838476980057,0.005511862178369081,4.798593261759335
golovin_fixed10_high_resolution_screen_v2,controlled,golovin,65536,0.1,300.0,3600.0,3599.9999046325684,golovin_relative_error_radius_moment_3_um3_m3,10,10,2.9729587044857732e-05,9.730768085138827e-10,3.077139053191395e-10,2.9728890947642723e-05,2.973028314207274e-05,2.9729000901834725e-05,2.9730142807316562e-05,3.273092246608228e-05
golovin_fixed10_high_resolution_screen_v2,controlled,golovin,65536,0.1,300.0,3600.0,3599.9999046325684,golovin_relative_error_radius_moment_6_um6_m3,10,10,-0.014071399929068928,0.06420693051859777,0.020304014200694505,-0.06000227108672647,0.03185947122858862,-0.0520099223037277,0.022118231767113472,4.562938360237921
golovin_fixed10_high_resolution_screen_v2,controlled,golovin,65536,0.1,300.0,3600.0,3599.9999046325684,liquid_water_gm3,10,10,0.998236347554802,9.713317011828053e-10,3.071620539263733e-10,0.9982363468599531,0.9982363482496508,0.9982363469723088,0.9982363481029314,9.730478193486942e-10
golovin_fixed10_high_resolution_screen_v2,controlled,golovin,65536,0.1,300.0,3600.0,3599.9999046325684,relative_liquid_mass_drift,10,10,1.1217963002962961e-09,9.730478072930792e-10,3.0770473432787303e-10,4.257198315095795e-10,1.8178727690830128e-09,5.536729294486343e-10,1.6865632690432615e-09,0.8674015122318298
golovin_fixed10_high_resolution_screen_v2,controlled,golovin,65536,0.1,300.0,3600.0,3599.9999046325684,mass_fraction_r_ge_cloud_threshold,10,10,0.9981023789813074,2.814210216406355e-05,8.899314098359437e-06,0.9980822473341758,0.9981225106284389,0.99808589230149,0.9981194001599517,2.819560674004826e-05
golovin_fixed10_high_resolution_screen_v2,controlled,golovin,65536,0.1,300.0,3600.0,3599.9999046325684,mass_fraction_r_ge_large_threshold,10,10,0.5481249185997168,0.00729271230849524,0.0023061581215189464,0.5429080264865774,0.5533418107128562,0.5439861026166237,0.5525217359707852,0.013304836290102954
golovin_fixed10_high_resolution_screen_v2,controlled,golovin,65536,0.1,300.0,3600.0,3599.9999046325684,mass_fraction_r_ge_onset_threshold,10,10,0.5481249185997168,0.00729271230849524,0.0023061581215189464,0.5429080264865774,0.5533418107128562,0.544029835119041,0.5525368679546547,0.013304836290102954
golovin_fixed10_high_resolution_screen_v2,controlled,golovin,65536,0.1,300.0,3600.0,3599.9999046325684,mass_weighted_radius_q99_um,10,10,2627.6429931640623,97.4189713581177,30.806583680235878,2557.9536592304744,2697.3323270976502,2568.2763861083986,2682.9081506347657,0.037074660298814476
golovin_fixed10_high_resolution_screen_v2,controlled,golovin,65536,0.1,300.0,3600.0,3599.9999046325684,fixed_bin_mass_below_range_fraction,10,10,0.0,0.0,0.0,0.0,0.0,0.0,0.0,nan
golovin_fixed10_high_resolution_screen_v2,controlled,golovin,65536,0.1,300.0,3600.0,3599.9999046325684,fixed_bin_mass_above_range_fraction,10,10,0.0,0.0,0.0,0.0,0.0,0.0,0.0,nan
golovin_fixed10_high_resolution_screen_v2,controlled,golovin,65536,0.1,300.0,3600.0,3599.9999046325684,fixed_bin_mass_below_range_fraction_bins_250,10,10,0.0,0.0,0.0,0.0,0.0,0.0,0.0,nan
golovin_fixed10_high_resolution_screen_v2,controlled,golovin,65536,0.1,300.0,3600.0,3599.9999046325684,fixed_bin_mass_below_range_fraction_bins_500,10,10,0.0,0.0,0.0,0.0,0.0,0.0,0.0,nan
golovin_fixed10_high_resolution_screen_v2,controlled,golovin,65536,0.1,300.0,3600.0,3599.9999046325684,fixed_bin_mass_below_range_fraction_bins_1000,10,10,0.0,0.0,0.0,0.0,0.0,0.0,0.0,nan
golovin_fixed10_high_resolution_screen_v2,controlled,golovin,65536,0.1,300.0,3600.0,3599.9999046325684,fixed_bin_mass_above_range_fraction_bins_250,10,10,0.0,0.0,0.0,0.0,0.0,0.0,0.0,nan
golovin_fixed10_high_resolution_screen_v2,controlled,golovin,65536,0.1,300.0,3600.0,3599.9999046325684,fixed_bin_mass_above_range_fraction_bins_500,10,10,0.0,0.0,0.0,0.0,0.0,0.0,0.0,nan
golovin_fixed10_high_resolution_screen_v2,controlled,golovin,65536,0.1,300.0,3600.0,3599.9999046325684,fixed_bin_mass_above_range_fraction_bins_1000,10,10,0.0,0.0,0.0,0.0,0.0,0.0,0.0,nan
golovin_fixed10_high_resolution_screen_v2,controlled,golovin,65536,0.1,300.0,3600.0,600.0000238418579,golovin_fixed_bin_l1_relative,10,10,0.06388506022243004,0.00628737196690526,0.0019882415912113424,0.059387345265498,0.06838277517936207,0.06026364213134808,0.06770440542359692,0.09841693730919837
golovin_fixed10_high_resolution_screen_v2,controlled,golovin,65536,0.1,300.0,3600.0,600.0000238418579,golovin_fixed_bin_l1_relative_bins_250,10,10,0.04471115209619149,0.0070051904399154345,0.002215235723336968,0.0396999407373583,0.049722363455024676,0.04068460970056227,0.04892457667763576,0.1566765809309606
golovin_fixed10_high_resolution_screen_v2,controlled,golovin,65536,0.1,300.0,3600.0,600.0000238418579,golovin_fixed_bin_l1_relative_bins_500,10,10,0.06388506022243004,0.00628737196690526,0.0019882415912113424,0.059387345265498,0.06838277517936207,0.06035114117556564,0.06760827758545943,0.09841693730919837
golovin_fixed10_high_resolution_screen_v2,controlled,golovin,65536,0.1,300.0,3600.0,600.0000238418579,golovin_fixed_bin_l1_relative_bins_1000,10,10,0.08952614038943435,0.005749787333492623,0.0018182424035422837,0.08541299031255775,0.09363929046631095,0.08628164078842745,0.09297955507739224,0.06422467570344627
golovin_fixed10_high_resolution_screen_v2,controlled,golovin,65536,0.1,300.0,3600.0,600.0000238418579,radius_moment_0_m3,10,10,3414942.981996891,17284.77563578414,5465.9259854062875,3402578.1983776796,3427307.7656161026,3405127.2430425477,3425487.417447926,0.00506151222052816
golovin_fixed10_high_resolution_screen_v2,controlled,golovin,65536,0.1,300.0,3600.0,600.0000238418579,radius_moment_3_um3_m3,10,10,238740390083.68195,146.05083814846228,46.185330272574994,238740389979.20346,238740390188.16043,238740389998.87183,238740390169.7849,6.117558830211736e-10
golovin_fixed10_high_resolution_screen_v2,controlled,golovin,65536,0.1,300.0,3600.0,600.0000238418579,radius_moment_6_um6_m3,10,10,8.164717023024243e+16,1079491237342849.1,341365102419681.3,8.08749487186744e+16,8.241939174181046e+16,8.09432118926171e+16,8.219841658999878e+16,0.01322141642262332
golovin_fixed10_high_resolution_screen_v2,controlled,golovin,65536,0.1,300.0,3600.0,600.0000238418579,golovin_relative_error_radius_moment_0_m3,10,10,0.001290379317786039,0.005068043491214217,0.0016026560713028478,-0.0023350805934137285,0.004915839228985807,-0.0015941019846977434,0.004298898736239011,3.9275610057898978
golovin_fixed10_high_resolution_screen_v2,controlled,golovin,65536,0.1,300.0,3600.0,600.0000238418579,golovin_relative_error_radius_moment_3_um3_m3,10,10,2.972946821591105e-05,6.117740426786997e-10,1.9345993882337486e-10,2.9729030579124725e-05,2.9729905852697373e-05,2.9729099451397678e-05,2.9729831248213602e-05,2.0578035174920538e-05
golovin_fixed10_high_resolution_screen_v2,controlled,golovin,65536,0.1,300.0,3600.0,600.0000238418579,golovin_relative_error_radius_moment_6_um6_m3,10,10,-0.0067876928621694145,0.013131673508743705,0.004152599777732514,-0.016181526193601255,0.0026061404692624248,-0.015295566197782134,-0.0001642658437931837,1.9346298919816904
golovin_fixed10_high_resolution_screen_v2,controlled,golovin,65536,0.1,300.0,3600.0,600.0000238418579,liquid_water_gm3,10,10,0.9982363474361862,6.106769349624101e-10,1.9311300290117278e-10,0.9982363469993342,0.9982363478730382,0.9982363470692559,0.998236347790329,6.117558597528914e-10
golovin_fixed10_high_resolution_screen_v2,controlled,golovin,65536,0.1,300.0,3600.0,600.0000238418579,relative_liquid_mass_drift,10,10,1.002970817509663e-09,6.11755834977381e-10,1.9345418104266253e-10,5.653470561907433e-10,1.4405945788285828e-09,6.440406546959211e-10,1.3584688990375681e-09,0.609943803246785
golovin_fixed10_high_resolution_screen_v2,controlled,golovin,65536,0.1,300.0,3600.0,600.0000238418579,mass_fraction_r_ge_cloud_threshold,10,10,0.7897149970828276,0.0017683832890142833,0.000559211896946495,0.7884499718846281,0.790980022281027,0.7887033766974113,0.7907873151132792,0.0022392677048639234
golovin_fixed10_high_resolution_screen_v2,controlled,golovin,65536,0.1,300.0,3600.0,600.0000238418579,mass_fraction_r_ge_large_threshold,10,10,0.0,0.0,0.0,0.0,0.0,0.0,0.0,nan
golovin_fixed10_high_resolution_screen_v2,controlled,golovin,65536,0.1,300.0,3600.0,600.0000238418579,mass_fraction_r_ge_onset_threshold,10,10,0.0,0.0,0.0,0.0,0.0,0.0,0.0,nan
golovin_fixed10_high_resolution_screen_v2,controlled,golovin,65536,0.1,300.0,3600.0,600.0000238418579,mass_weighted_radius_q99_um,10,10,123.3870002746582,0.8676048131869805,0.2743607318595748,122.76635317989151,124.0076473694249,122.8788628578186,123.88494665145873,0.007031573919908102
golovin_fixed10_high_resolution_screen_v2,controlled,golovin,65536,0.1,300.0,3600.0,600.0000238418579,fixed_bin_mass_below_range_fraction,10,10,0.0,0.0,0.0,0.0,0.0,0.0,0.0,nan
golovin_fixed10_high_resolution_screen_v2,controlled,golovin,65536,0.1,300.0,3600.0,600.0000238418579,fixed_bin_mass_above_range_fraction,10,10,0.0,0.0,0.0,0.0,0.0,0.0,0.0,nan
golovin_fixed10_high_resolution_screen_v2,controlled,golovin,65536,0.1,300.0,3600.0,600.0000238418579,fixed_bin_mass_below_range_fraction_bins_250,10,10,0.0,0.0,0.0,0.0,0.0,0.0,0.0,nan
golovin_fixed10_high_resolution_screen_v2,controlled,golovin,65536,0.1,300.0,3600.0,600.0000238418579,fixed_bin_mass_below_range_fraction_bins_500,10,10,0.0,0.0,0.0,0.0,0.0,0.0,0.0,nan
golovin_fixed10_high_resolution_screen_v2,controlled,golovin,65536,0.1,300.0,3600.0,600.0000238418579,fixed_bin_mass_below_range_fraction_bins_1000,10,10,0.0,0.0,0.0,0.0,0.0,0.0,0.0,nan
golovin_fixed10_high_resolution_screen_v2,controlled,golovin,65536,0.1,300.0,3600.0,600.0000238418579,fixed_bin_mass_above_range_fraction_bins_250,10,10,0.0,0.0,0.0,0.0,0.0,0.0,0.0,nan
golovin_fixed10_high_resolution_screen_v2,controlled,golovin,65536,0.1,300.0,3600.0,600.0000238418579,fixed_bin_mass_above_range_fraction_bins_500,10,10,0.0,0.0,0.0,0.0,0.0,0.0,0.0,nan
golovin_fixed10_high_resolution_screen_v2,controlled,golovin,65536,0.1,300.0,3600.0,600.0000238418579,fixed_bin_mass_above_range_fraction_bins_1000,10,10,0.0,0.0,0.0,0.0,0.0,0.0,0.0,nan
golovin_fixed10_high_resolution_screen_v2,controlled,golovin,65536,0.1,300.0,3600.0,899.9999761581421,golovin_fixed_bin_l1_relative,10,10,0.06331497632881629,0.004716081486924581,0.0014913559129635275,0.05994129486802439,0.06668865778960818,0.060518889197960196,0.06608226896735912,0.07448603411667343
golovin_fixed10_high_resolution_screen_v2,controlled,golovin,65536,0.1,300.0,3600.0,899.9999761581421,golovin_fixed_bin_l1_relative_bins_250,10,10,0.04737388603079122,0.003742458519302452,0.0011834692969696975,0.044696692483699466,0.050051079577882976,0.045496613435412434,0.049784293028991185,0.07899834345170663
golovin_fixed10_high_resolution_screen_v2,controlled,golovin,65536,0.1,300.0,3600.0,899.9999761581421,golovin_fixed_bin_l1_relative_bins_500,10,10,0.06331497632881629,0.004716081486924581,0.0014913559129635275,0.05994129486802439,0.06668865778960818,0.06064904495528811,0.0660490618711382,0.07448603411667343
golovin_fixed10_high_resolution_screen_v2,controlled,golovin,65536,0.1,300.0,3600.0,899.9999761581421,golovin_fixed_bin_l1_relative_bins_1000,10,10,0.09137467244681198,0.004044335626868615,0.0012789312203069698,0.08848152902606832,0.09426781586755564,0.08895402567051716,0.0937070815065695,0.04426101367665936
golovin_fixed10_high_resolution_screen_v2,controlled,golovin,65536,0.1,300.0,3600.0,899.9999761581421,radius_moment_0_m3,10,10,2179045.095432803,11172.55885192082,3533.073326434568,2171052.7283007177,2187037.4625648884,2172538.40090067,2185731.73161455,0.005127272893680854
golovin_fixed10_high_resolution_screen_v2,controlled,golovin,65536,0.1,300.0,3600.0,899.9999761581421,radius_moment_3_um3_m3,10,10,238740390086.7752,174.21882923352294,55.09283116658593,238740389962.14658,238740390211.40384,238740389981.1936,238740390185.84445,7.297417465482043e-10
golovin_fixed10_high_resolution_screen_v2,controlled,golovin,65536,0.1,300.0,3600.0,899.9999761581421,radius_moment_6_um6_m3,10,10,2.0026043815610845e+17,3239469744540403.5,1024410280395148.4,1.9794306110266845e+17,2.0257781520954845e+17,1.9825034799238394e+17,2.0203632897103133e+17,0.016176284114664468
golovin_fixed10_high_resolution_screen_v2,controlled,golovin,65536,0.1,300.0,3600.0,899.9999761581421,golovin_relative_error_radius_moment_0_m3,10,10,0.0020191213824741205,0.005137625480014253,0.0016246598281760918,-0.0016561144849449264,0.0056943572498931675,-0.0009719332231722001,0.005049766927271221,2.544485697892461
golovin_fixed10_high_resolution_screen_v2,controlled,golovin,65536,0.1,300.0,3600.0,899.9999761581421,golovin_relative_error_radius_moment_3_um3_m3,10,10,2.9729481172857675e-05,7.297634612141898e-10,2.3077146906047857e-10,2.972895913152597e-05,2.973000321418938e-05,2.9729041019264655e-05,2.9729902557324437e-05,2.4546794374617167e-05
golovin_fixed10_high_resolution_screen_v2,controlled,golovin,65536,0.1,300.0,3600.0,899.9999761581421,golovin_relative_error_radius_moment_6_um6_m3,10,10,-0.009556496033855477,0.01602169551968015,0.005066504981990435,-0.02101772656921793,0.0019047345015069748,-0.019392901026867197,-0.00066935153686613,1.6765240589145465
golovin_fixed10_high_resolution_screen_v2,controlled,golovin,65536,0.1,300.0,3600.0,899.9999761581421,liquid_water_gm3,10,10,0.9982363474491199,7.284547715829187e-10,2.3035762506197233e-10,0.9982363469280148,0.9982363479702251,0.9982363470125672,0.9982363478646841,7.297417825391777e-10
golovin_fixed10_high_resolution_screen_v2,controlled,golovin,65536,0.1,300.0,3600.0,899.9999761581421,relative_liquid_mass_drift,10,10,1.0159274310694855e-09,7.297417502214712e-10,2.3076460344175318e-10,4.939016304734362e-10,1.537953231665535e-09,5.868850838641749e-10,1.4295137745756749e-09,0.7183010596074354
golovin_fixed10_high_resolution_screen_v2,controlled,golovin,65536,0.1,300.0,3600.0,899.9999761581421,mass_fraction_r_ge_cloud_threshold,10,10,0.8753220809519193,0.0012314714203877529,0.0003894254561828013,0.8744411393668394,0.8762030225369992,0.8746430251187463,0.8760699201238882,0.0014068780477336051
golovin_fixed10_high_resolution_screen_v2,controlled,golovin,65536,0.1,300.0,3600.0,899.9999761581421,mass_fraction_r_ge_large_threshold,10,10,0.0,0.0,0.0,0.0,0.0,0.0,0.0,nan
golovin_fixed10_high_resolution_screen_v2,controlled,golovin,65536,0.1,300.0,3600.0,899.9999761581421,mass_fraction_r_ge_onset_threshold,10,10,0.0,0.0,0.0,0.0,0.0,0.0,0.0,nan
golovin_fixed10_high_resolution_screen_v2,controlled,golovin,65536,0.1,300.0,3600.0,899.9999761581421,mass_weighted_radius_q99_um,10,10,170.67577667236327,1.2094633161915,0.3824658825585545,169.8105787366075,171.54097460811903,169.96701419830322,171.3661971282959,0.007086320858016302
golovin_fixed10_high_resolution_screen_v2,controlled,golovin,65536,0.1,300.0,3600.0,899.9999761581421,fixed_bin_mass_below_range_fraction,10,10,0.0,0.0,0.0,0.0,0.0,0.0,0.0,nan
golovin_fixed10_high_resolution_screen_v2,controlled,golovin,65536,0.1,300.0,3600.0,899.9999761581421,fixed_bin_mass_above_range_fraction,10,10,0.0,0.0,0.0,0.0,0.0,0.0,0.0,nan
golovin_fixed10_high_resolution_screen_v2,controlled,golovin,65536,0.1,300.0,3600.0,899.9999761581421,fixed_bin_mass_below_range_fraction_bins_250,10,10,0.0,0.0,0.0,0.0,0.0,0.0,0.0,nan
golovin_fixed10_high_resolution_screen_v2,controlled,golovin,65536,0.1,300.0,3600.0,899.9999761581421,fixed_bin_mass_below_range_fraction_bins_500,10,10,0.0,0.0,0.0,0.0,0.0,0.0,0.0,nan
golovin_fixed10_high_resolution_screen_v2,controlled,golovin,65536,0.1,300.0,3600.0,899.9999761581421,fixed_bin_mass_below_range_fraction_bins_1000,10,10,0.0,0.0,0.0,0.0,0.0,0.0,0.0,nan
golovin_fixed10_high_resolution_screen_v2,controlled,golovin,65536,0.1,300.0,3600.0,899.9999761581421,fixed_bin_mass_above_range_fraction_bins_250,10,10,0.0,0.0,0.0,0.0,0.0,0.0,0.0,nan
golovin_fixed10_high_resolution_screen_v2,controlled,golovin,65536,0.1,300.0,3600.0,899.9999761581421,fixed_bin_mass_above_range_fraction_bins_500,10,10,0.0,0.0,0.0,0.0,0.0,0.0,0.0,nan
golovin_fixed10_high_resolution_screen_v2,controlled,golovin,65536,0.1,300.0,3600.0,899.9999761581421,fixed_bin_mass_above_range_fraction_bins_1000,10,10,0.0,0.0,0.0,0.0,0.0,0.0,0.0,nan
golovin_fixed10_high_resolution_screen_v2,controlled,golovin,8192,0.1,300.0,3600.0,0.0,golovin_fixed_bin_l1_relative,10,10,0.013490960478452555,0.0,0.0,0.013490960478452555,0.013490960478452555,0.013490960478452555,0.013490960478452555,0.0
golovin_fixed10_high_resolution_screen_v2,controlled,golovin,8192,0.1,300.0,3600.0,0.0,golovin_fixed_bin_l1_relative_bins_250,10,10,0.007129152189405098,0.0,0.0,0.007129152189405098,0.007129152189405098,0.007129152189405098,0.007129152189405098,0.0
golovin_fixed10_high_resolution_screen_v2,controlled,golovin,8192,0.1,300.0,3600.0,0.0,golovin_fixed_bin_l1_relative_bins_500,10,10,0.013490960478452555,0.0,0.0,0.013490960478452555,0.013490960478452555,0.013490960478452555,0.013490960478452555,0.0
golovin_fixed10_high_resolution_screen_v2,controlled,golovin,8192,0.1,300.0,3600.0,0.0,golovin_fixed_bin_l1_relative_bins_1000,10,10,0.016663818807210712,0.0,0.0,0.016663818807210712,0.016663818807210712,0.016663818807210712,0.016663818807210712,0.0
golovin_fixed10_high_resolution_screen_v2,controlled,golovin,8192,0.1,300.0,3600.0,0.0,radius_moment_0_m3,10,10,8388608.0,0.0,0.0,8388608.0,8388608.0,8388608.0,8388608.0,0.0
golovin_fixed10_high_resolution_screen_v2,controlled,golovin,8192,0.1,300.0,3600.0,0.0,radius_moment_3_um3_m3,10,10,238740389626.56232,3.2168351849043574e-05,1.0172526041666666e-05,238740389626.5623,238740389626.56235,238740389626.56232,238740389626.56232,1.3474197599895563e-16
golovin_fixed10_high_resolution_screen_v2,controlled,golovin,8192,0.1,300.0,3600.0,0.0,radius_moment_6_um6_m3,10,10,1.3588185952531386e+16,2.1081851067789197,0.6666666666666666,1.3588185952531384e+16,1.3588185952531388e+16,1.3588185952531386e+16,1.3588185952531386e+16,1.551483850856618e-16
golovin_fixed10_high_resolution_screen_v2,controlled,golovin,8192,0.1,300.0,3600.0,0.0,golovin_relative_error_radius_moment_0_m3,10,10,0.0,0.0,0.0,0.0,0.0,0.0,0.0,nan
golovin_fixed10_high_resolution_screen_v2,controlled,golovin,8192,0.1,300.0,3600.0,0.0,golovin_relative_error_radius_moment_3_um3_m3,10,10,2.9727553444658383e-05,0.0,0.0,2.9727553444658383e-05,2.9727553444658383e-05,2.9727553444658383e-05,2.9727553444658383e-05,0.0
golovin_fixed10_high_resolution_screen_v2,controlled,golovin,8192,0.1,300.0,3600.0,0.0,golovin_relative_error_radius_moment_6_um6_m3,10,10,-1.0568479585360002e-05,0.0,0.0,-1.0568479585360002e-05,-1.0568479585360002e-05,-1.0568479585360002e-05,-1.0568479585360002e-05,0.0
golovin_fixed10_high_resolution_screen_v2,controlled,golovin,8192,0.1,300.0,3600.0,0.0,liquid_water_gm3,10,10,0.9982363455248487,0.0,0.0,0.9982363455248487,0.9982363455248487,0.9982363455248487,0.9982363455248487,0.0
golovin_fixed10_high_resolution_screen_v2,controlled,golovin,8192,0.1,300.0,3600.0,0.0,relative_liquid_mass_drift,10,10,0.0,0.0,0.0,0.0,0.0,0.0,0.0,nan
golovin_fixed10_high_resolution_screen_v2,controlled,golovin,8192,0.1,300.0,3600.0,0.0,mass_fraction_r_ge_cloud_threshold,10,10,0.34305567999300346,0.0,0.0,0.34305567999300346,0.34305567999300346,0.34305567999300346,0.34305567999300346,0.0
golovin_fixed10_high_resolution_screen_v2,controlled,golovin,8192,0.1,300.0,3600.0,0.0,mass_fraction_r_ge_large_threshold,10,10,0.0,0.0,0.0,0.0,0.0,0.0,0.0,nan
golovin_fixed10_high_resolution_screen_v2,controlled,golovin,8192,0.1,300.0,3600.0,0.0,mass_fraction_r_ge_onset_threshold,10,10,0.0,0.0,0.0,0.0,0.0,0.0,0.0,nan
golovin_fixed10_high_resolution_screen_v2,controlled,golovin,8192,0.1,300.0,3600.0,0.0,mass_weighted_radius_q99_um,10,10,57.36815643310547,0.0,0.0,57.36815643310547,57.36815643310547,57.36815643310547,57.36815643310547,0.0
golovin_fixed10_high_resolution_screen_v2,controlled,golovin,8192,0.1,300.0,3600.0,0.0,fixed_bin_mass_below_range_fraction,10,10,0.0,0.0,0.0,0.0,0.0,0.0,0.0,nan
golovin_fixed10_high_resolution_screen_v2,controlled,golovin,8192,0.1,300.0,3600.0,0.0,fixed_bin_mass_above_range_fraction,10,10,0.0,0.0,0.0,0.0,0.0,0.0,0.0,nan
golovin_fixed10_high_resolution_screen_v2,controlled,golovin,8192,0.1,300.0,3600.0,0.0,fixed_bin_mass_below_range_fraction_bins_250,10,10,0.0,0.0,0.0,0.0,0.0,0.0,0.0,nan
golovin_fixed10_high_resolution_screen_v2,controlled,golovin,8192,0.1,300.0,3600.0,0.0,fixed_bin_mass_below_range_fraction_bins_500,10,10,0.0,0.0,0.0,0.0,0.0,0.0,0.0,nan
golovin_fixed10_high_resolution_screen_v2,controlled,golovin,8192,0.1,300.0,3600.0,0.0,fixed_bin_mass_below_range_fraction_bins_1000,10,10,0.0,0.0,0.0,0.0,0.0,0.0,0.0,nan
golovin_fixed10_high_resolution_screen_v2,controlled,golovin,8192,0.1,300.0,3600.0,0.0,fixed_bin_mass_above_range_fraction_bins_250,10,10,0.0,0.0,0.0,0.0,0.0,0.0,0.0,nan
golovin_fixed10_high_resolution_screen_v2,controlled,golovin,8192,0.1,300.0,3600.0,0.0,fixed_bin_mass_above_range_fraction_bins_500,10,10,0.0,0.0,0.0,0.0,0.0,0.0,0.0,nan
golovin_fixed10_high_resolution_screen_v2,controlled,golovin,8192,0.1,300.0,3600.0,0.0,fixed_bin_mass_above_range_fraction_bins_1000,10,10,0.0,0.0,0.0,0.0,0.0,0.0,0.0,nan
golovin_fixed10_high_resolution_screen_v2,controlled,golovin,8192,0.1,300.0,3600.0,1200.0000476837158,golovin_fixed_bin_l1_relative,10,10,0.17916799449180384,0.012026095670960059,0.003802985367932465,0.17056504390171864,0.18777094508188905,0.17252877732573982,0.18646374950027744,0.06712189699433288
golovin_fixed10_high_resolution_screen_v2,controlled,golovin,8192,0.1,300.0,3600.0,1200.0000476837158,golovin_fixed_bin_l1_relative_bins_250,10,10,0.12785076990173047,0.01090596992102807,0.0034487705043735367,0.1200491090024147,0.13565243080104625,0.12194935759886437,0.13468687626981224,0.08530234060702717
golovin_fixed10_high_resolution_screen_v2,controlled,golovin,8192,0.1,300.0,3600.0,1200.0000476837158,golovin_fixed_bin_l1_relative_bins_500,10,10,0.17916799449180384,0.012026095670960059,0.003802985367932465,0.17056504390171864,0.18777094508188905,0.17237151383168114,0.18650947086492775,0.06712189699433288
golovin_fixed10_high_resolution_screen_v2,controlled,golovin,8192,0.1,300.0,3600.0,1200.0000476837158,golovin_fixed_bin_l1_relative_bins_1000,10,10,0.2525385276128569,0.014127275859941932,0.00446743688509304,0.24243248326389477,0.262644571961819,0.24454383094669194,0.2609151676381663,0.05594107161976937
golovin_fixed10_high_resolution_screen_v2,controlled,golovin,8192,0.1,300.0,3600.0,1200.0000476837158,radius_moment_0_m3,10,10,1395749.116813949,20291.686365174704,6416.7946479735265,1381233.3188388306,1410264.9147890676,1384294.727067543,1407982.5210432725,0.014538204696481675
golovin_fixed10_high_resolution_screen_v2,controlled,golovin,8192,0.1,300.0,3600.0,1200.0000476837158,radius_moment_3_um3_m3,10,10,238740390261.69122,372.11642390029004,117.6735454281634,238740389995.49518,238740390527.88727,238740390028.2329,238740390467.82242,1.5586655592394774e-09
golovin_fixed10_high_resolution_screen_v2,controlled,golovin,8192,0.1,300.0,3600.0,1200.0000476837158,radius_moment_6_um6_m3,10,10,4.9633236299252954e+17,1.6397606837200058e+16,5185378578150202.0,4.846022217001467e+17,5.080625042849124e+17,4.866233038943074e+17,5.058549027754675e+17,0.03303755317975682
golovin_fixed10_high_resolution_screen_v2,controlled,golovin,8192,0.1,300.0,3600.0,1200.0000476837158,golovin_relative_error_radius_moment_0_m3,10,10,0.006584955364776146,0.014633938125492,0.004627657561452968,-0.0038835333348419586,0.01705344406439425,-0.0018172428099482256,0.0152304195065236,2.2223291297874237
golovin_fixed10_high_resolution_screen_v2,controlled,golovin,8192,0.1,300.0,3600.0,1200.0000476837158,golovin_relative_error_radius_moment_3_um3_m3,10,10,2.973021385674901e-05,1.5587119130227305e-09,4.929079861190099e-10,2.9729098821417608e-05,2.973132889208041e-05,2.972924612053618e-05,2.973105651089214e-05,5.242854695002101e-05
golovin_fixed10_high_resolution_screen_v2,controlled,golovin,8192,0.1,300.0,3600.0,1200.0000476837158,golovin_relative_error_radius_moment_6_um6_m3,10,10,-0.001976941533955856,0.032972239868695484,0.01042673775424889,-0.025563861029348448,0.021609977961436738,-0.02069328845584837,0.01794444840479541,16.678409200457285
golovin_fixed10_high_resolution_screen_v2,controlled,golovin,8192,0.1,300.0,3600.0,1200.0000476837158,liquid_water_gm3,10,10,0.9982363481804899,1.5559166181937233e-09,4.920240362798744e-10,0.9982363470674542,0.9982363492935256,0.9982363471935255,0.9982363490216491,1.558665561547354e-09
golovin_fixed10_high_resolution_screen_v2,controlled,golovin,8192,0.1,300.0,3600.0,1200.0000476837158,relative_liquid_mass_drift,10,10,2.6603330094410182e-09,1.5586655810000886e-09,4.928933346469947e-10,1.5453308219738267e-09,3.77533519690821e-09,1.6901554231174567e-09,3.5238521317593194e-09,0.5858911555315366
golovin_fixed10_high_resolution_screen_v2,controlled,golovin,8192,0.1,300.0,3600.0,1200.0000476837158,mass_fraction_r_ge_cloud_threshold,10,10,0.924257448757249,0.0020614002047158702,0.000651871981603952,0.9227828118848361,0.9257320856296619,0.9231012188349114,0.9255200066140074,0.0022303311782746423
golovin_fixed10_high_resolution_screen_v2,controlled,golovin,8192,0.1,300.0,3600.0,1200.0000476837158,mass_fraction_r_ge_large_threshold,10,10,0.0,0.0,0.0,0.0,0.0,0.0,0.0,nan
golovin_fixed10_high_resolution_screen_v2,controlled,golovin,8192,0.1,300.0,3600.0,1200.0000476837158,mass_fraction_r_ge_onset_threshold,10,10,0.0,0.0,0.0,0.0,0.0,0.0,0.0,nan
golovin_fixed10_high_resolution_screen_v2,controlled,golovin,8192,0.1,300.0,3600.0,1200.0000476837158,mass_weighted_radius_q99_um,10,10,233.80885009765626,8.075156548100583,2.5535887154420878,228.0322310941783,239.58546910113424,229.48566032409667,238.8079042816162,0.03453742894987845
golovin_fixed10_high_resolution_screen_v2,controlled,golovin,8192,0.1,300.0,3600.0,1200.0000476837158,fixed_bin_mass_below_range_fraction,10,10,0.0,0.0,0.0,0.0,0.0,0.0,0.0,nan
golovin_fixed10_high_resolution_screen_v2,controlled,golovin,8192,0.1,300.0,3600.0,1200.0000476837158,fixed_bin_mass_above_range_fraction,10,10,0.0,0.0,0.0,0.0,0.0,0.0,0.0,nan
golovin_fixed10_high_resolution_screen_v2,controlled,golovin,8192,0.1,300.0,3600.0,1200.0000476837158,fixed_bin_mass_below_range_fraction_bins_250,10,10,0.0,0.0,0.0,0.0,0.0,0.0,0.0,nan
golovin_fixed10_high_resolution_screen_v2,controlled,golovin,8192,0.1,300.0,3600.0,1200.0000476837158,fixed_bin_mass_below_range_fraction_bins_500,10,10,0.0,0.0,0.0,0.0,0.0,0.0,0.0,nan
golovin_fixed10_high_resolution_screen_v2,controlled,golovin,8192,0.1,300.0,3600.0,1200.0000476837158,fixed_bin_mass_below_range_fraction_bins_1000,10,10,0.0,0.0,0.0,0.0,0.0,0.0,0.0,nan
golovin_fixed10_high_resolution_screen_v2,controlled,golovin,8192,0.1,300.0,3600.0,1200.0000476837158,fixed_bin_mass_above_range_fraction_bins_250,10,10,0.0,0.0,0.0,0.0,0.0,0.0,0.0,nan
golovin_fixed10_high_resolution_screen_v2,controlled,golovin,8192,0.1,300.0,3600.0,1200.0000476837158,fixed_bin_mass_above_range_fraction_bins_500,10,10,0.0,0.0,0.0,0.0,0.0,0.0,0.0,nan
golovin_fixed10_high_resolution_screen_v2,controlled,golovin,8192,0.1,300.0,3600.0,1200.0000476837158,fixed_bin_mass_above_range_fraction_bins_1000,10,10,0.0,0.0,0.0,0.0,0.0,0.0,0.0,nan
golovin_fixed10_high_resolution_screen_v2,controlled,golovin,8192,0.1,300.0,3600.0,1500.0,golovin_fixed_bin_l1_relative,10,10,0.18228517615869072,0.014385799692815199,0.004549189299224664,0.1719941950005247,0.19257615731685673,0.1741420291256149,0.19080299442625667,0.07891919681001079
golovin_fixed10_high_resolution_screen_v2,controlled,golovin,8192,0.1,300.0,3600.0,1500.0,golovin_fixed_bin_l1_relative_bins_250,10,10,0.13148344954400434,0.007284012502377898,0.00230340700126568,0.12627278089725166,0.13669411819075702,0.12711361654245845,0.13569378771445048,0.055398702480346125
golovin_fixed10_high_resolution_screen_v2,controlled,golovin,8192,0.1,300.0,3600.0,1500.0,golovin_fixed_bin_l1_relative_bins_500,10,10,0.18228517615869072,0.014385799692815199,0.004549189299224664,0.1719941950005247,0.19257615731685673,0.17387468253225413,0.19078148985650037,0.07891919681001079
golovin_fixed10_high_resolution_screen_v2,controlled,golovin,8192,0.1,300.0,3600.0,1500.0,golovin_fixed_bin_l1_relative_bins_1000,10,10,0.26144667418080036,0.012119727893479478,0.003832594476486972,0.2527767431337145,0.2701166052278862,0.25471884304093284,0.2689005725322238,0.04635640492063871
golovin_fixed10_high_resolution_screen_v2,controlled,golovin,8192,0.1,300.0,3600.0,1500.0,radius_moment_0_m3,10,10,890436.4120753629,14548.506335202566,4600.641657262921,880029.0375969177,900843.786553808,882449.9585817578,899051.6367999086,0.01633862467651563
golovin_fixed10_high_resolution_screen_v2,controlled,golovin,8192,0.1,300.0,3600.0,1500.0,radius_moment_3_um3_m3,10,10,238740389971.9467,431.0493788157463,136.30978210584917,238740389663.59253,238740390280.30084,238740389742.0806,238740390247.93143,1.8055150989172674e-09
golovin_fixed10_high_resolution_screen_v2,controlled,golovin,8192,0.1,300.0,3600.0,1500.0,radius_moment_6_um6_m3,10,10,1.2178071444954056e+18,3.829482576296966e+16,1.2109887201027948e+16,1.190412676422922e+18,1.2452016125678892e+18,1.197448966885634e+18,1.242224167082543e+18,0.03144572269596677
golovin_fixed10_high_resolution_screen_v2,controlled,golovin,8192,0.1,300.0,3600.0,1500.0,golovin_relative_error_radius_moment_0_m3,10,10,0.007115288778450168,0.016454878709331745,0.005203489534330007,-0.004655822343179952,0.018886399900080286,-0.00215999806868666,0.016966658503725127,2.3126086968062456
golovin_fixed10_high_resolution_screen_v2,controlled,golovin,8192,0.1,300.0,3600.0,1500.0,golovin_relative_error_radius_moment_3_um3_m3,10,10,2.9729000182010524e-05,1.8055687424896442e-09,5.709709698273314e-10,2.972770855594138e-05,2.9730291808079668e-05,2.9728059426375466e-05,2.9730153553989556e-05,6.0734257170956654e-05
golovin_fixed10_high_resolution_screen_v2,controlled,golovin,8192,0.1,300.0,3600.0,1500.0,golovin_relative_error_radius_moment_6_um6_m3,10,10,-0.004410999267987337,0.031307015636173524,0.009900147615281367,-0.02680668910865565,0.017984690572680977,-0.021076292787534978,0.015243601998525261,7.0974882864712825
golovin_fixed10_high_resolution_screen_v2,controlled,golovin,8192,0.1,300.0,3600.0,1500.0,liquid_water_gm3,10,10,0.9982363469689917,1.8023308240492762e-09,5.699470501123892e-10,0.9982363456796819,0.9982363482583014,0.998236346024447,0.9982363481160673,1.8055151262742613e-09
golovin_fixed10_high_resolution_screen_v2,controlled,golovin,8192,0.1,300.0,3600.0,1500.0,relative_liquid_mass_drift,10,10,1.4466943754065653e-09,1.8055151137511846e-09,5.709540109311741e-10,1.5510666995024524e-10,2.7382820808628854e-09,5.019682630669211e-10,2.5546787349450805e-09,1.2480280178346443
golovin_fixed10_high_resolution_screen_v2,controlled,golovin,8192,0.1,300.0,3600.0,1500.0,mass_fraction_r_ge_cloud_threshold,10,10,0.9528636365425159,0.0016359081544822052,0.000517319581100636,0.9516933783466733,0.9540338947383585,0.9519403534059527,0.9538369195412462,0.001716833439481571
golovin_fixed10_high_resolution_screen_v2,controlled,golovin,8192,0.1,300.0,3600.0,1500.0,mass_fraction_r_ge_large_threshold,10,10,0.0,0.0,0.0,0.0,0.0,0.0,0.0,nan
golovin_fixed10_high_resolution_screen_v2,controlled,golovin,8192,0.1,300.0,3600.0,1500.0,mass_fraction_r_ge_onset_threshold,10,10,0.0,0.0,0.0,0.0,0.0,0.0,0.0,nan
golovin_fixed10_high_resolution_screen_v2,controlled,golovin,8192,0.1,300.0,3600.0,1500.0,mass_weighted_radius_q99_um,10,10,318.4122314453125,10.860816044707924,3.4344915949378163,310.6428716832537,326.1815912073713,312.12933708190917,324.8280284118652,0.0341092928352951
golovin_fixed10_high_resolution_screen_v2,controlled,golovin,8192,0.1,300.0,3600.0,1500.0,fixed_bin_mass_below_range_fraction,10,10,0.0,0.0,0.0,0.0,0.0,0.0,0.0,nan
golovin_fixed10_high_resolution_screen_v2,controlled,golovin,8192,0.1,300.0,3600.0,1500.0,fixed_bin_mass_above_range_fraction,10,10,0.0,0.0,0.0,0.0,0.0,0.0,0.0,nan
golovin_fixed10_high_resolution_screen_v2,controlled,golovin,8192,0.1,300.0,3600.0,1500.0,fixed_bin_mass_below_range_fraction_bins_250,10,10,0.0,0.0,0.0,0.0,0.0,0.0,0.0,nan
golovin_fixed10_high_resolution_screen_v2,controlled,golovin,8192,0.1,300.0,3600.0,1500.0,fixed_bin_mass_below_range_fraction_bins_500,10,10,0.0,0.0,0.0,0.0,0.0,0.0,0.0,nan
golovin_fixed10_high_resolution_screen_v2,controlled,golovin,8192,0.1,300.0,3600.0,1500.0,fixed_bin_mass_below_range_fraction_bins_1000,10,10,0.0,0.0,0.0,0.0,0.0,0.0,0.0,nan
golovin_fixed10_high_resolution_screen_v2,controlled,golovin,8192,0.1,300.0,3600.0,1500.0,fixed_bin_mass_above_range_fraction_bins_250,10,10,0.0,0.0,0.0,0.0,0.0,0.0,0.0,nan
golovin_fixed10_high_resolution_screen_v2,controlled,golovin,8192,0.1,300.0,3600.0,1500.0,fixed_bin_mass_above_range_fraction_bins_500,10,10,0.0,0.0,0.0,0.0,0.0,0.0,0.0,nan
golovin_fixed10_high_resolution_screen_v2,controlled,golovin,8192,0.1,300.0,3600.0,1500.0,fixed_bin_mass_above_range_fraction_bins_1000,10,10,0.0,0.0,0.0,0.0,0.0,0.0,0.0,nan
golovin_fixed10_high_resolution_screen_v2,controlled,golovin,8192,0.1,300.0,3600.0,1799.9999523162842,golovin_fixed_bin_l1_relative,10,10,0.18498793015323264,0.013676441341021306,0.004324870492331495,0.17520439339083035,0.19477146691563493,0.17695583614563667,0.19315105045938227,0.07393153342324865
golovin_fixed10_high_resolution_screen_v2,controlled,golovin,8192,0.1,300.0,3600.0,1799.9999523162842,golovin_fixed_bin_l1_relative_bins_250,10,10,0.12631885461838638,0.0116046103021606,0.003669699991348229,0.11801741649763747,0.13462029273913528,0.12014354575401544,0.1337976433515046,0.09186760232443944
golovin_fixed10_high_resolution_screen_v2,controlled,golovin,8192,0.1,300.0,3600.0,1799.9999523162842,golovin_fixed_bin_l1_relative_bins_500,10,10,0.18498793015323264,0.013676441341021306,0.004324870492331495,0.17520439339083035,0.19477146691563493,0.17714570338163194,0.19315102653600427,0.07393153342324865
golovin_fixed10_high_resolution_screen_v2,controlled,golovin,8192,0.1,300.0,3600.0,1799.9999523162842,golovin_fixed_bin_l1_relative_bins_1000,10,10,0.26100201815108776,0.012187015814228602,0.003853872785345386,0.2522839522252056,0.2697200840769699,0.2537239921373695,0.2682251917446007,0.04669318613151042
golovin_fixed10_high_resolution_screen_v2,controlled,golovin,8192,0.1,300.0,3600.0,1799.9999523162842,radius_moment_0_m3,10,10,567682.9464467365,9298.197439872165,2940.3482043942563,561031.4166950452,574334.4761984277,562594.4351963751,573396.2210390297,0.01637920867285482
golovin_fixed10_high_resolution_screen_v2,controlled,golovin,8192,0.1,300.0,3600.0,1799.9999523162842,radius_moment_3_um3_m3,10,10,238740390065.38516,469.44773558561207,148.45240868590133,238740389729.56247,238740390401.20786,238740389789.69424,238740390339.65875,1.9663523857736923e-09
golovin_fixed10_high_resolution_screen_v2,controlled,golovin,8192,0.1,300.0,3600.0,1799.9999523162842,radius_moment_6_um6_m3,10,10,3.0002555338886764e+18,9.536349831235648e+16,3.0156586030866984e+16,2.9320365967934106e+18,3.068474470983942e+18,2.9449112915565164e+18,3.0576288021361265e+18,0.031785125378555476
golovin_fixed10_high_resolution_screen_v2,controlled,golovin,8192,0.1,300.0,3600.0,1799.9999523162842,golovin_relative_error_radius_moment_0_m3,10,10,0.0069672137689515525,0.016493326121044868,0.005215647673445178,-0.004831400974164248,0.018765828512067352,-0.0019838209138169694,0.0172450269062422,2.3672771739178073
golovin_fixed10_high_resolution_screen_v2,controlled,golovin,8192,0.1,300.0,3600.0,1799.9999523162842,golovin_relative_error_radius_moment_3_um3_m3,10,10,2.9729391574861985e-05,1.966410823876434e-09,6.218337019057743e-10,2.972798488929915e-05,2.973079826042482e-05,2.9728197593731352e-05,2.973052565196088e-05,6.614366186824873e-05
golovin_fixed10_high_resolution_screen_v2,controlled,golovin,8192,0.1,300.0,3600.0,1799.9999523162842,golovin_relative_error_radius_moment_6_um6_m3,10,10,-0.0027744235276081055,0.031696939978877216,0.01002345251909014,-0.025449048439635573,0.019900201384419364,-0.02045320369792263,0.01661119396737106,11.424694053904553
golovin_fixed10_high_resolution_screen_v2,controlled,golovin,8192,0.1,300.0,3600.0,1799.9999523162842,liquid_water_gm3,10,10,0.9982363473596827,1.962884445849931e-09,6.207185632603226e-10,0.9982363459555198,0.9982363487638456,0.9982363462133674,0.9982363484761863,1.966352408466918e-09
golovin_fixed10_high_resolution_screen_v2,controlled,golovin,8192,0.1,300.0,3600.0,1799.9999523162842,relative_liquid_mass_drift,10,10,1.8380756472424764e-09,1.9663524309835147e-09,6.218152364516953e-10,4.3143185616621457e-10,3.2447194383187384e-09,6.615978725976746e-10,2.9712972754447616e-09,1.069788631351208
golovin_fixed10_high_resolution_screen_v2,controlled,golovin,8192,0.1,300.0,3600.0,1799.9999523162842,mass_fraction_r_ge_cloud_threshold,10,10,0.9706074547531067,0.0008801133391811323,0.000278316275090869,0.9699778595978866,0.9712370499083268,0.97010503847007,0.9711316138078053,0.0009067654847190583
golovin_fixed10_high_resolution_screen_v2,controlled,golovin,8192,0.1,300.0,3600.0,1799.9999523162842,mass_fraction_r_ge_large_threshold,10,10,0.0,0.0,0.0,0.0,0.0,0.0,0.0,nan
golovin_fixed10_high_resolution_screen_v2,controlled,golovin,8192,0.1,300.0,3600.0,1799.9999523162842,mass_fraction_r_ge_onset_threshold,10,10,0.0,0.0,0.0,0.0,0.0,0.0,0.0,nan
golovin_fixed10_high_resolution_screen_v2,controlled,golovin,8192,0.1,300.0,3600.0,1799.9999523162842,mass_weighted_radius_q99_um,10,10,433.0107482910156,10.484468237049672,3.315479968476713,425.51061153221207,440.51088504981914,427.42203445434575,439.74307929992676,0.024212951476214457
golovin_fixed10_high_resolution_screen_v2,controlled,golovin,8192,0.1,300.0,3600.0,1799.9999523162842,fixed_bin_mass_below_range_fraction,10,10,0.0,0.0,0.0,0.0,0.0,0.0,0.0,nan
golovin_fixed10_high_resolution_screen_v2,controlled,golovin,8192,0.1,300.0,3600.0,1799.9999523162842,fixed_bin_mass_above_range_fraction,10,10,0.0,0.0,0.0,0.0,0.0,0.0,0.0,nan
golovin_fixed10_high_resolution_screen_v2,controlled,golovin,8192,0.1,300.0,3600.0,1799.9999523162842,fixed_bin_mass_below_range_fraction_bins_250,10,10,0.0,0.0,0.0,0.0,0.0,0.0,0.0,nan
golovin_fixed10_high_resolution_screen_v2,controlled,golovin,8192,0.1,300.0,3600.0,1799.9999523162842,fixed_bin_mass_below_range_fraction_bins_500,10,10,0.0,0.0,0.0,0.0,0.0,0.0,0.0,nan
golovin_fixed10_high_resolution_screen_v2,controlled,golovin,8192,0.1,300.0,3600.0,1799.9999523162842,fixed_bin_mass_below_range_fraction_bins_1000,10,10,0.0,0.0,0.0,0.0,0.0,0.0,0.0,nan
golovin_fixed10_high_resolution_screen_v2,controlled,golovin,8192,0.1,300.0,3600.0,1799.9999523162842,fixed_bin_mass_above_range_fraction_bins_250,10,10,0.0,0.0,0.0,0.0,0.0,0.0,0.0,nan
golovin_fixed10_high_resolution_screen_v2,controlled,golovin,8192,0.1,300.0,3600.0,1799.9999523162842,fixed_bin_mass_above_range_fraction_bins_500,10,10,0.0,0.0,0.0,0.0,0.0,0.0,0.0,nan
golovin_fixed10_high_resolution_screen_v2,controlled,golovin,8192,0.1,300.0,3600.0,1799.9999523162842,fixed_bin_mass_above_range_fraction_bins_1000,10,10,0.0,0.0,0.0,0.0,0.0,0.0,0.0,nan
golovin_fixed10_high_resolution_screen_v2,controlled,golovin,8192,0.1,300.0,3600.0,2099.9999046325684,golovin_fixed_bin_l1_relative,10,10,0.19902784029821627,0.012427419096968718,0.003929894978389407,0.19013780022380797,0.20791788037262457,0.19088283519626306,0.20522600901989838,0.06244060669275169
golovin_fixed10_high_resolution_screen_v2,controlled,golovin,8192,0.1,300.0,3600.0,2099.9999046325684,golovin_fixed_bin_l1_relative_bins_250,10,10,0.13876467536327106,0.018184814697386552,0.005750543327184709,0.12575604258569875,0.15177330814084336,0.12963414296114698,0.150546423038666,0.13104786682763936
golovin_fixed10_high_resolution_screen_v2,controlled,golovin,8192,0.1,300.0,3600.0,2099.9999046325684,golovin_fixed_bin_l1_relative_bins_500,10,10,0.19902784029821627,0.012427419096968718,0.003929894978389407,0.19013780022380797,0.20791788037262457,0.1907301986093523,0.205110765908549,0.06244060669275169
golovin_fixed10_high_resolution_screen_v2,controlled,golovin,8192,0.1,300.0,3600.0,2099.9999046325684,golovin_fixed_bin_l1_relative_bins_1000,10,10,0.26815928089889024,0.018806604242286702,0.00594717044590111,0.25470584667631324,0.28161271512146724,0.255631984212407,0.27683439230902035,0.07013221462723773
golovin_fixed10_high_resolution_screen_v2,controlled,golovin,8192,0.1,300.0,3600.0,2099.9999046325684,radius_moment_0_m3,10,10,361046.0286593536,6259.915770105169,1979.5591794339311,356567.9546824142,365524.10263629304,357596.59147672233,364836.1136963408,0.017338276211899258
golovin_fixed10_high_resolution_screen_v2,controlled,golovin,8192,0.1,300.0,3600.0,2099.9999046325684,radius_moment_3_um3_m3,10,10,238740390066.28793,381.54248550496555,120.65432783174703,238740389793.34888,238740390339.227,238740389844.5363,238740390291.87427,1.5981480360278695e-09
golovin_fixed10_high_resolution_screen_v2,controlled,golovin,8192,0.1,300.0,3600.0,2099.9999046325684,radius_moment_6_um6_m3,10,10,7.490257009946544e+18,3.2125730756385517e+17,1.0159048068750213e+17,7.260443376387199e+18,7.720070643505889e+18,7.29515948951968e+18,7.678445407063544e+18,0.04289002461961554
golovin_fixed10_high_resolution_screen_v2,controlled,golovin,8192,0.1,300.0,3600.0,2099.9999046325684,golovin_relative_error_radius_moment_0_m3,10,10,0.004396658895375693,0.01741450669823681,0.005506950549468686,-0.008060928735280404,0.01685424652603179,-0.005320452656027503,0.014749253306098027,3.9608500710739682
golovin_fixed10_high_resolution_screen_v2,controlled,golovin,8192,0.1,300.0,3600.0,2099.9999046325684,golovin_relative_error_radius_moment_3_um3_m3,10,10,2.9729395356481446e-05,1.5981955256020567e-09,5.053938007192445e-10,2.9728252076275114e-05,2.9730538636687778e-05,2.972845525832657e-05,2.9730347627786035e-05,5.3758090483788684e-05
golovin_fixed10_high_resolution_screen_v2,controlled,golovin,8192,0.1,300.0,3600.0,2099.9999046325684,golovin_relative_error_radius_moment_6_um6_m3,10,10,0.012197997322285149,0.043413197025078336,0.013728458310889357,-0.018857932979869756,0.04325392762444005,-0.014158752926293226,0.036497402877787105,3.559043003376016
golovin_fixed10_high_resolution_screen_v2,controlled,golovin,8192,0.1,300.0,3600.0,2099.9999046325684,liquid_water_gm3,10,10,0.9982363473634575,1.5953294029088066e-09,5.044874531428279e-10,0.9982363462222276,0.9982363485046873,0.9982363464355563,0.9982363483061888,1.598147980808745e-09
golovin_fixed10_high_resolution_screen_v2,controlled,golovin,8192,0.1,300.0,3600.0,2099.9999046325684,relative_liquid_mass_drift,10,10,1.841857133477731e-09,1.5981479885980435e-09,5.053787681986622e-10,6.986109330709938e-10,2.9851033338844684e-09,9.171378545502762e-10,2.766082632943423e-09,0.8676829269491035
golovin_fixed10_high_resolution_screen_v2,controlled,golovin,8192,0.1,300.0,3600.0,2099.9999046325684,mass_fraction_r_ge_cloud_threshold,10,10,0.981496798084591,0.0005825729614318517,0.00018422574613540795,0.981080050493399,0.981913545675783,0.9811588477653405,0.9818495556223612,0.0005935556413110603
golovin_fixed10_high_resolution_screen_v2,controlled,golovin,8192,0.1,300.0,3600.0,2099.9999046325684,mass_fraction_r_ge_large_threshold,10,10,0.0,0.0,0.0,0.0,0.0,0.0,0.0,nan
golovin_fixed10_high_resolution_screen_v2,controlled,golovin,8192,0.1,300.0,3600.0,2099.9999046325684,mass_fraction_r_ge_onset_threshold,10,10,0.0,0.0,0.0,0.0,0.0,0.0,0.0,nan
golovin_fixed10_high_resolution_screen_v2,controlled,golovin,8192,0.1,300.0,3600.0,2099.9999046325684,mass_weighted_radius_q99_um,10,10,595.8184265136719,24.947296794526043,7.889027933491992,577.9722054664078,613.6646475609359,582.3508071899414,611.0170964050293,0.04187063656372768
golovin_fixed10_high_resolution_screen_v2,controlled,golovin,8192,0.1,300.0,3600.0,2099.9999046325684,fixed_bin_mass_below_range_fraction,10,10,0.0,0.0,0.0,0.0,0.0,0.0,0.0,nan
golovin_fixed10_high_resolution_screen_v2,controlled,golovin,8192,0.1,300.0,3600.0,2099.9999046325684,fixed_bin_mass_above_range_fraction,10,10,0.0,0.0,0.0,0.0,0.0,0.0,0.0,nan
golovin_fixed10_high_resolution_screen_v2,controlled,golovin,8192,0.1,300.0,3600.0,2099.9999046325684,fixed_bin_mass_below_range_fraction_bins_250,10,10,0.0,0.0,0.0,0.0,0.0,0.0,0.0,nan
golovin_fixed10_high_resolution_screen_v2,controlled,golovin,8192,0.1,300.0,3600.0,2099.9999046325684,fixed_bin_mass_below_range_fraction_bins_500,10,10,0.0,0.0,0.0,0.0,0.0,0.0,0.0,nan
golovin_fixed10_high_resolution_screen_v2,controlled,golovin,8192,0.1,300.0,3600.0,2099.9999046325684,fixed_bin_mass_below_range_fraction_bins_1000,10,10,0.0,0.0,0.0,0.0,0.0,0.0,0.0,nan
golovin_fixed10_high_resolution_screen_v2,controlled,golovin,8192,0.1,300.0,3600.0,2099.9999046325684,fixed_bin_mass_above_range_fraction_bins_250,10,10,0.0,0.0,0.0,0.0,0.0,0.0,0.0,nan
golovin_fixed10_high_resolution_screen_v2,controlled,golovin,8192,0.1,300.0,3600.0,2099.9999046325684,fixed_bin_mass_above_range_fraction_bins_500,10,10,0.0,0.0,0.0,0.0,0.0,0.0,0.0,nan
golovin_fixed10_high_resolution_screen_v2,controlled,golovin,8192,0.1,300.0,3600.0,2099.9999046325684,fixed_bin_mass_above_range_fraction_bins_1000,10,10,0.0,0.0,0.0,0.0,0.0,0.0,0.0,nan
golovin_fixed10_high_resolution_screen_v2,controlled,golovin,8192,0.1,300.0,3600.0,2400.0000953674316,golovin_fixed_bin_l1_relative,10,10,0.19966462777925115,0.01187964885623852,0.003756674818872791,0.1911664389294344,0.20816281662906788,0.19247094486225902,0.2061871337918913,0.05949801418693269
golovin_fixed10_high_resolution_screen_v2,controlled,golovin,8192,0.1,300.0,3600.0,2400.0000953674316,golovin_fixed_bin_l1_relative_bins_250,10,10,0.1377108086727087,0.014450631187628064,0.0045696908179968685,0.1273734498570039,0.1480481674884135,0.12941069855002693,0.14663310039922506,0.10493461861786209
golovin_fixed10_high_resolution_screen_v2,controlled,golovin,8192,0.1,300.0,3600.0,2400.0000953674316,golovin_fixed_bin_l1_relative_bins_500,10,10,0.19966462777925115,0.01187964885623852,0.003756674818872791,0.1911664389294344,0.20816281662906788,0.19252440987232525,0.20635723054026983,0.05949801418693269
golovin_fixed10_high_resolution_screen_v2,controlled,golovin,8192,0.1,300.0,3600.0,2400.0000953674316,golovin_fixed_bin_l1_relative_bins_1000,10,10,0.27953324417033587,0.012571762557163097,0.003975540388345816,0.27053994700484585,0.2885265413358259,0.27223638722103527,0.2869517373416824,0.044974123183367735
golovin_fixed10_high_resolution_screen_v2,controlled,golovin,8192,0.1,300.0,3600.0,2400.0000953674316,radius_moment_0_m3,10,10,230458.9390949346,3763.8345850936544,1190.2290025010784,227766.45403155664,233151.42415831258,228356.20409982186,232750.70962393595,0.016331909709708377
golovin_fixed10_high_resolution_screen_v2,controlled,golovin,8192,0.1,300.0,3600.0,2400.0000953674316,radius_moment_3_um3_m3,10,10,238740390297.45132,360.710422451689,114.06665107088746,238740390039.41464,238740390555.488,238740390066.86176,238740390489.43317,1.510889807972052e-09
golovin_fixed10_high_resolution_screen_v2,controlled,golovin,8192,0.1,300.0,3600.0,2400.0000953674316,radius_moment_6_um6_m3,10,10,1.8326596008604488e+19,1.0566566898054985e+18,3.3414418446393965e+17,1.7570709348312023e+19,1.9082482668896952e+19,1.7715673743335002e+19,1.8939494057640337e+19,0.057657007843103514
golovin_fixed10_high_resolution_screen_v2,controlled,golovin,8192,0.1,300.0,3600.0,2400.0000953674316,golovin_relative_error_radius_moment_0_m3,10,10,0.005471129982207978,0.016421263710587868,0.0051928595383725715,-0.006275934417926515,0.01721819438234247,-0.00392059806720157,0.01550422168328025,3.001439147669593
golovin_fixed10_high_resolution_screen_v2,controlled,golovin,8192,0.1,300.0,3600.0,2400.0000953674316,golovin_relative_error_radius_moment_3_um3_m3,10,10,2.973036364777304e-05,1.5109347054952562e-09,4.777995065160738e-10,2.9729282790196993e-05,2.9731444505349084e-05,2.9729399619062294e-05,2.973118064189928e-05,5.082126553835251e-05
golovin_fixed10_high_resolution_screen_v2,controlled,golovin,8192,0.1,300.0,3600.0,2400.0000953674316,golovin_relative_error_radius_moment_6_um6_m3,10,10,0.006894203198785931,0.058054506971007856,0.01835844704665076,-0.03463548928564663,0.0484238956832185,-0.02619748900722446,0.040969555093044785,8.420771087981748
golovin_fixed10_high_resolution_screen_v2,controlled,golovin,8192,0.1,300.0,3600.0,2400.0000953674316,liquid_water_gm3,10,10,0.9982363483300121,1.5082251482550083e-09,4.769426692830954e-10,0.9982363472510928,0.9982363494089314,0.9982363473491468,0.9982363491352199,1.5108898316297299e-09
golovin_fixed10_high_resolution_screen_v2,controlled,golovin,8192,0.1,300.0,3600.0,2400.0000953674316,relative_liquid_mass_drift,10,10,2.8101195592711293e-09,1.5108898124986756e-09,4.777853101040552e-10,1.7292940977394792e-09,3.890945020802779e-09,1.8429704407019192e-09,3.6088464661077068e-09,0.5376603310396375
golovin_fixed10_high_resolution_screen_v2,controlled,golovin,8192,0.1,300.0,3600.0,2400.0000953674316,mass_fraction_r_ge_cloud_threshold,10,10,0.9882893550558032,0.000353518115828212,0.00011179224401483723,0.9880364634302597,0.9885422466813466,0.9880915223946056,0.9884992667384235,0.0003577070966308757
golovin_fixed10_high_resolution_screen_v2,controlled,golovin,8192,0.1,300.0,3600.0,2400.0000953674316,mass_fraction_r_ge_large_threshold,10,10,0.000527048138168591,0.0012317418375722854,0.00038951096960495864,-0.00035408689171174013,0.001408183168048922,0.0,0.001430392283241895,2.337057563380062
golovin_fixed10_high_resolution_screen_v2,controlled,golovin,8192,0.1,300.0,3600.0,2400.0000953674316,mass_fraction_r_ge_onset_threshold,10,10,0.000527048138168591,0.0012317418375722854,0.00038951096960495864,-0.00035408689171174013,0.001408183168048922,0.0,0.0012796401519780173,2.337057563380062
golovin_fixed10_high_resolution_screen_v2,controlled,golovin,8192,0.1,300.0,3600.0,2400.0000953674316,mass_weighted_radius_q99_um,10,10,802.1615234375,33.374045763175864,10.553799934632819,778.2871693206312,826.0358775543689,782.7211120605468,822.5376467895508,0.041605144086390704
golovin_fixed10_high_resolution_screen_v2,controlled,golovin,8192,0.1,300.0,3600.0,2400.0000953674316,fixed_bin_mass_below_range_fraction,10,10,0.0,0.0,0.0,0.0,0.0,0.0,0.0,nan
golovin_fixed10_high_resolution_screen_v2,controlled,golovin,8192,0.1,300.0,3600.0,2400.0000953674316,fixed_bin_mass_above_range_fraction,10,10,0.0,0.0,0.0,0.0,0.0,0.0,0.0,nan
golovin_fixed10_high_resolution_screen_v2,controlled,golovin,8192,0.1,300.0,3600.0,2400.0000953674316,fixed_bin_mass_below_range_fraction_bins_250,10,10,0.0,0.0,0.0,0.0,0.0,0.0,0.0,nan
golovin_fixed10_high_resolution_screen_v2,controlled,golovin,8192,0.1,300.0,3600.0,2400.0000953674316,fixed_bin_mass_below_range_fraction_bins_500,10,10,0.0,0.0,0.0,0.0,0.0,0.0,0.0,nan
golovin_fixed10_high_resolution_screen_v2,controlled,golovin,8192,0.1,300.0,3600.0,2400.0000953674316,fixed_bin_mass_below_range_fraction_bins_1000,10,10,0.0,0.0,0.0,0.0,0.0,0.0,0.0,nan
golovin_fixed10_high_resolution_screen_v2,controlled,golovin,8192,0.1,300.0,3600.0,2400.0000953674316,fixed_bin_mass_above_range_fraction_bins_250,10,10,0.0,0.0,0.0,0.0,0.0,0.0,0.0,nan
golovin_fixed10_high_resolution_screen_v2,controlled,golovin,8192,0.1,300.0,3600.0,2400.0000953674316,fixed_bin_mass_above_range_fraction_bins_500,10,10,0.0,0.0,0.0,0.0,0.0,0.0,0.0,nan
golovin_fixed10_high_resolution_screen_v2,controlled,golovin,8192,0.1,300.0,3600.0,2400.0000953674316,fixed_bin_mass_above_range_fraction_bins_1000,10,10,0.0,0.0,0.0,0.0,0.0,0.0,0.0,nan
golovin_fixed10_high_resolution_screen_v2,controlled,golovin,8192,0.1,300.0,3600.0,2700.000047683716,golovin_fixed_bin_l1_relative,10,10,0.2131461943664807,0.015447964785325122,0.004885075393570144,0.20209538607410674,0.22419700265885464,0.20416664565442977,0.22209975738844814,0.07247591180898168
golovin_fixed10_high_resolution_screen_v2,controlled,golovin,8192,0.1,300.0,3600.0,2700.000047683716,golovin_fixed_bin_l1_relative_bins_250,10,10,0.14957359574338466,0.014240870601163571,0.00450335869634082,0.13938629061180768,0.15976090087496164,0.14130757866258195,0.1580466543639749,0.09520978973853021
golovin_fixed10_high_resolution_screen_v2,controlled,golovin,8192,0.1,300.0,3600.0,2700.000047683716,golovin_fixed_bin_l1_relative_bins_500,10,10,0.2131461943664807,0.015447964785325122,0.004885075393570144,0.20209538607410674,0.22419700265885464,0.2041743997815432,0.2220334461053657,0.07247591180898168
golovin_fixed10_high_resolution_screen_v2,controlled,golovin,8192,0.1,300.0,3600.0,2700.000047683716,golovin_fixed_bin_l1_relative_bins_1000,10,10,0.2998166096845553,0.018523144758594824,0.005857532686616942,0.2865659501612002,0.31306726920791045,0.2888384376511391,0.31035328796099965,0.06178158300863817
golovin_fixed10_high_resolution_screen_v2,controlled,golovin,8192,0.1,300.0,3600.0,2700.000047683716,radius_moment_0_m3,10,10,146692.59403432932,2260.075084164024,714.6984948955062,145075.83371486035,148309.3543537983,145425.45999969225,148125.89274899592,0.015406879256870433
golovin_fixed10_high_resolution_screen_v2,controlled,golovin,8192,0.1,300.0,3600.0,2700.000047683716,radius_moment_3_um3_m3,10,10,238740389992.1215,418.7095124061957,132.40757371821076,238740389692.59476,238740390291.64822,238740389737.15506,238740390226.72278,1.7538277139448974e-09
golovin_fixed10_high_resolution_screen_v2,controlled,golovin,8192,0.1,300.0,3600.0,2700.000047683716,radius_moment_6_um6_m3,10,10,4.520364893936986e+19,2.810033860761691e+18,8.886107302203397e+17,4.319347181106257e+19,4.721382606767714e+19,4.367014913155553e+19,4.696701764586681e+19,0.06216387231328815
golovin_fixed10_high_resolution_screen_v2,controlled,golovin,8192,0.1,300.0,3600.0,2700.000047683716,golovin_relative_error_radius_moment_0_m3,10,10,0.003731237016474531,0.015464365975062021,0.0048902619051606625,-0.0073313039802438565,0.01479377801319292,-0.005092603657250056,0.01318987060827643,4.144568116895873
golovin_fixed10_high_resolution_screen_v2,controlled,golovin,8192,0.1,300.0,3600.0,2700.000047683716,golovin_relative_error_radius_moment_3_um3_m3,10,10,2.9729084689722462e-05,1.753879836969554e-09,5.54625502706858e-10,2.9727830039668842e-05,2.973033933977608e-05,2.972800765201622e-05,2.9730042694220414e-05,5.899541998263679e-05
golovin_fixed10_high_resolution_screen_v2,controlled,golovin,8192,0.1,300.0,3600.0,2700.000047683716,golovin_relative_error_radius_moment_6_um6_m3,10,10,0.00973897164804497,0.06276928450327993,0.019849390612947534,-0.03516346950421374,0.054641412800303685,-0.024468245521504468,0.04952726468716972,6.445165544339625
golovin_fixed10_high_resolution_screen_v2,controlled,golovin,8192,0.1,300.0,3600.0,2700.000047683716,liquid_water_gm3,10,10,0.9982363470533479,1.750734528406609e-09,5.536308688065642e-10,0.9982363458009478,0.9982363483057479,0.9982363459689896,0.9982363480186256,1.753827671747807e-09
golovin_fixed10_high_resolution_screen_v2,controlled,golovin,8192,0.1,300.0,3600.0,2700.000047683716,relative_liquid_mass_drift,10,10,1.5311996115485726e-09,1.7538276497950914e-09,5.546089996732629e-10,2.7658689038535364e-10,2.785812332711792e-09,4.258278277213812e-10,2.5197437558688305e-09,1.1453945237233731
golovin_fixed10_high_resolution_screen_v2,controlled,golovin,8192,0.1,300.0,3600.0,2700.000047683716,mass_fraction_r_ge_cloud_threshold,10,10,0.9925907024588781,0.0002263412102646808,7.157537527954739e-05,0.9924287877110095,0.9927526172067468,0.9924641219484291,0.9927264278112076,0.0002280307579992246
golovin_fixed10_high_resolution_screen_v2,controlled,golovin,8192,0.1,300.0,3600.0,2700.000047683716,mass_fraction_r_ge_large_threshold,10,10,0.02236787814445006,0.006894952770423281,0.0021803755113825618,0.0174355260637862,0.027300230225113922,0.01851709054705248,0.026639951475172452,0.3082524290366837
golovin_fixed10_high_resolution_screen_v2,controlled,golovin,8192,0.1,300.0,3600.0,2700.000047683716,mass_fraction_r_ge_onset_threshold,10,10,0.02236787814445006,0.006894952770423281,0.0021803755113825618,0.0174355260637862,0.027300230225113922,0.01856737233461469,0.02657768673345497,0.3082524290366837
golovin_fixed10_high_resolution_screen_v2,controlled,golovin,8192,0.1,300.0,3600.0,2700.000047683716,mass_weighted_radius_q99_um,10,10,1056.0641723632812,25.831479958867238,8.168631200301308,1037.5854447832626,1074.5428999432997,1041.5870385742187,1072.3430340576172,0.02446014232360619
golovin_fixed10_high_resolution_screen_v2,controlled,golovin,8192,0.1,300.0,3600.0,2700.000047683716,fixed_bin_mass_below_range_fraction,10,10,0.0,0.0,0.0,0.0,0.0,0.0,0.0,nan
golovin_fixed10_high_resolution_screen_v2,controlled,golovin,8192,0.1,300.0,3600.0,2700.000047683716,fixed_bin_mass_above_range_fraction,10,10,0.0,0.0,0.0,0.0,0.0,0.0,0.0,nan
golovin_fixed10_high_resolution_screen_v2,controlled,golovin,8192,0.1,300.0,3600.0,2700.000047683716,fixed_bin_mass_below_range_fraction_bins_250,10,10,0.0,0.0,0.0,0.0,0.0,0.0,0.0,nan
golovin_fixed10_high_resolution_screen_v2,controlled,golovin,8192,0.1,300.0,3600.0,2700.000047683716,fixed_bin_mass_below_range_fraction_bins_500,10,10,0.0,0.0,0.0,0.0,0.0,0.0,0.0,nan
golovin_fixed10_high_resolution_screen_v2,controlled,golovin,8192,0.1,300.0,3600.0,2700.000047683716,fixed_bin_mass_below_range_fraction_bins_1000,10,10,0.0,0.0,0.0,0.0,0.0,0.0,0.0,nan
golovin_fixed10_high_resolution_screen_v2,controlled,golovin,8192,0.1,300.0,3600.0,2700.000047683716,fixed_bin_mass_above_range_fraction_bins_250,10,10,0.0,0.0,0.0,0.0,0.0,0.0,0.0,nan
golovin_fixed10_high_resolution_screen_v2,controlled,golovin,8192,0.1,300.0,3600.0,2700.000047683716,fixed_bin_mass_above_range_fraction_bins_500,10,10,0.0,0.0,0.0,0.0,0.0,0.0,0.0,nan
golovin_fixed10_high_resolution_screen_v2,controlled,golovin,8192,0.1,300.0,3600.0,2700.000047683716,fixed_bin_mass_above_range_fraction_bins_1000,10,10,0.0,0.0,0.0,0.0,0.0,0.0,0.0,nan
golovin_fixed10_high_resolution_screen_v2,controlled,golovin,8192,0.1,300.0,3600.0,300.00001192092896,golovin_fixed_bin_l1_relative,10,10,0.16292864069560326,0.013636300667903308,0.0043121768969449775,0.15317381884092623,0.17268346255028028,0.1539241394494636,0.1693973750035387,0.08369492686911795
golovin_fixed10_high_resolution_screen_v2,controlled,golovin,8192,0.1,300.0,3600.0,300.00001192092896,golovin_fixed_bin_l1_relative_bins_250,10,10,0.11531669627287293,0.016166794801409975,0.005112389403702505,0.10375166796427367,0.1268817245814722,0.1059116353128313,0.12506721409537902,0.14019474476752805
golovin_fixed10_high_resolution_screen_v2,controlled,golovin,8192,0.1,300.0,3600.0,300.00001192092896,golovin_fixed_bin_l1_relative_bins_500,10,10,0.16292864069560326,0.013636300667903308,0.0043121768969449775,0.15317381884092623,0.17268346255028028,0.15387669605926954,0.16937555739601057,0.08369492686911795
golovin_fixed10_high_resolution_screen_v2,controlled,golovin,8192,0.1,300.0,3600.0,300.00001192092896,golovin_fixed_bin_l1_relative_bins_1000,10,10,0.23764279124578264,0.01195140100332177,0.0037793648400518388,0.22909327400203167,0.2461923084895336,0.23016191126830016,0.24426485085801708,0.05029145189159559
golovin_fixed10_high_resolution_screen_v2,controlled,golovin,8192,0.1,300.0,3600.0,300.00001192092896,radius_moment_0_m3,10,10,5383141.277059601,51821.31832530492,16387.3397260586,5346070.53911909,5420212.015000111,5351795.532719051,5411449.081453553,0.009626594521333267
golovin_fixed10_high_resolution_screen_v2,controlled,golovin,8192,0.1,300.0,3600.0,300.00001192092896,radius_moment_3_um3_m3,10,10,238740389917.94052,482.8988026416188,152.706009571565,238740389572.4955,238740390263.38553,238740389657.21317,238740390220.15323,2.022694202717856e-09
golovin_fixed10_high_resolution_screen_v2,controlled,golovin,8192,0.1,300.0,3600.0,300.00001192092896,radius_moment_6_um6_m3,10,10,3.3328549903058836e+16,773906385120550.4,244730687272838.25,3.2774930625888056e+16,3.3882169180229616e+16,3.2883582785115504e+16,3.3788155052529908e+16,0.023220523766307715
golovin_fixed10_high_resolution_screen_v2,controlled,golovin,8192,0.1,300.0,3600.0,300.00001192092896,golovin_relative_error_radius_moment_0_m3,10,10,0.006419680676979789,0.009688394184166957,0.0030637392491496417,-0.0005109790104300673,0.013350340364389646,0.0004844954368711719,0.011850970275472989,1.5091707316390963
golovin_fixed10_high_resolution_screen_v2,controlled,golovin,8192,0.1,300.0,3600.0,300.00001192092896,golovin_relative_error_radius_moment_3_um3_m3,10,10,2.9728773962411915e-05,2.022754341805628e-09,6.396510867100531e-10,2.9727326971124423e-05,2.9730220953699407e-05,2.9727686228536166e-05,2.9730043010617323e-05,6.804028798372688e-05
golovin_fixed10_high_resolution_screen_v2,controlled,golovin,8192,0.1,300.0,3600.0,300.00001192092896,golovin_relative_error_radius_moment_6_um6_m3,10,10,-0.00279634846037371,0.023155591090424695,0.007322440841324397,-0.019360860458741806,0.013768163537994387,-0.016487205427371306,0.010879518028214621,8.280652936698074
golovin_fixed10_high_resolution_screen_v2,controlled,golovin,8192,0.1,300.0,3600.0,300.00001192092896,liquid_water_gm3,10,10,0.9982363467431778,2.019126859447654e-09,6.385039760677256e-10,0.9982363452987815,0.9982363481875742,0.9982363456404036,0.9982363479826116,2.0226941906445396e-09
golovin_fixed10_high_resolution_screen_v2,controlled,golovin,8192,0.1,300.0,3600.0,300.00001192092896,relative_liquid_mass_drift,10,10,1.2204815824645721e-09,2.022694202255367e-09,6.396320689144248e-10,-2.2646668378562893e-10,2.667429848714773e-09,1.1470963345860957e-10,2.5145532814296877e-09,1.657291868485923
golovin_fixed10_high_resolution_screen_v2,controlled,golovin,8192,0.1,300.0,3600.0,300.00001192092896,mass_fraction_r_ge_cloud_threshold,10,10,0.6297182391195075,0.010241525304519314,0.0032386546676530584,0.6223918932652464,0.6370445849737687,0.6239486516079132,0.6358943935744171,0.016263663124700574
golovin_fixed10_high_resolution_screen_v2,controlled,golovin,8192,0.1,300.0,3600.0,300.00001192092896,mass_fraction_r_ge_large_threshold,10,10,0.0,0.0,0.0,0.0,0.0,0.0,0.0,nan
golovin_fixed10_high_resolution_screen_v2,controlled,golovin,8192,0.1,300.0,3600.0,300.00001192092896,mass_fraction_r_ge_onset_threshold,10,10,0.0,0.0,0.0,0.0,0.0,0.0,0.0,nan
golovin_fixed10_high_resolution_screen_v2,controlled,golovin,8192,0.1,300.0,3600.0,300.00001192092896,mass_weighted_radius_q99_um,10,10,87.08076477050781,1.3848674899488262,0.4379335525758631,86.09009024771866,88.07143929329696,86.3020665359497,87.93076663970947,0.015903253647329564
golovin_fixed10_high_resolution_screen_v2,controlled,golovin,8192,0.1,300.0,3600.0,300.00001192092896,fixed_bin_mass_below_range_fraction,10,10,0.0,0.0,0.0,0.0,0.0,0.0,0.0,nan
golovin_fixed10_high_resolution_screen_v2,controlled,golovin,8192,0.1,300.0,3600.0,300.00001192092896,fixed_bin_mass_above_range_fraction,10,10,0.0,0.0,0.0,0.0,0.0,0.0,0.0,nan
golovin_fixed10_high_resolution_screen_v2,controlled,golovin,8192,0.1,300.0,3600.0,300.00001192092896,fixed_bin_mass_below_range_fraction_bins_250,10,10,0.0,0.0,0.0,0.0,0.0,0.0,0.0,nan
golovin_fixed10_high_resolution_screen_v2,controlled,golovin,8192,0.1,300.0,3600.0,300.00001192092896,fixed_bin_mass_below_range_fraction_bins_500,10,10,0.0,0.0,0.0,0.0,0.0,0.0,0.0,nan
golovin_fixed10_high_resolution_screen_v2,controlled,golovin,8192,0.1,300.0,3600.0,300.00001192092896,fixed_bin_mass_below_range_fraction_bins_1000,10,10,0.0,0.0,0.0,0.0,0.0,0.0,0.0,nan
golovin_fixed10_high_resolution_screen_v2,controlled,golovin,8192,0.1,300.0,3600.0,300.00001192092896,fixed_bin_mass_above_range_fraction_bins_250,10,10,0.0,0.0,0.0,0.0,0.0,0.0,0.0,nan
golovin_fixed10_high_resolution_screen_v2,controlled,golovin,8192,0.1,300.0,3600.0,300.00001192092896,fixed_bin_mass_above_range_fraction_bins_500,10,10,0.0,0.0,0.0,0.0,0.0,0.0,0.0,nan
golovin_fixed10_high_resolution_screen_v2,controlled,golovin,8192,0.1,300.0,3600.0,300.00001192092896,fixed_bin_mass_above_range_fraction_bins_1000,10,10,0.0,0.0,0.0,0.0,0.0,0.0,0.0,nan
golovin_fixed10_high_resolution_screen_v2,controlled,golovin,8192,0.1,300.0,3600.0,3000.0,golovin_fixed_bin_l1_relative,10,10,0.22101406554985048,0.014844127464228543,0.004694125266482181,0.21039521645520579,0.23163291464449517,0.21344626326751562,0.23040279402539085,0.0671637229390742
golovin_fixed10_high_resolution_screen_v2,controlled,golovin,8192,0.1,300.0,3600.0,3000.0,golovin_fixed_bin_l1_relative_bins_250,10,10,0.15670238653259597,0.011047646915432625,0.003493572703810069,0.14879937601691573,0.1646053970482762,0.15010075038724438,0.16287840234346515,0.07050082107801582
golovin_fixed10_high_resolution_screen_v2,controlled,golovin,8192,0.1,300.0,3600.0,3000.0,golovin_fixed_bin_l1_relative_bins_500,10,10,0.22101406554985048,0.014844127464228543,0.004694125266482181,0.21039521645520579,0.23163291464449517,0.21340756568911814,0.23053395271630658,0.0671637229390742
golovin_fixed10_high_resolution_screen_v2,controlled,golovin,8192,0.1,300.0,3600.0,3000.0,golovin_fixed_bin_l1_relative_bins_1000,10,10,0.31996933405965844,0.011102222069593054,0.003510830882890246,0.31202728283055514,0.32791138528876174,0.3135089128360656,0.32631254918092156,0.03469776909159376
golovin_fixed10_high_resolution_screen_v2,controlled,golovin,8192,0.1,300.0,3600.0,3000.0,radius_moment_0_m3,10,10,93611.69206829606,1471.722425059875,465.3994946735674,92558.8852678576,94664.49886873453,92752.06249547485,94528.9158354013,0.015721566318726017
golovin_fixed10_high_resolution_screen_v2,controlled,golovin,8192,0.1,300.0,3600.0,3000.0,radius_moment_3_um3_m3,10,10,238740390166.68915,397.8599440461118,125.81436129328607,238740389882.0773,238740390451.301,238740389920.89078,238740390379.37634,1.6664961624982056e-09
golovin_fixed10_high_resolution_screen_v2,controlled,golovin,8192,0.1,300.0,3600.0,3000.0,radius_moment_6_um6_m3,10,10,1.102306069846601e+20,8.167924023189786e+18,2.582924366848569e+18,1.043876261272276e+20,1.1607358784209261e+20,1.0557112392541179e+20,1.1519092162538892e+20,0.07409851262387088
golovin_fixed10_high_resolution_screen_v2,controlled,golovin,8192,0.1,300.0,3600.0,3000.0,golovin_relative_error_radius_moment_0_m3,10,10,0.0045522979273805554,0.015793135572493903,0.004994227980490802,-0.006745430671333925,0.015850026526095035,-0.004641809763166574,0.013993313386337079,3.4692666922134983
golovin_fixed10_high_resolution_screen_v2,controlled,golovin,8192,0.1,300.0,3600.0,3000.0,golovin_relative_error_radius_moment_3_um3_m3,10,10,2.972981591460311e-05,1.6665456818089654e-09,5.270080179234572e-10,2.972862373964051e-05,2.9731008089565707e-05,2.9728782087410923e-05,2.9730698732557957e-05,5.6056374065551077e-05
golovin_fixed10_high_resolution_screen_v2,controlled,golovin,8192,0.1,300.0,3600.0,3000.0,golovin_relative_error_radius_moment_6_um6_m3,10,10,0.001086061987478515,0.07417898820176036,0.023457455724432055,-0.05197838950056721,0.05415051347552424,-0.04016544148898991,0.04598081178941226,68.30087882366642
golovin_fixed10_high_resolution_screen_v2,controlled,golovin,8192,0.1,300.0,3600.0,3000.0,liquid_water_gm3,10,10,0.9982363477832615,1.663556997255045e-09,5.260629128836419e-10,0.9982363465932246,0.9982363489732985,0.9982363467211128,0.9982363486650575,1.6664961168256707e-09
golovin_fixed10_high_resolution_screen_v2,controlled,golovin,8192,0.1,300.0,3600.0,3000.0,relative_liquid_mass_drift,10,10,2.2624027318229877e-09,1.6664961332279831e-09,5.269923492863838e-10,1.070263214144941e-09,3.4545422495010346e-09,1.2382164205071435e-09,3.1397391325738157e-09,0.7366045442692523
golovin_fixed10_high_resolution_screen_v2,controlled,golovin,8192,0.1,300.0,3600.0,3000.0,mass_fraction_r_ge_cloud_threshold,10,10,0.9952929294843621,0.0001610799751864283,5.0937960703251906e-05,0.9951776998116989,0.9954081591570253,0.9952029033973823,0.9953913234712259,0.0001618417758376723
golovin_fixed10_high_resolution_screen_v2,controlled,golovin,8192,0.1,300.0,3600.0,3000.0,mass_fraction_r_ge_large_threshold,10,10,0.14323396048996745,0.016078986267035647,0.0050846219070400985,0.13173174662283602,0.15473617435709888,0.13465296193253978,0.1533975734447951,0.11225680147385067
golovin_fixed10_high_resolution_screen_v2,controlled,golovin,8192,0.1,300.0,3600.0,3000.0,mass_fraction_r_ge_onset_threshold,10,10,0.14323396048996745,0.016078986267035647,0.0050846219070400985,0.13173174662283602,0.15473617435709888,0.1346611746521972,0.1535056186936842,0.11225680147385067
golovin_fixed10_high_resolution_screen_v2,controlled,golovin,8192,0.1,300.0,3600.0,3000.0,mass_weighted_radius_q99_um,10,10,1427.33505859375,67.80767618604501,21.442669959106155,1378.8283691562401,1475.84174803126,1389.0624862670898,1467.7504174804687,0.04750648824730124
golovin_fixed10_high_resolution_screen_v2,controlled,golovin,8192,0.1,300.0,3600.0,3000.0,fixed_bin_mass_below_range_fraction,10,10,0.0,0.0,0.0,0.0,0.0,0.0,0.0,nan
golovin_fixed10_high_resolution_screen_v2,controlled,golovin,8192,0.1,300.0,3600.0,3000.0,fixed_bin_mass_above_range_fraction,10,10,0.0,0.0,0.0,0.0,0.0,0.0,0.0,nan
golovin_fixed10_high_resolution_screen_v2,controlled,golovin,8192,0.1,300.0,3600.0,3000.0,fixed_bin_mass_below_range_fraction_bins_250,10,10,0.0,0.0,0.0,0.0,0.0,0.0,0.0,nan
golovin_fixed10_high_resolution_screen_v2,controlled,golovin,8192,0.1,300.0,3600.0,3000.0,fixed_bin_mass_below_range_fraction_bins_500,10,10,0.0,0.0,0.0,0.0,0.0,0.0,0.0,nan
golovin_fixed10_high_resolution_screen_v2,controlled,golovin,8192,0.1,300.0,3600.0,3000.0,fixed_bin_mass_below_range_fraction_bins_1000,10,10,0.0,0.0,0.0,0.0,0.0,0.0,0.0,nan
golovin_fixed10_high_resolution_screen_v2,controlled,golovin,8192,0.1,300.0,3600.0,3000.0,fixed_bin_mass_above_range_fraction_bins_250,10,10,0.0,0.0,0.0,0.0,0.0,0.0,0.0,nan
golovin_fixed10_high_resolution_screen_v2,controlled,golovin,8192,0.1,300.0,3600.0,3000.0,fixed_bin_mass_above_range_fraction_bins_500,10,10,0.0,0.0,0.0,0.0,0.0,0.0,0.0,nan
golovin_fixed10_high_resolution_screen_v2,controlled,golovin,8192,0.1,300.0,3600.0,3000.0,fixed_bin_mass_above_range_fraction_bins_1000,10,10,0.0,0.0,0.0,0.0,0.0,0.0,0.0,nan
golovin_fixed10_high_resolution_screen_v2,controlled,golovin,8192,0.1,300.0,3600.0,3299.999952316284,golovin_fixed_bin_l1_relative,10,10,0.2521544696670057,0.021636739932863223,0.006842137932856644,0.23667647833334077,0.2676324610006707,0.23916144961143934,0.2643687127526361,0.08580748126906743
golovin_fixed10_high_resolution_screen_v2,controlled,golovin,8192,0.1,300.0,3600.0,3299.999952316284,golovin_fixed_bin_l1_relative_bins_250,10,10,0.17704541936065632,0.013013457297861365,0.004115216529458216,0.16773615281207685,0.1863546859092358,0.17004293240746512,0.18531305152981503,0.0735034961359371
golovin_fixed10_high_resolution_screen_v2,controlled,golovin,8192,0.1,300.0,3600.0,3299.999952316284,golovin_fixed_bin_l1_relative_bins_500,10,10,0.2521544696670057,0.021636739932863223,0.006842137932856644,0.23667647833334077,0.2676324610006707,0.2390703153521359,0.2644670941284421,0.08580748126906743
golovin_fixed10_high_resolution_screen_v2,controlled,golovin,8192,0.1,300.0,3600.0,3299.999952316284,golovin_fixed_bin_l1_relative_bins_1000,10,10,0.34771090583742703,0.016262632841079903,0.00514269605288676,0.3360773191252952,0.35934449254955886,0.33778416475021045,0.3571859260023322,0.04677055728785088
golovin_fixed10_high_resolution_screen_v2,controlled,golovin,8192,0.1,300.0,3600.0,3299.999952316284,radius_moment_0_m3,10,10,59601.364060880405,914.3344817088316,289.1379505429472,58947.28857502288,60255.43954673793,59086.24613558505,60140.40265912924,0.015340831474509133
golovin_fixed10_high_resolution_screen_v2,controlled,golovin,8192,0.1,300.0,3600.0,3299.999952316284,radius_moment_3_um3_m3,10,10,238740390017.38678,490.20370753511014,155.01602332699926,238740389666.7162,238740390368.05737,238740389725.88663,238740390301.37964,2.0532918937571056e-09
golovin_fixed10_high_resolution_screen_v2,controlled,golovin,8192,0.1,300.0,3600.0,3299.999952316284,radius_moment_6_um6_m3,10,10,2.6442436679227906e+20,1.9436979138089243e+19,6.146512490953845e+18,2.505199895346392e+20,2.7832874404991894e+20,2.5348935826484032e+20,2.764231977845538e+20,0.07350676253432474
golovin_fixed10_high_resolution_screen_v2,controlled,golovin,8192,0.1,300.0,3600.0,3299.999952316284,golovin_relative_error_radius_moment_0_m3,10,10,0.0030714280782812133,0.015387949735044119,0.0048660969682923945,-0.007936448033412057,0.014079304189974481,-0.005767717866017241,0.012134285728392336,5.010030950702024
golovin_fixed10_high_resolution_screen_v2,controlled,golovin,8192,0.1,300.0,3600.0,3299.999952316284,golovin_relative_error_radius_moment_3_um3_m3,10,10,2.9729190520333403e-05,2.053352954365665e-09,6.493272176031285e-10,2.97277216401171e-05,2.9730659400549705e-05,2.972798049945602e-05,2.9730370094633862e-05,6.906857934666152e-05
golovin_fixed10_high_resolution_screen_v2,controlled,golovin,8192,0.1,300.0,3600.0,3299.999952316284,golovin_relative_error_radius_moment_6_um6_m3,10,10,-0.02365281192605,0.07176812090480757,0.02269507254495362,-0.07499263284384172,0.02768700899174172,-0.06364545343914729,0.019520151779805962,3.0342320874655
golovin_fixed10_high_resolution_screen_v2,controlled,golovin,8192,0.1,300.0,3600.0,3299.999952316284,liquid_water_gm3,10,10,0.9982363471589887,2.0496706195925874e-09,6.48162761104112e-10,0.9982363456927427,0.9982363486252347,0.9982363459512839,0.9982363483646726,2.0532919137096268e-09
golovin_fixed10_high_resolution_screen_v2,controlled,golovin,8192,0.1,300.0,3600.0,3299.999952316284,relative_liquid_mass_drift,10,10,1.6370271138654858e-09,2.053291930287346e-09,6.493079200951684e-10,1.6819055156059615e-10,3.105863676170375e-09,4.181615592679938e-10,2.8165771986943253e-09,1.2542809541125688
golovin_fixed10_high_resolution_screen_v2,controlled,golovin,8192,0.1,300.0,3600.0,3299.999952316284,mass_fraction_r_ge_cloud_threshold,10,10,0.9970068486342683,0.00010209105663300144,3.228402676935253e-05,0.996933817091868,0.9970798801766685,0.9969503019028003,0.9970709875023884,0.00010239754799362615
golovin_fixed10_high_resolution_screen_v2,controlled,golovin,8192,0.1,300.0,3600.0,3299.999952316284,mass_fraction_r_ge_large_threshold,10,10,0.3461994389903127,0.017928268512486814,0.005669416300253723,0.33337432829780883,0.35902454968281655,0.3364052123224467,0.3569970070245621,0.05178595483798135
golovin_fixed10_high_resolution_screen_v2,controlled,golovin,8192,0.1,300.0,3600.0,3299.999952316284,mass_fraction_r_ge_onset_threshold,10,10,0.3461994389903127,0.017928268512486814,0.005669416300253723,0.33337432829780883,0.35902454968281655,0.3363096123211673,0.35756009442528297,0.05178595483798135
golovin_fixed10_high_resolution_screen_v2,controlled,golovin,8192,0.1,300.0,3600.0,3299.999952316284,mass_weighted_radius_q99_um,10,10,1897.7975463867188,82.61357658818501,26.124706767142687,1838.6993538474242,1956.8957389260133,1847.896474609375,1945.6537960815429,0.04353129065082617
golovin_fixed10_high_resolution_screen_v2,controlled,golovin,8192,0.1,300.0,3600.0,3299.999952316284,fixed_bin_mass_below_range_fraction,10,10,0.0,0.0,0.0,0.0,0.0,0.0,0.0,nan
golovin_fixed10_high_resolution_screen_v2,controlled,golovin,8192,0.1,300.0,3600.0,3299.999952316284,fixed_bin_mass_above_range_fraction,10,10,0.0,0.0,0.0,0.0,0.0,0.0,0.0,nan
golovin_fixed10_high_resolution_screen_v2,controlled,golovin,8192,0.1,300.0,3600.0,3299.999952316284,fixed_bin_mass_below_range_fraction_bins_250,10,10,0.0,0.0,0.0,0.0,0.0,0.0,0.0,nan
golovin_fixed10_high_resolution_screen_v2,controlled,golovin,8192,0.1,300.0,3600.0,3299.999952316284,fixed_bin_mass_below_range_fraction_bins_500,10,10,0.0,0.0,0.0,0.0,0.0,0.0,0.0,nan
golovin_fixed10_high_resolution_screen_v2,controlled,golovin,8192,0.1,300.0,3600.0,3299.999952316284,fixed_bin_mass_below_range_fraction_bins_1000,10,10,0.0,0.0,0.0,0.0,0.0,0.0,0.0,nan
golovin_fixed10_high_resolution_screen_v2,controlled,golovin,8192,0.1,300.0,3600.0,3299.999952316284,fixed_bin_mass_above_range_fraction_bins_250,10,10,0.0,0.0,0.0,0.0,0.0,0.0,0.0,nan
golovin_fixed10_high_resolution_screen_v2,controlled,golovin,8192,0.1,300.0,3600.0,3299.999952316284,fixed_bin_mass_above_range_fraction_bins_500,10,10,0.0,0.0,0.0,0.0,0.0,0.0,0.0,nan
golovin_fixed10_high_resolution_screen_v2,controlled,golovin,8192,0.1,300.0,3600.0,3299.999952316284,fixed_bin_mass_above_range_fraction_bins_1000,10,10,0.0,0.0,0.0,0.0,0.0,0.0,0.0,nan
golovin_fixed10_high_resolution_screen_v2,controlled,golovin,8192,0.1,300.0,3600.0,3599.9999046325684,golovin_fixed_bin_l1_relative,10,10,0.27673582252237844,0.015389688769589672,0.004866646899301761,0.26572670238031326,0.2877449426644436,0.2678924620160548,0.2857586020529836,0.05561148039786275
golovin_fixed10_high_resolution_screen_v2,controlled,golovin,8192,0.1,300.0,3600.0,3599.9999046325684,golovin_fixed_bin_l1_relative_bins_250,10,10,0.20545033138070012,0.01220877331658325,0.0038607531117091022,0.1967167010752519,0.21418396168614834,0.19814294932585205,0.21231131950760324,0.05942445181049796
golovin_fixed10_high_resolution_screen_v2,controlled,golovin,8192,0.1,300.0,3600.0,3599.9999046325684,golovin_fixed_bin_l1_relative_bins_500,10,10,0.27673582252237844,0.015389688769589672,0.004866646899301761,0.26572670238031326,0.2877449426644436,0.26788718126095296,0.2858758882173701,0.05561148039786275
golovin_fixed10_high_resolution_screen_v2,controlled,golovin,8192,0.1,300.0,3600.0,3599.9999046325684,golovin_fixed_bin_l1_relative_bins_1000,10,10,0.3823373609000219,0.014394214173710021,0.004551850191720224,0.3720403603848376,0.3926343614152062,0.37438265148795874,0.3913364588889571,0.03764794039438377
golovin_fixed10_high_resolution_screen_v2,controlled,golovin,8192,0.1,300.0,3600.0,3599.9999046325684,radius_moment_0_m3,10,10,38019.53522934027,583.0493881605615,184.37640549549855,37602.44682299764,38436.623635682896,37699.18821261583,38362.64691855247,0.015335521190448778
golovin_fixed10_high_resolution_screen_v2,controlled,golovin,8192,0.1,300.0,3600.0,3599.9999046325684,radius_moment_3_um3_m3,10,10,238740390118.39288,564.2083194128983,178.41833641605535,238740389714.78256,238740390522.0032,238740389794.61652,238740390454.88104,2.3632713305574467e-09
golovin_fixed10_high_resolution_screen_v2,controlled,golovin,8192,0.1,300.0,3600.0,3599.9999046325684,radius_moment_6_um6_m3,10,10,6.430461807710327e+20,5.086201410933295e+19,1.6083981096911247e+19,6.06661687726344e+20,6.794306738157215e+20,6.155511487704591e+20,6.742903861644826e+20,0.0790954298933053
golovin_fixed10_high_resolution_screen_v2,controlled,golovin,8192,0.1,300.0,3600.0,3599.9999046325684,golovin_relative_error_radius_moment_0_m3,10,10,0.003496053268424881,0.015389134989429691,0.004866471778638906,-0.007512670723178439,0.0145047772600282,-0.0055478626908818975,0.012949604531369147,4.401859413418819
golovin_fixed10_high_resolution_screen_v2,controlled,golovin,8192,0.1,300.0,3600.0,3599.9999046325684,golovin_relative_error_radius_moment_3_um3_m3,10,10,2.972961361213944e-05,2.3633416011403288e-09,7.47354234863263e-10,2.9727922979403896e-05,2.973130424487498e-05,2.9728228703637118e-05,2.9730981963795313e-05,7.949452798052208e-05
golovin_fixed10_high_resolution_screen_v2,controlled,golovin,8192,0.1,300.0,3600.0,3599.9999046325684,golovin_relative_error_radius_moment_6_um6_m3,10,10,-0.03466387042393219,0.07635367616035854,0.024145152439363275,-0.08928399996149236,0.019956259113627993,-0.07741739505786269,0.011759611842183205,2.2026875598878135
golovin_fixed10_high_resolution_screen_v2,controlled,golovin,8192,0.1,300.0,3600.0,3599.9999046325684,liquid_water_gm3,10,10,0.9982363475813217,2.359103367419328e-09,7.460139876818137e-10,0.9982363458937209,0.9982363492689226,0.9982363461694924,0.9982363489440268,2.363271356663501e-09
golovin_fixed10_high_resolution_screen_v2,controlled,golovin,8192,0.1,300.0,3600.0,3599.9999046325684,relative_liquid_mass_drift,10,10,2.0601063521752392e-09,2.36327139157254e-09,7.473320326484881e-10,3.6952384153091995e-10,3.750688862819558e-09,6.546132907958581e-10,3.444117715467598e-09,1.1471598973893715
golovin_fixed10_high_resolution_screen_v2,controlled,golovin,8192,0.1,300.0,3600.0,3599.9999046325684,mass_fraction_r_ge_cloud_threshold,10,10,0.9980937344424573,6.733394811035607e-05,2.1292863988031583e-05,0.9980455666376703,0.9981419022472443,0.9980569299503272,0.9981347093829434,6.746254964516867e-05
golovin_fixed10_high_resolution_screen_v2,controlled,golovin,8192,0.1,300.0,3600.0,3599.9999046325684,mass_fraction_r_ge_large_threshold,10,10,0.5477893274147234,0.013290353804861961,0.00420277889328488,0.5382819810376219,0.5572966737918249,0.5404586567305814,0.5561283451349844,0.02426179762863475
golovin_fixed10_high_resolution_screen_v2,controlled,golovin,8192,0.1,300.0,3600.0,3599.9999046325684,mass_fraction_r_ge_onset_threshold,10,10,0.5477893274147234,0.013290353804861961,0.00420277889328488,0.5382819810376219,0.5572966737918249,0.5406972048783142,0.5560268982983033,0.02426179762863475
golovin_fixed10_high_resolution_screen_v2,controlled,golovin,8192,0.1,300.0,3600.0,3599.9999046325684,mass_weighted_radius_q99_um,10,10,2546.364306640625,169.70311630204202,53.66483735429038,2424.966010429216,2667.7626028520335,2449.548206176758,2651.2923278808594,0.0666452619758594
golovin_fixed10_high_resolution_screen_v2,controlled,golovin,8192,0.1,300.0,3600.0,3599.9999046325684,fixed_bin_mass_below_range_fraction,10,10,0.0,0.0,0.0,0.0,0.0,0.0,0.0,nan
golovin_fixed10_high_resolution_screen_v2,controlled,golovin,8192,0.1,300.0,3600.0,3599.9999046325684,fixed_bin_mass_above_range_fraction,10,10,0.0,0.0,0.0,0.0,0.0,0.0,0.0,nan
golovin_fixed10_high_resolution_screen_v2,controlled,golovin,8192,0.1,300.0,3600.0,3599.9999046325684,fixed_bin_mass_below_range_fraction_bins_250,10,10,0.0,0.0,0.0,0.0,0.0,0.0,0.0,nan
golovin_fixed10_high_resolution_screen_v2,controlled,golovin,8192,0.1,300.0,3600.0,3599.9999046325684,fixed_bin_mass_below_range_fraction_bins_500,10,10,0.0,0.0,0.0,0.0,0.0,0.0,0.0,nan
golovin_fixed10_high_resolution_screen_v2,controlled,golovin,8192,0.1,300.0,3600.0,3599.9999046325684,fixed_bin_mass_below_range_fraction_bins_1000,10,10,0.0,0.0,0.0,0.0,0.0,0.0,0.0,nan
golovin_fixed10_high_resolution_screen_v2,controlled,golovin,8192,0.1,300.0,3600.0,3599.9999046325684,fixed_bin_mass_above_range_fraction_bins_250,10,10,0.0,0.0,0.0,0.0,0.0,0.0,0.0,nan
golovin_fixed10_high_resolution_screen_v2,controlled,golovin,8192,0.1,300.0,3600.0,3599.9999046325684,fixed_bin_mass_above_range_fraction_bins_500,10,10,0.0,0.0,0.0,0.0,0.0,0.0,0.0,nan
golovin_fixed10_high_resolution_screen_v2,controlled,golovin,8192,0.1,300.0,3600.0,3599.9999046325684,fixed_bin_mass_above_range_fraction_bins_1000,10,10,0.0,0.0,0.0,0.0,0.0,0.0,0.0,nan
golovin_fixed10_high_resolution_screen_v2,controlled,golovin,8192,0.1,300.0,3600.0,600.0000238418579,golovin_fixed_bin_l1_relative,10,10,0.1771562591934449,0.01151830351304674,0.0036424073882346665,0.16891656123032076,0.18539595715656906,0.17021460362008867,0.18364518618831824,0.06501776209029896
golovin_fixed10_high_resolution_screen_v2,controlled,golovin,8192,0.1,300.0,3600.0,600.0000238418579,golovin_fixed_bin_l1_relative_bins_250,10,10,0.13061848608178622,0.010714722510860768,0.003388292763099825,0.12295363533808264,0.13828333682548982,0.12440592045415166,0.13705334486728554,0.08203067446480576
golovin_fixed10_high_resolution_screen_v2,controlled,golovin,8192,0.1,300.0,3600.0,600.0000238418579,golovin_fixed_bin_l1_relative_bins_500,10,10,0.1771562591934449,0.01151830351304674,0.0036424073882346665,0.16891656123032076,0.18539595715656906,0.1701301467135754,0.18358788122638312,0.06501776209029896
golovin_fixed10_high_resolution_screen_v2,controlled,golovin,8192,0.1,300.0,3600.0,600.0000238418579,golovin_fixed_bin_l1_relative_bins_1000,10,10,0.2485358401352949,0.010448035251952075,0.003303958846989975,0.241061765963986,0.25600991430660375,0.24225817042857373,0.2544570684051206,0.04203834443460751
golovin_fixed10_high_resolution_screen_v2,controlled,golovin,8192,0.1,300.0,3600.0,600.0000238418579,radius_moment_0_m3,10,10,3424542.96788401,42628.90687720217,13480.44398951746,3394048.084955423,3455037.850812597,3398895.681375856,3448281.8626782713,0.012448057237705543
golovin_fixed10_high_resolution_screen_v2,controlled,golovin,8192,0.1,300.0,3600.0,600.0000238418579,radius_moment_3_um3_m3,10,10,238740390064.2011,542.4711493082463,171.54443967433323,238740389676.14062,238740390452.2616,238740389736.62933,238740390376.80923,2.272221927602477e-09
golovin_fixed10_high_resolution_screen_v2,controlled,golovin,8192,0.1,300.0,3600.0,600.0000238418579,radius_moment_6_um6_m3,10,10,8.209714187749064e+16,1139066503434846.2,360204455725812.25,8.128230278789867e+16,8.291198096708261e+16,8.145414668045304e+16,8.278668173592635e+16,0.013874618255707571
golovin_fixed10_high_resolution_screen_v2,controlled,golovin,8192,0.1,300.0,3600.0,600.0000238418579,golovin_relative_error_radius_moment_0_m3,10,10,0.004105176976497804,0.012499158715679888,0.00395258103774934,-0.004836182529587229,0.013046536482582836,-0.0035510431734142823,0.011113240332138234,3.0447307843821956
golovin_fixed10_high_resolution_screen_v2,controlled,golovin,8192,0.1,300.0,3600.0,600.0000238418579,golovin_relative_error_radius_moment_3_um3_m3,10,10,2.972938661507385e-05,2.2722894649798935e-09,7.185610212541876e-10,2.9727761117112713e-05,2.9731012113034988e-05,2.9728044211341786e-05,2.9730690588054554e-05,7.643243684778085e-05
golovin_fixed10_high_resolution_screen_v2,controlled,golovin,8192,0.1,300.0,3600.0,600.0000238418579,golovin_relative_error_radius_moment_6_um6_m3,10,10,-0.0013139284114272788,0.013856388000583673,0.004381774622487095,-0.01122619125945386,0.008598334436599303,-0.009091388040072378,0.0071507860232412485,10.545770895943956
golovin_fixed10_high_resolution_screen_v2,controlled,golovin,8192,0.1,300.0,3600.0,600.0000238418579,liquid_water_gm3,10,10,0.9982363473547318,2.2682145483098245e-09,7.172724194589069e-10,0.9982363457321488,0.9982363489773147,0.9982363460004375,0.9982363486364279,2.2722219585777067e-09
golovin_fixed10_high_resolution_screen_v2,controlled,golovin,8192,0.1,300.0,3600.0,600.0000238418579,relative_liquid_mass_drift,10,10,1.8331160589468709e-09,2.272221955563817e-09,7.185396729023566e-10,2.0766639113612576e-10,3.458565726757616e-09,4.718500679068433e-10,3.1908402448044267e-09,1.2395406960043835
golovin_fixed10_high_resolution_screen_v2,controlled,golovin,8192,0.1,300.0,3600.0,600.0000238418579,mass_fraction_r_ge_cloud_threshold,10,10,0.7900474710993389,0.006248577462414701,0.0019759736917225627,0.7855775080591079,0.79451743413957,0.7864151896493067,0.7938278839380913,0.00790911646577376
golovin_fixed10_high_resolution_screen_v2,controlled,golovin,8192,0.1,300.0,3600.0,600.0000238418579,mass_fraction_r_ge_large_threshold,10,10,0.0,0.0,0.0,0.0,0.0,0.0,0.0,nan
golovin_fixed10_high_resolution_screen_v2,controlled,golovin,8192,0.1,300.0,3600.0,600.0000238418579,mass_fraction_r_ge_onset_threshold,10,10,0.0,0.0,0.0,0.0,0.0,0.0,0.0,nan
golovin_fixed10_high_resolution_screen_v2,controlled,golovin,8192,0.1,300.0,3600.0,600.0000238418579,mass_weighted_radius_q99_um,10,10,124.71464157104492,3.5565453628733117,1.1246783948389716,122.17044228431556,127.25884085777429,122.73372371673584,126.90049308776855,0.028517464493912615
golovin_fixed10_high_resolution_screen_v2,controlled,golovin,8192,0.1,300.0,3600.0,600.0000238418579,fixed_bin_mass_below_range_fraction,10,10,0.0,0.0,0.0,0.0,0.0,0.0,0.0,nan
golovin_fixed10_high_resolution_screen_v2,controlled,golovin,8192,0.1,300.0,3600.0,600.0000238418579,fixed_bin_mass_above_range_fraction,10,10,0.0,0.0,0.0,0.0,0.0,0.0,0.0,nan
golovin_fixed10_high_resolution_screen_v2,controlled,golovin,8192,0.1,300.0,3600.0,600.0000238418579,fixed_bin_mass_below_range_fraction_bins_250,10,10,0.0,0.0,0.0,0.0,0.0,0.0,0.0,nan
golovin_fixed10_high_resolution_screen_v2,controlled,golovin,8192,0.1,300.0,3600.0,600.0000238418579,fixed_bin_mass_below_range_fraction_bins_500,10,10,0.0,0.0,0.0,0.0,0.0,0.0,0.0,nan
golovin_fixed10_high_resolution_screen_v2,controlled,golovin,8192,0.1,300.0,3600.0,600.0000238418579,fixed_bin_mass_below_range_fraction_bins_1000,10,10,0.0,0.0,0.0,0.0,0.0,0.0,0.0,nan
golovin_fixed10_high_resolution_screen_v2,controlled,golovin,8192,0.1,300.0,3600.0,600.0000238418579,fixed_bin_mass_above_range_fraction_bins_250,10,10,0.0,0.0,0.0,0.0,0.0,0.0,0.0,nan
golovin_fixed10_high_resolution_screen_v2,controlled,golovin,8192,0.1,300.0,3600.0,600.0000238418579,fixed_bin_mass_above_range_fraction_bins_500,10,10,0.0,0.0,0.0,0.0,0.0,0.0,0.0,nan
golovin_fixed10_high_resolution_screen_v2,controlled,golovin,8192,0.1,300.0,3600.0,600.0000238418579,fixed_bin_mass_above_range_fraction_bins_1000,10,10,0.0,0.0,0.0,0.0,0.0,0.0,0.0,nan
golovin_fixed10_high_resolution_screen_v2,controlled,golovin,8192,0.1,300.0,3600.0,899.9999761581421,golovin_fixed_bin_l1_relative,10,10,0.18053857080650523,0.011817208846524848,0.0037369295540909666,0.17208504884884604,0.18899209276416443,0.1742279050239109,0.1882432114957429,0.06545531402921156
golovin_fixed10_high_resolution_screen_v2,controlled,golovin,8192,0.1,300.0,3600.0,899.9999761581421,golovin_fixed_bin_l1_relative_bins_250,10,10,0.12718503210994087,0.010469843120493464,0.0033108551005404073,0.11969535752926641,0.13467470669061532,0.120830426711788,0.13320941652697607,0.08231977416527407
golovin_fixed10_high_resolution_screen_v2,controlled,golovin,8192,0.1,300.0,3600.0,899.9999761581421,golovin_fixed_bin_l1_relative_bins_500,10,10,0.18053857080650523,0.011817208846524848,0.0037369295540909666,0.17208504884884604,0.18899209276416443,0.174245742029213,0.1880923537562211,0.06545531402921156
golovin_fixed10_high_resolution_screen_v2,controlled,golovin,8192,0.1,300.0,3600.0,899.9999761581421,golovin_fixed_bin_l1_relative_bins_1000,10,10,0.2542185451937504,0.017566654542047904,0.005555063922221348,0.24165211755229551,0.26678497283520536,0.24341506711508157,0.263990347148793,0.06910060211641772
golovin_fixed10_high_resolution_screen_v2,controlled,golovin,8192,0.1,300.0,3600.0,899.9999761581421,radius_moment_0_m3,10,10,2189468.7326764064,34073.81852175003,10775.087510796166,2165093.7912840815,2213843.6740687313,2169197.4103451353,2209247.020114331,0.015562596539160528
golovin_fixed10_high_resolution_screen_v2,controlled,golovin,8192,0.1,300.0,3600.0,899.9999761581421,radius_moment_3_um3_m3,10,10,238740390072.72183,571.0182732167591,180.5718328941281,238740389664.23996,238740390481.2037,238740389718.5837,238740390383.26355,2.391795845867653e-09
golovin_fixed10_high_resolution_screen_v2,controlled,golovin,8192,0.1,300.0,3600.0,899.9999761581421,radius_moment_6_um6_m3,10,10,2.033046527040203e+17,6931985183166539.0,2192086188534575.5,1.9834580923115578e+17,2.082634961768848e+17,1.9944712128594704e+17,2.0761364392684902e+17,0.034096539803535254
golovin_fixed10_high_resolution_screen_v2,controlled,golovin,8192,0.1,300.0,3600.0,899.9999761581421,golovin_relative_error_radius_moment_0_m3,10,10,0.006812360335782886,0.0156686145545457,0.0049548509771628986,-0.004396291292803851,0.018021011964369622,-0.002404446910736946,0.016109003854070776,2.30002727134736
golovin_fixed10_high_resolution_screen_v2,controlled,golovin,8192,0.1,300.0,3600.0,899.9999761581421,golovin_relative_error_radius_moment_3_um3_m3,10,10,2.9729422306457032e-05,2.3918669591134837e-09,7.563747450899443e-10,2.9727711267909667e-05,2.9731133345004398e-05,2.9727891671099683e-05,2.9730725524422795e-05,8.045453875482761e-05
golovin_fixed10_high_resolution_screen_v2,controlled,golovin,8192,0.1,300.0,3600.0,899.9999761581421,golovin_relative_error_radius_moment_6_um6_m3,10,10,0.005499510791157958,0.03428405409212593,0.010841569835553413,-0.01902582406831615,0.030024845650632067,-0.0136475982205763,0.026536809720430567,6.23401887805137
golovin_fixed10_high_resolution_screen_v2,controlled,golovin,8192,0.1,300.0,3600.0,899.9999761581421,liquid_water_gm3,10,10,0.9982363473903592,2.38757753345486e-09,7.550183095964225e-10,0.9982363456823891,0.9982363490983293,0.9982363459019435,0.9982363486955451,2.391795830412896e-09
golovin_fixed10_high_resolution_screen_v2,controlled,golovin,8192,0.1,300.0,3600.0,899.9999761581421,relative_liquid_mass_drift,10,10,1.8688063874172656e-09,2.391795853433226e-09,7.563522594995252e-10,1.5781870599180786e-10,3.5797940688427233e-09,3.913617535600269e-10,3.173065206418801e-09,1.2798521395995142
golovin_fixed10_high_resolution_screen_v2,controlled,golovin,8192,0.1,300.0,3600.0,899.9999761581421,mass_fraction_r_ge_cloud_threshold,10,10,0.8754585807059876,0.004483982928777287,0.0014179599044248795,0.8722509325516322,0.878666228860343,0.8726999201565633,0.8779962365657126,0.005121867587569148
golovin_fixed10_high_resolution_screen_v2,controlled,golovin,8192,0.1,300.0,3600.0,899.9999761581421,mass_fraction_r_ge_large_threshold,10,10,0.0,0.0,0.0,0.0,0.0,0.0,0.0,nan
golovin_fixed10_high_resolution_screen_v2,controlled,golovin,8192,0.1,300.0,3600.0,899.9999761581421,mass_fraction_r_ge_onset_threshold,10,10,0.0,0.0,0.0,0.0,0.0,0.0,0.0,nan
golovin_fixed10_high_resolution_screen_v2,controlled,golovin,8192,0.1,300.0,3600.0,899.9999761581421,mass_weighted_radius_q99_um,10,10,171.45507049560547,4.8667285406478165,1.5389946942194448,167.97362262456852,174.93651836664242,168.69532539367674,174.3598190307617,0.028384862148317477
golovin_fixed10_high_resolution_screen_v2,controlled,golovin,8192,0.1,300.0,3600.0,899.9999761581421,fixed_bin_mass_below_range_fraction,10,10,0.0,0.0,0.0,0.0,0.0,0.0,0.0,nan
golovin_fixed10_high_resolution_screen_v2,controlled,golovin,8192,0.1,300.0,3600.0,899.9999761581421,fixed_bin_mass_above_range_fraction,10,10,0.0,0.0,0.0,0.0,0.0,0.0,0.0,nan
golovin_fixed10_high_resolution_screen_v2,controlled,golovin,8192,0.1,300.0,3600.0,899.9999761581421,fixed_bin_mass_below_range_fraction_bins_250,10,10,0.0,0.0,0.0,0.0,0.0,0.0,0.0,nan
golovin_fixed10_high_resolution_screen_v2,controlled,golovin,8192,0.1,300.0,3600.0,899.9999761581421,fixed_bin_mass_below_range_fraction_bins_500,10,10,0.0,0.0,0.0,0.0,0.0,0.0,0.0,nan
golovin_fixed10_high_resolution_screen_v2,controlled,golovin,8192,0.1,300.0,3600.0,899.9999761581421,fixed_bin_mass_below_range_fraction_bins_1000,10,10,0.0,0.0,0.0,0.0,0.0,0.0,0.0,nan
golovin_fixed10_high_resolution_screen_v2,controlled,golovin,8192,0.1,300.0,3600.0,899.9999761581421,fixed_bin_mass_above_range_fraction_bins_250,10,10,0.0,0.0,0.0,0.0,0.0,0.0,0.0,nan
golovin_fixed10_high_resolution_screen_v2,controlled,golovin,8192,0.1,300.0,3600.0,899.9999761581421,fixed_bin_mass_above_range_fraction_bins_500,10,10,0.0,0.0,0.0,0.0,0.0,0.0,0.0,nan
golovin_fixed10_high_resolution_screen_v2,controlled,golovin,8192,0.1,300.0,3600.0,899.9999761581421,fixed_bin_mass_above_range_fraction_bins_1000,10,10,0.0,0.0,0.0,0.0,0.0,0.0,0.0,nan
