ncell,member,time_min,active_sds,lambda0_m3,lambda2_um2_m3,lambda3_um3_m3,lambda6_um6_m3,total_droplet_mass_g_m3,mass_weighted_terminal_speed_ms,lower150m_total_droplet_mass_fraction,stored_lambda0_m3,stored_total_droplet_mass_g_m3
8,1,0.0,960,2934338.600835289,45501.92389630609,11644.8989131316,751.0512394879074,9.836092048001403e-08,2.460289421585931e-05,0.35932158443982387,2934338.600835289,9.836092645704569e-08
8,1,1.9999999552965164,959,2934338.6008205777,1057755.8889556054,1344880.0732591858,10900016.962732602,5.672967755331533e-06,0.0005998802159715084,0.3645542689321215,2934338.6008205777,5.672968390169306e-06
8,1,3.999999910593033,959,2934338.6008205777,1057731.4595646337,1344847.3109185272,10904758.40297317,5.672830767370421e-06,0.0005999381955148118,0.3606649834412441,2934338.6008205777,5.672831451070144e-06
8,1,6.000000238418579,958,2934338.6005990445,1057699.1123981602,1344760.814255983,10903043.0574428,5.672469088560339e-06,0.0005999018783211864,0.3536881683156809,2934338.6005990445,5.672469745377566e-06
8,1,7.999999821186066,958,2934338.6005990445,1057649.7112290463,1344679.3696784247,10902220.550017534,5.672128547365815e-06,0.0005998952851725772,0.34430192210706717,2934338.6005990445,5.672129203841164e-06
8,1,10.000000397364298,958,2934338.6005990445,1057612.706569733,1344611.0867016546,10901380.321293063,5.671843038285013e-06,0.0005998829552176974,0.33907733023915526,2934338.6005990445,5.671843703362731e-06
8,1,12.000000476837158,958,2934338.6005990445,1057536.180350667,1344490.0914892626,10900431.01446006,5.671337125486458e-06,0.00059988178463731,0.34339250375136676,2934338.6005990445,5.671337739443336e-06
8,1,13.999999562899271,958,2934338.6005990445,1057477.381201674,1344372.2749808463,10898488.893861245,5.670844503685062e-06,0.0005998455002118365,0.3447882690153199,2934338.6005990445,5.670845114516554e-06
8,1,15.999999642372131,957,2934338.600525378,1167927.655695625,1754741.58525605,35494015.91219189,7.386706490725443e-06,0.001089531398669797,0.26798958139932977,2934338.600525378,7.386707217546735e-06
8,1,18.000000715255737,956,2934338.600444467,2085367.547423258,7912155.598026927,2232877108.1813555,3.313247355659376e-05,0.00695403294901359,0.058709436122627696,2934338.600444467,3.313247819083692e-05
8,1,20.000000794728596,955,2934338.600291289,4710247.667016796,31206174.028241843,20194056868.70212,0.00013053088973669397,0.012346028244676226,0.014721627112305577,2934338.600291289,0.00013053090539572333
8,1,22.000000874201458,955,2934338.600291289,9635103.47110546,83755595.88764982,90771220758.39412,0.00035025384033768726,0.017253865264795266,0.005300892422687466,2934338.600291289,0.0003502538848745566
8,1,24.000000953674316,955,2934338.600291289,16340479.885720972,170233504.41424862,278108622321.49664,0.0007118407151486662,0.022459596666827775,0.002595629216994768,2934338.600291289,0.0007118407913626907
8,1,25.999999046325684,955,2934338.6002556668,24208113.26977297,291902460.3805126,669781821237.8047,0.001220570612748172,0.027877231397660327,0.0015108455849266445,2934338.6002556668,0.0012205707201041968
8,1,27.999999125798542,955,2934335.7191035557,32941649.925324123,445286194.8387366,1368664371894.1895,0.0018619083385851408,0.033510839016089936,0.000984505196170359,2934335.7191035557,0.001861908582027197
8,1,29.999999205271404,955,2934335.717513311,42469000.373379,629823918.9091468,2485483758659.924,0.002633509086894482,0.0391265370025179,0.0006722208928389547,2934335.717513311,0.00263350936182923
8,1,31.999999284744263,952,2934332.8691473333,53606185.58111005,851834195.0367986,4145458989319.1685,0.003561792417488644,0.0444102165716739,0.0004910022163511341,2934332.8691473333,0.003561792796177684
8,1,33.999999364217125,952,2934329.987995222,66448749.73829648,1116739727.3623173,6489137988069.92,0.004669432104730401,0.04932604961927247,0.00036893341494663326,2934329.987995222,0.004669432615525918
8,1,36.000001430511475,951,2934329.987719289,80929371.62583676,1427448568.2663634,9673594427469.771,0.0059685874690498224,0.053983882303488516,0.00028874733519215464,2934329.987719289,0.005968588101851356
8,1,37.99999952316284,951,2934329.987719289,96930826.48448007,1788101296.8198762,13886334654966.486,0.007476571360330062,0.05845118857544682,0.00022327476256371625,2934329.987719289,0.007476572129271182
8,1,40.00000158945719,951,2934327.106567178,113751770.32372636,2194954506.819258,19332728800746.195,0.0091777316128961,0.06294814614592671,0.00017551632378858757,2934327.106567178,0.009177732360580282
8,1,41.99999968210856,949,2934327.1027533556,131723315.3021087,2647595044.2775126,26205631561085.45,0.011070340721266229,0.06742959172881029,0.00013582625907458483,2934327.1027533556,0.011070342121435947
8,1,44.000001748402916,948,2932872.1709125335,151568457.1058782,3155262069.1628056,34955763064723.168,0.013193029760552042,0.07193032397283436,0.00010821783188579995,2932872.1709125335,0.013193030853929824
8,1,45.99999984105428,945,2932872.1585701555,173402211.4198723,3720953735.4721065,45442022475707.086,0.015558335365131635,0.07609849482143716,8.985258004479401e-05,2932872.1585701555,0.015558337302338278
8,1,48.00000190734863,945,2932182.637893889,196826415.02931863,4349856796.707123,58342561755428.98,0.018187944433453195,0.08026775758783097,7.637292244438195e-05,2932182.637893889,0.018187946879601475
8,1,50.0,945,2932162.1852765335,221786796.95297605,5040198987.453247,73571087430340.73,0.02107444665760537,0.08423390206057797,6.590141596332366e-05,2932162.1852765335,0.02107444874069406
8,1,51.99999809265137,944,2927735.7696315777,247972157.75827092,5793585327.005159,92293075926557.4,0.024224552830684795,0.08841874963659645,5.4478546609467916e-05,2927735.7696315777,0.024224555745436496
8,1,54.00000015894572,942,2927275.1846114444,276088205.6821356,6615565638.297122,114924045439774.89,0.027661468648578755,0.09262106121256516,4.6018069014198455e-05,2927275.1846114444,0.02766147173101493
8,1,55.999998251597084,942,2915676.021288578,302635571.0582861,7501029699.684859,154170587249201.75,0.03136382672094299,0.0994831564035658,3.7735322248730044e-05,2915676.021288578,0.031363830111295336
8,1,58.00000031789144,941,2904363.57601,330303075.20184225,8445200469.962047,225455815654690.1,0.035311652979968,0.10876167018386444,3.177569207655197e-05,2904363.57601,0.035311657251050066
8,1,59.99999841054281,940,2891242.1573810666,358854249.3850569,9456718598.168144,326084841999392.5,0.0395410762514508,0.11835592258785949,2.6222354528466406e-05,2891242.1573810666,0.03954108037776271
8,1,62.00000047683716,940,2881502.5825822446,390877749.5235753,10532219221.679846,404179151742280.94,0.044038027159939125,0.12345103769262349,2.141913094524962e-05,2881502.5825822446,0.04403803255988269
8,1,63.999998569488525,940,2859743.467036089,419283194.0933197,11666011379.36145,520472505545489.3,0.04877871030048002,0.13200223978694028,1.8460006500647835e-05,2859743.467036089,0.048778716672994986
8,1,66.00000063578288,940,2831059.358592689,445069138.4641324,12843990846.045628,745421194020624.1,0.05370415219896006,0.14590642717452743,1.6459551804764296e-05,2831059.358592689,0.053704159168456236
8,1,67.99999872843425,940,2762642.1901490665,451270871.1197292,14039486890.196133,1488357477150184.5,0.05870283551378976,0.18706606387922253,1.4775343923816648e-05,2762642.1901490665,0.05870284190969732
8,1,69.99999682108562,940,2672202.906179,453477062.3936416,15218720520.566551,2939497811083767.0,0.06363352140042268,0.24040271220095297,1.2768966225197547e-05,2672202.906179,0.06363352755207903
8,1,72.00000286102295,940,2571796.005023822,459195917.1054809,16372639808.069029,4409547957113071.0,0.0684583613631491,0.27747973160911626,1.097488291776873e-05,2571796.005023822,0.06845836998150423
8,1,74.00000095367432,940,2469198.1396799334,449558389.9606212,17504409267.67051,7799253678251325.0,0.07319058707115107,0.34878845376867046,1.0196434879324853e-05,2469198.1396799334,0.073190596291224
8,1,75.99999904632568,939,2378395.2846820224,433276804.0485007,18558827164.07812,1.5545019159635508e+16,0.07759938555393857,0.4427502737224122,8.804287553776923e-06,2378395.2846820224,0.07759939371378595
8,1,77.99999713897705,939,2324523.8377029556,430152077.83896625,19540836519.872314,2.3503877088751304e+16,0.0817054248886842,0.5051609164267378,8.360944207235466e-06,2324523.8377029556,0.0817054342107127
8,1,80.00000317891438,938,2267465.516985911,430288846.1668341,20423243169.022835,3.1788287931470196e+16,0.08539499911591748,0.5495586986409079,7.997158891348622e-06,2267465.516985911,0.08539500823807114
8,1,82.00000127156575,937,2223518.5726905777,438115372.41373736,21147900041.103413,3.331434780562703e+16,0.08842498004571751,0.5564970015087652,7.238711747959648e-06,2223518.5726905777,0.08842498981224015
8,1,83.99999936421712,935,2191053.0906914887,440937626.98059994,21775600699.85267,4.135303261127434e+16,0.09104956154979095,0.5857144516318634,0.009892707275608403,2191053.0906914887,0.09104957394469824
8,1,85.99999745686848,931,2136914.232330222,434370387.25394714,22085183973.61995,4.688688588465236e+16,0.09234401008228811,0.6052124486403047,0.09187191250795318,2136914.232330222,0.09234402141111955
8,1,88.00000349680583,917,2068992.5018222444,417002759.29693174,20215313470.27135,2.2135438548483296e+16,0.08452558593903567,0.4928485635826262,0.0665679338751238,2068992.5018222444,0.08452559527113633
8,1,90.0000015894572,899,1989863.995259689,393839181.4271619,19288983591.71815,1.2972234437123378e+16,0.0806523551774553,0.4546548235546209,0.03784120330517677,1989863.995259689,0.08065236454093923
8,1,91.99999968210857,891,1901390.9901925332,362333123.2753028,18948262526.692802,1.2723234750130156e+16,0.07922770970012459,0.48084507185891756,0.04747930785255894,1901390.9901925332,0.07922771782581116
8,1,93.99999777475993,877,1829919.1722805556,344357186.1673403,18608704487.493385,1.1744432322196332e+16,0.07780792532505502,0.48502211814347684,0.036185177513481576,1829919.1722805556,0.07780793479082412
8,1,96.00000381469727,867,1765871.5552866221,329109618.697209,18358994291.530205,1.2811178434070384e+16,0.07676382025510736,0.5021684288217791,0.03202835836555681,1765871.5552866221,0.07676382825494518
8,1,98.00000190734863,855,1684832.515832511,311474150.55282426,18112410735.421936,1.3871180857742646e+16,0.07573278858603785,0.5239054743213107,0.05689471888953981,1684832.515832511,0.07573279632971268
8,1,100.0,843,1617785.1702429778,297569125.9542755,17705930309.827583,1.5156677041442616e+16,0.0740331859317805,0.5354741355534282,0.05015568432905262,1617785.1702429778,0.07403319409388133
8,1,101.99999809265137,830,1557174.4772556666,281428130.10470015,17117124456.96881,1.335157523932813e+16,0.07157123287745917,0.5403615749417843,0.04060483637011404,1557174.4772556666,0.07157124150892505
8,1,103.99999618530273,821,1507791.2233219778,273344018.107381,16781595514.677385,1.3557083001653512e+16,0.07016829722942754,0.5472831077644649,0.030075965040716073,1507791.2233219778,0.07016830502382666
8,1,106.00000222524007,813,1458157.4407360223,262880404.0539354,16464906876.997519,1.4919476976313848e+16,0.06884413831345078,0.5667018437285825,0.015765852554706788,1458157.4407360223,0.06884414639850608
8,1,108.00000031789143,804,1408908.1156685334,252619420.68104243,16209003990.983362,1.5408990190977216e+16,0.06777414086366934,0.5795759116142855,0.0171695369609467,1408908.1156685334,0.06777414918577315
8,1,109.9999984105428,801,1360123.3183465777,243589365.83454832,15874839605.913788,1.5727803723447504e+16,0.06637691152156332,0.591257641247932,0.051894462090115584,1360123.3183465777,0.06637691994965611
8,1,111.99999650319417,794,1309293.5809787333,234305413.17231035,15146884511.053207,1.3618821481280666e+16,0.0633331388594069,0.575918696004766,0.0667141818859829,1309293.5809787333,0.0633331463484314
8,1,114.00000254313152,783,1260927.8650931334,222883008.25789496,14437855825.871014,1.3710418600712296e+16,0.06036850205059085,0.5833190047159958,0.05535679706627462,1260927.8650931334,0.060368509129308384
8,1,116.00000063578288,763,1210829.4934164223,212395438.91423023,13497683110.887646,1.0854024715712786e+16,0.0564373901203878,0.5543691954521904,0.07383993964559303,1210829.4934164223,0.05643739684254854
8,1,117.99999872843425,752,1180061.8509894223,202556763.86834192,12739096060.971258,9509189334529300.0,0.05326553713607459,0.5381251502370548,0.06509963284409209,1180061.8509894223,0.05326554296844111
8,1,119.99999682108562,745,1154845.532191889,192470045.54533732,11897198309.850428,8463637585222351.0,0.04974534025062273,0.5217697114178036,0.047433138183045384,1154845.532191889,0.04974534639666456
8,2,0.0,960,2934338.600835311,42018.33561047358,10994.283471555904,779.4531589145078,9.286536938450393e-08,2.6619282803272015e-05,0.34241555366053955,2934338.600835311,9.286537427173942e-08
8,2,1.9999999552965164,960,2934338.600835311,975296.8504386987,1272412.6970250371,11326786.995169662,5.367187444895104e-06,0.0006495713313511941,0.3392386502431992,2934338.600835311,5.367188046264983e-06
8,2,3.999999910593033,960,2934338.600835311,975288.5198242271,1272401.3985586492,11331477.752416428,5.367140203036218e-06,0.0006496264271292751,0.33247534858002387,2934338.600835311,5.36714078539267e-06
8,2,6.000000238418579,960,2934338.600835311,975256.5605933496,1272354.7814952924,11331269.039624019,5.366945284836424e-06,0.0006496290704481562,0.3332307581205273,2934338.600835311,5.366945834733345e-06
8,2,7.999999821186066,959,2934337.181552311,975195.9070972521,1272101.9029809402,11303112.274737742,5.365881133296093e-06,0.0006489607244796843,0.33707730206555636,2934337.181552311,5.3658816737611324e-06
8,2,10.000000397364298,959,2934337.181552311,975156.2723093948,1272042.279132088,11302199.359065514,5.3656318303060215e-06,0.0006489478315755629,0.33575145680807006,2934337.181552311,5.365632351402859e-06
8,2,12.000000476837158,959,2934337.181552311,975089.2714109577,1271919.8195302782,11300539.44855903,5.365119794510252e-06,0.0006489232301048847,0.3251275091622192,2934337.181552311,5.365120350895536e-06
8,2,13.999999562899271,958,2934337.181534644,975030.1702671091,1271804.1926883438,11298457.669837413,5.3646363265398345e-06,0.0006488848050283381,0.3259630167798515,2934337.181534644,5.3646368959572565e-06
8,2,15.999999642372131,958,2934337.181534644,1012958.3252444802,1387216.7533082226,14396576.094909575,5.847206590084529e-06,0.0007326115495514933,0.30423893200186514,2934337.181534644,5.847207220625633e-06
8,2,18.000000715255737,957,2934337.1680278,1908123.0278033272,7259009.086433116,1768319257.163961,3.0398714050180498e-05,0.006474278652470832,0.0577255559391612,2934337.1680278,3.0398718191117206e-05
8,2,20.000000794728596,956,2927976.6852610447,3838748.1692013084,26014927.949172165,17679245397.30458,0.00010882193691495399,0.012911218814304017,0.014978548184017133,2927976.6852610447,0.00010882194792799495
8,2,22.000000874201458,954,2927976.662757089,6928608.906599842,61349144.58126657,73658278987.28995,0.0002565635873913484,0.018527273480705115,0.006494064630444143,2927976.662757089,0.0002565636173801772
8,2,24.000000953674316,954,2927976.662757089,10972177.406283643,116106815.4008415,210009295570.196,0.0004855198075511883,0.024009766907951976,0.003631976059534014,2927976.662757089,0.00048551985191362917
8,2,25.999999046325684,952,2927976.6624610224,17187768.093999393,201458042.7341714,482177917365.212,0.0008423957320158503,0.02837357235111917,0.0020581731514462977,2927976.6624610224,0.0008423957906750241
8,2,27.999999125798542,950,2927976.025622667,25207074.621040694,322535236.4704828,970451065482.9288,0.0013486513125957396,0.03258946647898439,0.0012531749363332947,2927976.025622667,0.001348651411226633
8,2,29.999999205271404,950,2927976.025622667,34886484.298736826,483734299.16512764,1777344528750.4526,0.002022666980820274,0.03682949959599812,0.0008192616890904284,2927976.025622667,0.002022667205215104
8,2,31.999999284744263,949,2927976.025469444,46608012.45824679,690537013.6880049,3029538700110.6924,0.0028873635087540146,0.04103656282722933,0.000539309334571876,2927976.025469444,0.002887363747681903
8,2,33.999999364217125,948,2927975.9996788222,60123963.92822763,945921347.2737436,4875540438231.893,0.003955192560034569,0.04527131378974064,0.000386027124711124,2927975.9996788222,0.003955192847594534
8,2,36.000001430511475,947,2927975.9993770667,74617588.90042993,1248504315.8991082,7487518806411.6045,0.005220371515668478,0.049689855911032074,0.00026398277139144866,2927975.9993770667,0.005220372109730596
8,2,37.99999952316284,947,2927975.9993770667,90023338.7750529,1594866940.3441234,11046838203202.945,0.006668604724105528,0.054304464283600605,0.0001981093289230786,2927975.9993770667,0.006668605552977365
8,2,40.00000158945719,947,2927975.9706447334,107163288.81748138,1990005732.116955,15751192294735.26,0.008320783913774278,0.05888572840891669,0.00015875085254115547,2927975.9706447334,0.008320784782437135
8,2,41.99999968210856,946,2927975.9677804,126068543.91126215,2439212352.3639197,21811969049793.83,0.010199034911272078,0.06333749206727805,0.00012613529272304734,2927975.9677804,0.01019903605719116
8,2,44.000001748402916,946,2927975.9677804,146515920.82587466,2946364268.6404333,29473346353558.082,0.012319570428206094,0.06767177447685085,9.858523406147016e-05,2927975.9677804,0.012319571708090117
8,2,45.99999984105428,946,2925680.8449088223,168170050.95326203,3509374608.0888104,39442415506045.555,0.01467366470032637,0.07240196659071156,7.907807337855149e-05,2925680.8449088223,0.014673666254539208
8,2,48.00000190734863,945,2925680.4645095333,192320767.53006968,4137247981.066402,51125299458708.05,0.017298968371273857,0.07649714270671261,6.124635842201889e-05,2925680.4645095333,0.01729897049428317
8,2,50.0,945,2924062.7779591335,218001740.90057373,4832217505.414776,65675761922278.3,0.02020481869396882,0.08077053236907283,5.205726026654218e-05,2924062.7779591335,0.02020482091360655
8,2,51.99999809265137,944,2923979.9595735557,245013759.7444295,5592580805.600698,82665602263489.75,0.02338409756588148,0.08476801176506214,4.236605878548549e-05,2923979.9595735557,0.023384099716046547
8,2,54.00000015894572,943,2918080.8823468224,271721117.64243704,6413529847.353697,105030086722928.53,0.026816701376901276,0.0898253984553767,3.675968370552017e-05,2918080.8823468224,0.026816704271563865
8,2,55.999998251597084,943,2916988.3796550888,300390602.3679065,7294315155.267965,131124091237460.1,0.03049949635072038,0.09441546595386441,3.2111867824731643e-05,2916988.3796550888,0.03049949975659002
8,2,58.00000031789144,943,2911176.221566222,328887761.71871835,8241318513.823235,179937719982129.4,0.03445916640622569,0.10205359063316329,2.738998802331357e-05,2911176.221566222,0.034459170978291154
8,2,59.99999841054281,942,2901067.185354667,358511366.6884386,9250948356.281002,237417459445120.3,0.03868069425824318,0.10916493779113642,2.1638197254872374e-05,2901067.185354667,0.03868069882035266
8,2,62.00000047683716,942,2888619.052175,387914888.5997425,10320172458.5274,320757769934412.06,0.04315140138091757,0.11752479395806942,1.938816159417315e-05,2888619.052175,0.04315140593359537
8,2,63.999998569488525,941,2855254.190410778,412821248.80705696,11440130027.334028,451182893546676.06,0.047834238467551395,0.12995241463760662,1.7485266753561263e-05,2855254.190410778,0.04783424407864544
8,2,66.00000063578288,941,2834532.800382489,440118399.47046596,12608335968.317608,654087035932798.6,0.052718814685140516,0.14331269352504394,1.5265391169816245e-05,2834532.800382489,0.052718820379050166
8,2,67.99999872843425,940,2757271.9527704,441303203.7266038,13797908317.053024,1703940164159551.8,0.05769272944694014,0.19711350879012218,1.3636901141922574e-05,2757271.9527704,0.057692734680988816
8,2,69.99999682108562,939,2655055.6393763334,432900087.6515599,14940564856.126379,3268414369731286.0,0.06247047688524444,0.25850912925334474,1.1992533051217181e-05,2655055.6393763334,0.06247048329735931
8,2,72.00000286102295,938,2596778.8277690224,440886620.3006241,16038490497.63617,5363549595448620.0,0.06706119268764842,0.30348125031681816,1.0449125191682282e-05,2596778.8277690224,0.06706120019616905
8,2,74.00000095367432,938,2517644.021561667,444285828.46220684,17115170940.84319,6865517315828231.0,0.07156307673251493,0.3364926958018874,9.791791512428213e-06,2517644.021561667,0.07156308480088959
8,2,75.99999904632568,938,2446001.7136324444,445876963.63647825,18145906219.776245,8272019600352002.0,0.07587285196432676,0.3652536760870861,9.188189075552567e-06,2446001.7136324444,0.07587285957586345
8,2,77.99999713897705,936,2371036.5855543776,438988470.07434,19082730848.26694,9774054672765486.0,0.07978996207126425,0.40169594648333057,8.054452817569658e-06,2371036.5855543776,0.07978997040493707
8,2,80.00000317891438,935,2278388.3173228223,433890399.4980016,19947956730.434666,1.4051876369857218e+16,0.08340769899143557,0.45131611343801614,7.348916200112473e-06,2278388.3173228223,0.08340770902712338
8,2,82.00000127156575,934,2155243.6575284447,418699069.6490009,20712348596.001957,1.5557759766459876e+16,0.08660382237728569,0.48118660930885426,6.955004728739055e-06,2155243.6575284447,0.08660383197269693
8,2,83.99999936421712,934,2051486.2438559777,407193800.8593771,21295333561.821743,1.850317199882754e+16,0.08904143581456855,0.5181214561445546,0.015317845096988546,2051486.2438559777,0.0890414460290219
8,2,85.99999745686848,932,1919013.1206160444,379260907.6160883,21703201106.514515,2.126952293267632e+16,0.09074683718512125,0.5638108429519765,0.04706795662639963,1919013.1206160444,0.09074684829108035
8,2,88.00000349680583,927,1799863.1699604,339147538.1947712,21147621488.36717,2.2687108343857148e+16,0.0884238117666474,0.6092247263325813,0.004052411796024615,1799863.1699604,0.08842382190913639
8,2,90.0000015894572,925,1700632.865923089,322229845.4528003,21357444128.704636,2.8150857803326084e+16,0.08930113530561298,0.6622779367195273,0.011687501547363964,1700632.865923089,0.08930114481974939
8,2,91.99999968210857,919,1626628.7746148,311211297.89890933,21316087227.674374,3.4090892735318876e+16,0.0891282105750677,0.70170990895525,0.04507886252631718,1626628.7746148,0.08912822136607863
8,2,93.99999777475993,907,1567517.9590237779,300988859.06665176,20719155744.20777,3.4232443955037e+16,0.086632282178612,0.7084315749144564,0.05069348830753087,1567517.9590237779,0.08663229226478285
8,2,96.00000381469727,882,1509890.6180395777,294464255.956828,20103178233.675095,3.622197343082702e+16,0.08405671599699967,0.7040501213308603,0.04914427561486357,1509890.6180395777,0.08405672663873515
8,2,98.00000190734863,869,1452282.4011328444,288239730.9813036,19325256176.36709,3.369345070612435e+16,0.080804017226998,0.6858885458916731,0.07740225993667192,1452282.4011328444,0.08080402656633223
8,2,100.0,839,1398526.2410863333,275950892.5751159,18075179640.14828,3.0893537225399524e+16,0.07557711516235899,0.6640016362346325,0.1348006137681889,1398526.2410863333,0.075577124755265
8,2,101.99999809265137,812,1340896.0253077333,249003948.88358578,15513686087.002419,1.6542455837695384e+16,0.06486683329410577,0.5873613795761103,0.01743273140716624,1340896.0253077333,0.06486683971393979
8,2,103.99999618530273,797,1286820.7704409778,240187453.4406109,15172330068.787516,1.5844663235825374e+16,0.06343953340307802,0.5882245254551562,0.1056661127767539,1286820.7704409778,0.06343954038673964
8,2,106.00000222524007,781,1256206.704898978,226817692.7665518,13518546409.355478,9284999233326214.0,0.056524625321536695,0.5223224425127511,0.10322692371674749,1256206.704898978,0.05652463174214746
8,2,108.00000031789143,757,1227545.7225469332,218009481.4930286,12694845851.99188,7941323684119285.0,0.05308051425546809,0.5008058492683406,0.09200488542960013,1227545.7225469332,0.053080520478805814
8,2,109.9999984105428,744,1208660.5286970667,209865813.8085311,11788823982.067266,6626106176109099.0,0.04929219740201103,0.4708292308847623,0.08359944916235748,1208660.5286970667,0.049292203068434966
8,2,111.99999650319417,733,1192017.5921971556,201548888.20054337,11032579715.405085,5324872817960305.0,0.04613013949505237,0.4470796870258229,0.05748209460897962,1192017.5921971556,0.04613014439607066
8,2,114.00000254313152,722,1169933.6904664,194911735.5045607,10640035706.863104,5061593923970235.0,0.04448880931052487,0.44128805441024405,0.053727014947916256,1169933.6904664,0.04448881406733025
8,2,116.00000063578288,713,1150692.3855018667,188206482.2689798,10188823385.5066,5031284951852161.0,0.04260217034852879,0.43791622147613773,0.03725363245909721,1150692.3855018667,0.04260217466885655
8,2,117.99999872843425,705,1136568.0815665333,186043431.66728264,10029721708.589354,5102058990983744.0,0.041936923948195794,0.4342647227693386,0.040469433024094344,1136568.0815665333,0.04193692895803819
8,2,119.99999682108562,696,1122328.464413311,180380036.11676455,9800929301.746744,4493190785978857.5,0.040980282466898416,0.4367300749381161,0.045270607737491246,1122328.464413311,0.04098028736169796
8,3,0.0,960,2934338.6008354,48254.834508558466,12482.551429465871,831.3682010018324,1.0543631646870638e-07,2.5327518184438785e-05,0.33290145901924195,2934338.6008354,1.0543632252926882e-07
8,3,1.9999999552965164,960,2934338.6008354,1122326.8743693393,1442854.9317911451,12066719.06600044,6.08619935344525e-06,0.0006176629542678666,0.34262859654726674,2934338.6008354,6.086200036981707e-06
8,3,3.999999910593033,959,2934264.397192089,1121578.2134457375,1440516.590016311,11998878.636701126,6.0763412517280185e-06,0.0006157474966057073,0.3486370210860624,2934264.397192089,6.0763419086256996e-06
8,3,6.000000238418579,957,2932730.9664837113,1116027.7109434907,1429934.5878734952,11912659.260838691,6.031715340866716e-06,0.0006150373012873384,0.3528204695783473,2932730.9664837113,6.03171606232795e-06
8,3,7.999999821186066,956,2932730.966437822,1115979.6416147465,1429830.9357953889,11910618.687336484,6.031281940335056e-06,0.0006149977213056582,0.33251419980360325,2932730.966437822,6.031282676854549e-06
8,3,10.000000397364298,955,2932728.930370689,1115896.5913682107,1429504.214326671,11873702.777676342,6.029906496132498e-06,0.0006142089370579315,0.329598513202135,2932728.930370689,6.029907226748815e-06
8,3,12.000000476837158,954,2932728.9301486,1115826.8202312458,1429384.71325347,11871175.260364825,6.029406818874189e-06,0.0006141675871780846,0.3166695475580658,2932728.9301486,6.029407619652247e-06
8,3,13.999999562899271,954,2932728.9301486,1115751.4266217344,1429258.4602928145,11870031.687871667,6.028878922047626e-06,0.0006141625868286614,0.31250364377597006,2932728.9301486,6.028879639356687e-06
8,3,15.999999642372131,954,2932728.9301486,1342972.596295987,2430517.319162229,93908742.81277469,1.0215405490784453e-05,0.0017710963403172579,0.19325333988413784,2932728.9301486,1.0215406069531292e-05
8,3,18.000000715255737,953,2932728.4335678667,2112682.426682776,8890540.083460405,3587354523.881511,3.722645577320132e-05,0.008942416512411847,0.05141063089999097,2932728.4335678667,3.722646283244714e-05
8,3,20.000000794728596,951,2932728.433330178,4344516.982570138,27963446.767678123,21735595431.31639,0.00011697529380231722,0.013610564432677726,0.016683632362613113,2932728.433330178,0.0001169753056366126
8,3,22.000000874201458,949,2932728.4314599335,8414641.575031655,72190743.96817212,84796091020.96135,0.00030190125284280527,0.01796077667137677,0.005989179201473685,2932728.4314599335,0.0003019012687611857
8,3,24.000000953674316,947,2932728.4250731333,13750937.576401561,143234222.60678145,245634004574.36932,0.0005989527176771924,0.02306071922078836,0.0029289117219828318,2932728.4250731333,0.0005989527849436201
8,3,25.999999046325684,946,2932728.425029867,20556339.82353813,244527957.83036712,577522721043.1699,0.0010224884597081136,0.02826195375091959,0.001688637278597626,2932728.425029867,0.0010224885870237118
8,3,27.999999125798542,946,2932728.425029867,29011555.057059906,380982125.43247545,1165602703059.1458,0.0015930392149105703,0.03316812939606374,0.0010570285443027014,2932728.425029867,0.001593039333295393
8,3,29.999999205271404,946,2932728.425029867,39447549.45168452,559263132.175772,2126560832287.9338,0.002338478982879009,0.03784728002745666,0.0006964977750923289,2932728.425029867,0.0023384792532548477
8,3,31.999999284744263,946,2932728.4249141556,51758236.427856565,784423220.1581562,3586257742014.7783,0.0032799325163056854,0.04228851799773015,0.0004819670385429962,2932728.4249141556,0.003279932811006143
8,3,33.999999364217125,945,2925785.5165243335,64036965.47056185,1049892808.3158535,6183341648542.535,0.004389930659716626,0.04886840229634529,0.00035160348194012846,2925785.5165243335,0.004389931211988005
8,3,36.000001430511475,944,2925785.5150952223,79084170.3764187,1361308633.1185842,9181762844252.582,0.005692042109573225,0.05310705166294121,0.00026904384798060073,2925785.5150952223,0.005692042619560147
8,3,37.99999952316284,942,2925785.5149526,96851906.97093135,1734475583.7819655,13184828403271.432,0.007252351254083815,0.05702450694583839,0.0002058981727171753,2925785.5149526,0.007252352118530745
8,3,40.00000158945719,942,2925785.4322204664,116432245.72342432,2169203614.623062,18431404936188.0,0.009070063462239429,0.06092321704240708,0.00016410348249542087,2925785.4322204664,0.009070064295340017
8,3,41.99999968210856,941,2925778.3519172445,137976959.6261856,2667892974.6054907,25166331216524.285,0.01115521478698702,0.06482154798081678,0.00011521973258988362,2925778.3519172445,0.011155215870535317
8,3,44.000001748402916,941,2924005.9553507776,160359836.49508128,3228347607.92804,34164470265243.844,0.013498622979775379,0.06929549944511496,9.405358023369818e-05,2924005.9553507776,0.013498624306493302
8,3,45.99999984105428,940,2924005.9521913556,185080562.4097942,3853478919.033498,44742690189799.18,0.01611246136902337,0.0732376909825874,7.60270484653256e-05,2924005.9521913556,0.01611246352702768
8,3,48.00000190734863,937,2924005.8318670224,211622314.82891947,4548433036.957231,57673431114061.805,0.019018247271978126,0.07715856068983018,5.9569310208527483e-05,2924005.8318670224,0.01901824940150317
8,3,50.0,936,2917990.4641832444,238281995.06933036,5308201019.690234,75418740035797.39,0.02219503698784293,0.08229281520479555,4.9769388870762554e-05,2917990.4641832444,0.0221950398527888
8,3,51.99999809265137,935,2914527.606587733,266503715.27083617,6137338924.333695,98297185357269.5,0.025661880587943477,0.08761769392403713,4.238257188594038e-05,2914527.606587733,0.025661884165133188
8,3,54.00000015894572,934,2910982.4947999334,295993086.28733325,7031676607.397917,130216361672785.11,0.029401341605828774,0.09361591456913826,3.5207781804745024e-05,2910982.4947999334,0.02940134478289557
8,3,55.999998251597084,933,2880903.8939023777,318097117.4626664,7992526183.019318,224357339084902.0,0.033418906335709035,0.11072086832713025,2.8411016333415956e-05,2880903.8939023777,0.03341891013498431
8,3,58.00000031789144,933,2854924.6406026,340716655.61567163,8995262347.139465,501854966509784.0,0.037611609906154794,0.13739648532865958,2.49625560726116e-05,2854924.6406026,0.03761161361794528
8,3,59.99999841054281,932,2802948.2606936665,361600699.86579853,10035727375.464266,838677071614003.2,0.04196206777858597,0.16354430857298977,2.222474616030421e-05,2802948.2606936665,0.0419620720143557
8,3,62.00000047683716,932,2752088.698292733,377986872.9670769,11104867826.949577,1550035022070931.5,0.0464324251354324,0.20068998286025994,1.914481760682508e-05,2752088.698292733,0.04643243001413139
8,3,63.999998569488525,932,2683888.4002582445,389189919.9839924,12184139154.034492,2724635886756454.0,0.050945142347062204,0.24186567106575096,1.67863894854183e-05,2683888.4002582445,0.050945147992588084
8,3,66.00000063578288,932,2632063.9180209558,409221640.2147113,13283552249.048769,4122600809893619.5,0.055542077586658155,0.2679697053131978,1.5391774960371366e-05,2632063.9180209558,0.0555420842993222
8,3,67.99999872843425,932,2570571.140275022,421571806.0420754,14397441265.449654,5793227625458316.0,0.06019954045999755,0.3008101825743151,1.3874606916666166e-05,2570571.140275022,0.060199546428107105
8,3,69.99999682108562,932,2523921.571615067,441180909.5912059,15468506481.397074,6720607934773324.0,0.06467794576317447,0.3122103662554357,1.1390851051025875e-05,2523921.571615067,0.06467795229208947
8,3,72.00000286102295,932,2467458.8397932667,455791624.6611973,16544742005.403597,7488655356864077.0,0.0691779694838729,0.32561858513837,1.050740309337863e-05,2467458.8397932667,0.06917797827295609
8,3,74.00000095367432,931,2416285.0622288445,473835804.5871777,17593576925.183983,8994154437913876.0,0.07356342407328138,0.33672646805155326,9.541681663121652e-06,2416285.0622288445,0.07356343265230789
8,3,75.99999904632568,931,2375651.1834424445,492930590.6751762,18610842873.22887,9060092648529202.0,0.07781688049090552,0.33483136540406483,8.379852246442165e-06,2375651.1834424445,0.07781689054713063
8,3,77.99999713897705,931,2323101.7346313335,501994712.4956588,19604546169.314674,9478741448020978.0,0.08197181526491797,0.34659399373545907,0.003834606209600044,2323101.7346313335,0.08197182411736777
8,3,80.00000317891438,927,2222736.6999745555,485577519.85540444,20365301240.420494,1.0916470535279798e+16,0.08515273173694989,0.3849722882066524,6.7565140329072186e-06,2222736.6999745555,0.08515274050482419
8,3,82.00000127156575,927,2117034.5492467335,460718297.78178436,21197737751.319073,1.4461276786656718e+16,0.08863336767718882,0.44924789622779726,0.001037520622045489,2117034.5492467335,0.08863337851367414
8,3,83.99999936421712,922,2019107.5225881112,447450492.6106823,21920280709.540966,1.7549809846705568e+16,0.09165450958434902,0.4931291218653059,0.022197017821486482,2019107.5225881112,0.09165452002612057
8,3,85.99999745686848,909,1941629.4105618445,437439333.14114684,22210517502.157726,2.2916918234847736e+16,0.09286806485686097,0.5348604994741587,0.03341749419061841,1941629.4105618445,0.09286807375635722
8,3,88.00000349680583,902,1863784.8577561555,427706378.0889712,22009758721.32246,4.117059782682984e+16,0.09202863696124691,0.5769617301169268,0.005683903539483992,1863784.8577561555,0.0920286488123045
8,3,90.0000015894572,893,1794212.3958378222,428493464.6533474,22363664739.17983,4.52842288545413e+16,0.09350841089071263,0.5883980819871478,0.04716556629591368,1794212.3958378222,0.09350842243762622
8,3,91.99999968210857,888,1735789.3471764445,423902440.3528082,21812686539.985203,4.139261272807559e+16,0.09120462416306466,0.5744023914588148,0.021939610002441146,1735789.3471764445,0.0912046345952218
8,3,93.99999777475993,876,1685528.1257216223,421155424.8120608,21970999632.49416,4.2618361104462744e+16,0.09186657107955598,0.5875811481799603,0.06638500736118005,1685528.1257216223,0.09186658042427248
8,3,96.00000381469727,851,1620100.3718126,397056362.1923405,20890330044.952965,2.686325770965733e+16,0.08734800383328928,0.5507151067441616,0.014235537299893838,1620100.3718126,0.08734801534603463
8,3,98.00000190734863,834,1561172.5592642445,385081112.42227024,20397378849.877827,2.0561044394728656e+16,0.08528684334532255,0.5298568151551615,0.0580445859669252,1561172.5592642445,0.08528685295844496
8,3,100.0,823,1500350.0809950223,372606900.26328,20005389262.581753,1.8410246375369668e+16,0.08364783075370823,0.5191751540815225,0.0946285597174533,1500350.0809950223,0.08364784019054246
8,3,101.99999809265137,805,1424231.2716631778,343302013.274404,18676144335.920185,1.5953688562824854e+16,0.07808990505768847,0.5131235420908039,0.043925127377095405,1424231.2716631778,0.07808991377373216
8,3,103.99999618530273,788,1368500.4720048443,319026243.034821,18117626059.49362,1.6348918101784758e+16,0.07575459188190656,0.5400522464302724,0.020030040860843375,1368500.4720048443,0.07575460053879006
8,3,106.00000222524007,775,1303163.9670568223,296301498.7793225,17841841669.041027,1.9473021627623644e+16,0.07460146401844282,0.579541446782953,0.03145444512826095,1303163.9670568223,0.07460147210576487
8,3,108.00000031789143,767,1248457.809897889,275812222.3775801,17182718071.91401,1.844014574272093e+16,0.07184549412289475,0.5966844938024365,0.052816088791026075,1248457.809897889,0.07184550216087446
8,3,109.9999984105428,754,1208316.7239306,263232280.7159943,16594721885.75365,1.7751343179111476e+16,0.06938692596285682,0.6056894021305599,0.05729529259235329,1208316.7239306,0.0693869339027759
8,3,111.99999650319417,743,1175134.9223383777,250198545.2918012,15962839244.590284,1.8252281280396884e+16,0.06674485683299773,0.6185597166386319,0.07565204194880426,1175134.9223383777,0.06674486472353847
8,3,114.00000254313152,730,1140603.2095003333,234620848.82059205,15119195283.936222,1.6712834695685166e+16,0.06321735797837008,0.615736646745685,0.0956558568422965,1140603.2095003333,0.06321736444431872
8,3,116.00000063578288,716,1105564.693333289,219389659.65793708,13905729448.32672,1.375793199852893e+16,0.058143536579597165,0.5879751070329474,0.04310876131165321,1105564.693333289,0.05814354296221222
8,3,117.99999872843425,709,1080175.466582711,212301930.35263267,13554926285.801626,1.3259372802064546e+16,0.056676735388435116,0.5851045974545911,0.07915884431900955,1080175.466582711,0.05667674188220411
8,3,119.99999682108562,697,1060744.6886145333,203265831.3472351,12649171133.571644,1.2235471022409172e+16,0.05288953388691566,0.5620800842757039,0.05890177611116225,1060744.6886145333,0.05288953982873653
32,1,0.0,3840,2934338.600834911,42532.69963657032,10868.375083180388,716.1515699592142,9.18018596833358e-08,2.492185990154828e-05,0.3425346828529088,2934338.600834911,9.180186459311833e-08
32,1,1.9999999552965164,3839,2934338.6008303333,987701.6992571658,1255108.0651789969,10401122.993325803,5.294295174821656e-06,0.0006080063301942991,0.3403046197877523,2934338.6008303333,5.294295823477137e-06
32,1,3.999999910593033,3837,2934338.6001092223,987678.1615324881,1255073.1404795488,10404240.581731934,5.294149122703564e-06,0.0006080409875831941,0.3371999485520571,2934338.6001092223,5.294149730807459e-06
32,1,6.000000238418579,3834,2934337.6042808667,987644.3188841059,1254943.4650497648,10392400.284724858,5.293603372711106e-06,0.0006077403743363852,0.34190055851353557,2934337.6042808667,5.293603937216368e-06
32,1,7.999999821186066,3833,2934337.604277467,987609.7700502934,1254882.7822081286,10391336.098774932,5.293349641420011e-06,0.0006077195797452718,0.33720027140262065,2934337.604277467,5.293350247359754e-06
32,1,10.000000397364298,3831,2934337.6035196222,987572.8160261257,1254826.5175153636,10390145.749874659,5.293114359890833e-06,0.0006077086956778438,0.3421974336089935,2934337.6035196222,5.293114914544737e-06
32,1,12.000000476837158,3826,2934337.5656474666,987516.4127441045,1254713.963860577,10384197.787105063,5.292643329329304e-06,0.0006076016547692765,0.34514311072004006,2934337.5656474666,5.292643908878816e-06
32,1,13.999999562899271,3821,2933555.6483520223,985946.5766203194,1252437.5980575022,10363545.784082098,5.283045254255458e-06,0.0006076415097150694,0.34165564566309536,2933555.6483520223,5.283045821456537e-06
32,1,15.999999642372131,3819,2933555.571559422,1207014.038440932,2421913.9197604014,213535173.29076448,1.0172932550445699e-05,0.0029241147185942265,0.17557660044789236,2933555.571559422,1.017293382193603e-05
32,1,18.000000715255737,3817,2933555.5714417333,2234972.1280851727,10091173.766055554,4175187505.738336,4.224012458428354e-05,0.008975453128342435,0.04129650126095128,2933555.5714417333,4.224012940048518e-05
32,1,20.000000794728596,3816,2933551.840640667,4443792.478517041,31840184.565954566,26172661507.20108,0.00013317845006706252,0.014400362513215874,0.013186606000909398,2933551.840640667,0.00013317845827619219
32,1,22.000000874201458,3815,2933551.840193911,7892948.407642131,72383491.69667633,95983451737.44168,0.00030270067797887425,0.01962777843629918,0.005764901242351868,2933551.840193911,0.00030270071414681816
32,1,24.000000953674316,3812,2933551.8323738887,12702674.28141677,136948687.94692883,259562299006.02524,0.0005726647406874441,0.02459282460285625,0.0031321868754233045,2933551.8323738887,0.0005726647986383969
32,1,25.999999046325684,3808,2933551.2715620887,18874229.10722186,229042692.22776836,580178711052.8276,0.000957733986217925,0.029462935597137245,0.0018808666126156237,2933551.2715620887,0.0009577340838910997
32,1,27.999999125798542,3804,2933551.2655043555,26455852.98664419,352577340.4296331,1138031594316.3127,0.0014742648335248148,0.034212892378423294,0.0012064295755605605,2933551.2655043555,0.0014742649950233618
32,1,29.999999205271404,3801,2933518.649575889,35798558.491113074,512999304.6957115,2031534449642.5945,0.002145031223476857,0.03872822679449519,0.0008141087617473615,2933518.649575889,0.0021450314014105232
32,1,31.999999284744263,3796,2932447.696093222,46754029.54358516,714860719.980198,3381073546222.9795,0.002989066813657808,0.043109327423351614,0.0005738107720267987,2932447.696093222,0.002989067088982603
32,1,33.999999364217125,3792,2932441.4329725555,59249309.21863999,959861245.408998,5325361328825.595,0.004013478431990422,0.047465033597557466,0.00041436031133814326,2932441.4329725555,0.0040134788660548355
32,1,36.000001430511475,3789,2932430.3935180665,73584209.00099896,1253359538.7556896,8025913687896.473,0.0052406719568317255,0.05171834115380946,0.00031313212909832153,2932430.3935180665,0.005240672486560494
32,1,37.99999952316284,3789,2932401.102320978,88971967.23530652,1594072199.2439065,11666021844554.45,0.006665281180314226,0.05604329282265867,0.00023647079453721523,2932401.102320978,0.006665281874672421
32,1,40.00000158945719,3786,2932400.8500873554,105744511.29029235,1982197171.4480946,16427722279510.938,0.008288133745996335,0.06039613958693386,0.00018191951771039203,2932400.8500873554,0.008288134753416485
32,1,41.99999968210856,3785,2931136.1845084443,123834314.65565376,2421894909.0267363,22710208783307.24,0.010126625604732164,0.06497693139267097,0.0001421841409875707,2931136.1845084443,0.010126626524508053
32,1,44.000001748402916,3780,2931123.9229136887,143515623.80623278,2914103198.107118,30422368409681.027,0.012184677886623878,0.06923969693320076,0.0001159815022654223,2931123.9229136887,0.012184679336089714
32,1,45.99999984105428,3779,2930666.7065756223,164699968.6466207,3462504945.0535297,40018607029165.484,0.014477689732931611,0.07348552288990302,9.425552108761219e-05,2930666.7065756223,0.014477691006416186
32,1,48.00000190734863,3776,2930642.2256180667,187252342.22742397,4067537580.927276,51705035775003.25,0.017007490276111262,0.07766849121116429,7.738003598154654e-05,2930642.2256180667,0.017007492139143286
32,1,50.0,3775,2928881.092760578,210831083.76979357,4730488766.962954,66544163757970.055,0.019779463507137225,0.0822204215801771,6.40448452922412e-05,2928881.092760578,0.019779465821649175
32,1,51.99999809265137,3774,2926039.614155089,235807390.76511422,5454902902.532972,84890979706563.08,0.02280842949177271,0.08694080387558198,5.3055149839552075e-05,2926039.614155089,0.02280843178464495
32,1,54.00000015894572,3772,2925182.169729,262323658.2239849,6239312613.482121,105965354607791.42,0.026088252750538797,0.09119780701646504,4.472434602768081e-05,2925182.169729,0.026088256038142337
32,1,55.999998251597084,3770,2921504.2718844446,289490626.0613893,7085784445.318514,133220328902584.06,0.029627574037717687,0.09618429421121828,3.756561447460117e-05,2921504.2718844446,0.029627577394726542
32,1,58.00000031789144,3765,2913572.435083667,316729277.8054993,7994946657.514527,172678824301411.84,0.03342902025074992,0.10272444810535157,3.15664467620037e-05,2913572.435083667,0.03342902312421729
32,1,59.99999841054281,3760,2904956.656475178,345267986.9877734,8963696219.335644,221311067224105.6,0.03747961682963502,0.10888096828443113,2.660784116644533e-05,2904956.656475178,0.037479620982363446
32,1,62.00000047683716,3758,2888974.6761424667,370518148.6798973,9991064588.726233,361756456236121.06,0.0417753141257748,0.12309158656739631,2.3247803051990994e-05,2888974.6761424667,0.041775318212596994
32,1,63.999998569488525,3758,2862051.0601819553,392368565.1255447,11062855229.654682,620184344788425.6,0.0462567526215471,0.14285502103997408,2.004196371519782e-05,2862051.0601819553,0.046256757897088725
32,1,66.00000063578288,3756,2808290.131620911,401905683.7376549,12148782091.22873,1280604746538639.2,0.05079729837266261,0.18173694308812957,1.776950075602481e-05,2808290.131620911,0.050797303900803385
32,1,67.99999872843425,3754,2724839.0915149557,403327466.8146522,13214165370.960264,2333829656740490.0,0.05525194599219954,0.23035784576665724,1.5417647924193412e-05,2724839.0915149557,0.0552519510683861
32,1,69.99999682108562,3753,2618121.683290111,396288869.49110496,14238399089.816332,3937688119420303.0,0.059534536491750605,0.2884021604762847,1.3561397417228654e-05,2618121.683290111,0.05953454181085922
32,1,72.00000286102295,3749,2505820.6924089333,384973395.2301113,15202668700.42724,6241502073690314.0,0.06356640128711172,0.350440976315472,1.190018763767269e-05,2505820.6924089333,0.06356640729554955
32,1,74.00000095367432,3748,2396692.410773467,372865103.5007644,16096006689.870842,9339356051372754.0,0.06730168232311548,0.41349977532505194,1.0753347451971769e-05,2396692.410773467,0.06730168916290698
32,1,75.99999904632568,3748,2301087.7401158,363406716.0662818,16899243980.65584,1.1783666011124502e+16,0.07066022864616,0.460815109620594,9.974389715869233e-06,2301087.7401158,0.0706602348906649
32,1,77.99999713897705,3746,2227269.996888978,360791016.3808668,17611883253.95078,1.4150494323307614e+16,0.07363996076465427,0.4918763912064499,8.891445546728489e-06,2227269.996888978,0.07363996874321553
32,1,80.00000317891438,3745,2159564.779965467,358428185.7835607,18222120284.834732,1.6124935011266956e+16,0.0761915222516845,0.515819240651168,8.350360445653598e-06,2159564.779965467,0.07619153121832223
32,1,82.00000127156575,3744,2094855.1560024,356564949.99352676,18719388724.628906,1.8536437084981732e+16,0.07827073235440378,0.5393288236405125,0.007318553740854934,2094855.1560024,0.07827074103373823
32,1,83.99999936421712,3740,2031953.0954184444,353277819.82830304,18998061318.4801,1.9563290082358576e+16,0.07943593551327607,0.5486448521637286,0.006769345004229472,2031953.0954184444,0.07943594423535819
32,1,85.99999745686848,3727,1966796.8471735555,350508416.99040294,19197054012.688904,2.004132561227818e+16,0.08026797607792405,0.5526960065784321,0.01756533197855323,1966796.8471735555,0.08026798508508703
32,1,88.00000349680583,3697,1900281.833234511,345092148.3323234,19059475378.13975,1.918193043250033e+16,0.07969272272786694,0.5503410978552646,0.03429823708548682,1900281.833234511,0.07969272999801956
32,1,90.0000015894572,3654,1827937.8861935555,334553168.72404486,18566704776.16941,1.758543543536599e+16,0.07763231791134928,0.5392607973484848,0.058857717695955526,1827937.8861935555,0.07763232676592978
32,1,91.99999968210857,3610,1755880.7208634666,322581679.55495954,17953752429.01651,1.3996714961863526e+16,0.07506940167112497,0.5222306209552032,0.06132771318760264,1755880.7208634666,0.07506940951686893
32,1,93.99999777475993,3557,1689150.6015160666,312953484.0825613,17192588753.707645,1.204362694173516e+16,0.07188677384121171,0.5021023095740064,0.03793738992523499,1689150.6015160666,0.07188678075546838
32,1,96.00000381469727,3522,1634226.3006718445,307784205.58462906,16922128232.480558,1.171463716156595e+16,0.07075590626139668,0.4971327492078596,0.038795735138455544,1634226.3006718445,0.07075591317121241
32,1,98.00000190734863,3476,1578392.1668997332,298126003.6315423,16619087300.309252,1.1394619240466038e+16,0.06948881137397322,0.4992956538164033,0.06385152476550596,1578392.1668997332,0.06948881940739576
32,1,100.0,3424,1524162.1741533112,285814576.96399915,15882883070.409555,1.0200502361992128e+16,0.06641054600841721,0.4905535692587599,0.056940391761974414,1524162.1741533112,0.06641055394318025
32,1,101.99999809265137,3367,1473228.386613511,274176674.8392874,15386033820.566298,9952838157415052.0,0.06433308712897445,0.4938276750377785,0.05527270000359633,1473228.386613511,0.06433309408331114
32,1,103.99999618530273,3308,1432650.95286,265512026.72412845,14844765540.0467,9847812082821416.0,0.06206990057576893,0.49370650851010933,0.04300398076788676,1432650.95286,0.06206990692718758
32,1,106.00000222524007,3236,1396767.4522963334,256522249.09031168,14324023222.402452,9650050069216964.0,0.059892537793036466,0.4934544808074858,0.04998107454467673,1396767.4522963334,0.05989254377742569
32,1,108.00000031789143,3168,1361424.0744747778,249524131.81055427,13858954587.313894,9116738141344190.0,0.05794796199079666,0.4879934235911439,0.058431179768002446,1361424.0744747778,0.057947967986008174
32,1,109.9999984105428,3120,1328012.107414489,240689561.9415384,13246630649.092167,8018104629161093.0,0.05538767270503839,0.4755895732799408,0.05988280567049001,1328012.107414489,0.05538767839809093
32,1,111.99999650319417,3060,1302214.4600043779,233591500.39129317,12757590583.266092,7185186124493865.0,0.053342866480079285,0.4654552469561095,0.06313827115410575,1302214.4600043779,0.05334287229355946
32,1,114.00000254313152,2988,1277293.1063361333,223967197.4650104,12117257920.697554,6550796001243346.0,0.050665465475561104,0.45716511847301744,0.05401797356250371,1277293.1063361333,0.05066547105624257
32,1,116.00000063578288,2948,1251997.1580638445,215454619.25313848,11615035710.393385,5851999844803229.0,0.04856554158647078,0.4474940920461276,0.058900765064224314,1251997.1580638445,0.048565547284686025
32,1,117.99999872843425,2909,1226840.2973471333,206704401.9660006,11103278385.19087,5119215006570991.0,0.04642574847455144,0.4371497505979402,0.057320141397478985,1226840.2973471333,0.04642575353147239
32,1,119.99999682108562,2865,1204321.9103081112,198446220.96347496,10639569457.439857,4735789296770247.0,0.044486857979282375,0.4317573035361622,0.049551780522529086,1204321.9103081112,0.04448686311551734
32,2,0.0,3840,2934338.600835822,42192.46072282206,10803.376186026973,714.9848533842345,9.125283366945336e-08,2.5043199266690134e-05,0.34273693303280917,2934338.600835822,9.125283855604419e-08
32,2,1.9999999552965164,3838,2934338.515269511,979720.728671105,1247826.8234470373,10379147.09401164,5.263572463019998e-06,0.0006108689360243865,0.34628350085508564,2934338.515269511,5.26357305390192e-06
32,2,3.999999910593033,3838,2934338.515269511,979713.744141608,1247818.2341099463,10383229.70260935,5.263536548743067e-06,0.0006109161363245129,0.34584694669702437,2934338.515269511,5.263537170240134e-06
32,2,6.000000238418579,3835,2934338.414328178,979683.2249423163,1247745.9455294115,10376820.316571265,5.263233480322319e-06,0.0006107847885768587,0.3437215040034847,2934338.414328178,5.263234069295497e-06
32,2,7.999999821186066,3832,2934338.4141535778,979647.9724335637,1247688.9609271789,10375721.583594035,5.262995203675483e-06,0.0006107720598702365,0.3412837104885788,2934338.4141535778,5.262995771635745e-06
32,2,10.000000397364298,3830,2934338.4059674223,979615.5369836028,1247626.0479869742,10372689.764275337,5.2627320128303745e-06,0.0006107175838223938,0.34344522171059355,2934338.4059674223,5.262732621359938e-06
32,2,12.000000476837158,3827,2934338.3091807333,979563.2900713113,1247514.0338807374,10366559.909285475,5.262262923455264e-06,0.0006105894857675635,0.3427252543418057,2934338.3091807333,5.262263535406737e-06
32,2,13.999999562899271,3824,2934299.4251153558,979192.1626678463,1246551.7301607118,10344951.09341211,5.258209597832336e-06,0.0006099746095283953,0.3410282039658722,2934299.4251153558,5.258210143870946e-06
32,2,15.999999642372131,3824,2934299.4251153558,1137086.342820884,2105291.036752063,171507671.44934675,8.848824443150983e-06,0.0026921401393561395,0.20395247088068202,2934299.4251153558,8.848825611507522e-06
32,2,18.000000715255737,3823,2934299.4173930665,2077069.0675782503,8984626.505462134,3558375663.2325535,3.7613134824781473e-05,0.008713040539119137,0.048162138085382514,2934299.4173930665,3.761313943778328e-05
32,2,20.000000794728596,3818,2934249.3801312223,4137194.072252107,28720309.263341304,22934975879.356537,0.0001201331783393776,0.014084272182355057,0.014924532798507367,2934249.3801312223,0.00012013319659387048
32,2,22.000000874201458,3817,2934249.3800275777,7352235.903448436,66321098.719642535,85791630053.60805,0.000277351966133066,0.019300922605541587,0.006373100765560737,2934249.3800275777,0.00027735200348440897
32,2,24.000000953674316,3814,2934248.809456711,11953437.413852962,127031709.8508594,235275049495.43427,0.0005311989922252893,0.024212038198203743,0.0033801574986718395,2934248.809456711,0.000531199042888083
32,2,25.999999046325684,3808,2934248.727627711,17875509.45074758,214654093.12780303,532116672703.0865,0.0008975712160633949,0.029052621537038144,0.0019929696486749157,2934248.727627711,0.0008975713215962838
32,2,27.999999125798542,3803,2934242.8658375777,25506666.64761137,334799310.5849289,1053682139578.6776,0.0013999299522611994,0.033623668371567494,0.0012673680245418653,2934242.8658375777,0.0013999301207358753
32,2,29.999999205271404,3797,2934242.7462564,34520513.49674165,491034421.7552051,1898705248245.6067,0.002053190033450167,0.03813940626164794,0.0008543269053861008,2934242.7462564,0.0020531902348629003
32,2,31.999999284744263,3797,2934242.746249089,44802906.86375592,683863657.8237511,3182205110853.199,0.002859459773666748,0.04272502909778118,0.0005909726071977167,2934242.746249089,0.0028594600484667214
32,2,33.999999364217125,3790,2934204.1575555555,56491634.13839874,916608971.1382439,5036078045460.638,0.003832629097648498,0.04726693685134802,0.00043065493177087214,2934204.1575555555,0.0038326294887611784
32,2,36.000001430511475,3788,2934204.157464578,69449053.86032666,1190920922.2810102,7609835033333.127,0.004979599495368738,0.051788286789235825,0.00032325601469669716,2934204.157464578,0.004979599933853612
32,2,37.99999952316284,3784,2934204.071036022,83941712.05611022,1509296884.481107,11064522477079.705,0.006310813109314623,0.05623471050146975,0.0002457695225857901,2934204.071036022,0.006310813648701435
32,2,40.00000158945719,3781,2934198.3585380223,100169901.92332116,1877478340.9815533,15584139771968.104,0.007850276591000996,0.06052433989166122,0.00019280352860085782,2934198.3585380223,0.007850277531592818
32,2,41.99999968210856,3779,2934198.357906,118081083.27650689,2298507609.7441416,21375004279484.84,0.009610710672813114,0.06470049969434674,0.000153117361155983,2934198.357906,0.009610711541956127
32,2,44.000001748402916,3777,2934197.750218111,137628501.14222834,2775086446.280691,28666063163215.58,0.01160341210277529,0.06879817027841942,0.00011982446342638511,2934197.750218111,0.011603413556615975
32,2,45.99999984105428,3775,2934191.7107793777,158565543.90900147,3308512618.133038,37707400928528.89,0.01383380718698009,0.07285986975492088,9.553877567588156e-05,2934191.7107793777,0.013833808426724133
32,2,48.00000190734863,3774,2932749.785459489,180751007.92537627,3897529310.3607807,48794008715973.13,0.01629664085838098,0.07697025392580217,7.80776006306396e-05,2932749.785459489,0.016296642562534183
32,2,50.0,3773,2931928.7012914666,204391844.10654312,4546139214.164403,62387951855268.664,0.019008649417371893,0.08116664926842466,6.375851472187056e-05,2931928.7012914666,0.01900865083915982
32,2,51.99999809265137,3769,2930057.750750089,229450000.13982436,5257841941.207934,79492014441400.75,0.021984465654658863,0.08567133849753582,5.376533886101979e-05,2930057.750750089,0.021984468199806734
32,2,54.00000015894572,3766,2929329.8112272443,255912833.88380542,6030699467.044293,99538489179946.8,0.025215986192100196,0.08986399747358995,4.544888271444137e-05,2929329.8112272443,0.02521598824276905
32,2,55.999998251597084,3765,2926663.164080489,283125406.5803851,6866081164.075025,125458148159087.8,0.02870893672998661,0.09471528798949737,3.8821928778058273e-05,2926663.164080489,0.02870893967425371
32,2,58.00000031789144,3761,2925675.920564,312012921.6241978,7764029109.4845295,155942724740856.84,0.0324634931964673,0.09919340443756022,3.2133134337405815e-05,2925675.920564,0.03246349545328125
32,2,59.99999841054281,3760,2919143.6943685557,340250302.84028864,8724878673.07608,210208984473975.1,0.03648105787607155,0.10603847477451238,2.745465120765852e-05,2919143.6943685557,0.03648106151007355
32,2,62.00000047683716,3757,2909572.7637124443,368933333.35441506,9745488267.035116,285466807963681.3,0.04074849490558378,0.11382171293774009,2.3227875848263093e-05,2909572.7637124443,0.04074849845569262
32,2,63.999998569488525,3753,2893342.450528711,395914799.4422237,10818989072.58751,421079003725487.0,0.0452370840492941,0.12489502646606129,2.0441031416415e-05,2893342.450528711,0.045237088192138265
32,2,66.00000063578288,3748,2860362.033636978,416078977.4031311,11929253649.633324,791220883726198.4,0.04987939218814104,0.1480146386157694,1.7858121942182145e-05,2860362.033636978,0.049879397299175024
32,2,67.99999872843425,3745,2817547.17009,432414448.21991074,13063094569.64278,1414454267123024.5,0.05462027921245992,0.17593264867737102,1.548143442353554e-05,2817547.17009,0.05462028582690947
32,2,69.99999682108562,3744,2755910.981533067,438443021.3979781,14195083275.537096,2356933212023206.0,0.05935342164680495,0.2154368628039469,1.3738700586962016e-05,2755910.981533067,0.05935342747619254
32,2,72.00000286102295,3742,2673063.2073519556,437707623.4061842,15303309298.98558,3654806385059185.5,0.06398720599152279,0.26225530723723306,1.2306421969189624e-05,2673063.2073519556,0.06398721227991537
32,2,74.00000095367432,3740,2583953.9906925336,428904627.5264075,16370283315.948374,5929632472088480.0,0.0684485049157086,0.3252115143520507,1.0983905008827713e-05,2583953.9906925336,0.06844851275766775
32,2,75.99999904632568,3738,2508134.5150713776,421511140.1304434,17365604359.630516,8873413191197569.0,0.07261020391683015,0.38425210387710373,9.58278111899923e-06,2508134.5150713776,0.07261021113073683
32,2,77.99999713897705,3738,2422160.886254133,413549673.7500957,18290459217.313168,1.1458251418723638e+16,0.07647726526626561,0.427606543186421,8.686927567283608e-06,2422160.886254133,0.0764772723590872
32,2,80.00000317891438,3737,2324940.3657672442,400695908.87690705,19081566682.70929,1.6132415633089846e+16,0.07978509359982076,0.4831126659345629,8.030078289123156e-06,2324940.3657672442,0.07978510253761939
32,2,82.00000127156575,3736,2220732.3093271335,385083135.7214523,19761299116.838078,2.0651869996533476e+16,0.08262723358433027,0.5311601730989283,0.00032304758670169994,2220732.3093271335,0.0826272419875077
32,2,83.99999936421712,3734,2124497.307588089,371174603.21054435,20312779426.904842,2.7987165482055404e+16,0.0849331177588051,0.579484028620654,0.0018319860007907725,2124497.307588089,0.08493312659686435
32,2,85.99999745686848,3723,2034001.1116358445,360680815.9510512,20698722798.31155,3.1896596170240624e+16,0.08654684840923808,0.6059778043928395,0.04467063838073876,2034001.1116358445,0.08654685688809052
32,2,88.00000349680583,3694,1948716.9482233555,347845144.92712706,19989242766.27322,2.1929083720889504e+16,0.08358032433730382,0.570211204553317,0.03834460819161855,1948716.9482233555,0.08358033407286034
32,2,90.0000015894572,3673,1864579.5095781777,335878477.85533905,19716488200.962044,2.041855498105148e+16,0.0824398650010565,0.5679260132561565,0.027451264476419483,1864579.5095781777,0.08243987446776473
32,2,91.99999968210857,3647,1783274.6100229556,322584636.1893628,19470598432.59308,2.129060062497862e+16,0.08141173424539154,0.5816455196428861,0.048209651464560965,1783274.6100229556,0.0814117431833782
32,2,93.99999777475993,3610,1709358.5669166443,309134223.35637534,18848526138.544846,1.9329780103691428e+16,0.07881068523183428,0.5746396464316785,0.05228870387960751,1709358.5669166443,0.07881069437690354
32,2,96.00000381469727,3568,1642734.1727393332,296033476.37325966,18220441117.261734,1.7797446802644718e+16,0.07618449529030172,0.5693919887535499,0.04354964110782458,1642734.1727393332,0.07618450403392614
32,2,98.00000190734863,3509,1579335.1191377111,282861684.8374357,17409140722.112377,1.536021778679612e+16,0.07279223319035001,0.5572781664145378,0.06163624427336721,1579335.1191377111,0.07279224145689397
32,2,100.0,3442,1525385.5687621334,272543374.93031025,16673834578.065475,1.2579956683829714e+16,0.06971772302950136,0.5374378497975045,0.0643347940543441,1525385.5687621334,0.06971773134663152
32,2,101.99999809265137,3384,1475790.5915816666,259855562.73975983,15729735387.548931,1.0944887001056648e+16,0.06577019401447441,0.5229641685066637,0.0414444181247283,1475790.5915816666,0.0657702007569014
32,2,103.99999618530273,3344,1431982.7135066667,251657579.62155458,15263929927.400858,1.0110777061194662e+16,0.06382253800294219,0.5162043778245744,0.04752618176032358,1431982.7135066667,0.06382254510679461
32,2,106.00000222524007,3294,1392326.3831297334,241976062.49410117,14594163183.277306,9178085679948676.0,0.06102206553354803,0.5074199221775746,0.051118200442082214,1392326.3831297334,0.061022072069891395
32,2,108.00000031789143,3247,1356924.0026789778,233040887.58939326,13959550807.588253,7999292100257842.0,0.058368583047686225,0.4946621819403426,0.04140436685108939,1356924.0026789778,0.05836858932724047
32,2,109.9999984105428,3205,1326811.6325947333,225397164.795296,13393798038.541796,7342316989588917.0,0.05600302097802963,0.4868220917865178,0.038579669906351685,1326811.6325947333,0.056003027155770255
32,2,111.99999650319417,3168,1298601.4053077777,219777185.23028275,13000957182.27444,7005731432743532.0,0.05436044934427548,0.482471922497116,0.06337296292872158,1298601.4053077777,0.05436045475492969
32,2,114.00000254313152,3115,1270393.6275836444,211820835.61193582,12336465529.557907,6422084302867347.0,0.0515820337796073,0.4723547443637441,0.06206669078105322,1270393.6275836444,0.05158203930327762
32,2,116.00000063578288,3057,1246463.6581900667,205259464.82126343,11771402124.629646,6000151675739843.0,0.04921935360628086,0.4637360393201618,0.06970629944503783,1246463.6581900667,0.0492193591234796
32,2,117.99999872843425,2999,1225051.2974615332,199237800.75141665,11164358814.800955,5209722172447144.0,0.046681144659493655,0.44668328015593706,0.04977219724422757,1225051.2974615332,0.04668114963952364
32,2,119.99999682108562,2936,1205918.3891426444,192381855.92384702,10660128119.357513,4797632228196008.0,0.04457282230910846,0.43826914816815976,0.05493554995217036,1205918.3891426444,0.04457282727265492
32,3,0.0,3840,2934338.600834511,42361.27533837117,10805.874812924716,719.8487424817155,9.127393891092594e-08,2.5089007856621915e-05,0.3395411658003231,2934338.600834511,9.127394392948217e-08
32,3,1.9999999552965164,3840,2934338.600834511,983418.4492913366,1247730.4790497357,10458635.370806983,5.263180957051045e-06,0.0006123703161249065,0.33731881868024366,2934338.600834511,5.263181455310523e-06
32,3,3.999999910593033,3835,2934337.8836804666,983379.526600479,1247604.2156885446,10448848.103245048,5.26264988357059e-06,0.0006120983594658887,0.3322150617462553,2934337.8836804666,5.2626504148745e-06
32,3,6.000000238418579,3831,2934317.3070697333,983158.1295471998,1246964.143471523,10430031.197834646,5.259952722567915e-06,0.0006115359926595593,0.33655905662511626,2934317.3070697333,5.259953262894609e-06
32,3,7.999999821186066,3828,2934317.3070107335,983125.9088658622,1246904.4650875647,10428934.635344522,5.259703187209957e-06,0.0006115178720922378,0.3335975548611651,2934317.3070107335,5.259703740419873e-06
32,3,10.000000397364298,3828,2934317.3070107335,983084.8029876746,1246834.2175784986,10427896.858977769,5.259409463903054e-06,0.0006115010465965602,0.3400026442486168,2934317.3070107335,5.259409951558483e-06
32,3,12.000000476837158,3827,2934317.306810489,983028.0536088648,1246737.7095652546,10426292.572187772,5.259005930047167e-06,0.0006114782878664008,0.34328729228468846,2934317.306810489,5.2590065033614336e-06
32,3,13.999999562899271,3822,2934314.096181178,982914.6554725618,1246394.5900911945,10403560.098796861,5.257562858450919e-06,0.0006108957454995582,0.3420556155944555,2934314.096181178,5.257563361243725e-06
32,3,15.999999642372131,3818,2934314.075592178,1180406.5853979557,2319104.03371235,232106980.2317349,9.742842857573621e-06,0.003109553960617939,0.18616636855480131,2934314.075592178,9.742843884636782e-06
32,3,18.000000715255737,3817,2934314.0755890445,2246236.0026470544,10475452.958264517,4392563245.371577,4.3846682412843566e-05,0.009140941585452726,0.04152562669331686,2934314.0755890445,4.3846688109997205e-05
32,3,20.000000794728596,3816,2934105.6491780444,4193200.850792481,30351456.674014978,26499560824.086357,0.00012695342377242485,0.015008176106146146,0.014165703655384658,2934105.6491780444,0.00012695343804635731
32,3,22.000000874201458,3813,2933210.4751593554,7304011.010192606,67129709.52719784,92958071590.63104,0.0002807329594710714,0.020155042586130264,0.006454686180278955,2933210.4751593554,0.00028073297485562635
32,3,24.000000953674316,3810,2933203.672016,11904048.92815341,127287441.43022682,245603645149.98822,0.0005322682437119453,0.024776206245498575,0.003426644468501399,2933203.672016,0.0005322682735581473
32,3,25.999999046325684,3803,2933010.534305778,17784465.51411441,213905866.2683103,544400689651.5196,0.0008944425989455508,0.029460539123262516,0.001976703555594524,2933010.534305778,0.0008944427189990023
32,3,27.999999125798542,3801,2933010.533376622,25467844.65274902,334115152.0387282,1066627409370.7705,0.00139706923162083,0.03383633235762508,0.001244943548244075,2933010.533376622,0.0013970694375638562
32,3,29.999999205271404,3799,2933010.524109911,34789024.79779292,492227824.1971445,1912126328448.9854,0.002058179889440158,0.03814283895012589,0.0008374799099637085,2933010.524109911,0.002058180078374488
32,3,31.999999284744263,3795,2933010.4859378445,45506053.52311942,689879835.153011,3199882800344.112,0.0028846149195928114,0.042522691801490695,0.0005891875180635075,2933010.4859378445,0.0028846152209476734
32,3,33.999999364217125,3792,2933010.4837138,57805648.52142507,930392382.3799413,5067900903725.625,0.0038902611219673675,0.046898018551245625,0.00041682569393943316,2933010.4837138,0.003890261487100518
32,3,36.000001430511475,3791,2933010.4576304,71581191.79318163,1216024336.9231453,7672771784105.813,0.005084563430465151,0.05126950096672659,0.0003037452708023066,2933010.4576304,0.005084563930269761
32,3,37.99999952316284,3791,2933010.4562315335,87102811.72209597,1550930460.558947,11189473579175.82,0.006484893996545874,0.05556452735124632,0.0002309846442564669,2933010.4562315335,0.006484894799146854
32,3,40.00000158945719,3789,2933010.4411998442,104092626.65512185,1937124747.8988156,15811634934516.516,0.008099673861036936,0.05981527236092974,0.0001791169290795934,2933010.4411998442,0.008099674600658049
32,3,41.99999968210856,3785,2932907.658436222,122553113.0102585,2375188153.376012,21770488291126.004,0.00993133214740405,0.06408667059747854,0.00014024344597106907,2932907.658436222,0.00993133304596976
32,3,44.000001748402916,3783,2932568.7683468224,142992424.02828786,2871585691.173702,29275659277783.895,0.0120069007795389,0.06823397869260607,0.00011305143410199692,2932568.7683468224,0.012006901866458542
32,3,45.99999984105428,3783,2932385.2208798,164965229.45453042,3428619261.1032653,38663620982663.24,0.014336004606716713,0.0723670692737699,9.106251658785554e-05,2932385.2208798,0.014336006092215262
32,3,48.00000190734863,3779,2930239.9097350445,187820182.96135095,4043971908.5332193,50761557847103.664,0.016908955817710986,0.07694649813205874,7.342474079289893e-05,2930239.9097350445,0.016908957586267696
32,3,50.0,3772,2929704.4588423776,212475894.65867618,4719962315.19483,64823209632811.11,0.01973544945743907,0.08108302022060304,6.037893538864589e-05,2929704.4588423776,0.019735451873067314
32,3,51.99999809265137,3766,2928787.6789946887,238112962.01202384,5456081653.611575,81855097212715.05,0.022813357943415033,0.08533225167662614,5.0263598636568305e-05,2928787.6789946887,0.022813360477463723
32,3,54.00000015894572,3764,2927182.3312136442,264544289.24145013,6251246631.487829,103182719779772.53,0.026138151800937134,0.08997809453861899,4.167672049833323e-05,2927182.3312136442,0.026138154445644598
32,3,55.999998251597084,3760,2925088.266962333,292220019.52880305,7107138370.177186,128584298853437.94,0.029716860212654527,0.0946197103446806,3.51110104909013e-05,2925088.266962333,0.029716863006966573
32,3,58.00000031789144,3757,2918546.3402161556,319069702.2682821,8024159942.161363,185316769767561.38,0.033551168534671424,0.10303753815433374,3.0143899111044205e-05,2918546.3402161556,0.033551172077837456
32,3,59.99999841054281,3754,2907060.0459902,344436802.7642556,8989823073.69082,342470803593408.2,0.03758885998418209,0.11696084535930465,2.5773824116585143e-05,2907060.0459902,0.03758886391040747
32,3,62.00000047683716,3748,2890562.6250412664,369288677.986691,10002303978.17246,595354947352610.5,0.041822308869699454,0.13217908101225606,2.2320818126398953e-05,2890562.6250412664,0.041822312253717804
32,3,63.999998569488525,3747,2862484.254927489,390822207.05150473,11051684478.316977,1063587403978245.1,0.04621004467399932,0.1515387383343611,1.952641738325467e-05,2862484.254927489,0.04621004937064829
32,3,66.00000063578288,3746,2821166.4647804,407320202.3139527,12130688805.85125,1656846881647796.8,0.05072164549029958,0.1788201206036637,1.7075025211775774e-05,2821166.4647804,0.05072165134232712
32,3,67.99999872843425,3741,2761056.390933311,415818126.5344039,13218972480.414425,2481761967829637.5,0.055272045692933106,0.21599574279123207,1.498014538794445e-05,2761056.390933311,0.05527205131156113
32,3,69.99999682108562,3738,2690129.883476422,419874535.6479374,14297679710.54889,3825569559025481.0,0.059782404266871085,0.2612333082339836,1.3275907035264215e-05,2690129.883476422,0.05978241081992856
32,3,72.00000286102295,3736,2603886.4931188445,419413549.01184464,15344747606.599089,5381812267190677.0,0.06416047046544371,0.30784315650005817,1.2035992624337151e-05,2603886.4931188445,0.0641604776433196
32,3,74.00000095367432,3735,2525324.6816975335,419119582.62817955,16329233930.588686,7079088452802496.0,0.0682768666555254,0.3466937045429324,1.0639693630489884e-05,2525324.6816975335,0.06827687442306951
32,3,75.99999904632568,3733,2455262.7277063113,421237713.34804,17246230331.002876,8344124009544939.0,0.07211106968907748,0.3713033810078068,9.562567568213694e-06,2455262.7277063113,0.07211107853458006
32,3,77.99999713897705,3731,2371461.3792856224,416254040.57147944,18107652684.558983,9711441219311256.0,0.07571290301196161,0.4003074818311939,8.760186947979737e-06,2371461.3792856224,0.0757129113701122
32,3,80.00000317891438,3728,2292446.4830385777,408003587.18186295,18892780866.96154,1.1184852714948308e+16,0.07899573036537037,0.4340898914357677,0.00023579668355933655,2292446.4830385777,0.07899573944983883
32,3,82.00000127156575,3725,2209604.305771,399687341.4981863,19578928017.208252,1.2973454439888584e+16,0.08186469198958918,0.46649572966765324,0.0009762974387739088,2209604.305771,0.08186470097451343
32,3,83.99999936421712,3721,2130150.3176393555,391129134.3905333,20141139533.889854,1.4719991495609152e+16,0.08421544616959414,0.4945642102293633,0.018834676638108217,2130150.3176393555,0.08421545545385446
32,3,85.99999745686848,3705,2057403.5924678221,382222797.1527598,20263826778.176563,1.5682235329207834e+16,0.08472843293731687,0.5100954340615057,0.010048297969178402,2057403.5924678221,0.08472844078650817
32,3,88.00000349680583,3693,1984915.2573382,369595672.4469668,20531098530.555283,1.7987169856463162e+16,0.08584596612885294,0.5383767114556814,0.01877113057260858,1984915.2573382,0.08584597475067919
32,3,90.0000015894572,3669,1914679.437638,358618156.0438023,20491986670.07075,1.9139778570153604e+16,0.08568242835749725,0.5515256346219046,0.039500640620677326,1914679.437638,0.08568243691539915
32,3,91.99999968210857,3641,1844560.8766604445,343277919.8466212,20066733804.897247,1.9147432562034508e+16,0.08390433329527631,0.5606027222871811,0.052281295893814354,1844560.8766604445,0.08390434337777868
32,3,93.99999777475993,3589,1774902.6544907778,331888726.5037734,19688976091.26405,1.915344773638268e+16,0.08232482708925026,0.5635441726851218,0.06763082889211289,1774902.6544907778,0.08232483619568073
32,3,96.00000381469727,3532,1714260.652555511,317404278.4993556,18659976744.63849,1.538063331914371e+16,0.07802230816175745,0.5426749115045887,0.05068425875211771,1714260.652555511,0.0780223175509328
32,3,98.00000190734863,3480,1656319.9334635334,305771353.8169492,18005253764.099335,1.3944727595110376e+16,0.07528473794281683,0.5338636763835751,0.04458639389695229,1656319.9334635334,0.07528474603592625
32,3,100.0,3430,1604227.9888576667,296041334.7468777,17490054708.64925,1.2903616617957986e+16,0.07313055402738758,0.5290683788617163,0.03745638913982136,1604227.9888576667,0.07313056182049074
32,3,101.99999809265137,3396,1555582.9779644667,287032449.3683638,17105107064.017954,1.3040090123230918e+16,0.07152098614544393,0.5332767937224854,0.055063000913101574,1555582.9779644667,0.07152099427880833
32,3,103.99999618530273,3343,1514866.8436118667,278135504.68987405,16460927714.03707,1.2055917011673314e+16,0.0688275016854313,0.5247289446401904,0.06739299476482749,1514866.8436118667,0.06882750973435507
32,3,106.00000222524007,3277,1472580.9454343556,267282759.18067887,15802144042.504042,1.1161683634407418e+16,0.06607295224758655,0.518035515613141,0.0713490405827076,1472580.9454343556,0.0660729586221558
32,3,108.00000031789143,3215,1431226.2001708222,256035965.61101377,15150281939.370783,1.0973442013207108e+16,0.06334734419899705,0.5184835142735701,0.07786379818291315,1431226.2001708222,0.06334735132207803
32,3,109.9999984105428,3152,1389206.8354558889,243858329.4616732,14192793384.04036,9089557228627068.0,0.059343830476963046,0.49923413738924066,0.05837111138892049,1389206.8354558889,0.05934383668718065
32,3,111.99999650319417,3115,1349737.0966761778,233804021.7799336,13645167612.608953,8581740583519550.0,0.05705406231024093,0.49604785188786416,0.054725232911321135,1349737.0966761778,0.05705406886275178
32,3,114.00000254313152,3069,1312636.9748207333,224889434.3563215,13134958352.254185,8257112705665459.0,0.054920742336882405,0.4951733505759706,0.05499216475580679,1312636.9748207333,0.054920748383551585
32,3,116.00000063578288,3029,1277898.7862264223,217758773.74581528,12720987402.922127,7865390130085525.0,0.053189820246658984,0.49198101712838316,0.07265991371523368,1277898.7862264223,0.053189826595855895
32,3,117.99999872843425,2961,1247631.5388981777,208589456.2530727,12005068978.191032,6751909691712588.0,0.0501963753816527,0.4765397770584614,0.07720345117025162,1247631.5388981777,0.05019638124016285
32,3,119.99999682108562,2902,1222338.506639089,200402010.6671699,11357851829.50437,5644773282976425.0,0.047490188337863504,0.4589393320800437,0.06506195462371905,1222338.506639089,0.04749019310571452
128,1,0.0,15360,2934338.600834689,41983.14417529959,10736.869158022198,713.2920137182257,9.069106901203128e-08,2.5088574951974676e-05,0.3391718745975471,2934338.600834689,9.069107416360913e-08
128,1,1.9999999552965164,15347,2934337.8625750444,974671.9248429254,1239978.331599939,10354857.530612525,5.230470874648317e-06,0.0006120368810189409,0.3437948670966983,2934337.8625750444,5.230471341911023e-06
128,1,3.999999910593033,15334,2934337.812229089,974661.4798871167,1239951.371347918,10353838.804156555,5.230357633822705e-06,0.0006119850687270491,0.34360819537104853,2934337.812229089,5.230358112462709e-06
128,1,6.000000238418579,15321,2934003.3975169556,974254.0026811619,1239479.68822563,10348583.996122139,5.2283695708953716e-06,0.0006120075219119489,0.3407775575877297,2934003.3975169556,5.228370103556829e-06
128,1,7.999999821186066,15310,2934003.2667910224,974221.0978420982,1239411.284923633,10344006.585043117,5.228082863017581e-06,0.0006119127936675446,0.34248491620038995,2934003.2667910224,5.228083463969376e-06
128,1,10.000000397364298,15303,2933969.438393911,974022.6594177175,1238998.715007737,10339422.083584247,5.226345595983761e-06,0.0006118220907398502,0.3394567619389726,2933969.438393911,5.2263460803304366e-06
128,1,12.000000476837158,15288,2933969.4257898224,973966.6833801271,1238894.810658884,10335751.028367478,5.225910980193064e-06,0.0006117609508116855,0.3337629456255716,2933969.4257898224,5.225911532535057e-06
128,1,13.999999562899271,15281,2933969.1964391777,973899.4979258938,1238759.5183947815,10330313.093348771,5.225344376831273e-06,0.0006116459584911769,0.33549398856599133,2933969.1964391777,5.225344867203136e-06
128,1,15.999999642372131,15272,2933930.6087850444,1143095.7803046212,2114222.1016425746,152777962.4822176,8.885868107185253e-06,0.0025053174616486975,0.19693162731445812,2933930.6087850444,8.885869085209173e-06
128,1,18.000000715255737,15260,2933930.606708222,2132894.46948117,9430876.644177647,3639603270.0972395,3.947872460402978e-05,0.008620215313961104,0.0445423136599331,2933930.606708222,3.947873048525272e-05
128,1,20.000000794728596,15248,2933930.4065139336,4221721.709095036,29809803.360065356,24018224455.421436,0.00012468837483766207,0.01422956122422966,0.014129920165434661,2933930.4065139336,0.00012468839201565236
128,1,22.000000874201458,15238,2933930.383234089,7495402.734841858,68178331.75664821,89315649187.0274,0.00028511728075685135,0.019483297730346075,0.0062491851999405545,2933930.383234089,0.0002851172962716518
128,1,24.000000953674316,15233,2933930.3655934,12080798.171824222,129219810.91210416,243017556357.5682,0.0005403477557358373,0.024467677420969607,0.0033074907456689057,2933930.3655934,0.000540347788399354
128,1,25.999999046325684,15227,2933923.6486635776,18248978.810583554,218871506.84130645,546141843377.6453,0.000915205064189792,0.029135436692826814,0.001953422431861297,2933923.6486635776,0.0009152050795978188
128,1,27.999999125798542,15213,2933921.671331511,25875961.398014568,340895417.92209727,1078510738712.5458,0.001425419118274135,0.03372385618739323,0.0012342337556317602,2933921.671331511,0.001425419159000344
128,1,29.999999205271404,15207,2933921.6647591335,34898896.19582819,498128189.823778,1939484411770.4963,0.0020828506816812403,0.03831285753639534,0.0008272083194786203,2933921.6647591335,0.0020828507845143075
128,1,31.999999284744263,15195,2933915.5099423556,45430718.905794464,693917382.4265218,3244563315156.6553,0.0029014967719647004,0.042838896764436814,0.0005798298757968532,2933915.5099423556,0.002901496846987216
128,1,33.999999364217125,15181,2933874.443783711,57367468.162175246,930495509.4939865,5130138744741.246,0.003890692120510588,0.04734089783626675,0.0004143426317333913,2933874.443783711,0.003890692460622736
128,1,36.000001430511475,15171,2933873.755227311,70963267.87644324,1212107409.6170816,7746039413293.443,0.005068185523255307,0.05173201675492468,0.0003115447880674474,2933873.755227311,0.005068186136102302
128,1,37.99999952316284,15162,2933577.194599778,86026758.11276482,1541019236.5471034,11275074262430.664,0.006443452357815843,0.05608894126354165,0.00023887372345834354,2933577.194599778,0.006443452596067112
128,1,40.00000158945719,15149,2933442.2865676,102706479.4048635,1920148030.321401,15904142105471.61,0.008028689525872735,0.060367476220031246,0.00018620058604711405,2933442.2865676,0.008028690101327467
128,1,41.99999968210856,15139,2933385.5151198665,120745357.00182742,2350668405.883208,21825558322552.645,0.00982880842007826,0.06459664296718347,0.00014514864667394432,2933385.5151198665,0.00982880915287521
128,1,44.000001748402916,15124,2932621.4046092,140264866.01703092,2835394374.511294,29451978565160.44,0.011855575152624486,0.06897339311310473,0.00011545442550740384,2932621.4046092,0.011855575456763339
128,1,45.99999984105428,15115,2932440.5026356224,161262022.85831445,3375358803.5184884,38774071872239.35,0.014113308402365994,0.07315621177476231,9.370093361687996e-05,2932440.5026356224,0.014113309347434698
128,1,48.00000190734863,15102,2931904.786176111,183874611.57603708,3973630867.96068,50151760358530.46,0.016614841211286244,0.07728749947068703,7.693780750487781e-05,2931904.786176111,0.016614841336420962
128,1,50.0,15093,2930394.4267425113,207642393.1960354,4632466372.079479,64753964181363.52,0.019369605690692675,0.08182449155068992,6.348482101574988e-05,2930394.4267425113,0.019369607263270625
128,1,51.99999809265137,15081,2928275.8077490223,232586253.48609886,5350808640.965116,82433049372195.55,0.02237318358784169,0.0863740658182114,5.229120214378337e-05,2928275.8077490223,0.022373183924261606
128,1,54.00000015894572,15070,2925257.6714926,258497043.1972772,6130221354.299393,105685659018769.44,0.025632113087633118,0.09153935006996286,4.40243527703496e-05,2925257.6714926,0.025632113438693538
128,1,55.999998251597084,15063,2920973.5822334,285085337.4776082,6970125649.501087,139916685224319.14,0.029143973795051428,0.09783741113366982,3.7289036258993314e-05,2920973.5822334,0.02914397550570443
128,1,58.00000031789144,15050,2913391.5373710888,311944782.4872385,7870832278.754555,202784805841865.38,0.03291006505120718,0.1064710195895647,3.166068407787923e-05,2913391.5373710888,0.03291006631435105
128,1,59.99999841054281,15035,2894876.874327,335760096.4527112,8824673929.02184,367392986320471.9,0.036898327801008414,0.12254108037507576,2.7190291324011693e-05,2894876.874327,0.03689832863496824
128,1,62.00000047683716,15023,2866716.873243378,356234080.1923974,9816863555.703808,731642407401548.4,0.04104693350598567,0.1463448606339162,2.3213251318470208e-05,2866716.873243378,0.04104693339607736
128,1,63.999998569488525,15009,2822357.945700933,372371766.6182164,10835306327.147062,1319030311011829.5,0.04530531052994583,0.17556558262137803,2.0402893113847898e-05,2822357.945700933,0.045305312834953024
128,1,66.00000063578288,15001,2756622.3494520443,381984089.4262211,11859640118.144352,2154333435430288.5,0.04958831945698412,0.21161242031379496,1.7893548965084602e-05,2756622.3494520443,0.049588321491521196
128,1,67.99999872843425,14995,2676249.2993397336,386854154.0908477,12869604182.006346,3232656782071929.5,0.05381124477636223,0.2512176961484873,1.5605423602492138e-05,2676249.2993397336,0.05381124685932213
128,1,69.99999682108562,14992,2589527.2939584446,388113221.57616526,13855403767.683573,4449252330100829.0,0.05793313203769529,0.29103481653082414,1.366404407806899e-05,2589527.2939584446,0.057933136256890824
128,1,72.00000286102295,14983,2498103.7535376665,385025984.02865726,14805020353.135992,5929880190183815.0,0.06190372868115035,0.3341664876638457,1.2320180498558251e-05,2498103.7535376665,0.0619037317618614
128,1,74.00000095367432,14976,2401959.643024911,377974303.9074422,15680400139.95172,7887797348532966.0,0.0655639217364582,0.38165317761668405,1.1063666188769359e-05,2401959.643024911,0.06556392668049578
128,1,75.99999904632568,14972,2312832.098332089,370930984.0106468,16470911852.461937,9853682510037432.0,0.06886925904939126,0.42330325353404985,1.0056452743958084e-05,2312832.098332089,0.06886926484611812
128,1,77.99999713897705,14965,2229537.2929073335,364962339.6199258,17186380868.173977,1.186131979423193e+16,0.0718608231349762,0.45880591661786785,9.65690026106925e-06,2229537.2929073335,0.071860828634221
128,1,80.00000317891438,14957,2148701.600543822,359778891.7582887,17806614304.318054,1.3668310381342466e+16,0.07445418221649149,0.4870030369494069,0.0004892633480493389,2148701.600543822,0.07445418765292497
128,1,82.00000127156575,14948,2071417.6593370445,355460137.57645947,18314289602.27448,1.5050897679266272e+16,0.07657690604091923,0.5088898042545021,0.0024644637870467312,2071417.6593370445,0.07657691129008302
128,1,83.99999936421712,14916,1997239.6795070444,350871225.1660543,18712907492.18536,1.6251607137163986e+16,0.07824363215725408,0.5253893137181609,0.010016688244783998,1997239.6795070444,0.07824363996468839
128,1,85.99999745686848,14860,1929111.4974081332,347504935.2449866,18920091369.499542,1.6858759796432306e+16,0.07910992202980517,0.533417536817577,0.03311548586444591,1929111.4974081332,0.07910992915293309
128,1,88.00000349680583,14759,1856191.1170377333,339987308.7620789,18671846679.000217,1.5978972921869144e+16,0.0780719446153169,0.5270126232046145,0.041758437337973665,1856191.1170377333,0.07807195072992629
128,1,90.0000015894572,14621,1784640.9521057333,331202278.4874369,18353793444.89833,1.5122288347562262e+16,0.07674207905903081,0.5232321833898437,0.042499060241015234,1784640.9521057333,0.07674208537832172
128,1,91.99999968210857,14456,1717920.2240812888,320048472.2025023,17811113183.41016,1.3731200453530048e+16,0.07447298848959487,0.5141152432571937,0.04753797272018344,1717920.2240812888,0.07447299539767023
128,1,93.99999777475993,14259,1655011.4109292,309343275.58828676,17362559161.875065,1.2927000431521132e+16,0.07259746489785025,0.5116120792775372,0.0637312444347758,1655011.4109292,0.07259747080853114
128,1,96.00000381469727,14037,1594729.5160109778,296568698.2146527,16645539895.94723,1.1505907858160428e+16,0.06959941708551935,0.5011235128923183,0.05720713378574151,1594729.5160109778,0.06959942300586537
128,1,98.00000190734863,13820,1540134.4976602222,284086847.46299815,15997819901.94445,1.0654540443004752e+16,0.06689112795846172,0.495683063249493,0.046382327299909966,1540134.4976602222,0.06689113394252472
128,1,100.0,13605,1491452.9776803334,274039233.5943414,15468312965.23437,9587496420744954.0,0.0646771187985518,0.4887083040946233,0.04975371919742315,1491452.9776803334,0.06467712568099523
128,1,101.99999809265137,13395,1447190.6632556,264211832.32032987,14907285132.648949,8808944205203020.0,0.062331312274275366,0.4823284943064447,0.04428335619010787,1447190.6632556,0.06233131876590548
128,1,103.99999618530273,13217,1407686.1193915112,256417021.70034978,14470428850.283747,8339332357191041.0,0.06050470028631417,0.47878315555381024,0.044233016658172,1407686.1193915112,0.06050470556716592
128,1,106.00000222524007,13038,1371144.1516253334,248751957.1483786,13993062935.455652,7805819542034208.0,0.05850870658557095,0.47326182786034715,0.045845640031609326,1371144.1516253334,0.05850871208564323
128,1,108.00000031789143,12836,1337985.2395619112,240805998.947984,13532250250.594746,7521195366614161.0,0.056581926108630935,0.4709099383132128,0.04935485739146219,1337985.2395619112,0.056581931192744926
128,1,109.9999984105428,12678,1308523.4558547332,233594254.300816,13095696184.245424,7071802014728020.0,0.05475657762069631,0.46657959114081804,0.05131099460933913,1308523.4558547332,0.05475658212631857
128,1,111.99999650319417,12468,1279613.978349889,224881139.59873706,12592062853.319433,6828637226466966.0,0.05265075301422939,0.4648085414343496,0.058550272277792755,1279613.978349889,0.052650757411892984
128,1,114.00000254313152,12272,1254076.1851371333,217001148.1593376,12022257676.35143,6188038137681524.0,0.050268246214353954,0.4540811239391837,0.05350692649955768,1254076.1851371333,0.05026825120779683
128,1,116.00000063578288,12091,1230270.8819467332,209857840.4812705,11543291046.6127,5811422691677447.0,0.04826555974108948,0.44845808927618036,0.05994043963950289,1230270.8819467332,0.04826556426240832
128,1,117.99999872843425,11886,1208043.9696081555,202618141.17377466,11023696237.210337,5215681352981902.0,0.04609299588557965,0.4379922401609687,0.06111504999818396,1208043.9696081555,0.046093000308761956
128,1,119.99999682108562,11665,1188178.7904262666,195786576.99104172,10515274236.593758,4691036437621726.0,0.04396714799799284,0.4268199486868708,0.060126238516208,1188178.7904262666,0.04396715229436061
128,2,0.0,15360,2934338.6008353555,41941.79450991427,10723.471014647586,712.374735426604,9.057789907609434e-08,2.508612542601182e-05,0.3392557363122604,2934338.6008353555,9.057790326424298e-08
128,2,1.9999999552965164,15352,2934337.9589319113,973678.1630336886,1238408.0679711923,10342769.804086795,5.223848304910679e-06,0.0006120155618359,0.3411498253506282,2934337.9589319113,5.223848888574709e-06
128,2,3.999999910593033,15335,2934337.188881267,973650.2158456704,1238326.0800227816,10339560.424908217,5.223503432962116e-06,0.0006118939703283976,0.3395939886349302,2934337.188881267,5.223503954951356e-06
128,2,6.000000238418579,15325,2934333.6219222667,973584.7026776483,1238131.0531367322,10329581.122596664,5.222682436915037e-06,0.0006116234507468058,0.33970783207209504,2934333.6219222667,5.222682945502783e-06
128,2,7.999999821186066,15313,2934333.591158867,973551.330316057,1238065.0831048856,10326002.701894952,5.222406308138408e-06,0.0006115579401593471,0.34093837511522507,2934333.591158867,5.222406614951747e-06
128,2,10.000000397364298,15298,2933117.5226536,972482.9037364497,1236983.0345441673,10318498.802886277,5.2178436759049365e-06,0.000611720311871597,0.34239586454324217,2933117.5226536,5.217844088219254e-06
128,2,12.000000476837158,15288,2933117.417071511,972425.4398542445,1236870.4734187122,10313731.976353591,5.21737241537861e-06,0.0006116224474022613,0.3413033043505962,2933117.417071511,5.217372825040448e-06
128,2,13.999999562899271,15283,2933113.1412990224,972323.15611575,1236633.0891426117,10307952.678632267,5.216375257068873e-06,0.0006114662788268192,0.3422527536425113,2933113.1412990224,5.216375691418239e-06
128,2,15.999999642372131,15270,2932921.9632168887,1211512.6813967682,2503053.2789487466,239491579.77369854,1.0511577397109952e-05,0.0031086721767121838,0.1701076390045816,2932921.9632168887,1.0511578539583553e-05
128,2,18.000000715255737,15261,2932903.7621930446,2226800.0797516913,10435441.803251768,4570499145.443618,4.367896873412393e-05,0.009397481163933736,0.04009792806987067,2932903.7621930446,4.367897390753755e-05
128,2,20.000000794728596,15251,2932694.1767133335,4258919.25971763,30951884.65280933,26916866134.9604,0.00012946359321376713,0.014944973710571598,0.013440555855583168,2932694.1767133335,0.0001294635990264456
128,2,22.000000874201458,15237,2932694.176021089,7465799.015736547,68572859.05351353,94654761184.57007,0.0002867667795487734,0.02010449674823493,0.005992559514539606,2932694.176021089,0.00028676679368042584
128,2,24.000000953674316,15228,2932694.1730476,12192756.709829833,130282091.08686534,250491247368.1522,0.0005447893049960133,0.024716923496207095,0.003159205675783764,2932694.1730476,0.0005447893461947386
128,2,25.999999046325684,15217,2932693.8928636443,18458155.23063943,221231389.55907676,557082457259.9572,0.0009250722358959371,0.029226753264228147,0.0018712726400914343,2932693.8928636443,0.0009250722379723926
128,2,27.999999125798542,15208,2932693.6410233555,26245414.469848324,345336376.5628803,1095675034510.2839,0.0014439878189090726,0.03372573202643155,0.0011904763440588606,2932693.6410233555,0.0014439879385622033
128,2,29.999999205271404,15199,2932638.280476889,35552808.54335273,506201070.1699604,1972275953195.2585,0.0021166054019149633,0.0382575086474149,0.0007893738147008892,2932638.280476889,0.002116605645628065
128,2,31.999999284744263,15186,2932296.4562687334,46273919.6817913,706246209.2687911,3317173004849.854,0.0029530467284858953,0.04286824893828021,0.0005506108569261665,2932296.4562687334,0.0029530469173277393
128,2,33.999999364217125,15177,2932116.867166533,58501396.0399794,948339426.2186841,5247673173000.219,0.003965302126569409,0.04736421237966016,0.00039936046945173164,2932116.867166533,0.003965302568054172
128,2,36.000001430511475,15164,2932116.235005778,72173924.65003921,1234578375.1612265,7914190758977.608,0.005162142437243394,0.05178338421479145,0.000296373992325323,2932116.235005778,0.005162142914831206
128,2,37.99999952316284,15151,2932115.907527422,87308894.17346738,1567302972.7402153,11496631407462.03,0.006553351469232579,0.05616119055091203,0.00022593291648978058,2932115.907527422,0.006553352000974789
128,2,40.00000158945719,15148,2932115.004918022,103933530.32589784,1949060778.2567651,16187768977832.682,0.00814958123684767,0.060490470066729675,0.00017682359883618325,2932115.004918022,0.008149581654970218
128,2,41.99999968210856,15135,2931315.8740594666,122126597.23380893,2383587168.372421,22243763861044.49,0.009966450316272182,0.06480825456842046,0.00013976062159915852,2931315.8740594666,0.009966450619529535
128,2,44.000001748402916,15121,2931135.1450504,141780743.6071243,2871885235.3726873,29876993886332.42,0.01200815292931514,0.06907269484504906,0.00011215270073727491,2931135.1450504,0.012008152778455374
128,2,45.99999984105428,15102,2930656.869310133,162862313.95924795,3416175607.3282475,39440610584228.92,0.014283974091295485,0.07337725495265772,9.105709371613482e-05,2930656.869310133,0.01428397417741899
128,2,48.00000190734863,15096,2928837.360422022,185216854.22210857,4017700591.631667,51317286100487.13,0.016799108185234998,0.07779351000908233,7.408370234218844e-05,2928837.360422022,0.016799108159549762
128,2,50.0,15087,2928038.928166911,209104616.37209556,4678005137.420623,65618580120405.6,0.019560015108523135,0.082044065357698,6.156176352088622e-05,2928038.928166911,0.01956001597595824
128,2,51.99999809265137,15072,2926396.492256089,234171483.29561502,5398271509.719137,83122666964032.77,0.022571638197076343,0.0864216390102561,5.114807762001107e-05,2926396.492256089,0.022571639175279243
128,2,54.00000015894572,15058,2922808.7087944224,259907941.8044295,6178669546.154636,106638348222118.77,0.025834687583861038,0.09162809935396103,4.318196706433832e-05,2922808.7087944224,0.02583468868686652
128,2,55.999998251597084,15047,2917617.216694467,286078249.6068903,7016405088.988673,137583098662665.9,0.029337480169622124,0.09750803798586843,3.64910025797634e-05,2917617.216694467,0.029337482343691584
128,2,58.00000031789144,15030,2909832.8312742445,312245332.78554827,7911232532.211213,190056501429312.2,0.033078989002114347,0.10529997892790834,3.104321608734812e-05,2909832.8312742445,0.03307899014545236
128,2,59.99999841054281,15019,2895175.4251837335,336538034.6841922,8857581934.384789,302077086168721.3,0.03703592469246889,0.11798024181613996,2.6401943261200038e-05,2895175.4251837335,0.03703592684379872
128,2,62.00000047683716,15010,2867674.6041662223,356235543.3601661,9844015493.47358,616576191071039.4,0.041160462784056065,0.1421426137725491,2.2862654648152943e-05,2867674.6041662223,0.0411604636393222
128,2,63.999998569488525,14999,2824833.001061711,370269991.49657804,10857211860.975002,1398870751822544.8,0.04539690320215184,0.1803453385179863,1.9677761219531136e-05,2824833.001061711,0.04539690746374365
128,2,66.00000063578288,14993,2762675.7746552667,378024123.38518435,11874779715.597082,2520869788444142.0,0.0496516219699941,0.22506107085264762,1.719150016523599e-05,2762675.7746552667,0.04965162608303553
128,2,67.99999872843425,14989,2688629.6367083555,381168919.30515105,12878178630.65856,4207545416859769.5,0.05384709667355981,0.27531419866805024,1.531911698046284e-05,2688629.6367083555,0.053847100378778434
128,2,69.99999682108562,14982,2606557.981899022,382120494.1843728,13852707511.610386,5917752977970484.0,0.05792185815721514,0.3203843222118125,1.3663727604168343e-05,2606557.981899022,0.05792186311542215
128,2,72.00000286102295,14976,2520140.3158888,382094674.16480595,14784633134.149055,7557769458658009.0,0.061818484232121274,0.3577783640192995,1.2262268167604468e-05,2520140.3158888,0.061818487276440154
128,2,74.00000095367432,14970,2430080.2687112666,378826938.6860224,15646968158.886766,8849459154696629.0,0.06542413371733145,0.3914800089323378,1.1178137841961012e-05,2430080.2687112666,0.06542413882153669
128,2,75.99999904632568,14959,2333782.6636061333,373389986.0586472,16435751408.187122,1.075594414921169e+16,0.06872224389073625,0.4271587557913043,1.0373562323024649e-05,2333782.6636061333,0.06872224730681661
128,2,77.99999713897705,14955,2239726.0722606,366870779.765052,17147759672.311205,1.2778403248022406e+16,0.07169933765708025,0.46250831852189567,0.0004478548168596843,2239726.0722606,0.07169934195288186
128,2,80.00000317891438,14948,2154904.9659140888,361614159.20626473,17783565919.417305,1.4460440976877388e+16,0.07435781074255775,0.48948878788300654,0.00757969521006617,2154904.9659140888,0.07435781676757451
128,2,82.00000127156575,14905,2072980.0503933555,355400448.9053355,18205585314.3873,1.5248940969030472e+16,0.07612238442164444,0.5075717819373813,0.01952013194205547,2072980.0503933555,0.07612239104836484
128,2,83.99999936421712,14852,1999204.4048175777,350860125.103842,18416398340.535496,1.5569725717424444e+16,0.07700384853851391,0.5149062400077977,0.019752191986841545,1999204.4048175777,0.07700385577599646
128,2,85.99999745686848,14781,1932027.1483283555,346246907.9546182,18603817667.975826,1.6424357909215924e+16,0.07778749738330494,0.5236851381943567,0.02199639496213235,1932027.1483283555,0.07778750490299308
128,2,88.00000349680583,14692,1865891.4887629556,338993096.7691312,18553743015.286583,1.6499394315404848e+16,0.07757812123486098,0.5266360649159724,0.03171588574810241,1865891.4887629556,0.07757812970342268
128,2,90.0000015894572,14590,1800005.6412772888,330612460.0959281,18338566149.031345,1.536658834911485e+16,0.07667840923773486,0.5233871541297778,0.04314109370193002,1800005.6412772888,0.0766784152434449
128,2,91.99999968210857,14427,1740718.3071744223,321724821.12197435,17971608446.217182,1.4468508744989604e+16,0.07514406127156212,0.5188273266731165,0.047040252159281426,1740718.3071744223,0.07514406730805279
128,2,93.99999777475993,14230,1683941.7322804444,311599835.8996185,17509167665.84981,1.3705021240025772e+16,0.0732104731440124,0.5164190628224947,0.05097199630799434,1683941.7322804444,0.07321047947458673
128,2,96.00000381469727,13983,1629764.602185489,300133068.1715537,16880281968.857544,1.2332650570380308e+16,0.07058093491875296,0.5083641815360256,0.04924903028856768,1629764.602185489,0.07058094178290093
128,2,98.00000190734863,13826,1578470.3644161334,289160367.88952357,16312421041.527225,1.128381227717266e+16,0.06820655785949925,0.5015193473978695,0.05021741168637672,1578470.3644161334,0.06820656237126664
128,2,100.0,13659,1530721.022724089,278513176.2158079,15794269420.698723,1.042901480955923e+16,0.06604002842157061,0.49894028078376806,0.04944172844153462,1530721.022724089,0.06604003448430192
128,2,101.99999809265137,13468,1484704.898021889,267244969.6188613,15178580429.558031,9641909660745820.0,0.06346566924084286,0.4936335935558463,0.04041644036948787,1484704.898021889,0.06346567498237178
128,2,103.99999618530273,13326,1443983.9916744668,259085772.45085114,14756483309.25663,9040454925000800.0,0.06170076929085941,0.4890691121511415,0.04587548612860927,1443983.9916744668,0.061700775149207875
128,2,106.00000222524007,13175,1407136.318344,250963814.202637,14306301675.64889,8654117886256232.0,0.05981844058217755,0.48562242420161983,0.054581934428024004,1407136.318344,0.05981844646690258
128,2,108.00000031789143,13018,1371654.8480152444,243236201.4180071,13849007326.562754,8174172254758115.0,0.05790637163228998,0.4812426555035054,0.05771846889691399,1371654.8480152444,0.05790637740252583
128,2,109.9999984105428,12799,1339807.605492178,234755767.46103498,13261918897.736425,7633570083295848.0,0.055451599123023304,0.47425076938329747,0.062775971715541,1339807.605492178,0.05545160441740087
128,2,111.99999650319417,12582,1311202.0467827779,227226262.48895708,12675156387.995262,6508036795963953.0,0.05299818949126834,0.46055072759806487,0.05566643083759268,1311202.0467827779,0.05299819468615556
128,2,114.00000254313152,12378,1282860.2977389332,219732720.1404008,12196701846.373869,6098538594008860.0,0.05099764406599133,0.4548049917968178,0.0634625612815878,1282860.2977389332,0.0509976485116146
128,2,116.00000063578288,12167,1258106.309412911,212080298.03514665,11647746040.328932,5588531929597353.0,0.048702314127483486,0.4457730794663703,0.05696695162861105,1258106.309412911,0.048702318530083874
128,2,117.99999872843425,11972,1234685.6752586,204810255.90549377,11233598181.379538,5288675557241187.0,0.046970651781645625,0.44214391456570534,0.05642043577663225,1234685.6752586,0.04697065617619545
128,2,119.99999682108562,11774,1213252.5523869777,198375704.24861467,10789380412.87121,4873370724521991.0,0.04511325931609086,0.43459150953933556,0.05477941902181707,1213252.5523869777,0.04511326340219079
128,3,0.0,15360,2934338.6008368,41993.76405239381,10734.78591400201,712.9284195290858,9.067347256695201e-08,2.507787042977776e-05,0.33881790370566095,2934338.6008368,9.067347795165386e-08
128,3,1.9999999552965164,15349,2934338.205725822,974901.5188142946,1239710.332918137,10351452.6136135,5.229342135294002e-06,0.0006118371663886936,0.33842676194221405,2934338.205725822,5.229342641701681e-06
128,3,3.999999910593033,15337,2934337.4371583555,974878.5205515944,1239640.9330052214,10350362.949371176,5.229050124616546e-06,0.000611756105543477,0.3430651982170142,2934337.4371583555,5.2290506241436e-06
128,3,6.000000238418579,15330,2934328.941161733,974784.6128978311,1239403.6908596652,10343867.31718881,5.228051399494364e-06,0.0006115850328117414,0.33944686418651043,2934328.941161733,5.228051983361058e-06
128,3,7.999999821186066,15317,2934328.192643911,974740.9137900689,1239292.98261036,10336415.69113675,5.227586533530608e-06,0.0006114176766021404,0.3387849754413793,2934328.192643911,5.22758706781424e-06
128,3,10.000000397364298,15302,2934209.8338771113,974378.0760762992,1238663.2541722385,10328266.104014201,5.224933568179475e-06,0.000611314789536676,0.337499984161644,2934209.8338771113,5.224933971057566e-06
128,3,12.000000476837158,15286,2934201.850867289,974261.7030415885,1238378.4345507228,10317951.94841512,5.2237358211434635e-06,0.0006110734672815914,0.33616358038067284,2934201.850867289,5.223736328337915e-06
128,3,13.999999562899271,15275,2934201.8475266,974205.2795637455,1238279.5584393456,10315439.949256586,5.22332233396724e-06,0.0006110320976920766,0.33771568333998775,2934201.8475266,5.223322739890552e-06
128,3,15.999999642372131,15261,2934201.5572864446,1188689.476298453,2397939.622029788,232929748.71701983,1.007216476878687e-05,0.0031053234007240825,0.17562511489501584,2934201.5572864446,1.007216623068197e-05
128,3,18.000000715255737,15250,2934200.977713933,2226632.3744801176,10378258.534898145,4444213952.174471,4.343997492654715e-05,0.009256142536649402,0.04059674070672816,2934200.977713933,4.343997787348737e-05
128,3,20.000000794728596,15240,2933774.7380083334,4256768.183112397,30724599.92237485,26537231972.83728,0.00012851336653563157,0.014872716293214744,0.01370383475317031,2933774.7380083334,0.00012851338132941202
128,3,22.000000874201458,15233,2933774.7361728,7503954.327131635,68820169.91686422,93981765363.05748,0.0002878009618307831,0.019961026063141547,0.0061206172419768935,2933774.7361728,0.0002878009585195246
128,3,24.000000953674316,15223,2933773.265933933,12201901.837892445,130603887.77747916,250059333126.3735,0.0005461349292188155,0.024670730919325916,0.0032559177932537466,2933773.265933933,0.0005461349935843524
128,3,25.999999046325684,15211,2933773.2085868446,18226617.993717812,219911068.6631682,556754434474.4427,0.0009195517353080719,0.029382077268738892,0.0019385531021440484,2933773.2085868446,0.0009195517726057155
128,3,27.999999125798542,15199,2933769.940140978,25798477.19545001,341034428.17569375,1092382858270.5918,0.0014260003450589634,0.03397270603658684,0.0012366339693141183,2933769.940140978,0.0014260004122829111
128,3,29.999999205271404,15188,2933769.0515547777,34934250.333796434,498527893.9418562,1955985073109.8894,0.0020845219362962283,0.03845896667900315,0.0008263683293541508,2933769.0515547777,0.002084521928580893
128,3,31.999999284744263,15181,2933765.164503378,45545607.04829154,695242592.7121725,3263624148265.4575,0.002907037813982363,0.04289984488219482,0.0005792082863459302,2933765.164503378,0.0029070379617358124
128,3,33.999999364217125,15172,2933485.1226224443,57741524.9666062,934322367.9698677,5155554036536.858,0.0039066932014555165,0.0473099241200638,0.0004197735866204864,2933485.1226224443,0.00390669339036404
128,3,36.000001430511475,15160,2933484.4160297555,71450758.39951749,1218615780.06347,7781126704584.653,0.0050953987108128375,0.05165896916721002,0.00031134128696283736,2933484.4160297555,0.0050953989341752945
128,3,37.99999952316284,15151,2933374.8096679333,86598180.15772231,1549906072.6225588,11313348215102.35,0.006480610519155769,0.05598012222787123,0.00023684367561077293,2933374.8096679333,0.006480610938356731
128,3,40.00000158945719,15139,2932786.8754918887,103154637.67343488,1930219625.423005,16008134423461.256,0.008070801486321772,0.06039240626372634,0.00018561515714097623,2932786.8754918887,0.008070802350800257
128,3,41.99999968210856,15128,2932685.9483172446,121321054.85475925,2362722483.5475016,21987463504100.32,0.009879209661528433,0.06465578576544433,0.0001471984464384698,2932685.9483172446,0.00987921028866834
128,3,44.000001748402916,15118,2932582.761242911,140957332.86171106,2849244987.975045,29508518369273.38,0.011913488182855664,0.06886549789902818,0.0001184921164685411,2932582.761242911,0.011913488977837141
128,3,45.99999984105428,15103,2932329.525302089,162011790.35911977,3391288676.952902,38861617282876.02,0.014179915373853103,0.07307139241210152,9.577215974485576e-05,2932329.525302089,0.01417991582970557
128,3,48.00000190734863,15097,2930663.8059997554,184139590.83933675,3990243262.6787305,51147607106291.52,0.01668430199099724,0.07778284507614558,7.889583542166973e-05,2930663.8059997554,0.016684303089021694
128,3,50.0,15083,2929646.747955,208022188.4134055,4648700359.374204,65405720608352.01,0.019437484251969176,0.08207058831944278,6.484779610445662e-05,2929646.747955,0.01943748519278706
128,3,51.99999809265137,15072,2928483.7679215334,233215328.8185664,5367759907.841625,82692651863768.86,0.022444061299206012,0.08635985364368808,5.412871525049246e-05,2928483.7679215334,0.022444061855858566
128,3,54.00000015894572,15059,2927031.944111111,259335701.8492894,6146862668.505915,105069198972348.62,0.025701694805302357,0.0910022981204178,4.5116855425938085e-05,2927031.944111111,0.02570169641105663
128,3,55.999998251597084,15041,2922561.5215396,285859656.73734975,6985187152.942723,135664177562535.55,0.029206949910334675,0.09658100934180582,3.826734423970164e-05,2922561.5215396,0.029206950639902862
128,3,58.00000031789144,15034,2916698.274997378,313329575.15402764,7882892175.344891,174469102164274.34,0.03296049065823421,0.10242516364230914,3.290411056647553e-05,2916698.274997378,0.032960491606087515
128,3,59.99999841054281,15021,2904869.0530698,339805072.8868202,8839802660.107286,243866109504671.8,0.03696158500481795,0.11122051493073834,2.81555584657603e-05,2904869.0530698,0.03696158588548988
128,3,62.00000047683716,15012,2881301.6399577777,361542152.3325202,9841332369.886997,423840931718913.8,0.041149244065443985,0.12900653447394245,2.402890740389434e-05,2881301.6399577777,0.0411492455820517
128,3,63.999998569488525,15006,2845433.145351022,380080786.63649726,10875172041.452776,779913424341363.4,0.04547199957859942,0.15331332530710284,2.0626818881546826e-05,2845433.145351022,0.045472002804334485
128,3,66.00000063578288,15000,2784141.871330533,388061503.79965514,11918086602.251171,1634793050976130.5,0.04983269959003646,0.19663417363069996,1.7969617554968582e-05,2784141.871330533,0.049832700650963124
128,3,67.99999872843425,14992,2705665.869818578,387562498.9478414,12942925467.919653,3289308577170113.5,0.054117820366751064,0.25630272472426263,1.5899105058102983e-05,2705665.869818578,0.054117825236307954
128,3,69.99999682108562,14984,2616660.342118889,383995260.78499895,13930671349.899124,5379124066539470.0,0.05824784562126644,0.3145812986306349,1.4007656835667972e-05,2616660.342118889,0.05824784984944463
128,3,72.00000286102295,14978,2522924.006975111,379817618.5594187,14873064987.28853,7787187522444014.0,0.06218824119375065,0.36684128871369165,1.2521009520278997e-05,2522924.006975111,0.062188245292434996
128,3,74.00000095367432,14974,2429519.1414619335,375028914.15989083,15748291845.513853,9900056914854174.0,0.06584779482729503,0.40976100036345564,1.1321231859147e-05,2429519.1414619335,0.06584780146015846
128,3,75.99999904632568,14964,2339009.0083884443,369206929.6575117,16549285937.231817,1.2205847153028444e+16,0.06919696172928547,0.44979906016692,1.0268540507154095e-05,2339009.0083884443,0.06919696754213014
128,3,77.99999713897705,14961,2255658.952545022,363599066.57858825,17268211454.068417,1.4300176218253032e+16,0.07220297835568039,0.48466346624821877,1.9407911990791536e-05,2255658.952545022,0.07220298547671783
128,3,80.00000317891438,14954,2179714.5905982223,358860874.4154174,17878508393.29693,1.6382411705820654e+16,0.07475479030047719,0.5132742833852831,0.004315480648847899,2179714.5905982223,0.0747547974523835
128,3,82.00000127156575,14939,2107100.5342698,354444014.58825296,18343089574.26233,1.7951461011213566e+16,0.07669732627123065,0.5327831287755745,0.01588537270887977,2107100.5342698,0.07669733348384769
128,3,83.99999936421712,14893,2034425.6791038222,348633321.17195165,18512607105.98861,1.785162789912371e+16,0.07740612321227196,0.5396489987807778,0.018417016756240093,2034425.6791038222,0.07740612990505691
128,3,85.99999745686848,14823,1960223.607840111,342745786.7131738,18598615910.37163,1.8178675777479804e+16,0.07776574814508569,0.5445517807246549,0.022568182691067085,1960223.607840111,0.0777657556716556
128,3,88.00000349680583,14739,1890191.805715,336505473.3434368,18554952278.91583,1.832458673250369e+16,0.07758317817850982,0.545137255399961,0.03178596500747404,1890191.805715,0.07758318353638326
128,3,90.0000015894572,14610,1815930.5343198443,326293116.30104357,18321663542.688854,1.8384518304416012e+16,0.07660773547524309,0.5474333039253259,0.051680994973685584,1815930.5343198443,0.07660774345448639
128,3,91.99999968210857,14414,1743185.9727287334,314078310.43980914,17695676646.440067,1.543683008483645e+16,0.07399031788936936,0.5322262892133242,0.05310183456143431,1743185.9727287334,0.07399032409941006
128,3,93.99999777475993,14177,1677159.061946311,303038122.0853803,17077746698.963411,1.3076429136530004e+16,0.07140658848098504,0.5167520196314275,0.05661615682825536,1677159.061946311,0.07140659499685068
128,3,96.00000381469727,13951,1617657.6166299111,292106131.5232038,16463106472.4974,1.1379077737286442e+16,0.06883661437278375,0.5050354215817617,0.05174644885668631,1617657.6166299111,0.06883662231902676
128,3,98.00000190734863,13773,1565980.349280911,282451567.8706258,15915290147.300716,1.054005167374135e+16,0.06654604877798748,0.49843018608510586,0.05468232573901124,1565980.349280911,0.06654605456047419
128,3,100.0,13576,1516350.2245504444,272227569.9558526,15297366745.081375,9783729913008810.0,0.06396234692755522,0.49149367332734034,0.048168705047532054,1516350.2245504444,0.06396235368443434
128,3,101.99999809265137,13381,1472572.6123187556,263221698.84233284,14753714691.764217,9062958555250618.0,0.06168919324079762,0.48488516584209196,0.04316534108831321,1472572.6123187556,0.06168919892742847
128,3,103.99999618530273,13181,1430911.8431696445,253947520.69074818,14294643253.601086,8496646131875153.0,0.05976969335637851,0.4828180332377064,0.04354999169805712,1430911.8431696445,0.05976969840788311
128,3,106.00000222524007,13006,1393278.0563925111,245838735.3376464,13872448733.272816,8107075884969544.0,0.05800438598711348,0.480486603971528,0.04478439043233094,1393278.0563925111,0.05800439025306293
128,3,108.00000031789143,12825,1359019.351148289,238231587.97517756,13397107466.978172,7644129512775254.0,0.05601685801610059,0.47501671078962243,0.04720173665942516,1359019.351148289,0.0560168636575971
128,3,109.9999984105428,12615,1328219.9933294,230735573.61857218,12946802979.73004,7306541358050381.0,0.05413401519261462,0.4722522579857671,0.05360060894126313,1328219.9933294,0.054134020836280806
128,3,111.99999650319417,12414,1298642.395210222,222089293.76996267,12379125455.23397,6610037275953161.0,0.05176040466785187,0.4638063251799332,0.05258205150447732,1298642.395210222,0.05176040844913042
128,3,114.00000254313152,12240,1273240.6146458667,214786584.83447057,11906070537.254501,6087273808268001.0,0.049782436645936116,0.45678375429400353,0.05818375370391621,1273240.6146458667,0.049782442399720454
128,3,116.00000063578288,12073,1248763.9472231555,207803140.7724925,11444472479.026682,5551776366333698.0,0.04785237283441972,0.4487743642668172,0.06582052127525592,1248763.9472231555,0.04785237728202456
128,3,117.99999872843425,11867,1224658.6165755333,200371603.87831938,10940901510.820013,4952365615532605.0,0.045746808899247836,0.43816341859176594,0.06206395736353241,1224658.6165755333,0.04574681319581399
128,3,119.99999682108562,11680,1203730.1449814443,193491756.6139317,10476116921.968426,4523556102728021.0,0.043803421144494266,0.4296683131775373,0.056892642724947214,1203730.1449814443,0.04380342479900252
512,1,0.0,61440,2934338.600833711,41962.086372016944,10727.617570658733,712.7143088982841,9.061292378356636e-08,2.508467548843155e-05,0.3393235430632576,2934338.600833711,9.061293618698893e-08
512,1,1.9999999552965164,61396,2934294.1590824444,974134.3655686969,1238834.2677999667,10347243.151776886,5.2256465525997416e-06,0.0006119696754373066,0.3391858104132528,2934294.1590824444,5.225646873230822e-06
512,1,3.999999910593033,61353,2934270.7775482,974027.61958726,1238608.2274521978,10345275.818873797,5.224693918163053e-06,0.0006118894053656618,0.33934156151185224,2934270.7775482,5.2246942334366835e-06
512,1,6.000000238418579,61314,2934246.0384388445,973894.3081565257,1238319.3500356774,10339416.624593394,5.223477228509692e-06,0.0006117557312828668,0.3407952988173401,2934246.0384388445,5.223477394432598e-06
512,1,7.999999821186066,61270,2934113.6718681776,973731.7233603051,1238038.580326382,10331241.434786819,5.222295185506516e-06,0.0006115898118012132,0.3409788750681583,2934113.6718681776,5.222295548340106e-06
512,1,10.000000397364298,61222,2934111.243160511,973660.842981241,1237859.5954103891,10323218.358105471,5.22154316018274e-06,0.0006113889086104492,0.33965804708451913,2934111.243160511,5.221543459047139e-06
512,1,12.000000476837158,61169,2933972.0567691554,973364.787173458,1237318.6488493027,10312700.41380468,5.219265248466775e-06,0.0006111798573140757,0.3397312410479443,2933972.0567691554,5.2192656267194755e-06
512,1,13.999999562899271,61127,2933929.3627254223,973193.322324338,1237012.9359192303,10306904.587317925,5.217979666380107e-06,0.0006110860111144353,0.3393990067639525,2933929.3627254223,5.217979608229009e-06
512,1,15.999999642372131,61085,2933927.513596911,1194457.6955946626,2393891.77262568,208514862.00507888,1.0055191491902053e-05,0.002906044622410546,0.17672675197791982,2933927.513596911,1.0055191038302437e-05
512,1,18.000000715255737,61037,2933891.279993667,2235059.5036794473,10466120.78752925,4422945190.988851,4.3807290553336954e-05,0.009208534658003701,0.04053498923769829,2933891.279993667,4.3807294090555215e-05
512,1,20.000000794728596,60980,2933866.884966844,4324135.554962358,31244441.61044912,26795255221.397152,0.0001306869051165345,0.01481236970543013,0.013589060486560977,2933866.884966844,0.00013068689886521593
512,1,22.000000874201458,60936,2933762.7127796,7671635.242529662,70490801.80146584,95580769889.73175,0.0002947862461858099,0.019877453152172334,0.006001523623265079,2933762.7127796,0.0002947862595568357
512,1,24.000000953674316,60879,2933574.7813683334,12318864.564530553,132741488.37049173,255136520018.31067,0.0005550727099742993,0.024775847936443194,0.0032103204255055306,2933574.7813683334,0.0005550726172874777
512,1,25.999999046325684,60847,2933574.7450459776,18484887.6843217,223200174.0404143,567149444550.3362,0.000933304260457797,0.029457431351468992,0.0018989353142498187,2933574.7450459776,0.0009333043134323797
512,1,27.999999125798542,60804,2933534.439477178,26111765.3283862,345913925.4903059,1112042131611.3699,0.0014464027161675838,0.034050616463720394,0.0012058202858364064,2933534.439477178,0.001446402374769009
512,1,29.999999205271404,60759,2933526.5432642,35206608.94372428,504312716.0814117,1988599488432.1597,0.0021087097074465257,0.03859360179668693,0.0008080061138086468,2933526.5432642,0.0021087092611970855
512,1,31.999999284744263,60708,2933482.1672643335,45857055.58640588,701741951.2576023,3314527327837.5117,0.0029342132492087276,0.04307373435096928,0.0005642365449523823,2933482.1672643335,0.002934213331341343
512,1,33.999999364217125,60671,2933360.8469184,57985160.22721923,941202275.5412374,5225728263565.197,0.003935459816954329,0.04750325946437184,0.0004083801256902897,2933360.8469184,0.003935459254642713
512,1,36.000001430511475,60631,2933247.8212740887,71589794.34700969,1225127856.8481429,7883129728288.328,0.005122627327690593,0.051911730771090146,0.0003050179409259223,2933247.8212740887,0.005122626917912186
512,1,37.99999952316284,60583,2933050.8577736444,86689860.9425625,1555876405.020021,11458975076899.174,0.006505573972970164,0.05627841421891878,0.0002332610523198956,2933050.8577736444,0.00650557310605465
512,1,40.00000158945719,60547,2932836.932213,103383893.47249475,1936728681.6168916,16158154760661.607,0.008098017480249568,0.060596491318324425,0.0001808907006894953,2932836.932213,0.008098016412264888
512,1,41.99999968210856,60497,2932321.811961889,121701453.22135971,2371029162.425834,22220800261370.03,0.009913941980815797,0.06487174717443495,0.0001424216088752341,2932321.811961889,0.009913941237523793
512,1,44.000001748402916,60443,2931818.5178898443,141461656.3900277,2860387177.504991,30026243319545.176,0.011960076509997834,0.06921965719552245,0.00011415544332311987,2931818.5178898443,0.011960074341827043
512,1,45.99999984105428,60399,2930979.0180616667,162580877.3436512,3405486735.72028,39648317555807.58,0.014239281092023177,0.07351459616372098,9.234400964319203e-05,2930979.0180616667,0.014239279848490974
512,1,48.00000190734863,60361,2930206.6828762447,185148665.21649098,4008108302.221247,51301785371543.43,0.016759000311290954,0.0777084280189961,7.588870496191074e-05,2930206.6828762447,0.016758997596199646
512,1,50.0,60306,2928769.9397100667,208882465.75120863,4668965363.8422785,66373998596730.57,0.019522217441992725,0.0822460822052088,6.253678512812933e-05,2928769.9397100667,0.01952221575296635
512,1,51.99999809265137,60262,2926524.376553533,233599410.59099466,5388882631.444859,85907392304449.53,0.022532380835920195,0.087202453218293,5.2051408178938064e-05,2926524.376553533,0.022532381160403864
512,1,54.00000015894572,60211,2923068.5858532,259376244.03018427,6168811466.380937,112197450439783.89,0.025793468374684887,0.09260321190090003,4.370864266180446e-05,2923068.5858532,0.0257934662301813
512,1,55.999998251597084,60168,2917464.4018488443,285635342.2761706,7008161562.84148,148226211734784.34,0.029303011824645148,0.09879170520334515,3.675853962295749e-05,2917464.4018488443,0.02930300812110557
512,1,58.00000031789144,60125,2907787.676326022,311370474.52482474,7903277327.466524,213344799409358.25,0.033045726192901664,0.10771762915274805,3.0984516027197643e-05,2907787.676326022,0.03304572461925346
512,1,59.99999841054281,60100,2891610.3661347334,335518775.4596793,8848496447.623476,338757055453575.94,0.036997935875066744,0.12074673885258294,2.6596025094632692e-05,2891610.3661347334,0.036997935905657524
512,1,62.00000047683716,60052,2863646.051039267,355792239.77617323,9833274277.000683,599043198277405.6,0.04111555091654859,0.14135955525456437,2.2919834138425424e-05,2863646.051039267,0.0411155451773
512,1,63.999998569488525,60002,2818458.6615932444,369845480.0863264,10841078542.105803,1149331568453519.0,0.045329445540201733,0.17380523086210103,1.9868681998161873e-05,2818458.6615932444,0.04532944272210495
512,1,66.00000063578288,59970,2752013.3237356665,375469914.6066065,11848959730.35217,2249290977847692.5,0.049543661806809046,0.22239345222584844,1.7407876950732268e-05,2752013.3237356665,0.04954365969140321
512,1,67.99999872843425,59932,2670861.044122111,375911311.0484628,12836431332.152184,3860827963742856.0,0.05367254022276155,0.276450218730997,1.5392231542628462e-05,2670861.044122111,0.05367254021137585
512,1,69.99999682108562,59904,2583813.102691,374588870.3502465,13791315109.391415,5730732607144846.0,0.05766516037633531,0.3266295102792454,1.3649576499881839e-05,2583813.102691,0.05766516086769177
512,1,72.00000286102295,59886,2493176.3649113555,372632096.38770497,14697574903.756538,7541083583368347.0,0.0614544708731803,0.36867364365028743,1.225422283256074e-05,2493176.3649113555,0.06145447177747365
512,1,74.00000095367432,59843,2404387.197017178,370122132.66188306,15541879297.34943,9364506038319214.0,0.0649847295361139,0.40532626424000573,1.1107340552416922e-05,2404387.197017178,0.06498472953891186
512,1,75.99999904632568,59820,2319586.5093532,367176939.8664036,16313644019.631393,1.118094447844754e+16,0.0682116807654492,0.43709730396677837,1.0082254820605363e-05,2319586.5093532,0.06821167822226654
512,1,77.99999713897705,59802,2238913.5456673335,363092250.17360055,17006390340.265062,1.2829114549072602e+16,0.07110823528634462,0.4647299839129674,0.0010564769943383512,2238913.5456673335,0.07110823676598095
512,1,80.00000317891438,59775,2159695.405404689,357969818.2777473,17596901585.37697,1.4157474147663664e+16,0.07357731804476328,0.4879664871541877,0.004270622667737356,2159695.405404689,0.07357732010208537
512,1,82.00000127156575,59693,2084385.474371489,353082291.7068562,18050717828.40443,1.501877003085903e+16,0.0754748429070682,0.5045925420802094,0.01425122605535957,2084385.474371489,0.07547484956856929
512,1,83.99999936421712,59526,2010682.7725286668,347479335.3417998,18292762800.65745,1.5215324308717036e+16,0.07648689618111951,0.5132493143237923,0.018518576674882416,2010682.7725286668,0.07648689377103707
512,1,85.99999745686848,59248,1936978.881324289,340270472.07087153,18331902951.882195,1.4872271792911276e+16,0.07665055075629601,0.5165163158430729,0.024281794878052015,1936978.881324289,0.07665055331900274
512,1,88.00000349680583,58851,1864467.2180675333,332260874.7870264,18273570200.431458,1.4448434663669612e+16,0.076406645400386,0.5192619276645768,0.0316357730002579,1864467.2180675333,0.0764066501577803
512,1,90.0000015894572,58287,1794472.7038598,322765390.26741713,18046488032.30008,1.4021776946653284e+16,0.07545715410057573,0.5207345709508894,0.03997422279277605,1794472.7038598,0.07545715720730811
512,1,91.99999968210857,57695,1727382.9829357779,312575766.0920545,17678750188.194874,1.3442488259467072e+16,0.07391954419433387,0.5208984901981458,0.04632928382676394,1727382.9829357779,0.07391954589977631
512,1,93.99999777475993,56950,1664442.1414386667,302057005.985403,17215896515.355392,1.2865307130957114e+16,0.07198422974665236,0.5191407119937833,0.05601492142195676,1664442.1414386667,0.07198423165534679
512,1,96.00000381469727,56094,1606264.2510037778,291011899.4214219,16594669955.413982,1.1542880654190774e+16,0.06938671627090714,0.5101422218206703,0.05274176792178002,1606264.2510037778,0.06938671931300883
512,1,98.00000190734863,55232,1552708.1854425112,280472852.0122198,16027585148.040442,1.0851792493230476e+16,0.0670155839370365,0.5059163621595273,0.05320867403240445,1552708.1854425112,0.06701558902986819
512,1,100.0,54445,1504951.7605716223,270652061.7625663,15448594882.256443,1.0026113614619764e+16,0.06459467174044833,0.4996619599225528,0.05045186543165101,1504951.7605716223,0.06459467600134497
512,1,101.99999809265137,53596,1461564.6917304,261834295.8394577,14928530990.810959,9552263299557070.0,0.0624201464085986,0.495677397956642,0.05097579777721209,1461564.6917304,0.062420149972258344
512,1,103.99999618530273,52764,1421560.3006275333,253191837.77821693,14406260541.772863,8958059163333451.0,0.0602363950254798,0.4899291150081222,0.05776925897660838,1421560.3006275333,0.06023639888331087
512,1,106.00000222524007,51963,1384755.2842874667,244497629.37453485,13835187040.30633,8162650503296852.0,0.05784858507422538,0.48156929025344775,0.05534657291430475,1384755.2842874667,0.057848587991281425
512,1,108.00000031789143,51217,1350799.8180844223,235803484.2388329,13259004629.340624,7407956517897093.0,0.05543941362639276,0.47286660472456643,0.0526464867714827,1350799.8180844223,0.05543941660959099
512,1,109.9999984105428,50515,1320378.466847289,228246576.17450684,12766387939.862875,6871719610609907.0,0.053379652665617505,0.4661745632663856,0.05354668535634813,1320378.466847289,0.05337965648495733
512,1,111.99999650319417,49764,1291444.7956552666,220731817.326396,12268070215.617706,6343787445025529.0,0.05129605408302335,0.4586628294435702,0.05334966796031434,1291444.7956552666,0.05129605689145107
512,1,114.00000254313152,49033,1264410.5424218,213152366.6560035,11775410253.361519,5808585501645858.0,0.04923611207463156,0.4508656358516548,0.053275667527740274,1264410.5424218,0.04923611497587874
512,1,116.00000063578288,48316,1239849.2367880445,206183513.47071,11308913640.151678,5296093891894708.0,0.047285566008765455,0.44252136003131115,0.05657601805121296,1239849.2367880445,0.04728556950706498
512,1,117.99999872843425,47623,1217037.3148714667,199430097.16156217,10871413147.027126,4899805922844278.0,0.04545626045291582,0.43569741745084034,0.05801178736347433,1217037.3148714667,0.04545626333883852
512,1,119.99999682108562,46969,1195618.9146341332,192762374.13960987,10428265730.210629,4478287064065692.0,0.043603343644513834,0.42721389650157704,0.05733750994088542,1195618.9146341332,0.043603347780384806
512,2,0.0,61440,2934338.600834511,41959.909358263874,10727.492751481694,712.7324258185665,9.06118695013344e-08,2.508600725264693e-05,0.33925405037273737,2934338.600834511,9.06118803409065e-08
512,2,1.9999999552965164,61397,2934304.3173410445,974020.0858495461,1238726.5163092548,10346947.143372426,5.2251919112036915e-06,0.0006120195975447791,0.3403921988411861,2934304.3173410445,5.225192112857547e-06
512,2,3.999999910593033,61356,2934297.5332090445,973959.3773595584,1238567.2337243697,10344855.761025477,5.224520916063291e-06,0.0006119121168847581,0.3413724124028424,2934297.5332090445,5.224521293398874e-06
512,2,6.000000238418579,61314,2934277.0585006666,973863.8716498784,1238380.215678173,10339007.835171802,5.223733852629269e-06,0.0006117986719456415,0.34256730057142637,2934277.0585006666,5.223733949168818e-06
512,2,7.999999821186066,61268,2934232.196601378,973650.459025136,1237912.585035346,10328405.34198221,5.221763860645055e-06,0.0006115476444022109,0.34217240178429664,2934232.196601378,5.221763964380343e-06
512,2,10.000000397364298,61231,2934217.1787948,973540.0619742062,1237677.0470768893,10321965.776014578,5.220773347690628e-06,0.0006114074131157819,0.34173756981155456,2934217.1787948,5.2207733189503126e-06
512,2,12.000000476837158,61188,2934214.9271832,973463.6516192859,1237503.9142775936,10315668.654871773,5.220046469531906e-06,0.0006112573859584085,0.3409999931470228,2934214.9271832,5.22004651507536e-06
512,2,13.999999562899271,61134,2934206.210038467,973334.8797048162,1237193.30000176,10304926.31757665,5.21874063344926e-06,0.0006109920770454857,0.3421099883628243,2934206.210038467,5.218740563151019e-06
512,2,15.999999642372131,61091,2934176.087052467,1207111.7757305014,2466252.4296581824,220157596.64204186,1.035775394800918e-05,0.0029762619032743334,0.17214899163853858,2934176.087052467,1.0357753835684983e-05
512,2,18.000000715255737,61039,2934129.2928891554,2252288.491652276,10661098.88582155,4598436068.714694,4.4622554901087374e-05,0.00934461239417744,0.03989718599950847,2934129.2928891554,4.462255689860246e-05
512,2,20.000000794728596,60991,2934058.5071092,4352701.632731676,31621463.91270033,27403988414.034798,0.0001322633431849851,0.01491211247754718,0.013479729663423532,2934058.5071092,0.0001322633339589642
512,2,22.000000874201458,60949,2934056.0562812667,7696270.661782837,70924021.27378793,96994577271.60611,0.0002965976665825567,0.019985525751920242,0.005995463414753068,2934056.0562812667,0.0002965976676656198
512,2,24.000000953674316,60900,2934037.8527336223,12372724.839211734,133412967.25399117,257603131395.58276,0.0005578803708489728,0.02483748473535219,0.0031912071932090583,2934037.8527336223,0.0005578802883399595
512,2,25.999999046325684,60848,2934000.5301111555,18434739.369700402,223448219.78601155,571183295148.6359,0.0009343414279261743,0.02958028150363588,0.0019018434407880392,2934000.5301111555,0.0009343412020773655
512,2,27.999999125798542,60797,2933967.527714222,26068779.1991636,345644875.0322468,1116369370680.8018,0.001445277768865347,0.034153768630420564,0.001208849154618236,2933967.527714222,0.0014452774917885465
512,2,29.999999205271404,60748,2933965.706604289,35255504.685458444,504503119.7737932,1993156285068.333,0.002109505858676042,0.038623140100347314,0.000807132700256562,2933965.706604289,0.0021095056325720566
512,2,31.999999284744263,60704,2933846.407701178,45916286.390306205,702383803.3918084,3317701531788.336,0.0029368970209256847,0.04306337008285078,0.0005645587376762533,2933846.407701178,0.002936896230931946
512,2,33.999999364217125,60660,2933793.5384945334,58040697.49063531,942085866.885994,5230801888588.696,0.003939154372749149,0.04749812621585179,0.0004106839820330373,2933793.5384945334,0.003939153638487718
512,2,36.000001430511475,60612,2933620.4757978665,71726388.28005846,1226734556.5005183,7885675695922.619,0.005129345386742937,0.051876715725392326,0.00030683698377682774,2933620.4757978665,0.005129344837141321
512,2,37.99999952316284,60573,2933429.3061513333,86860999.78570315,1558500845.0718126,11487918976294.43,0.006516547472602641,0.0562777816814176,0.00023449057549678685,2933429.3061513333,0.0065165464987400985
512,2,40.00000158945719,60523,2933344.3838706445,103529207.87950347,1939722680.9988992,16168138087574.2,0.00811053619897743,0.060560366129844126,0.00018099071275330583,2933344.3838706445,0.008110535006545225
512,2,41.99999968210856,60481,2932918.890080733,121711362.78958176,2373458547.9454093,22267906389842.207,0.009924099904156368,0.06491378475108966,0.00014337057887732363,2932918.890080733,0.00992409909560932
512,2,44.000001748402916,60437,2932528.8939707554,141443853.64173454,2861839425.5594473,29877280313833.28,0.011966148767419964,0.06913145450072918,0.00011457888079063108,2932528.8939707554,0.011966147548566246
512,2,45.99999984105428,60392,2931800.572615222,162561043.97457343,3406090247.3876653,39469920060205.625,0.014241804548480222,0.07342977912693417,9.261593439805468e-05,2931800.572615222,0.014241804033023074
512,2,48.00000190734863,60347,2930550.5871455334,184972127.4748377,4007786408.896359,51398523963574.016,0.01675765440647143,0.07782480402197378,7.571968019154022e-05,2930550.5871455334,0.0167576526277906
512,2,50.0,60305,2929022.7306622,208667357.8563768,4667946706.556497,65977514857943.91,0.0195179581929464,0.08226106438536158,6.241180085384428e-05,2929022.7306622,0.01951795608607531
512,2,51.99999809265137,60261,2927256.375371333,233629886.6240924,5387711727.091009,84294124500924.06,0.022527484997068106,0.08690373314498477,5.1978554911657934e-05,2927256.375371333,0.02252748223610774
512,2,54.00000015894572,60225,2924477.6929745334,259599113.4062385,6168316639.044596,107716231732414.77,0.025791399383807197,0.09189898128942932,4.378802828159248e-05,2924477.6929745334,0.025791397308616345
512,2,55.999998251597084,60177,2919250.954607111,285853484.53888416,7007945071.595083,142436669586994.25,0.02930210663113263,0.09814828686475323,3.703720423968229e-05,2919250.954607111,0.029302104738226392
512,2,58.00000031789144,60146,2910537.1272187554,311855535.35733783,7903962067.855121,202025192192601.53,0.03304858929309224,0.10651023260375124,3.1185341484993644e-05,2910537.1272187554,0.03304858497047206
512,2,59.99999841054281,60107,2893852.0142663335,335883770.5555661,8849452140.473782,326147271453663.6,0.03700193189878157,0.11968121206811912,2.663659614150183e-05,2893852.0142663335,0.037001929798809806
512,2,62.00000047683716,60061,2867960.8145604664,357357937.3796344,9836071012.62785,568235623096896.4,0.04112724482690494,0.1385819214666665,2.301776897673038e-05,2867960.8145604664,0.041127242941960844
512,2,63.999998569488525,60020,2828752.546283711,374446362.42290586,10851959829.201822,1012015289570168.9,0.045374943083465555,0.1649131088799169,1.9898407965595583e-05,2828752.546283711,0.04537493917038559
512,2,66.00000063578288,59990,2770499.8848821777,383914745.5787816,11876907527.765583,1838654958305057.2,0.04966051891727068,0.2033852575003187,1.7533434309244177e-05,2770499.8848821777,0.0496605166146044
512,2,67.99999872843425,59958,2696318.3906970443,387555006.1484804,12889827030.365246,3020699424542967.5,0.05389580170071359,0.2480800943290914,1.5498917991181565e-05,2696318.3906970443,0.05389579897825776
512,2,69.99999682108562,59918,2610851.8899049778,387180640.9392412,13875535120.690681,4544386882098100.0,0.058017306411567784,0.2955602656487063,1.3775315784452641e-05,2610851.8899049778,0.05801730408258013
512,2,72.00000286102295,59885,2515931.9924482224,383128608.06082135,14814201002.330687,6200603290284714.0,0.06194211527260503,0.34197235881812293,1.2353589920380201e-05,2515931.9924482224,0.06194211474689478
512,2,74.00000095367432,59862,2420216.5271016443,377500106.2652919,15689881803.003044,8089214018172978.0,0.0656035669481221,0.3858211096303007,1.1182769298876154e-05,2420216.5271016443,0.06560356776293681
512,2,75.99999904632568,59826,2328527.3269102443,371781367.1786249,16493401796.885279,9892301343658062.0,0.06896329531291578,0.4231823355928028,1.02137509978092e-05,2328527.3269102443,0.06896329714616337
512,2,77.99999713897705,59794,2242836.7255988,365919848.7104011,17211898025.018703,1.2014966818307606e+16,0.07196751695758316,0.458674084786212,0.0009289498746949248,2242836.7255988,0.0719675191697716
512,2,80.00000317891438,59767,2162310.8636199334,360467862.87705237,17817901780.71767,1.3893861921692826e+16,0.07450137795231859,0.4864082280889912,0.0014053546135936684,2162310.8636199334,0.07450137915200444
512,2,82.00000127156575,59718,2084821.5119626222,355178804.1939347,18337889204.371296,1.563652355415892e+16,0.07667558204791924,0.5102914335649035,0.007808897951024686,2084821.5119626222,0.07667558634405773
512,2,83.99999936421712,59606,2012889.5344210668,350228985.8649219,18658973718.73367,1.645848085010463e+16,0.07801812057012394,0.5246635236124951,0.01227382725151956,2012889.5344210668,0.07801812413907772
512,2,85.99999745686848,59395,1943551.7256331556,345169382.0167292,18832390301.30832,1.7010371250106666e+16,0.07874322044512057,0.5342245163625321,0.021501071092141853,1943551.7256331556,0.07874322388615086
512,2,88.00000349680583,59076,1875356.4257162223,338543036.1799953,18747640929.065044,1.6761199468483578e+16,0.07838886022238653,0.5351657244541823,0.03158444911331644,1875356.4257162223,0.07838886255793125
512,2,90.0000015894572,58618,1808247.3755110889,330477765.8338835,18483068974.88064,1.550685234622228e+16,0.07728261435233003,0.5293031382615447,0.037319777714696856,1808247.3755110889,0.07728261924922011
512,2,91.99999968210857,58009,1743783.8599437557,320717958.0701006,18089521944.662556,1.475163494058532e+16,0.07563708952157505,0.5256691559884541,0.05175241403601804,1743783.8599437557,0.07563709523311309
512,2,93.99999777475993,57280,1680602.9666810667,309396907.1295341,17480740741.95363,1.2998600113502492e+16,0.07309161367354064,0.5140438291370588,0.05931020335122707,1680602.9666810667,0.07309161614974032
512,2,96.00000381469727,56393,1620290.6209820888,297611949.02529824,16834439918.84509,1.1493371785782664e+16,0.07038925817175104,0.5036399916009294,0.05619353267922033,1620290.6209820888,0.07038926142146285
512,2,98.00000190734863,55522,1565273.5557472222,286056135.39770335,16204950649.359163,1.0259860495580672e+16,0.06775719617089421,0.4950423812026786,0.055376136803636206,1565273.5557472222,0.0677572011038858
512,2,100.0,54697,1513668.7492263333,274974911.183655,15638464815.206463,9567111082198134.0,0.06538856847029016,0.4909802188292707,0.05549119455673483,1513668.7492263333,0.06538857306185071
512,2,101.99999809265137,53863,1467554.4886035777,264287845.43023258,15028054972.091476,8921305040703405.0,0.06283628279476437,0.48606533948987213,0.051480910234221494,1467554.4886035777,0.062836285341376
512,2,103.99999618530273,53049,1424732.7683672889,254406136.09557244,14520424786.467272,8415223055807938.0,0.060713746133476486,0.48341335890645215,0.05143809098905092,1424732.7683672889,0.060713749355134794
512,2,106.00000222524007,52175,1385536.8904538443,244643457.94723865,13983180360.302612,8006611866688089.0,0.05846738427118204,0.48084039641614473,0.051796073345047156,1385536.8904538443,0.058467386003569245
512,2,108.00000031789143,51423,1350984.4726518,235955924.2405657,13493967654.971514,7624726968336510.0,0.056421856071650116,0.4784048124087996,0.0538214088528523,1350984.4726518,0.056421860153201525
512,2,109.9999984105428,50666,1318546.4920443778,227192643.7828595,12972625732.545877,7164366977101285.0,0.054241987196888816,0.4742167385531513,0.049840953162094886,1318546.4920443778,0.05424199043251866
512,2,111.99999650319417,49989,1288974.7672414666,219285730.23627084,12482521808.593462,6660695839413030.0,0.05219273274345423,0.46890923024517367,0.0530472510785487,1288974.7672414666,0.05219273557320146
512,2,114.00000254313152,49245,1261872.9976045112,211831698.06956506,12006858653.424501,6121413817666096.0,0.05020385889363419,0.46230669359760024,0.058585331969075775,1261872.9976045112,0.05020386330125066
512,2,116.00000063578288,48518,1237645.453709511,204856478.43236712,11525977645.574076,5685354045718381.0,0.04819316780903335,0.4552003003171498,0.05709503262928377,1237645.453709511,0.04819317026712228
512,2,117.99999872843425,47791,1214964.5414815112,198118585.68903613,11065526922.128336,5265095537131144.0,0.046267901158635515,0.44849550488755174,0.055001532155504344,1214964.5414815112,0.04626790356247364
512,2,119.99999682108562,47044,1193997.4237605333,191693154.86700055,10633311697.559853,4935499883825519.0,0.04446069459715298,0.44256265349019985,0.05541137061417182,1193997.4237605333,0.04446069718832631
512,3,0.0,61440,2934338.6008356446,41961.4299222599,10727.237637226352,712.6803346746098,9.060971455649859e-08,2.5083904726042625e-05,0.3393169134470046,2934338.6008356446,9.06097208934952e-08
512,3,1.9999999552965164,61408,2934337.7148129335,974137.1467765785,1238830.5048010747,10347845.707310691,5.225630718933783e-06,0.0006119809666813748,0.3383933577692469,2934337.7148129335,5.225630767689037e-06
512,3,3.999999910593033,61362,2934262.4259074,973936.3244648635,1238490.591767861,10345835.66113877,5.22419785079679e-06,0.000611944332007983,0.3371345993026478,2934262.4259074,5.224197946446101e-06
512,3,6.000000238418579,61322,2934257.931263156,973870.3969564651,1238310.1425961475,10338235.480579661,5.2234384799626735e-06,0.0006117429827708573,0.3381309289776826,2934257.931263156,5.223438640863274e-06
512,3,7.999999821186066,61287,2934256.4233176443,973823.2978734585,1238199.0592018685,10333206.918737667,5.222972011164101e-06,0.0006116246970489387,0.339753348456464,2934256.4233176443,5.222972357974383e-06
512,3,10.000000397364298,61236,2934017.9632777777,973450.5009667778,1237612.8885171418,10323560.790271368,5.220502476678335e-06,0.0006114931812652878,0.3404185952348567,2934017.9632777777,5.220502610421756e-06
512,3,12.000000476837158,61189,2933988.2244624887,973284.871798959,1237284.8736411335,10316000.060914598,5.219122484365456e-06,0.0006113487627434241,0.34131791157706315,2933988.2244624887,5.219122502004082e-06
512,3,13.999999562899271,61131,2933980.221791422,973156.9733822312,1236966.7021299847,10304792.669188434,5.217784575491308e-06,0.0006110611960148412,0.3423471664149888,2933980.221791422,5.217784831697167e-06
512,3,15.999999642372131,61083,2933945.0429184223,1170196.4957198624,2289653.5181858027,203799470.80715933,9.619331169177746e-06,0.002907641565382874,0.18537327646878254,2933945.0429184223,9.619330967845184e-06
512,3,18.000000715255737,61033,2933682.3969662,2191637.4887332665,10035554.5307716,4147035030.2896833,4.2006970444135814e-05,0.009028721273356062,0.04229246328433027,2933682.3969662,4.200697566047793e-05
512,3,20.000000794728596,60988,2933566.5763940224,4299771.98826082,30803804.422877055,25763327150.355873,0.00012884447845558228,0.014562580283224383,0.013834272710935956,2933566.5763940224,0.00012884447329619924
512,3,22.000000874201458,60934,2933551.328547267,7622832.961965263,69832739.58061458,93418679232.25183,0.00029203471689959214,0.019722708163891163,0.0060907878735511,2933551.328547267,0.0002920346611541586
512,3,24.000000953674316,60895,2933542.4122710223,12246113.268308176,131668171.32337196,251335198696.91098,0.0005505849157532328,0.024680368975639584,0.0032294489851113117,2933542.4122710223,0.0005505847725068941
512,3,25.999999046325684,60857,2933536.0694328668,18340430.356285997,221406606.16949698,560492530214.766,0.000925804905229779,0.02940525733606437,0.001912364431671849,2933536.0694328668,0.000925804879909431
512,3,27.999999125798542,60807,2933516.5077418666,25897780.989572644,343090087.9793258,1100796576485.7058,0.0014345955367342648,0.034024404877879624,0.0012128382189703292,2933516.5077418666,0.001434595440747886
512,3,29.999999205271404,60756,2933316.5290806,34918384.907610424,500095346.48986506,1972753807038.6675,0.0020910757975160297,0.03860380769056493,0.0008152879321333068,2933316.5290806,0.0020910753978569414
512,3,31.999999284744263,60718,2933263.0406596,45495278.274955325,695972691.5162057,3286237371301.364,0.0029100904768683063,0.04306739182989075,0.0005736919715033611,2933263.0406596,0.0029100900917439685
512,3,33.999999364217125,60665,2933045.3418581113,57569799.05336654,933875414.3593351,5193012580670.901,0.0039048243074304694,0.04752287112914659,0.0004173470229757542,2933045.3418581113,0.003904823570466361
512,3,36.000001430511475,60619,2932912.927963333,71249742.0468477,1217009067.5252082,7832352672245.455,0.005088680557393822,0.05188211911880039,0.0003095550286688174,2932912.927963333,0.005088680006566759
512,3,37.99999952316284,60574,2932876.3375828667,86561043.12092069,1548547038.4167948,11368672908190.184,0.0064749279875852325,0.056132757438080015,0.00023498952981489108,2932876.3375828667,0.006474927248924372
512,3,40.00000158945719,60526,2932542.3660465553,103373417.11972885,1930992604.9844494,16059269412567.22,0.008074033455257933,0.0604248843850672,0.00018237253413104515,2932542.3660465553,0.008074031859571206
512,3,41.99999968210856,60489,2932345.5396508,121667505.54564878,2365996076.394969,22057721796116.348,0.009892897349041797,0.06465385335203457,0.0001434623102042023,2932345.5396508,0.00989289534414472
512,3,44.000001748402916,60449,2931400.1283610445,141230409.3212581,2854603345.379863,29785959153394.87,0.01193589281006234,0.06905595759459228,0.00011434211406064195,2931400.1283610445,0.011935890654827261
512,3,45.99999984105428,60398,2930732.4649044443,162282190.98285767,3398093584.545138,39337183893017.3,0.014208368399109295,0.07335683694285641,9.246095870396907e-05,2930732.4649044443,0.014208365441564553
512,3,48.00000190734863,60345,2929758.5642584222,184735930.18078226,3999187751.415622,51045748373105.27,0.016721701165643345,0.07763759986312997,7.587087290310538e-05,2929758.5642584222,0.016721699254235754
512,3,50.0,60304,2928740.2161973557,208522856.99313992,4658550713.381502,65329027912690.87,0.019478671076483555,0.08194158434791143,6.23036267107527e-05,2928740.2161973557,0.01947866891440187
512,3,51.99999809265137,60260,2927168.9942889553,233539750.86972123,5378351814.53614,83053827798649.67,0.022488348749926654,0.08645301214028918,5.2092924042350166e-05,2927168.9942889553,0.02248834595616574
512,3,54.00000015894572,60223,2923824.0647929558,259394029.52002588,6158761620.656636,106144779514404.16,0.025751447344005998,0.09153015501600555,4.355431374169333e-05,2923824.0647929558,0.025751443338468676
512,3,55.999998251597084,60177,2918840.7873566444,285854364.40915585,6998264914.608515,137649516765529.22,0.029261631360461227,0.09736139379258477,3.685896036828353e-05,2918840.7873566444,0.029261630724254587
512,3,58.00000031789144,60147,2910580.3496456887,312138875.2243617,7895351556.822314,193744249490097.28,0.03301258649662923,0.10551997515196268,3.111913920246011e-05,2910580.3496456887,0.03301258379289332
512,3,59.99999841054281,60103,2895085.122529889,336578452.78302443,8845106169.340103,310091163085254.1,0.03698376025908815,0.11824571112048682,2.6519446831415958e-05,2895085.122529889,0.036983755241123066
512,3,62.00000047683716,60052,2870046.871578356,357909647.78755254,9836017219.62929,550131108881733.94,0.041127019913334756,0.13765575184790427,2.2953319328625044e-05,2870046.871578356,0.04112701886919309
512,3,63.999998569488525,60014,2827695.484500022,373030967.71810895,10853309430.557577,1055810931074569.6,0.04538058613657861,0.16858389524315848,1.995986298085942e-05,2827695.484500022,0.045380584159828936
512,3,66.00000063578288,59985,2763395.781690689,379473369.76284397,11872557452.922047,2037703871054515.0,0.049642330124961824,0.21421714461148175,1.7580237100280582e-05,2763395.781690689,0.049642328155567815
512,3,67.99999872843425,59951,2682483.8056214,379948757.28767145,12872836677.77511,3500389308969892.5,0.05382476058146017,0.2670804412081936,1.541727575607176e-05,2682483.8056214,0.05382475466837932
512,3,69.99999682108562,59913,2592390.269636,376931518.5947063,13833969445.018791,5306584506380576.0,0.05784350940219298,0.3196716533111075,1.3703628404621176e-05,2592390.269636,0.05784350839472644
512,3,72.00000286102295,59881,2499392.6618281333,373453308.87594336,14746071907.423496,7199119887981511.0,0.061657249625717205,0.36523780468343364,1.2286977572765708e-05,2499392.6618281333,0.061657249224903475
512,3,74.00000095367432,59851,2408656.7630868442,369535000.9251906,15598437302.189991,9200477866663328.0,0.06522121345577467,0.40522553145975193,1.1083307459681801e-05,2408656.7630868442,0.06522121514458283
512,3,75.99999904632568,59832,2322476.6333667333,366220602.9866328,16376379098.839281,1.1033419017885216e+16,0.0684739926567214,0.4380469730886943,1.0092617419146436e-05,2322476.6333667333,0.0684739929842173
512,3,77.99999713897705,59813,2239867.4011916,362974135.0511856,17077525064.174341,1.2820443012036538e+16,0.0714056682927097,0.4658666476046052,0.0006381111518033721,2239867.4011916,0.07140566907988732
512,3,80.00000317891438,59788,2162943.470526133,359804100.3199482,17683295691.676804,1.4385900290881636e+16,0.07393855456081819,0.4890895420809144,0.003440153386439712,2162943.470526133,0.07393855433363823
512,3,82.00000127156575,59722,2090517.3516253333,356659698.70318466,18151026359.378536,1.5225331563605526e+16,0.07589425935579283,0.5037235234287033,0.00894351036132064,2090517.3516253333,0.07589426431074353
512,3,83.99999936421712,59561,2019667.5108696888,351983851.48916185,18444012885.831112,1.5601154528464264e+16,0.07711931275710894,0.5143092452272056,0.016845965670364938,2019667.5108696888,0.07711931743294925
512,3,85.99999745686848,59286,1949410.152831289,346675801.3971817,18543591447.549248,1.5311354608440042e+16,0.07753567631610121,0.5175369253886295,0.025499597042514387,1949410.152831289,0.07753567880264192
512,3,88.00000349680583,58881,1880735.0832326445,340013962.2935345,18469634682.4364,1.4646234967181982e+16,0.07722644276562354,0.5168592590375983,0.033592559067009704,1880735.0832326445,0.07722644497418364
512,3,90.0000015894572,58331,1811596.536883711,330454495.4512159,18186118145.585617,1.3894942105186992e+16,0.0760409844542231,0.5147082176181498,0.04097593186004598,1811596.536883711,0.07604098733777118
512,3,91.99999968210857,57689,1743982.6557825112,320197740.11554426,17787825842.76499,1.301251400629601e+16,0.0743756182322411,0.5103183356781079,0.04565442776159899,1743982.6557825112,0.07437562035006177
512,3,93.99999777475993,57024,1679787.0089081556,309078370.1790324,17342165316.076702,1.232429376472184e+16,0.0725121929925936,0.508163057985384,0.050204371052533565,1679787.0089081556,0.07251219573170942
512,3,96.00000381469727,56307,1618097.5892406888,297652826.80526507,16813846731.880192,1.161553504523372e+16,0.07030315266189024,0.5051891924841898,0.05262140605575094,1618097.5892406888,0.07030315672332094
512,3,98.00000190734863,55520,1560317.950347911,286124168.0427533,16251175248.674816,1.0751590880305254e+16,0.06795047372966727,0.5007134455186737,0.05201795054065,1560317.950347911,0.06795047499470598
512,3,100.0,54686,1508798.8967248667,275237056.03406346,15683087276.452017,9981673274294434.0,0.0655751468790634,0.4957822261996314,0.05038621476350298,1508798.8967248667,0.06557515069798597
512,3,101.99999809265137,53831,1461624.4199345778,264585852.96567148,15163098875.620253,9674666322158920.0,0.06340093716126295,0.4957182956042877,0.04921958230716024,1461624.4199345778,0.06340094091281603
512,3,103.99999618530273,53045,1418126.2483167555,255179794.49221146,14686784582.171179,9267187690526376.0,0.061409340554103256,0.4943221681591082,0.0567999518249173,1418126.2483167555,0.061409342701452846
512,3,106.00000222524007,52228,1377764.0908274222,245362481.2780576,14133053335.146027,8652164912503352.0,0.05909404308176897,0.49025929231618803,0.054805241605692244,1377764.0908274222,0.05909404487581329
512,3,108.00000031789143,51403,1341618.5620547112,236218579.80477098,13585633562.922087,8161423987833082.0,0.05680513558255235,0.4862889763048639,0.056282807267130426,1341618.5620547112,0.05680513665068204
512,3,109.9999984105428,50636,1309245.8110891334,227736603.89088506,13050646444.34764,7556296108886324.0,0.05456821255490519,0.4804660407058115,0.05748999187550198,1309245.8110891334,0.05456821575091763
512,3,111.99999650319417,49895,1278581.8150607778,219525844.14932337,12529147885.825788,6909155490707324.0,0.05238768866407445,0.4732879413123555,0.058753363174679746,1278581.8150607778,0.05238769343437469
512,3,114.00000254313152,49113,1251157.596456,211557652.1702606,11996443331.840841,6333663415942597.0,0.05016030946079496,0.46588428422414885,0.0572068013744177,1251157.596456,0.05016031220568785
512,3,116.00000063578288,48368,1226225.7561017778,204357021.44676307,11512628957.807592,5874614902387869.0,0.048137353226768424,0.4592247736609577,0.05875420130794484,1226225.7561017778,0.048137356557047616
512,3,117.99999872843425,47648,1204001.8084913334,197537751.43697032,11032396966.354101,5390593271414292.0,0.046129375838521225,0.4510230284323046,0.05783223570071599,1204001.8084913334,0.046129379075487614
512,3,119.99999682108562,46958,1183663.5568844,190963880.89375746,10562843776.299164,4931410920214612.0,0.044166049262433046,0.4425717653597771,0.05259541211795993,1183663.5568844,0.0441660522208782
