case_index	run_label	matrix_stage	initialization_family	kernel	max_superdroplets	collision_timestep_s	observation_timestep_s	end_time_s	model_threads	member_index	initialization_seed	collision_seed	controlled_bundle_label
0	golovin_unfrozen_fixed50_extended_resolution_convergence_v1_N004096_dt0p1_m000	golovin_unfrozen_fixed50_extended_resolution_convergence_v1	operational_stochastic	golovin	4096	0.1	600.0	3600.0	1	0	2214872616	6663760225077556826	not_applicable
1	golovin_unfrozen_fixed50_extended_resolution_convergence_v1_N004096_dt0p1_m001	golovin_unfrozen_fixed50_extended_resolution_convergence_v1	operational_stochastic	golovin	4096	0.1	600.0	3600.0	1	1	2362758609	5159214854084552935	not_applicable
2	golovin_unfrozen_fixed50_extended_resolution_convergence_v1_N004096_dt0p1_m002	golovin_unfrozen_fixed50_extended_resolution_convergence_v1	operational_stochastic	golovin	4096	0.1	600.0	3600.0	1	2	4153926055	10167806140147078159	not_applicable
3	golovin_unfrozen_fixed50_extended_resolution_convergence_v1_N004096_dt0p1_m003	golovin_unfrozen_fixed50_extended_resolution_convergence_v1	operational_stochastic	golovin	4096	0.1	600.0	3600.0	1	3	1687198109	12365403304349526772	not_applicable
4	golovin_unfrozen_fixed50_extended_resolution_convergence_v1_N004096_dt0p1_m004	golovin_unfrozen_fixed50_extended_resolution_convergence_v1	operational_stochastic	golovin	4096	0.1	600.0	3600.0	1	4	497510557	11066801166683923404	not_applicable
5	golovin_unfrozen_fixed50_extended_resolution_convergence_v1_N004096_dt0p1_m005	golovin_unfrozen_fixed50_extended_resolution_convergence_v1	operational_stochastic	golovin	4096	0.1	600.0	3600.0	1	5	131147746	15414971106163337652	not_applicable
6	golovin_unfrozen_fixed50_extended_resolution_convergence_v1_N004096_dt0p1_m006	golovin_unfrozen_fixed50_extended_resolution_convergence_v1	operational_stochastic	golovin	4096	0.1	600.0	3600.0	1	6	80713148	4426894947628385802	not_applicable
7	golovin_unfrozen_fixed50_extended_resolution_convergence_v1_N004096_dt0p1_m007	golovin_unfrozen_fixed50_extended_resolution_convergence_v1	operational_stochastic	golovin	4096	0.1	600.0	3600.0	1	7	2779212156	1024059266512974336	not_applicable
8	golovin_unfrozen_fixed50_extended_resolution_convergence_v1_N004096_dt0p1_m008	golovin_unfrozen_fixed50_extended_resolution_convergence_v1	operational_stochastic	golovin	4096	0.1	600.0	3600.0	1	8	1116678503	4708877288800091386	not_applicable
9	golovin_unfrozen_fixed50_extended_resolution_convergence_v1_N004096_dt0p1_m009	golovin_unfrozen_fixed50_extended_resolution_convergence_v1	operational_stochastic	golovin	4096	0.1	600.0	3600.0	1	9	3268581985	8365459447913219447	not_applicable
10	golovin_unfrozen_fixed50_extended_resolution_convergence_v1_N004096_dt0p1_m010	golovin_unfrozen_fixed50_extended_resolution_convergence_v1	operational_stochastic	golovin	4096	0.1	600.0	3600.0	1	10	2671112297	1638167887492394093	not_applicable
11	golovin_unfrozen_fixed50_extended_resolution_convergence_v1_N004096_dt0p1_m011	golovin_unfrozen_fixed50_extended_resolution_convergence_v1	operational_stochastic	golovin	4096	0.1	600.0	3600.0	1	11	1038117294	10870373631946808542	not_applicable
12	golovin_unfrozen_fixed50_extended_resolution_convergence_v1_N004096_dt0p1_m012	golovin_unfrozen_fixed50_extended_resolution_convergence_v1	operational_stochastic	golovin	4096	0.1	600.0	3600.0	1	12	2210751306	15535028385399854742	not_applicable
13	golovin_unfrozen_fixed50_extended_resolution_convergence_v1_N004096_dt0p1_m013	golovin_unfrozen_fixed50_extended_resolution_convergence_v1	operational_stochastic	golovin	4096	0.1	600.0	3600.0	1	13	616573568	8855132476925112230	not_applicable
14	golovin_unfrozen_fixed50_extended_resolution_convergence_v1_N004096_dt0p1_m014	golovin_unfrozen_fixed50_extended_resolution_convergence_v1	operational_stochastic	golovin	4096	0.1	600.0	3600.0	1	14	3249247460	1294412014270794163	not_applicable
15	golovin_unfrozen_fixed50_extended_resolution_convergence_v1_N004096_dt0p1_m015	golovin_unfrozen_fixed50_extended_resolution_convergence_v1	operational_stochastic	golovin	4096	0.1	600.0	3600.0	1	15	3052466761	11710185108685380236	not_applicable
16	golovin_unfrozen_fixed50_extended_resolution_convergence_v1_N004096_dt0p1_m016	golovin_unfrozen_fixed50_extended_resolution_convergence_v1	operational_stochastic	golovin	4096	0.1	600.0	3600.0	1	16	2262608920	15369643069153689814	not_applicable
17	golovin_unfrozen_fixed50_extended_resolution_convergence_v1_N004096_dt0p1_m017	golovin_unfrozen_fixed50_extended_resolution_convergence_v1	operational_stochastic	golovin	4096	0.1	600.0	3600.0	1	17	96342770	2244718425609317475	not_applicable
18	golovin_unfrozen_fixed50_extended_resolution_convergence_v1_N004096_dt0p1_m018	golovin_unfrozen_fixed50_extended_resolution_convergence_v1	operational_stochastic	golovin	4096	0.1	600.0	3600.0	1	18	766535665	4895341684238566665	not_applicable
19	golovin_unfrozen_fixed50_extended_resolution_convergence_v1_N004096_dt0p1_m019	golovin_unfrozen_fixed50_extended_resolution_convergence_v1	operational_stochastic	golovin	4096	0.1	600.0	3600.0	1	19	1711938757	3471418653233903340	not_applicable
20	golovin_unfrozen_fixed50_extended_resolution_convergence_v1_N004096_dt0p1_m020	golovin_unfrozen_fixed50_extended_resolution_convergence_v1	operational_stochastic	golovin	4096	0.1	600.0	3600.0	1	20	943273968	13485690562139386416	not_applicable
21	golovin_unfrozen_fixed50_extended_resolution_convergence_v1_N004096_dt0p1_m021	golovin_unfrozen_fixed50_extended_resolution_convergence_v1	operational_stochastic	golovin	4096	0.1	600.0	3600.0	1	21	1648300091	5546457945046689010	not_applicable
22	golovin_unfrozen_fixed50_extended_resolution_convergence_v1_N004096_dt0p1_m022	golovin_unfrozen_fixed50_extended_resolution_convergence_v1	operational_stochastic	golovin	4096	0.1	600.0	3600.0	1	22	2290918735	14566308647128915821	not_applicable
23	golovin_unfrozen_fixed50_extended_resolution_convergence_v1_N004096_dt0p1_m023	golovin_unfrozen_fixed50_extended_resolution_convergence_v1	operational_stochastic	golovin	4096	0.1	600.0	3600.0	1	23	337560280	8520564036830922155	not_applicable
24	golovin_unfrozen_fixed50_extended_resolution_convergence_v1_N004096_dt0p1_m024	golovin_unfrozen_fixed50_extended_resolution_convergence_v1	operational_stochastic	golovin	4096	0.1	600.0	3600.0	1	24	3824194807	4440072815583003537	not_applicable
25	golovin_unfrozen_fixed50_extended_resolution_convergence_v1_N004096_dt0p1_m025	golovin_unfrozen_fixed50_extended_resolution_convergence_v1	operational_stochastic	golovin	4096	0.1	600.0	3600.0	1	25	553655317	510806955840218787	not_applicable
26	golovin_unfrozen_fixed50_extended_resolution_convergence_v1_N004096_dt0p1_m026	golovin_unfrozen_fixed50_extended_resolution_convergence_v1	operational_stochastic	golovin	4096	0.1	600.0	3600.0	1	26	1041324493	14587926284877347501	not_applicable
27	golovin_unfrozen_fixed50_extended_resolution_convergence_v1_N004096_dt0p1_m027	golovin_unfrozen_fixed50_extended_resolution_convergence_v1	operational_stochastic	golovin	4096	0.1	600.0	3600.0	1	27	3761633833	16713091813376009825	not_applicable
28	golovin_unfrozen_fixed50_extended_resolution_convergence_v1_N004096_dt0p1_m028	golovin_unfrozen_fixed50_extended_resolution_convergence_v1	operational_stochastic	golovin	4096	0.1	600.0	3600.0	1	28	4145389202	17060215013715808684	not_applicable
29	golovin_unfrozen_fixed50_extended_resolution_convergence_v1_N004096_dt0p1_m029	golovin_unfrozen_fixed50_extended_resolution_convergence_v1	operational_stochastic	golovin	4096	0.1	600.0	3600.0	1	29	333856867	693751958510520992	not_applicable
30	golovin_unfrozen_fixed50_extended_resolution_convergence_v1_N004096_dt0p1_m030	golovin_unfrozen_fixed50_extended_resolution_convergence_v1	operational_stochastic	golovin	4096	0.1	600.0	3600.0	1	30	2564296345	6346056341304774612	not_applicable
31	golovin_unfrozen_fixed50_extended_resolution_convergence_v1_N004096_dt0p1_m031	golovin_unfrozen_fixed50_extended_resolution_convergence_v1	operational_stochastic	golovin	4096	0.1	600.0	3600.0	1	31	4132112063	12085745963305987005	not_applicable
32	golovin_unfrozen_fixed50_extended_resolution_convergence_v1_N004096_dt0p1_m032	golovin_unfrozen_fixed50_extended_resolution_convergence_v1	operational_stochastic	golovin	4096	0.1	600.0	3600.0	1	32	3127752348	12473166422133546161	not_applicable
33	golovin_unfrozen_fixed50_extended_resolution_convergence_v1_N004096_dt0p1_m033	golovin_unfrozen_fixed50_extended_resolution_convergence_v1	operational_stochastic	golovin	4096	0.1	600.0	3600.0	1	33	1020368851	8243433904919711483	not_applicable
34	golovin_unfrozen_fixed50_extended_resolution_convergence_v1_N004096_dt0p1_m034	golovin_unfrozen_fixed50_extended_resolution_convergence_v1	operational_stochastic	golovin	4096	0.1	600.0	3600.0	1	34	671774546	10202766634113669266	not_applicable
35	golovin_unfrozen_fixed50_extended_resolution_convergence_v1_N004096_dt0p1_m035	golovin_unfrozen_fixed50_extended_resolution_convergence_v1	operational_stochastic	golovin	4096	0.1	600.0	3600.0	1	35	1981323916	6369740795736515575	not_applicable
36	golovin_unfrozen_fixed50_extended_resolution_convergence_v1_N004096_dt0p1_m036	golovin_unfrozen_fixed50_extended_resolution_convergence_v1	operational_stochastic	golovin	4096	0.1	600.0	3600.0	1	36	2799187322	13078196594412458928	not_applicable
37	golovin_unfrozen_fixed50_extended_resolution_convergence_v1_N004096_dt0p1_m037	golovin_unfrozen_fixed50_extended_resolution_convergence_v1	operational_stochastic	golovin	4096	0.1	600.0	3600.0	1	37	2830565044	18146176670886127000	not_applicable
38	golovin_unfrozen_fixed50_extended_resolution_convergence_v1_N004096_dt0p1_m038	golovin_unfrozen_fixed50_extended_resolution_convergence_v1	operational_stochastic	golovin	4096	0.1	600.0	3600.0	1	38	266603457	8445733109823099535	not_applicable
39	golovin_unfrozen_fixed50_extended_resolution_convergence_v1_N004096_dt0p1_m039	golovin_unfrozen_fixed50_extended_resolution_convergence_v1	operational_stochastic	golovin	4096	0.1	600.0	3600.0	1	39	482076541	14153594394619826383	not_applicable
40	golovin_unfrozen_fixed50_extended_resolution_convergence_v1_N004096_dt0p1_m040	golovin_unfrozen_fixed50_extended_resolution_convergence_v1	operational_stochastic	golovin	4096	0.1	600.0	3600.0	1	40	1925029472	7576497094873744482	not_applicable
41	golovin_unfrozen_fixed50_extended_resolution_convergence_v1_N004096_dt0p1_m041	golovin_unfrozen_fixed50_extended_resolution_convergence_v1	operational_stochastic	golovin	4096	0.1	600.0	3600.0	1	41	3713644609	18220713510992543917	not_applicable
42	golovin_unfrozen_fixed50_extended_resolution_convergence_v1_N004096_dt0p1_m042	golovin_unfrozen_fixed50_extended_resolution_convergence_v1	operational_stochastic	golovin	4096	0.1	600.0	3600.0	1	42	2069672483	4757282410519051060	not_applicable
43	golovin_unfrozen_fixed50_extended_resolution_convergence_v1_N004096_dt0p1_m043	golovin_unfrozen_fixed50_extended_resolution_convergence_v1	operational_stochastic	golovin	4096	0.1	600.0	3600.0	1	43	948300651	15044435523158403193	not_applicable
44	golovin_unfrozen_fixed50_extended_resolution_convergence_v1_N004096_dt0p1_m044	golovin_unfrozen_fixed50_extended_resolution_convergence_v1	operational_stochastic	golovin	4096	0.1	600.0	3600.0	1	44	3516389455	18007327228119437686	not_applicable
45	golovin_unfrozen_fixed50_extended_resolution_convergence_v1_N004096_dt0p1_m045	golovin_unfrozen_fixed50_extended_resolution_convergence_v1	operational_stochastic	golovin	4096	0.1	600.0	3600.0	1	45	2745335775	12656145116572885923	not_applicable
46	golovin_unfrozen_fixed50_extended_resolution_convergence_v1_N004096_dt0p1_m046	golovin_unfrozen_fixed50_extended_resolution_convergence_v1	operational_stochastic	golovin	4096	0.1	600.0	3600.0	1	46	718848629	5948997545010801808	not_applicable
47	golovin_unfrozen_fixed50_extended_resolution_convergence_v1_N004096_dt0p1_m047	golovin_unfrozen_fixed50_extended_resolution_convergence_v1	operational_stochastic	golovin	4096	0.1	600.0	3600.0	1	47	2760634805	6620175583045088661	not_applicable
48	golovin_unfrozen_fixed50_extended_resolution_convergence_v1_N004096_dt0p1_m048	golovin_unfrozen_fixed50_extended_resolution_convergence_v1	operational_stochastic	golovin	4096	0.1	600.0	3600.0	1	48	3582571627	16962957170608238170	not_applicable
49	golovin_unfrozen_fixed50_extended_resolution_convergence_v1_N004096_dt0p1_m049	golovin_unfrozen_fixed50_extended_resolution_convergence_v1	operational_stochastic	golovin	4096	0.1	600.0	3600.0	1	49	1782559278	5688804727959204695	not_applicable
50	golovin_unfrozen_fixed50_extended_resolution_convergence_v1_N008192_dt0p1_m000	golovin_unfrozen_fixed50_extended_resolution_convergence_v1	operational_stochastic	golovin	8192	0.1	600.0	3600.0	1	0	1821195794	347117171565605676	not_applicable
51	golovin_unfrozen_fixed50_extended_resolution_convergence_v1_N008192_dt0p1_m001	golovin_unfrozen_fixed50_extended_resolution_convergence_v1	operational_stochastic	golovin	8192	0.1	600.0	3600.0	1	1	867870630	2521724225271477303	not_applicable
52	golovin_unfrozen_fixed50_extended_resolution_convergence_v1_N008192_dt0p1_m002	golovin_unfrozen_fixed50_extended_resolution_convergence_v1	operational_stochastic	golovin	8192	0.1	600.0	3600.0	1	2	1301732661	3165443171997614964	not_applicable
53	golovin_unfrozen_fixed50_extended_resolution_convergence_v1_N008192_dt0p1_m003	golovin_unfrozen_fixed50_extended_resolution_convergence_v1	operational_stochastic	golovin	8192	0.1	600.0	3600.0	1	3	567583170	4908680263860981937	not_applicable
54	golovin_unfrozen_fixed50_extended_resolution_convergence_v1_N008192_dt0p1_m004	golovin_unfrozen_fixed50_extended_resolution_convergence_v1	operational_stochastic	golovin	8192	0.1	600.0	3600.0	1	4	2298889969	8592294487676474240	not_applicable
55	golovin_unfrozen_fixed50_extended_resolution_convergence_v1_N008192_dt0p1_m005	golovin_unfrozen_fixed50_extended_resolution_convergence_v1	operational_stochastic	golovin	8192	0.1	600.0	3600.0	1	5	1775155819	14080016714996352675	not_applicable
56	golovin_unfrozen_fixed50_extended_resolution_convergence_v1_N008192_dt0p1_m006	golovin_unfrozen_fixed50_extended_resolution_convergence_v1	operational_stochastic	golovin	8192	0.1	600.0	3600.0	1	6	2189963732	9709199483643167327	not_applicable
57	golovin_unfrozen_fixed50_extended_resolution_convergence_v1_N008192_dt0p1_m007	golovin_unfrozen_fixed50_extended_resolution_convergence_v1	operational_stochastic	golovin	8192	0.1	600.0	3600.0	1	7	3313824743	7906345550721303510	not_applicable
58	golovin_unfrozen_fixed50_extended_resolution_convergence_v1_N008192_dt0p1_m008	golovin_unfrozen_fixed50_extended_resolution_convergence_v1	operational_stochastic	golovin	8192	0.1	600.0	3600.0	1	8	3611762385	6464867589916620262	not_applicable
59	golovin_unfrozen_fixed50_extended_resolution_convergence_v1_N008192_dt0p1_m009	golovin_unfrozen_fixed50_extended_resolution_convergence_v1	operational_stochastic	golovin	8192	0.1	600.0	3600.0	1	9	3245425476	1799827505970016512	not_applicable
60	golovin_unfrozen_fixed50_extended_resolution_convergence_v1_N008192_dt0p1_m010	golovin_unfrozen_fixed50_extended_resolution_convergence_v1	operational_stochastic	golovin	8192	0.1	600.0	3600.0	1	10	3002236712	3412684305496616958	not_applicable
61	golovin_unfrozen_fixed50_extended_resolution_convergence_v1_N008192_dt0p1_m011	golovin_unfrozen_fixed50_extended_resolution_convergence_v1	operational_stochastic	golovin	8192	0.1	600.0	3600.0	1	11	3359087101	2797561212367046014	not_applicable
62	golovin_unfrozen_fixed50_extended_resolution_convergence_v1_N008192_dt0p1_m012	golovin_unfrozen_fixed50_extended_resolution_convergence_v1	operational_stochastic	golovin	8192	0.1	600.0	3600.0	1	12	4075372713	15763899594511928235	not_applicable
63	golovin_unfrozen_fixed50_extended_resolution_convergence_v1_N008192_dt0p1_m013	golovin_unfrozen_fixed50_extended_resolution_convergence_v1	operational_stochastic	golovin	8192	0.1	600.0	3600.0	1	13	70404551	18239892804247151006	not_applicable
64	golovin_unfrozen_fixed50_extended_resolution_convergence_v1_N008192_dt0p1_m014	golovin_unfrozen_fixed50_extended_resolution_convergence_v1	operational_stochastic	golovin	8192	0.1	600.0	3600.0	1	14	1852453929	17102070563107282091	not_applicable
65	golovin_unfrozen_fixed50_extended_resolution_convergence_v1_N008192_dt0p1_m015	golovin_unfrozen_fixed50_extended_resolution_convergence_v1	operational_stochastic	golovin	8192	0.1	600.0	3600.0	1	15	1546787585	6435081886431983816	not_applicable
66	golovin_unfrozen_fixed50_extended_resolution_convergence_v1_N008192_dt0p1_m016	golovin_unfrozen_fixed50_extended_resolution_convergence_v1	operational_stochastic	golovin	8192	0.1	600.0	3600.0	1	16	274472088	4725322734014307058	not_applicable
67	golovin_unfrozen_fixed50_extended_resolution_convergence_v1_N008192_dt0p1_m017	golovin_unfrozen_fixed50_extended_resolution_convergence_v1	operational_stochastic	golovin	8192	0.1	600.0	3600.0	1	17	434782543	11546253753896749629	not_applicable
68	golovin_unfrozen_fixed50_extended_resolution_convergence_v1_N008192_dt0p1_m018	golovin_unfrozen_fixed50_extended_resolution_convergence_v1	operational_stochastic	golovin	8192	0.1	600.0	3600.0	1	18	179422992	3095315290620759043	not_applicable
69	golovin_unfrozen_fixed50_extended_resolution_convergence_v1_N008192_dt0p1_m019	golovin_unfrozen_fixed50_extended_resolution_convergence_v1	operational_stochastic	golovin	8192	0.1	600.0	3600.0	1	19	910366490	8378324175846099489	not_applicable
70	golovin_unfrozen_fixed50_extended_resolution_convergence_v1_N008192_dt0p1_m020	golovin_unfrozen_fixed50_extended_resolution_convergence_v1	operational_stochastic	golovin	8192	0.1	600.0	3600.0	1	20	3366795249	4665821239352824273	not_applicable
71	golovin_unfrozen_fixed50_extended_resolution_convergence_v1_N008192_dt0p1_m021	golovin_unfrozen_fixed50_extended_resolution_convergence_v1	operational_stochastic	golovin	8192	0.1	600.0	3600.0	1	21	354831906	14892939731190570527	not_applicable
72	golovin_unfrozen_fixed50_extended_resolution_convergence_v1_N008192_dt0p1_m022	golovin_unfrozen_fixed50_extended_resolution_convergence_v1	operational_stochastic	golovin	8192	0.1	600.0	3600.0	1	22	2827686699	16330635444942504916	not_applicable
73	golovin_unfrozen_fixed50_extended_resolution_convergence_v1_N008192_dt0p1_m023	golovin_unfrozen_fixed50_extended_resolution_convergence_v1	operational_stochastic	golovin	8192	0.1	600.0	3600.0	1	23	1732886659	17210025896744573020	not_applicable
74	golovin_unfrozen_fixed50_extended_resolution_convergence_v1_N008192_dt0p1_m024	golovin_unfrozen_fixed50_extended_resolution_convergence_v1	operational_stochastic	golovin	8192	0.1	600.0	3600.0	1	24	802021859	4571503402153044758	not_applicable
75	golovin_unfrozen_fixed50_extended_resolution_convergence_v1_N008192_dt0p1_m025	golovin_unfrozen_fixed50_extended_resolution_convergence_v1	operational_stochastic	golovin	8192	0.1	600.0	3600.0	1	25	2563970460	10723438845599780647	not_applicable
76	golovin_unfrozen_fixed50_extended_resolution_convergence_v1_N008192_dt0p1_m026	golovin_unfrozen_fixed50_extended_resolution_convergence_v1	operational_stochastic	golovin	8192	0.1	600.0	3600.0	1	26	1801327793	15335139263259041527	not_applicable
77	golovin_unfrozen_fixed50_extended_resolution_convergence_v1_N008192_dt0p1_m027	golovin_unfrozen_fixed50_extended_resolution_convergence_v1	operational_stochastic	golovin	8192	0.1	600.0	3600.0	1	27	160656701	13008368334509330299	not_applicable
78	golovin_unfrozen_fixed50_extended_resolution_convergence_v1_N008192_dt0p1_m028	golovin_unfrozen_fixed50_extended_resolution_convergence_v1	operational_stochastic	golovin	8192	0.1	600.0	3600.0	1	28	885503009	7455182070709438040	not_applicable
79	golovin_unfrozen_fixed50_extended_resolution_convergence_v1_N008192_dt0p1_m029	golovin_unfrozen_fixed50_extended_resolution_convergence_v1	operational_stochastic	golovin	8192	0.1	600.0	3600.0	1	29	3010210538	3894474991722800960	not_applicable
80	golovin_unfrozen_fixed50_extended_resolution_convergence_v1_N008192_dt0p1_m030	golovin_unfrozen_fixed50_extended_resolution_convergence_v1	operational_stochastic	golovin	8192	0.1	600.0	3600.0	1	30	1424288081	16841799446481930647	not_applicable
81	golovin_unfrozen_fixed50_extended_resolution_convergence_v1_N008192_dt0p1_m031	golovin_unfrozen_fixed50_extended_resolution_convergence_v1	operational_stochastic	golovin	8192	0.1	600.0	3600.0	1	31	2164752656	5135575648441472339	not_applicable
82	golovin_unfrozen_fixed50_extended_resolution_convergence_v1_N008192_dt0p1_m032	golovin_unfrozen_fixed50_extended_resolution_convergence_v1	operational_stochastic	golovin	8192	0.1	600.0	3600.0	1	32	1307425929	8123953563248506499	not_applicable
83	golovin_unfrozen_fixed50_extended_resolution_convergence_v1_N008192_dt0p1_m033	golovin_unfrozen_fixed50_extended_resolution_convergence_v1	operational_stochastic	golovin	8192	0.1	600.0	3600.0	1	33	2236274470	14465708237883217560	not_applicable
84	golovin_unfrozen_fixed50_extended_resolution_convergence_v1_N008192_dt0p1_m034	golovin_unfrozen_fixed50_extended_resolution_convergence_v1	operational_stochastic	golovin	8192	0.1	600.0	3600.0	1	34	4094465820	3890946254820902955	not_applicable
85	golovin_unfrozen_fixed50_extended_resolution_convergence_v1_N008192_dt0p1_m035	golovin_unfrozen_fixed50_extended_resolution_convergence_v1	operational_stochastic	golovin	8192	0.1	600.0	3600.0	1	35	3819052855	9653576894523116350	not_applicable
86	golovin_unfrozen_fixed50_extended_resolution_convergence_v1_N008192_dt0p1_m036	golovin_unfrozen_fixed50_extended_resolution_convergence_v1	operational_stochastic	golovin	8192	0.1	600.0	3600.0	1	36	1161603241	9041787149561035965	not_applicable
87	golovin_unfrozen_fixed50_extended_resolution_convergence_v1_N008192_dt0p1_m037	golovin_unfrozen_fixed50_extended_resolution_convergence_v1	operational_stochastic	golovin	8192	0.1	600.0	3600.0	1	37	3506619200	518964725975251139	not_applicable
88	golovin_unfrozen_fixed50_extended_resolution_convergence_v1_N008192_dt0p1_m038	golovin_unfrozen_fixed50_extended_resolution_convergence_v1	operational_stochastic	golovin	8192	0.1	600.0	3600.0	1	38	2255633444	746320663017384972	not_applicable
89	golovin_unfrozen_fixed50_extended_resolution_convergence_v1_N008192_dt0p1_m039	golovin_unfrozen_fixed50_extended_resolution_convergence_v1	operational_stochastic	golovin	8192	0.1	600.0	3600.0	1	39	2705644991	858454537246668868	not_applicable
90	golovin_unfrozen_fixed50_extended_resolution_convergence_v1_N008192_dt0p1_m040	golovin_unfrozen_fixed50_extended_resolution_convergence_v1	operational_stochastic	golovin	8192	0.1	600.0	3600.0	1	40	3531102650	6051245703229750335	not_applicable
91	golovin_unfrozen_fixed50_extended_resolution_convergence_v1_N008192_dt0p1_m041	golovin_unfrozen_fixed50_extended_resolution_convergence_v1	operational_stochastic	golovin	8192	0.1	600.0	3600.0	1	41	3138213205	9673929662783893873	not_applicable
92	golovin_unfrozen_fixed50_extended_resolution_convergence_v1_N008192_dt0p1_m042	golovin_unfrozen_fixed50_extended_resolution_convergence_v1	operational_stochastic	golovin	8192	0.1	600.0	3600.0	1	42	3924442286	4293694423679481275	not_applicable
93	golovin_unfrozen_fixed50_extended_resolution_convergence_v1_N008192_dt0p1_m043	golovin_unfrozen_fixed50_extended_resolution_convergence_v1	operational_stochastic	golovin	8192	0.1	600.0	3600.0	1	43	2090331014	4521625152759942270	not_applicable
94	golovin_unfrozen_fixed50_extended_resolution_convergence_v1_N008192_dt0p1_m044	golovin_unfrozen_fixed50_extended_resolution_convergence_v1	operational_stochastic	golovin	8192	0.1	600.0	3600.0	1	44	356810042	3901263688590140019	not_applicable
95	golovin_unfrozen_fixed50_extended_resolution_convergence_v1_N008192_dt0p1_m045	golovin_unfrozen_fixed50_extended_resolution_convergence_v1	operational_stochastic	golovin	8192	0.1	600.0	3600.0	1	45	2456759455	9285121542628642272	not_applicable
96	golovin_unfrozen_fixed50_extended_resolution_convergence_v1_N008192_dt0p1_m046	golovin_unfrozen_fixed50_extended_resolution_convergence_v1	operational_stochastic	golovin	8192	0.1	600.0	3600.0	1	46	274514692	4575981434913073451	not_applicable
97	golovin_unfrozen_fixed50_extended_resolution_convergence_v1_N008192_dt0p1_m047	golovin_unfrozen_fixed50_extended_resolution_convergence_v1	operational_stochastic	golovin	8192	0.1	600.0	3600.0	1	47	1736025023	13648229973586253056	not_applicable
98	golovin_unfrozen_fixed50_extended_resolution_convergence_v1_N008192_dt0p1_m048	golovin_unfrozen_fixed50_extended_resolution_convergence_v1	operational_stochastic	golovin	8192	0.1	600.0	3600.0	1	48	272132209	14998243314116925332	not_applicable
99	golovin_unfrozen_fixed50_extended_resolution_convergence_v1_N008192_dt0p1_m049	golovin_unfrozen_fixed50_extended_resolution_convergence_v1	operational_stochastic	golovin	8192	0.1	600.0	3600.0	1	49	1940795814	9724180376106121302	not_applicable
100	golovin_unfrozen_fixed50_extended_resolution_convergence_v1_N016384_dt0p1_m000	golovin_unfrozen_fixed50_extended_resolution_convergence_v1	operational_stochastic	golovin	16384	0.1	600.0	3600.0	1	0	2627858141	14294365132109960958	not_applicable
101	golovin_unfrozen_fixed50_extended_resolution_convergence_v1_N016384_dt0p1_m001	golovin_unfrozen_fixed50_extended_resolution_convergence_v1	operational_stochastic	golovin	16384	0.1	600.0	3600.0	1	1	4036574951	4225947012803137997	not_applicable
102	golovin_unfrozen_fixed50_extended_resolution_convergence_v1_N016384_dt0p1_m002	golovin_unfrozen_fixed50_extended_resolution_convergence_v1	operational_stochastic	golovin	16384	0.1	600.0	3600.0	1	2	2144706985	7414553973803860590	not_applicable
103	golovin_unfrozen_fixed50_extended_resolution_convergence_v1_N016384_dt0p1_m003	golovin_unfrozen_fixed50_extended_resolution_convergence_v1	operational_stochastic	golovin	16384	0.1	600.0	3600.0	1	3	2341635441	18161131123807123478	not_applicable
104	golovin_unfrozen_fixed50_extended_resolution_convergence_v1_N016384_dt0p1_m004	golovin_unfrozen_fixed50_extended_resolution_convergence_v1	operational_stochastic	golovin	16384	0.1	600.0	3600.0	1	4	1575306879	15244715683384969085	not_applicable
105	golovin_unfrozen_fixed50_extended_resolution_convergence_v1_N016384_dt0p1_m005	golovin_unfrozen_fixed50_extended_resolution_convergence_v1	operational_stochastic	golovin	16384	0.1	600.0	3600.0	1	5	3894234257	6398820697647020562	not_applicable
106	golovin_unfrozen_fixed50_extended_resolution_convergence_v1_N016384_dt0p1_m006	golovin_unfrozen_fixed50_extended_resolution_convergence_v1	operational_stochastic	golovin	16384	0.1	600.0	3600.0	1	6	1871584294	7701225355783712350	not_applicable
107	golovin_unfrozen_fixed50_extended_resolution_convergence_v1_N016384_dt0p1_m007	golovin_unfrozen_fixed50_extended_resolution_convergence_v1	operational_stochastic	golovin	16384	0.1	600.0	3600.0	1	7	1898172435	13525986518671430142	not_applicable
108	golovin_unfrozen_fixed50_extended_resolution_convergence_v1_N016384_dt0p1_m008	golovin_unfrozen_fixed50_extended_resolution_convergence_v1	operational_stochastic	golovin	16384	0.1	600.0	3600.0	1	8	3981070426	4078531263311287428	not_applicable
109	golovin_unfrozen_fixed50_extended_resolution_convergence_v1_N016384_dt0p1_m009	golovin_unfrozen_fixed50_extended_resolution_convergence_v1	operational_stochastic	golovin	16384	0.1	600.0	3600.0	1	9	456361585	14350137393218026358	not_applicable
110	golovin_unfrozen_fixed50_extended_resolution_convergence_v1_N016384_dt0p1_m010	golovin_unfrozen_fixed50_extended_resolution_convergence_v1	operational_stochastic	golovin	16384	0.1	600.0	3600.0	1	10	2597290515	304756715266581461	not_applicable
111	golovin_unfrozen_fixed50_extended_resolution_convergence_v1_N016384_dt0p1_m011	golovin_unfrozen_fixed50_extended_resolution_convergence_v1	operational_stochastic	golovin	16384	0.1	600.0	3600.0	1	11	2496548803	13170186683232267167	not_applicable
112	golovin_unfrozen_fixed50_extended_resolution_convergence_v1_N016384_dt0p1_m012	golovin_unfrozen_fixed50_extended_resolution_convergence_v1	operational_stochastic	golovin	16384	0.1	600.0	3600.0	1	12	3024869589	14616633741681752942	not_applicable
113	golovin_unfrozen_fixed50_extended_resolution_convergence_v1_N016384_dt0p1_m013	golovin_unfrozen_fixed50_extended_resolution_convergence_v1	operational_stochastic	golovin	16384	0.1	600.0	3600.0	1	13	1951323358	6647039546591631440	not_applicable
114	golovin_unfrozen_fixed50_extended_resolution_convergence_v1_N016384_dt0p1_m014	golovin_unfrozen_fixed50_extended_resolution_convergence_v1	operational_stochastic	golovin	16384	0.1	600.0	3600.0	1	14	3218995526	2476991962036605704	not_applicable
115	golovin_unfrozen_fixed50_extended_resolution_convergence_v1_N016384_dt0p1_m015	golovin_unfrozen_fixed50_extended_resolution_convergence_v1	operational_stochastic	golovin	16384	0.1	600.0	3600.0	1	15	1820166802	2001971363823990937	not_applicable
116	golovin_unfrozen_fixed50_extended_resolution_convergence_v1_N016384_dt0p1_m016	golovin_unfrozen_fixed50_extended_resolution_convergence_v1	operational_stochastic	golovin	16384	0.1	600.0	3600.0	1	16	1211196678	17013753639637730758	not_applicable
117	golovin_unfrozen_fixed50_extended_resolution_convergence_v1_N016384_dt0p1_m017	golovin_unfrozen_fixed50_extended_resolution_convergence_v1	operational_stochastic	golovin	16384	0.1	600.0	3600.0	1	17	921387222	16749109178984888006	not_applicable
118	golovin_unfrozen_fixed50_extended_resolution_convergence_v1_N016384_dt0p1_m018	golovin_unfrozen_fixed50_extended_resolution_convergence_v1	operational_stochastic	golovin	16384	0.1	600.0	3600.0	1	18	591881493	5715108307274831596	not_applicable
119	golovin_unfrozen_fixed50_extended_resolution_convergence_v1_N016384_dt0p1_m019	golovin_unfrozen_fixed50_extended_resolution_convergence_v1	operational_stochastic	golovin	16384	0.1	600.0	3600.0	1	19	2012899893	9660263261446645013	not_applicable
120	golovin_unfrozen_fixed50_extended_resolution_convergence_v1_N016384_dt0p1_m020	golovin_unfrozen_fixed50_extended_resolution_convergence_v1	operational_stochastic	golovin	16384	0.1	600.0	3600.0	1	20	3144445617	4544442922474960456	not_applicable
121	golovin_unfrozen_fixed50_extended_resolution_convergence_v1_N016384_dt0p1_m021	golovin_unfrozen_fixed50_extended_resolution_convergence_v1	operational_stochastic	golovin	16384	0.1	600.0	3600.0	1	21	1223637264	15389640115021812574	not_applicable
122	golovin_unfrozen_fixed50_extended_resolution_convergence_v1_N016384_dt0p1_m022	golovin_unfrozen_fixed50_extended_resolution_convergence_v1	operational_stochastic	golovin	16384	0.1	600.0	3600.0	1	22	983063258	6264588893701977379	not_applicable
123	golovin_unfrozen_fixed50_extended_resolution_convergence_v1_N016384_dt0p1_m023	golovin_unfrozen_fixed50_extended_resolution_convergence_v1	operational_stochastic	golovin	16384	0.1	600.0	3600.0	1	23	985996555	13258750250432510448	not_applicable
124	golovin_unfrozen_fixed50_extended_resolution_convergence_v1_N016384_dt0p1_m024	golovin_unfrozen_fixed50_extended_resolution_convergence_v1	operational_stochastic	golovin	16384	0.1	600.0	3600.0	1	24	2618093130	17621562544192901868	not_applicable
125	golovin_unfrozen_fixed50_extended_resolution_convergence_v1_N016384_dt0p1_m025	golovin_unfrozen_fixed50_extended_resolution_convergence_v1	operational_stochastic	golovin	16384	0.1	600.0	3600.0	1	25	702287738	5839107769243016075	not_applicable
126	golovin_unfrozen_fixed50_extended_resolution_convergence_v1_N016384_dt0p1_m026	golovin_unfrozen_fixed50_extended_resolution_convergence_v1	operational_stochastic	golovin	16384	0.1	600.0	3600.0	1	26	1970918412	14334292777584758235	not_applicable
127	golovin_unfrozen_fixed50_extended_resolution_convergence_v1_N016384_dt0p1_m027	golovin_unfrozen_fixed50_extended_resolution_convergence_v1	operational_stochastic	golovin	16384	0.1	600.0	3600.0	1	27	4284441559	7723069513487952106	not_applicable
128	golovin_unfrozen_fixed50_extended_resolution_convergence_v1_N016384_dt0p1_m028	golovin_unfrozen_fixed50_extended_resolution_convergence_v1	operational_stochastic	golovin	16384	0.1	600.0	3600.0	1	28	772221420	11950159760134268179	not_applicable
129	golovin_unfrozen_fixed50_extended_resolution_convergence_v1_N016384_dt0p1_m029	golovin_unfrozen_fixed50_extended_resolution_convergence_v1	operational_stochastic	golovin	16384	0.1	600.0	3600.0	1	29	548796855	2940817112848401840	not_applicable
130	golovin_unfrozen_fixed50_extended_resolution_convergence_v1_N016384_dt0p1_m030	golovin_unfrozen_fixed50_extended_resolution_convergence_v1	operational_stochastic	golovin	16384	0.1	600.0	3600.0	1	30	2351032989	16584595364069835660	not_applicable
131	golovin_unfrozen_fixed50_extended_resolution_convergence_v1_N016384_dt0p1_m031	golovin_unfrozen_fixed50_extended_resolution_convergence_v1	operational_stochastic	golovin	16384	0.1	600.0	3600.0	1	31	2797596387	6197096106537659769	not_applicable
132	golovin_unfrozen_fixed50_extended_resolution_convergence_v1_N016384_dt0p1_m032	golovin_unfrozen_fixed50_extended_resolution_convergence_v1	operational_stochastic	golovin	16384	0.1	600.0	3600.0	1	32	1262016372	10187379038134347448	not_applicable
133	golovin_unfrozen_fixed50_extended_resolution_convergence_v1_N016384_dt0p1_m033	golovin_unfrozen_fixed50_extended_resolution_convergence_v1	operational_stochastic	golovin	16384	0.1	600.0	3600.0	1	33	1899669543	10417055500761753877	not_applicable
134	golovin_unfrozen_fixed50_extended_resolution_convergence_v1_N016384_dt0p1_m034	golovin_unfrozen_fixed50_extended_resolution_convergence_v1	operational_stochastic	golovin	16384	0.1	600.0	3600.0	1	34	3623140183	10351288416987204309	not_applicable
135	golovin_unfrozen_fixed50_extended_resolution_convergence_v1_N016384_dt0p1_m035	golovin_unfrozen_fixed50_extended_resolution_convergence_v1	operational_stochastic	golovin	16384	0.1	600.0	3600.0	1	35	638299109	4276565280594451337	not_applicable
136	golovin_unfrozen_fixed50_extended_resolution_convergence_v1_N016384_dt0p1_m036	golovin_unfrozen_fixed50_extended_resolution_convergence_v1	operational_stochastic	golovin	16384	0.1	600.0	3600.0	1	36	1968734098	7147835816886771728	not_applicable
137	golovin_unfrozen_fixed50_extended_resolution_convergence_v1_N016384_dt0p1_m037	golovin_unfrozen_fixed50_extended_resolution_convergence_v1	operational_stochastic	golovin	16384	0.1	600.0	3600.0	1	37	2906057419	16164170159161906284	not_applicable
138	golovin_unfrozen_fixed50_extended_resolution_convergence_v1_N016384_dt0p1_m038	golovin_unfrozen_fixed50_extended_resolution_convergence_v1	operational_stochastic	golovin	16384	0.1	600.0	3600.0	1	38	1710057102	10443987473183593652	not_applicable
139	golovin_unfrozen_fixed50_extended_resolution_convergence_v1_N016384_dt0p1_m039	golovin_unfrozen_fixed50_extended_resolution_convergence_v1	operational_stochastic	golovin	16384	0.1	600.0	3600.0	1	39	1464578311	11793363558861147899	not_applicable
140	golovin_unfrozen_fixed50_extended_resolution_convergence_v1_N016384_dt0p1_m040	golovin_unfrozen_fixed50_extended_resolution_convergence_v1	operational_stochastic	golovin	16384	0.1	600.0	3600.0	1	40	3892642405	7636296350170990075	not_applicable
141	golovin_unfrozen_fixed50_extended_resolution_convergence_v1_N016384_dt0p1_m041	golovin_unfrozen_fixed50_extended_resolution_convergence_v1	operational_stochastic	golovin	16384	0.1	600.0	3600.0	1	41	2241488631	1910612115751693335	not_applicable
142	golovin_unfrozen_fixed50_extended_resolution_convergence_v1_N016384_dt0p1_m042	golovin_unfrozen_fixed50_extended_resolution_convergence_v1	operational_stochastic	golovin	16384	0.1	600.0	3600.0	1	42	388876962	10162724522529845572	not_applicable
143	golovin_unfrozen_fixed50_extended_resolution_convergence_v1_N016384_dt0p1_m043	golovin_unfrozen_fixed50_extended_resolution_convergence_v1	operational_stochastic	golovin	16384	0.1	600.0	3600.0	1	43	3014270250	3572382643034017293	not_applicable
144	golovin_unfrozen_fixed50_extended_resolution_convergence_v1_N016384_dt0p1_m044	golovin_unfrozen_fixed50_extended_resolution_convergence_v1	operational_stochastic	golovin	16384	0.1	600.0	3600.0	1	44	1459667232	6464213274583190244	not_applicable
145	golovin_unfrozen_fixed50_extended_resolution_convergence_v1_N016384_dt0p1_m045	golovin_unfrozen_fixed50_extended_resolution_convergence_v1	operational_stochastic	golovin	16384	0.1	600.0	3600.0	1	45	128862734	14353689221330772116	not_applicable
146	golovin_unfrozen_fixed50_extended_resolution_convergence_v1_N016384_dt0p1_m046	golovin_unfrozen_fixed50_extended_resolution_convergence_v1	operational_stochastic	golovin	16384	0.1	600.0	3600.0	1	46	1107513991	6163779422628044522	not_applicable
147	golovin_unfrozen_fixed50_extended_resolution_convergence_v1_N016384_dt0p1_m047	golovin_unfrozen_fixed50_extended_resolution_convergence_v1	operational_stochastic	golovin	16384	0.1	600.0	3600.0	1	47	2720115952	1036610575236468255	not_applicable
148	golovin_unfrozen_fixed50_extended_resolution_convergence_v1_N016384_dt0p1_m048	golovin_unfrozen_fixed50_extended_resolution_convergence_v1	operational_stochastic	golovin	16384	0.1	600.0	3600.0	1	48	2886083561	12015777411698200319	not_applicable
149	golovin_unfrozen_fixed50_extended_resolution_convergence_v1_N016384_dt0p1_m049	golovin_unfrozen_fixed50_extended_resolution_convergence_v1	operational_stochastic	golovin	16384	0.1	600.0	3600.0	1	49	3267031955	14265451781758248183	not_applicable
150	golovin_unfrozen_fixed50_extended_resolution_convergence_v1_N032768_dt0p1_m000	golovin_unfrozen_fixed50_extended_resolution_convergence_v1	operational_stochastic	golovin	32768	0.1	600.0	3600.0	1	0	792532539	783719640993638495	not_applicable
151	golovin_unfrozen_fixed50_extended_resolution_convergence_v1_N032768_dt0p1_m001	golovin_unfrozen_fixed50_extended_resolution_convergence_v1	operational_stochastic	golovin	32768	0.1	600.0	3600.0	1	1	2888667143	4088492435386502471	not_applicable
152	golovin_unfrozen_fixed50_extended_resolution_convergence_v1_N032768_dt0p1_m002	golovin_unfrozen_fixed50_extended_resolution_convergence_v1	operational_stochastic	golovin	32768	0.1	600.0	3600.0	1	2	4178371628	1716031386765111254	not_applicable
153	golovin_unfrozen_fixed50_extended_resolution_convergence_v1_N032768_dt0p1_m003	golovin_unfrozen_fixed50_extended_resolution_convergence_v1	operational_stochastic	golovin	32768	0.1	600.0	3600.0	1	3	2779708634	83810456327246945	not_applicable
154	golovin_unfrozen_fixed50_extended_resolution_convergence_v1_N032768_dt0p1_m004	golovin_unfrozen_fixed50_extended_resolution_convergence_v1	operational_stochastic	golovin	32768	0.1	600.0	3600.0	1	4	2436520249	16752559799013743038	not_applicable
155	golovin_unfrozen_fixed50_extended_resolution_convergence_v1_N032768_dt0p1_m005	golovin_unfrozen_fixed50_extended_resolution_convergence_v1	operational_stochastic	golovin	32768	0.1	600.0	3600.0	1	5	2085100573	8300107410481405970	not_applicable
156	golovin_unfrozen_fixed50_extended_resolution_convergence_v1_N032768_dt0p1_m006	golovin_unfrozen_fixed50_extended_resolution_convergence_v1	operational_stochastic	golovin	32768	0.1	600.0	3600.0	1	6	2270640946	10911347556609582359	not_applicable
157	golovin_unfrozen_fixed50_extended_resolution_convergence_v1_N032768_dt0p1_m007	golovin_unfrozen_fixed50_extended_resolution_convergence_v1	operational_stochastic	golovin	32768	0.1	600.0	3600.0	1	7	1860954939	3554237785139771727	not_applicable
158	golovin_unfrozen_fixed50_extended_resolution_convergence_v1_N032768_dt0p1_m008	golovin_unfrozen_fixed50_extended_resolution_convergence_v1	operational_stochastic	golovin	32768	0.1	600.0	3600.0	1	8	2363007159	4796083547544015492	not_applicable
159	golovin_unfrozen_fixed50_extended_resolution_convergence_v1_N032768_dt0p1_m009	golovin_unfrozen_fixed50_extended_resolution_convergence_v1	operational_stochastic	golovin	32768	0.1	600.0	3600.0	1	9	513651932	566254336827433479	not_applicable
160	golovin_unfrozen_fixed50_extended_resolution_convergence_v1_N032768_dt0p1_m010	golovin_unfrozen_fixed50_extended_resolution_convergence_v1	operational_stochastic	golovin	32768	0.1	600.0	3600.0	1	10	3387264155	14243523380999670466	not_applicable
161	golovin_unfrozen_fixed50_extended_resolution_convergence_v1_N032768_dt0p1_m011	golovin_unfrozen_fixed50_extended_resolution_convergence_v1	operational_stochastic	golovin	32768	0.1	600.0	3600.0	1	11	3726786597	1684604595077431635	not_applicable
162	golovin_unfrozen_fixed50_extended_resolution_convergence_v1_N032768_dt0p1_m012	golovin_unfrozen_fixed50_extended_resolution_convergence_v1	operational_stochastic	golovin	32768	0.1	600.0	3600.0	1	12	1145237478	879047121681248571	not_applicable
163	golovin_unfrozen_fixed50_extended_resolution_convergence_v1_N032768_dt0p1_m013	golovin_unfrozen_fixed50_extended_resolution_convergence_v1	operational_stochastic	golovin	32768	0.1	600.0	3600.0	1	13	4109320538	14182538526324558955	not_applicable
164	golovin_unfrozen_fixed50_extended_resolution_convergence_v1_N032768_dt0p1_m014	golovin_unfrozen_fixed50_extended_resolution_convergence_v1	operational_stochastic	golovin	32768	0.1	600.0	3600.0	1	14	1707678908	6219179096909226622	not_applicable
165	golovin_unfrozen_fixed50_extended_resolution_convergence_v1_N032768_dt0p1_m015	golovin_unfrozen_fixed50_extended_resolution_convergence_v1	operational_stochastic	golovin	32768	0.1	600.0	3600.0	1	15	1688636653	9913670812177111011	not_applicable
166	golovin_unfrozen_fixed50_extended_resolution_convergence_v1_N032768_dt0p1_m016	golovin_unfrozen_fixed50_extended_resolution_convergence_v1	operational_stochastic	golovin	32768	0.1	600.0	3600.0	1	16	4250002868	5007223643987432322	not_applicable
167	golovin_unfrozen_fixed50_extended_resolution_convergence_v1_N032768_dt0p1_m017	golovin_unfrozen_fixed50_extended_resolution_convergence_v1	operational_stochastic	golovin	32768	0.1	600.0	3600.0	1	17	2750730247	7138006146177072147	not_applicable
168	golovin_unfrozen_fixed50_extended_resolution_convergence_v1_N032768_dt0p1_m018	golovin_unfrozen_fixed50_extended_resolution_convergence_v1	operational_stochastic	golovin	32768	0.1	600.0	3600.0	1	18	1508950906	14670681443091484090	not_applicable
169	golovin_unfrozen_fixed50_extended_resolution_convergence_v1_N032768_dt0p1_m019	golovin_unfrozen_fixed50_extended_resolution_convergence_v1	operational_stochastic	golovin	32768	0.1	600.0	3600.0	1	19	293257320	9729146777976855886	not_applicable
170	golovin_unfrozen_fixed50_extended_resolution_convergence_v1_N032768_dt0p1_m020	golovin_unfrozen_fixed50_extended_resolution_convergence_v1	operational_stochastic	golovin	32768	0.1	600.0	3600.0	1	20	2902246817	5627340175584043896	not_applicable
171	golovin_unfrozen_fixed50_extended_resolution_convergence_v1_N032768_dt0p1_m021	golovin_unfrozen_fixed50_extended_resolution_convergence_v1	operational_stochastic	golovin	32768	0.1	600.0	3600.0	1	21	1549286950	16783202729554538915	not_applicable
172	golovin_unfrozen_fixed50_extended_resolution_convergence_v1_N032768_dt0p1_m022	golovin_unfrozen_fixed50_extended_resolution_convergence_v1	operational_stochastic	golovin	32768	0.1	600.0	3600.0	1	22	968319591	18201526532877575072	not_applicable
173	golovin_unfrozen_fixed50_extended_resolution_convergence_v1_N032768_dt0p1_m023	golovin_unfrozen_fixed50_extended_resolution_convergence_v1	operational_stochastic	golovin	32768	0.1	600.0	3600.0	1	23	3618180053	15414331683813264379	not_applicable
174	golovin_unfrozen_fixed50_extended_resolution_convergence_v1_N032768_dt0p1_m024	golovin_unfrozen_fixed50_extended_resolution_convergence_v1	operational_stochastic	golovin	32768	0.1	600.0	3600.0	1	24	3988018205	14145053240072128428	not_applicable
175	golovin_unfrozen_fixed50_extended_resolution_convergence_v1_N032768_dt0p1_m025	golovin_unfrozen_fixed50_extended_resolution_convergence_v1	operational_stochastic	golovin	32768	0.1	600.0	3600.0	1	25	2449184386	956248355486865883	not_applicable
176	golovin_unfrozen_fixed50_extended_resolution_convergence_v1_N032768_dt0p1_m026	golovin_unfrozen_fixed50_extended_resolution_convergence_v1	operational_stochastic	golovin	32768	0.1	600.0	3600.0	1	26	1419824557	13124272551300491013	not_applicable
177	golovin_unfrozen_fixed50_extended_resolution_convergence_v1_N032768_dt0p1_m027	golovin_unfrozen_fixed50_extended_resolution_convergence_v1	operational_stochastic	golovin	32768	0.1	600.0	3600.0	1	27	2896088293	17150416825671878290	not_applicable
178	golovin_unfrozen_fixed50_extended_resolution_convergence_v1_N032768_dt0p1_m028	golovin_unfrozen_fixed50_extended_resolution_convergence_v1	operational_stochastic	golovin	32768	0.1	600.0	3600.0	1	28	197366868	1408472197599029945	not_applicable
179	golovin_unfrozen_fixed50_extended_resolution_convergence_v1_N032768_dt0p1_m029	golovin_unfrozen_fixed50_extended_resolution_convergence_v1	operational_stochastic	golovin	32768	0.1	600.0	3600.0	1	29	2869979429	2119209751609191820	not_applicable
180	golovin_unfrozen_fixed50_extended_resolution_convergence_v1_N032768_dt0p1_m030	golovin_unfrozen_fixed50_extended_resolution_convergence_v1	operational_stochastic	golovin	32768	0.1	600.0	3600.0	1	30	1065981031	110867563839105916	not_applicable
181	golovin_unfrozen_fixed50_extended_resolution_convergence_v1_N032768_dt0p1_m031	golovin_unfrozen_fixed50_extended_resolution_convergence_v1	operational_stochastic	golovin	32768	0.1	600.0	3600.0	1	31	2235275069	9871009123689056480	not_applicable
182	golovin_unfrozen_fixed50_extended_resolution_convergence_v1_N032768_dt0p1_m032	golovin_unfrozen_fixed50_extended_resolution_convergence_v1	operational_stochastic	golovin	32768	0.1	600.0	3600.0	1	32	3032084136	2595784432101639450	not_applicable
183	golovin_unfrozen_fixed50_extended_resolution_convergence_v1_N032768_dt0p1_m033	golovin_unfrozen_fixed50_extended_resolution_convergence_v1	operational_stochastic	golovin	32768	0.1	600.0	3600.0	1	33	2637878362	6102689744184909596	not_applicable
184	golovin_unfrozen_fixed50_extended_resolution_convergence_v1_N032768_dt0p1_m034	golovin_unfrozen_fixed50_extended_resolution_convergence_v1	operational_stochastic	golovin	32768	0.1	600.0	3600.0	1	34	2150729944	15149153721610523171	not_applicable
185	golovin_unfrozen_fixed50_extended_resolution_convergence_v1_N032768_dt0p1_m035	golovin_unfrozen_fixed50_extended_resolution_convergence_v1	operational_stochastic	golovin	32768	0.1	600.0	3600.0	1	35	883417550	16848677581147118069	not_applicable
186	golovin_unfrozen_fixed50_extended_resolution_convergence_v1_N032768_dt0p1_m036	golovin_unfrozen_fixed50_extended_resolution_convergence_v1	operational_stochastic	golovin	32768	0.1	600.0	3600.0	1	36	708943775	3657678888855440344	not_applicable
187	golovin_unfrozen_fixed50_extended_resolution_convergence_v1_N032768_dt0p1_m037	golovin_unfrozen_fixed50_extended_resolution_convergence_v1	operational_stochastic	golovin	32768	0.1	600.0	3600.0	1	37	3241494666	5256863954287438616	not_applicable
188	golovin_unfrozen_fixed50_extended_resolution_convergence_v1_N032768_dt0p1_m038	golovin_unfrozen_fixed50_extended_resolution_convergence_v1	operational_stochastic	golovin	32768	0.1	600.0	3600.0	1	38	3395238789	3656781537476878586	not_applicable
189	golovin_unfrozen_fixed50_extended_resolution_convergence_v1_N032768_dt0p1_m039	golovin_unfrozen_fixed50_extended_resolution_convergence_v1	operational_stochastic	golovin	32768	0.1	600.0	3600.0	1	39	527303345	8778763233334988908	not_applicable
190	golovin_unfrozen_fixed50_extended_resolution_convergence_v1_N032768_dt0p1_m040	golovin_unfrozen_fixed50_extended_resolution_convergence_v1	operational_stochastic	golovin	32768	0.1	600.0	3600.0	1	40	3317087263	16458203813214780330	not_applicable
191	golovin_unfrozen_fixed50_extended_resolution_convergence_v1_N032768_dt0p1_m041	golovin_unfrozen_fixed50_extended_resolution_convergence_v1	operational_stochastic	golovin	32768	0.1	600.0	3600.0	1	41	622003803	16552338794340497	not_applicable
192	golovin_unfrozen_fixed50_extended_resolution_convergence_v1_N032768_dt0p1_m042	golovin_unfrozen_fixed50_extended_resolution_convergence_v1	operational_stochastic	golovin	32768	0.1	600.0	3600.0	1	42	2875476441	4352390560987396449	not_applicable
193	golovin_unfrozen_fixed50_extended_resolution_convergence_v1_N032768_dt0p1_m043	golovin_unfrozen_fixed50_extended_resolution_convergence_v1	operational_stochastic	golovin	32768	0.1	600.0	3600.0	1	43	3123583714	15594864009023594085	not_applicable
194	golovin_unfrozen_fixed50_extended_resolution_convergence_v1_N032768_dt0p1_m044	golovin_unfrozen_fixed50_extended_resolution_convergence_v1	operational_stochastic	golovin	32768	0.1	600.0	3600.0	1	44	3567476380	15817443634491142670	not_applicable
195	golovin_unfrozen_fixed50_extended_resolution_convergence_v1_N032768_dt0p1_m045	golovin_unfrozen_fixed50_extended_resolution_convergence_v1	operational_stochastic	golovin	32768	0.1	600.0	3600.0	1	45	467540437	16259599289772737666	not_applicable
196	golovin_unfrozen_fixed50_extended_resolution_convergence_v1_N032768_dt0p1_m046	golovin_unfrozen_fixed50_extended_resolution_convergence_v1	operational_stochastic	golovin	32768	0.1	600.0	3600.0	1	46	1099230756	3277850692117362973	not_applicable
197	golovin_unfrozen_fixed50_extended_resolution_convergence_v1_N032768_dt0p1_m047	golovin_unfrozen_fixed50_extended_resolution_convergence_v1	operational_stochastic	golovin	32768	0.1	600.0	3600.0	1	47	498545630	17971752108792472684	not_applicable
198	golovin_unfrozen_fixed50_extended_resolution_convergence_v1_N032768_dt0p1_m048	golovin_unfrozen_fixed50_extended_resolution_convergence_v1	operational_stochastic	golovin	32768	0.1	600.0	3600.0	1	48	3902339637	14275610231703258113	not_applicable
199	golovin_unfrozen_fixed50_extended_resolution_convergence_v1_N032768_dt0p1_m049	golovin_unfrozen_fixed50_extended_resolution_convergence_v1	operational_stochastic	golovin	32768	0.1	600.0	3600.0	1	49	918542413	16233209513538560320	not_applicable
200	golovin_unfrozen_fixed50_extended_resolution_convergence_v1_N065536_dt0p1_m000	golovin_unfrozen_fixed50_extended_resolution_convergence_v1	operational_stochastic	golovin	65536	0.1	600.0	3600.0	1	0	3695322392	3130450209232787094	not_applicable
201	golovin_unfrozen_fixed50_extended_resolution_convergence_v1_N065536_dt0p1_m001	golovin_unfrozen_fixed50_extended_resolution_convergence_v1	operational_stochastic	golovin	65536	0.1	600.0	3600.0	1	1	555405073	5601304761797734375	not_applicable
202	golovin_unfrozen_fixed50_extended_resolution_convergence_v1_N065536_dt0p1_m002	golovin_unfrozen_fixed50_extended_resolution_convergence_v1	operational_stochastic	golovin	65536	0.1	600.0	3600.0	1	2	1674443613	16258159192934723794	not_applicable
203	golovin_unfrozen_fixed50_extended_resolution_convergence_v1_N065536_dt0p1_m003	golovin_unfrozen_fixed50_extended_resolution_convergence_v1	operational_stochastic	golovin	65536	0.1	600.0	3600.0	1	3	3208485331	3668380921707313393	not_applicable
204	golovin_unfrozen_fixed50_extended_resolution_convergence_v1_N065536_dt0p1_m004	golovin_unfrozen_fixed50_extended_resolution_convergence_v1	operational_stochastic	golovin	65536	0.1	600.0	3600.0	1	4	619848651	3671428882071230523	not_applicable
205	golovin_unfrozen_fixed50_extended_resolution_convergence_v1_N065536_dt0p1_m005	golovin_unfrozen_fixed50_extended_resolution_convergence_v1	operational_stochastic	golovin	65536	0.1	600.0	3600.0	1	5	419877919	16941028236001822181	not_applicable
206	golovin_unfrozen_fixed50_extended_resolution_convergence_v1_N065536_dt0p1_m006	golovin_unfrozen_fixed50_extended_resolution_convergence_v1	operational_stochastic	golovin	65536	0.1	600.0	3600.0	1	6	2754831014	5262236921404725185	not_applicable
207	golovin_unfrozen_fixed50_extended_resolution_convergence_v1_N065536_dt0p1_m007	golovin_unfrozen_fixed50_extended_resolution_convergence_v1	operational_stochastic	golovin	65536	0.1	600.0	3600.0	1	7	569789706	8945716612779448643	not_applicable
208	golovin_unfrozen_fixed50_extended_resolution_convergence_v1_N065536_dt0p1_m008	golovin_unfrozen_fixed50_extended_resolution_convergence_v1	operational_stochastic	golovin	65536	0.1	600.0	3600.0	1	8	2446493144	11366962738242265138	not_applicable
209	golovin_unfrozen_fixed50_extended_resolution_convergence_v1_N065536_dt0p1_m009	golovin_unfrozen_fixed50_extended_resolution_convergence_v1	operational_stochastic	golovin	65536	0.1	600.0	3600.0	1	9	3739600516	796991909557040467	not_applicable
210	golovin_unfrozen_fixed50_extended_resolution_convergence_v1_N065536_dt0p1_m010	golovin_unfrozen_fixed50_extended_resolution_convergence_v1	operational_stochastic	golovin	65536	0.1	600.0	3600.0	1	10	756750077	9501924492171479499	not_applicable
211	golovin_unfrozen_fixed50_extended_resolution_convergence_v1_N065536_dt0p1_m011	golovin_unfrozen_fixed50_extended_resolution_convergence_v1	operational_stochastic	golovin	65536	0.1	600.0	3600.0	1	11	108872824	4225312666066826573	not_applicable
212	golovin_unfrozen_fixed50_extended_resolution_convergence_v1_N065536_dt0p1_m012	golovin_unfrozen_fixed50_extended_resolution_convergence_v1	operational_stochastic	golovin	65536	0.1	600.0	3600.0	1	12	1253910271	13482983334303665194	not_applicable
213	golovin_unfrozen_fixed50_extended_resolution_convergence_v1_N065536_dt0p1_m013	golovin_unfrozen_fixed50_extended_resolution_convergence_v1	operational_stochastic	golovin	65536	0.1	600.0	3600.0	1	13	1524477759	4280519639366164057	not_applicable
214	golovin_unfrozen_fixed50_extended_resolution_convergence_v1_N065536_dt0p1_m014	golovin_unfrozen_fixed50_extended_resolution_convergence_v1	operational_stochastic	golovin	65536	0.1	600.0	3600.0	1	14	1113322566	996081067055139792	not_applicable
215	golovin_unfrozen_fixed50_extended_resolution_convergence_v1_N065536_dt0p1_m015	golovin_unfrozen_fixed50_extended_resolution_convergence_v1	operational_stochastic	golovin	65536	0.1	600.0	3600.0	1	15	709350684	1787164418361875805	not_applicable
216	golovin_unfrozen_fixed50_extended_resolution_convergence_v1_N065536_dt0p1_m016	golovin_unfrozen_fixed50_extended_resolution_convergence_v1	operational_stochastic	golovin	65536	0.1	600.0	3600.0	1	16	3382717373	4598034355520654952	not_applicable
217	golovin_unfrozen_fixed50_extended_resolution_convergence_v1_N065536_dt0p1_m017	golovin_unfrozen_fixed50_extended_resolution_convergence_v1	operational_stochastic	golovin	65536	0.1	600.0	3600.0	1	17	2818705618	15417501578578954435	not_applicable
218	golovin_unfrozen_fixed50_extended_resolution_convergence_v1_N065536_dt0p1_m018	golovin_unfrozen_fixed50_extended_resolution_convergence_v1	operational_stochastic	golovin	65536	0.1	600.0	3600.0	1	18	3171416940	17233107555756305347	not_applicable
219	golovin_unfrozen_fixed50_extended_resolution_convergence_v1_N065536_dt0p1_m019	golovin_unfrozen_fixed50_extended_resolution_convergence_v1	operational_stochastic	golovin	65536	0.1	600.0	3600.0	1	19	1519136213	6620138346242612427	not_applicable
220	golovin_unfrozen_fixed50_extended_resolution_convergence_v1_N065536_dt0p1_m020	golovin_unfrozen_fixed50_extended_resolution_convergence_v1	operational_stochastic	golovin	65536	0.1	600.0	3600.0	1	20	1364720528	4347912288286696042	not_applicable
221	golovin_unfrozen_fixed50_extended_resolution_convergence_v1_N065536_dt0p1_m021	golovin_unfrozen_fixed50_extended_resolution_convergence_v1	operational_stochastic	golovin	65536	0.1	600.0	3600.0	1	21	502016108	3350194813590597244	not_applicable
222	golovin_unfrozen_fixed50_extended_resolution_convergence_v1_N065536_dt0p1_m022	golovin_unfrozen_fixed50_extended_resolution_convergence_v1	operational_stochastic	golovin	65536	0.1	600.0	3600.0	1	22	2077362976	9804301220262853785	not_applicable
223	golovin_unfrozen_fixed50_extended_resolution_convergence_v1_N065536_dt0p1_m023	golovin_unfrozen_fixed50_extended_resolution_convergence_v1	operational_stochastic	golovin	65536	0.1	600.0	3600.0	1	23	144496242	8991807450150650823	not_applicable
224	golovin_unfrozen_fixed50_extended_resolution_convergence_v1_N065536_dt0p1_m024	golovin_unfrozen_fixed50_extended_resolution_convergence_v1	operational_stochastic	golovin	65536	0.1	600.0	3600.0	1	24	1077580403	14912224988468598558	not_applicable
225	golovin_unfrozen_fixed50_extended_resolution_convergence_v1_N065536_dt0p1_m025	golovin_unfrozen_fixed50_extended_resolution_convergence_v1	operational_stochastic	golovin	65536	0.1	600.0	3600.0	1	25	1891680048	17272637378232316244	not_applicable
226	golovin_unfrozen_fixed50_extended_resolution_convergence_v1_N065536_dt0p1_m026	golovin_unfrozen_fixed50_extended_resolution_convergence_v1	operational_stochastic	golovin	65536	0.1	600.0	3600.0	1	26	2229600211	18026146322230622196	not_applicable
227	golovin_unfrozen_fixed50_extended_resolution_convergence_v1_N065536_dt0p1_m027	golovin_unfrozen_fixed50_extended_resolution_convergence_v1	operational_stochastic	golovin	65536	0.1	600.0	3600.0	1	27	1831552107	10588647882856614164	not_applicable
228	golovin_unfrozen_fixed50_extended_resolution_convergence_v1_N065536_dt0p1_m028	golovin_unfrozen_fixed50_extended_resolution_convergence_v1	operational_stochastic	golovin	65536	0.1	600.0	3600.0	1	28	3375183722	6225164654601029809	not_applicable
229	golovin_unfrozen_fixed50_extended_resolution_convergence_v1_N065536_dt0p1_m029	golovin_unfrozen_fixed50_extended_resolution_convergence_v1	operational_stochastic	golovin	65536	0.1	600.0	3600.0	1	29	2310269172	12021352796256187604	not_applicable
230	golovin_unfrozen_fixed50_extended_resolution_convergence_v1_N065536_dt0p1_m030	golovin_unfrozen_fixed50_extended_resolution_convergence_v1	operational_stochastic	golovin	65536	0.1	600.0	3600.0	1	30	688246350	16705361149179412739	not_applicable
231	golovin_unfrozen_fixed50_extended_resolution_convergence_v1_N065536_dt0p1_m031	golovin_unfrozen_fixed50_extended_resolution_convergence_v1	operational_stochastic	golovin	65536	0.1	600.0	3600.0	1	31	4057128812	16490939270056795661	not_applicable
232	golovin_unfrozen_fixed50_extended_resolution_convergence_v1_N065536_dt0p1_m032	golovin_unfrozen_fixed50_extended_resolution_convergence_v1	operational_stochastic	golovin	65536	0.1	600.0	3600.0	1	32	556732350	14339450741183931783	not_applicable
233	golovin_unfrozen_fixed50_extended_resolution_convergence_v1_N065536_dt0p1_m033	golovin_unfrozen_fixed50_extended_resolution_convergence_v1	operational_stochastic	golovin	65536	0.1	600.0	3600.0	1	33	1421363489	17698055210941406576	not_applicable
234	golovin_unfrozen_fixed50_extended_resolution_convergence_v1_N065536_dt0p1_m034	golovin_unfrozen_fixed50_extended_resolution_convergence_v1	operational_stochastic	golovin	65536	0.1	600.0	3600.0	1	34	612061676	15840613564515207359	not_applicable
235	golovin_unfrozen_fixed50_extended_resolution_convergence_v1_N065536_dt0p1_m035	golovin_unfrozen_fixed50_extended_resolution_convergence_v1	operational_stochastic	golovin	65536	0.1	600.0	3600.0	1	35	1776382403	6840005886248125362	not_applicable
236	golovin_unfrozen_fixed50_extended_resolution_convergence_v1_N065536_dt0p1_m036	golovin_unfrozen_fixed50_extended_resolution_convergence_v1	operational_stochastic	golovin	65536	0.1	600.0	3600.0	1	36	3741862365	3950058742162219083	not_applicable
237	golovin_unfrozen_fixed50_extended_resolution_convergence_v1_N065536_dt0p1_m037	golovin_unfrozen_fixed50_extended_resolution_convergence_v1	operational_stochastic	golovin	65536	0.1	600.0	3600.0	1	37	877263668	3292616496937374111	not_applicable
238	golovin_unfrozen_fixed50_extended_resolution_convergence_v1_N065536_dt0p1_m038	golovin_unfrozen_fixed50_extended_resolution_convergence_v1	operational_stochastic	golovin	65536	0.1	600.0	3600.0	1	38	3921955981	4479291998832838166	not_applicable
239	golovin_unfrozen_fixed50_extended_resolution_convergence_v1_N065536_dt0p1_m039	golovin_unfrozen_fixed50_extended_resolution_convergence_v1	operational_stochastic	golovin	65536	0.1	600.0	3600.0	1	39	1029641320	10786734338530147999	not_applicable
240	golovin_unfrozen_fixed50_extended_resolution_convergence_v1_N065536_dt0p1_m040	golovin_unfrozen_fixed50_extended_resolution_convergence_v1	operational_stochastic	golovin	65536	0.1	600.0	3600.0	1	40	1612507563	12034775113184519060	not_applicable
241	golovin_unfrozen_fixed50_extended_resolution_convergence_v1_N065536_dt0p1_m041	golovin_unfrozen_fixed50_extended_resolution_convergence_v1	operational_stochastic	golovin	65536	0.1	600.0	3600.0	1	41	1694906452	1375341455575464515	not_applicable
242	golovin_unfrozen_fixed50_extended_resolution_convergence_v1_N065536_dt0p1_m042	golovin_unfrozen_fixed50_extended_resolution_convergence_v1	operational_stochastic	golovin	65536	0.1	600.0	3600.0	1	42	11609435	922904485627526418	not_applicable
243	golovin_unfrozen_fixed50_extended_resolution_convergence_v1_N065536_dt0p1_m043	golovin_unfrozen_fixed50_extended_resolution_convergence_v1	operational_stochastic	golovin	65536	0.1	600.0	3600.0	1	43	2477031581	542880135742375611	not_applicable
244	golovin_unfrozen_fixed50_extended_resolution_convergence_v1_N065536_dt0p1_m044	golovin_unfrozen_fixed50_extended_resolution_convergence_v1	operational_stochastic	golovin	65536	0.1	600.0	3600.0	1	44	600952892	13161398262536957509	not_applicable
245	golovin_unfrozen_fixed50_extended_resolution_convergence_v1_N065536_dt0p1_m045	golovin_unfrozen_fixed50_extended_resolution_convergence_v1	operational_stochastic	golovin	65536	0.1	600.0	3600.0	1	45	2149744895	1832357462205958364	not_applicable
246	golovin_unfrozen_fixed50_extended_resolution_convergence_v1_N065536_dt0p1_m046	golovin_unfrozen_fixed50_extended_resolution_convergence_v1	operational_stochastic	golovin	65536	0.1	600.0	3600.0	1	46	3409957926	5109259608772615995	not_applicable
247	golovin_unfrozen_fixed50_extended_resolution_convergence_v1_N065536_dt0p1_m047	golovin_unfrozen_fixed50_extended_resolution_convergence_v1	operational_stochastic	golovin	65536	0.1	600.0	3600.0	1	47	1152861095	4241127598414198605	not_applicable
248	golovin_unfrozen_fixed50_extended_resolution_convergence_v1_N065536_dt0p1_m048	golovin_unfrozen_fixed50_extended_resolution_convergence_v1	operational_stochastic	golovin	65536	0.1	600.0	3600.0	1	48	2356012788	14176078851045066019	not_applicable
249	golovin_unfrozen_fixed50_extended_resolution_convergence_v1_N065536_dt0p1_m049	golovin_unfrozen_fixed50_extended_resolution_convergence_v1	operational_stochastic	golovin	65536	0.1	600.0	3600.0	1	49	3800965397	9229726872098211721	not_applicable
250	golovin_unfrozen_fixed50_extended_resolution_convergence_v1_N131072_dt0p1_m000	golovin_unfrozen_fixed50_extended_resolution_convergence_v1	operational_stochastic	golovin	131072	0.1	600.0	3600.0	1	0	193181445	12189675844350781059	not_applicable
251	golovin_unfrozen_fixed50_extended_resolution_convergence_v1_N131072_dt0p1_m001	golovin_unfrozen_fixed50_extended_resolution_convergence_v1	operational_stochastic	golovin	131072	0.1	600.0	3600.0	1	1	1888572644	2671466148732907538	not_applicable
252	golovin_unfrozen_fixed50_extended_resolution_convergence_v1_N131072_dt0p1_m002	golovin_unfrozen_fixed50_extended_resolution_convergence_v1	operational_stochastic	golovin	131072	0.1	600.0	3600.0	1	2	3251666168	9223000074962463407	not_applicable
253	golovin_unfrozen_fixed50_extended_resolution_convergence_v1_N131072_dt0p1_m003	golovin_unfrozen_fixed50_extended_resolution_convergence_v1	operational_stochastic	golovin	131072	0.1	600.0	3600.0	1	3	4020874465	14095827374661106991	not_applicable
254	golovin_unfrozen_fixed50_extended_resolution_convergence_v1_N131072_dt0p1_m004	golovin_unfrozen_fixed50_extended_resolution_convergence_v1	operational_stochastic	golovin	131072	0.1	600.0	3600.0	1	4	3992472828	1449902611169055744	not_applicable
255	golovin_unfrozen_fixed50_extended_resolution_convergence_v1_N131072_dt0p1_m005	golovin_unfrozen_fixed50_extended_resolution_convergence_v1	operational_stochastic	golovin	131072	0.1	600.0	3600.0	1	5	2806933737	8883127077934015302	not_applicable
256	golovin_unfrozen_fixed50_extended_resolution_convergence_v1_N131072_dt0p1_m006	golovin_unfrozen_fixed50_extended_resolution_convergence_v1	operational_stochastic	golovin	131072	0.1	600.0	3600.0	1	6	2018279656	8292047584950691141	not_applicable
257	golovin_unfrozen_fixed50_extended_resolution_convergence_v1_N131072_dt0p1_m007	golovin_unfrozen_fixed50_extended_resolution_convergence_v1	operational_stochastic	golovin	131072	0.1	600.0	3600.0	1	7	1596257604	5979162724731573685	not_applicable
258	golovin_unfrozen_fixed50_extended_resolution_convergence_v1_N131072_dt0p1_m008	golovin_unfrozen_fixed50_extended_resolution_convergence_v1	operational_stochastic	golovin	131072	0.1	600.0	3600.0	1	8	3407245591	4445092103591124126	not_applicable
259	golovin_unfrozen_fixed50_extended_resolution_convergence_v1_N131072_dt0p1_m009	golovin_unfrozen_fixed50_extended_resolution_convergence_v1	operational_stochastic	golovin	131072	0.1	600.0	3600.0	1	9	2800981414	4776490002980327979	not_applicable
260	golovin_unfrozen_fixed50_extended_resolution_convergence_v1_N131072_dt0p1_m010	golovin_unfrozen_fixed50_extended_resolution_convergence_v1	operational_stochastic	golovin	131072	0.1	600.0	3600.0	1	10	3776488165	16036852859744905314	not_applicable
261	golovin_unfrozen_fixed50_extended_resolution_convergence_v1_N131072_dt0p1_m011	golovin_unfrozen_fixed50_extended_resolution_convergence_v1	operational_stochastic	golovin	131072	0.1	600.0	3600.0	1	11	1603779073	10863959289265909749	not_applicable
262	golovin_unfrozen_fixed50_extended_resolution_convergence_v1_N131072_dt0p1_m012	golovin_unfrozen_fixed50_extended_resolution_convergence_v1	operational_stochastic	golovin	131072	0.1	600.0	3600.0	1	12	833484550	18373127231548593750	not_applicable
263	golovin_unfrozen_fixed50_extended_resolution_convergence_v1_N131072_dt0p1_m013	golovin_unfrozen_fixed50_extended_resolution_convergence_v1	operational_stochastic	golovin	131072	0.1	600.0	3600.0	1	13	4204510026	3606136805968713539	not_applicable
264	golovin_unfrozen_fixed50_extended_resolution_convergence_v1_N131072_dt0p1_m014	golovin_unfrozen_fixed50_extended_resolution_convergence_v1	operational_stochastic	golovin	131072	0.1	600.0	3600.0	1	14	1202562043	13017947259033345343	not_applicable
265	golovin_unfrozen_fixed50_extended_resolution_convergence_v1_N131072_dt0p1_m015	golovin_unfrozen_fixed50_extended_resolution_convergence_v1	operational_stochastic	golovin	131072	0.1	600.0	3600.0	1	15	663573664	8865116082735552054	not_applicable
266	golovin_unfrozen_fixed50_extended_resolution_convergence_v1_N131072_dt0p1_m016	golovin_unfrozen_fixed50_extended_resolution_convergence_v1	operational_stochastic	golovin	131072	0.1	600.0	3600.0	1	16	4207816259	1108862520808423339	not_applicable
267	golovin_unfrozen_fixed50_extended_resolution_convergence_v1_N131072_dt0p1_m017	golovin_unfrozen_fixed50_extended_resolution_convergence_v1	operational_stochastic	golovin	131072	0.1	600.0	3600.0	1	17	3898195000	6942295587758425524	not_applicable
268	golovin_unfrozen_fixed50_extended_resolution_convergence_v1_N131072_dt0p1_m018	golovin_unfrozen_fixed50_extended_resolution_convergence_v1	operational_stochastic	golovin	131072	0.1	600.0	3600.0	1	18	3259538360	17975081209679245462	not_applicable
269	golovin_unfrozen_fixed50_extended_resolution_convergence_v1_N131072_dt0p1_m019	golovin_unfrozen_fixed50_extended_resolution_convergence_v1	operational_stochastic	golovin	131072	0.1	600.0	3600.0	1	19	3075086729	1506176421385098584	not_applicable
270	golovin_unfrozen_fixed50_extended_resolution_convergence_v1_N131072_dt0p1_m020	golovin_unfrozen_fixed50_extended_resolution_convergence_v1	operational_stochastic	golovin	131072	0.1	600.0	3600.0	1	20	2565475283	16117612894892859041	not_applicable
271	golovin_unfrozen_fixed50_extended_resolution_convergence_v1_N131072_dt0p1_m021	golovin_unfrozen_fixed50_extended_resolution_convergence_v1	operational_stochastic	golovin	131072	0.1	600.0	3600.0	1	21	2498641575	16746495567727206965	not_applicable
272	golovin_unfrozen_fixed50_extended_resolution_convergence_v1_N131072_dt0p1_m022	golovin_unfrozen_fixed50_extended_resolution_convergence_v1	operational_stochastic	golovin	131072	0.1	600.0	3600.0	1	22	499961274	12743490581799873313	not_applicable
273	golovin_unfrozen_fixed50_extended_resolution_convergence_v1_N131072_dt0p1_m023	golovin_unfrozen_fixed50_extended_resolution_convergence_v1	operational_stochastic	golovin	131072	0.1	600.0	3600.0	1	23	1701820174	5627889914011904696	not_applicable
274	golovin_unfrozen_fixed50_extended_resolution_convergence_v1_N131072_dt0p1_m024	golovin_unfrozen_fixed50_extended_resolution_convergence_v1	operational_stochastic	golovin	131072	0.1	600.0	3600.0	1	24	3686982198	6815234496498708228	not_applicable
275	golovin_unfrozen_fixed50_extended_resolution_convergence_v1_N131072_dt0p1_m025	golovin_unfrozen_fixed50_extended_resolution_convergence_v1	operational_stochastic	golovin	131072	0.1	600.0	3600.0	1	25	1790292100	4024522262020100039	not_applicable
276	golovin_unfrozen_fixed50_extended_resolution_convergence_v1_N131072_dt0p1_m026	golovin_unfrozen_fixed50_extended_resolution_convergence_v1	operational_stochastic	golovin	131072	0.1	600.0	3600.0	1	26	2193370308	11729146005542541866	not_applicable
277	golovin_unfrozen_fixed50_extended_resolution_convergence_v1_N131072_dt0p1_m027	golovin_unfrozen_fixed50_extended_resolution_convergence_v1	operational_stochastic	golovin	131072	0.1	600.0	3600.0	1	27	1487468282	10102922036235004458	not_applicable
278	golovin_unfrozen_fixed50_extended_resolution_convergence_v1_N131072_dt0p1_m028	golovin_unfrozen_fixed50_extended_resolution_convergence_v1	operational_stochastic	golovin	131072	0.1	600.0	3600.0	1	28	2141186196	10958261785126661494	not_applicable
279	golovin_unfrozen_fixed50_extended_resolution_convergence_v1_N131072_dt0p1_m029	golovin_unfrozen_fixed50_extended_resolution_convergence_v1	operational_stochastic	golovin	131072	0.1	600.0	3600.0	1	29	3822819764	16898114261215185143	not_applicable
280	golovin_unfrozen_fixed50_extended_resolution_convergence_v1_N131072_dt0p1_m030	golovin_unfrozen_fixed50_extended_resolution_convergence_v1	operational_stochastic	golovin	131072	0.1	600.0	3600.0	1	30	2536086975	14801180331562547106	not_applicable
281	golovin_unfrozen_fixed50_extended_resolution_convergence_v1_N131072_dt0p1_m031	golovin_unfrozen_fixed50_extended_resolution_convergence_v1	operational_stochastic	golovin	131072	0.1	600.0	3600.0	1	31	245885882	11238109350757500236	not_applicable
282	golovin_unfrozen_fixed50_extended_resolution_convergence_v1_N131072_dt0p1_m032	golovin_unfrozen_fixed50_extended_resolution_convergence_v1	operational_stochastic	golovin	131072	0.1	600.0	3600.0	1	32	941426738	12070405449872008880	not_applicable
283	golovin_unfrozen_fixed50_extended_resolution_convergence_v1_N131072_dt0p1_m033	golovin_unfrozen_fixed50_extended_resolution_convergence_v1	operational_stochastic	golovin	131072	0.1	600.0	3600.0	1	33	1901275633	11966171135861486585	not_applicable
284	golovin_unfrozen_fixed50_extended_resolution_convergence_v1_N131072_dt0p1_m034	golovin_unfrozen_fixed50_extended_resolution_convergence_v1	operational_stochastic	golovin	131072	0.1	600.0	3600.0	1	34	245842337	3878364013266557393	not_applicable
285	golovin_unfrozen_fixed50_extended_resolution_convergence_v1_N131072_dt0p1_m035	golovin_unfrozen_fixed50_extended_resolution_convergence_v1	operational_stochastic	golovin	131072	0.1	600.0	3600.0	1	35	957581937	18358153231307725849	not_applicable
286	golovin_unfrozen_fixed50_extended_resolution_convergence_v1_N131072_dt0p1_m036	golovin_unfrozen_fixed50_extended_resolution_convergence_v1	operational_stochastic	golovin	131072	0.1	600.0	3600.0	1	36	4101400621	14158127512461695052	not_applicable
287	golovin_unfrozen_fixed50_extended_resolution_convergence_v1_N131072_dt0p1_m037	golovin_unfrozen_fixed50_extended_resolution_convergence_v1	operational_stochastic	golovin	131072	0.1	600.0	3600.0	1	37	823179814	17457655518378592935	not_applicable
288	golovin_unfrozen_fixed50_extended_resolution_convergence_v1_N131072_dt0p1_m038	golovin_unfrozen_fixed50_extended_resolution_convergence_v1	operational_stochastic	golovin	131072	0.1	600.0	3600.0	1	38	3584482964	10391331811560662891	not_applicable
289	golovin_unfrozen_fixed50_extended_resolution_convergence_v1_N131072_dt0p1_m039	golovin_unfrozen_fixed50_extended_resolution_convergence_v1	operational_stochastic	golovin	131072	0.1	600.0	3600.0	1	39	798068725	9428120237217502653	not_applicable
290	golovin_unfrozen_fixed50_extended_resolution_convergence_v1_N131072_dt0p1_m040	golovin_unfrozen_fixed50_extended_resolution_convergence_v1	operational_stochastic	golovin	131072	0.1	600.0	3600.0	1	40	1067395822	5592676361668245744	not_applicable
291	golovin_unfrozen_fixed50_extended_resolution_convergence_v1_N131072_dt0p1_m041	golovin_unfrozen_fixed50_extended_resolution_convergence_v1	operational_stochastic	golovin	131072	0.1	600.0	3600.0	1	41	3398729434	7650143062435407563	not_applicable
292	golovin_unfrozen_fixed50_extended_resolution_convergence_v1_N131072_dt0p1_m042	golovin_unfrozen_fixed50_extended_resolution_convergence_v1	operational_stochastic	golovin	131072	0.1	600.0	3600.0	1	42	3829727427	5254461301676984863	not_applicable
293	golovin_unfrozen_fixed50_extended_resolution_convergence_v1_N131072_dt0p1_m043	golovin_unfrozen_fixed50_extended_resolution_convergence_v1	operational_stochastic	golovin	131072	0.1	600.0	3600.0	1	43	3479349697	5339229029245283054	not_applicable
294	golovin_unfrozen_fixed50_extended_resolution_convergence_v1_N131072_dt0p1_m044	golovin_unfrozen_fixed50_extended_resolution_convergence_v1	operational_stochastic	golovin	131072	0.1	600.0	3600.0	1	44	3389311651	13026991262062873511	not_applicable
295	golovin_unfrozen_fixed50_extended_resolution_convergence_v1_N131072_dt0p1_m045	golovin_unfrozen_fixed50_extended_resolution_convergence_v1	operational_stochastic	golovin	131072	0.1	600.0	3600.0	1	45	3795708626	351201313130629779	not_applicable
296	golovin_unfrozen_fixed50_extended_resolution_convergence_v1_N131072_dt0p1_m046	golovin_unfrozen_fixed50_extended_resolution_convergence_v1	operational_stochastic	golovin	131072	0.1	600.0	3600.0	1	46	1029556143	8571675349278488432	not_applicable
297	golovin_unfrozen_fixed50_extended_resolution_convergence_v1_N131072_dt0p1_m047	golovin_unfrozen_fixed50_extended_resolution_convergence_v1	operational_stochastic	golovin	131072	0.1	600.0	3600.0	1	47	1680917264	11783815489798244859	not_applicable
298	golovin_unfrozen_fixed50_extended_resolution_convergence_v1_N131072_dt0p1_m048	golovin_unfrozen_fixed50_extended_resolution_convergence_v1	operational_stochastic	golovin	131072	0.1	600.0	3600.0	1	48	1571195061	11858828908512827423	not_applicable
299	golovin_unfrozen_fixed50_extended_resolution_convergence_v1_N131072_dt0p1_m049	golovin_unfrozen_fixed50_extended_resolution_convergence_v1	operational_stochastic	golovin	131072	0.1	600.0	3600.0	1	49	1309469744	8907335050756477058	not_applicable
300	golovin_unfrozen_fixed50_extended_resolution_convergence_v1_N262144_dt0p1_m000	golovin_unfrozen_fixed50_extended_resolution_convergence_v1	operational_stochastic	golovin	262144	0.1	600.0	3600.0	1	0	2182834481	5591278692765831949	not_applicable
301	golovin_unfrozen_fixed50_extended_resolution_convergence_v1_N262144_dt0p1_m001	golovin_unfrozen_fixed50_extended_resolution_convergence_v1	operational_stochastic	golovin	262144	0.1	600.0	3600.0	1	1	3592960781	13017081286885925571	not_applicable
302	golovin_unfrozen_fixed50_extended_resolution_convergence_v1_N262144_dt0p1_m002	golovin_unfrozen_fixed50_extended_resolution_convergence_v1	operational_stochastic	golovin	262144	0.1	600.0	3600.0	1	2	569908515	272126711292039104	not_applicable
303	golovin_unfrozen_fixed50_extended_resolution_convergence_v1_N262144_dt0p1_m003	golovin_unfrozen_fixed50_extended_resolution_convergence_v1	operational_stochastic	golovin	262144	0.1	600.0	3600.0	1	3	1689567233	13152442823664181957	not_applicable
304	golovin_unfrozen_fixed50_extended_resolution_convergence_v1_N262144_dt0p1_m004	golovin_unfrozen_fixed50_extended_resolution_convergence_v1	operational_stochastic	golovin	262144	0.1	600.0	3600.0	1	4	3105714265	17662801029897547938	not_applicable
305	golovin_unfrozen_fixed50_extended_resolution_convergence_v1_N262144_dt0p1_m005	golovin_unfrozen_fixed50_extended_resolution_convergence_v1	operational_stochastic	golovin	262144	0.1	600.0	3600.0	1	5	4129004868	5040283524778812581	not_applicable
306	golovin_unfrozen_fixed50_extended_resolution_convergence_v1_N262144_dt0p1_m006	golovin_unfrozen_fixed50_extended_resolution_convergence_v1	operational_stochastic	golovin	262144	0.1	600.0	3600.0	1	6	2403337945	3441542755134819449	not_applicable
307	golovin_unfrozen_fixed50_extended_resolution_convergence_v1_N262144_dt0p1_m007	golovin_unfrozen_fixed50_extended_resolution_convergence_v1	operational_stochastic	golovin	262144	0.1	600.0	3600.0	1	7	2733171682	15367658163413211471	not_applicable
308	golovin_unfrozen_fixed50_extended_resolution_convergence_v1_N262144_dt0p1_m008	golovin_unfrozen_fixed50_extended_resolution_convergence_v1	operational_stochastic	golovin	262144	0.1	600.0	3600.0	1	8	307819977	1871312966347647571	not_applicable
309	golovin_unfrozen_fixed50_extended_resolution_convergence_v1_N262144_dt0p1_m009	golovin_unfrozen_fixed50_extended_resolution_convergence_v1	operational_stochastic	golovin	262144	0.1	600.0	3600.0	1	9	4077200619	13607697403369123976	not_applicable
310	golovin_unfrozen_fixed50_extended_resolution_convergence_v1_N262144_dt0p1_m010	golovin_unfrozen_fixed50_extended_resolution_convergence_v1	operational_stochastic	golovin	262144	0.1	600.0	3600.0	1	10	849581786	10808719402106699723	not_applicable
311	golovin_unfrozen_fixed50_extended_resolution_convergence_v1_N262144_dt0p1_m011	golovin_unfrozen_fixed50_extended_resolution_convergence_v1	operational_stochastic	golovin	262144	0.1	600.0	3600.0	1	11	2509099955	404140738634894490	not_applicable
312	golovin_unfrozen_fixed50_extended_resolution_convergence_v1_N262144_dt0p1_m012	golovin_unfrozen_fixed50_extended_resolution_convergence_v1	operational_stochastic	golovin	262144	0.1	600.0	3600.0	1	12	761187113	2421226087050317676	not_applicable
313	golovin_unfrozen_fixed50_extended_resolution_convergence_v1_N262144_dt0p1_m013	golovin_unfrozen_fixed50_extended_resolution_convergence_v1	operational_stochastic	golovin	262144	0.1	600.0	3600.0	1	13	3015459616	4931990683570528042	not_applicable
314	golovin_unfrozen_fixed50_extended_resolution_convergence_v1_N262144_dt0p1_m014	golovin_unfrozen_fixed50_extended_resolution_convergence_v1	operational_stochastic	golovin	262144	0.1	600.0	3600.0	1	14	2517521272	4791590488979124910	not_applicable
315	golovin_unfrozen_fixed50_extended_resolution_convergence_v1_N262144_dt0p1_m015	golovin_unfrozen_fixed50_extended_resolution_convergence_v1	operational_stochastic	golovin	262144	0.1	600.0	3600.0	1	15	3206214404	2531854089944883272	not_applicable
316	golovin_unfrozen_fixed50_extended_resolution_convergence_v1_N262144_dt0p1_m016	golovin_unfrozen_fixed50_extended_resolution_convergence_v1	operational_stochastic	golovin	262144	0.1	600.0	3600.0	1	16	334829426	6760940469197726071	not_applicable
317	golovin_unfrozen_fixed50_extended_resolution_convergence_v1_N262144_dt0p1_m017	golovin_unfrozen_fixed50_extended_resolution_convergence_v1	operational_stochastic	golovin	262144	0.1	600.0	3600.0	1	17	450477226	12191880625134477129	not_applicable
318	golovin_unfrozen_fixed50_extended_resolution_convergence_v1_N262144_dt0p1_m018	golovin_unfrozen_fixed50_extended_resolution_convergence_v1	operational_stochastic	golovin	262144	0.1	600.0	3600.0	1	18	4145513081	4330481918836509307	not_applicable
319	golovin_unfrozen_fixed50_extended_resolution_convergence_v1_N262144_dt0p1_m019	golovin_unfrozen_fixed50_extended_resolution_convergence_v1	operational_stochastic	golovin	262144	0.1	600.0	3600.0	1	19	3684080170	17502144403672792820	not_applicable
320	golovin_unfrozen_fixed50_extended_resolution_convergence_v1_N262144_dt0p1_m020	golovin_unfrozen_fixed50_extended_resolution_convergence_v1	operational_stochastic	golovin	262144	0.1	600.0	3600.0	1	20	2565152631	3318031013524670807	not_applicable
321	golovin_unfrozen_fixed50_extended_resolution_convergence_v1_N262144_dt0p1_m021	golovin_unfrozen_fixed50_extended_resolution_convergence_v1	operational_stochastic	golovin	262144	0.1	600.0	3600.0	1	21	3648759052	1571099361552027075	not_applicable
322	golovin_unfrozen_fixed50_extended_resolution_convergence_v1_N262144_dt0p1_m022	golovin_unfrozen_fixed50_extended_resolution_convergence_v1	operational_stochastic	golovin	262144	0.1	600.0	3600.0	1	22	1767000187	10489511885006599344	not_applicable
323	golovin_unfrozen_fixed50_extended_resolution_convergence_v1_N262144_dt0p1_m023	golovin_unfrozen_fixed50_extended_resolution_convergence_v1	operational_stochastic	golovin	262144	0.1	600.0	3600.0	1	23	2272319495	13782884976707421512	not_applicable
324	golovin_unfrozen_fixed50_extended_resolution_convergence_v1_N262144_dt0p1_m024	golovin_unfrozen_fixed50_extended_resolution_convergence_v1	operational_stochastic	golovin	262144	0.1	600.0	3600.0	1	24	3428651945	14668729244262825739	not_applicable
325	golovin_unfrozen_fixed50_extended_resolution_convergence_v1_N262144_dt0p1_m025	golovin_unfrozen_fixed50_extended_resolution_convergence_v1	operational_stochastic	golovin	262144	0.1	600.0	3600.0	1	25	214953052	636925598791868270	not_applicable
326	golovin_unfrozen_fixed50_extended_resolution_convergence_v1_N262144_dt0p1_m026	golovin_unfrozen_fixed50_extended_resolution_convergence_v1	operational_stochastic	golovin	262144	0.1	600.0	3600.0	1	26	4015714973	4928336498135655914	not_applicable
327	golovin_unfrozen_fixed50_extended_resolution_convergence_v1_N262144_dt0p1_m027	golovin_unfrozen_fixed50_extended_resolution_convergence_v1	operational_stochastic	golovin	262144	0.1	600.0	3600.0	1	27	3518220410	17842292215158996625	not_applicable
328	golovin_unfrozen_fixed50_extended_resolution_convergence_v1_N262144_dt0p1_m028	golovin_unfrozen_fixed50_extended_resolution_convergence_v1	operational_stochastic	golovin	262144	0.1	600.0	3600.0	1	28	2374960769	18145023407960494597	not_applicable
329	golovin_unfrozen_fixed50_extended_resolution_convergence_v1_N262144_dt0p1_m029	golovin_unfrozen_fixed50_extended_resolution_convergence_v1	operational_stochastic	golovin	262144	0.1	600.0	3600.0	1	29	996878449	4080283418020874622	not_applicable
330	golovin_unfrozen_fixed50_extended_resolution_convergence_v1_N262144_dt0p1_m030	golovin_unfrozen_fixed50_extended_resolution_convergence_v1	operational_stochastic	golovin	262144	0.1	600.0	3600.0	1	30	3618193152	10319245934310796107	not_applicable
331	golovin_unfrozen_fixed50_extended_resolution_convergence_v1_N262144_dt0p1_m031	golovin_unfrozen_fixed50_extended_resolution_convergence_v1	operational_stochastic	golovin	262144	0.1	600.0	3600.0	1	31	2447578537	17223790296522930911	not_applicable
332	golovin_unfrozen_fixed50_extended_resolution_convergence_v1_N262144_dt0p1_m032	golovin_unfrozen_fixed50_extended_resolution_convergence_v1	operational_stochastic	golovin	262144	0.1	600.0	3600.0	1	32	4044542078	16826654469383874608	not_applicable
333	golovin_unfrozen_fixed50_extended_resolution_convergence_v1_N262144_dt0p1_m033	golovin_unfrozen_fixed50_extended_resolution_convergence_v1	operational_stochastic	golovin	262144	0.1	600.0	3600.0	1	33	4194459770	4356612598512821032	not_applicable
334	golovin_unfrozen_fixed50_extended_resolution_convergence_v1_N262144_dt0p1_m034	golovin_unfrozen_fixed50_extended_resolution_convergence_v1	operational_stochastic	golovin	262144	0.1	600.0	3600.0	1	34	996441553	8332383980240918692	not_applicable
335	golovin_unfrozen_fixed50_extended_resolution_convergence_v1_N262144_dt0p1_m035	golovin_unfrozen_fixed50_extended_resolution_convergence_v1	operational_stochastic	golovin	262144	0.1	600.0	3600.0	1	35	3533546567	12663395747809422107	not_applicable
336	golovin_unfrozen_fixed50_extended_resolution_convergence_v1_N262144_dt0p1_m036	golovin_unfrozen_fixed50_extended_resolution_convergence_v1	operational_stochastic	golovin	262144	0.1	600.0	3600.0	1	36	3993828875	1525313481256170677	not_applicable
337	golovin_unfrozen_fixed50_extended_resolution_convergence_v1_N262144_dt0p1_m037	golovin_unfrozen_fixed50_extended_resolution_convergence_v1	operational_stochastic	golovin	262144	0.1	600.0	3600.0	1	37	2162647091	11852631346158412483	not_applicable
338	golovin_unfrozen_fixed50_extended_resolution_convergence_v1_N262144_dt0p1_m038	golovin_unfrozen_fixed50_extended_resolution_convergence_v1	operational_stochastic	golovin	262144	0.1	600.0	3600.0	1	38	3942374747	2152224541114746368	not_applicable
339	golovin_unfrozen_fixed50_extended_resolution_convergence_v1_N262144_dt0p1_m039	golovin_unfrozen_fixed50_extended_resolution_convergence_v1	operational_stochastic	golovin	262144	0.1	600.0	3600.0	1	39	3364620693	15234674343821680172	not_applicable
340	golovin_unfrozen_fixed50_extended_resolution_convergence_v1_N262144_dt0p1_m040	golovin_unfrozen_fixed50_extended_resolution_convergence_v1	operational_stochastic	golovin	262144	0.1	600.0	3600.0	1	40	1074805249	18190887267237980109	not_applicable
341	golovin_unfrozen_fixed50_extended_resolution_convergence_v1_N262144_dt0p1_m041	golovin_unfrozen_fixed50_extended_resolution_convergence_v1	operational_stochastic	golovin	262144	0.1	600.0	3600.0	1	41	1980020694	14940307653738311330	not_applicable
342	golovin_unfrozen_fixed50_extended_resolution_convergence_v1_N262144_dt0p1_m042	golovin_unfrozen_fixed50_extended_resolution_convergence_v1	operational_stochastic	golovin	262144	0.1	600.0	3600.0	1	42	2920317838	17761146291064706230	not_applicable
343	golovin_unfrozen_fixed50_extended_resolution_convergence_v1_N262144_dt0p1_m043	golovin_unfrozen_fixed50_extended_resolution_convergence_v1	operational_stochastic	golovin	262144	0.1	600.0	3600.0	1	43	2072597210	16414662511168706326	not_applicable
344	golovin_unfrozen_fixed50_extended_resolution_convergence_v1_N262144_dt0p1_m044	golovin_unfrozen_fixed50_extended_resolution_convergence_v1	operational_stochastic	golovin	262144	0.1	600.0	3600.0	1	44	3905461864	12971271561239347643	not_applicable
345	golovin_unfrozen_fixed50_extended_resolution_convergence_v1_N262144_dt0p1_m045	golovin_unfrozen_fixed50_extended_resolution_convergence_v1	operational_stochastic	golovin	262144	0.1	600.0	3600.0	1	45	2201679431	12630969205317355038	not_applicable
346	golovin_unfrozen_fixed50_extended_resolution_convergence_v1_N262144_dt0p1_m046	golovin_unfrozen_fixed50_extended_resolution_convergence_v1	operational_stochastic	golovin	262144	0.1	600.0	3600.0	1	46	1123930474	15279681077187700060	not_applicable
347	golovin_unfrozen_fixed50_extended_resolution_convergence_v1_N262144_dt0p1_m047	golovin_unfrozen_fixed50_extended_resolution_convergence_v1	operational_stochastic	golovin	262144	0.1	600.0	3600.0	1	47	2604326067	4581207798057294971	not_applicable
348	golovin_unfrozen_fixed50_extended_resolution_convergence_v1_N262144_dt0p1_m048	golovin_unfrozen_fixed50_extended_resolution_convergence_v1	operational_stochastic	golovin	262144	0.1	600.0	3600.0	1	48	2067145925	9642149397398762655	not_applicable
349	golovin_unfrozen_fixed50_extended_resolution_convergence_v1_N262144_dt0p1_m049	golovin_unfrozen_fixed50_extended_resolution_convergence_v1	operational_stochastic	golovin	262144	0.1	600.0	3600.0	1	49	2992161432	919856780678640343	not_applicable
350	golovin_unfrozen_fixed50_extended_resolution_convergence_v1_N524288_dt0p1_m000	golovin_unfrozen_fixed50_extended_resolution_convergence_v1	operational_stochastic	golovin	524288	0.1	600.0	3600.0	1	0	1574396855	15520794597756216664	not_applicable
351	golovin_unfrozen_fixed50_extended_resolution_convergence_v1_N524288_dt0p1_m001	golovin_unfrozen_fixed50_extended_resolution_convergence_v1	operational_stochastic	golovin	524288	0.1	600.0	3600.0	1	1	3210227879	12978066829562768165	not_applicable
352	golovin_unfrozen_fixed50_extended_resolution_convergence_v1_N524288_dt0p1_m002	golovin_unfrozen_fixed50_extended_resolution_convergence_v1	operational_stochastic	golovin	524288	0.1	600.0	3600.0	1	2	15421253	11097777122493069143	not_applicable
353	golovin_unfrozen_fixed50_extended_resolution_convergence_v1_N524288_dt0p1_m003	golovin_unfrozen_fixed50_extended_resolution_convergence_v1	operational_stochastic	golovin	524288	0.1	600.0	3600.0	1	3	4096826226	12327036412686409197	not_applicable
354	golovin_unfrozen_fixed50_extended_resolution_convergence_v1_N524288_dt0p1_m004	golovin_unfrozen_fixed50_extended_resolution_convergence_v1	operational_stochastic	golovin	524288	0.1	600.0	3600.0	1	4	431248320	5607454223894056157	not_applicable
355	golovin_unfrozen_fixed50_extended_resolution_convergence_v1_N524288_dt0p1_m005	golovin_unfrozen_fixed50_extended_resolution_convergence_v1	operational_stochastic	golovin	524288	0.1	600.0	3600.0	1	5	974747508	14489889360292791524	not_applicable
356	golovin_unfrozen_fixed50_extended_resolution_convergence_v1_N524288_dt0p1_m006	golovin_unfrozen_fixed50_extended_resolution_convergence_v1	operational_stochastic	golovin	524288	0.1	600.0	3600.0	1	6	2208798083	11772119117651522348	not_applicable
357	golovin_unfrozen_fixed50_extended_resolution_convergence_v1_N524288_dt0p1_m007	golovin_unfrozen_fixed50_extended_resolution_convergence_v1	operational_stochastic	golovin	524288	0.1	600.0	3600.0	1	7	1703471490	10391425226631582582	not_applicable
358	golovin_unfrozen_fixed50_extended_resolution_convergence_v1_N524288_dt0p1_m008	golovin_unfrozen_fixed50_extended_resolution_convergence_v1	operational_stochastic	golovin	524288	0.1	600.0	3600.0	1	8	2647448793	15508779741698849246	not_applicable
359	golovin_unfrozen_fixed50_extended_resolution_convergence_v1_N524288_dt0p1_m009	golovin_unfrozen_fixed50_extended_resolution_convergence_v1	operational_stochastic	golovin	524288	0.1	600.0	3600.0	1	9	3255804958	5129914907496122489	not_applicable
360	golovin_unfrozen_fixed50_extended_resolution_convergence_v1_N524288_dt0p1_m010	golovin_unfrozen_fixed50_extended_resolution_convergence_v1	operational_stochastic	golovin	524288	0.1	600.0	3600.0	1	10	2348197240	14578687881158368686	not_applicable
361	golovin_unfrozen_fixed50_extended_resolution_convergence_v1_N524288_dt0p1_m011	golovin_unfrozen_fixed50_extended_resolution_convergence_v1	operational_stochastic	golovin	524288	0.1	600.0	3600.0	1	11	3026354446	5752271913316161397	not_applicable
362	golovin_unfrozen_fixed50_extended_resolution_convergence_v1_N524288_dt0p1_m012	golovin_unfrozen_fixed50_extended_resolution_convergence_v1	operational_stochastic	golovin	524288	0.1	600.0	3600.0	1	12	584757756	4750946099112805605	not_applicable
363	golovin_unfrozen_fixed50_extended_resolution_convergence_v1_N524288_dt0p1_m013	golovin_unfrozen_fixed50_extended_resolution_convergence_v1	operational_stochastic	golovin	524288	0.1	600.0	3600.0	1	13	4197403379	7941391994228390773	not_applicable
364	golovin_unfrozen_fixed50_extended_resolution_convergence_v1_N524288_dt0p1_m014	golovin_unfrozen_fixed50_extended_resolution_convergence_v1	operational_stochastic	golovin	524288	0.1	600.0	3600.0	1	14	293360408	14050550701197021075	not_applicable
365	golovin_unfrozen_fixed50_extended_resolution_convergence_v1_N524288_dt0p1_m015	golovin_unfrozen_fixed50_extended_resolution_convergence_v1	operational_stochastic	golovin	524288	0.1	600.0	3600.0	1	15	3765259516	6565969323765004316	not_applicable
366	golovin_unfrozen_fixed50_extended_resolution_convergence_v1_N524288_dt0p1_m016	golovin_unfrozen_fixed50_extended_resolution_convergence_v1	operational_stochastic	golovin	524288	0.1	600.0	3600.0	1	16	2233527689	10368559742855536649	not_applicable
367	golovin_unfrozen_fixed50_extended_resolution_convergence_v1_N524288_dt0p1_m017	golovin_unfrozen_fixed50_extended_resolution_convergence_v1	operational_stochastic	golovin	524288	0.1	600.0	3600.0	1	17	464838984	3801360260692877341	not_applicable
368	golovin_unfrozen_fixed50_extended_resolution_convergence_v1_N524288_dt0p1_m018	golovin_unfrozen_fixed50_extended_resolution_convergence_v1	operational_stochastic	golovin	524288	0.1	600.0	3600.0	1	18	682012342	13611284536712849534	not_applicable
369	golovin_unfrozen_fixed50_extended_resolution_convergence_v1_N524288_dt0p1_m019	golovin_unfrozen_fixed50_extended_resolution_convergence_v1	operational_stochastic	golovin	524288	0.1	600.0	3600.0	1	19	2631849309	6356659594498304360	not_applicable
370	golovin_unfrozen_fixed50_extended_resolution_convergence_v1_N524288_dt0p1_m020	golovin_unfrozen_fixed50_extended_resolution_convergence_v1	operational_stochastic	golovin	524288	0.1	600.0	3600.0	1	20	4238440570	3833722094638915201	not_applicable
371	golovin_unfrozen_fixed50_extended_resolution_convergence_v1_N524288_dt0p1_m021	golovin_unfrozen_fixed50_extended_resolution_convergence_v1	operational_stochastic	golovin	524288	0.1	600.0	3600.0	1	21	1517159172	2871515096651184911	not_applicable
372	golovin_unfrozen_fixed50_extended_resolution_convergence_v1_N524288_dt0p1_m022	golovin_unfrozen_fixed50_extended_resolution_convergence_v1	operational_stochastic	golovin	524288	0.1	600.0	3600.0	1	22	1030710967	6285698115493561445	not_applicable
373	golovin_unfrozen_fixed50_extended_resolution_convergence_v1_N524288_dt0p1_m023	golovin_unfrozen_fixed50_extended_resolution_convergence_v1	operational_stochastic	golovin	524288	0.1	600.0	3600.0	1	23	1032826706	289559058827856009	not_applicable
374	golovin_unfrozen_fixed50_extended_resolution_convergence_v1_N524288_dt0p1_m024	golovin_unfrozen_fixed50_extended_resolution_convergence_v1	operational_stochastic	golovin	524288	0.1	600.0	3600.0	1	24	4090071199	7566260817942332748	not_applicable
375	golovin_unfrozen_fixed50_extended_resolution_convergence_v1_N524288_dt0p1_m025	golovin_unfrozen_fixed50_extended_resolution_convergence_v1	operational_stochastic	golovin	524288	0.1	600.0	3600.0	1	25	4219809440	7386082604246905508	not_applicable
376	golovin_unfrozen_fixed50_extended_resolution_convergence_v1_N524288_dt0p1_m026	golovin_unfrozen_fixed50_extended_resolution_convergence_v1	operational_stochastic	golovin	524288	0.1	600.0	3600.0	1	26	2939368853	17316138105589442011	not_applicable
377	golovin_unfrozen_fixed50_extended_resolution_convergence_v1_N524288_dt0p1_m027	golovin_unfrozen_fixed50_extended_resolution_convergence_v1	operational_stochastic	golovin	524288	0.1	600.0	3600.0	1	27	1433746918	6606987910326216990	not_applicable
378	golovin_unfrozen_fixed50_extended_resolution_convergence_v1_N524288_dt0p1_m028	golovin_unfrozen_fixed50_extended_resolution_convergence_v1	operational_stochastic	golovin	524288	0.1	600.0	3600.0	1	28	2823168914	271823389452449313	not_applicable
379	golovin_unfrozen_fixed50_extended_resolution_convergence_v1_N524288_dt0p1_m029	golovin_unfrozen_fixed50_extended_resolution_convergence_v1	operational_stochastic	golovin	524288	0.1	600.0	3600.0	1	29	1245242476	16596603400891723671	not_applicable
380	golovin_unfrozen_fixed50_extended_resolution_convergence_v1_N524288_dt0p1_m030	golovin_unfrozen_fixed50_extended_resolution_convergence_v1	operational_stochastic	golovin	524288	0.1	600.0	3600.0	1	30	919877189	6001032625665155475	not_applicable
381	golovin_unfrozen_fixed50_extended_resolution_convergence_v1_N524288_dt0p1_m031	golovin_unfrozen_fixed50_extended_resolution_convergence_v1	operational_stochastic	golovin	524288	0.1	600.0	3600.0	1	31	384225956	13164458839575838740	not_applicable
382	golovin_unfrozen_fixed50_extended_resolution_convergence_v1_N524288_dt0p1_m032	golovin_unfrozen_fixed50_extended_resolution_convergence_v1	operational_stochastic	golovin	524288	0.1	600.0	3600.0	1	32	2718366990	6762946868674533666	not_applicable
383	golovin_unfrozen_fixed50_extended_resolution_convergence_v1_N524288_dt0p1_m033	golovin_unfrozen_fixed50_extended_resolution_convergence_v1	operational_stochastic	golovin	524288	0.1	600.0	3600.0	1	33	1421968373	6832982612206827114	not_applicable
384	golovin_unfrozen_fixed50_extended_resolution_convergence_v1_N524288_dt0p1_m034	golovin_unfrozen_fixed50_extended_resolution_convergence_v1	operational_stochastic	golovin	524288	0.1	600.0	3600.0	1	34	1541391188	7382663060285088283	not_applicable
385	golovin_unfrozen_fixed50_extended_resolution_convergence_v1_N524288_dt0p1_m035	golovin_unfrozen_fixed50_extended_resolution_convergence_v1	operational_stochastic	golovin	524288	0.1	600.0	3600.0	1	35	3825799499	4333035323039426592	not_applicable
386	golovin_unfrozen_fixed50_extended_resolution_convergence_v1_N524288_dt0p1_m036	golovin_unfrozen_fixed50_extended_resolution_convergence_v1	operational_stochastic	golovin	524288	0.1	600.0	3600.0	1	36	1584362990	4234321655192127882	not_applicable
387	golovin_unfrozen_fixed50_extended_resolution_convergence_v1_N524288_dt0p1_m037	golovin_unfrozen_fixed50_extended_resolution_convergence_v1	operational_stochastic	golovin	524288	0.1	600.0	3600.0	1	37	3054622454	11889589946418358736	not_applicable
388	golovin_unfrozen_fixed50_extended_resolution_convergence_v1_N524288_dt0p1_m038	golovin_unfrozen_fixed50_extended_resolution_convergence_v1	operational_stochastic	golovin	524288	0.1	600.0	3600.0	1	38	2197553946	4860934671709779873	not_applicable
389	golovin_unfrozen_fixed50_extended_resolution_convergence_v1_N524288_dt0p1_m039	golovin_unfrozen_fixed50_extended_resolution_convergence_v1	operational_stochastic	golovin	524288	0.1	600.0	3600.0	1	39	2815037901	10850277372129167857	not_applicable
390	golovin_unfrozen_fixed50_extended_resolution_convergence_v1_N524288_dt0p1_m040	golovin_unfrozen_fixed50_extended_resolution_convergence_v1	operational_stochastic	golovin	524288	0.1	600.0	3600.0	1	40	381849680	15941732785722622836	not_applicable
391	golovin_unfrozen_fixed50_extended_resolution_convergence_v1_N524288_dt0p1_m041	golovin_unfrozen_fixed50_extended_resolution_convergence_v1	operational_stochastic	golovin	524288	0.1	600.0	3600.0	1	41	3932740915	7512756898952616796	not_applicable
392	golovin_unfrozen_fixed50_extended_resolution_convergence_v1_N524288_dt0p1_m042	golovin_unfrozen_fixed50_extended_resolution_convergence_v1	operational_stochastic	golovin	524288	0.1	600.0	3600.0	1	42	3298083320	18261569595971907841	not_applicable
393	golovin_unfrozen_fixed50_extended_resolution_convergence_v1_N524288_dt0p1_m043	golovin_unfrozen_fixed50_extended_resolution_convergence_v1	operational_stochastic	golovin	524288	0.1	600.0	3600.0	1	43	2556857568	1546187441119219244	not_applicable
394	golovin_unfrozen_fixed50_extended_resolution_convergence_v1_N524288_dt0p1_m044	golovin_unfrozen_fixed50_extended_resolution_convergence_v1	operational_stochastic	golovin	524288	0.1	600.0	3600.0	1	44	203741032	3700898562800853372	not_applicable
395	golovin_unfrozen_fixed50_extended_resolution_convergence_v1_N524288_dt0p1_m045	golovin_unfrozen_fixed50_extended_resolution_convergence_v1	operational_stochastic	golovin	524288	0.1	600.0	3600.0	1	45	3689818718	17425840200439382184	not_applicable
396	golovin_unfrozen_fixed50_extended_resolution_convergence_v1_N524288_dt0p1_m046	golovin_unfrozen_fixed50_extended_resolution_convergence_v1	operational_stochastic	golovin	524288	0.1	600.0	3600.0	1	46	3225646104	13774420231497293251	not_applicable
397	golovin_unfrozen_fixed50_extended_resolution_convergence_v1_N524288_dt0p1_m047	golovin_unfrozen_fixed50_extended_resolution_convergence_v1	operational_stochastic	golovin	524288	0.1	600.0	3600.0	1	47	1285085786	3518144838295368037	not_applicable
398	golovin_unfrozen_fixed50_extended_resolution_convergence_v1_N524288_dt0p1_m048	golovin_unfrozen_fixed50_extended_resolution_convergence_v1	operational_stochastic	golovin	524288	0.1	600.0	3600.0	1	48	2839525183	795929338179705826	not_applicable
399	golovin_unfrozen_fixed50_extended_resolution_convergence_v1_N524288_dt0p1_m049	golovin_unfrozen_fixed50_extended_resolution_convergence_v1	operational_stochastic	golovin	524288	0.1	600.0	3600.0	1	49	2736223157	13134003774894387000	not_applicable
400	golovin_unfrozen_fixed50_extended_resolution_convergence_v1_N1048576_dt0p1_m000	golovin_unfrozen_fixed50_extended_resolution_convergence_v1	operational_stochastic	golovin	1048576	0.1	600.0	3600.0	1	0	1197734679	13910846996858361844	not_applicable
401	golovin_unfrozen_fixed50_extended_resolution_convergence_v1_N1048576_dt0p1_m001	golovin_unfrozen_fixed50_extended_resolution_convergence_v1	operational_stochastic	golovin	1048576	0.1	600.0	3600.0	1	1	1919160419	495944160367686182	not_applicable
402	golovin_unfrozen_fixed50_extended_resolution_convergence_v1_N1048576_dt0p1_m002	golovin_unfrozen_fixed50_extended_resolution_convergence_v1	operational_stochastic	golovin	1048576	0.1	600.0	3600.0	1	2	2099657242	2690807823890602539	not_applicable
403	golovin_unfrozen_fixed50_extended_resolution_convergence_v1_N1048576_dt0p1_m003	golovin_unfrozen_fixed50_extended_resolution_convergence_v1	operational_stochastic	golovin	1048576	0.1	600.0	3600.0	1	3	385316804	14508966104318419374	not_applicable
404	golovin_unfrozen_fixed50_extended_resolution_convergence_v1_N1048576_dt0p1_m004	golovin_unfrozen_fixed50_extended_resolution_convergence_v1	operational_stochastic	golovin	1048576	0.1	600.0	3600.0	1	4	963876290	6804690699192755028	not_applicable
405	golovin_unfrozen_fixed50_extended_resolution_convergence_v1_N1048576_dt0p1_m005	golovin_unfrozen_fixed50_extended_resolution_convergence_v1	operational_stochastic	golovin	1048576	0.1	600.0	3600.0	1	5	3276523758	14126184707268681129	not_applicable
406	golovin_unfrozen_fixed50_extended_resolution_convergence_v1_N1048576_dt0p1_m006	golovin_unfrozen_fixed50_extended_resolution_convergence_v1	operational_stochastic	golovin	1048576	0.1	600.0	3600.0	1	6	215193276	9521280372271374325	not_applicable
407	golovin_unfrozen_fixed50_extended_resolution_convergence_v1_N1048576_dt0p1_m007	golovin_unfrozen_fixed50_extended_resolution_convergence_v1	operational_stochastic	golovin	1048576	0.1	600.0	3600.0	1	7	1920852085	10400091062021647071	not_applicable
408	golovin_unfrozen_fixed50_extended_resolution_convergence_v1_N1048576_dt0p1_m008	golovin_unfrozen_fixed50_extended_resolution_convergence_v1	operational_stochastic	golovin	1048576	0.1	600.0	3600.0	1	8	2088822220	9966940794071667778	not_applicable
409	golovin_unfrozen_fixed50_extended_resolution_convergence_v1_N1048576_dt0p1_m009	golovin_unfrozen_fixed50_extended_resolution_convergence_v1	operational_stochastic	golovin	1048576	0.1	600.0	3600.0	1	9	1429744436	11793694514874667676	not_applicable
410	golovin_unfrozen_fixed50_extended_resolution_convergence_v1_N1048576_dt0p1_m010	golovin_unfrozen_fixed50_extended_resolution_convergence_v1	operational_stochastic	golovin	1048576	0.1	600.0	3600.0	1	10	3251242852	17167061187583471698	not_applicable
411	golovin_unfrozen_fixed50_extended_resolution_convergence_v1_N1048576_dt0p1_m011	golovin_unfrozen_fixed50_extended_resolution_convergence_v1	operational_stochastic	golovin	1048576	0.1	600.0	3600.0	1	11	592055621	17560421507550372583	not_applicable
412	golovin_unfrozen_fixed50_extended_resolution_convergence_v1_N1048576_dt0p1_m012	golovin_unfrozen_fixed50_extended_resolution_convergence_v1	operational_stochastic	golovin	1048576	0.1	600.0	3600.0	1	12	2138582787	15753054021231631435	not_applicable
413	golovin_unfrozen_fixed50_extended_resolution_convergence_v1_N1048576_dt0p1_m013	golovin_unfrozen_fixed50_extended_resolution_convergence_v1	operational_stochastic	golovin	1048576	0.1	600.0	3600.0	1	13	2764594484	5484601699228277891	not_applicable
414	golovin_unfrozen_fixed50_extended_resolution_convergence_v1_N1048576_dt0p1_m014	golovin_unfrozen_fixed50_extended_resolution_convergence_v1	operational_stochastic	golovin	1048576	0.1	600.0	3600.0	1	14	3126192476	3431168130640308884	not_applicable
415	golovin_unfrozen_fixed50_extended_resolution_convergence_v1_N1048576_dt0p1_m015	golovin_unfrozen_fixed50_extended_resolution_convergence_v1	operational_stochastic	golovin	1048576	0.1	600.0	3600.0	1	15	4087276802	12098976224651857	not_applicable
416	golovin_unfrozen_fixed50_extended_resolution_convergence_v1_N1048576_dt0p1_m016	golovin_unfrozen_fixed50_extended_resolution_convergence_v1	operational_stochastic	golovin	1048576	0.1	600.0	3600.0	1	16	1932575394	14235357081470431030	not_applicable
417	golovin_unfrozen_fixed50_extended_resolution_convergence_v1_N1048576_dt0p1_m017	golovin_unfrozen_fixed50_extended_resolution_convergence_v1	operational_stochastic	golovin	1048576	0.1	600.0	3600.0	1	17	3138507852	7465342837958269709	not_applicable
418	golovin_unfrozen_fixed50_extended_resolution_convergence_v1_N1048576_dt0p1_m018	golovin_unfrozen_fixed50_extended_resolution_convergence_v1	operational_stochastic	golovin	1048576	0.1	600.0	3600.0	1	18	3511956625	10020569865061156873	not_applicable
419	golovin_unfrozen_fixed50_extended_resolution_convergence_v1_N1048576_dt0p1_m019	golovin_unfrozen_fixed50_extended_resolution_convergence_v1	operational_stochastic	golovin	1048576	0.1	600.0	3600.0	1	19	3030494630	11682449547349413943	not_applicable
420	golovin_unfrozen_fixed50_extended_resolution_convergence_v1_N1048576_dt0p1_m020	golovin_unfrozen_fixed50_extended_resolution_convergence_v1	operational_stochastic	golovin	1048576	0.1	600.0	3600.0	1	20	1325573030	16494935736074536556	not_applicable
421	golovin_unfrozen_fixed50_extended_resolution_convergence_v1_N1048576_dt0p1_m021	golovin_unfrozen_fixed50_extended_resolution_convergence_v1	operational_stochastic	golovin	1048576	0.1	600.0	3600.0	1	21	1765525667	319990388203585078	not_applicable
422	golovin_unfrozen_fixed50_extended_resolution_convergence_v1_N1048576_dt0p1_m022	golovin_unfrozen_fixed50_extended_resolution_convergence_v1	operational_stochastic	golovin	1048576	0.1	600.0	3600.0	1	22	2536534216	18058631997988701375	not_applicable
423	golovin_unfrozen_fixed50_extended_resolution_convergence_v1_N1048576_dt0p1_m023	golovin_unfrozen_fixed50_extended_resolution_convergence_v1	operational_stochastic	golovin	1048576	0.1	600.0	3600.0	1	23	1691437102	14703651268575241596	not_applicable
424	golovin_unfrozen_fixed50_extended_resolution_convergence_v1_N1048576_dt0p1_m024	golovin_unfrozen_fixed50_extended_resolution_convergence_v1	operational_stochastic	golovin	1048576	0.1	600.0	3600.0	1	24	1790206654	15425995748495756419	not_applicable
425	golovin_unfrozen_fixed50_extended_resolution_convergence_v1_N1048576_dt0p1_m025	golovin_unfrozen_fixed50_extended_resolution_convergence_v1	operational_stochastic	golovin	1048576	0.1	600.0	3600.0	1	25	1790219293	2374998700083254357	not_applicable
426	golovin_unfrozen_fixed50_extended_resolution_convergence_v1_N1048576_dt0p1_m026	golovin_unfrozen_fixed50_extended_resolution_convergence_v1	operational_stochastic	golovin	1048576	0.1	600.0	3600.0	1	26	3133799927	13113293849959368136	not_applicable
427	golovin_unfrozen_fixed50_extended_resolution_convergence_v1_N1048576_dt0p1_m027	golovin_unfrozen_fixed50_extended_resolution_convergence_v1	operational_stochastic	golovin	1048576	0.1	600.0	3600.0	1	27	462711177	3198935326365604307	not_applicable
428	golovin_unfrozen_fixed50_extended_resolution_convergence_v1_N1048576_dt0p1_m028	golovin_unfrozen_fixed50_extended_resolution_convergence_v1	operational_stochastic	golovin	1048576	0.1	600.0	3600.0	1	28	3672764875	15044578169866198681	not_applicable
429	golovin_unfrozen_fixed50_extended_resolution_convergence_v1_N1048576_dt0p1_m029	golovin_unfrozen_fixed50_extended_resolution_convergence_v1	operational_stochastic	golovin	1048576	0.1	600.0	3600.0	1	29	1678794059	14678538023570250990	not_applicable
430	golovin_unfrozen_fixed50_extended_resolution_convergence_v1_N1048576_dt0p1_m030	golovin_unfrozen_fixed50_extended_resolution_convergence_v1	operational_stochastic	golovin	1048576	0.1	600.0	3600.0	1	30	2462511657	11630910247067649062	not_applicable
431	golovin_unfrozen_fixed50_extended_resolution_convergence_v1_N1048576_dt0p1_m031	golovin_unfrozen_fixed50_extended_resolution_convergence_v1	operational_stochastic	golovin	1048576	0.1	600.0	3600.0	1	31	1200905059	10115522257061448712	not_applicable
432	golovin_unfrozen_fixed50_extended_resolution_convergence_v1_N1048576_dt0p1_m032	golovin_unfrozen_fixed50_extended_resolution_convergence_v1	operational_stochastic	golovin	1048576	0.1	600.0	3600.0	1	32	3681555278	9761195010231701360	not_applicable
433	golovin_unfrozen_fixed50_extended_resolution_convergence_v1_N1048576_dt0p1_m033	golovin_unfrozen_fixed50_extended_resolution_convergence_v1	operational_stochastic	golovin	1048576	0.1	600.0	3600.0	1	33	3053454659	7882501970078840281	not_applicable
434	golovin_unfrozen_fixed50_extended_resolution_convergence_v1_N1048576_dt0p1_m034	golovin_unfrozen_fixed50_extended_resolution_convergence_v1	operational_stochastic	golovin	1048576	0.1	600.0	3600.0	1	34	2858759594	4746011524096967719	not_applicable
435	golovin_unfrozen_fixed50_extended_resolution_convergence_v1_N1048576_dt0p1_m035	golovin_unfrozen_fixed50_extended_resolution_convergence_v1	operational_stochastic	golovin	1048576	0.1	600.0	3600.0	1	35	1223544408	6746711591743223260	not_applicable
436	golovin_unfrozen_fixed50_extended_resolution_convergence_v1_N1048576_dt0p1_m036	golovin_unfrozen_fixed50_extended_resolution_convergence_v1	operational_stochastic	golovin	1048576	0.1	600.0	3600.0	1	36	1444649844	1618927790440520748	not_applicable
437	golovin_unfrozen_fixed50_extended_resolution_convergence_v1_N1048576_dt0p1_m037	golovin_unfrozen_fixed50_extended_resolution_convergence_v1	operational_stochastic	golovin	1048576	0.1	600.0	3600.0	1	37	4052328370	12556875456762406554	not_applicable
438	golovin_unfrozen_fixed50_extended_resolution_convergence_v1_N1048576_dt0p1_m038	golovin_unfrozen_fixed50_extended_resolution_convergence_v1	operational_stochastic	golovin	1048576	0.1	600.0	3600.0	1	38	3106681223	6645922759128026882	not_applicable
439	golovin_unfrozen_fixed50_extended_resolution_convergence_v1_N1048576_dt0p1_m039	golovin_unfrozen_fixed50_extended_resolution_convergence_v1	operational_stochastic	golovin	1048576	0.1	600.0	3600.0	1	39	2635296888	9186952987203064887	not_applicable
440	golovin_unfrozen_fixed50_extended_resolution_convergence_v1_N1048576_dt0p1_m040	golovin_unfrozen_fixed50_extended_resolution_convergence_v1	operational_stochastic	golovin	1048576	0.1	600.0	3600.0	1	40	864003505	15440624052048661374	not_applicable
441	golovin_unfrozen_fixed50_extended_resolution_convergence_v1_N1048576_dt0p1_m041	golovin_unfrozen_fixed50_extended_resolution_convergence_v1	operational_stochastic	golovin	1048576	0.1	600.0	3600.0	1	41	1143431319	11693068580402487116	not_applicable
442	golovin_unfrozen_fixed50_extended_resolution_convergence_v1_N1048576_dt0p1_m042	golovin_unfrozen_fixed50_extended_resolution_convergence_v1	operational_stochastic	golovin	1048576	0.1	600.0	3600.0	1	42	902603582	1830928116586651260	not_applicable
443	golovin_unfrozen_fixed50_extended_resolution_convergence_v1_N1048576_dt0p1_m043	golovin_unfrozen_fixed50_extended_resolution_convergence_v1	operational_stochastic	golovin	1048576	0.1	600.0	3600.0	1	43	3371349395	3681467842646318232	not_applicable
444	golovin_unfrozen_fixed50_extended_resolution_convergence_v1_N1048576_dt0p1_m044	golovin_unfrozen_fixed50_extended_resolution_convergence_v1	operational_stochastic	golovin	1048576	0.1	600.0	3600.0	1	44	543270293	3733899832644749236	not_applicable
445	golovin_unfrozen_fixed50_extended_resolution_convergence_v1_N1048576_dt0p1_m045	golovin_unfrozen_fixed50_extended_resolution_convergence_v1	operational_stochastic	golovin	1048576	0.1	600.0	3600.0	1	45	1526010471	15585562795452410585	not_applicable
446	golovin_unfrozen_fixed50_extended_resolution_convergence_v1_N1048576_dt0p1_m046	golovin_unfrozen_fixed50_extended_resolution_convergence_v1	operational_stochastic	golovin	1048576	0.1	600.0	3600.0	1	46	105311187	10395975882487669663	not_applicable
447	golovin_unfrozen_fixed50_extended_resolution_convergence_v1_N1048576_dt0p1_m047	golovin_unfrozen_fixed50_extended_resolution_convergence_v1	operational_stochastic	golovin	1048576	0.1	600.0	3600.0	1	47	2122122876	3874977873758639280	not_applicable
448	golovin_unfrozen_fixed50_extended_resolution_convergence_v1_N1048576_dt0p1_m048	golovin_unfrozen_fixed50_extended_resolution_convergence_v1	operational_stochastic	golovin	1048576	0.1	600.0	3600.0	1	48	1546565519	10441127799796216944	not_applicable
449	golovin_unfrozen_fixed50_extended_resolution_convergence_v1_N1048576_dt0p1_m049	golovin_unfrozen_fixed50_extended_resolution_convergence_v1	operational_stochastic	golovin	1048576	0.1	600.0	3600.0	1	49	3130343029	18000777787195859700	not_applicable
