ensemble_size,lower_max_superdroplets,upper_max_superdroplets,time_s,metric,full50_point_difference_lower_minus_upper,projected_95ci_low,projected_95ci_high,equivalence_margin,equivalence_pass
5,4096,8192,600.0,ensemble_mean_l1_bins_500,0.010646443679656024,0.0033377965884995526,0.06599777545682906,0.01,False
5,4096,8192,600.0,golovin_relative_error_radius_moment_0_m3,0.002918019986929295,-0.026501804650135467,0.032337844623994055,0.05,True
5,4096,8192,600.0,golovin_relative_error_radius_moment_6_um6_m3,-0.009391378343555325,-0.07894239677645805,0.06015964008934739,0.05,False
5,4096,8192,1200.0,ensemble_mean_l1_bins_500,0.01032932340727128,0.0066262858136813055,0.06757054207012901,0.01,False
5,4096,8192,1200.0,golovin_relative_error_radius_moment_0_m3,0.0011462970863592092,-0.03145608000933446,0.03374867418205288,0.05,True
5,4096,8192,1200.0,golovin_relative_error_radius_moment_6_um6_m3,-0.009496849491848577,-0.11915655817980662,0.10016285919610947,0.05,False
5,4096,8192,1800.0,ensemble_mean_l1_bins_500,0.010539323146189473,0.006316455172097276,0.06904098226857609,0.01,False
5,4096,8192,1800.0,golovin_relative_error_radius_moment_0_m3,-0.002686110060303406,-0.038352172893629036,0.03297995277302222,0.05,True
5,4096,8192,1800.0,golovin_relative_error_radius_moment_6_um6_m3,-0.005732354361670149,-0.1387441176476499,0.12727940892430958,0.05,False
5,4096,8192,2400.0,ensemble_mean_l1_bins_500,0.014121665108384713,0.008748171915542727,0.07420956353203474,0.01,False
5,4096,8192,2400.0,golovin_relative_error_radius_moment_0_m3,-0.0015882544173717438,-0.040361455540913214,0.03718494670616972,0.05,True
5,4096,8192,2400.0,golovin_relative_error_radius_moment_6_um6_m3,0.0011396646773432668,-0.15010926459314583,0.15238859394783238,0.05,False
5,4096,8192,3000.0,ensemble_mean_l1_bins_500,0.016170966190678197,0.006545369789370001,0.0829668236132613,0.01,False
5,4096,8192,3000.0,golovin_relative_error_radius_moment_0_m3,-7.9981786087523e-06,-0.03888950334213374,0.03887350698491623,0.05,True
5,4096,8192,3000.0,golovin_relative_error_radius_moment_6_um6_m3,0.009258408735591106,-0.185714457433117,0.2042312749042992,0.05,False
5,4096,8192,3600.0,ensemble_mean_l1_bins_500,0.01523766158126355,0.007439028360718312,0.09886638912534643,0.01,False
5,4096,8192,3600.0,golovin_relative_error_radius_moment_0_m3,0.00011808026243442554,-0.03915891266254951,0.03939507318741837,0.05,True
5,4096,8192,3600.0,golovin_relative_error_radius_moment_6_um6_m3,-0.011400566122131662,-0.23094540409528752,0.2081442718510242,0.05,False
5,8192,16384,600.0,ensemble_mean_l1_bins_500,0.00447613162721236,0.0030333370645717573,0.04789251332031068,0.01,False
5,8192,16384,600.0,golovin_relative_error_radius_moment_0_m3,-0.0005037539747149311,-0.0195704769285435,0.01856296897911364,0.05,True
5,8192,16384,600.0,golovin_relative_error_radius_moment_6_um6_m3,-0.006482440720361811,-0.0636298607391709,0.05066497929844727,0.05,False
5,8192,16384,1200.0,ensemble_mean_l1_bins_500,0.011324354208979644,0.003500532653868121,0.04755660122360185,0.01,False
5,8192,16384,1200.0,golovin_relative_error_radius_moment_0_m3,-0.0025524423585875965,-0.027291975172236846,0.022187090455061655,0.05,True
5,8192,16384,1200.0,golovin_relative_error_radius_moment_6_um6_m3,0.0025103638737196702,-0.07594986599710647,0.08097059374454581,0.05,False
5,8192,16384,1800.0,ensemble_mean_l1_bins_500,0.00480244635985496,0.005699849672387405,0.04990039147491266,0.01,False
5,8192,16384,1800.0,golovin_relative_error_radius_moment_0_m3,-0.0011936271905278305,-0.02711939067773568,0.024732136296680016,0.05,True
5,8192,16384,1800.0,golovin_relative_error_radius_moment_6_um6_m3,-0.0013483605455431504,-0.1000434813360194,0.0973467602449331,0.05,False
5,8192,16384,2400.0,ensemble_mean_l1_bins_500,0.00466168817817194,0.005195162550800025,0.051864285051468645,0.01,False
5,8192,16384,2400.0,golovin_relative_error_radius_moment_0_m3,0.0016517359100811733,-0.02688082309775411,0.03018429491791646,0.05,True
5,8192,16384,2400.0,golovin_relative_error_radius_moment_6_um6_m3,-0.010217970884599333,-0.12672051600685438,0.10628457423765572,0.05,False
5,8192,16384,3000.0,ensemble_mean_l1_bins_500,0.012827281353564531,0.007896726989413844,0.06452532830413839,0.01,False
5,8192,16384,3000.0,golovin_relative_error_radius_moment_0_m3,0.000918970439858131,-0.026820908076182405,0.028658848955898666,0.05,True
5,8192,16384,3000.0,golovin_relative_error_radius_moment_6_um6_m3,-0.006490784661598115,-0.14108697637494955,0.12810540705175333,0.05,False
5,8192,16384,3600.0,ensemble_mean_l1_bins_500,0.013202520108023919,0.009342060866562371,0.07388681060509245,0.01,False
5,8192,16384,3600.0,golovin_relative_error_radius_moment_0_m3,0.0010989830137686663,-0.026871436526536063,0.0290694025540734,0.05,True
5,8192,16384,3600.0,golovin_relative_error_radius_moment_6_um6_m3,0.009531054400332403,-0.16485669436286976,0.18391880316353454,0.05,False
5,16384,32768,600.0,ensemble_mean_l1_bins_500,0.006161136760722852,0.0032443495976740527,0.03523433327318043,0.01,False
5,16384,32768,600.0,golovin_relative_error_radius_moment_0_m3,-8.014604561796591e-05,-0.01268918174526546,0.012528889654029528,0.05,True
5,16384,32768,600.0,golovin_relative_error_radius_moment_6_um6_m3,0.01173651583644503,-0.031305285814266434,0.05477831748715649,0.05,False
5,16384,32768,1200.0,ensemble_mean_l1_bins_500,0.005853257028353542,0.004742021443028155,0.03561823442540846,0.01,False
5,16384,32768,1200.0,golovin_relative_error_radius_moment_0_m3,0.0040571288564103655,-0.011155223540485423,0.019269481253306152,0.05,True
5,16384,32768,1200.0,golovin_relative_error_radius_moment_6_um6_m3,0.009304513644161018,-0.052369800435330176,0.07097882772365222,0.05,False
5,16384,32768,1800.0,ensemble_mean_l1_bins_500,0.0072090668655704175,0.003178655911949214,0.03472129726094462,0.01,False
5,16384,32768,1800.0,golovin_relative_error_radius_moment_0_m3,0.0034602455734436075,-0.014856674079578512,0.02177716522646573,0.05,True
5,16384,32768,1800.0,golovin_relative_error_radius_moment_6_um6_m3,0.007117916265123314,-0.06478561806777604,0.07902145059802267,0.05,False
5,16384,32768,2400.0,ensemble_mean_l1_bins_500,0.00751030049743337,0.005547636446918195,0.03806377759318887,0.01,False
5,16384,32768,2400.0,golovin_relative_error_radius_moment_0_m3,0.0024852759826798354,-0.01599876380647321,0.02096931577183288,0.05,True
5,16384,32768,2400.0,golovin_relative_error_radius_moment_6_um6_m3,0.009559972069699996,-0.06772656313356759,0.08684650727296758,0.05,False
5,16384,32768,3000.0,ensemble_mean_l1_bins_500,0.0021359369937048803,0.002878426754925853,0.04300717999598769,0.01,False
5,16384,32768,3000.0,golovin_relative_error_radius_moment_0_m3,0.002119471252625711,-0.016746114657804248,0.020985057163055668,0.05,True
5,16384,32768,3000.0,golovin_relative_error_radius_moment_6_um6_m3,0.007043881161207308,-0.08408466566162072,0.09817242798403535,0.05,False
5,16384,32768,3600.0,ensemble_mean_l1_bins_500,0.005348978564942396,0.0034258712751402847,0.04940286060608408,0.01,False
5,16384,32768,3600.0,golovin_relative_error_radius_moment_0_m3,0.002085467647579744,-0.017057884243923675,0.021228819539083163,0.05,True
5,16384,32768,3600.0,golovin_relative_error_radius_moment_6_um6_m3,-0.006194628109735574,-0.1276621053434393,0.11527284912396817,0.05,False
5,32768,65536,600.0,ensemble_mean_l1_bins_500,0.004128061565405553,0.0015227283424530452,0.023653926688721745,0.01,False
5,32768,65536,600.0,golovin_relative_error_radius_moment_0_m3,0.002110027418174125,-0.007154624784488324,0.011374679620836575,0.05,True
5,32768,65536,600.0,golovin_relative_error_radius_moment_6_um6_m3,-0.005308097953690396,-0.03194621191910316,0.021330016011722366,0.05,True
5,32768,65536,1200.0,ensemble_mean_l1_bins_500,0.0033165862281304154,0.0017006774289884518,0.0234049097980303,0.01,False
5,32768,65536,1200.0,golovin_relative_error_radius_moment_0_m3,-0.00021531732888159017,-0.012212055191948795,0.011781420534185615,0.05,True
5,32768,65536,1200.0,golovin_relative_error_radius_moment_6_um6_m3,-0.005829066211151308,-0.047299182898885565,0.035641050476582954,0.05,True
5,32768,65536,1800.0,ensemble_mean_l1_bins_500,0.0022106959658821177,0.0029838784664118984,0.024673507778329298,0.01,False
5,32768,65536,1800.0,golovin_relative_error_radius_moment_0_m3,-0.0005116366193819945,-0.014280330630193629,0.01325705739142964,0.05,True
5,32768,65536,1800.0,golovin_relative_error_radius_moment_6_um6_m3,-0.004109276868206422,-0.053311166257922385,0.045092612521509534,0.05,False
5,32768,65536,2400.0,ensemble_mean_l1_bins_500,0.0029214316708307247,0.0019945903323274295,0.025262622189856452,0.01,False
5,32768,65536,2400.0,golovin_relative_error_radius_moment_0_m3,-0.0008068765792259502,-0.014832910324990359,0.013219157166538459,0.05,True
5,32768,65536,2400.0,golovin_relative_error_radius_moment_6_um6_m3,-0.006609878357270577,-0.06566349306334332,0.05244373634880216,0.05,False
5,32768,65536,3000.0,ensemble_mean_l1_bins_500,0.005770418455639723,0.003870370358958078,0.031849100792848424,0.01,False
5,32768,65536,3000.0,golovin_relative_error_radius_moment_0_m3,-0.000476973385106203,-0.01509443306107127,0.014140486290858865,0.05,True
5,32768,65536,3000.0,golovin_relative_error_radius_moment_6_um6_m3,-0.0059289581581573264,-0.07632738188261576,0.06446946556630109,0.05,False
5,32768,65536,3600.0,ensemble_mean_l1_bins_500,0.005294262234892724,0.0027777340105459487,0.03649279088929149,0.01,False
5,32768,65536,3600.0,golovin_relative_error_radius_moment_0_m3,-0.0006184310353840617,-0.015199236129848893,0.013962374059080771,0.05,True
5,32768,65536,3600.0,golovin_relative_error_radius_moment_6_um6_m3,-0.005842607661894012,-0.08447472391206828,0.07278950858828026,0.05,False
5,65536,131072,600.0,ensemble_mean_l1_bins_500,0.0022743987140059945,0.002031746383349793,0.017686736420436687,0.01,False
5,65536,131072,600.0,golovin_relative_error_radius_moment_0_m3,-0.0022571724052171806,-0.008975439649879863,0.004461094839445503,0.05,True
5,65536,131072,600.0,golovin_relative_error_radius_moment_6_um6_m3,-0.0003480841588496531,-0.01798485198489276,0.017288683667193452,0.05,True
5,65536,131072,1200.0,ensemble_mean_l1_bins_500,0.0018120146021446447,0.0017594410330512508,0.01736187445829633,0.01,False
5,65536,131072,1200.0,golovin_relative_error_radius_moment_0_m3,-0.002388720251492169,-0.01135614847254364,0.0065787079695593005,0.05,True
5,65536,131072,1200.0,golovin_relative_error_radius_moment_6_um6_m3,0.003932841125203463,-0.021770750758871388,0.02963643300927831,0.05,True
5,65536,131072,1800.0,ensemble_mean_l1_bins_500,0.0029760395838790577,0.0025347884054897495,0.01775973641547621,0.01,False
5,65536,131072,1800.0,golovin_relative_error_radius_moment_0_m3,-0.0017948561576964827,-0.011536477204259436,0.007946764888866472,0.05,True
5,65536,131072,1800.0,golovin_relative_error_radius_moment_6_um6_m3,0.0024392991328900473,-0.02862401848721243,0.03350261675299253,0.05,True
5,65536,131072,2400.0,ensemble_mean_l1_bins_500,0.002915254703770369,0.002051528694800037,0.018679210984602495,0.01,False
5,65536,131072,2400.0,golovin_relative_error_radius_moment_0_m3,-0.0012539710839893203,-0.011541436084469104,0.009033493916490463,0.05,True
5,65536,131072,2400.0,golovin_relative_error_radius_moment_6_um6_m3,0.0016295257509943118,-0.03527855388866745,0.03853760539065608,0.05,True
5,65536,131072,3000.0,ensemble_mean_l1_bins_500,0.00402507820412765,0.0020107593646979953,0.02155047323603008,0.01,False
5,65536,131072,3000.0,golovin_relative_error_radius_moment_0_m3,-0.0009783010397904968,-0.011379348794106086,0.009422746714525093,0.05,True
5,65536,131072,3000.0,golovin_relative_error_radius_moment_6_um6_m3,0.0033484677999073243,-0.037204672851478764,0.04390160845129341,0.05,True
5,65536,131072,3600.0,ensemble_mean_l1_bins_500,0.005604289643961436,0.00276082732040052,0.026281999065218494,0.01,False
5,65536,131072,3600.0,golovin_relative_error_radius_moment_0_m3,-0.0008456269565198626,-0.011275190324312704,0.00958393641127298,0.05,True
5,65536,131072,3600.0,golovin_relative_error_radius_moment_6_um6_m3,0.010087571690162656,-0.037736519899522494,0.0579116632798478,0.05,False
5,131072,262144,600.0,ensemble_mean_l1_bins_500,0.002497011719437583,0.0009759107785866249,0.012106945436226459,0.01,False
5,131072,262144,600.0,golovin_relative_error_radius_moment_0_m3,0.00016382287507628714,-0.004257063126341366,0.0045847088764939415,0.05,True
5,131072,262144,600.0,golovin_relative_error_radius_moment_6_um6_m3,0.0008865077998372172,-0.012365154777647188,0.014138170377321622,0.05,True
5,131072,262144,1200.0,ensemble_mean_l1_bins_500,0.0008464294219957093,0.000892093632124778,0.011869486016728993,0.01,False
5,131072,262144,1200.0,golovin_relative_error_radius_moment_0_m3,-8.657924200521582e-05,-0.005984255495688032,0.0058110970116776,0.05,True
5,131072,262144,1200.0,golovin_relative_error_radius_moment_6_um6_m3,7.791571862661006e-06,-0.01950726262903742,0.019522845772762743,0.05,True
5,131072,262144,1800.0,ensemble_mean_l1_bins_500,0.0012721035654429773,0.0005354607643088799,0.011115235433363348,0.01,False
5,131072,262144,1800.0,golovin_relative_error_radius_moment_0_m3,0.0002146955392887162,-0.006785460630839133,0.007214851709416565,0.05,True
5,131072,262144,1800.0,golovin_relative_error_radius_moment_6_um6_m3,0.0013788689827167588,-0.019781544721723776,0.02253928268715729,0.05,True
5,131072,262144,2400.0,ensemble_mean_l1_bins_500,0.001735620714457784,0.001510773909396735,0.013137242348206436,0.01,False
5,131072,262144,2400.0,golovin_relative_error_radius_moment_0_m3,-4.2403988575356226e-07,-0.007145186892929899,0.007144338813158392,0.05,True
5,131072,262144,2400.0,golovin_relative_error_radius_moment_6_um6_m3,0.0014596419037190356,-0.026729898354936357,0.029649182162374426,0.05,True
5,131072,262144,3000.0,ensemble_mean_l1_bins_500,0.0027775652188570202,0.0014222160606596572,0.01564448742781549,0.01,False
5,131072,262144,3000.0,golovin_relative_error_radius_moment_0_m3,-0.00038104480703589957,-0.0076431076678737464,0.006881018053801947,0.05,True
5,131072,262144,3000.0,golovin_relative_error_radius_moment_6_um6_m3,-0.0016255043479852008,-0.031819422734349574,0.02856841403837917,0.05,True
5,131072,262144,3600.0,ensemble_mean_l1_bins_500,0.0017254934217523984,0.0014486261731850587,0.0180230463079966,0.01,False
5,131072,262144,3600.0,golovin_relative_error_radius_moment_0_m3,-0.0005136906947181564,-0.007973564105903615,0.0069461827164673026,0.05,True
5,131072,262144,3600.0,golovin_relative_error_radius_moment_6_um6_m3,-0.0049779613673325345,-0.0409603884754857,0.03100446574082063,0.05,True
5,262144,524288,600.0,ensemble_mean_l1_bins_500,0.0007355156887138433,0.00025546563204970177,0.008286602820398515,0.01,True
5,262144,524288,600.0,golovin_relative_error_radius_moment_0_m3,0.00040141646928275597,-0.002510627503723391,0.003313460442288903,0.05,True
5,262144,524288,600.0,golovin_relative_error_radius_moment_6_um6_m3,-0.0014727588055359676,-0.010513277981837231,0.007567760370765297,0.05,True
5,262144,524288,1200.0,ensemble_mean_l1_bins_500,0.0017338786552034127,0.0007668107381225502,0.008254637688557748,0.01,True
5,262144,524288,1200.0,golovin_relative_error_radius_moment_0_m3,0.0004847951379755466,-0.0030554399056844307,0.004025030181635524,0.05,True
5,262144,524288,1200.0,golovin_relative_error_radius_moment_6_um6_m3,-0.0025171231595888036,-0.01687071231059785,0.011836465991420244,0.05,True
5,262144,524288,1800.0,ensemble_mean_l1_bins_500,6.46959507032141e-05,0.00043982887198540995,0.007723561277968497,0.01,True
5,262144,524288,1800.0,golovin_relative_error_radius_moment_0_m3,0.0003837102741382026,-0.00368257705849088,0.004449997606767285,0.05,True
5,262144,524288,1800.0,golovin_relative_error_radius_moment_6_um6_m3,-0.00348228201715288,-0.020074910847806233,0.013110346813500474,0.05,True
5,262144,524288,2400.0,ensemble_mean_l1_bins_500,0.0006598738745946893,0.000891946243522735,0.008849423974007689,0.01,True
5,262144,524288,2400.0,golovin_relative_error_radius_moment_0_m3,0.0004035918554146756,-0.003920000668404325,0.004727184379233676,0.05,True
5,262144,524288,2400.0,golovin_relative_error_radius_moment_6_um6_m3,-0.0037443082844848875,-0.024292012394639875,0.016803395825670097,0.05,True
5,262144,524288,3000.0,ensemble_mean_l1_bins_500,0.001516543545350411,0.0012224302799772263,0.010901624402497674,0.01,False
5,262144,524288,3000.0,golovin_relative_error_radius_moment_0_m3,0.0007277641279180336,-0.003628334871998746,0.005083863127834813,0.05,True
5,262144,524288,3000.0,golovin_relative_error_radius_moment_6_um6_m3,-0.0038374098021472934,-0.02657126766398158,0.018896448059686995,0.05,True
5,262144,524288,3600.0,ensemble_mean_l1_bins_500,0.0032703426268106423,0.001792985437805155,0.013472902191084492,0.01,False
5,262144,524288,3600.0,golovin_relative_error_radius_moment_0_m3,0.0007689713332399318,-0.0036058232613952277,0.005143765927875091,0.05,True
5,262144,524288,3600.0,golovin_relative_error_radius_moment_6_um6_m3,-0.005357345645719678,-0.034289868268859866,0.02357517697742051,0.05,True
5,524288,1048576,600.0,ensemble_mean_l1_bins_500,0.0010780850054800933,0.0006385480623529043,0.006230045803235411,0.01,True
5,524288,1048576,600.0,golovin_relative_error_radius_moment_0_m3,-8.31498148549792e-05,-0.0023130587387459843,0.0021467591090360257,0.05,True
5,524288,1048576,600.0,golovin_relative_error_radius_moment_6_um6_m3,0.0012328279854281511,-0.004669014776671745,0.007134670747528047,0.05,True
5,524288,1048576,1200.0,ensemble_mean_l1_bins_500,0.0009844293107363067,0.0006959076862392856,0.006171242734799517,0.01,True
5,524288,1048576,1200.0,golovin_relative_error_radius_moment_0_m3,0.0004598926614633192,-0.002283765246907728,0.0032035505698343666,0.05,True
5,524288,1048576,1200.0,golovin_relative_error_radius_moment_6_um6_m3,0.0014552631040591346,-0.008058755885881405,0.010969282093999675,0.05,True
5,524288,1048576,1800.0,ensemble_mean_l1_bins_500,0.0010559623399274479,0.0002858697020118368,0.005376952642116564,0.01,True
5,524288,1048576,1800.0,golovin_relative_error_radius_moment_0_m3,0.00044236324496952587,-0.0025670251028794247,0.0034517515928184765,0.05,True
5,524288,1048576,1800.0,golovin_relative_error_radius_moment_6_um6_m3,0.001893796506546459,-0.008237862787437693,0.012025455800530611,0.05,True
5,524288,1048576,2400.0,ensemble_mean_l1_bins_500,0.0007962183811570352,0.0005997385291744496,0.00599259378028109,0.01,True
5,524288,1048576,2400.0,golovin_relative_error_radius_moment_0_m3,0.0002887796449694635,-0.0028719395655280445,0.0034494988554669716,0.05,True
5,524288,1048576,2400.0,golovin_relative_error_radius_moment_6_um6_m3,0.0021344281150293297,-0.010231594760489494,0.014500450990548155,0.05,True
5,524288,1048576,3000.0,ensemble_mean_l1_bins_500,0.0008141929583655801,0.0006634959027105689,0.00756104923627698,0.01,True
5,524288,1048576,3000.0,golovin_relative_error_radius_moment_0_m3,0.00020163086389133998,-0.0029862312012293247,0.0033894929290120045,0.05,True
5,524288,1048576,3000.0,golovin_relative_error_radius_moment_6_um6_m3,0.0024725315069291432,-0.012851188264750292,0.01779625127860858,0.05,True
5,524288,1048576,3600.0,ensemble_mean_l1_bins_500,0.0010994792830759216,0.0009429881821539688,0.009007028738093514,0.01,True
5,524288,1048576,3600.0,golovin_relative_error_radius_moment_0_m3,0.00019295888261293247,-0.0030377520783507173,0.003423669843576582,0.05,True
5,524288,1048576,3600.0,golovin_relative_error_radius_moment_6_um6_m3,0.002438405528546057,-0.017369644736914512,0.022246455794006623,0.05,True
6,4096,8192,600.0,ensemble_mean_l1_bins_500,0.010646443679656024,0.0030016280113357953,0.06016689545774186,0.01,False
6,4096,8192,600.0,golovin_relative_error_radius_moment_0_m3,0.002918019986929295,-0.022863411492464337,0.02869945146632293,0.05,True
6,4096,8192,600.0,golovin_relative_error_radius_moment_6_um6_m3,-0.009391378343555325,-0.07066160183309254,0.0518788451459819,0.05,False
6,4096,8192,1200.0,ensemble_mean_l1_bins_500,0.01032932340727128,0.0056742205768694496,0.06117471518278488,0.01,False
6,4096,8192,1200.0,golovin_relative_error_radius_moment_0_m3,0.0011462970863592092,-0.0275669778995572,0.029859572072275617,0.05,True
6,4096,8192,1200.0,golovin_relative_error_radius_moment_6_um6_m3,-0.009496849491848577,-0.10570755988030772,0.08671386089661057,0.05,False
6,4096,8192,1800.0,ensemble_mean_l1_bins_500,0.010539323146189473,0.005667503784073043,0.061859371871049056,0.01,False
6,4096,8192,1800.0,golovin_relative_error_radius_moment_0_m3,-0.002686110060303406,-0.03404087742379345,0.028668657303186636,0.05,True
6,4096,8192,1800.0,golovin_relative_error_radius_moment_6_um6_m3,-0.005732354361670149,-0.1226763033234733,0.11121159460013301,0.05,False
6,4096,8192,2400.0,ensemble_mean_l1_bins_500,0.014121665108384713,0.007821439099606671,0.0674748920357018,0.01,False
6,4096,8192,2400.0,golovin_relative_error_radius_moment_0_m3,-0.0015882544173717438,-0.03570295753823855,0.03252644870349506,0.05,True
6,4096,8192,2400.0,golovin_relative_error_radius_moment_6_um6_m3,0.0011396646773432668,-0.13208174490965338,0.13436107426433994,0.05,False
6,4096,8192,3000.0,ensemble_mean_l1_bins_500,0.016170966190678197,0.005170191247302146,0.0749732356864199,0.01,False
6,4096,8192,3000.0,golovin_relative_error_radius_moment_0_m3,-7.9981786087523e-06,-0.0341825676366706,0.03416657127945309,0.05,True
6,4096,8192,3000.0,golovin_relative_error_radius_moment_6_um6_m3,0.009258408735591106,-0.16196743190174628,0.1804842493729285,0.05,False
6,4096,8192,3600.0,ensemble_mean_l1_bins_500,0.01523766158126355,0.007288585695726903,0.09014407653001255,0.01,False
6,4096,8192,3600.0,golovin_relative_error_radius_moment_0_m3,0.00011808026243442554,-0.03439937307659992,0.034635533601468774,0.05,True
6,4096,8192,3600.0,golovin_relative_error_radius_moment_6_um6_m3,-0.011400566122131662,-0.20480332369503676,0.18200219145077343,0.05,False
6,8192,16384,600.0,ensemble_mean_l1_bins_500,0.00447613162721236,0.0024070376276969347,0.04331978867763367,0.01,False
6,8192,16384,600.0,golovin_relative_error_radius_moment_0_m3,-0.0005037539747149311,-0.017208789080849003,0.016201281131419144,0.05,True
6,8192,16384,600.0,golovin_relative_error_radius_moment_6_um6_m3,-0.006482440720361811,-0.056793754844646244,0.04382887340392262,0.05,False
6,8192,16384,1200.0,ensemble_mean_l1_bins_500,0.011324354208979644,0.003562242482908235,0.04395860742785938,0.01,False
6,8192,16384,1200.0,golovin_relative_error_radius_moment_0_m3,-0.0025524423585875965,-0.0241569159245812,0.01905203120740601,0.05,True
6,8192,16384,1200.0,golovin_relative_error_radius_moment_6_um6_m3,0.0025103638737196702,-0.06659956061818406,0.0716202883656234,0.05,False
6,8192,16384,1800.0,ensemble_mean_l1_bins_500,0.00480244635985496,0.005222583185814984,0.045865009578992345,0.01,False
6,8192,16384,1800.0,golovin_relative_error_radius_moment_0_m3,-0.0011936271905278305,-0.023945636380674915,0.02155838199961925,0.05,True
6,8192,16384,1800.0,golovin_relative_error_radius_moment_6_um6_m3,-0.0013483605455431504,-0.08811007529520505,0.08541335420411876,0.05,False
6,8192,16384,2400.0,ensemble_mean_l1_bins_500,0.00466168817817194,0.004330260666616092,0.04790635280307816,0.01,False
6,8192,16384,2400.0,golovin_relative_error_radius_moment_0_m3,0.0016517359100811733,-0.023318957400322755,0.0266224292204851,0.05,True
6,8192,16384,2400.0,golovin_relative_error_radius_moment_6_um6_m3,-0.010217970884599333,-0.11218421181888678,0.09174827004968812,0.05,False
6,8192,16384,3000.0,ensemble_mean_l1_bins_500,0.012827281353564531,0.007752375564688025,0.06018004234139316,0.01,False
6,8192,16384,3000.0,golovin_relative_error_radius_moment_0_m3,0.000918970439858131,-0.02338644000100084,0.0252243808807171,0.05,True
6,8192,16384,3000.0,golovin_relative_error_radius_moment_6_um6_m3,-0.006490784661598115,-0.12433168860215853,0.11135011927896231,0.05,False
6,8192,16384,3600.0,ensemble_mean_l1_bins_500,0.013202520108023919,0.00856541398742288,0.06842034660367512,0.01,False
6,8192,16384,3600.0,golovin_relative_error_radius_moment_0_m3,0.0010989830137686663,-0.023419242655356422,0.02561720868289375,0.05,True
6,8192,16384,3600.0,golovin_relative_error_radius_moment_6_um6_m3,0.009531054400332403,-0.14362026806365463,0.16268237686431947,0.05,False
6,16384,32768,600.0,ensemble_mean_l1_bins_500,0.006161136760722852,0.003269668221438854,0.03197103552788471,0.01,False
6,16384,32768,600.0,golovin_relative_error_radius_moment_0_m3,-8.014604561796591e-05,-0.011162343052842054,0.011002050961606122,0.05,True
6,16384,32768,600.0,golovin_relative_error_radius_moment_6_um6_m3,0.01173651583644503,-0.025927754383955903,0.04940078605684596,0.05,True
6,16384,32768,1200.0,ensemble_mean_l1_bins_500,0.005853257028353542,0.0043079417887397975,0.032784761833810745,0.01,False
6,16384,32768,1200.0,golovin_relative_error_radius_moment_0_m3,0.0040571288564103655,-0.0093346373488386,0.01744889506165933,0.05,True
6,16384,32768,1200.0,golovin_relative_error_radius_moment_6_um6_m3,0.009304513644161018,-0.044828869761483175,0.06343789704980521,0.05,False
6,16384,32768,1800.0,ensemble_mean_l1_bins_500,0.0072090668655704175,0.0028386343843007015,0.0315341528920936,0.01,False
6,16384,32768,1800.0,golovin_relative_error_radius_moment_0_m3,0.0034602455734436075,-0.012656506489839023,0.01957699763672624,0.05,True
6,16384,32768,1800.0,golovin_relative_error_radius_moment_6_um6_m3,0.007117916265123314,-0.05600899049756469,0.07024482302781132,0.05,False
6,16384,32768,2400.0,ensemble_mean_l1_bins_500,0.00751030049743337,0.005245702247490288,0.034703252841134055,0.01,False
6,16384,32768,2400.0,golovin_relative_error_radius_moment_0_m3,0.0024852759826798354,-0.013775939324526951,0.018746491289886622,0.05,True
6,16384,32768,2400.0,golovin_relative_error_radius_moment_6_um6_m3,0.009559972069699996,-0.058511492456130534,0.07763143659553053,0.05,False
6,16384,32768,3000.0,ensemble_mean_l1_bins_500,0.0021359369937048803,0.0025103405278241067,0.038778413186609295,0.01,False
6,16384,32768,3000.0,golovin_relative_error_radius_moment_0_m3,0.002119471252625711,-0.014490483597599637,0.018729426102851058,0.05,True
6,16384,32768,3000.0,golovin_relative_error_radius_moment_6_um6_m3,0.007043881161207308,-0.07325199420989435,0.08733975653230898,0.05,False
6,16384,32768,3600.0,ensemble_mean_l1_bins_500,0.005348978564942396,0.0030201291297973464,0.04500384885407252,0.01,False
6,16384,32768,3600.0,golovin_relative_error_radius_moment_0_m3,0.002085467647579744,-0.014762543710615042,0.01893347900577453,0.05,True
6,16384,32768,3600.0,golovin_relative_error_radius_moment_6_um6_m3,-0.006194628109735574,-0.11268210867777953,0.10029285245830838,0.05,False
6,32768,65536,600.0,ensemble_mean_l1_bins_500,0.004128061565405553,0.0014170946854481726,0.021577844089544895,0.01,False
6,32768,65536,600.0,golovin_relative_error_radius_moment_0_m3,0.002110027418174125,-0.006035594911374088,0.010255649747722338,0.05,True
6,32768,65536,600.0,golovin_relative_error_radius_moment_6_um6_m3,-0.005308097953690396,-0.028635762011507193,0.018019566104126403,0.05,True
6,32768,65536,1200.0,ensemble_mean_l1_bins_500,0.0033165862281304154,0.0016364319484146216,0.0211741284578096,0.01,False
6,32768,65536,1200.0,golovin_relative_error_radius_moment_0_m3,-0.00021531732888159017,-0.010770938395726414,0.010340303737963234,0.05,True
6,32768,65536,1200.0,golovin_relative_error_radius_moment_6_um6_m3,-0.005829066211151308,-0.042070498359989765,0.03041236593768715,0.05,True
6,32768,65536,1800.0,ensemble_mean_l1_bins_500,0.0022106959658821177,0.0025697855728550613,0.02244347473839387,0.01,False
6,32768,65536,1800.0,golovin_relative_error_radius_moment_0_m3,-0.0005116366193819945,-0.01259714431804709,0.0115738710792831,0.05,True
6,32768,65536,1800.0,golovin_relative_error_radius_moment_6_um6_m3,-0.004109276868206422,-0.047194160802558324,0.03897560706614547,0.05,True
6,32768,65536,2400.0,ensemble_mean_l1_bins_500,0.0029214316708307247,0.001877341033169366,0.02292411383602123,0.01,False
6,32768,65536,2400.0,golovin_relative_error_radius_moment_0_m3,-0.0008068765792259502,-0.013136786594511313,0.011523033436059413,0.05,True
6,32768,65536,2400.0,golovin_relative_error_radius_moment_6_um6_m3,-0.006609878357270577,-0.058231484490965935,0.04501172777642477,0.05,False
6,32768,65536,3000.0,ensemble_mean_l1_bins_500,0.005770418455639723,0.003517377194899652,0.028807575591877174,0.01,False
6,32768,65536,3000.0,golovin_relative_error_radius_moment_0_m3,-0.000476973385106203,-0.013314442260342872,0.012360495490130467,0.05,True
6,32768,65536,3000.0,golovin_relative_error_radius_moment_6_um6_m3,-0.0059289581581573264,-0.06731827661111439,0.05546036029479974,0.05,False
6,32768,65536,3600.0,ensemble_mean_l1_bins_500,0.005294262234892724,0.0028037246140315388,0.033270079637274255,0.01,False
6,32768,65536,3600.0,golovin_relative_error_radius_moment_0_m3,-0.0006184310353840617,-0.01342193641754226,0.012185074346774138,0.05,True
6,32768,65536,3600.0,golovin_relative_error_radius_moment_6_um6_m3,-0.005842607661894012,-0.07455615142348226,0.06287093609969424,0.05,False
6,65536,131072,600.0,ensemble_mean_l1_bins_500,0.0022743987140059945,0.0016847571497126163,0.01624686329166175,0.01,False
6,65536,131072,600.0,golovin_relative_error_radius_moment_0_m3,-0.0022571724052171806,-0.008148301545165838,0.0036339567347314773,0.05,True
6,65536,131072,600.0,golovin_relative_error_radius_moment_6_um6_m3,-0.0003480841588496531,-0.015866649047779884,0.015170480730080578,0.05,True
6,65536,131072,1200.0,ensemble_mean_l1_bins_500,0.0018120146021446447,0.001506917742986744,0.015874360087338717,0.01,False
6,65536,131072,1200.0,golovin_relative_error_radius_moment_0_m3,-0.002388720251492169,-0.010254908947955839,0.0054774684449715,0.05,True
6,65536,131072,1200.0,golovin_relative_error_radius_moment_6_um6_m3,0.003932841125203463,-0.018676196004820247,0.02654187825522717,0.05,True
6,65536,131072,1800.0,ensemble_mean_l1_bins_500,0.0029760395838790577,0.002364274155562551,0.01618923641260862,0.01,False
6,65536,131072,1800.0,golovin_relative_error_radius_moment_0_m3,-0.0017948561576964827,-0.010363641567156263,0.006773929251763298,0.05,True
6,65536,131072,1800.0,golovin_relative_error_radius_moment_6_um6_m3,0.0024392991328900473,-0.024759363973199482,0.02963796223897958,0.05,True
6,65536,131072,2400.0,ensemble_mean_l1_bins_500,0.002915254703770369,0.0018116595550602065,0.01713051719493519,0.01,False
6,65536,131072,2400.0,golovin_relative_error_radius_moment_0_m3,-0.0012539710839893203,-0.01029243772938151,0.007784495561402869,0.05,True
6,65536,131072,2400.0,golovin_relative_error_radius_moment_6_um6_m3,0.0016295257509943118,-0.030836398730270036,0.03409545023225866,0.05,True
6,65536,131072,3000.0,ensemble_mean_l1_bins_500,0.00402507820412765,0.002057170709840748,0.019775654560987635,0.01,False
6,65536,131072,3000.0,golovin_relative_error_radius_moment_0_m3,-0.0009783010397904968,-0.01011851477673193,0.008161912697150938,0.05,True
6,65536,131072,3000.0,golovin_relative_error_radius_moment_6_um6_m3,0.0033484677999073243,-0.032293660676852104,0.03899059627666675,0.05,True
6,65536,131072,3600.0,ensemble_mean_l1_bins_500,0.005604289643961436,0.002558223696009873,0.023742395802754307,0.01,False
6,65536,131072,3600.0,golovin_relative_error_radius_moment_0_m3,-0.0008456269565198626,-0.0100181265162637,0.008326872603223977,0.05,True
6,65536,131072,3600.0,golovin_relative_error_radius_moment_6_um6_m3,0.010087571690162656,-0.03191910859253527,0.05209425197286059,0.05,False
6,131072,262144,600.0,ensemble_mean_l1_bins_500,0.002497011719437583,0.000822725400893392,0.011202980339330428,0.01,False
6,131072,262144,600.0,golovin_relative_error_radius_moment_0_m3,0.00016382287507628714,-0.0037067490190369873,0.004034394769189561,0.05,True
6,131072,262144,600.0,golovin_relative_error_radius_moment_6_um6_m3,0.0008865077998372172,-0.010743692529173694,0.012516708128848128,0.05,True
6,131072,262144,1200.0,ensemble_mean_l1_bins_500,0.0008464294219957093,0.0008410053977628114,0.010775151665509831,0.01,False
6,131072,262144,1200.0,golovin_relative_error_radius_moment_0_m3,-8.657924200521582e-05,-0.005236920551044735,0.005063762067034303,0.05,True
6,131072,262144,1200.0,golovin_relative_error_radius_moment_6_um6_m3,7.791571862661006e-06,-0.017155796735451055,0.017171379879176378,0.05,True
6,131072,262144,1800.0,ensemble_mean_l1_bins_500,0.0012721035654429773,0.00040935377008808666,0.01002293810863258,0.01,False
6,131072,262144,1800.0,golovin_relative_error_radius_moment_0_m3,0.0002146955392887162,-0.00589183596753336,0.006321227046110792,0.05,True
6,131072,262144,1800.0,golovin_relative_error_radius_moment_6_um6_m3,0.0013788689827167588,-0.017268369099399633,0.020026107064833147,0.05,True
6,131072,262144,2400.0,ensemble_mean_l1_bins_500,0.001735620714457784,0.0011849344701974195,0.011972720982449588,0.01,False
6,131072,262144,2400.0,golovin_relative_error_radius_moment_0_m3,-4.2403988575356226e-07,-0.006244553743707914,0.006243705663936407,0.05,True
6,131072,262144,2400.0,golovin_relative_error_radius_moment_6_um6_m3,0.0014596419037190356,-0.023340726107136524,0.026260009914574594,0.05,True
6,131072,262144,3000.0,ensemble_mean_l1_bins_500,0.0027775652188570202,0.0012158167005503484,0.01403881043855237,0.01,False
6,131072,262144,3000.0,golovin_relative_error_radius_moment_0_m3,-0.00038104480703589957,-0.00672458116420776,0.0059624915501359605,0.05,True
6,131072,262144,3000.0,golovin_relative_error_radius_moment_6_um6_m3,-0.0016255043479852008,-0.028197285173278814,0.024946276477308415,0.05,True
6,131072,262144,3600.0,ensemble_mean_l1_bins_500,0.0017254934217523984,0.001352649496875463,0.016390343097502227,0.01,False
6,131072,262144,3600.0,golovin_relative_error_radius_moment_0_m3,-0.0005136906947181564,-0.007023276266079901,0.005995894876643589,0.05,True
6,131072,262144,3600.0,golovin_relative_error_radius_moment_6_um6_m3,-0.0049779613673325345,-0.03668761753715944,0.02673169480249437,0.05,True
6,262144,524288,600.0,ensemble_mean_l1_bins_500,0.0007355156887138433,0.00035656737002569917,0.007552689035861634,0.01,True
6,262144,524288,600.0,golovin_relative_error_radius_moment_0_m3,0.00040141646928275597,-0.0021611846847337645,0.002964017623299276,0.05,True
6,262144,524288,600.0,golovin_relative_error_radius_moment_6_um6_m3,-0.0014727588055359676,-0.009399184316753286,0.006453666705681352,0.05,True
6,262144,524288,1200.0,ensemble_mean_l1_bins_500,0.0017338786552034127,0.000680176607980005,0.007570196482479308,0.01,True
6,262144,524288,1200.0,golovin_relative_error_radius_moment_0_m3,0.0004847951379755466,-0.0026265700116186405,0.0035961602875697334,0.05,True
6,262144,524288,1200.0,golovin_relative_error_radius_moment_6_um6_m3,-0.0025171231595888036,-0.015107382445843347,0.01007313612666574,0.05,True
6,262144,524288,1800.0,ensemble_mean_l1_bins_500,6.46959507032141e-05,0.000261923666134354,0.006924828732092085,0.01,True
6,262144,524288,1800.0,golovin_relative_error_radius_moment_0_m3,0.0003837102741382026,-0.003189481157888665,0.0039569017061650705,0.05,True
6,262144,524288,1800.0,golovin_relative_error_radius_moment_6_um6_m3,-0.00348228201715288,-0.017986269942628128,0.011021705908322368,0.05,True
6,262144,524288,2400.0,ensemble_mean_l1_bins_500,0.0006598738745946893,0.0007313402933388452,0.008042649863877566,0.01,True
6,262144,524288,2400.0,golovin_relative_error_radius_moment_0_m3,0.0004035918554146756,-0.0033908463521193965,0.004198030062948748,0.05,True
6,262144,524288,2400.0,golovin_relative_error_radius_moment_6_um6_m3,-0.0037443082844848875,-0.021703931913768383,0.014215315344798607,0.05,True
6,262144,524288,3000.0,ensemble_mean_l1_bins_500,0.001516543545350411,0.0011184626814136395,0.010010284365576425,0.01,False
6,262144,524288,3000.0,golovin_relative_error_radius_moment_0_m3,0.0007277641279180336,-0.0030975248294475488,0.004553053085283616,0.05,True
6,262144,524288,3000.0,golovin_relative_error_radius_moment_6_um6_m3,-0.0038374098021472934,-0.02377953814842054,0.016104718544125953,0.05,True
6,262144,524288,3600.0,ensemble_mean_l1_bins_500,0.0032703426268106423,0.001655266614141093,0.012466763918226393,0.01,False
6,262144,524288,3600.0,golovin_relative_error_radius_moment_0_m3,0.0007689713332399318,-0.0030754939485739888,0.004613436615053852,0.05,True
6,262144,524288,3600.0,golovin_relative_error_radius_moment_6_um6_m3,-0.005357345645719678,-0.030747628502055684,0.020032937210616327,0.05,True
6,524288,1048576,600.0,ensemble_mean_l1_bins_500,0.0010780850054800933,0.0005934883653363997,0.005675438195339881,0.01,True
6,524288,1048576,600.0,golovin_relative_error_radius_moment_0_m3,-8.31498148549792e-05,-0.0020430510949972338,0.0018767514652872751,0.05,True
6,524288,1048576,600.0,golovin_relative_error_radius_moment_6_um6_m3,0.0012328279854281511,-0.0039305067166513176,0.00639616268750762,0.05,True
6,524288,1048576,1200.0,ensemble_mean_l1_bins_500,0.0009844293107363067,0.0006069861255384407,0.0056758310739045475,0.01,True
6,524288,1048576,1200.0,golovin_relative_error_radius_moment_0_m3,0.0004598926614633192,-0.001958656730475048,0.002878442053401687,0.05,True
6,524288,1048576,1200.0,golovin_relative_error_radius_moment_6_um6_m3,0.0014552631040591346,-0.006870933670473313,0.009781459878591582,0.05,True
6,524288,1048576,1800.0,ensemble_mean_l1_bins_500,0.0010559623399274479,0.00019548718080832206,0.004903390220370787,0.01,True
6,524288,1048576,1800.0,golovin_relative_error_radius_moment_0_m3,0.00044236324496952587,-0.002206071914303725,0.003090798404242777,0.05,True
6,524288,1048576,1800.0,golovin_relative_error_radius_moment_6_um6_m3,0.001893796506546459,-0.007000995185248738,0.010788588198341656,0.05,True
6,524288,1048576,2400.0,ensemble_mean_l1_bins_500,0.0007962183811570352,0.0004911867315885017,0.005399800553514383,0.01,True
6,524288,1048576,2400.0,golovin_relative_error_radius_moment_0_m3,0.0002887796449694635,-0.002496515875631319,0.003074075165570246,0.05,True
6,524288,1048576,2400.0,golovin_relative_error_radius_moment_6_um6_m3,0.0021344281150293297,-0.00870550223746551,0.01297435846752417,0.05,True
6,524288,1048576,3000.0,ensemble_mean_l1_bins_500,0.0008141929583655801,0.000596465722352944,0.006867789954666338,0.01,True
6,524288,1048576,3000.0,golovin_relative_error_radius_moment_0_m3,0.00020163086389133998,-0.002605541904840057,0.0030088036326227367,0.05,True
6,524288,1048576,3000.0,golovin_relative_error_radius_moment_6_um6_m3,0.0024725315069291432,-0.010969796205269559,0.015914859219127844,0.05,True
6,524288,1048576,3600.0,ensemble_mean_l1_bins_500,0.0010994792830759216,0.0008570335208702379,0.008280146665307912,0.01,True
6,524288,1048576,3600.0,golovin_relative_error_radius_moment_0_m3,0.00019295888261293247,-0.0026495987896477517,0.0030355165548736165,0.05,True
6,524288,1048576,3600.0,golovin_relative_error_radius_moment_6_um6_m3,0.002438405528546057,-0.014942648571508252,0.019819459628600364,0.05,True
7,4096,8192,600.0,ensemble_mean_l1_bins_500,0.010646443679656024,0.0034204978966725936,0.05605259642249466,0.01,False
7,4096,8192,600.0,golovin_relative_error_radius_moment_0_m3,0.002918019986929295,-0.02032589093555671,0.026161930909415303,0.05,True
7,4096,8192,600.0,golovin_relative_error_radius_moment_6_um6_m3,-0.009391378343555325,-0.06481627703073733,0.04603352034362668,0.05,False
7,4096,8192,1200.0,ensemble_mean_l1_bins_500,0.01032932340727128,0.0049515629075635665,0.05732334617023345,0.01,False
7,4096,8192,1200.0,golovin_relative_error_radius_moment_0_m3,0.0011462970863592092,-0.024823364156678795,0.027115958329397213,0.05,True
7,4096,8192,1200.0,golovin_relative_error_radius_moment_6_um6_m3,-0.009496849491848577,-0.09630287823221827,0.07730917924852111,0.05,False
7,4096,8192,1800.0,ensemble_mean_l1_bins_500,0.010539323146189473,0.005584471247482733,0.05804705616097892,0.01,False
7,4096,8192,1800.0,golovin_relative_error_radius_moment_0_m3,-0.002686110060303406,-0.031012155130365093,0.02563993500975828,0.05,True
7,4096,8192,1800.0,golovin_relative_error_radius_moment_6_um6_m3,-0.005732354361670149,-0.11138616876680527,0.09992146004346497,0.05,False
7,4096,8192,2400.0,ensemble_mean_l1_bins_500,0.014121665108384713,0.007633331740287011,0.06311537782599358,0.01,False
7,4096,8192,2400.0,golovin_relative_error_radius_moment_0_m3,-0.0015882544173717438,-0.032424015256639134,0.02924750642189565,0.05,True
7,4096,8192,2400.0,golovin_relative_error_radius_moment_6_um6_m3,0.0011396646773432668,-0.11936071316712306,0.12164004252180959,0.05,False
7,4096,8192,3000.0,ensemble_mean_l1_bins_500,0.016170966190678197,0.004576476960856172,0.07000813864810397,0.01,False
7,4096,8192,3000.0,golovin_relative_error_radius_moment_0_m3,-7.9981786087523e-06,-0.030877456022881677,0.030861459665664174,0.05,True
7,4096,8192,3000.0,golovin_relative_error_radius_moment_6_um6_m3,0.009258408735591106,-0.14532490681306087,0.1638417242842431,0.05,False
7,4096,8192,3600.0,ensemble_mean_l1_bins_500,0.01523766158126355,0.006930760065104724,0.08426325474763792,0.01,False
7,4096,8192,3600.0,golovin_relative_error_radius_moment_0_m3,0.00011808026243442554,-0.03105837739243629,0.03129453791730514,0.05,True
7,4096,8192,3600.0,golovin_relative_error_radius_moment_6_um6_m3,-0.011400566122131662,-0.18635055807804396,0.16354942583378063,0.05,False
7,8192,16384,600.0,ensemble_mean_l1_bins_500,0.00447613162721236,0.0018232597272860058,0.040048748765918046,0.01,False
7,8192,16384,600.0,golovin_relative_error_radius_moment_0_m3,-0.0005037539747149311,-0.015562497318448216,0.014554989369018353,0.05,True
7,8192,16384,600.0,golovin_relative_error_radius_moment_6_um6_m3,-0.006482440720361811,-0.05197539876689405,0.039010517326170426,0.05,False
7,8192,16384,1200.0,ensemble_mean_l1_bins_500,0.011324354208979644,0.003291064487118703,0.041035436162709854,0.01,False
7,8192,16384,1200.0,golovin_relative_error_radius_moment_0_m3,-0.0025524423585875965,-0.02198738323695366,0.01688249851977847,0.05,True
7,8192,16384,1200.0,golovin_relative_error_radius_moment_6_um6_m3,0.0025103638737196702,-0.06000123891354016,0.0650219666609795,0.05,False
7,8192,16384,1800.0,ensemble_mean_l1_bins_500,0.00480244635985496,0.00420760700682772,0.04217720949365162,0.01,False
7,8192,16384,1800.0,golovin_relative_error_radius_moment_0_m3,-0.0011936271905278305,-0.02172497588512866,0.019337721504073,0.05,True
7,8192,16384,1800.0,golovin_relative_error_radius_moment_6_um6_m3,-0.0013483605455431504,-0.07972746530664958,0.07703074421556329,0.05,False
7,8192,16384,2400.0,ensemble_mean_l1_bins_500,0.00466168817817194,0.0036210076797827087,0.04412811293760245,0.01,False
7,8192,16384,2400.0,golovin_relative_error_radius_moment_0_m3,0.0016517359100811733,-0.02084221516795278,0.02414568698811513,0.05,True
7,8192,16384,2400.0,golovin_relative_error_radius_moment_6_um6_m3,-0.010217970884599333,-0.10207477634034867,0.08163883457115001,0.05,False
7,8192,16384,3000.0,ensemble_mean_l1_bins_500,0.012827281353564531,0.007209540386101612,0.055266821763092555,0.01,False
7,8192,16384,3000.0,golovin_relative_error_radius_moment_0_m3,0.000918970439858131,-0.02099199531673849,0.02282993619645475,0.05,True
7,8192,16384,3000.0,golovin_relative_error_radius_moment_6_um6_m3,-0.006490784661598115,-0.11267047847368387,0.09968890915048766,0.05,False
7,8192,16384,3600.0,ensemble_mean_l1_bins_500,0.013202520108023919,0.007596446260722545,0.06367389286384431,0.01,False
7,8192,16384,3600.0,golovin_relative_error_radius_moment_0_m3,0.0010989830137686663,-0.02101004051567934,0.023208006543216676,0.05,True
7,8192,16384,3600.0,golovin_relative_error_radius_moment_6_um6_m3,0.009531054400332403,-0.12873647811322347,0.14779858691388825,0.05,False
7,16384,32768,600.0,ensemble_mean_l1_bins_500,0.006161136760722852,0.002927363022280307,0.03001952125404521,0.01,False
7,16384,32768,600.0,golovin_relative_error_radius_moment_0_m3,-8.014604561796591e-05,-0.010090319820819368,0.009930027729583436,0.05,True
7,16384,32768,600.0,golovin_relative_error_radius_moment_6_um6_m3,0.01173651583644503,-0.022189466752631993,0.04566249842552206,0.05,True
7,16384,32768,1200.0,ensemble_mean_l1_bins_500,0.005853257028353542,0.004099488630660507,0.030786880530201954,0.01,False
7,16384,32768,1200.0,golovin_relative_error_radius_moment_0_m3,0.0040571288564103655,-0.008051606218998097,0.01616586393181883,0.05,True
7,16384,32768,1200.0,golovin_relative_error_radius_moment_6_um6_m3,0.009304513644161018,-0.03955050434711844,0.05815953163544047,0.05,False
7,16384,32768,1800.0,ensemble_mean_l1_bins_500,0.0072090668655704175,0.0026385183665565384,0.029603961846262714,0.01,False
7,16384,32768,1800.0,golovin_relative_error_radius_moment_0_m3,0.0034602455734436075,-0.011107765620652146,0.01802825676753936,0.05,True
7,16384,32768,1800.0,golovin_relative_error_radius_moment_6_um6_m3,0.007117916265123314,-0.04986234269096479,0.06409817522121142,0.05,False
7,16384,32768,2400.0,ensemble_mean_l1_bins_500,0.00751030049743337,0.00487032498992041,0.0323616604822899,0.01,False
7,16384,32768,2400.0,golovin_relative_error_radius_moment_0_m3,0.0024852759826798354,-0.012211826016339822,0.01718237798169949,0.05,True
7,16384,32768,2400.0,golovin_relative_error_radius_moment_6_um6_m3,0.009559972069699996,-0.05200963839869494,0.07112958253809493,0.05,False
7,16384,32768,3000.0,ensemble_mean_l1_bins_500,0.0021359369937048803,0.0020435756633028807,0.03561637086511321,0.01,False
7,16384,32768,3000.0,golovin_relative_error_radius_moment_0_m3,0.002119471252625711,-0.012900377788092502,0.017139320293343925,0.05,True
7,16384,32768,3000.0,golovin_relative_error_radius_moment_6_um6_m3,0.007043881161207308,-0.06560149935400252,0.07968926167641714,0.05,False
7,16384,32768,3600.0,ensemble_mean_l1_bins_500,0.005348978564942396,0.0026695807830771014,0.04225226475134423,0.01,False
7,16384,32768,3600.0,golovin_relative_error_radius_moment_0_m3,0.002085467647579744,-0.013145896364208603,0.017316831659368093,0.05,True
7,16384,32768,3600.0,golovin_relative_error_radius_moment_6_um6_m3,-0.006194628109735574,-0.1022252929756443,0.08983603675617315,0.05,False
7,32768,65536,600.0,ensemble_mean_l1_bins_500,0.004128061565405553,0.0011840276154372856,0.020262287187230416,0.01,False
7,32768,65536,600.0,golovin_relative_error_radius_moment_0_m3,0.002110027418174125,-0.005249271552311827,0.009469326388660076,0.05,True
7,32768,65536,600.0,golovin_relative_error_radius_moment_6_um6_m3,-0.005308097953690396,-0.02633053710597447,0.01571434119859368,0.05,True
7,32768,65536,1200.0,ensemble_mean_l1_bins_500,0.0033165862281304154,0.001185115581807968,0.019822577510063864,0.01,False
7,32768,65536,1200.0,golovin_relative_error_radius_moment_0_m3,-0.00021531732888159017,-0.009756532365359581,0.009325897707596401,0.05,True
7,32768,65536,1200.0,golovin_relative_error_radius_moment_6_um6_m3,-0.005829066211151308,-0.03844626863981852,0.02678813621751591,0.05,True
7,32768,65536,1800.0,ensemble_mean_l1_bins_500,0.0022106959658821177,0.0022950244770446335,0.020852228427328545,0.01,False
7,32768,65536,1800.0,golovin_relative_error_radius_moment_0_m3,-0.0005116366193819945,-0.011418907759627546,0.010395634520863556,0.05,True
7,32768,65536,1800.0,golovin_relative_error_radius_moment_6_um6_m3,-0.004109276868206422,-0.042935139420000656,0.034716585683587806,0.05,True
7,32768,65536,2400.0,ensemble_mean_l1_bins_500,0.0029214316708307247,0.0015050391521855264,0.021250749027273703,0.01,False
7,32768,65536,2400.0,golovin_relative_error_radius_moment_0_m3,-0.0008068765792259502,-0.011945392963281818,0.010331639804829918,0.05,True
7,32768,65536,2400.0,golovin_relative_error_radius_moment_6_um6_m3,-0.006609878357270577,-0.053077009841326656,0.039857253126785494,0.05,False
7,32768,65536,3000.0,ensemble_mean_l1_bins_500,0.005770418455639723,0.003522512727842357,0.026890883005747074,0.01,False
7,32768,65536,3000.0,golovin_relative_error_radius_moment_0_m3,-0.000476973385106203,-0.012066897654067292,0.011112950883854887,0.05,True
7,32768,65536,3000.0,golovin_relative_error_radius_moment_6_um6_m3,-0.0059289581581573264,-0.06110335179236343,0.04924543547604878,0.05,False
7,32768,65536,3600.0,ensemble_mean_l1_bins_500,0.005294262234892724,0.002547569314476521,0.031055685334596166,0.01,False
7,32768,65536,3600.0,golovin_relative_error_radius_moment_0_m3,-0.0006184310353840617,-0.012176672573682464,0.010939810502914342,0.05,True
7,32768,65536,3600.0,golovin_relative_error_radius_moment_6_um6_m3,-0.005842607661894012,-0.06768212733702228,0.05599691201323426,0.05,False
7,65536,131072,600.0,ensemble_mean_l1_bins_500,0.0022743987140059945,0.0015520658311288737,0.015116577043327539,0.01,False
7,65536,131072,600.0,golovin_relative_error_radius_moment_0_m3,-0.0022571724052171806,-0.007570606797325156,0.0030562619868907954,0.05,True
7,65536,131072,600.0,golovin_relative_error_radius_moment_6_um6_m3,-0.0003480841588496531,-0.014375545152898489,0.013679376835199184,0.05,True
7,65536,131072,1200.0,ensemble_mean_l1_bins_500,0.0018120146021446447,0.0013016144239609902,0.014638877925219248,0.01,False
7,65536,131072,1200.0,golovin_relative_error_radius_moment_0_m3,-0.002388720251492169,-0.009485150718102233,0.004707710215117896,0.05,True
7,65536,131072,1200.0,golovin_relative_error_radius_moment_6_um6_m3,0.003932841125203463,-0.01649946866223921,0.02436515091264614,0.05,True
7,65536,131072,1800.0,ensemble_mean_l1_bins_500,0.0029760395838790577,0.0023206024495201244,0.015229199173272997,0.01,False
7,65536,131072,1800.0,golovin_relative_error_radius_moment_0_m3,-0.0017948561576964827,-0.009538663280526431,0.005948950965133465,0.05,True
7,65536,131072,1800.0,golovin_relative_error_radius_moment_6_um6_m3,0.0024392991328900473,-0.022069166657553384,0.02694776492333348,0.05,True
7,65536,131072,2400.0,ensemble_mean_l1_bins_500,0.002915254703770369,0.0017473899814465094,0.015892064357916687,0.01,False
7,65536,131072,2400.0,golovin_relative_error_radius_moment_0_m3,-0.0012539710839893203,-0.00941622314202136,0.006908280974042719,0.05,True
7,65536,131072,2400.0,golovin_relative_error_radius_moment_6_um6_m3,0.0016295257509943118,-0.027711460502766724,0.030970512004755348,0.05,True
7,65536,131072,3000.0,ensemble_mean_l1_bins_500,0.00402507820412765,0.001841515129280001,0.018490388246668096,0.01,False
7,65536,131072,3000.0,golovin_relative_error_radius_moment_0_m3,-0.0009783010397904968,-0.00923356221285136,0.007276960133270368,0.05,True
7,65536,131072,3000.0,golovin_relative_error_radius_moment_6_um6_m3,0.0033484677999073243,-0.028845631964242408,0.035542567564057055,0.05,True
7,65536,131072,3600.0,ensemble_mean_l1_bins_500,0.005604289643961436,0.0023300375787497227,0.02246469910173965,0.01,False
7,65536,131072,3600.0,golovin_relative_error_radius_moment_0_m3,-0.0008456269565198626,-0.009134214782575034,0.007442960869535309,0.05,True
7,65536,131072,3600.0,golovin_relative_error_radius_moment_6_um6_m3,0.010087571690162656,-0.027840471614550093,0.0480156149948754,0.05,True
7,131072,262144,600.0,ensemble_mean_l1_bins_500,0.002497011719437583,0.0008467583378434062,0.010401094654301783,0.01,False
7,131072,262144,600.0,golovin_relative_error_radius_moment_0_m3,0.00016382287507628714,-0.003323740839031935,0.0036513865891845093,0.05,True
7,131072,262144,600.0,golovin_relative_error_radius_moment_6_um6_m3,0.0008865077998372172,-0.009608992783964118,0.011382008383638552,0.05,True
7,131072,262144,1200.0,ensemble_mean_l1_bins_500,0.0008464294219957093,0.0006287571951795521,0.009988349998369297,0.01,True
7,131072,262144,1200.0,golovin_relative_error_radius_moment_0_m3,-8.657924200521582e-05,-0.004719740096666452,0.00454658161265602,0.05,True
7,131072,262144,1200.0,golovin_relative_error_radius_moment_6_um6_m3,7.791571862661006e-06,-0.015502202258649409,0.015517785402374732,0.05,True
7,131072,262144,1800.0,ensemble_mean_l1_bins_500,0.0012721035654429773,0.0002996557599606428,0.009308925081753313,0.01,True
7,131072,262144,1800.0,golovin_relative_error_radius_moment_0_m3,0.0002146955392887162,-0.005274881887887866,0.005704272966465298,0.05,True
7,131072,262144,1800.0,golovin_relative_error_radius_moment_6_um6_m3,0.0013788689827167588,-0.015492963098685622,0.01825070106411914,0.05,True
7,131072,262144,2400.0,ensemble_mean_l1_bins_500,0.001735620714457784,0.001102536489717848,0.011063334180084925,0.01,False
7,131072,262144,2400.0,golovin_relative_error_radius_moment_0_m3,-4.2403988575356226e-07,-0.005620240940081779,0.005619392860310273,0.05,True
7,131072,262144,2400.0,golovin_relative_error_radius_moment_6_um6_m3,0.0014596419037190356,-0.0209557216548948,0.02387500546233287,0.05,True
7,131072,262144,3000.0,ensemble_mean_l1_bins_500,0.0027775652188570202,0.001210012345828998,0.013311396677173572,0.01,False
7,131072,262144,3000.0,golovin_relative_error_radius_moment_0_m3,-0.00038104480703589957,-0.006088554451012043,0.005326464836940244,0.05,True
7,131072,262144,3000.0,golovin_relative_error_radius_moment_6_um6_m3,-0.0016255043479852008,-0.025646554465949423,0.022395545769979024,0.05,True
7,131072,262144,3600.0,ensemble_mean_l1_bins_500,0.0017254934217523984,0.001186090597262127,0.015164071853690406,0.01,False
7,131072,262144,3600.0,golovin_relative_error_radius_moment_0_m3,-0.0005136906947181564,-0.006366754877419967,0.005339373487983655,0.05,True
7,131072,262144,3600.0,golovin_relative_error_radius_moment_6_um6_m3,-0.0049779613673325345,-0.0336689895661218,0.023713066831456728,0.05,True
7,262144,524288,600.0,ensemble_mean_l1_bins_500,0.0007355156887138433,0.00025151603578807,0.007008499732932204,0.01,True
7,262144,524288,600.0,golovin_relative_error_radius_moment_0_m3,0.00040141646928275597,-0.0019151287981270225,0.0027179617366925343,0.05,True
7,262144,524288,600.0,golovin_relative_error_radius_moment_6_um6_m3,-0.0014727588055359676,-0.008621304726427081,0.005675787115355145,0.05,True
7,262144,524288,1200.0,ensemble_mean_l1_bins_500,0.0017338786552034127,0.0006966842444308297,0.007015039990535576,0.01,True
7,262144,524288,1200.0,golovin_relative_error_radius_moment_0_m3,0.0004847951379755466,-0.0023254921615268264,0.0032950824374779193,0.05,True
7,262144,524288,1200.0,golovin_relative_error_radius_moment_6_um6_m3,-0.0025171231595888036,-0.013874971681681034,0.008840725362503427,0.05,True
7,262144,524288,1800.0,ensemble_mean_l1_bins_500,6.46959507032141e-05,0.0001596921569055921,0.006340221580093915,0.01,True
7,262144,524288,1800.0,golovin_relative_error_radius_moment_0_m3,0.0003837102741382026,-0.002843426198391605,0.0036108467466680104,0.05,True
7,262144,524288,1800.0,golovin_relative_error_radius_moment_6_um6_m3,-0.00348228201715288,-0.016537786343447027,0.009573222309141267,0.05,True
7,262144,524288,2400.0,ensemble_mean_l1_bins_500,0.0006598738745946893,0.0006555181220681077,0.00741819333747058,0.01,True
7,262144,524288,2400.0,golovin_relative_error_radius_moment_0_m3,0.0004035918554146756,-0.0030205714136431632,0.0038277551244725147,0.05,True
7,262144,524288,2400.0,golovin_relative_error_radius_moment_6_um6_m3,-0.0037443082844848875,-0.01990943552712432,0.012420818958154544,0.05,True
7,262144,524288,3000.0,ensemble_mean_l1_bins_500,0.001516543545350411,0.0009939393958086817,0.009340921809486627,0.01,True
7,262144,524288,3000.0,golovin_relative_error_radius_moment_0_m3,0.0007277641279180336,-0.0027255756555385757,0.004181103911374643,0.05,True
7,262144,524288,3000.0,golovin_relative_error_radius_moment_6_um6_m3,-0.0038374098021472934,-0.021828120442743026,0.01415330083844844,0.05,True
7,262144,524288,3600.0,ensemble_mean_l1_bins_500,0.0032703426268106423,0.0014662557386594618,0.011606158508860773,0.01,False
7,262144,524288,3600.0,golovin_relative_error_radius_moment_0_m3,0.0007689713332399318,-0.002703269031544945,0.004241211698024808,0.05,True
7,262144,524288,3600.0,golovin_relative_error_radius_moment_6_um6_m3,-0.005357345645719678,-0.028269231045710032,0.017554539754270675,0.05,True
7,524288,1048576,600.0,ensemble_mean_l1_bins_500,0.0010780850054800933,0.0005632913178410427,0.005313402836627614,0.01,True
7,524288,1048576,600.0,golovin_relative_error_radius_moment_0_m3,-8.31498148549792e-05,-0.0018534703661095375,0.0016871707363995789,0.05,True
7,524288,1048576,600.0,golovin_relative_error_radius_moment_6_um6_m3,0.0012328279854281511,-0.0034173742351012257,0.005883030205957528,0.05,True
7,524288,1048576,1200.0,ensemble_mean_l1_bins_500,0.0009844293107363067,0.0005764923420460424,0.005293968809658975,0.01,True
7,524288,1048576,1200.0,golovin_relative_error_radius_moment_0_m3,0.0004598926614633192,-0.0017288200770170417,0.0026486053999436802,0.05,True
7,524288,1048576,1200.0,golovin_relative_error_radius_moment_6_um6_m3,0.0014552631040591346,-0.006045012569066867,0.008955538777185136,0.05,True
7,524288,1048576,1800.0,ensemble_mean_l1_bins_500,0.0010559623399274479,0.00018258767802596445,0.0045419834526752145,0.01,True
7,524288,1048576,1800.0,golovin_relative_error_radius_moment_0_m3,0.00044236324496952587,-0.0019518730471046624,0.002836599537043714,0.05,True
7,524288,1048576,1800.0,golovin_relative_error_radius_moment_6_um6_m3,0.001893796506546459,-0.006134805202102108,0.009922398215195026,0.05,True
7,524288,1048576,2400.0,ensemble_mean_l1_bins_500,0.0007962183811570352,0.0005019587535416256,0.004993237448106648,0.01,True
7,524288,1048576,2400.0,golovin_relative_error_radius_moment_0_m3,0.0002887796449694635,-0.0022313089867709674,0.0028088682767098945,0.05,True
7,524288,1048576,2400.0,golovin_relative_error_radius_moment_6_um6_m3,0.0021344281150293297,-0.007640443952175409,0.01190930018223407,0.05,True
7,524288,1048576,3000.0,ensemble_mean_l1_bins_500,0.0008141929583655801,0.0005635423790640509,0.006333861265598898,0.01,True
7,524288,1048576,3000.0,golovin_relative_error_radius_moment_0_m3,0.00020163086389133998,-0.0023370722135928343,0.002740333941375514,0.05,True
7,524288,1048576,3000.0,golovin_relative_error_radius_moment_6_um6_m3,0.0024725315069291432,-0.009654622021902185,0.01459968503576047,0.05,True
7,524288,1048576,3600.0,ensemble_mean_l1_bins_500,0.0010994792830759216,0.0007605204920764032,0.00782372373024638,0.01,True
7,524288,1048576,3600.0,golovin_relative_error_radius_moment_0_m3,0.00019295888261293247,-0.0023763904147675666,0.0027623081799934314,0.05,True
7,524288,1048576,3600.0,golovin_relative_error_radius_moment_6_um6_m3,0.002438405528546057,-0.013244970403860882,0.018121781460952995,0.05,True
8,4096,8192,600.0,ensemble_mean_l1_bins_500,0.010646443679656024,0.002630918019309042,0.05255070115424437,0.01,False
8,4096,8192,600.0,golovin_relative_error_radius_moment_0_m3,0.002918019986929295,-0.018423717318302772,0.024259757292161364,0.05,True
8,4096,8192,600.0,golovin_relative_error_radius_moment_6_um6_m3,-0.009391378343555325,-0.06039854706905734,0.041615790381946696,0.05,False
8,4096,8192,1200.0,ensemble_mean_l1_bins_500,0.01032932340727128,0.004850433762802022,0.054142127088859196,0.01,False
8,4096,8192,1200.0,golovin_relative_error_radius_moment_0_m3,0.0011462970863592092,-0.022750668983069402,0.02504326315578782,0.05,True
8,4096,8192,1200.0,golovin_relative_error_radius_moment_6_um6_m3,-0.009496849491848577,-0.08924022370767888,0.07024652472398173,0.05,False
8,4096,8192,1800.0,ensemble_mean_l1_bins_500,0.010539323146189473,0.004950507890384477,0.05511604857116561,0.01,False
8,4096,8192,1800.0,golovin_relative_error_radius_moment_0_m3,-0.002686110060303406,-0.02873056434340835,0.023358344222801537,0.05,True
8,4096,8192,1800.0,golovin_relative_error_radius_moment_6_um6_m3,-0.005732354361670149,-0.10287990493229326,0.09141519620895297,0.05,False
8,4096,8192,2400.0,ensemble_mean_l1_bins_500,0.014121665108384713,0.006492837626102603,0.06012126154564729,0.01,False
8,4096,8192,2400.0,golovin_relative_error_radius_moment_0_m3,-0.0015882544173717438,-0.029950704750281366,0.026774195915537875,0.05,True
8,4096,8192,2400.0,golovin_relative_error_radius_moment_6_um6_m3,0.0011396646773432668,-0.10974877145550892,0.11202810081019544,0.05,False
8,4096,8192,3000.0,ensemble_mean_l1_bins_500,0.016170966190678197,0.003672716417319693,0.06600812518796838,0.01,False
8,4096,8192,3000.0,golovin_relative_error_radius_moment_0_m3,-7.9981786087523e-06,-0.028388447954293485,0.028372451597075982,0.05,True
8,4096,8192,3000.0,golovin_relative_error_radius_moment_6_um6_m3,0.009258408735591106,-0.1328081624705364,0.15132497994171862,0.05,False
8,4096,8192,3600.0,ensemble_mean_l1_bins_500,0.01523766158126355,0.00553075233277999,0.07955808739357703,0.01,False
8,4096,8192,3600.0,golovin_relative_error_radius_moment_0_m3,0.00011808026243442554,-0.028542883297226224,0.028779043822095073,0.05,True
8,4096,8192,3600.0,golovin_relative_error_radius_moment_6_um6_m3,-0.011400566122131662,-0.17240481608100341,0.14960368383674008,0.05,False
8,8192,16384,600.0,ensemble_mean_l1_bins_500,0.00447613162721236,0.00157751836560512,0.038030671003418295,0.01,False
8,8192,16384,600.0,golovin_relative_error_radius_moment_0_m3,-0.0005037539747149311,-0.014328821637513969,0.013321313688084107,0.05,True
8,8192,16384,600.0,golovin_relative_error_radius_moment_6_um6_m3,-0.006482440720361811,-0.04833749112358379,0.03537260968286017,0.05,True
8,8192,16384,1200.0,ensemble_mean_l1_bins_500,0.011324354208979644,0.0030733869020754053,0.0393609013877688,0.01,False
8,8192,16384,1200.0,golovin_relative_error_radius_moment_0_m3,-0.0025524423585875965,-0.020369636053243108,0.015264751336067917,0.05,True
8,8192,16384,1200.0,golovin_relative_error_radius_moment_6_um6_m3,0.0025103638737196702,-0.055015417471247316,0.06003614521868665,0.05,False
8,8192,16384,1800.0,ensemble_mean_l1_bins_500,0.00480244635985496,0.00412806018264811,0.03912647149177674,0.01,False
8,8192,16384,1800.0,golovin_relative_error_radius_moment_0_m3,-0.0011936271905278305,-0.020056657963314288,0.017669403582258623,0.05,True
8,8192,16384,1800.0,golovin_relative_error_radius_moment_6_um6_m3,-0.0013483605455431504,-0.0734130578214576,0.07071633673037131,0.05,False
8,8192,16384,2400.0,ensemble_mean_l1_bins_500,0.00466168817817194,0.00277381286943426,0.04133462823608379,0.01,False
8,8192,16384,2400.0,golovin_relative_error_radius_moment_0_m3,0.0016517359100811733,-0.01898936254679666,0.022292834366959002,0.05,True
8,8192,16384,2400.0,golovin_relative_error_radius_moment_6_um6_m3,-0.010217970884599333,-0.09451107675243638,0.07407513498323771,0.05,False
8,8192,16384,3000.0,ensemble_mean_l1_bins_500,0.012827281353564531,0.0067606185481039,0.05280015637667101,0.01,False
8,8192,16384,3000.0,golovin_relative_error_radius_moment_0_m3,0.000918970439858131,-0.01919750784923536,0.021035448728951623,0.05,True
8,8192,16384,3000.0,golovin_relative_error_radius_moment_6_um6_m3,-0.006490784661598115,-0.10394141728042335,0.09095984795722713,0.05,False
8,8192,16384,3600.0,ensemble_mean_l1_bins_500,0.013202520108023919,0.0069971053370316855,0.060077212561001674,0.01,False
8,8192,16384,3600.0,golovin_relative_error_radius_moment_0_m3,0.0010989830137686663,-0.019203271613616443,0.021401237641153772,0.05,True
8,8192,16384,3600.0,golovin_relative_error_radius_moment_6_um6_m3,0.009531054400332403,-0.11754208183297658,0.13660419063364138,0.05,False
8,16384,32768,600.0,ensemble_mean_l1_bins_500,0.006161136760722852,0.0027067753849658233,0.02835176938379157,0.01,False
8,16384,32768,600.0,golovin_relative_error_radius_moment_0_m3,-8.014604561796591e-05,-0.009283048707274548,0.009122756616038617,0.05,True
8,16384,32768,600.0,golovin_relative_error_radius_moment_6_um6_m3,0.01173651583644503,-0.019393347628953065,0.04286637930184313,0.05,True
8,16384,32768,1200.0,ensemble_mean_l1_bins_500,0.005853257028353542,0.004007806769297782,0.029064812523422537,0.01,False
8,16384,32768,1200.0,golovin_relative_error_radius_moment_0_m3,0.0040571288564103655,-0.007083001631705035,0.015197259344525767,0.05,True
8,16384,32768,1200.0,golovin_relative_error_radius_moment_6_um6_m3,0.009304513644161018,-0.035583995255674086,0.05419302254399612,0.05,False
8,16384,32768,1800.0,ensemble_mean_l1_bins_500,0.0072090668655704175,0.0025236011175416555,0.027948827014308234,0.01,False
8,16384,32768,1800.0,golovin_relative_error_radius_moment_0_m3,0.0034602455734436075,-0.00993948430301288,0.016859975449900096,0.05,True
8,16384,32768,1800.0,golovin_relative_error_radius_moment_6_um6_m3,0.007117916265123314,-0.045241645616140864,0.05947747814638749,0.05,False
8,16384,32768,2400.0,ensemble_mean_l1_bins_500,0.00751030049743337,0.004496840250917368,0.030891468101653514,0.01,False
8,16384,32768,2400.0,golovin_relative_error_radius_moment_0_m3,0.0024852759826798354,-0.011032242960952239,0.01600279492631191,0.05,True
8,16384,32768,2400.0,golovin_relative_error_radius_moment_6_um6_m3,0.009559972069699996,-0.04709723934070911,0.0662171834801091,0.05,False
8,16384,32768,3000.0,ensemble_mean_l1_bins_500,0.0021359369937048803,0.001704825941718035,0.03355641046713131,0.01,False
8,16384,32768,3000.0,golovin_relative_error_radius_moment_0_m3,0.002119471252625711,-0.011699704778309426,0.01593864728356085,0.05,True
8,16384,32768,3000.0,golovin_relative_error_radius_moment_6_um6_m3,0.007043881161207308,-0.059817514228738274,0.0739052765511529,0.05,False
8,16384,32768,3600.0,ensemble_mean_l1_bins_500,0.005348978564942396,0.002664237792387716,0.03972891837020474,0.01,False
8,16384,32768,3600.0,golovin_relative_error_radius_moment_0_m3,0.002085467647579744,-0.01192592388146598,0.01609685917662547,0.05,True
8,16384,32768,3600.0,golovin_relative_error_radius_moment_6_um6_m3,-0.006194628109735574,-0.09438191295742786,0.0819926567379567,0.05,False
8,32768,65536,600.0,ensemble_mean_l1_bins_500,0.004128061565405553,0.001264672161870181,0.019076786768051295,0.01,False
8,32768,65536,600.0,golovin_relative_error_radius_moment_0_m3,0.002110027418174125,-0.0046568203937964485,0.008876875230144698,0.05,True
8,32768,65536,600.0,golovin_relative_error_radius_moment_6_um6_m3,-0.005308097953690396,-0.024604315664224986,0.013988119756844195,0.05,True
8,32768,65536,1200.0,ensemble_mean_l1_bins_500,0.0033165862281304154,0.0010237643412358687,0.018729993996974646,0.01,False
8,32768,65536,1200.0,golovin_relative_error_radius_moment_0_m3,-0.00021531732888159017,-0.008991334972630386,0.008560700314867206,0.05,True
8,32768,65536,1200.0,golovin_relative_error_radius_moment_6_um6_m3,-0.005829066211151308,-0.035740827866706674,0.024082695444404056,0.05,True
8,32768,65536,1800.0,ensemble_mean_l1_bins_500,0.0022106959658821177,0.0021023717460358165,0.01951315273927989,0.01,False
8,32768,65536,1800.0,golovin_relative_error_radius_moment_0_m3,-0.0005116366193819945,-0.010533468052457876,0.009510194813693886,0.05,True
8,32768,65536,1800.0,golovin_relative_error_radius_moment_6_um6_m3,-0.004109276868206422,-0.039746132577884216,0.03152757884147138,0.05,True
8,32768,65536,2400.0,ensemble_mean_l1_bins_500,0.0029214316708307247,0.0015021043537278929,0.020003449203408716,0.01,False
8,32768,65536,2400.0,golovin_relative_error_radius_moment_0_m3,-0.0008068765792259502,-0.011047970305972267,0.009434217147520367,0.05,True
8,32768,65536,2400.0,golovin_relative_error_radius_moment_6_um6_m3,-0.006609878357270577,-0.04922772538741624,0.03600796867287509,0.05,True
8,32768,65536,3000.0,ensemble_mean_l1_bins_500,0.005770418455639723,0.003386779336617353,0.02557081990948949,0.01,False
8,32768,65536,3000.0,golovin_relative_error_radius_moment_0_m3,-0.000476973385106203,-0.011128585266257374,0.010174638496044969,0.05,True
8,32768,65536,3000.0,golovin_relative_error_radius_moment_6_um6_m3,-0.0059289581581573264,-0.05647899934205564,0.04462108302574099,0.05,False
8,32768,65536,3600.0,ensemble_mean_l1_bins_500,0.005294262234892724,0.0023594300961880623,0.029354843257667934,0.01,False
8,32768,65536,3600.0,golovin_relative_error_radius_moment_0_m3,-0.0006184310353840617,-0.011240276835320726,0.010003414764552604,0.05,True
8,32768,65536,3600.0,golovin_relative_error_radius_moment_6_um6_m3,-0.005842607661894012,-0.06255125009116819,0.05086603476738016,0.05,False
8,65536,131072,600.0,ensemble_mean_l1_bins_500,0.0022743987140059945,0.0013807362125476637,0.014149261031430806,0.01,False
8,65536,131072,600.0,golovin_relative_error_radius_moment_0_m3,-0.0022571724052171806,-0.00713713573208403,0.0026227909216496683,0.05,True
8,65536,131072,600.0,golovin_relative_error_radius_moment_6_um6_m3,-0.0003480841588496531,-0.013250711437371176,0.012554543119671871,0.05,True
8,65536,131072,1200.0,ensemble_mean_l1_bins_500,0.0018120146021446447,0.0011544325983892825,0.013737668343154857,0.01,False
8,65536,131072,1200.0,golovin_relative_error_radius_moment_0_m3,-0.002388720251492169,-0.008907247661768892,0.0041298071587845524,0.05,True
8,65536,131072,1200.0,golovin_relative_error_radius_moment_6_um6_m3,0.003932841125203463,-0.014858282446064098,0.022723964696471026,0.05,True
8,65536,131072,1800.0,ensemble_mean_l1_bins_500,0.0029760395838790577,0.0022123886979262047,0.01416208762363159,0.01,False
8,65536,131072,1800.0,golovin_relative_error_radius_moment_0_m3,-0.0017948561576964827,-0.008916655224348948,0.005326942908955983,0.05,True
8,65536,131072,1800.0,golovin_relative_error_radius_moment_6_um6_m3,0.0024392991328900473,-0.020055147685134396,0.024933745950914493,0.05,True
8,65536,131072,2400.0,ensemble_mean_l1_bins_500,0.002915254703770369,0.0014543866134692277,0.014926617475656162,0.01,False
8,65536,131072,2400.0,golovin_relative_error_radius_moment_0_m3,-0.0012539710839893203,-0.0087567759550768,0.006248833787098159,0.05,True
8,65536,131072,2400.0,golovin_relative_error_radius_moment_6_um6_m3,0.0016295257509943118,-0.02535519828347986,0.028614249785468483,0.05,True
8,65536,131072,3000.0,ensemble_mean_l1_bins_500,0.00402507820412765,0.0015853608936128548,0.017388423846252592,0.01,False
8,65536,131072,3000.0,golovin_relative_error_radius_moment_0_m3,-0.0009783010397904968,-0.008567316795107109,0.006610714715526116,0.05,True
8,65536,131072,3000.0,golovin_relative_error_radius_moment_6_um6_m3,0.0033484677999073243,-0.026249190636881803,0.03294612623669645,0.05,True
8,65536,131072,3600.0,ensemble_mean_l1_bins_500,0.005604289643961436,0.002234546026135691,0.021331282484971834,0.01,False
8,65536,131072,3600.0,golovin_relative_error_radius_moment_0_m3,-0.0008456269565198626,-0.00846793261008107,0.006776678697041344,0.05,True
8,65536,131072,3600.0,golovin_relative_error_radius_moment_6_um6_m3,0.010087571690162656,-0.0247721133790969,0.04494725675942221,0.05,True
8,131072,262144,600.0,ensemble_mean_l1_bins_500,0.002497011719437583,0.0008775107774449192,0.00976941257810895,0.01,True
8,131072,262144,600.0,golovin_relative_error_radius_moment_0_m3,0.00016382287507628714,-0.003037035474309646,0.00336468122446222,0.05,True
8,131072,262144,600.0,golovin_relative_error_radius_moment_6_um6_m3,0.0008865077998372172,-0.008756438842643306,0.01052945444231774,0.05,True
8,131072,262144,1200.0,ensemble_mean_l1_bins_500,0.0008464294219957093,0.0006418664774169541,0.009361091846420292,0.01,True
8,131072,262144,1200.0,golovin_relative_error_radius_moment_0_m3,-8.657924200521582e-05,-0.004334092269694316,0.004160933785683884,0.05,True
8,131072,262144,1200.0,golovin_relative_error_radius_moment_6_um6_m3,7.791571862661006e-06,-0.014255667007853242,0.014271250151578565,0.05,True
8,131072,262144,1800.0,ensemble_mean_l1_bins_500,0.0012721035654429773,0.00021301867173788983,0.008547066915056054,0.01,True
8,131072,262144,1800.0,golovin_relative_error_radius_moment_0_m3,0.0002146955392887162,-0.004815576428310366,0.005244967506887798,0.05,True
8,131072,262144,1800.0,golovin_relative_error_radius_moment_6_um6_m3,0.0013788689827167588,-0.01415045427316791,0.016908192238601426,0.05,True
8,131072,262144,2400.0,ensemble_mean_l1_bins_500,0.001735620714457784,0.0010650148938305835,0.010456563012864547,0.01,False
8,131072,262144,2400.0,golovin_relative_error_radius_moment_0_m3,-4.2403988575356226e-07,-0.005154176838103351,0.005153328758331845,0.05,True
8,131072,262144,2400.0,golovin_relative_error_radius_moment_6_um6_m3,0.0014596419037190356,-0.019156968643677576,0.022076252451115646,0.05,True
8,131072,262144,3000.0,ensemble_mean_l1_bins_500,0.0027775652188570202,0.0010631878906143823,0.012620559646280703,0.01,False
8,131072,262144,3000.0,golovin_relative_error_radius_moment_0_m3,-0.00038104480703589957,-0.005614095334794107,0.004852005720722308,0.05,True
8,131072,262144,3000.0,golovin_relative_error_radius_moment_6_um6_m3,-0.0016255043479852008,-0.023721899179107424,0.020470890483137025,0.05,True
8,131072,262144,3600.0,ensemble_mean_l1_bins_500,0.0017254934217523984,0.0008933915962517976,0.014188029117332357,0.01,False
8,131072,262144,3600.0,golovin_relative_error_radius_moment_0_m3,-0.0005136906947181564,-0.005877765936816362,0.00485038454738005,0.05,True
8,131072,262144,3600.0,golovin_relative_error_radius_moment_6_um6_m3,-0.0049779613673325345,-0.031386304114099615,0.021430381379434548,0.05,True
8,262144,524288,600.0,ensemble_mean_l1_bins_500,0.0007355156887138433,0.00013641521092101365,0.0066873761972494235,0.01,True
8,262144,524288,600.0,golovin_relative_error_radius_moment_0_m3,0.00040141646928275597,-0.0017294793612165702,0.002532312299782082,0.05,True
8,262144,524288,600.0,golovin_relative_error_radius_moment_6_um6_m3,-0.0014727588055359676,-0.00803774402237746,0.005092226411305524,0.05,True
8,262144,524288,1200.0,ensemble_mean_l1_bins_500,0.0017338786552034127,0.0006128252977362249,0.006697969781654889,0.01,True
8,262144,524288,1200.0,golovin_relative_error_radius_moment_0_m3,0.0004847951379755466,-0.002098790424261071,0.0030683807002121638,0.05,True
8,262144,524288,1200.0,golovin_relative_error_radius_moment_6_um6_m3,-0.0025171231595888036,-0.012949801172296854,0.007915554853119247,0.05,True
8,262144,524288,1800.0,ensemble_mean_l1_bins_500,6.46959507032141e-05,9.217902496939182e-05,0.0058738395346947855,0.01,True
8,262144,524288,1800.0,golovin_relative_error_radius_moment_0_m3,0.0003837102741382026,-0.0025829149257138107,0.0033503354739902154,0.05,True
8,262144,524288,1800.0,golovin_relative_error_radius_moment_6_um6_m3,-0.00348228201715288,-0.015456128573509925,0.008491564539204166,0.05,True
8,262144,524288,2400.0,ensemble_mean_l1_bins_500,0.0006598738745946893,0.0005580156610383814,0.006983137531957942,0.01,True
8,262144,524288,2400.0,golovin_relative_error_radius_moment_0_m3,0.0004035918554146756,-0.002742380188866359,0.0035495638996957107,0.05,True
8,262144,524288,2400.0,golovin_relative_error_radius_moment_6_um6_m3,-0.0037443082844848875,-0.018569570319323225,0.01108095375035345,0.05,True
8,262144,524288,3000.0,ensemble_mean_l1_bins_500,0.001516543545350411,0.0008359875749972932,0.008774929062716671,0.01,True
8,262144,524288,3000.0,golovin_relative_error_radius_moment_0_m3,0.0007277641279180336,-0.0024458635114384284,0.0039013917672744954,0.05,True
8,262144,524288,3000.0,golovin_relative_error_radius_moment_6_um6_m3,-0.0038374098021472934,-0.0203630657273154,0.012688246123020813,0.05,True
8,262144,524288,3600.0,ensemble_mean_l1_bins_500,0.0032703426268106423,0.0014707170947466299,0.010901041323935967,0.01,False
8,262144,524288,3600.0,golovin_relative_error_radius_moment_0_m3,0.0007689713332399318,-0.0024230367583371526,0.003960979424817016,0.05,True
8,262144,524288,3600.0,golovin_relative_error_radius_moment_6_um6_m3,-0.005357345645719678,-0.026407328945751814,0.015692637654312457,0.05,True
8,524288,1048576,600.0,ensemble_mean_l1_bins_500,0.0010780850054800933,0.0005077063571160565,0.004935213199144026,0.01,True
8,524288,1048576,600.0,golovin_relative_error_radius_moment_0_m3,-8.31498148549792e-05,-0.0017107078448007668,0.0015444082150908082,0.05,True
8,524288,1048576,600.0,golovin_relative_error_radius_moment_6_um6_m3,0.0012328279854281511,-0.0030336969698048673,0.0054993529406611695,0.05,True
8,524288,1048576,1200.0,ensemble_mean_l1_bins_500,0.0009844293107363067,0.0004953190413387738,0.004898658073288391,0.01,True
8,524288,1048576,1200.0,golovin_relative_error_radius_moment_0_m3,0.0004598926614633192,-0.0015549388532575495,0.002474724176184188,0.05,True
8,524288,1048576,1200.0,golovin_relative_error_radius_moment_6_um6_m3,0.0014552631040591346,-0.005427156015802927,0.008337682223921197,0.05,True
8,524288,1048576,1800.0,ensemble_mean_l1_bins_500,0.0010559623399274479,0.00020910663591638525,0.004275230959483017,0.01,True
8,524288,1048576,1800.0,golovin_relative_error_radius_moment_0_m3,0.00044236324496952587,-0.0017600602515406207,0.0026447867414796725,0.05,True
8,524288,1048576,1800.0,golovin_relative_error_radius_moment_6_um6_m3,0.001893796506546459,-0.005483674346882586,0.009271267359975504,0.05,True
8,524288,1048576,2400.0,ensemble_mean_l1_bins_500,0.0007962183811570352,0.0004341442357161275,0.004596087796153686,0.01,True
8,524288,1048576,2400.0,golovin_relative_error_radius_moment_0_m3,0.0002887796449694635,-0.002030771145547127,0.002608330435486054,0.05,True
8,524288,1048576,2400.0,golovin_relative_error_radius_moment_6_um6_m3,0.0021344281150293297,-0.006841690868378083,0.011110547098436743,0.05,True
8,524288,1048576,3000.0,ensemble_mean_l1_bins_500,0.0008141929583655801,0.0004313915365096016,0.005973802093259998,0.01,True
8,524288,1048576,3000.0,golovin_relative_error_radius_moment_0_m3,0.00020163086389133998,-0.002134300754707722,0.002537562482490402,0.05,True
8,524288,1048576,3000.0,golovin_relative_error_radius_moment_6_um6_m3,0.0024725315069291432,-0.0086671944680258,0.013612257481884086,0.05,True
8,524288,1048576,3600.0,ensemble_mean_l1_bins_500,0.0010994792830759216,0.0008133646960053224,0.007210492932885537,0.01,True
8,524288,1048576,3600.0,golovin_relative_error_radius_moment_0_m3,0.00019295888261293247,-0.0021703080500946955,0.0025562258153205603,0.05,True
8,524288,1048576,3600.0,golovin_relative_error_radius_moment_6_um6_m3,0.002438405528546057,-0.01196979815657683,0.016846609213668942,0.05,True
9,4096,8192,600.0,ensemble_mean_l1_bins_500,0.010646443679656024,0.0025713954305984768,0.04979316599999117,0.01,False
9,4096,8192,600.0,golovin_relative_error_radius_moment_0_m3,0.002918019986929295,-0.016927921472273615,0.022763961446132207,0.05,True
9,4096,8192,600.0,golovin_relative_error_radius_moment_6_um6_m3,-0.009391378343555325,-0.05690409342296576,0.03812133673585512,0.05,False
9,4096,8192,1200.0,ensemble_mean_l1_bins_500,0.01032932340727128,0.004166917165071843,0.05144748433275076,0.01,False
9,4096,8192,1200.0,golovin_relative_error_radius_moment_0_m3,0.0011462970863592092,-0.02111163724303959,0.02340423141575801,0.05,True
9,4096,8192,1200.0,golovin_relative_error_radius_moment_6_um6_m3,-0.009496849491848577,-0.08367919779973507,0.06468549881603791,0.05,False
9,4096,8192,1800.0,ensemble_mean_l1_bins_500,0.010539323146189473,0.0043358554367415245,0.05143834948334354,0.01,False
9,4096,8192,1800.0,golovin_relative_error_radius_moment_0_m3,-0.002686110060303406,-0.026930032458105248,0.021557812337498435,0.05,True
9,4096,8192,1800.0,golovin_relative_error_radius_moment_6_um6_m3,-0.005732354361670149,-0.09616644861998579,0.08470173989664549,0.05,False
9,4096,8192,2400.0,ensemble_mean_l1_bins_500,0.014121665108384713,0.006307408748612783,0.057141883047571056,0.01,False
9,4096,8192,2400.0,golovin_relative_error_radius_moment_0_m3,-0.0015882544173717438,-0.027997040975475423,0.02482053214073194,0.05,True
9,4096,8192,2400.0,golovin_relative_error_radius_moment_6_um6_m3,0.0011396646773432668,-0.10214694397203287,0.1044262733267194,0.05,False
9,4096,8192,3000.0,ensemble_mean_l1_bins_500,0.016170966190678197,0.004118793993194808,0.06265587949615732,0.01,False
9,4096,8192,3000.0,golovin_relative_error_radius_moment_0_m3,-7.9981786087523e-06,-0.02642468142942595,0.02640868507220845,0.05,True
9,4096,8192,3000.0,golovin_relative_error_radius_moment_6_um6_m3,0.009258408735591106,-0.12294205982278902,0.14145887729397125,0.05,False
9,4096,8192,3600.0,ensemble_mean_l1_bins_500,0.01523766158126355,0.0058561134370461706,0.07548884781950524,0.01,False
9,4096,8192,3600.0,golovin_relative_error_radius_moment_0_m3,0.00011808026243442554,-0.026558525428417443,0.026794685953286292,0.05,True
9,4096,8192,3600.0,golovin_relative_error_radius_moment_6_um6_m3,-0.011400566122131662,-0.16137383122161816,0.13857269897735483,0.05,False
9,8192,16384,600.0,ensemble_mean_l1_bins_500,0.00447613162721236,0.0013916293823295171,0.03622880896627603,0.01,False
9,8192,16384,600.0,golovin_relative_error_radius_moment_0_m3,-0.0005037539747149311,-0.013358942547565837,0.012351434598135974,0.05,True
9,8192,16384,600.0,golovin_relative_error_radius_moment_6_um6_m3,-0.006482440720361811,-0.04546196968419359,0.03249708824346997,0.05,True
9,8192,16384,1200.0,ensemble_mean_l1_bins_500,0.011324354208979644,0.003397721968996613,0.0372047235225481,0.01,False
9,8192,16384,1200.0,golovin_relative_error_radius_moment_0_m3,-0.0025524423585875965,-0.019102346296299463,0.013997461579124272,0.05,True
9,8192,16384,1200.0,golovin_relative_error_radius_moment_6_um6_m3,0.0025103638737196702,-0.05107217030082981,0.05609289804826915,0.05,False
9,8192,16384,1800.0,ensemble_mean_l1_bins_500,0.00480244635985496,0.003532575565512286,0.037397312511127455,0.01,False
9,8192,16384,1800.0,golovin_relative_error_radius_moment_0_m3,-0.0011936271905278305,-0.01874267320286179,0.016355418821806134,0.05,True
9,8192,16384,1800.0,golovin_relative_error_radius_moment_6_um6_m3,-0.0013483605455431504,-0.06843020927067708,0.0657334881795908,0.05,False
9,8192,16384,2400.0,ensemble_mean_l1_bins_500,0.00466168817817194,0.0031243810257171123,0.039281349058179316,0.01,False
9,8192,16384,2400.0,golovin_relative_error_radius_moment_0_m3,0.0016517359100811733,-0.017534480170861767,0.02083795199102411,0.05,True
9,8192,16384,2400.0,golovin_relative_error_radius_moment_6_um6_m3,-0.010217970884599333,-0.08857150128153436,0.0681355595123357,0.05,False
9,8192,16384,3000.0,ensemble_mean_l1_bins_500,0.012827281353564531,0.006436562899923578,0.04992210026032836,0.01,False
9,8192,16384,3000.0,golovin_relative_error_radius_moment_0_m3,0.000918970439858131,-0.01778663817831336,0.019624579058029622,0.05,True
9,8192,16384,3000.0,golovin_relative_error_radius_moment_6_um6_m3,-0.006490784661598115,-0.09708424750143516,0.08410267817823894,0.05,False
9,8192,16384,3600.0,ensemble_mean_l1_bins_500,0.013202520108023919,0.006566183328889622,0.05650616415216139,0.01,False
9,8192,16384,3600.0,golovin_relative_error_radius_moment_0_m3,0.0010989830137686663,-0.017782052897836548,0.019980018925373884,0.05,True
9,8192,16384,3600.0,golovin_relative_error_radius_moment_6_um6_m3,0.009531054400332403,-0.10871807729790613,0.12778018609857095,0.05,False
9,16384,32768,600.0,ensemble_mean_l1_bins_500,0.006161136760722852,0.0027826189874631787,0.02707136752319753,0.01,False
9,16384,32768,600.0,golovin_relative_error_radius_moment_0_m3,-8.014604561796591e-05,-0.008646157903498418,0.008485865812262487,0.05,True
9,16384,32768,600.0,golovin_relative_error_radius_moment_6_um6_m3,0.01173651583644503,-0.017198082192885638,0.040671113865775696,0.05,True
9,16384,32768,1200.0,ensemble_mean_l1_bins_500,0.005853257028353542,0.0036477970611675818,0.027518087944153297,0.01,False
9,16384,32768,1200.0,golovin_relative_error_radius_moment_0_m3,0.0040571288564103655,-0.006317439974459024,0.014431697687279754,0.05,True
9,16384,32768,1200.0,golovin_relative_error_radius_moment_6_um6_m3,0.009304513644161018,-0.03245934829942737,0.051068375587749404,0.05,False
9,16384,32768,1800.0,ensemble_mean_l1_bins_500,0.0072090668655704175,0.002445165506095165,0.026577586304349674,0.01,False
9,16384,32768,1800.0,golovin_relative_error_radius_moment_0_m3,0.0034602455734436075,-0.009016624443315158,0.015937115590202375,0.05,True
9,16384,32768,1800.0,golovin_relative_error_radius_moment_6_um6_m3,0.007117916265123314,-0.041600689499590345,0.05583652202983697,0.05,False
9,16384,32768,2400.0,ensemble_mean_l1_bins_500,0.00751030049743337,0.0044777823106185435,0.029361572315325993,0.01,False
9,16384,32768,2400.0,golovin_relative_error_radius_moment_0_m3,0.0024852759826798354,-0.010100622956847532,0.015071174922207203,0.05,True
9,16384,32768,2400.0,golovin_relative_error_radius_moment_6_um6_m3,0.009559972069699996,-0.04321236286084215,0.06233230700024214,0.05,False
9,16384,32768,3000.0,ensemble_mean_l1_bins_500,0.0021359369937048803,0.0017610450446916442,0.031796256676997564,0.01,False
9,16384,32768,3000.0,golovin_relative_error_radius_moment_0_m3,0.002119471252625711,-0.010750581175539052,0.014989523680790475,0.05,True
9,16384,32768,3000.0,golovin_relative_error_radius_moment_6_um6_m3,0.007043881161207308,-0.05524122778421996,0.06932899010663457,0.05,False
9,16384,32768,3600.0,ensemble_mean_l1_bins_500,0.005348978564942396,0.0023984408071716467,0.037652767459571926,0.01,False
9,16384,32768,3600.0,golovin_relative_error_radius_moment_0_m3,0.002085467647579744,-0.01096196621560285,0.015132901510762338,0.05,True
9,16384,32768,3600.0,golovin_relative_error_radius_moment_6_um6_m3,-0.006194628109735574,-0.0882114855701297,0.07582222935065855,0.05,False
9,32768,65536,600.0,ensemble_mean_l1_bins_500,0.004128061565405553,0.0012211354450856826,0.018142183564148436,0.01,False
9,32768,65536,600.0,golovin_relative_error_radius_moment_0_m3,0.002110027418174125,-0.004189227114654097,0.008409281951002347,0.05,True
9,32768,65536,600.0,golovin_relative_error_radius_moment_6_um6_m3,-0.005308097953690396,-0.023247912549538348,0.012631716642157557,0.05,True
9,32768,65536,1200.0,ensemble_mean_l1_bins_500,0.0033165862281304154,0.00116626448086092,0.01789428140892126,0.01,False
9,32768,65536,1200.0,golovin_relative_error_radius_moment_0_m3,-0.00021531732888159017,-0.00838689002065287,0.00795625536288969,0.05,True
9,32768,65536,1200.0,golovin_relative_error_radius_moment_6_um6_m3,-0.005829066211151308,-0.03361979067533577,0.021961658253033155,0.05,True
9,32768,65536,1800.0,ensemble_mean_l1_bins_500,0.0022106959658821177,0.001913090822182471,0.018647495823970253,0.01,False
9,32768,65536,1800.0,golovin_relative_error_radius_moment_0_m3,-0.0005116366193819945,-0.009835936098028835,0.008812662859264846,0.05,True
9,32768,65536,1800.0,golovin_relative_error_radius_moment_6_um6_m3,-0.004109276868206422,-0.0372404813549955,0.029021927618582657,0.05,True
9,32768,65536,2400.0,ensemble_mean_l1_bins_500,0.0029214316708307247,0.0011840403110296536,0.019046368513833456,0.01,False
9,32768,65536,2400.0,golovin_relative_error_radius_moment_0_m3,-0.0008068765792259502,-0.010339806438467306,0.008726053280015406,0.05,True
9,32768,65536,2400.0,golovin_relative_error_radius_moment_6_um6_m3,-0.006609878357270577,-0.046209057481981786,0.03298930076744064,0.05,True
9,32768,65536,3000.0,ensemble_mean_l1_bins_500,0.005770418455639723,0.003054740377453429,0.02401175376114763,0.01,False
9,32768,65536,3000.0,golovin_relative_error_radius_moment_0_m3,-0.000476973385106203,-0.01038895352770394,0.009435006757491536,0.05,True
9,32768,65536,3000.0,golovin_relative_error_radius_moment_6_um6_m3,-0.0059289581581573264,-0.0528620285880067,0.041004112271692046,0.05,False
9,32768,65536,3600.0,ensemble_mean_l1_bins_500,0.005294262234892724,0.0022092579748749105,0.02780393629828151,0.01,False
9,32768,65536,3600.0,golovin_relative_error_radius_moment_0_m3,-0.0006184310353840617,-0.010502270203610943,0.009265408132842821,0.05,True
9,32768,65536,3600.0,golovin_relative_error_radius_moment_6_um6_m3,-0.005842607661894012,-0.05852897519701125,0.04684375987322323,0.05,False
9,65536,131072,600.0,ensemble_mean_l1_bins_500,0.0022743987140059945,0.0012467858101512402,0.013487343206016564,0.01,False
9,65536,131072,600.0,golovin_relative_error_radius_moment_0_m3,-0.0022571724052171806,-0.006796032407945343,0.0022816875975109822,0.05,True
9,65536,131072,600.0,golovin_relative_error_radius_moment_6_um6_m3,-0.0003480841588496531,-0.012362154808665485,0.01166598649096618,0.05,True
9,65536,131072,1200.0,ensemble_mean_l1_bins_500,0.0018120146021446447,0.000911720674185954,0.013178700261244394,0.01,False
9,65536,131072,1200.0,golovin_relative_error_radius_moment_0_m3,-0.002388720251492169,-0.008452308715012527,0.0036748682120281884,0.05,True
9,65536,131072,1200.0,golovin_relative_error_radius_moment_6_um6_m3,0.003932841125203463,-0.013562322912365551,0.021428005162772476,0.05,True
9,65536,131072,1800.0,ensemble_mean_l1_bins_500,0.0029760395838790577,0.0020644695311725124,0.01345523984090527,0.01,False
9,65536,131072,1800.0,golovin_relative_error_radius_moment_0_m3,-0.0017948561576964827,-0.008425488035376894,0.004835775719983928,0.05,True
9,65536,131072,1800.0,golovin_relative_error_radius_moment_6_um6_m3,0.0024392991328900473,-0.01847287633798997,0.023351474603770066,0.05,True
9,65536,131072,2400.0,ensemble_mean_l1_bins_500,0.002915254703770369,0.0014596956280630508,0.014193779889345413,0.01,False
9,65536,131072,2400.0,golovin_relative_error_radius_moment_0_m3,-0.0012539710839893203,-0.008236721802445966,0.005728779634467326,0.05,True
9,65536,131072,2400.0,golovin_relative_error_radius_moment_6_um6_m3,0.0016295257509943118,-0.023494492859228815,0.02675354436121744,0.05,True
9,65536,131072,3000.0,ensemble_mean_l1_bins_500,0.00402507820412765,0.001759092554188178,0.016453185868179263,0.01,False
9,65536,131072,3000.0,golovin_relative_error_radius_moment_0_m3,-0.0009783010397904968,-0.008041775255105374,0.006085173175524379,0.05,True
9,65536,131072,3000.0,golovin_relative_error_radius_moment_6_um6_m3,0.0033484677999073243,-0.024200772462612204,0.030897708062426855,0.05,True
9,65536,131072,3600.0,ensemble_mean_l1_bins_500,0.005604289643961436,0.0022848157143432577,0.020071650210517065,0.01,False
9,65536,131072,3600.0,golovin_relative_error_radius_moment_0_m3,-0.0008456269565198626,-0.007941895388420578,0.006250641475380853,0.05,True
9,65536,131072,3600.0,golovin_relative_error_radius_moment_6_um6_m3,0.010087571690162656,-0.022353057165709556,0.04252820054603487,0.05,True
9,131072,262144,600.0,ensemble_mean_l1_bins_500,0.002497011719437583,0.000780272021184775,0.009316813671899947,0.01,True
9,131072,262144,600.0,golovin_relative_error_radius_moment_0_m3,0.00016382287507628714,-0.0028118108021317097,0.003139456552284284,0.05,True
9,131072,262144,600.0,golovin_relative_error_radius_moment_6_um6_m3,0.0008865077998372172,-0.008084909050607523,0.009857924650281957,0.05,True
9,131072,262144,1200.0,ensemble_mean_l1_bins_500,0.0008464294219957093,0.0005893923918584447,0.008783879605661463,0.01,True
9,131072,262144,1200.0,golovin_relative_error_radius_moment_0_m3,-8.657924200521582e-05,-0.004031986313632215,0.003858827829621783,0.05,True
9,131072,262144,1200.0,golovin_relative_error_radius_moment_6_um6_m3,7.791571862661006e-06,-0.013271470633899121,0.013287053777624444,0.05,True
9,131072,262144,1800.0,ensemble_mean_l1_bins_500,0.0012721035654429773,0.00013724591066103316,0.008114442339459524,0.01,True
9,131072,262144,1800.0,golovin_relative_error_radius_moment_0_m3,0.0002146955392887162,-0.004456187663796823,0.004885578742374256,0.05,True
9,131072,262144,1800.0,golovin_relative_error_radius_moment_6_um6_m3,0.0013788689827167588,-0.013088117814320992,0.01584585577975451,0.05,True
9,131072,262144,2400.0,ensemble_mean_l1_bins_500,0.001735620714457784,0.000993289097353918,0.009872954011852994,0.01,True
9,131072,262144,2400.0,golovin_relative_error_radius_moment_0_m3,-4.2403988575356226e-07,-0.004788774656886039,0.004787926577114532,0.05,True
9,131072,262144,2400.0,golovin_relative_error_radius_moment_6_um6_m3,0.0014596419037190356,-0.017736284025937903,0.020655567833375972,0.05,True
9,131072,262144,3000.0,ensemble_mean_l1_bins_500,0.0027775652188570202,0.001024542726041812,0.011880186484560644,0.01,False
9,131072,262144,3000.0,golovin_relative_error_radius_moment_0_m3,-0.00038104480703589957,-0.005242309112452268,0.0044802194983804685,0.05,True
9,131072,262144,3000.0,golovin_relative_error_radius_moment_6_um6_m3,-0.0016255043479852008,-0.022201255464831295,0.018950246768860896,0.05,True
9,131072,262144,3600.0,ensemble_mean_l1_bins_500,0.0017254934217523984,0.0008982564939613141,0.013554666144480115,0.01,False
9,131072,262144,3600.0,golovin_relative_error_radius_moment_0_m3,-0.0005136906947181564,-0.005495022832681151,0.004467641443244839,0.05,True
9,131072,262144,3600.0,golovin_relative_error_radius_moment_6_um6_m3,-0.0049779613673325345,-0.029579948492611575,0.019624025757946504,0.05,True
9,262144,524288,600.0,ensemble_mean_l1_bins_500,0.0007355156887138433,0.00011115761143456739,0.006314839709418077,0.01,True
9,262144,524288,600.0,golovin_relative_error_radius_moment_0_m3,0.00040141646928275597,-0.0015828072150153732,0.002385640153580885,0.05,True
9,262144,524288,600.0,golovin_relative_error_radius_moment_6_um6_m3,-0.0014727588055359676,-0.00757860056240961,0.004633082951337674,0.05,True
9,262144,524288,1200.0,ensemble_mean_l1_bins_500,0.0017338786552034127,0.0005860738964055484,0.006360559990402717,0.01,True
9,262144,524288,1200.0,golovin_relative_error_radius_moment_0_m3,0.0004847951379755466,-0.0019199473241159452,0.0028895376000670383,0.05,True
9,262144,524288,1200.0,golovin_relative_error_radius_moment_6_um6_m3,-0.0025171231595888036,-0.012221526610835406,0.007187280291657799,0.05,True
9,262144,524288,1800.0,ensemble_mean_l1_bins_500,6.46959507032141e-05,1.6649175184285145e-05,0.005514200015378172,0.01,True
9,262144,524288,1800.0,golovin_relative_error_radius_moment_0_m3,0.0003837102741382026,-0.002377432018759523,0.0031448525670359287,0.05,True
9,262144,524288,1800.0,golovin_relative_error_radius_moment_6_um6_m3,-0.00348228201715288,-0.014607903176812492,0.007643339142506733,0.05,True
9,262144,524288,2400.0,ensemble_mean_l1_bins_500,0.0006598738745946893,0.0005608564947255397,0.006597614910628556,0.01,True
9,262144,524288,2400.0,golovin_relative_error_radius_moment_0_m3,0.0004035918554146756,-0.002523265683047704,0.0033304493938770556,0.05,True
9,262144,524288,2400.0,golovin_relative_error_radius_moment_6_um6_m3,-0.0037443082844848875,-0.017518962065135316,0.010030345496165542,0.05,True
9,262144,524288,3000.0,ensemble_mean_l1_bins_500,0.001516543545350411,0.0007539076308595656,0.008322380929478826,0.01,True
9,262144,524288,3000.0,golovin_relative_error_radius_moment_0_m3,0.0007277641279180336,-0.0022254016122851615,0.0036809298681212284,0.05,True
9,262144,524288,3000.0,golovin_relative_error_radius_moment_6_um6_m3,-0.0038374098021472934,-0.019209734369670963,0.011534914765376377,0.05,True
9,262144,524288,3600.0,ensemble_mean_l1_bins_500,0.0032703426268106423,0.001379907565055763,0.01043278726413798,0.01,False
9,262144,524288,3600.0,golovin_relative_error_radius_moment_0_m3,0.0007689713332399318,-0.002201987095000181,0.0037399297614800443,0.05,True
9,262144,524288,3600.0,golovin_relative_error_radius_moment_6_um6_m3,-0.005357345645719678,-0.024940901442060254,0.014226210150620897,0.05,True
9,524288,1048576,600.0,ensemble_mean_l1_bins_500,0.0010780850054800933,0.0005100039412431112,0.004719359889385216,0.01,True
9,524288,1048576,600.0,golovin_relative_error_radius_moment_0_m3,-8.31498148549792e-05,-0.0015980754710258021,0.001431775841315844,0.05,True
9,524288,1048576,600.0,golovin_relative_error_radius_moment_6_um6_m3,0.0012328279854281511,-0.0027325407747035638,0.005198196745559866,0.05,True
9,524288,1048576,1200.0,ensemble_mean_l1_bins_500,0.0009844293107363067,0.0004732648796216059,0.004686037396206854,0.01,True
9,524288,1048576,1200.0,golovin_relative_error_radius_moment_0_m3,0.0004598926614633192,-0.0014172966494954077,0.002337081972422046,0.05,True
9,524288,1048576,1200.0,golovin_relative_error_radius_moment_6_um6_m3,0.0014552631040591346,-0.004942016390715691,0.00785254259883396,0.05,True
9,524288,1048576,1800.0,ensemble_mean_l1_bins_500,0.0010559623399274479,0.00020580647802236838,0.004026152326932025,0.01,True
9,524288,1048576,1800.0,golovin_relative_error_radius_moment_0_m3,0.00044236324496952587,-0.0016085076706775928,0.0024932341606166445,0.05,True
9,524288,1048576,1800.0,golovin_relative_error_radius_moment_6_um6_m3,0.001893796506546459,-0.004970616781399621,0.008758209794492539,0.05,True
9,524288,1048576,2400.0,ensemble_mean_l1_bins_500,0.0007962183811570352,0.0004005843201924831,0.004322940708186649,0.01,True
9,524288,1048576,2400.0,golovin_relative_error_radius_moment_0_m3,0.0002887796449694635,-0.0018720862599205428,0.00244964554985947,0.05,True
9,524288,1048576,2400.0,golovin_relative_error_radius_moment_6_um6_m3,0.0021344281150293297,-0.006213375141553397,0.010482231371612055,0.05,True
9,524288,1048576,3000.0,ensemble_mean_l1_bins_500,0.0008141929583655801,0.00035398247011513234,0.005588818605945655,0.01,True
9,524288,1048576,3000.0,golovin_relative_error_radius_moment_0_m3,0.00020163086389133998,-0.0019739813465195983,0.002377243074302278,0.05,True
9,524288,1048576,3000.0,golovin_relative_error_radius_moment_6_um6_m3,0.0024725315069291432,-0.007889840649028755,0.01283490366288704,0.05,True
9,524288,1048576,3600.0,ensemble_mean_l1_bins_500,0.0010994792830759216,0.0008087343604664779,0.006830992931764967,0.01,True
9,524288,1048576,3600.0,golovin_relative_error_radius_moment_0_m3,0.00019295888261293247,-0.002007523413119937,0.0023934411783458017,0.05,True
9,524288,1048576,3600.0,golovin_relative_error_radius_moment_6_um6_m3,0.002438405528546057,-0.010965597691710353,0.015842408748802467,0.05,True
10,4096,8192,600.0,ensemble_mean_l1_bins_500,0.010646443679656024,0.002565403874275918,0.04790601204136044,0.01,False
10,4096,8192,600.0,golovin_relative_error_radius_moment_0_m3,0.002918019986929295,-0.015710920976702333,0.021546960950560926,0.05,True
10,4096,8192,600.0,golovin_relative_error_radius_moment_6_um6_m3,-0.009391378343555325,-0.05404831127761911,0.035265554590508466,0.05,False
10,4096,8192,1200.0,ensemble_mean_l1_bins_500,0.01032932340727128,0.004371980636557012,0.04944113624141155,0.01,False
10,4096,8192,1200.0,golovin_relative_error_radius_moment_0_m3,0.0011462970863592092,-0.019772464449059054,0.022065058621777472,0.05,True
10,4096,8192,1200.0,golovin_relative_error_radius_moment_6_um6_m3,-0.009496849491848577,-0.07915023142653715,0.06015653244284,0.05,False
10,4096,8192,1800.0,ensemble_mean_l1_bins_500,0.010539323146189473,0.004322651925585291,0.048941925040401804,0.01,False
10,4096,8192,1800.0,golovin_relative_error_radius_moment_0_m3,-0.002686110060303406,-0.02546117198794729,0.020088951867340478,0.05,True
10,4096,8192,1800.0,golovin_relative_error_radius_moment_6_um6_m3,-0.005732354361670149,-0.0906892405992747,0.07922453187593441,0.05,False
10,4096,8192,2400.0,ensemble_mean_l1_bins_500,0.014121665108384713,0.005704933905024494,0.05477554292641138,0.01,False
10,4096,8192,2400.0,golovin_relative_error_radius_moment_0_m3,-0.0015882544173717438,-0.02640212798786297,0.02322561915311948,0.05,True
10,4096,8192,2400.0,golovin_relative_error_radius_moment_6_um6_m3,0.0011396646773432668,-0.09593527007886415,0.09821459943355068,0.05,False
10,4096,8192,3000.0,ensemble_mean_l1_bins_500,0.016170966190678197,0.004382886414649307,0.06001903023373164,0.01,False
10,4096,8192,3000.0,golovin_relative_error_radius_moment_0_m3,-7.9981786087523e-06,-0.02482293190046694,0.024806935543249437,0.05,True
10,4096,8192,3000.0,golovin_relative_error_radius_moment_6_um6_m3,0.009258408735591106,-0.11490046888100644,0.13341728635218866,0.05,False
10,4096,8192,3600.0,ensemble_mean_l1_bins_500,0.01523766158126355,0.005853549643132837,0.07270033491359304,0.01,False
10,4096,8192,3600.0,golovin_relative_error_radius_moment_0_m3,0.00011808026243442554,-0.024940168240802512,0.02517632876567136,0.05,True
10,4096,8192,3600.0,golovin_relative_error_radius_moment_6_um6_m3,-0.011400566122131662,-0.1523590651020541,0.12955793285779077,0.05,False
10,8192,16384,600.0,ensemble_mean_l1_bins_500,0.00447613162721236,0.0012714943780936054,0.03426071065660603,0.01,False
10,8192,16384,600.0,golovin_relative_error_radius_moment_0_m3,-0.0005037539747149311,-0.012569979920748243,0.011562471971318381,0.05,True
10,8192,16384,600.0,golovin_relative_error_radius_moment_6_um6_m3,-0.006482440720361811,-0.04311328324450564,0.03014840180378202,0.05,True
10,8192,16384,1200.0,ensemble_mean_l1_bins_500,0.011324354208979644,0.003378386373040225,0.03527179323195257,0.01,False
10,8192,16384,1200.0,golovin_relative_error_radius_moment_0_m3,-0.0025524423585875965,-0.018074224119825257,0.012969339402650066,0.05,True
10,8192,16384,1200.0,golovin_relative_error_radius_moment_6_um6_m3,0.0025103638737196702,-0.04784997047979656,0.0528706982272359,0.05,False
10,8192,16384,1800.0,ensemble_mean_l1_bins_500,0.00480244635985496,0.0033487533886788273,0.035454677709985685,0.01,False
10,8192,16384,1800.0,golovin_relative_error_radius_moment_0_m3,-0.0011936271905278305,-0.017672316864945484,0.015285062483889821,0.05,True
10,8192,16384,1800.0,golovin_relative_error_radius_moment_6_um6_m3,-0.0013483605455431504,-0.06436536540541991,0.061668644314333616,0.05,False
10,8192,16384,2400.0,ensemble_mean_l1_bins_500,0.00466168817817194,0.0028166378937308895,0.037093308697219836,0.01,False
10,8192,16384,2400.0,golovin_relative_error_radius_moment_0_m3,0.0016517359100811733,-0.016352072091578927,0.019655543911741277,0.05,True
10,8192,16384,2400.0,golovin_relative_error_radius_moment_6_um6_m3,-0.010217970884599333,-0.08374401946510189,0.06330807769590323,0.05,False
10,8192,16384,3000.0,ensemble_mean_l1_bins_500,0.012827281353564531,0.006753109891685309,0.04787611936719376,0.01,False
10,8192,16384,3000.0,golovin_relative_error_radius_moment_0_m3,0.000918970439858131,-0.016638885653046307,0.01847682653276257,0.05,True
10,8192,16384,3000.0,golovin_relative_error_radius_moment_6_um6_m3,-0.006490784661598115,-0.09150946463564531,0.0785278953124491,0.05,False
10,8192,16384,3600.0,ensemble_mean_l1_bins_500,0.013202520108023919,0.006845806280970303,0.05384038208277496,0.01,False
10,8192,16384,3600.0,golovin_relative_error_radius_moment_0_m3,0.0010989830137686663,-0.016625456097716082,0.01882342212525341,0.05,True
10,8192,16384,3600.0,golovin_relative_error_radius_moment_6_um6_m3,0.009531054400332403,-0.10152573732628743,0.12058784612695224,0.05,False
10,16384,32768,600.0,ensemble_mean_l1_bins_500,0.006161136760722852,0.0025436203280035765,0.025855025405315982,0.01,False
10,16384,32768,600.0,golovin_relative_error_radius_moment_0_m3,-8.014604561796591e-05,-0.008126693034516547,0.007966400943280615,0.05,True
10,16384,32768,600.0,golovin_relative_error_radius_moment_6_um6_m3,0.01173651583644503,-0.015414124351018701,0.03888715602390876,0.05,True
10,16384,32768,1200.0,ensemble_mean_l1_bins_500,0.005853257028353542,0.003626085034707418,0.026214739105955037,0.01,False
10,16384,32768,1200.0,golovin_relative_error_radius_moment_0_m3,0.0040571288564103655,-0.005692173649716479,0.01380643136253721,0.05,True
10,16384,32768,1200.0,golovin_relative_error_radius_moment_6_um6_m3,0.009304513644161018,-0.029913690347449583,0.048522717635771616,0.05,True
10,16384,32768,1800.0,ensemble_mean_l1_bins_500,0.0072090668655704175,0.002466186689552415,0.02526504488630993,0.01,False
10,16384,32768,1800.0,golovin_relative_error_radius_moment_0_m3,0.0034602455734436075,-0.008263206705936966,0.01518369785282418,0.05,True
10,16384,32768,1800.0,golovin_relative_error_radius_moment_6_um6_m3,0.007117916265123314,-0.03863379883387424,0.052869631364120866,0.05,False
10,16384,32768,2400.0,ensemble_mean_l1_bins_500,0.00751030049743337,0.004257519766610225,0.027835575110542903,0.01,False
10,16384,32768,2400.0,golovin_relative_error_radius_moment_0_m3,0.0024852759826798354,-0.009340156432190454,0.014310708397550125,0.05,True
10,16384,32768,2400.0,golovin_relative_error_radius_moment_6_um6_m3,0.009559972069699996,-0.04003804580700737,0.05915798994640736,0.05,False
10,16384,32768,3000.0,ensemble_mean_l1_bins_500,0.0021359369937048803,0.001443054587089615,0.029823591506820388,0.01,False
10,16384,32768,3000.0,golovin_relative_error_radius_moment_0_m3,0.002119471252625711,-0.009975305565190553,0.014214248070441976,0.05,True
10,16384,32768,3000.0,golovin_relative_error_radius_moment_6_um6_m3,0.007043881161207308,-0.05150064950746331,0.06558841182987793,0.05,False
10,16384,32768,3600.0,ensemble_mean_l1_bins_500,0.005348978564942396,0.002471554824216839,0.035471568929454335,0.01,False
10,16384,32768,3600.0,golovin_relative_error_radius_moment_0_m3,0.002085467647579744,-0.010174833194027774,0.014345768489187262,0.05,True
10,16384,32768,3600.0,golovin_relative_error_radius_moment_6_um6_m3,-0.006194628109735574,-0.08318948474726631,0.07080022852779516,0.05,False
10,32768,65536,600.0,ensemble_mean_l1_bins_500,0.004128061565405553,0.0012049360030093068,0.017271279593697154,0.01,False
10,32768,65536,600.0,golovin_relative_error_radius_moment_0_m3,0.002110027418174125,-0.00380773317019117,0.00802778800653942,0.05,True
10,32768,65536,600.0,golovin_relative_error_radius_moment_6_um6_m3,-0.005308097953690396,-0.022144955812279765,0.011528759904898975,0.05,True
10,32768,65536,1200.0,ensemble_mean_l1_bins_500,0.0033165862281304154,0.001153829749775519,0.01709305638390383,0.01,False
10,32768,65536,1200.0,golovin_relative_error_radius_moment_0_m3,-0.00021531732888159017,-0.007893428794121379,0.007462794136358198,0.05,True
10,32768,65536,1200.0,golovin_relative_error_radius_moment_6_um6_m3,-0.005829066211151308,-0.031898011905992216,0.0202398794836896,0.05,True
10,32768,65536,1800.0,ensemble_mean_l1_bins_500,0.0022106959658821177,0.001799794673050167,0.01769436833459838,0.01,False
10,32768,65536,1800.0,golovin_relative_error_radius_moment_0_m3,-0.0005116366193819945,-0.009267642573144073,0.008244369334380084,0.05,True
10,32768,65536,1800.0,golovin_relative_error_radius_moment_6_um6_m3,-0.004109276868206422,-0.03520311147661649,0.026984557740203644,0.05,True
10,32768,65536,2400.0,ensemble_mean_l1_bins_500,0.0029214316708307247,0.0012208544190388828,0.018057923495849608,0.01,False
10,32768,65536,2400.0,golovin_relative_error_radius_moment_0_m3,-0.0008068765792259502,-0.009762118027294984,0.008148364868843084,0.05,True
10,32768,65536,2400.0,golovin_relative_error_radius_moment_6_um6_m3,-0.006609878357270577,-0.04375808319856932,0.03053832648402816,0.05,True
10,32768,65536,3000.0,ensemble_mean_l1_bins_500,0.005770418455639723,0.003148206396419211,0.02302360701999306,0.01,False
10,32768,65536,3000.0,golovin_relative_error_radius_moment_0_m3,-0.000476973385106203,-0.009786085409717704,0.0088321386395053,0.05,True
10,32768,65536,3000.0,golovin_relative_error_radius_moment_6_um6_m3,-0.0059289581581573264,-0.04993108601942407,0.03807316970310942,0.05,True
10,32768,65536,3600.0,ensemble_mean_l1_bins_500,0.005294262234892724,0.002078344707490726,0.02639629205690883,0.01,False
10,32768,65536,3600.0,golovin_relative_error_radius_moment_0_m3,-0.0006184310353840617,-0.00990079689036833,0.008663934819600207,0.05,True
10,32768,65536,3600.0,golovin_relative_error_radius_moment_6_um6_m3,-0.005842607661894012,-0.055264013547348494,0.04357879822356047,0.05,False
10,65536,131072,600.0,ensemble_mean_l1_bins_500,0.0022743987140059945,0.0012636058942221944,0.01272378140742792,0.01,False
10,65536,131072,600.0,golovin_relative_error_radius_moment_0_m3,-0.0022571724052171806,-0.006518359627633462,0.0020040148171991015,0.05,True
10,65536,131072,600.0,golovin_relative_error_radius_moment_6_um6_m3,-0.0003480841588496531,-0.011636731395829662,0.010940563078130357,0.05,True
10,65536,131072,1200.0,ensemble_mean_l1_bins_500,0.0018120146021446447,0.0008919700986167871,0.012420171489068838,0.01,False
10,65536,131072,1200.0,golovin_relative_error_radius_moment_0_m3,-0.002388720251492169,-0.008081858081296855,0.003304417578312517,0.05,True
10,65536,131072,1200.0,golovin_relative_error_radius_moment_6_um6_m3,0.003932841125203463,-0.012504592576306492,0.02037027482671342,0.05,True
10,65536,131072,1800.0,ensemble_mean_l1_bins_500,0.0029760395838790577,0.0019944854296202567,0.01281473549651854,0.01,False
10,65536,131072,1800.0,golovin_relative_error_radius_moment_0_m3,-0.0017948561576964827,-0.00802460960990017,0.004434897294507204,0.05,True
10,65536,131072,1800.0,golovin_relative_error_radius_moment_6_um6_m3,0.0024392991328900473,-0.01718642248593763,0.022065020751717727,0.05,True
10,65536,131072,2400.0,ensemble_mean_l1_bins_500,0.002915254703770369,0.0013798707904354181,0.01334374835379223,0.01,False
10,65536,131072,2400.0,golovin_relative_error_radius_moment_0_m3,-0.0012539710839893203,-0.007812682220640015,0.005304740052661373,0.05,True
10,65536,131072,2400.0,golovin_relative_error_radius_moment_6_um6_m3,0.0016295257509943118,-0.021975776999963448,0.02523482850195207,0.05,True
10,65536,131072,3000.0,ensemble_mean_l1_bins_500,0.00402507820412765,0.0016632948085590002,0.015799981897360416,0.01,False
10,65536,131072,3000.0,golovin_relative_error_radius_moment_0_m3,-0.0009783010397904968,-0.007613183867881372,0.005656581788300379,0.05,True
10,65536,131072,3000.0,golovin_relative_error_radius_moment_6_um6_m3,0.0033484677999073243,-0.02253004461389785,0.0292269802137125,0.05,True
10,65536,131072,3600.0,ensemble_mean_l1_bins_500,0.005604289643961436,0.00229997920327078,0.01924144369118019,0.01,False
10,65536,131072,3600.0,golovin_relative_error_radius_moment_0_m3,-0.0008456269565198626,-0.007512612801950196,0.00582135888891047,0.05,True
10,65536,131072,3600.0,golovin_relative_error_radius_moment_6_um6_m3,0.010087571690162656,-0.020381057441873192,0.040556200822198504,0.05,True
10,131072,262144,600.0,ensemble_mean_l1_bins_500,0.002497011719437583,0.000738372876923694,0.008916044523396331,0.01,True
10,131072,262144,600.0,golovin_relative_error_radius_moment_0_m3,0.00016382287507628714,-0.0026287054184587475,0.002956351168611322,0.05,True
10,131072,262144,600.0,golovin_relative_error_radius_moment_6_um6_m3,0.0008865077998372172,-0.007537858590920803,0.009310874190595238,0.05,True
10,131072,262144,1200.0,ensemble_mean_l1_bins_500,0.0008464294219957093,0.0005127539982105582,0.008382076662289371,0.01,True
10,131072,262144,1200.0,golovin_relative_error_radius_moment_0_m3,-8.657924200521582e-05,-0.003786893572544613,0.0036137350885341816,0.05,True
10,131072,262144,1200.0,golovin_relative_error_radius_moment_6_um6_m3,7.791571862661006e-06,-0.012468272287607284,0.012483855431332607,0.05,True
10,131072,262144,1800.0,ensemble_mean_l1_bins_500,0.0012721035654429773,0.00010534450756596141,0.007732135144998349,0.01,True
10,131072,262144,1800.0,golovin_relative_error_radius_moment_0_m3,0.0002146955392887162,-0.004164878455911749,0.004594269534489181,0.05,True
10,131072,262144,1800.0,golovin_relative_error_radius_moment_6_um6_m3,0.0013788689827167588,-0.012219693472734248,0.014977431438167765,0.05,True
10,131072,262144,2400.0,ensemble_mean_l1_bins_500,0.001735620714457784,0.0009465302433786478,0.00945904257556593,0.01,True
10,131072,262144,2400.0,golovin_relative_error_radius_moment_0_m3,-4.2403988575356226e-07,-0.004492146967584437,0.00449129888781293,0.05,True
10,131072,262144,2400.0,golovin_relative_error_radius_moment_6_um6_m3,0.0014596419037190356,-0.016576569960818317,0.019495853768256386,0.05,True
10,131072,262144,3000.0,ensemble_mean_l1_bins_500,0.0027775652188570202,0.0010672665509186977,0.01137802560483933,0.01,False
10,131072,262144,3000.0,golovin_relative_error_radius_moment_0_m3,-0.00038104480703589957,-0.0049406200338374855,0.004178530419765686,0.05,True
10,131072,262144,3000.0,golovin_relative_error_radius_moment_6_um6_m3,-0.0016255043479852008,-0.0209596246700425,0.0177086159740721,0.05,True
10,131072,262144,3600.0,ensemble_mean_l1_bins_500,0.0017254934217523984,0.00077591843533841,0.01292439103991104,0.01,False
10,131072,262144,3600.0,golovin_relative_error_radius_moment_0_m3,-0.0005136906947181564,-0.005184704914532115,0.004157323525095803,0.05,True
10,131072,262144,3600.0,golovin_relative_error_radius_moment_6_um6_m3,-0.0049779613673325345,-0.02810328214293587,0.0181473594082708,0.05,True
10,262144,524288,600.0,ensemble_mean_l1_bins_500,0.0007355156887138433,0.00010500481325330592,0.005993512593436822,0.01,True
10,262144,524288,600.0,golovin_relative_error_radius_moment_0_m3,0.00040141646928275597,-0.0014630512354287886,0.0022658841739943004,0.05,True
10,262144,524288,600.0,golovin_relative_error_radius_moment_6_um6_m3,-0.0014727588055359676,-0.007204879211112899,0.004259361600040963,0.05,True
10,262144,524288,1200.0,ensemble_mean_l1_bins_500,0.0017338786552034127,0.0005823135963906455,0.006022062611309113,0.01,True
10,262144,524288,1200.0,golovin_relative_error_radius_moment_0_m3,0.0004847951379755466,-0.0017740853361729242,0.0027436756121240174,0.05,True
10,262144,524288,1200.0,golovin_relative_error_radius_moment_6_um6_m3,-0.0025171231595888036,-0.011628527972154525,0.006594281652976918,0.05,True
10,262144,524288,1800.0,ensemble_mean_l1_bins_500,6.46959507032141e-05,-4.978352489282008e-05,0.005170451445169253,0.01,True
10,262144,524288,1800.0,golovin_relative_error_radius_moment_0_m3,0.0003837102741382026,-0.002209862784887876,0.0029772833331642816,0.05,True
10,262144,524288,1800.0,golovin_relative_error_radius_moment_6_um6_m3,-0.00348228201715288,-0.013919212541499882,0.0069546485071941225,0.05,True
10,262144,524288,2400.0,ensemble_mean_l1_bins_500,0.0006598738745946893,0.00046734722010827564,0.006272972016692234,0.01,True
10,262144,524288,2400.0,golovin_relative_error_radius_moment_0_m3,0.0004035918554146756,-0.002344772601095085,0.0031519563119244364,0.05,True
10,262144,524288,2400.0,golovin_relative_error_radius_moment_6_um6_m3,-0.0037443082844848875,-0.01666601464512836,0.009177398076158584,0.05,True
10,262144,524288,3000.0,ensemble_mean_l1_bins_500,0.001516543545350411,0.0007429883350786038,0.00788212870823599,0.01,True
10,262144,524288,3000.0,golovin_relative_error_radius_moment_0_m3,0.0007277641279180336,-0.0020457191216562503,0.0035012473774923172,0.05,True
10,262144,524288,3000.0,golovin_relative_error_radius_moment_6_um6_m3,-0.0038374098021472934,-0.018270588767646565,0.01059576916335198,0.05,True
10,262144,524288,3600.0,ensemble_mean_l1_bins_500,0.0032703426268106423,0.0013826572607209106,0.009977037896455042,0.01,True
10,262144,524288,3600.0,golovin_relative_error_radius_moment_0_m3,0.0007689713332399318,-0.0020217162832314884,0.0035596589497113515,0.05,True
10,262144,524288,3600.0,golovin_relative_error_radius_moment_6_um6_m3,-0.005357345645719678,-0.02374638314193403,0.013031691850494673,0.05,True
10,524288,1048576,600.0,ensemble_mean_l1_bins_500,0.0010780850054800933,0.0004910304087385618,0.004551078907035229,0.01,True
10,524288,1048576,600.0,golovin_relative_error_radius_moment_0_m3,-8.31498148549792e-05,-0.0015062089966427225,0.001339909366932764,0.05,True
10,524288,1048576,600.0,golovin_relative_error_radius_moment_6_um6_m3,0.0012328279854281511,-0.002487854458396536,0.004953510429252838,0.05,True
10,524288,1048576,1200.0,ensemble_mean_l1_bins_500,0.0009844293107363067,0.00044787778953990357,0.004460676959636151,0.01,True
10,524288,1048576,1200.0,golovin_relative_error_radius_moment_0_m3,0.0004598926614633192,-0.0013047487304282878,0.002224534053354926,0.05,True
10,524288,1048576,1200.0,golovin_relative_error_radius_moment_6_um6_m3,0.0014552631040591346,-0.004547740443109198,0.007458266651227468,0.05,True
10,524288,1048576,1800.0,ensemble_mean_l1_bins_500,0.0010559623399274479,0.00019905401955991718,0.0038051909857225795,0.01,True
10,524288,1048576,1800.0,golovin_relative_error_radius_moment_0_m3,0.00044236324496952587,-0.001484760062757701,0.0023694865526967526,0.05,True
10,524288,1048576,1800.0,golovin_relative_error_radius_moment_6_um6_m3,0.001893796506546459,-0.004552551057543755,0.008340144070636673,0.05,True
10,524288,1048576,2400.0,ensemble_mean_l1_bins_500,0.0007962183811570352,0.0003953948045719203,0.004117883387928898,0.01,True
10,524288,1048576,2400.0,golovin_relative_error_radius_moment_0_m3,0.0002887796449694635,-0.0017423679846799807,0.0023199272746189077,0.05,True
10,524288,1048576,2400.0,golovin_relative_error_radius_moment_6_um6_m3,0.0021344281150293297,-0.005702041543689372,0.00997089777374803,0.05,True
10,524288,1048576,3000.0,ensemble_mean_l1_bins_500,0.0008141929583655801,0.00034199350154931447,0.00530233343604464,0.01,True
10,524288,1048576,3000.0,golovin_relative_error_radius_moment_0_m3,0.00020163086389133998,-0.0018430086887968864,0.0022462704165795663,0.05,True
10,524288,1048576,3000.0,golovin_relative_error_radius_moment_6_um6_m3,0.0024725315069291432,-0.0072568350602699346,0.01220189807412822,0.05,True
10,524288,1048576,3600.0,ensemble_mean_l1_bins_500,0.0010994792830759216,0.0007367042793897374,0.006525168380592547,0.01,True
10,524288,1048576,3600.0,golovin_relative_error_radius_moment_0_m3,0.00019295888261293247,-0.0018746305542407826,0.0022605483194666474,0.05,True
10,524288,1048576,3600.0,golovin_relative_error_radius_moment_6_um6_m3,0.002438405528546057,-0.010147673048445147,0.01502448410553726,0.05,True
11,4096,8192,600.0,ensemble_mean_l1_bins_500,0.010646443679656024,0.0029695162291175844,0.04657194429144407,0.01,False
11,4096,8192,600.0,golovin_relative_error_radius_moment_0_m3,0.002918019986929295,-0.014695167776756163,0.020531207750614754,0.05,True
11,4096,8192,600.0,golovin_relative_error_radius_moment_6_um6_m3,-0.009391378343555325,-0.05165650986874332,0.03287375318163266,0.05,False
11,4096,8192,1200.0,ensemble_mean_l1_bins_500,0.01032932340727128,0.004256943143279745,0.047734102380562304,0.01,False
11,4096,8192,1200.0,golovin_relative_error_radius_moment_0_m3,0.0011462970863592092,-0.018651062186560548,0.020943656359278966,0.05,True
11,4096,8192,1200.0,golovin_relative_error_radius_moment_6_um6_m3,-0.009496849491848577,-0.07536729920687077,0.056373600223173614,0.05,False
11,4096,8192,1800.0,ensemble_mean_l1_bins_500,0.010539323146189473,0.00408008607388998,0.04710164070080552,0.01,False
11,4096,8192,1800.0,golovin_relative_error_radius_moment_0_m3,-0.002686110060303406,-0.024232648420584615,0.0188604282999778,0.05,True
11,4096,8192,1800.0,golovin_relative_error_radius_moment_6_um6_m3,-0.005732354361670149,-0.08610794646549909,0.0746432377421588,0.05,False
11,4096,8192,2400.0,ensemble_mean_l1_bins_500,0.014121665108384713,0.006005157293454278,0.05258209791880103,0.01,False
11,4096,8192,2400.0,golovin_relative_error_radius_moment_0_m3,-0.0015882544173717438,-0.025067440474489763,0.02189093163974628,0.05,True
11,4096,8192,2400.0,golovin_relative_error_radius_moment_6_um6_m3,0.0011396646773432668,-0.09073332563181899,0.09301265498650552,0.05,False
11,4096,8192,3000.0,ensemble_mean_l1_bins_500,0.016170966190678197,0.003945871180206606,0.05767359891690098,0.01,False
11,4096,8192,3000.0,golovin_relative_error_radius_moment_0_m3,-7.9981786087523e-06,-0.023483443039254693,0.02346744668203719,0.05,True
11,4096,8192,3000.0,golovin_relative_error_radius_moment_6_um6_m3,0.009258408735591106,-0.10817928094022512,0.12669609841140733,0.05,False
11,4096,8192,3600.0,ensemble_mean_l1_bins_500,0.01523766158126355,0.006292132479989771,0.06876288548540173,0.01,False
11,4096,8192,3600.0,golovin_relative_error_radius_moment_0_m3,0.00011808026243442554,-0.023586913317980164,0.023823073842849013,0.05,True
11,4096,8192,3600.0,golovin_relative_error_radius_moment_6_um6_m3,-0.011400566122131662,-0.14480900982142586,0.12200787757716253,0.05,False
11,8192,16384,600.0,ensemble_mean_l1_bins_500,0.00447613162721236,0.000988350586333658,0.03268170361413715,0.01,False
11,8192,16384,600.0,golovin_relative_error_radius_moment_0_m3,-0.0005037539747149311,-0.011911576930915787,0.010904068981485925,0.05,True
11,8192,16384,600.0,golovin_relative_error_radius_moment_6_um6_m3,-0.006482440720361811,-0.041147027078064176,0.028182145637340554,0.05,True
11,8192,16384,1200.0,ensemble_mean_l1_bins_500,0.011324354208979644,0.0032301306650476544,0.03411060480981195,0.01,False
11,8192,16384,1200.0,golovin_relative_error_radius_moment_0_m3,-0.0025524423585875965,-0.017218039735673433,0.012113155018498238,0.05,True
11,8192,16384,1200.0,golovin_relative_error_radius_moment_6_um6_m3,0.0025103638737196702,-0.04515151265820271,0.05017224040564205,0.05,False
11,8192,16384,1800.0,ensemble_mean_l1_bins_500,0.00480244635985496,0.0030491929958542776,0.03391465957387614,0.01,False
11,8192,16384,1800.0,golovin_relative_error_radius_moment_0_m3,-0.0011936271905278305,-0.01677812430314095,0.014390869922085289,0.05,True
11,8192,16384,1800.0,golovin_relative_error_radius_moment_6_um6_m3,-0.0013483605455431504,-0.060965699357726104,0.0582689782666398,0.05,False
11,8192,16384,2400.0,ensemble_mean_l1_bins_500,0.00466168817817194,0.0024395992386395354,0.035446069654473715,0.01,False
11,8192,16384,2400.0,golovin_relative_error_radius_moment_0_m3,0.0016517359100811733,-0.015366039501101715,0.018669511321264064,0.05,True
11,8192,16384,2400.0,golovin_relative_error_radius_moment_6_um6_m3,-0.010217970884599333,-0.07971810444409977,0.05928216267490111,0.05,False
11,8192,16384,3000.0,ensemble_mean_l1_bins_500,0.012827281353564531,0.006557933619761422,0.046196733498189015,0.01,False
11,8192,16384,3000.0,golovin_relative_error_radius_moment_0_m3,0.000918970439858131,-0.015681027526894008,0.01751896840661027,0.05,True
11,8192,16384,3000.0,golovin_relative_error_radius_moment_6_um6_m3,-0.006490784661598115,-0.08685934835187319,0.07387777902867697,0.05,False
11,8192,16384,3600.0,ensemble_mean_l1_bins_500,0.013202520108023919,0.006618907900641651,0.051755042303346405,0.01,False
11,8192,16384,3600.0,golovin_relative_error_radius_moment_0_m3,0.0010989830137686663,-0.015659940093037603,0.017857906120574932,0.05,True
11,8192,16384,3600.0,golovin_relative_error_radius_moment_6_um6_m3,0.009531054400332403,-0.09551426830218876,0.11457637710285357,0.05,False
11,16384,32768,600.0,ensemble_mean_l1_bins_500,0.006161136760722852,0.002535558397632611,0.02462071780943683,0.01,False
11,16384,32768,600.0,golovin_relative_error_radius_moment_0_m3,-8.014604561796591e-05,-0.007692292729728641,0.00753200063849271,0.05,True
11,16384,32768,600.0,golovin_relative_error_radius_moment_6_um6_m3,0.01173651583644503,-0.01392656008574614,0.037399591758636205,0.05,True
11,16384,32768,1200.0,ensemble_mean_l1_bins_500,0.005853257028353542,0.0035546978074132312,0.025173186049344463,0.01,False
11,16384,32768,1200.0,golovin_relative_error_radius_moment_0_m3,0.0040571288564103655,-0.005168739889350735,0.013282997602171467,0.05,True
11,16384,32768,1200.0,golovin_relative_error_radius_moment_6_um6_m3,0.009304513644161018,-0.027786774481569083,0.04639580176989112,0.05,True
11,16384,32768,1800.0,ensemble_mean_l1_bins_500,0.0072090668655704175,0.0025652645408454516,0.02405760206957088,0.01,False
11,16384,32768,1800.0,golovin_relative_error_radius_moment_0_m3,0.0034602455734436075,-0.007632701744436029,0.014553192891323244,0.05,True
11,16384,32768,1800.0,golovin_relative_error_radius_moment_6_um6_m3,0.007117916265123314,-0.036154552711631385,0.050390385241878013,0.05,False
11,16384,32768,2400.0,ensemble_mean_l1_bins_500,0.00751030049743337,0.004039517347465599,0.026693782080309512,0.01,False
11,16384,32768,2400.0,golovin_relative_error_radius_moment_0_m3,0.0024852759826798354,-0.008703819768466216,0.013674371733825887,0.05,True
11,16384,32768,2400.0,golovin_relative_error_radius_moment_6_um6_m3,0.009559972069699996,-0.0373798088795067,0.05649975301890669,0.05,False
11,16384,32768,3000.0,ensemble_mean_l1_bins_500,0.0021359369937048803,0.001454442399495233,0.028667940436696324,0.01,False
11,16384,32768,3000.0,golovin_relative_error_radius_moment_0_m3,0.002119471252625711,-0.009326236966023893,0.013565179471275316,0.05,True
11,16384,32768,3000.0,golovin_relative_error_radius_moment_6_um6_m3,0.007043881161207308,-0.04836735696408275,0.062455119286497364,0.05,False
11,16384,32768,3600.0,ensemble_mean_l1_bins_500,0.005348978564942396,0.002356304393233064,0.03401257317587842,0.01,False
11,16384,32768,3600.0,golovin_relative_error_radius_moment_0_m3,0.002085467647579744,-0.009516006757994657,0.013686942053154145,0.05,True
11,16384,32768,3600.0,golovin_relative_error_radius_moment_6_um6_m3,-0.006194628109735574,-0.07899686159368413,0.06660760537421298,0.05,False
11,32768,65536,600.0,ensemble_mean_l1_bins_500,0.004128061565405553,0.0011662954022203622,0.016585959737970783,0.01,False
11,32768,65536,600.0,golovin_relative_error_radius_moment_0_m3,0.002110027418174125,-0.003488637055882677,0.007708691892230927,0.05,True
11,32768,65536,600.0,golovin_relative_error_radius_moment_6_um6_m3,-0.005308097953690396,-0.021224798843701386,0.010608602936320596,0.05,True
11,32768,65536,1200.0,ensemble_mean_l1_bins_500,0.0033165862281304154,0.000984111716474249,0.016276692148893403,0.01,False
11,32768,65536,1200.0,golovin_relative_error_radius_moment_0_m3,-0.00021531732888159017,-0.007480473787177741,0.007049839129414561,0.05,True
11,32768,65536,1200.0,golovin_relative_error_radius_moment_6_um6_m3,-0.005829066211151308,-0.030463503811282076,0.018805371388979458,0.05,True
11,32768,65536,1800.0,ensemble_mean_l1_bins_500,0.0022106959658821177,0.0016083888345011256,0.016771611479019063,0.01,False
11,32768,65536,1800.0,golovin_relative_error_radius_moment_0_m3,-0.0005116366193819945,-0.008792821066746047,0.007769547827982058,0.05,True
11,32768,65536,1800.0,golovin_relative_error_radius_moment_6_um6_m3,-0.004109276868206422,-0.03350346976212823,0.025284916025715386,0.05,True
11,32768,65536,2400.0,ensemble_mean_l1_bins_500,0.0029214316708307247,0.0009954223147914244,0.01717450303066934,0.01,False
11,32768,65536,2400.0,golovin_relative_error_radius_moment_0_m3,-0.0008068765792259502,-0.009278968964440458,0.007665215805988558,0.05,True
11,32768,65536,2400.0,golovin_relative_error_radius_moment_6_um6_m3,-0.006609878357270577,-0.04171569625308848,0.02849593953854732,0.05,True
11,32768,65536,3000.0,ensemble_mean_l1_bins_500,0.005770418455639723,0.003246025054232514,0.022275919642895308,0.01,False
11,32768,65536,3000.0,golovin_relative_error_radius_moment_0_m3,-0.000476973385106203,-0.00928219683500932,0.008328250064796915,0.05,True
11,32768,65536,3000.0,golovin_relative_error_radius_moment_6_um6_m3,-0.0059289581581573264,-0.04749251946934777,0.03563460315303312,0.05,True
11,32768,65536,3600.0,ensemble_mean_l1_bins_500,0.005294262234892724,0.0018046576291329084,0.025102434580127866,0.01,False
11,32768,65536,3600.0,golovin_relative_error_radius_moment_0_m3,-0.0006184310353840617,-0.009398119857613622,0.0081612577868455,0.05,True
11,32768,65536,3600.0,golovin_relative_error_radius_moment_6_um6_m3,-0.005842607661894012,-0.05254390643875987,0.04085869111497185,0.05,False
11,65536,131072,600.0,ensemble_mean_l1_bins_500,0.0022743987140059945,0.0013313874506742994,0.01228862577887752,0.01,False
11,65536,131072,600.0,golovin_relative_error_radius_moment_0_m3,-0.0022571724052171806,-0.006286508459503126,0.0017721636490687647,0.05,True
11,65536,131072,600.0,golovin_relative_error_radius_moment_6_um6_m3,-0.0003480841588496531,-0.011029646813081644,0.01033347849538234,0.05,True
11,65536,131072,1200.0,ensemble_mean_l1_bins_500,0.0018120146021446447,0.0008306809303952966,0.011973111553687677,0.01,False
11,65536,131072,1200.0,golovin_relative_error_radius_moment_0_m3,-0.002388720251492169,-0.007772467138654699,0.002995026635670361,0.05,True
11,65536,131072,1200.0,golovin_relative_error_radius_moment_6_um6_m3,0.003932841125203463,-0.011619605823854693,0.01948528807426162,0.05,True
11,65536,131072,1800.0,ensemble_mean_l1_bins_500,0.0029760395838790577,0.0018524856895413251,0.012252735541678012,0.01,False
11,65536,131072,1800.0,golovin_relative_error_radius_moment_0_m3,-0.0017948561576964827,-0.0076892008885201205,0.004099488573127155,0.05,True
11,65536,131072,1800.0,golovin_relative_error_radius_moment_6_um6_m3,0.0024392991328900473,-0.01611328931192123,0.02099188757770133,0.05,True
11,65536,131072,2400.0,ensemble_mean_l1_bins_500,0.002915254703770369,0.0013109311439387697,0.01278517402529278,0.01,False
11,65536,131072,2400.0,golovin_relative_error_radius_moment_0_m3,-0.0012539710839893203,-0.007458165798510366,0.004950223630531725,0.05,True
11,65536,131072,2400.0,golovin_relative_error_radius_moment_6_um6_m3,0.0016295257509943118,-0.020705055640368147,0.02396410714235677,0.05,True
11,65536,131072,3000.0,ensemble_mean_l1_bins_500,0.00402507820412765,0.0015715306845617083,0.015323538806389776,0.01,False
11,65536,131072,3000.0,golovin_relative_error_radius_moment_0_m3,-0.0009783010397904968,-0.007254811392425665,0.005298209312844672,0.05,True
11,65536,131072,3000.0,golovin_relative_error_radius_moment_6_um6_m3,0.0033484677999073243,-0.02113291581386919,0.02782985141368384,0.05,True
11,65536,131072,3600.0,ensemble_mean_l1_bins_500,0.005604289643961436,0.0022627515338413803,0.01829828042320079,0.01,False
11,65536,131072,3600.0,golovin_relative_error_radius_moment_0_m3,-0.0008456269565198626,-0.007153475210022037,0.005462221296982312,0.05,True
11,65536,131072,3600.0,golovin_relative_error_radius_moment_6_um6_m3,0.010087571690162656,-0.01873266265644453,0.03890780603676984,0.05,True
11,131072,262144,600.0,ensemble_mean_l1_bins_500,0.002497011719437583,0.0007508877305423634,0.008436628745460618,0.01,True
11,131072,262144,600.0,golovin_relative_error_radius_moment_0_m3,0.00016382287507628714,-0.002475970405764829,0.002803616155917403,0.05,True
11,131072,262144,600.0,golovin_relative_error_radius_moment_6_um6_m3,0.0008865077998372172,-0.007080824279904486,0.00885383987957892,0.05,True
11,131072,262144,1200.0,ensemble_mean_l1_bins_500,0.0008464294219957093,0.0004731775419743796,0.008014178925122604,0.01,True
11,131072,262144,1200.0,golovin_relative_error_radius_moment_0_m3,-8.657924200521582e-05,-0.003582787998442572,0.00340962951443214,0.05,True
11,131072,262144,1200.0,golovin_relative_error_radius_moment_6_um6_m3,7.791571862661006e-06,-0.011796299777818736,0.011811882921544059,0.05,True
11,131072,262144,1800.0,ensemble_mean_l1_bins_500,0.0012721035654429773,0.00012111987535688485,0.007276151932584631,0.01,True
11,131072,262144,1800.0,golovin_relative_error_radius_moment_0_m3,0.0002146955392887162,-0.003922451475253641,0.004351842553831073,0.05,True
11,131072,262144,1800.0,golovin_relative_error_radius_moment_6_um6_m3,0.0013788689827167588,-0.011492200587119016,0.014249938552552533,0.05,True
11,131072,262144,2400.0,ensemble_mean_l1_bins_500,0.001735620714457784,0.0008622500691523216,0.008966020642038405,0.01,True
11,131072,262144,2400.0,golovin_relative_error_radius_moment_0_m3,-4.2403988575356226e-07,-0.004245005109576094,0.004244157029804588,0.05,True
11,131072,262144,2400.0,golovin_relative_error_radius_moment_6_um6_m3,0.0014596419037190356,-0.015606133546920125,0.018525417354358194,0.05,True
11,131072,262144,3000.0,ensemble_mean_l1_bins_500,0.0027775652188570202,0.00102472777284975,0.010914347705329673,0.01,False
11,131072,262144,3000.0,golovin_relative_error_radius_moment_0_m3,-0.00038104480703589957,-0.004689339850257167,0.0039272502361853675,0.05,True
11,131072,262144,3000.0,golovin_relative_error_radius_moment_6_um6_m3,-0.0016255043479852008,-0.019920432788917395,0.016669424092946996,0.05,True
11,131072,262144,3600.0,ensemble_mean_l1_bins_500,0.0017254934217523984,0.0007707559296654004,0.012243027236996312,0.01,False
11,131072,262144,3600.0,golovin_relative_error_radius_moment_0_m3,-0.0005136906947181564,-0.00492640797807989,0.0038990265886435778,0.05,True
11,131072,262144,3600.0,golovin_relative_error_radius_moment_6_um6_m3,-0.0049779613673325345,-0.026866234782198548,0.016910312047533477,0.05,True
11,262144,524288,600.0,ensemble_mean_l1_bins_500,0.0007355156887138433,0.00012264371028699553,0.005683844631385563,0.01,True
11,262144,524288,600.0,golovin_relative_error_radius_moment_0_m3,0.00040141646928275597,-0.0013628233795112427,0.002165656318076755,0.05,True
11,262144,524288,600.0,golovin_relative_error_radius_moment_6_um6_m3,-0.0014727588055359676,-0.00689285623534799,0.003947338624276056,0.05,True
11,262144,524288,1200.0,ensemble_mean_l1_bins_500,0.0017338786552034127,0.0005526719033156132,0.005822684786080659,0.01,True
11,262144,524288,1200.0,golovin_relative_error_radius_moment_0_m3,0.0004847951379755466,-0.0016521135202365786,0.0026217037961876717,0.05,True
11,262144,524288,1200.0,golovin_relative_error_radius_moment_6_um6_m3,-0.0025171231595888036,-0.011133287199706372,0.0060990408805287645,0.05,True
11,262144,524288,1800.0,ensemble_mean_l1_bins_500,6.46959507032141e-05,-8.797336706454718e-05,0.00489924119523864,0.01,True
11,262144,524288,1800.0,golovin_relative_error_radius_moment_0_m3,0.0003837102741382026,-0.002069751986156646,0.0028371725344330505,0.05,True
11,262144,524288,1800.0,golovin_relative_error_radius_moment_6_um6_m3,-0.00348228201715288,-0.013345340260557,0.006380776226251241,0.05,True
11,262144,524288,2400.0,ensemble_mean_l1_bins_500,0.0006598738745946893,0.0004119644897000865,0.005927925571282913,0.01,True
11,262144,524288,2400.0,golovin_relative_error_radius_moment_0_m3,0.0004035918554146756,-0.0021956533991142973,0.0030028371099436488,0.05,True
11,262144,524288,2400.0,golovin_relative_error_radius_moment_6_um6_m3,-0.0037443082844848875,-0.015955310597748237,0.008466694028778463,0.05,True
11,262144,524288,3000.0,ensemble_mean_l1_bins_500,0.001516543545350411,0.0006755298989213504,0.007532851127932008,0.01,True
11,262144,524288,3000.0,golovin_relative_error_radius_moment_0_m3,0.0007277641279180336,-0.001895546416453735,0.003351074672289802,0.05,True
11,262144,524288,3000.0,golovin_relative_error_radius_moment_6_um6_m3,-0.0038374098021472934,-0.017486235998675676,0.00981141639438109,0.05,True
11,262144,524288,3600.0,ensemble_mean_l1_bins_500,0.0032703426268106423,0.0014074283601960382,0.009588547094245305,0.01,True
11,262144,524288,3600.0,golovin_relative_error_radius_moment_0_m3,0.0007689713332399318,-0.001870980635402284,0.0034089233018821472,0.05,True
11,262144,524288,3600.0,golovin_relative_error_radius_moment_6_um6_m3,-0.005357345645719678,-0.022748474194550772,0.012033782903111415,0.05,True
11,524288,1048576,600.0,ensemble_mean_l1_bins_500,0.0010780850054800933,0.0005026959392820952,0.004338780583585185,0.01,True
11,524288,1048576,600.0,golovin_relative_error_radius_moment_0_m3,-8.31498148549792e-05,-0.0014293856853543458,0.0012630860556443876,0.05,True
11,524288,1048576,600.0,golovin_relative_error_radius_moment_6_um6_m3,0.0012328279854281511,-0.00228385045743698,0.004749506428293282,0.05,True
11,524288,1048576,1200.0,ensemble_mean_l1_bins_500,0.0009844293107363067,0.000473591639369059,0.00430012185918204,0.01,True
11,524288,1048576,1200.0,golovin_relative_error_radius_moment_0_m3,0.0004598926614633192,-0.0012104459305457298,0.0021302312534723683,0.05,True
11,524288,1048576,1200.0,golovin_relative_error_radius_moment_6_um6_m3,0.0014552631040591346,-0.004218949755536123,0.007129475963654392,0.05,True
11,524288,1048576,1800.0,ensemble_mean_l1_bins_500,0.0010559623399274479,0.00019232822644777868,0.003681236945786408,0.01,True
11,524288,1048576,1800.0,golovin_relative_error_radius_moment_0_m3,0.00044236324496952587,-0.0013811870318273846,0.002265913521766436,0.05,True
11,524288,1048576,1800.0,golovin_relative_error_radius_moment_6_um6_m3,0.001893796506546459,-0.004203204303452942,0.00799079731654586,0.05,True
11,524288,1048576,2400.0,ensemble_mean_l1_bins_500,0.0007962183811570352,0.00039727483934392724,0.00393453676009062,0.01,True
11,524288,1048576,2400.0,golovin_relative_error_radius_moment_0_m3,0.0002887796449694635,-0.001633701760256999,0.002211261050195926,0.05,True
11,524288,1048576,2400.0,golovin_relative_error_radius_moment_6_um6_m3,0.0021344281150293297,-0.005275181034829874,0.009544037264888533,0.05,True
11,524288,1048576,3000.0,ensemble_mean_l1_bins_500,0.0008141929583655801,0.00030112759644613905,0.005081064012887928,0.01,True
11,524288,1048576,3000.0,golovin_relative_error_radius_moment_0_m3,0.00020163086389133998,-0.0017333450105131091,0.002136606738295789,0.05,True
11,524288,1048576,3000.0,golovin_relative_error_radius_moment_6_um6_m3,0.0024725315069291432,-0.006728153904189214,0.0116732169180475,0.05,True
11,524288,1048576,3600.0,ensemble_mean_l1_bins_500,0.0010994792830759216,0.000726744627501834,0.006256036557398422,0.01,True
11,524288,1048576,3600.0,golovin_relative_error_radius_moment_0_m3,0.00019295888261293247,-0.0017634202389343418,0.0021493380041602067,0.05,True
11,524288,1048576,3600.0,golovin_relative_error_radius_moment_6_um6_m3,0.002438405528546057,-0.009464421333740461,0.014341232390832575,0.05,True
12,4096,8192,600.0,ensemble_mean_l1_bins_500,0.010646443679656024,0.003189174134661114,0.044727024941671696,0.01,False
12,4096,8192,600.0,golovin_relative_error_radius_moment_0_m3,0.002918019986929295,-0.013830403482876985,0.019666443456735575,0.05,True
12,4096,8192,600.0,golovin_relative_error_radius_moment_6_um6_m3,-0.009391378343555325,-0.04961459314720586,0.030831836460095203,0.05,True
12,4096,8192,1200.0,ensemble_mean_l1_bins_500,0.01032932340727128,0.004370778365971677,0.04559284516262342,0.01,False
12,4096,8192,1200.0,golovin_relative_error_radius_moment_0_m3,0.0011462970863592092,-0.01769383703530378,0.0199864312080222,0.05,True
12,4096,8192,1200.0,golovin_relative_error_radius_moment_6_um6_m3,-0.009496849491848577,-0.07214471655179877,0.053151017568101616,0.05,False
12,4096,8192,1800.0,ensemble_mean_l1_bins_500,0.010539323146189473,0.004140713637022176,0.04474277715055792,0.01,False
12,4096,8192,1800.0,golovin_relative_error_radius_moment_0_m3,-0.002686110060303406,-0.02318499340742229,0.017812773286815478,0.05,True
12,4096,8192,1800.0,golovin_relative_error_radius_moment_6_um6_m3,-0.005732354361670149,-0.08220094303045783,0.07073623430711753,0.05,False
12,4096,8192,2400.0,ensemble_mean_l1_bins_500,0.014121665108384713,0.0063244295650889334,0.05089906763858495,0.01,False
12,4096,8192,2400.0,golovin_relative_error_radius_moment_0_m3,-0.0015882544173717438,-0.02392874837176394,0.020752239537020455,0.05,True
12,4096,8192,2400.0,golovin_relative_error_radius_moment_6_um6_m3,0.0011396646773432668,-0.08629269954493654,0.08857202889962307,0.05,False
12,4096,8192,3000.0,ensemble_mean_l1_bins_500,0.016170966190678197,0.00452301342713976,0.05523689045856012,0.01,False
12,4096,8192,3000.0,golovin_relative_error_radius_moment_0_m3,-7.9981786087523e-06,-0.02234128262410962,0.022325286266892116,0.05,True
12,4096,8192,3000.0,golovin_relative_error_radius_moment_6_um6_m3,0.009258408735591106,-0.10245077352777635,0.12096759099895857,0.05,False
12,4096,8192,3600.0,ensemble_mean_l1_bins_500,0.01523766158126355,0.0062090813137107344,0.06643574423126704,0.01,False
12,4096,8192,3600.0,golovin_relative_error_radius_moment_0_m3,0.00011808026243442554,-0.02243309835303251,0.02266925887790136,0.05,True
12,4096,8192,3600.0,golovin_relative_error_radius_moment_6_um6_m3,-0.011400566122131662,-0.13836346642931505,0.11556233418505171,0.05,False
12,8192,16384,600.0,ensemble_mean_l1_bins_500,0.00447613162721236,0.0011441825592767932,0.031060693766397827,0.01,False
12,8192,16384,600.0,golovin_relative_error_radius_moment_0_m3,-0.0005037539747149311,-0.011351107909919505,0.010343599960489643,0.05,True
12,8192,16384,600.0,golovin_relative_error_radius_moment_6_um6_m3,-0.006482440720361811,-0.03946897708630233,0.026504095645578707,0.05,True
12,8192,16384,1200.0,ensemble_mean_l1_bins_500,0.011324354208979644,0.0034335761308830846,0.0333279016532476,0.01,False
12,8192,16384,1200.0,golovin_relative_error_radius_moment_0_m3,-0.0025524423585875965,-0.016490434574597583,0.011385549857422392,0.05,True
12,8192,16384,1200.0,golovin_relative_error_radius_moment_6_um6_m3,0.0025103638737196702,-0.042847955376142215,0.04786868312358155,0.05,True
12,8192,16384,1800.0,ensemble_mean_l1_bins_500,0.00480244635985496,0.0028873626350133354,0.03236672537439232,0.01,False
12,8192,16384,1800.0,golovin_relative_error_radius_moment_0_m3,-0.0011936271905278305,-0.016016281810919908,0.013629027429864249,0.05,True
12,8192,16384,1800.0,golovin_relative_error_radius_moment_6_um6_m3,-0.0013483605455431504,-0.05806660330100877,0.055369882209922464,0.05,False
12,8192,16384,2400.0,ensemble_mean_l1_bins_500,0.00466168817817194,0.0025031589381387317,0.03369162302395406,0.01,False
12,8192,16384,2400.0,golovin_relative_error_radius_moment_0_m3,0.0016517359100811733,-0.014527156202449367,0.017830628022611712,0.05,True
12,8192,16384,2400.0,golovin_relative_error_radius_moment_6_um6_m3,-0.010217970884599333,-0.07629286476333445,0.05585692299413579,0.05,False
12,8192,16384,3000.0,ensemble_mean_l1_bins_500,0.012827281353564531,0.006618372941229965,0.044175924450044673,0.01,False
12,8192,16384,3000.0,golovin_relative_error_radius_moment_0_m3,0.000918970439858131,-0.014865619317214165,0.016703560196930426,0.05,True
12,8192,16384,3000.0,golovin_relative_error_radius_moment_6_um6_m3,-0.006490784661598115,-0.08290236882727794,0.06992079950408173,0.05,False
12,8192,16384,3600.0,ensemble_mean_l1_bins_500,0.013202520108023919,0.0065544113975168315,0.04917465426797631,0.01,False
12,8192,16384,3600.0,golovin_relative_error_radius_moment_0_m3,0.0010989830137686663,-0.01483782400043761,0.017035790027974944,0.05,True
12,8192,16384,3600.0,golovin_relative_error_radius_moment_6_um6_m3,0.009531054400332403,-0.09039059848994244,0.10945270729060724,0.05,False
12,16384,32768,600.0,ensemble_mean_l1_bins_500,0.006161136760722852,0.0022961297895763414,0.023503881665274253,0.01,False
12,16384,32768,600.0,golovin_relative_error_radius_moment_0_m3,-8.014604561796591e-05,-0.007321893853184693,0.007161601761948762,0.05,True
12,16384,32768,600.0,golovin_relative_error_radius_moment_6_um6_m3,0.01173651583644503,-0.012661066955281082,0.036134098628171143,0.05,True
12,16384,32768,1200.0,ensemble_mean_l1_bins_500,0.005853257028353542,0.0032751941772886546,0.023879860516740088,0.01,False
12,16384,32768,1200.0,golovin_relative_error_radius_moment_0_m3,0.0040571288564103655,-0.0047220441378482145,0.012836301850668946,0.05,True
12,16384,32768,1200.0,golovin_relative_error_radius_moment_6_um6_m3,0.009304513644161018,-0.025974505863769065,0.0445835331520911,0.05,True
12,16384,32768,1800.0,ensemble_mean_l1_bins_500,0.0072090668655704175,0.0026642388226904845,0.02307938712285601,0.01,False
12,16384,32768,1800.0,golovin_relative_error_radius_moment_0_m3,0.0034602455734436075,-0.007094774823814511,0.014015265970701726,0.05,True
12,16384,32768,1800.0,golovin_relative_error_radius_moment_6_um6_m3,0.007117916265123314,-0.034041811831982315,0.04827764436222894,0.05,True
12,16384,32768,2400.0,ensemble_mean_l1_bins_500,0.00751030049743337,0.00407678350506963,0.02556468636750356,0.01,False
12,16384,32768,2400.0,golovin_relative_error_radius_moment_0_m3,0.0024852759826798354,-0.008160963289793656,0.013131515255153327,0.05,True
12,16384,32768,2400.0,golovin_relative_error_radius_moment_6_um6_m3,0.009559972069699996,-0.03511066919248052,0.05423061333188051,0.05,False
12,16384,32768,3000.0,ensemble_mean_l1_bins_500,0.0021359369937048803,0.0014115833347178928,0.0271227556139511,0.01,False
12,16384,32768,3000.0,golovin_relative_error_radius_moment_0_m3,0.002119471252625711,-0.008772286482046482,0.013011228987297905,0.05,True
12,16384,32768,3000.0,golovin_relative_error_radius_moment_6_um6_m3,0.007043881161207308,-0.045692111626784354,0.05977987394919897,0.05,False
12,16384,32768,3600.0,ensemble_mean_l1_bins_500,0.005348978564942396,0.0022600350387187384,0.03228449225730795,0.01,False
12,16384,32768,3600.0,golovin_relative_error_radius_moment_0_m3,0.002085467647579744,-0.008953844075980306,0.013124779371139794,0.05,True
12,16384,32768,3600.0,golovin_relative_error_radius_moment_6_um6_m3,-0.006194628109735574,-0.07542672543178387,0.06303746921231272,0.05,False
12,32768,65536,600.0,ensemble_mean_l1_bins_500,0.004128061565405553,0.0011207737352705467,0.015976061152002962,0.01,False
12,32768,65536,600.0,golovin_relative_error_radius_moment_0_m3,0.002110027418174125,-0.0032165041379778195,0.00743655897432607,0.05,True
12,32768,65536,600.0,golovin_relative_error_radius_moment_6_um6_m3,-0.005308097953690396,-0.02044170095302361,0.009825505045642818,0.05,True
12,32768,65536,1200.0,ensemble_mean_l1_bins_500,0.0033165862281304154,0.0010654639906370578,0.01554931180028088,0.01,False
12,32768,65536,1200.0,golovin_relative_error_radius_moment_0_m3,-0.00021531732888159017,-0.0071281555436745955,0.006697520885911416,0.05,True
12,32768,65536,1200.0,golovin_relative_error_radius_moment_6_um6_m3,-0.005829066211151308,-0.02924396898787388,0.01758583656557126,0.05,True
12,32768,65536,1800.0,ensemble_mean_l1_bins_500,0.0022106959658821177,0.0013877150493086352,0.01604056599397851,0.01,False
12,32768,65536,1800.0,golovin_relative_error_radius_moment_0_m3,-0.0005116366193819945,-0.008388237184725823,0.007364963945961834,0.05,True
12,32768,65536,1800.0,golovin_relative_error_radius_moment_6_um6_m3,-0.004109276868206422,-0.03205703535119416,0.023838481614781318,0.05,True
12,32768,65536,2400.0,ensemble_mean_l1_bins_500,0.0029214316708307247,0.0011487551160309706,0.01647332917562228,0.01,False
12,32768,65536,2400.0,golovin_relative_error_radius_moment_0_m3,-0.0008068765792259502,-0.008866962944112355,0.007253209785660455,0.05,True
12,32768,65536,2400.0,golovin_relative_error_radius_moment_6_um6_m3,-0.006609878357270577,-0.039979142556112554,0.026759385841571396,0.05,True
12,32768,65536,3000.0,ensemble_mean_l1_bins_500,0.005770418455639723,0.0031652538449728125,0.02132013594036067,0.01,False
12,32768,65536,3000.0,golovin_relative_error_radius_moment_0_m3,-0.000476973385106203,-0.008852723243579864,0.00789877647336746,0.05,True
12,32768,65536,3000.0,golovin_relative_error_radius_moment_6_um6_m3,-0.0059289581581573264,-0.04542168063849559,0.03356376432218094,0.05,True
12,32768,65536,3600.0,ensemble_mean_l1_bins_500,0.005294262234892724,0.0018892594171994665,0.024106058452395693,0.01,False
12,32768,65536,3600.0,golovin_relative_error_radius_moment_0_m3,-0.0006184310353840617,-0.008969710104786352,0.007732848034018229,0.05,True
12,32768,65536,3600.0,golovin_relative_error_radius_moment_6_um6_m3,-0.005842607661894012,-0.05023150624077156,0.038546290916983535,0.05,False
12,65536,131072,600.0,ensemble_mean_l1_bins_500,0.0022743987140059945,0.0012705034908652205,0.011864118508318951,0.01,False
12,65536,131072,600.0,golovin_relative_error_radius_moment_0_m3,-0.0022571724052171806,-0.006089056315710391,0.0015747115052760293,0.05,True
12,65536,131072,600.0,golovin_relative_error_radius_moment_6_um6_m3,-0.0003480841588496531,-0.01051169667602852,0.009815528358329216,0.05,True
12,65536,131072,1200.0,ensemble_mean_l1_bins_500,0.0018120146021446447,0.0008516651991007404,0.01143694574149971,0.01,False
12,65536,131072,1200.0,golovin_relative_error_radius_moment_0_m3,-0.002388720251492169,-0.007508930330508163,0.002731489827523825,0.05,True
12,65536,131072,1200.0,golovin_relative_error_radius_moment_6_um6_m3,0.003932841125203463,-0.010864689553244329,0.018730371803651256,0.05,True
12,65536,131072,1800.0,ensemble_mean_l1_bins_500,0.0029760395838790577,0.0018714536089970454,0.011906222290904073,0.01,False
12,65536,131072,1800.0,golovin_relative_error_radius_moment_0_m3,-0.0017948561576964827,-0.0074030887700038215,0.003813376454610856,0.05,True
12,65536,131072,1800.0,golovin_relative_error_radius_moment_6_um6_m3,0.0024392991328900473,-0.01520007548409452,0.020078673749874616,0.05,True
12,65536,131072,2400.0,ensemble_mean_l1_bins_500,0.002915254703770369,0.0012938510267516716,0.012364084401224381,0.01,False
12,65536,131072,2400.0,golovin_relative_error_radius_moment_0_m3,-0.0012539710839893203,-0.007155939239695786,0.004647997071717145,0.05,True
12,65536,131072,2400.0,golovin_relative_error_radius_moment_6_um6_m3,0.0016295257509943118,-0.019621073943443916,0.02288012544543254,0.05,True
12,65536,131072,3000.0,ensemble_mean_l1_bins_500,0.00402507820412765,0.0016005027326679861,0.014645612760915671,0.01,False
12,65536,131072,3000.0,golovin_relative_error_radius_moment_0_m3,-0.0009783010397904968,-0.006949263027016145,0.004992660947435152,0.05,True
12,65536,131072,3000.0,golovin_relative_error_radius_moment_6_um6_m3,0.0033484677999073243,-0.01994163700280065,0.0266385726026153,0.05,True
12,65536,131072,3600.0,ensemble_mean_l1_bins_500,0.005604289643961436,0.0023286807704125884,0.01775861754657336,0.01,False
12,65536,131072,3600.0,golovin_relative_error_radius_moment_0_m3,-0.0008456269565198626,-0.0068471466591738354,0.00515589274613411,0.05,True
12,65536,131072,3600.0,golovin_relative_error_radius_moment_6_um6_m3,0.010087571690162656,-0.017327595854143316,0.03750273923446863,0.05,True
12,131072,262144,600.0,ensemble_mean_l1_bins_500,0.002497011719437583,0.0007390551235480173,0.008181647448430559,0.01,True
12,131072,262144,600.0,golovin_relative_error_radius_moment_0_m3,0.00016382287507628714,-0.002346001367600348,0.0026736471177529223,0.05,True
12,131072,262144,600.0,golovin_relative_error_radius_moment_6_um6_m3,0.0008865077998372172,-0.006691422473382017,0.008464438073056451,0.05,True
12,131072,262144,1200.0,ensemble_mean_l1_bins_500,0.0008464294219957093,0.0003405999093808625,0.007642688761302778,0.01,True
12,131072,262144,1200.0,golovin_relative_error_radius_moment_0_m3,-8.657924200521582e-05,-0.0034093338029147916,0.0032361753189043595,0.05,True
12,131072,262144,1200.0,golovin_relative_error_radius_moment_6_um6_m3,7.791571862661006e-06,-0.01122312508027817,0.011238708224003493,0.05,True
12,131072,262144,1800.0,ensemble_mean_l1_bins_500,0.0012721035654429773,0.00013924173208439678,0.006989092039016139,0.01,True
12,131072,262144,1800.0,golovin_relative_error_radius_moment_0_m3,0.0002146955392887162,-0.003716543894679321,0.004145934973256753,0.05,True
12,131072,262144,1800.0,golovin_relative_error_radius_moment_6_um6_m3,0.0013788689827167588,-0.010871018256116308,0.013628756221549826,0.05,True
12,131072,262144,2400.0,ensemble_mean_l1_bins_500,0.001735620714457784,0.0008683715453312275,0.00856866861791561,0.01,True
12,131072,262144,2400.0,golovin_relative_error_radius_moment_0_m3,-4.2403988575356226e-07,-0.00403489609164973,0.004034048011878223,0.05,True
12,131072,262144,2400.0,golovin_relative_error_radius_moment_6_um6_m3,0.0014596419037190356,-0.014778243575991123,0.017697527383429192,0.05,True
12,131072,262144,3000.0,ensemble_mean_l1_bins_500,0.0027775652188570202,0.001082253875347141,0.010516775504234969,0.01,False
12,131072,262144,3000.0,golovin_relative_error_radius_moment_0_m3,-0.00038104480703589957,-0.004475766198622307,0.0037136765845505078,0.05,True
12,131072,262144,3000.0,golovin_relative_error_radius_moment_6_um6_m3,-0.0016255043479852008,-0.0190337443746992,0.0157827356787288,0.05,True
12,131072,262144,3600.0,ensemble_mean_l1_bins_500,0.0017254934217523984,0.0007058201545603356,0.011891145118346741,0.01,False
12,131072,262144,3600.0,golovin_relative_error_radius_moment_0_m3,-0.0005136906947181564,-0.004706986421605178,0.003679605032168865,0.05,True
12,131072,262144,3600.0,golovin_relative_error_radius_moment_6_um6_m3,-0.0049779613673325345,-0.02580994659269578,0.01585402385803071,0.05,True
12,262144,524288,600.0,ensemble_mean_l1_bins_500,0.0007355156887138433,8.877883015948291e-05,0.005465797713667126,0.01,True
12,262144,524288,600.0,golovin_relative_error_radius_moment_0_m3,0.00040141646928275597,-0.0012773060579186807,0.0020801389964841925,0.05,True
12,262144,524288,600.0,golovin_relative_error_radius_moment_6_um6_m3,-0.0014727588055359676,-0.006627145409785994,0.0036816277987140596,0.05,True
12,262144,524288,1200.0,ensemble_mean_l1_bins_500,0.0017338786552034127,0.0005351508651840548,0.005573480249757205,0.01,True
12,262144,524288,1200.0,golovin_relative_error_radius_moment_0_m3,0.0004847951379755466,-0.0015481153368804895,0.0025177056128315826,0.05,True
12,262144,524288,1200.0,golovin_relative_error_radius_moment_6_um6_m3,-0.0025171231595888036,-0.010711456272355339,0.005677209953177732,0.05,True
12,262144,524288,1800.0,ensemble_mean_l1_bins_500,6.46959507032141e-05,-9.32896505589077e-05,0.00464862485328658,0.01,True
12,262144,524288,1800.0,golovin_relative_error_radius_moment_0_m3,0.0003837102741382026,-0.001950296579953783,0.0027177171282301883,0.05,True
12,262144,524288,1800.0,golovin_relative_error_radius_moment_6_um6_m3,-0.00348228201715288,-0.01285740874758626,0.0058928447132805,0.05,True
12,262144,524288,2400.0,ensemble_mean_l1_bins_500,0.0006598738745946893,0.00038108723125843477,0.0056949689270517564,0.01,True
12,262144,524288,2400.0,golovin_relative_error_radius_moment_0_m3,0.0004035918554146756,-0.002068603205662819,0.0028757869164921703,0.05,True
12,262144,524288,2400.0,golovin_relative_error_radius_moment_6_um6_m3,-0.0037443082844848875,-0.015351066045484299,0.007862449476514525,0.05,True
12,262144,524288,3000.0,ensemble_mean_l1_bins_500,0.001516543545350411,0.0006680027834134343,0.0072388689261938715,0.01,True
12,262144,524288,3000.0,golovin_relative_error_radius_moment_0_m3,0.0007277641279180336,-0.0017675577912526657,0.0032230860470887327,0.05,True
12,262144,524288,3000.0,golovin_relative_error_radius_moment_6_um6_m3,-0.0038374098021472934,-0.016818128844331547,0.00914330924003696,0.05,True
12,262144,524288,3600.0,ensemble_mean_l1_bins_500,0.0032703426268106423,0.0013851417220891065,0.009282907609397567,0.01,True
12,262144,524288,3600.0,golovin_relative_error_radius_moment_0_m3,0.0007689713332399318,-0.001742463579064442,0.003280406245544306,0.05,True
12,262144,524288,3600.0,golovin_relative_error_radius_moment_6_um6_m3,-0.005357345645719678,-0.02189827360026012,0.011183582308820762,0.05,True
12,524288,1048576,600.0,ensemble_mean_l1_bins_500,0.0010780850054800933,0.0004470853121289685,0.004221412202536215,0.01,True
12,524288,1048576,600.0,golovin_relative_error_radius_moment_0_m3,-8.31498148549792e-05,-0.0013638807246488106,0.0011975810949388524,0.05,True
12,524288,1048576,600.0,golovin_relative_error_radius_moment_6_um6_m3,0.0012328279854281511,-0.0021103211046965935,0.004575977075552896,0.05,True
12,524288,1048576,1200.0,ensemble_mean_l1_bins_500,0.0009844293107363067,0.00046818518279645254,0.004146366087646354,0.01,True
12,524288,1048576,1200.0,golovin_relative_error_radius_moment_0_m3,0.0004598926614633192,-0.0011299104473896885,0.002049695770316327,0.05,True
12,524288,1048576,1200.0,golovin_relative_error_radius_moment_6_um6_m3,0.0014552631040591346,-0.003939228121845563,0.006849754329963832,0.05,True
12,524288,1048576,1800.0,ensemble_mean_l1_bins_500,0.0010559623399274479,0.0002111458779642127,0.0035448388146754285,0.01,True
12,524288,1048576,1800.0,golovin_relative_error_radius_moment_0_m3,0.00044236324496952587,-0.0012928124724373132,0.002177538962376365,0.05,True
12,524288,1048576,1800.0,golovin_relative_error_radius_moment_6_um6_m3,0.001893796506546459,-0.0039055045056435884,0.007693097518736506,0.05,True
12,524288,1048576,2400.0,ensemble_mean_l1_bins_500,0.0007962183811570352,0.00040103024971985853,0.0037688836648781536,0.01,True
12,524288,1048576,2400.0,golovin_relative_error_radius_moment_0_m3,0.0002887796449694635,-0.0015409158058714183,0.002118475095810345,0.05,True
12,524288,1048576,2400.0,golovin_relative_error_radius_moment_6_um6_m3,0.0021344281150293297,-0.0049117157137105495,0.009180571943769209,0.05,True
12,524288,1048576,3000.0,ensemble_mean_l1_bins_500,0.0008141929583655801,0.0003220317013925626,0.00487388698694076,0.01,True
12,524288,1048576,3000.0,golovin_relative_error_radius_moment_0_m3,0.00020163086389133998,-0.0016397438269611989,0.002043005554743879,0.05,True
12,524288,1048576,3000.0,golovin_relative_error_radius_moment_6_um6_m3,0.0024725315069291432,-0.006277819888558052,0.011222882902416338,0.05,True
12,524288,1048576,3600.0,ensemble_mean_l1_bins_500,0.0010994792830759216,0.0007338254202819593,0.0059941962335337984,0.01,True
12,524288,1048576,3600.0,golovin_relative_error_radius_moment_0_m3,0.00019295888261293247,-0.001668540726613681,0.002054458491839546,0.05,True
12,524288,1048576,3600.0,golovin_relative_error_radius_moment_6_um6_m3,0.002438405528546057,-0.008882336008005797,0.01375914706509791,0.05,True
13,4096,8192,600.0,ensemble_mean_l1_bins_500,0.010646443679656024,0.0034050651677742585,0.04286690139856663,0.01,False
13,4096,8192,600.0,golovin_relative_error_radius_moment_0_m3,0.002918019986929295,-0.013082409835112751,0.01891844980897134,0.05,True
13,4096,8192,600.0,golovin_relative_error_radius_moment_6_um6_m3,-0.009391378343555325,-0.04784439025384678,0.02906163356673613,0.05,True
13,4096,8192,1200.0,ensemble_mean_l1_bins_500,0.01032932340727128,0.004117225862159104,0.04389037192827565,0.01,False
13,4096,8192,1200.0,golovin_relative_error_radius_moment_0_m3,0.0011462970863592092,-0.016864082121449814,0.019156676294168232,0.05,True
13,4096,8192,1200.0,golovin_relative_error_radius_moment_6_um6_m3,-0.009496849491848577,-0.06935588730927476,0.05036218832557761,0.05,False
13,4096,8192,1800.0,ensemble_mean_l1_bins_500,0.010539323146189473,0.0039735513978741985,0.04349984968661783,0.01,False
13,4096,8192,1800.0,golovin_relative_error_radius_moment_0_m3,-0.002686110060303406,-0.022277565632496783,0.01690534551188997,0.05,True
13,4096,8192,1800.0,golovin_relative_error_radius_moment_6_um6_m3,-0.005732354361670149,-0.0788167541065582,0.0673520453832179,0.05,False
13,4096,8192,2400.0,ensemble_mean_l1_bins_500,0.014121665108384713,0.006165327555771208,0.049458980701144,0.01,False
13,4096,8192,2400.0,golovin_relative_error_radius_moment_0_m3,-0.0015882544173717438,-0.022942111974522353,0.01976560313977887,0.05,True
13,4096,8192,2400.0,golovin_relative_error_radius_moment_6_um6_m3,0.0011396646773432668,-0.08244322840629185,0.08472255776097838,0.05,False
13,4096,8192,3000.0,ensemble_mean_l1_bins_500,0.016170966190678197,0.004206177138484449,0.0536155954461398,0.01,False
13,4096,8192,3000.0,golovin_relative_error_radius_moment_0_m3,-7.9981786087523e-06,-0.0213520861230313,0.021336089765813797,0.05,True
13,4096,8192,3000.0,golovin_relative_error_radius_moment_6_um6_m3,0.009258408735591106,-0.09749125689478565,0.11600807436596787,0.05,False
13,4096,8192,3600.0,ensemble_mean_l1_bins_500,0.01523766158126355,0.006225789419277057,0.06441889395497247,0.01,False
13,4096,8192,3600.0,golovin_relative_error_radius_moment_0_m3,0.00011808026243442554,-0.021433867353501453,0.0216700278783703,0.05,True
13,4096,8192,3600.0,golovin_relative_error_radius_moment_6_um6_m3,-0.011400566122131662,-0.1327756556589274,0.10997452341466407,0.05,False
13,8192,16384,600.0,ensemble_mean_l1_bins_500,0.00447613162721236,0.0008080756556304021,0.029683163591891232,0.01,False
13,8192,16384,600.0,golovin_relative_error_radius_moment_0_m3,-0.0005037539747149311,-0.010866365449448918,0.009858857500019056,0.05,True
13,8192,16384,600.0,golovin_relative_error_radius_moment_6_um6_m3,-0.006482440720361811,-0.03801462781278938,0.025049746372065758,0.05,True
13,8192,16384,1200.0,ensemble_mean_l1_bins_500,0.011324354208979644,0.0037035811868859595,0.032242732663900056,0.01,False
13,8192,16384,1200.0,golovin_relative_error_radius_moment_0_m3,-0.0025524423585875965,-0.01586200521822999,0.0107571205010548,0.05,True
13,8192,16384,1200.0,golovin_relative_error_radius_moment_6_um6_m3,0.0025103638737196702,-0.04085103901000462,0.045871766757443956,0.05,True
13,8192,16384,1800.0,ensemble_mean_l1_bins_500,0.00480244635985496,0.0029282602226086327,0.031050966707225944,0.01,False
13,8192,16384,1800.0,golovin_relative_error_radius_moment_0_m3,-0.0011936271905278305,-0.015356908988707136,0.012969654607651475,0.05,True
13,8192,16384,1800.0,golovin_relative_error_radius_moment_6_um6_m3,-0.0013483605455431504,-0.05555558743106238,0.05285886633997607,0.05,False
13,8192,16384,2400.0,ensemble_mean_l1_bins_500,0.00466168817817194,0.002295121412208986,0.03240495099538194,0.01,False
13,8192,16384,2400.0,golovin_relative_error_radius_moment_0_m3,0.0016517359100811733,-0.013801958004153346,0.01710542982431569,0.05,True
13,8192,16384,2400.0,golovin_relative_error_radius_moment_6_um6_m3,-0.010217970884599333,-0.07333172229619428,0.05289578052699562,0.05,False
13,8192,16384,3000.0,ensemble_mean_l1_bins_500,0.012827281353564531,0.006687379114156367,0.043261305626325124,0.01,False
13,8192,16384,3000.0,golovin_relative_error_radius_moment_0_m3,0.000918970439858131,-0.014160364517677977,0.01599830539739424,0.05,True
13,8192,16384,3000.0,golovin_relative_error_radius_moment_6_um6_m3,-0.006490784661598115,-0.07948105892790291,0.0664994896047067,0.05,False
13,8192,16384,3600.0,ensemble_mean_l1_bins_500,0.013202520108023919,0.006466382071087259,0.047473524166959574,0.01,False
13,8192,16384,3600.0,golovin_relative_error_radius_moment_0_m3,0.0010989830137686663,-0.01412663374265621,0.016324599770193543,0.05,True
13,8192,16384,3600.0,golovin_relative_error_radius_moment_6_um6_m3,0.009531054400332403,-0.08595468401039177,0.10501679281105658,0.05,False
13,16384,32768,600.0,ensemble_mean_l1_bins_500,0.006161136760722852,0.0023761174550257307,0.022745687995275182,0.01,False
13,16384,32768,600.0,golovin_relative_error_radius_moment_0_m3,-8.014604561796591e-05,-0.007001105785506058,0.006840813694270127,0.05,True
13,16384,32768,600.0,golovin_relative_error_radius_moment_6_um6_m3,0.01173651583644503,-0.011567126982592477,0.03504015865548254,0.05,True
13,16384,32768,1200.0,ensemble_mean_l1_bins_500,0.005853257028353542,0.0031184491541305127,0.02320860245993981,0.01,False
13,16384,32768,1200.0,golovin_relative_error_radius_moment_0_m3,0.0040571288564103655,-0.004334908090642377,0.012449165803463107,0.05,True
13,16384,32768,1200.0,golovin_relative_error_radius_moment_6_um6_m3,0.009304513644161018,-0.024405879096382047,0.04301490638470408,0.05,True
13,16384,32768,1800.0,ensemble_mean_l1_bins_500,0.0072090668655704175,0.0025881070461478742,0.02254958887318148,0.01,False
13,16384,32768,1800.0,golovin_relative_error_radius_moment_0_m3,0.0034602455734436075,-0.006628673111308998,0.013549164258196213,0.05,True
13,16384,32768,1800.0,golovin_relative_error_radius_moment_6_um6_m3,0.007117916265123314,-0.032212921102605374,0.046448753632852,0.05,True
13,16384,32768,2400.0,ensemble_mean_l1_bins_500,0.00751030049743337,0.003984870558921376,0.024932900821767665,0.01,False
13,16384,32768,2400.0,golovin_relative_error_radius_moment_0_m3,0.0024852759826798354,-0.007690622745035137,0.012661174710394808,0.05,True
13,16384,32768,2400.0,golovin_relative_error_radius_moment_6_um6_m3,0.009559972069699996,-0.033143647576362546,0.05226359171576254,0.05,False
13,16384,32768,3000.0,ensemble_mean_l1_bins_500,0.0021359369937048803,0.0011074941575161545,0.026091794061204217,0.01,False
13,16384,32768,3000.0,golovin_relative_error_radius_moment_0_m3,0.002119471252625711,-0.008292169028811826,0.01253111153406325,0.05,True
13,16384,32768,3000.0,golovin_relative_error_radius_moment_6_um6_m3,0.007043881161207308,-0.04337263844739174,0.05746040076980635,0.05,False
13,16384,32768,3600.0,ensemble_mean_l1_bins_500,0.005348978564942396,0.002390660464165476,0.03148738519604364,0.01,False
13,16384,32768,3600.0,golovin_relative_error_radius_moment_0_m3,0.002085467647579744,-0.008466691007668068,0.012637626302827555,0.05,True
13,16384,32768,3600.0,golovin_relative_error_radius_moment_6_um6_m3,-0.006194628109735574,-0.07233815064143148,0.05994889442196033,0.05,False
13,32768,65536,600.0,ensemble_mean_l1_bins_500,0.004128061565405553,0.0010152677411581891,0.015407142398003523,0.01,False
13,32768,65536,600.0,golovin_relative_error_radius_moment_0_m3,0.002110027418174125,-0.0029807848536698503,0.0072008396900181005,0.05,True
13,32768,65536,600.0,golovin_relative_error_radius_moment_6_um6_m3,-0.005308097953690396,-0.01976454454876722,0.00914834864138643,0.05,True
13,32768,65536,1200.0,ensemble_mean_l1_bins_500,0.0033165862281304154,0.001157479769148049,0.014906468476586323,0.01,False
13,32768,65536,1200.0,golovin_relative_error_radius_moment_0_m3,-0.00021531732888159017,-0.0068228809877507405,0.006392246329987561,0.05,True
13,32768,65536,1200.0,golovin_relative_error_radius_moment_6_um6_m3,-0.005829066211151308,-0.02819033895128216,0.01653220652897954,0.05,True
13,32768,65536,1800.0,ensemble_mean_l1_bins_500,0.0022106959658821177,0.0013367844888693323,0.015418656397102175,0.01,False
13,32768,65536,1800.0,golovin_relative_error_radius_moment_0_m3,-0.0005116366193819945,-0.00803804174387634,0.0070147685051123515,0.05,True
13,32768,65536,1800.0,golovin_relative_error_radius_moment_6_um6_m3,-0.004109276868206422,-0.030806312091457077,0.022587758355044233,0.05,True
13,32768,65536,2400.0,ensemble_mean_l1_bins_500,0.0029214316708307247,0.001238315381172733,0.015824962623554928,0.01,False
13,32768,65536,2400.0,golovin_relative_error_radius_moment_0_m3,-0.0008068765792259502,-0.008510111711785581,0.006896358553333681,0.05,True
13,32768,65536,2400.0,golovin_relative_error_radius_moment_6_um6_m3,-0.006609878357270577,-0.038478661729040006,0.025258905014498855,0.05,True
13,32768,65536,3000.0,ensemble_mean_l1_bins_500,0.005770418455639723,0.0030561216346423315,0.02063416148478617,0.01,False
13,32768,65536,3000.0,golovin_relative_error_radius_moment_0_m3,-0.000476973385106203,-0.008480897319239962,0.007526950549027556,0.05,True
13,32768,65536,3000.0,golovin_relative_error_radius_moment_6_um6_m3,-0.0059289581581573264,-0.04363417426612015,0.0317762579498055,0.05,True
13,32768,65536,3600.0,ensemble_mean_l1_bins_500,0.005294262234892724,0.0019694546557811757,0.02323111945991982,0.01,False
13,32768,65536,3600.0,golovin_relative_error_radius_moment_0_m3,-0.0006184310353840617,-0.008598827341606082,0.007361965270837959,0.05,True
13,32768,65536,3600.0,golovin_relative_error_radius_moment_6_um6_m3,-0.005842607661894012,-0.048233737101467236,0.03654852177767921,0.05,True
13,65536,131072,600.0,ensemble_mean_l1_bins_500,0.0022743987140059945,0.001208303860044592,0.011292805302661293,0.01,False
13,65536,131072,600.0,golovin_relative_error_radius_moment_0_m3,-0.0022571724052171806,-0.005918220438849564,0.0014038756284152037,0.05,True
13,65536,131072,600.0,golovin_relative_error_radius_moment_6_um6_m3,-0.0003480841588496531,-0.010062901038355675,0.00936673272065637,0.05,True
13,65536,131072,1200.0,ensemble_mean_l1_bins_500,0.0018120146021446447,0.0007600452247389885,0.010928987395145697,0.01,False
13,65536,131072,1200.0,golovin_relative_error_radius_moment_0_m3,-0.002388720251492169,-0.007280883043503281,0.0025034425405189432,0.05,True
13,65536,131072,1200.0,golovin_relative_error_radius_moment_6_um6_m3,0.003932841125203463,-0.010210661064070037,0.018076343314476963,0.05,True
13,65536,131072,1800.0,ensemble_mean_l1_bins_500,0.0029760395838790577,0.001868386484870053,0.011442139446239267,0.01,False
13,65536,131072,1800.0,golovin_relative_error_radius_moment_0_m3,-0.0017948561576964827,-0.0071552130204785395,0.0035655007050855742,0.05,True
13,65536,131072,1800.0,golovin_relative_error_radius_moment_6_um6_m3,0.0024392991328900473,-0.014410458399168378,0.019289056664948474,0.05,True
13,65536,131072,2400.0,ensemble_mean_l1_bins_500,0.002915254703770369,0.0013395279816072025,0.011748105110158403,0.01,False
13,65536,131072,2400.0,golovin_relative_error_radius_moment_0_m3,-0.0012539710839893203,-0.006894233636831682,0.004386291468853041,0.05,True
13,65536,131072,2400.0,golovin_relative_error_radius_moment_6_um6_m3,0.0016295257509943118,-0.018681939673714617,0.02194099117570324,0.05,True
13,65536,131072,3000.0,ensemble_mean_l1_bins_500,0.00402507820412765,0.0016116912919735466,0.014062154432065196,0.01,False
13,65536,131072,3000.0,golovin_relative_error_radius_moment_0_m3,-0.0009783010397904968,-0.006684656530684478,0.004728054451103485,0.05,True
13,65536,131072,3000.0,golovin_relative_error_radius_moment_6_um6_m3,0.0033484677999073243,-0.018909921727325318,0.025606857327139968,0.05,True
13,65536,131072,3600.0,ensemble_mean_l1_bins_500,0.005604289643961436,0.0022283607665098465,0.017211582648733847,0.01,False
13,65536,131072,3600.0,golovin_relative_error_radius_moment_0_m3,-0.0008456269565198626,-0.006581773874298025,0.004890519961258299,0.05,True
13,65536,131072,3600.0,golovin_relative_error_radius_moment_6_um6_m3,0.010087571690162656,-0.016111051832624925,0.036286195212950234,0.05,True
13,131072,262144,600.0,ensemble_mean_l1_bins_500,0.002497011719437583,0.0007613027417390347,0.007892631254909835,0.01,True
13,131072,262144,600.0,golovin_relative_error_radius_moment_0_m3,0.00016382287507628714,-0.0022336263977413505,0.002561272147893925,0.05,True
13,131072,262144,600.0,golovin_relative_error_radius_moment_6_um6_m3,0.0008865077998372172,-0.006354386618790009,0.008127402218464443,0.05,True
13,131072,262144,1200.0,ensemble_mean_l1_bins_500,0.0008464294219957093,0.00037280568574455313,0.007387727510392428,0.01,True
13,131072,262144,1200.0,golovin_relative_error_radius_moment_0_m3,-8.657924200521582e-05,-0.003259521765479944,0.0030863632814695117,0.05,True
13,131072,262144,1200.0,golovin_relative_error_radius_moment_6_um6_m3,7.791571862661006e-06,-0.010726574842086839,0.010742157985812162,0.05,True
13,131072,262144,1800.0,ensemble_mean_l1_bins_500,0.0012721035654429773,0.00010310669966567505,0.006717336992862871,0.01,True
13,131072,262144,1800.0,golovin_relative_error_radius_moment_0_m3,0.0002146955392887162,-0.003538781907992062,0.003968172986569494,0.05,True
13,131072,262144,1800.0,golovin_relative_error_radius_moment_6_um6_m3,0.0013788689827167588,-0.01033241685762289,0.013090154823056407,0.05,True
13,131072,262144,2400.0,ensemble_mean_l1_bins_500,0.001735620714457784,0.0008934945271701172,0.00826347399012269,0.01,True
13,131072,262144,2400.0,golovin_relative_error_radius_moment_0_m3,-4.2403988575356226e-07,-0.0038533677205449513,0.003852519640773444,0.05,True
13,131072,262144,2400.0,golovin_relative_error_radius_moment_6_um6_m3,0.0014596419037190356,-0.01406093484345514,0.016980218650893213,0.05,True
13,131072,262144,3000.0,ensemble_mean_l1_bins_500,0.0027775652188570202,0.0011218796116248147,0.010192160170490369,0.01,False
13,131072,262144,3000.0,golovin_relative_error_radius_moment_0_m3,-0.00038104480703589957,-0.004291282378235412,0.003529192764163613,0.05,True
13,131072,262144,3000.0,golovin_relative_error_radius_moment_6_um6_m3,-0.0016255043479852008,-0.018265389925098144,0.015014381229127743,0.05,True
13,131072,262144,3600.0,ensemble_mean_l1_bins_500,0.0017254934217523984,0.0007013613611029343,0.01140455649851728,0.01,False
13,131072,262144,3600.0,golovin_relative_error_radius_moment_0_m3,-0.0005136906947181564,-0.0045175331679213815,0.003490151778485069,0.05,True
13,131072,262144,3600.0,golovin_relative_error_radius_moment_6_um6_m3,-0.0049779613673325345,-0.02489407304853736,0.01493815031387229,0.05,True
13,262144,524288,600.0,ensemble_mean_l1_bins_500,0.0007355156887138433,3.7526031284365885e-05,0.00520464231648709,0.01,True
13,262144,524288,600.0,golovin_relative_error_radius_moment_0_m3,0.00040141646928275597,-0.0012032028891327184,0.0020060358276982305,0.05,True
13,262144,524288,600.0,golovin_relative_error_radius_moment_6_um6_m3,-0.0014727588055359676,-0.0063972649752204475,0.003451747364148512,0.05,True
13,262144,524288,1200.0,ensemble_mean_l1_bins_500,0.0017338786552034127,0.0005360494129312381,0.00538478466417745,0.01,True
13,262144,524288,1200.0,golovin_relative_error_radius_moment_0_m3,0.0004847951379755466,-0.0014580488065477184,0.0024276390824988117,0.05,True
13,262144,524288,1200.0,golovin_relative_error_radius_moment_6_um6_m3,-0.0025171231595888036,-0.010346439768119262,0.0053121934489416545,0.05,True
13,262144,524288,1800.0,ensemble_mean_l1_bins_500,6.46959507032141e-05,-0.00012666698216803603,0.0044080706476049576,0.01,True
13,262144,524288,1800.0,golovin_relative_error_radius_moment_0_m3,0.0003837102741382026,-0.0018468497353254212,0.002614270283601826,0.05,True
13,262144,524288,1800.0,golovin_relative_error_radius_moment_6_um6_m3,-0.00348228201715288,-0.012435813485869607,0.005471249451563848,0.05,True
13,262144,524288,2400.0,ensemble_mean_l1_bins_500,0.0006598738745946893,0.0003570528558558417,0.005450716366921804,0.01,True
13,262144,524288,2400.0,golovin_relative_error_radius_moment_0_m3,0.0004035918554146756,-0.0019586399932213596,0.002765823704050711,0.05,True
13,262144,524288,2400.0,golovin_relative_error_radius_moment_6_um6_m3,-0.0037443082844848875,-0.014828990325090365,0.0073403737561205905,0.05,True
13,262144,524288,3000.0,ensemble_mean_l1_bins_500,0.001516543545350411,0.0007044135580406104,0.006959860611483614,0.01,True
13,262144,524288,3000.0,golovin_relative_error_radius_moment_0_m3,0.0007277641279180336,-0.0016567534154276519,0.003112281671263719,0.05,True
13,262144,524288,3000.0,golovin_relative_error_radius_moment_6_um6_m3,-0.0038374098021472934,-0.016239992101771177,0.008565172497476589,0.05,True
13,262144,524288,3600.0,ensemble_mean_l1_bins_500,0.0032703426268106423,0.0013707680771710617,0.009063612476786992,0.01,True
13,262144,524288,3600.0,golovin_relative_error_radius_moment_0_m3,0.0007689713332399318,-0.001631167239437629,0.0031691099059174927,0.05,True
13,262144,524288,3600.0,golovin_relative_error_radius_moment_6_um6_m3,-0.005357345645719678,-0.021162432119769762,0.010447740828330405,0.05,True
13,524288,1048576,600.0,ensemble_mean_l1_bins_500,0.0010780850054800933,0.0004292171197211874,0.00408146588052695,0.01,True
13,524288,1048576,600.0,golovin_relative_error_radius_moment_0_m3,-8.31498148549792e-05,-0.0013071492505927762,0.001140849620882818,0.05,True
13,524288,1048576,600.0,golovin_relative_error_radius_moment_6_um6_m3,0.0012328279854281511,-0.0019603298693732334,0.004425985840229536,0.05,True
13,524288,1048576,1200.0,ensemble_mean_l1_bins_500,0.0009844293107363067,0.00043863497401838074,0.003996097796223892,0.01,True
13,524288,1048576,1200.0,golovin_relative_error_radius_moment_0_m3,0.0004598926614633192,-0.0010600719574148435,0.001979857280341482,0.05,True
13,524288,1048576,1200.0,golovin_relative_error_radius_moment_6_um6_m3,0.0014552631040591346,-0.00369741594316198,0.006607942151280249,0.05,True
13,524288,1048576,1800.0,ensemble_mean_l1_bins_500,0.0010559623399274479,0.00021128159491827628,0.0034339217599700096,0.01,True
13,524288,1048576,1800.0,golovin_relative_error_radius_moment_0_m3,0.00044236324496952587,-0.0012162312728333582,0.00210095776277241,0.05,True
13,524288,1048576,1800.0,golovin_relative_error_radius_moment_6_um6_m3,0.001893796506546459,-0.0036478034711503737,0.007435396484243292,0.05,True
13,524288,1048576,2400.0,ensemble_mean_l1_bins_500,0.0007962183811570352,0.0003612668529675065,0.003546968729842816,0.01,True
13,524288,1048576,2400.0,golovin_relative_error_radius_moment_0_m3,0.0002887796449694635,-0.0014604653652321583,0.002038024655171085,0.05,True
13,524288,1048576,2400.0,golovin_relative_error_radius_moment_6_um6_m3,0.0021344281150293297,-0.004597289782464849,0.008866146012523508,0.05,True
13,524288,1048576,3000.0,ensemble_mean_l1_bins_500,0.0008141929583655801,0.0002924074787147354,0.00467437588373352,0.01,True
13,524288,1048576,3000.0,golovin_relative_error_radius_moment_0_m3,0.00020163086389133998,-0.0015586123963128439,0.001961874124095524,0.05,True
13,524288,1048576,3000.0,golovin_relative_error_radius_moment_6_um6_m3,0.0024725315069291432,-0.005888125364721629,0.010833188378579914,0.05,True
13,524288,1048576,3600.0,ensemble_mean_l1_bins_500,0.0010994792830759216,0.0006524672904074164,0.005787694550414355,0.01,True
13,524288,1048576,3600.0,golovin_relative_error_radius_moment_0_m3,0.00019295888261293247,-0.0015863308856139844,0.0019722486508398493,0.05,True
13,524288,1048576,3600.0,golovin_relative_error_radius_moment_6_um6_m3,0.002438405528546057,-0.008378569368057108,0.013255380425149222,0.05,True
14,4096,8192,600.0,ensemble_mean_l1_bins_500,0.010646443679656024,0.0033880085033240063,0.04164813530086195,0.01,False
14,4096,8192,600.0,golovin_relative_error_radius_moment_0_m3,0.002918019986929295,-0.012426960461913121,0.018263000435771712,0.05,True
14,4096,8192,600.0,golovin_relative_error_radius_moment_6_um6_m3,-0.009391378343555325,-0.0462902690838851,0.027507512396774448,0.05,True
14,4096,8192,1200.0,ensemble_mean_l1_bins_500,0.01032932340727128,0.0041374613087083725,0.042665783562171065,0.01,False
14,4096,8192,1200.0,golovin_relative_error_radius_moment_0_m3,0.0011462970863592092,-0.016135681007989896,0.018428275180708314,0.05,True
14,4096,8192,1200.0,golovin_relative_error_radius_moment_6_um6_m3,-0.009496849491848577,-0.06691108035201813,0.04791738136832098,0.05,False
14,4096,8192,1800.0,ensemble_mean_l1_bins_500,0.010539323146189473,0.004169298011592553,0.0423626860779725,0.01,False
14,4096,8192,1800.0,golovin_relative_error_radius_moment_0_m3,-0.002686110060303406,-0.021481501718605692,0.01610928159799888,0.05,True
14,4096,8192,1800.0,golovin_relative_error_radius_moment_6_um6_m3,-0.005732354361670149,-0.07584779195441267,0.06438308323107238,0.05,False
14,4096,8192,2400.0,ensemble_mean_l1_bins_500,0.014121665108384713,0.006420860658712285,0.04770922215950083,0.01,False
14,4096,8192,2400.0,golovin_relative_error_radius_moment_0_m3,-0.0015882544173717438,-0.022076299476494858,0.018899790641751367,0.05,True
14,4096,8192,2400.0,golovin_relative_error_radius_moment_6_um6_m3,0.0011396646773432668,-0.07906382965462345,0.08134315900930998,0.05,False
14,4096,8192,3000.0,ensemble_mean_l1_bins_500,0.016170966190678197,0.004020922788987587,0.05180012536070048,0.01,False
14,4096,8192,3000.0,golovin_relative_error_radius_moment_0_m3,-7.9981786087523e-06,-0.020484352301205613,0.02046835594398811,0.05,True
14,4096,8192,3000.0,golovin_relative_error_radius_moment_6_um6_m3,0.009258408735591106,-0.09314203069445469,0.11165884816563691,0.05,False
14,4096,8192,3600.0,ensemble_mean_l1_bins_500,0.01523766158126355,0.0062059781835295535,0.06201570377908349,0.01,False
14,4096,8192,3600.0,golovin_relative_error_radius_moment_0_m3,0.00011808026243442554,-0.020557374438416338,0.020793534963285187,0.05,True
14,4096,8192,3600.0,golovin_relative_error_radius_moment_6_um6_m3,-0.011400566122131662,-0.12786995400679713,0.1050688217625338,0.05,False
14,8192,16384,600.0,ensemble_mean_l1_bins_500,0.00447613162721236,0.0006644624856994744,0.028976092331197825,0.01,False
14,8192,16384,600.0,golovin_relative_error_radius_moment_0_m3,-0.0005037539747149311,-0.010441630126016205,0.009434122176586342,0.05,True
14,8192,16384,600.0,golovin_relative_error_radius_moment_6_um6_m3,-0.006482440720361811,-0.03673810206507078,0.02377322062434716,0.05,True
14,8192,16384,1200.0,ensemble_mean_l1_bins_500,0.011324354208979644,0.0037333215532083233,0.03100865789466853,0.01,False
14,8192,16384,1200.0,golovin_relative_error_radius_moment_0_m3,-0.0025524423585875965,-0.015312002576083717,0.010207117858908526,0.05,True
14,8192,16384,1200.0,golovin_relative_error_radius_moment_6_um6_m3,0.0025103638737196702,-0.03909795964172162,0.04411868738916096,0.05,True
14,8192,16384,1800.0,ensemble_mean_l1_bins_500,0.00480244635985496,0.00296944142070848,0.02980457528710673,0.01,False
14,8192,16384,1800.0,golovin_relative_error_radius_moment_0_m3,-0.0011936271905278305,-0.01477882135151485,0.012391566970459188,0.05,True
14,8192,16384,1800.0,golovin_relative_error_radius_moment_6_um6_m3,-0.0013483605455431504,-0.0533527646414262,0.050656043550339896,0.05,False
14,8192,16384,2400.0,ensemble_mean_l1_bins_500,0.00466168817817194,0.0022600641025624824,0.03132981077344719,0.01,False
14,8192,16384,2400.0,golovin_relative_error_radius_moment_0_m3,0.0016517359100811733,-0.013166782420961311,0.01647025424112366,0.05,True
14,8192,16384,2400.0,golovin_relative_error_radius_moment_6_um6_m3,-0.010217970884599333,-0.0707380962725335,0.05030215450333483,0.05,False
14,8192,16384,3000.0,ensemble_mean_l1_bins_500,0.012827281353564531,0.006439562631339037,0.04157768872512158,0.01,False
14,8192,16384,3000.0,golovin_relative_error_radius_moment_0_m3,0.000918970439858131,-0.013542400812150125,0.015380341691866386,0.05,True
14,8192,16384,3000.0,golovin_relative_error_radius_moment_6_um6_m3,-0.006490784661598115,-0.0764840316375741,0.06350246231437788,0.05,False
14,8192,16384,3600.0,ensemble_mean_l1_bins_500,0.013202520108023919,0.006103931735933705,0.046063426425983794,0.01,False
14,8192,16384,3600.0,golovin_relative_error_radius_moment_0_m3,0.0010989830137686663,-0.013503371552529418,0.01570133758006675,0.05,True
14,8192,16384,3600.0,golovin_relative_error_radius_moment_6_um6_m3,0.009531054400332403,-0.0820645973684881,0.10112670616915291,0.05,False
14,16384,32768,600.0,ensemble_mean_l1_bins_500,0.006161136760722852,0.002384378895363294,0.022127587561783135,0.01,False
14,16384,32768,600.0,golovin_relative_error_radius_moment_0_m3,-8.014604561796591e-05,-0.006719710775588769,0.0065594186843528374,0.05,True
14,16384,32768,600.0,golovin_relative_error_radius_moment_6_um6_m3,0.01173651583644503,-0.010609022926331375,0.03408205459922144,0.05,True
14,16384,32768,1200.0,ensemble_mean_l1_bins_500,0.005853257028353542,0.003251500808581518,0.02247621927408729,0.01,False
14,16384,32768,1200.0,golovin_relative_error_radius_moment_0_m3,0.0040571288564103655,-0.00399511507594505,0.012109372788765782,0.05,True
14,16384,32768,1200.0,golovin_relative_error_radius_moment_6_um6_m3,0.009304513644161018,-0.02303054484390553,0.04163957213222756,0.05,True
14,16384,32768,1800.0,ensemble_mean_l1_bins_500,0.0072090668655704175,0.0026484368490969357,0.021818569986424067,0.01,False
14,16384,32768,1800.0,golovin_relative_error_radius_moment_0_m3,0.0034602455734436075,-0.006219645231116455,0.01314013637800367,0.05,True
14,16384,32768,1800.0,golovin_relative_error_radius_moment_6_um6_m3,0.007117916265123314,-0.030609256839018606,0.044845089369265234,0.05,True
14,16384,32768,2400.0,ensemble_mean_l1_bins_500,0.00751030049743337,0.004095085688321537,0.02420194445684948,0.01,False
14,16384,32768,2400.0,golovin_relative_error_radius_moment_0_m3,0.0024852759826798354,-0.007277898849442223,0.012248450814801894,0.05,True
14,16384,32768,2400.0,golovin_relative_error_radius_moment_6_um6_m3,0.009559972069699996,-0.03141685553419886,0.05053679967359885,0.05,False
14,16384,32768,3000.0,ensemble_mean_l1_bins_500,0.0021359369937048803,0.0009398819253051749,0.025168527538181825,0.01,False
14,16384,32768,3000.0,golovin_relative_error_radius_moment_0_m3,0.002119471252625711,-0.00787074532939127,0.012109687834642693,0.05,True
14,16384,32768,3000.0,golovin_relative_error_radius_moment_6_um6_m3,0.007043881161207308,-0.041336135199529174,0.05542389752194379,0.05,False
14,16384,32768,3600.0,ensemble_mean_l1_bins_500,0.005348978564942396,0.002304955712654121,0.030223853150465784,0.01,False
14,16384,32768,3600.0,golovin_relative_error_radius_moment_0_m3,0.002085467647579744,-0.00803915176079462,0.012210087055954107,0.05,True
14,16384,32768,3600.0,golovin_relative_error_radius_moment_6_um6_m3,-0.006194628109735574,-0.06963132458522794,0.05724206836575679,0.05,False
14,32768,65536,600.0,ensemble_mean_l1_bins_500,0.004128061565405553,0.0011745849254935733,0.014992501548309242,0.01,False
14,32768,65536,600.0,golovin_relative_error_radius_moment_0_m3,0.002110027418174125,-0.002773986124517,0.00699404096086525,0.05,True
14,32768,65536,600.0,golovin_relative_error_radius_moment_6_um6_m3,-0.005308097953690396,-0.019171313036785712,0.008555117129404922,0.05,True
14,32768,65536,1200.0,ensemble_mean_l1_bins_500,0.0033165862281304154,0.0010578475497855016,0.01452275505996091,0.01,False
14,32768,65536,1200.0,golovin_relative_error_radius_moment_0_m3,-0.00021531732888159017,-0.006554988088793585,0.006124353431030405,0.05,True
14,32768,65536,1200.0,golovin_relative_error_radius_moment_6_um6_m3,-0.005829066211151308,-0.027267963984519944,0.015609831562217326,0.05,True
14,32768,65536,1800.0,ensemble_mean_l1_bins_500,0.0022106959658821177,0.0013624537319468,0.01479413334060068,0.01,False
14,32768,65536,1800.0,golovin_relative_error_radius_moment_0_m3,-0.0005116366193819945,-0.007730995934776253,0.006707722696012264,0.05,True
14,32768,65536,1800.0,golovin_relative_error_radius_moment_6_um6_m3,-0.004109276868206422,-0.029710621995107447,0.021492068258694604,0.05,True
14,32768,65536,2400.0,ensemble_mean_l1_bins_500,0.0029214316708307247,0.001231926944371968,0.015283197412901498,0.01,False
14,32768,65536,2400.0,golovin_relative_error_radius_moment_0_m3,-0.0008068765792259502,-0.008197061049591281,0.00658330789113938,0.05,True
14,32768,65536,2400.0,golovin_relative_error_radius_moment_6_um6_m3,-0.006609878357270577,-0.0371649802786206,0.023945223564079448,0.05,True
14,32768,65536,3000.0,ensemble_mean_l1_bins_500,0.005770418455639723,0.00325139933798035,0.01986502039307702,0.01,False
14,32768,65536,3000.0,golovin_relative_error_radius_moment_0_m3,-0.000476973385106203,-0.008154822882857612,0.007200876112645207,0.05,True
14,32768,65536,3000.0,golovin_relative_error_radius_moment_6_um6_m3,-0.0059289581581573264,-0.042070523718148345,0.030212607401833694,0.05,True
14,32768,65536,3600.0,ensemble_mean_l1_bins_500,0.005294262234892724,0.0019778526872851047,0.02244518533025656,0.01,False
14,32768,65536,3600.0,golovin_relative_error_radius_moment_0_m3,-0.0006184310353840617,-0.008273596177061556,0.007036734106293432,0.05,True
14,32768,65536,3600.0,golovin_relative_error_radius_moment_6_um6_m3,-0.005842607661894012,-0.04648487741052442,0.0347996620867364,0.05,True
14,65536,131072,600.0,ensemble_mean_l1_bins_500,0.0022743987140059945,0.0012080320426687162,0.010844394972657028,0.01,False
14,65536,131072,600.0,golovin_relative_error_radius_moment_0_m3,-0.0022571724052171806,-0.005768487317884437,0.001254142507450076,0.05,True
14,65536,131072,600.0,golovin_relative_error_radius_moment_6_um6_m3,-0.0003480841588496531,-0.009669057656726895,0.00897288933902759,0.05,True
14,65536,131072,1200.0,ensemble_mean_l1_bins_500,0.0018120146021446447,0.000793189421072871,0.010656335782681532,0.01,False
14,65536,131072,1200.0,golovin_relative_error_radius_moment_0_m3,-0.002388720251492169,-0.007080980170328113,0.0023035396673437756,0.05,True
14,65536,131072,1200.0,golovin_relative_error_radius_moment_6_um6_m3,0.003932841125203463,-0.009636783462235501,0.017502465712642426,0.05,True
14,65536,131072,1800.0,ensemble_mean_l1_bins_500,0.0029760395838790577,0.0018561374692576374,0.011035633063355806,0.01,False
14,65536,131072,1800.0,golovin_relative_error_radius_moment_0_m3,-0.0017948561576964827,-0.0069377143677691756,0.0033480020523762102,0.05,True
14,65536,131072,1800.0,golovin_relative_error_radius_moment_6_um6_m3,0.0024392991328900473,-0.013718742604012199,0.018597340869792294,0.05,True
14,65536,131072,2400.0,ensemble_mean_l1_bins_500,0.002915254703770369,0.0012830288786971709,0.011332969778469088,0.01,False
14,65536,131072,2400.0,golovin_relative_error_radius_moment_0_m3,-0.0012539710839893203,-0.006664695726259728,0.004156753558281087,0.05,True
14,65536,131072,2400.0,golovin_relative_error_radius_moment_6_um6_m3,0.0016295257509943118,-0.017857883448620233,0.021116934950608856,0.05,True
14,65536,131072,3000.0,ensemble_mean_l1_bins_500,0.00402507820412765,0.0016145181440809274,0.013529288186412025,0.01,False
14,65536,131072,3000.0,golovin_relative_error_radius_moment_0_m3,-0.0009783010397904968,-0.00645255641701771,0.004495954337436717,0.05,True
14,65536,131072,3000.0,golovin_relative_error_radius_moment_6_um6_m3,0.0033484677999073243,-0.018004905646299182,0.024701841246113833,0.05,True
14,65536,131072,3600.0,ensemble_mean_l1_bins_500,0.005604289643961436,0.0021602123619822067,0.016744585646298306,0.01,False
14,65536,131072,3600.0,golovin_relative_error_radius_moment_0_m3,-0.0008456269565198626,-0.00634893534377706,0.004657681430737334,0.05,True
14,65536,131072,3600.0,golovin_relative_error_radius_moment_6_um6_m3,0.010087571690162656,-0.015044141413109058,0.03521928479343437,0.05,True
14,131072,262144,600.0,ensemble_mean_l1_bins_500,0.002497011719437583,0.0007823978675842127,0.0076319867796452254,0.01,True
14,131072,262144,600.0,golovin_relative_error_radius_moment_0_m3,0.00016382287507628714,-0.0021351870413765417,0.002462832791529116,0.05,True
14,131072,262144,600.0,golovin_relative_error_radius_moment_6_um6_m3,0.0008865077998372172,-0.006058892401693491,0.007831908001367925,0.05,True
14,131072,262144,1200.0,ensemble_mean_l1_bins_500,0.0008464294219957093,0.0003622944093688975,0.007118321817682038,0.01,True
14,131072,262144,1200.0,golovin_relative_error_radius_moment_0_m3,-8.657924200521582e-05,-0.003128405663741526,0.002955247179731095,0.05,True
14,131072,262144,1200.0,golovin_relative_error_radius_moment_6_um6_m3,7.791571862661006e-06,-0.010290894739425528,0.01030647788315085,0.05,True
14,131072,262144,1800.0,ensemble_mean_l1_bins_500,0.0012721035654429773,0.00012207816570106964,0.006482072932759208,0.01,True
14,131072,262144,1800.0,golovin_relative_error_radius_moment_0_m3,0.0002146955392887162,-0.0033832622131446115,0.0038126532917220437,0.05,True
14,131072,262144,1800.0,golovin_relative_error_radius_moment_6_um6_m3,0.0013788689827167588,-0.00985950294318276,0.012617240908616278,0.05,True
14,131072,262144,2400.0,ensemble_mean_l1_bins_500,0.001735620714457784,0.0008628686378322592,0.008001284646015428,0.01,True
14,131072,262144,2400.0,golovin_relative_error_radius_moment_0_m3,-4.2403988575356226e-07,-0.003694451299084441,0.0036936032193129334,0.05,True
14,131072,262144,2400.0,golovin_relative_error_radius_moment_6_um6_m3,0.0014596419037190356,-0.01343148895717567,0.01635077276461374,0.05,True
14,131072,262144,3000.0,ensemble_mean_l1_bins_500,0.0027775652188570202,0.0011645732589723615,0.009857755167578324,0.01,True
14,131072,262144,3000.0,golovin_relative_error_radius_moment_0_m3,-0.00038104480703589957,-0.004129806297650045,0.003367716683578246,0.05,True
14,131072,262144,3000.0,golovin_relative_error_radius_moment_6_um6_m3,-0.0016255043479852008,-0.01759107705616956,0.014340068360199158,0.05,True
14,131072,262144,3600.0,ensemble_mean_l1_bins_500,0.0017254934217523984,0.0007546594174817356,0.0109477106302531,0.01,False
14,131072,262144,3600.0,golovin_relative_error_radius_moment_0_m3,-0.0005136906947181564,-0.004351767179871533,0.00332438579043522,0.05,True
14,131072,262144,3600.0,golovin_relative_error_radius_moment_6_um6_m3,-0.0049779613673325345,-0.02408989159743471,0.01413396886276964,0.05,True
14,262144,524288,600.0,ensemble_mean_l1_bins_500,0.0007355156887138433,6.03639109024145e-05,0.005001220863128264,0.01,True
14,262144,524288,600.0,golovin_relative_error_radius_moment_0_m3,0.00040141646928275597,-0.0011381704496177204,0.0019410033881832325,0.05,True
14,262144,524288,600.0,golovin_relative_error_radius_moment_6_um6_m3,-0.0014727588055359676,-0.0061957903220086295,0.003250272710936694,0.05,True
14,262144,524288,1200.0,ensemble_mean_l1_bins_500,0.0017338786552034127,0.0005478601927030326,0.005227996650653962,0.01,True
14,262144,524288,1200.0,golovin_relative_error_radius_moment_0_m3,0.0004847951379755466,-0.0013790441724719125,0.002348634448423006,0.05,True
14,262144,524288,1200.0,golovin_relative_error_radius_moment_6_um6_m3,-0.0025171231595888036,-0.01002647756787916,0.004992231248701553,0.05,True
14,262144,524288,1800.0,ensemble_mean_l1_bins_500,6.46959507032141e-05,-0.00015708434611039478,0.004206216925780611,0.01,True
14,262144,524288,1800.0,golovin_relative_error_radius_moment_0_m3,0.0003837102741382026,-0.0017561127140831004,0.0025235332623595053,0.05,True
14,262144,524288,1800.0,golovin_relative_error_radius_moment_6_um6_m3,-0.00348228201715288,-0.012066707698820619,0.00510214366451486,0.05,True
14,262144,524288,2400.0,ensemble_mean_l1_bins_500,0.0006598738745946893,0.00035408607368545,0.0052407763650467185,0.01,True
14,262144,524288,2400.0,golovin_relative_error_radius_moment_0_m3,0.0004035918554146756,-0.0018622315088541003,0.0026694152196834516,0.05,True
14,262144,524288,2400.0,golovin_relative_error_radius_moment_6_um6_m3,-0.0037443082844848875,-0.014371928225011916,0.006883311656042142,0.05,True
14,262144,524288,3000.0,ensemble_mean_l1_bins_500,0.001516543545350411,0.0007346707776298437,0.006720358740957005,0.01,True
14,262144,524288,3000.0,golovin_relative_error_radius_moment_0_m3,0.0007277641279180336,-0.0015595863069665342,0.003015114562802601,0.05,True
14,262144,524288,3000.0,golovin_relative_error_radius_moment_6_um6_m3,-0.0038374098021472934,-0.01573320520080306,0.00805838559650847,0.05,True
14,262144,524288,3600.0,ensemble_mean_l1_bins_500,0.0032703426268106423,0.001399586274474321,0.008747572562003807,0.01,True
14,262144,524288,3600.0,golovin_relative_error_radius_moment_0_m3,0.0007689713332399318,-0.0015335435139043252,0.0030714861803841885,0.05,True
14,262144,524288,3600.0,golovin_relative_error_radius_moment_6_um6_m3,-0.005357345645719678,-0.02051730631352903,0.009802615022089674,0.05,True
14,524288,1048576,600.0,ensemble_mean_l1_bins_500,0.0010780850054800933,0.00044397254160778146,0.0039342822714244175,0.01,True
14,524288,1048576,600.0,golovin_relative_error_radius_moment_0_m3,-8.31498148549792e-05,-0.0012573843243622886,0.0010910846946523304,0.05,True
14,524288,1048576,600.0,golovin_relative_error_radius_moment_6_um6_m3,0.0012328279854281511,-0.0018289735121546067,0.0042946294830109085,0.05,True
14,524288,1048576,1200.0,ensemble_mean_l1_bins_500,0.0009844293107363067,0.0004716798949589599,0.0038833791034056137,0.01,True
14,524288,1048576,1200.0,golovin_relative_error_radius_moment_0_m3,0.0004598926614633192,-0.0009987439626445288,0.0019185292855711672,0.05,True
14,524288,1048576,1200.0,golovin_relative_error_radius_moment_6_um6_m3,0.0014552631040591346,-0.0034856224062452083,0.0063961486143634776,0.05,True
14,524288,1048576,1800.0,ensemble_mean_l1_bins_500,0.0010559623399274479,0.00023036026645691,0.003303195552635174,0.01,True
14,524288,1048576,1800.0,golovin_relative_error_radius_moment_0_m3,0.00044236324496952587,-0.0011490225554785206,0.002033749045417572,0.05,True
14,524288,1048576,1800.0,golovin_relative_error_radius_moment_6_um6_m3,0.001893796506546459,-0.003421839808964243,0.007209432822057161,0.05,True
14,524288,1048576,2400.0,ensemble_mean_l1_bins_500,0.0007962183811570352,0.00039696732766032733,0.003380292478181259,0.01,True
14,524288,1048576,2400.0,golovin_relative_error_radius_moment_0_m3,0.0002887796449694635,-0.0013898269065563292,0.001967386196495256,0.05,True
14,524288,1048576,2400.0,golovin_relative_error_radius_moment_6_um6_m3,0.0021344281150293297,-0.004321736486471832,0.008590592716530492,0.05,True
14,524288,1048576,3000.0,ensemble_mean_l1_bins_500,0.0008141929583655801,0.0002858115255449982,0.004492827258298484,0.01,True
14,524288,1048576,3000.0,golovin_relative_error_radius_moment_0_m3,0.00020163086389133998,-0.00148739491220599,0.0018906566399886698,0.05,True
14,524288,1048576,3000.0,golovin_relative_error_radius_moment_6_um6_m3,0.0024725315069291432,-0.005546521036969839,0.010491584050828125,0.05,True
14,524288,1048576,3600.0,ensemble_mean_l1_bins_500,0.0010994792830759216,0.000651806565558951,0.005585031529654892,0.01,True
14,524288,1048576,3600.0,golovin_relative_error_radius_moment_0_m3,0.00019295888261293247,-0.00151418842076953,0.0019001061859953948,0.05,True
14,524288,1048576,3600.0,golovin_relative_error_radius_moment_6_um6_m3,0.002438405528546057,-0.007936924896763087,0.012813735953855201,0.05,True
15,4096,8192,600.0,ensemble_mean_l1_bins_500,0.010646443679656024,0.0036474321838695562,0.040284239705067726,0.01,False
15,4096,8192,600.0,golovin_relative_error_radius_moment_0_m3,0.002918019986929295,-0.01184634927949462,0.01768238925335321,0.05,True
15,4096,8192,600.0,golovin_relative_error_radius_moment_6_um6_m3,-0.009391378343555325,-0.04491139323970418,0.026128636552593527,0.05,True
15,4096,8192,1200.0,ensemble_mean_l1_bins_500,0.01032932340727128,0.003877997583392018,0.04094229694161182,0.01,False
15,4096,8192,1200.0,golovin_relative_error_radius_moment_0_m3,0.0011462970863592092,-0.015489467307078189,0.017782061479796607,0.05,True
15,4096,8192,1200.0,golovin_relative_error_radius_moment_6_um6_m3,-0.009496849491848577,-0.06474465235161284,0.045750953367915674,0.05,False
15,4096,8192,1800.0,ensemble_mean_l1_bins_500,0.010539323146189473,0.0038507974060095285,0.040383078374956784,0.01,False
15,4096,8192,1800.0,golovin_relative_error_radius_moment_0_m3,-0.002686110060303406,-0.020775651509476842,0.015403431388870029,0.05,True
15,4096,8192,1800.0,golovin_relative_error_radius_moment_6_um6_m3,-0.005732354361670149,-0.07321521378913592,0.06175050506579563,0.05,False
15,4096,8192,2400.0,ensemble_mean_l1_bins_500,0.014121665108384713,0.006698448082856912,0.04594814405570852,0.01,False
15,4096,8192,2400.0,golovin_relative_error_radius_moment_0_m3,-0.0015882544173717438,-0.021308409273232236,0.01813190043848875,0.05,True
15,4096,8192,2400.0,golovin_relative_error_radius_moment_6_um6_m3,0.0011396646773432668,-0.07606563457341271,0.07834496392809924,0.05,False
15,4096,8192,3000.0,ensemble_mean_l1_bins_500,0.016170966190678197,0.00431939368752557,0.05020022227897389,0.01,False
15,4096,8192,3000.0,golovin_relative_error_radius_moment_0_m3,-7.9981786087523e-06,-0.01971500197494523,0.01969900561772773,0.05,True
15,4096,8192,3000.0,golovin_relative_error_radius_moment_6_um6_m3,0.009258408735591106,-0.08928690491393704,0.10780372238511926,0.05,False
15,4096,8192,3600.0,ensemble_mean_l1_bins_500,0.01523766158126355,0.006133388591689357,0.05985632225610479,0.01,False
15,4096,8192,3600.0,golovin_relative_error_radius_moment_0_m3,0.00011808026243442554,-0.01978029057440026,0.020016451099269108,0.05,True
15,4096,8192,3600.0,golovin_relative_error_radius_moment_6_um6_m3,-0.011400566122131662,-0.12351744779282867,0.10071631554856533,0.05,False
15,8192,16384,600.0,ensemble_mean_l1_bins_500,0.00447613162721236,0.0007232495329246388,0.028218975261331374,0.01,False
15,8192,16384,600.0,golovin_relative_error_radius_moment_0_m3,-0.0005037539747149311,-0.01006541528122493,0.009057907331795068,0.05,True
15,8192,16384,600.0,golovin_relative_error_radius_moment_6_um6_m3,-0.006482440720361811,-0.03560574218174181,0.022640860741018187,0.05,True
15,8192,16384,1200.0,ensemble_mean_l1_bins_500,0.011324354208979644,0.003986649942271419,0.03014148015904692,0.01,False
15,8192,16384,1200.0,golovin_relative_error_radius_moment_0_m3,-0.0025524423585875965,-0.014825303868197373,0.009720419151022178,0.05,True
15,8192,16384,1200.0,golovin_relative_error_radius_moment_6_um6_m3,0.0025103638737196702,-0.03754262142415574,0.04256334917159507,0.05,True
15,8192,16384,1800.0,ensemble_mean_l1_bins_500,0.00480244635985496,0.002878007925418716,0.028746239719961476,0.01,False
15,8192,16384,1800.0,golovin_relative_error_radius_moment_0_m3,-0.0011936271905278305,-0.014266518003529105,0.011879263622473444,0.05,True
15,8192,16384,1800.0,golovin_relative_error_radius_moment_6_um6_m3,-0.0013483605455431504,-0.051399598017162304,0.048702876926076,0.05,False
15,8192,16384,2400.0,ensemble_mean_l1_bins_500,0.00466168817817194,0.002197723322122329,0.030221492790473082,0.01,False
15,8192,16384,2400.0,golovin_relative_error_radius_moment_0_m3,0.0016517359100811733,-0.012604353899686829,0.015907825719849174,0.05,True
15,8192,16384,2400.0,golovin_relative_error_radius_moment_6_um6_m3,-0.010217970884599333,-0.06844147079102406,0.04800552902182539,0.05,False
15,8192,16384,3000.0,ensemble_mean_l1_bins_500,0.012827281353564531,0.006662983070674705,0.040550236993678136,0.01,False
15,8192,16384,3000.0,golovin_relative_error_radius_moment_0_m3,0.000918970439858131,-0.01299502117596942,0.014832962055685682,0.05,True
15,8192,16384,3000.0,golovin_relative_error_radius_moment_6_um6_m3,-0.006490784661598115,-0.07382993939359762,0.0608483700704014,0.05,False
15,8192,16384,3600.0,ensemble_mean_l1_bins_500,0.013202520108023919,0.0066331651637489665,0.04504272493586262,0.01,False
15,8192,16384,3600.0,golovin_relative_error_radius_moment_0_m3,0.0010989830137686663,-0.01295122543436243,0.015149191461899763,0.05,True
15,8192,16384,3600.0,golovin_relative_error_radius_moment_6_um6_m3,0.009531054400332403,-0.07861642663356906,0.09767853543423387,0.05,False
15,16384,32768,600.0,ensemble_mean_l1_bins_500,0.006161136760722852,0.0024366790947942733,0.021479723837823865,0.01,False
15,16384,32768,600.0,golovin_relative_error_radius_moment_0_m3,-8.014604561796591e-05,-0.006470223080699316,0.0063099309894633845,0.05,True
15,16384,32768,600.0,golovin_relative_error_radius_moment_6_um6_m3,0.01173651583644503,-0.009760680699277043,0.0332337123721671,0.05,True
15,16384,32768,1200.0,ensemble_mean_l1_bins_500,0.005853257028353542,0.003369439533595195,0.021669545468513397,0.01,False
15,16384,32768,1200.0,golovin_relative_error_radius_moment_0_m3,0.0040571288564103655,-0.0036937028503688163,0.011807960563189546,0.05,True
15,16384,32768,1200.0,golovin_relative_error_radius_moment_6_um6_m3,0.009304513644161018,-0.021811656955916497,0.04042068424423853,0.05,True
15,16384,32768,1800.0,ensemble_mean_l1_bins_500,0.0072090668655704175,0.0027835613171238315,0.021077898338186983,0.01,False
15,16384,32768,1800.0,golovin_relative_error_radius_moment_0_m3,0.0034602455734436075,-0.005856874003180837,0.012777365150068052,0.05,True
15,16384,32768,1800.0,golovin_relative_error_radius_moment_6_um6_m3,0.007117916265123314,-0.029187909254103826,0.043423741784350454,0.05,True
15,16384,32768,2400.0,ensemble_mean_l1_bins_500,0.00751030049743337,0.004017356473131346,0.023526245468254204,0.01,False
15,16384,32768,2400.0,golovin_relative_error_radius_moment_0_m3,0.0024852759826798354,-0.006911867418188113,0.011882419383547784,0.05,True
15,16384,32768,2400.0,golovin_relative_error_radius_moment_6_um6_m3,0.009559972069699996,-0.02988487173363414,0.04900481587303413,0.05,True
15,16384,32768,3000.0,ensemble_mean_l1_bins_500,0.0021359369937048803,0.0010676752570966074,0.024083578989057015,0.01,False
15,16384,32768,3000.0,golovin_relative_error_radius_moment_0_m3,0.002119471252625711,-0.007496907870070742,0.011735850375322165,0.05,True
15,16384,32768,3000.0,golovin_relative_error_radius_moment_6_um6_m3,0.007043881161207308,-0.039529152136627825,0.05361691445904244,0.05,False
15,16384,32768,3600.0,ensemble_mean_l1_bins_500,0.005348978564942396,0.002566163295969012,0.029100233102367087,0.01,False
15,16384,32768,3600.0,golovin_relative_error_radius_moment_0_m3,0.002085467647579744,-0.00765993429559703,0.011830869590756517,0.05,True
15,16384,32768,3600.0,golovin_relative_error_radius_moment_6_um6_m3,-0.006194628109735574,-0.06723327490644403,0.054844018686972876,0.05,False
15,32768,65536,600.0,ensemble_mean_l1_bins_500,0.004128061565405553,0.0012195377237167351,0.014605843082193655,0.01,False
15,32768,65536,600.0,golovin_relative_error_radius_moment_0_m3,0.002110027418174125,-0.00259061677077405,0.0068106716071223,0.05,True
15,32768,65536,600.0,golovin_relative_error_radius_moment_6_um6_m3,-0.005308097953690396,-0.018645924280699153,0.008029728373318359,0.05,True
15,32768,65536,1200.0,ensemble_mean_l1_bins_500,0.0033165862281304154,0.0011071157438650467,0.014048177207181918,0.01,False
15,32768,65536,1200.0,golovin_relative_error_radius_moment_0_m3,-0.00021531732888159017,-0.006317391743426995,0.005886757085663815,0.05,True
15,32768,65536,1200.0,golovin_relative_error_radius_moment_6_um6_m3,-0.005829066211151308,-0.026451575491793552,0.014793443069490934,0.05,True
15,32768,65536,1800.0,ensemble_mean_l1_bins_500,0.0022106959658821177,0.0012683283390150354,0.014346656366472291,0.01,False
15,32768,65536,1800.0,golovin_relative_error_radius_moment_0_m3,-0.0005116366193819945,-0.007458874908053852,0.006435601669289862,0.05,True
15,32768,65536,1800.0,golovin_relative_error_radius_moment_6_um6_m3,-0.004109276868206422,-0.028740252963203535,0.02052169922679069,0.05,True
15,32768,65536,2400.0,ensemble_mean_l1_bins_500,0.0029214316708307247,0.001149532292865369,0.014797861326222489,0.01,False
15,32768,65536,2400.0,golovin_relative_error_radius_moment_0_m3,-0.0008068765792259502,-0.007919491324147966,0.006305738165696065,0.05,True
15,32768,65536,2400.0,golovin_relative_error_radius_moment_6_um6_m3,-0.006609878357270577,-0.036002157617966414,0.02278240090342526,0.05,True
15,32768,65536,3000.0,ensemble_mean_l1_bins_500,0.005770418455639723,0.003154717023502902,0.01943873181257335,0.01,False
15,32768,65536,3000.0,golovin_relative_error_radius_moment_0_m3,-0.000476973385106203,-0.007865790125806231,0.006911843355593824,0.05,True
15,32768,65536,3000.0,golovin_relative_error_radius_moment_6_um6_m3,-0.0059289581581573264,-0.040687428111709834,0.028829511795395182,0.05,True
15,32768,65536,3600.0,ensemble_mean_l1_bins_500,0.005294262234892724,0.0021618374081215047,0.02179155647858975,0.01,False
15,32768,65536,3600.0,golovin_relative_error_radius_moment_0_m3,-0.0006184310353840617,-0.007985323013899719,0.006748460943131596,0.05,True
15,32768,65536,3600.0,golovin_relative_error_radius_moment_6_um6_m3,-0.005842607661894012,-0.044937001535594066,0.03325178621180604,0.05,True
15,65536,131072,600.0,ensemble_mean_l1_bins_500,0.0022743987140059945,0.0011507598122806684,0.010456816530100733,0.01,False
15,65536,131072,600.0,golovin_relative_error_radius_moment_0_m3,-0.0022571724052171806,-0.005635825288323321,0.001121480477888959,0.05,True
15,65536,131072,600.0,golovin_relative_error_radius_moment_6_um6_m3,-0.0003480841588496531,-0.009319751879165623,0.008623583561466319,0.05,True
15,65536,131072,1200.0,ensemble_mean_l1_bins_500,0.0018120146021446447,0.0007163498592794321,0.01036197889001243,0.01,False
15,65536,131072,1200.0,golovin_relative_error_radius_moment_0_m3,-0.002388720251492169,-0.006903849160826422,0.002126408657842083,0.05,True
15,65536,131072,1200.0,golovin_relative_error_radius_moment_6_um6_m3,0.003932841125203463,-0.009127854407369919,0.016993536657776843,0.05,True
15,65536,131072,1800.0,ensemble_mean_l1_bins_500,0.0029760395838790577,0.0017987646640162916,0.010691769758302817,0.01,False
15,65536,131072,1800.0,golovin_relative_error_radius_moment_0_m3,-0.0017948561576964827,-0.0067448311350949,0.003155118819701935,0.05,True
15,65536,131072,1800.0,golovin_relative_error_radius_moment_6_um6_m3,0.0024392991328900473,-0.013106161075502156,0.017984759341282252,0.05,True
15,65536,131072,2400.0,ensemble_mean_l1_bins_500,0.002915254703770369,0.0012958292949098761,0.011019364612674887,0.01,False
15,65536,131072,2400.0,golovin_relative_error_radius_moment_0_m3,-0.0012539710839893203,-0.006461207569953168,0.0039532654019745275,0.05,True
15,65536,131072,2400.0,golovin_relative_error_radius_moment_6_um6_m3,0.0016295257509943118,-0.01712708039587604,0.020386131897864663,0.05,True
15,65536,131072,3000.0,ensemble_mean_l1_bins_500,0.00402507820412765,0.0016291449956890944,0.013194212171812773,0.01,False
15,65536,131072,3000.0,golovin_relative_error_radius_moment_0_m3,-0.0009783010397904968,-0.00624678343309926,0.0042901813535182656,0.05,True
15,65536,131072,3000.0,golovin_relative_error_radius_moment_6_um6_m3,0.0033484677999073243,-0.017202511864922776,0.023899447464737426,0.05,True
15,65536,131072,3600.0,ensemble_mean_l1_bins_500,0.005604289643961436,0.0022401458902336674,0.01605337808498834,0.01,False
15,65536,131072,3600.0,golovin_relative_error_radius_moment_0_m3,-0.0008456269565198626,-0.006142458000575877,0.004451204087536151,0.05,True
15,65536,131072,3600.0,golovin_relative_error_radius_moment_6_um6_m3,0.010087571690162656,-0.014098388345791711,0.034273531726117024,0.05,True
15,131072,262144,600.0,ensemble_mean_l1_bins_500,0.002497011719437583,0.0007940570260717676,0.0074169579110818585,0.01,True
15,131072,262144,600.0,golovin_relative_error_radius_moment_0_m3,0.00016382287507628714,-0.0020480114631517966,0.002375657213304371,0.05,True
15,131072,262144,600.0,golovin_relative_error_radius_moment_6_um6_m3,0.0008865077998372172,-0.005797019137532445,0.0075700347372068795,0.05,True
15,131072,262144,1200.0,ensemble_mean_l1_bins_500,0.0008464294219957093,0.00040044679260589557,0.006829637273434151,0.01,True
15,131072,262144,1200.0,golovin_relative_error_radius_moment_0_m3,-8.657924200521582e-05,-0.0030123804712080225,0.0028392219871975904,0.05,True
15,131072,262144,1200.0,golovin_relative_error_radius_moment_6_um6_m3,7.791571862661006e-06,-0.00990453629507081,0.009920119438796133,0.05,True
15,131072,262144,1800.0,ensemble_mean_l1_bins_500,0.0012721035654429773,0.00015904845337263296,0.006229569886948916,0.01,True
15,131072,262144,1800.0,golovin_relative_error_radius_moment_0_m3,0.0002146955392887162,-0.003245685820366367,0.0036750768989437994,0.05,True
15,131072,262144,1800.0,golovin_relative_error_radius_moment_6_um6_m3,0.0013788689827167588,-0.009439872468762494,0.012197610434196012,0.05,True
15,131072,262144,2400.0,ensemble_mean_l1_bins_500,0.001735620714457784,0.0008854903073719271,0.007800859126550268,0.01,True
15,131072,262144,2400.0,golovin_relative_error_radius_moment_0_m3,-4.2403988575356226e-07,-0.0035537939946873234,0.003552945914915816,0.05,True
15,131072,262144,2400.0,golovin_relative_error_radius_moment_6_um6_m3,0.0014596419037190356,-0.012873248296044765,0.01579253210348284,0.05,True
15,131072,262144,3000.0,ensemble_mean_l1_bins_500,0.0027775652188570202,0.0011441132745425664,0.009620778242679665,0.01,True
15,131072,262144,3000.0,golovin_relative_error_radius_moment_0_m3,-0.00038104480703589957,-0.003986904130847875,0.003224814516776076,0.05,True
15,131072,262144,3000.0,golovin_relative_error_radius_moment_6_um6_m3,-0.0016255043479852008,-0.016992989543708484,0.013741980847738084,0.05,True
15,131072,262144,3600.0,ensemble_mean_l1_bins_500,0.0017254934217523984,0.0007190215296249825,0.01059873816432415,0.01,False
15,131072,262144,3600.0,golovin_relative_error_radius_moment_0_m3,-0.0005136906947181564,-0.004205113288002649,0.0031777318985663364,0.05,True
15,131072,262144,3600.0,golovin_relative_error_radius_moment_6_um6_m3,-0.0049779613673325345,-0.023376312210838704,0.013420389476173633,0.05,True
15,262144,524288,600.0,ensemble_mean_l1_bins_500,0.0007355156887138433,3.327975674879208e-05,0.004863767661811164,0.01,True
15,262144,524288,600.0,golovin_relative_error_radius_moment_0_m3,0.00040141646928275597,-0.0010804901145094598,0.0018833230530749718,0.05,True
15,262144,524288,600.0,golovin_relative_error_radius_moment_6_um6_m3,-0.0014727588055359676,-0.006017292906788596,0.0030717752957166605,0.05,True
15,262144,524288,1200.0,ensemble_mean_l1_bins_500,0.0017338786552034127,0.0005357810912894023,0.00502407161513387,0.01,True
15,262144,524288,1200.0,golovin_relative_error_radius_moment_0_m3,0.0004847951379755466,-0.0013089990904823887,0.002278589366433482,0.05,True
15,262144,524288,1200.0,golovin_relative_error_radius_moment_6_um6_m3,-0.0025171231595888036,-0.009742968137807662,0.004708721818630054,0.05,True
15,262144,524288,1800.0,ensemble_mean_l1_bins_500,6.46959507032141e-05,-0.00019779628148978068,0.003986595294096106,0.01,True
15,262144,524288,1800.0,golovin_relative_error_radius_moment_0_m3,0.0003837102741382026,-0.0016756691862628247,0.0024430897345392296,0.05,True
15,262144,524288,1800.0,golovin_relative_error_radius_moment_6_um6_m3,-0.00348228201715288,-0.011739991641134446,0.004775427606828687,0.05,True
15,262144,524288,2400.0,ensemble_mean_l1_bins_500,0.0006598738745946893,0.0003863449005474581,0.005070806895049191,0.01,True
15,262144,524288,2400.0,golovin_relative_error_radius_moment_0_m3,0.0004035918554146756,-0.0017767930976243967,0.002583976808453748,0.05,True
15,262144,524288,2400.0,golovin_relative_error_radius_moment_6_um6_m3,-0.0037443082844848875,-0.013967367718266569,0.006478751149296795,0.05,True
15,262144,524288,3000.0,ensemble_mean_l1_bins_500,0.001516543545350411,0.0006733834527423368,0.00651459463553706,0.01,True
15,262144,524288,3000.0,golovin_relative_error_radius_moment_0_m3,0.0007277641279180336,-0.001473459738661577,0.002928987994497644,0.05,True
15,262144,524288,3000.0,golovin_relative_error_radius_moment_6_um6_m3,-0.0038374098021472934,-0.015284148148889959,0.0076093285445953725,0.05,True
15,262144,524288,3600.0,ensemble_mean_l1_bins_500,0.0032703426268106423,0.001439368170520355,0.008491256436313929,0.01,True
15,262144,524288,3600.0,golovin_relative_error_radius_moment_0_m3,0.0007689713332399318,-0.0014469933131959713,0.0029849359796758346,0.05,True
15,262144,524288,3600.0,golovin_relative_error_radius_moment_6_um6_m3,-0.005357345645719678,-0.01994559627141625,0.009230904979976896,0.05,True
15,524288,1048576,600.0,ensemble_mean_l1_bins_500,0.0010780850054800933,0.0004551251466324435,0.00380094539267569,0.01,True
15,524288,1048576,600.0,golovin_relative_error_radius_moment_0_m3,-8.31498148549792e-05,-0.001213262136176846,0.0010469625064668873,0.05,True
15,524288,1048576,600.0,golovin_relative_error_radius_moment_6_um6_m3,0.0012328279854281511,-0.0017126732313040415,0.004178329202160344,0.05,True
15,524288,1048576,1200.0,ensemble_mean_l1_bins_500,0.0009844293107363067,0.00046474753669320507,0.003751969986058932,0.01,True
15,524288,1048576,1200.0,golovin_relative_error_radius_moment_0_m3,0.0004598926614633192,-0.000944320597461667,0.0018641059203883053,0.05,True
15,524288,1048576,1200.0,golovin_relative_error_radius_moment_6_um6_m3,0.0014552631040591346,-0.0032980866471045856,0.006208612855222855,0.05,True
15,524288,1048576,1800.0,ensemble_mean_l1_bins_500,0.0010559623399274479,0.00022749811470363369,0.003188237786149263,0.01,True
15,524288,1048576,1800.0,golovin_relative_error_radius_moment_0_m3,0.00044236324496952587,-0.001089410795711127,0.001974137285650179,0.05,True
15,524288,1048576,1800.0,golovin_relative_error_radius_moment_6_um6_m3,0.001893796506546459,-0.0032215666720937126,0.007009159685186631,0.05,True
15,524288,1048576,2400.0,ensemble_mean_l1_bins_500,0.0007962183811570352,0.00039657669954556426,0.0032386208402109076,0.01,True
15,524288,1048576,2400.0,golovin_relative_error_radius_moment_0_m3,0.0002887796449694635,-0.0013271475404242389,0.001904706830363166,0.05,True
15,524288,1048576,2400.0,golovin_relative_error_radius_moment_6_um6_m3,0.0021344281150293297,-0.004077623562068293,0.008346479792126951,0.05,True
15,524288,1048576,3000.0,ensemble_mean_l1_bins_500,0.0008141929583655801,0.00025304896377805565,0.0043639431668695845,0.01,True
15,524288,1048576,3000.0,golovin_relative_error_radius_moment_0_m3,0.00020163086389133998,-0.0014242159476394944,0.0018274776754221742,0.05,True
15,524288,1048576,3000.0,golovin_relative_error_radius_moment_6_um6_m3,0.0024725315069291432,-0.005243827533686329,0.010188890547544615,0.05,True
15,524288,1048576,3600.0,ensemble_mean_l1_bins_500,0.0010994792830759216,0.0006684572694341643,0.005424362014227376,0.01,True
15,524288,1048576,3600.0,golovin_relative_error_radius_moment_0_m3,0.00019295888261293247,-0.0014502051210369047,0.0018361228862627695,0.05,True
15,524288,1048576,3600.0,golovin_relative_error_radius_moment_6_um6_m3,0.002438405528546057,-0.00754555264427279,0.012422363701364904,0.05,True
16,4096,8192,600.0,ensemble_mean_l1_bins_500,0.010646443679656024,0.003870224375104516,0.03907887375000259,0.01,False
16,4096,8192,600.0,golovin_relative_error_radius_moment_0_m3,0.002918019986929295,-0.01132729000970808,0.01716332998356667,0.05,True
16,4096,8192,600.0,golovin_relative_error_radius_moment_6_um6_m3,-0.009391378343555325,-0.0436770064621808,0.02489424977507015,0.05,True
16,4096,8192,1200.0,ensemble_mean_l1_bins_500,0.01032932340727128,0.0038096698468316776,0.039814032487237395,0.01,False
16,4096,8192,1200.0,golovin_relative_error_radius_moment_0_m3,0.0011462970863592092,-0.014911008399148443,0.01720360257186686,0.05,True
16,4096,8192,1200.0,golovin_relative_error_radius_moment_6_um6_m3,-0.009496849491848577,-0.06280730600146842,0.04381360701777126,0.05,False
16,4096,8192,1800.0,ensemble_mean_l1_bins_500,0.010539323146189473,0.0037286256339004423,0.03908636693495574,0.01,False
16,4096,8192,1800.0,golovin_relative_error_radius_moment_0_m3,-0.002686110060303406,-0.020144109126341722,0.014771889005734909,0.05,True
16,4096,8192,1800.0,golovin_relative_error_radius_moment_6_um6_m3,-0.005732354361670149,-0.07085972245321921,0.05939501372987892,0.05,False
16,4096,8192,2400.0,ensemble_mean_l1_bins_500,0.014121665108384713,0.006780580094104473,0.04490567363717774,0.01,False
16,4096,8192,2400.0,golovin_relative_error_radius_moment_0_m3,-0.0015882544173717438,-0.020621208121687544,0.01744469928694406,0.05,True
16,4096,8192,2400.0,golovin_relative_error_radius_moment_6_um6_m3,0.0011396646773432668,-0.07338171812916912,0.07566104748385565,0.05,False
16,4096,8192,3000.0,ensemble_mean_l1_bins_500,0.016170966190678197,0.0042851409143543516,0.049278661465855085,0.01,False
16,4096,8192,3000.0,golovin_relative_error_radius_moment_0_m3,-7.9981786087523e-06,-0.01902668104876146,0.019010684691543957,0.05,True
16,4096,8192,3000.0,golovin_relative_error_radius_moment_6_um6_m3,0.009258408735591106,-0.0858385636051312,0.10435538107631342,0.05,False
16,4096,8192,3600.0,ensemble_mean_l1_bins_500,0.01523766158126355,0.00638012908749891,0.05779760310058445,0.01,False
16,4096,8192,3600.0,golovin_relative_error_radius_moment_0_m3,0.00011808026243442554,-0.019085075490792497,0.019321236015661346,0.05,True
16,4096,8192,3600.0,golovin_relative_error_radius_moment_6_um6_m3,-0.011400566122131662,-0.11962104570521591,0.09681991346095258,0.05,False
16,8192,16384,600.0,ensemble_mean_l1_bins_500,0.00447613162721236,0.001214219258149855,0.02718816097294832,0.01,False
16,8192,16384,600.0,golovin_relative_error_radius_moment_0_m3,-0.0005037539747149311,-0.00972910286650616,0.008721594917076298,0.05,True
16,8192,16384,600.0,golovin_relative_error_radius_moment_6_um6_m3,-0.006482440720361811,-0.034592210267554616,0.02162732882683099,0.05,True
16,8192,16384,1200.0,ensemble_mean_l1_bins_500,0.011324354208979644,0.003932054506802685,0.029299534877388234,0.01,False
16,8192,16384,1200.0,golovin_relative_error_radius_moment_0_m3,-0.0025524423585875965,-0.01439058798778944,0.009285703270614246,0.05,True
16,8192,16384,1200.0,golovin_relative_error_radius_moment_6_um6_m3,0.0025103638737196702,-0.03615031008418237,0.0411710378316217,0.05,True
16,8192,16384,1800.0,ensemble_mean_l1_bins_500,0.00480244635985496,0.003000768793244129,0.02789245806737313,0.01,False
16,8192,16384,1800.0,golovin_relative_error_radius_moment_0_m3,-0.0011936271905278305,-0.013808355883685952,0.011421101502630291,0.05,True
16,8192,16384,1800.0,golovin_relative_error_radius_moment_6_um6_m3,-0.0013483605455431504,-0.04965206628364002,0.04695534519255372,0.05,True
16,8192,16384,2400.0,ensemble_mean_l1_bins_500,0.00466168817817194,0.0021302307575076776,0.029351968848269534,0.01,False
16,8192,16384,2400.0,golovin_relative_error_radius_moment_0_m3,0.0016517359100811733,-0.012101720974059434,0.01540519279422178,0.05,True
16,8192,16384,2400.0,golovin_relative_error_radius_moment_6_um6_m3,-0.010217970884599333,-0.06638897757527816,0.0459530358060795,0.05,False
16,8192,16384,3000.0,ensemble_mean_l1_bins_500,0.012827281353564531,0.006584998706209997,0.03972428010360999,0.01,False
16,8192,16384,3000.0,golovin_relative_error_radius_moment_0_m3,0.000918970439858131,-0.012505690361976667,0.014343631241692929,0.05,True
16,8192,16384,3000.0,golovin_relative_error_radius_moment_6_um6_m3,-0.006490784661598115,-0.07145777945291365,0.058476210129717425,0.05,False
16,8192,16384,3600.0,ensemble_mean_l1_bins_500,0.013202520108023919,0.006910707516737268,0.04336667921058344,0.01,False
16,8192,16384,3600.0,golovin_relative_error_radius_moment_0_m3,0.0010989830137686663,-0.012457577555737464,0.014655543583274797,0.05,True
16,8192,16384,3600.0,golovin_relative_error_radius_moment_6_um6_m3,0.009531054400332403,-0.07553208153067856,0.09459419033134336,0.05,False
16,16384,32768,600.0,ensemble_mean_l1_bins_500,0.006161136760722852,0.002245188491987678,0.020709491425517257,0.01,False
16,16384,32768,600.0,golovin_relative_error_radius_moment_0_m3,-8.014604561796591e-05,-0.006247014039244389,0.006086721948008458,0.05,True
16,16384,32768,600.0,golovin_relative_error_radius_moment_6_um6_m3,0.01173651583644503,-0.009002554131130151,0.03247558580402021,0.05,True
16,16384,32768,1200.0,ensemble_mean_l1_bins_500,0.005853257028353542,0.003411795815749027,0.021175354390673112,0.01,False
16,16384,32768,1200.0,golovin_relative_error_radius_moment_0_m3,0.0040571288564103655,-0.0034239248357550494,0.01153818254857578,0.05,True
16,16384,32768,1200.0,golovin_relative_error_radius_moment_6_um6_m3,0.009304513644161018,-0.020721536259396378,0.03933056354771842,0.05,True
16,16384,32768,1800.0,ensemble_mean_l1_bins_500,0.0072090668655704175,0.0028904331119736903,0.020569388636881174,0.01,False
16,16384,32768,1800.0,golovin_relative_error_radius_moment_0_m3,0.0034602455734436075,-0.005532219398052155,0.01245271054493937,0.05,True
16,16384,32768,1800.0,golovin_relative_error_radius_moment_6_um6_m3,0.007117916265123314,-0.027916638755015162,0.04215247128526179,0.05,True
16,16384,32768,2400.0,ensemble_mean_l1_bins_500,0.00751030049743337,0.004083893912649126,0.022807346347236274,0.01,False
16,16384,32768,2400.0,golovin_relative_error_radius_moment_0_m3,0.0024852759826798354,-0.006584308831296796,0.011554860796656467,0.05,True
16,16384,32768,2400.0,golovin_relative_error_radius_moment_6_um6_m3,0.009559972069699996,-0.028513491552351,0.04763343569175099,0.05,True
16,16384,32768,3000.0,ensemble_mean_l1_bins_500,0.0021359369937048803,0.0008418850152118069,0.023456863345900726,0.01,False
16,16384,32768,3000.0,golovin_relative_error_radius_moment_0_m3,0.002119471252625711,-0.007162294377205926,0.011401236882457349,0.05,True
16,16384,32768,3000.0,golovin_relative_error_radius_moment_6_um6_m3,0.007043881161207308,-0.037911426930483924,0.05199918925289854,0.05,False
16,16384,32768,3600.0,ensemble_mean_l1_bins_500,0.005348978564942396,0.0025484318865987444,0.02804952025346903,0.01,False
16,16384,32768,3600.0,golovin_relative_error_radius_moment_0_m3,0.002085467647579744,-0.007320539769232387,0.011491475064391875,0.05,True
16,16384,32768,3600.0,golovin_relative_error_radius_moment_6_um6_m3,-0.006194628109735574,-0.06508922977397781,0.05269997355450666,0.05,False
16,32768,65536,600.0,ensemble_mean_l1_bins_500,0.004128061565405553,0.001303939615682782,0.01432514426284346,0.01,False
16,32768,65536,600.0,golovin_relative_error_radius_moment_0_m3,0.002110027418174125,-0.002426546860868935,0.006646601697217185,0.05,True
16,32768,65536,600.0,golovin_relative_error_radius_moment_6_um6_m3,-0.005308097953690396,-0.018176316268017478,0.007560120360636685,0.05,True
16,32768,65536,1200.0,ensemble_mean_l1_bins_500,0.0033165862281304154,0.0011506992830966785,0.013651887405124703,0.01,False
16,32768,65536,1200.0,golovin_relative_error_radius_moment_0_m3,-0.00021531732888159017,-0.006104760384025403,0.0056741257262622235,0.05,True
16,32768,65536,1200.0,golovin_relative_error_radius_moment_6_um6_m3,-0.005829066211151308,-0.02572224783810938,0.014064115415806763,0.05,True
16,32768,65536,1800.0,ensemble_mean_l1_bins_500,0.0022106959658821177,0.0012430724793423935,0.013829900286771423,0.01,False
16,32768,65536,1800.0,golovin_relative_error_radius_moment_0_m3,-0.0005116366193819945,-0.007215499967710547,0.006192226728946558,0.05,True
16,32768,65536,1800.0,golovin_relative_error_radius_moment_6_um6_m3,-0.004109276868206422,-0.027872921025879908,0.019654367289467064,0.05,True
16,32768,65536,2400.0,ensemble_mean_l1_bins_500,0.0029214316708307247,0.0011694777297075422,0.014353621853978695,0.01,False
16,32768,65536,2400.0,golovin_relative_error_radius_moment_0_m3,-0.0008068765792259502,-0.0076711460315009115,0.0060573928730490115,0.05,True
16,32768,65536,2400.0,golovin_relative_error_radius_moment_6_um6_m3,-0.006609878357270577,-0.03496327024518894,0.021743513530647785,0.05,True
16,32768,65536,3000.0,ensemble_mean_l1_bins_500,0.005770418455639723,0.0031235223703624916,0.01881047661146134,0.01,False
16,32768,65536,3000.0,golovin_relative_error_radius_moment_0_m3,-0.000476973385106203,-0.007607253559693964,0.006653306789481558,0.05,True
16,32768,65536,3000.0,golovin_relative_error_radius_moment_6_um6_m3,-0.0059289581581573264,-0.03945250252528916,0.02759458620897451,0.05,True
16,32768,65536,3600.0,ensemble_mean_l1_bins_500,0.005294262234892724,0.002333762999151655,0.02096676053346882,0.01,False
16,32768,65536,3600.0,golovin_relative_error_radius_moment_0_m3,-0.0006184310353840617,-0.007727475180272168,0.006490613109504044,0.05,True
16,32768,65536,3600.0,golovin_relative_error_radius_moment_6_um6_m3,-0.005842607661894012,-0.04355421574114233,0.031869000417354305,0.05,True
16,65536,131072,600.0,ensemble_mean_l1_bins_500,0.0022743987140059945,0.0011049923213854469,0.010217631771949546,0.01,False
16,65536,131072,600.0,golovin_relative_error_radius_moment_0_m3,-0.0022571724052171806,-0.005517207756191857,0.001002862945757496,0.05,True
16,65536,131072,600.0,golovin_relative_error_radius_moment_6_um6_m3,-0.0003480841588496531,-0.009007146486055726,0.008310978168356421,0.05,True
16,65536,131072,1200.0,ensemble_mean_l1_bins_500,0.0018120146021446447,0.0006919610392352673,0.010009627223564415,0.01,False
16,65536,131072,1200.0,golovin_relative_error_radius_moment_0_m3,-0.002388720251492169,-0.006745455812890122,0.0019680153099057847,0.05,True
16,65536,131072,1200.0,golovin_relative_error_radius_moment_6_um6_m3,0.003932841125203463,-0.00867243656529972,0.016538118815706646,0.05,True
16,65536,131072,1800.0,ensemble_mean_l1_bins_500,0.0029760395838790577,0.0018281645255283775,0.010430916794498304,0.01,False
16,65536,131072,1800.0,golovin_relative_error_radius_moment_0_m3,-0.0017948561576964827,-0.00657222858201752,0.002982516266624555,0.05,True
16,65536,131072,1800.0,golovin_relative_error_radius_moment_6_um6_m3,0.0024392991328900473,-0.01255863957154333,0.017437237837323424,0.05,True
16,65536,131072,2400.0,ensemble_mean_l1_bins_500,0.002915254703770369,0.0012508568122257143,0.01065943291181409,0.01,False
16,65536,131072,2400.0,golovin_relative_error_radius_moment_0_m3,-0.0012539710839893203,-0.006279170159702912,0.0037712279917242715,0.05,True
16,65536,131072,2400.0,golovin_relative_error_radius_moment_6_um6_m3,0.0016295257509943118,-0.01647311029670971,0.019732161798698335,0.05,True
16,65536,131072,3000.0,ensemble_mean_l1_bins_500,0.00402507820412765,0.0016166789853723858,0.012783550072571573,0.01,False
16,65536,131072,3000.0,golovin_relative_error_radius_moment_0_m3,-0.0009783010397904968,-0.006062691778799284,0.004106089699218291,0.05,True
16,65536,131072,3000.0,golovin_relative_error_radius_moment_6_um6_m3,0.0033484677999073243,-0.01648463668555636,0.02318157228537101,0.05,True
16,65536,131072,3600.0,ensemble_mean_l1_bins_500,0.005604289643961436,0.0021755156769196946,0.015614785867721076,0.01,False
16,65536,131072,3600.0,golovin_relative_error_radius_moment_0_m3,-0.0008456269565198626,-0.005957698104417206,0.00426644419137748,0.05,True
16,65536,131072,3600.0,golovin_relative_error_radius_moment_6_um6_m3,0.010087571690162656,-0.013252390291956788,0.0334275336722821,0.05,True
16,131072,262144,600.0,ensemble_mean_l1_bins_500,0.002497011719437583,0.0008866143928453185,0.007177887865486735,0.01,True
16,131072,262144,600.0,golovin_relative_error_radius_moment_0_m3,0.00016382287507628714,-0.0019700960390312597,0.002297741789183834,0.05,True
16,131072,262144,600.0,golovin_relative_error_radius_moment_6_um6_m3,0.0008865077998372172,-0.005562817154217724,0.007335832753892158,0.05,True
16,131072,262144,1200.0,ensemble_mean_l1_bins_500,0.0008464294219957093,0.00038528478654325284,0.006649614332211997,0.01,True
16,131072,262144,1200.0,golovin_relative_error_radius_moment_0_m3,-8.657924200521582e-05,-0.0029087474069411324,0.0027355889229307003,0.05,True
16,131072,262144,1200.0,golovin_relative_error_radius_moment_6_um6_m3,7.791571862661006e-06,-0.009558811834097757,0.00957439497782308,0.05,True
16,131072,262144,1800.0,ensemble_mean_l1_bins_500,0.0012721035654429773,0.0001003207127738927,0.006002611488318908,0.01,True
16,131072,262144,1800.0,golovin_relative_error_radius_moment_0_m3,0.0002146955392887162,-0.0031228367319138853,0.0035522278104913175,0.05,True
16,131072,262144,1800.0,golovin_relative_error_radius_moment_6_um6_m3,0.0013788689827167588,-0.009064180980995566,0.011821918946429083,0.05,True
16,131072,262144,2400.0,ensemble_mean_l1_bins_500,0.001735620714457784,0.0009072073534351277,0.0075283335640007,0.01,True
16,131072,262144,2400.0,golovin_relative_error_radius_moment_0_m3,-4.2403988575356226e-07,-0.003428135558952435,0.0034272874791809274,0.05,True
16,131072,262144,2400.0,golovin_relative_error_radius_moment_6_um6_m3,0.0014596419037190356,-0.012373678975768694,0.015292962783206767,0.05,True
16,131072,262144,3000.0,ensemble_mean_l1_bins_500,0.0027775652188570202,0.0011238054662630547,0.009311406106428976,0.01,True
16,131072,262144,3000.0,golovin_relative_error_radius_moment_0_m3,-0.00038104480703589957,-0.003859256052092146,0.0030971664380203467,0.05,True
16,131072,262144,3000.0,golovin_relative_error_radius_moment_6_um6_m3,-0.0016255043479852008,-0.01645771883279611,0.013206710136825707,0.05,True
16,131072,262144,3600.0,ensemble_mean_l1_bins_500,0.0017254934217523984,0.0007532591433316697,0.010323004213750772,0.01,False
16,131072,262144,3600.0,golovin_relative_error_radius_moment_0_m3,-0.0005136906947181564,-0.00407414818770418,0.003046766798267867,0.05,True
16,131072,262144,3600.0,golovin_relative_error_radius_moment_6_um6_m3,-0.0049779613673325345,-0.02273744665792374,0.01278152392325867,0.05,True
16,262144,524288,600.0,ensemble_mean_l1_bins_500,0.0007355156887138433,6.743994544083248e-05,0.004673974425634836,0.01,True
16,262144,524288,600.0,golovin_relative_error_radius_moment_0_m3,0.00040141646928275597,-0.0010288684790483566,0.0018317014176138686,0.05,True
16,262144,524288,600.0,golovin_relative_error_radius_moment_6_um6_m3,-0.0014727588055359676,-0.005857697861432793,0.002912180250360858,0.05,True
16,262144,524288,1200.0,ensemble_mean_l1_bins_500,0.0017338786552034127,0.0006053517750902812,0.004939758488480178,0.01,True
16,262144,524288,1200.0,golovin_relative_error_radius_moment_0_m3,0.0004847951379755466,-0.001246332835559407,0.0022159231115105003,0.05,True
16,262144,524288,1200.0,golovin_relative_error_radius_moment_6_um6_m3,-0.0025171231595888036,-0.009489452889206818,0.00445520657002921,0.05,True
16,262144,524288,1800.0,ensemble_mean_l1_bins_500,6.46959507032141e-05,-0.00019508912248421715,0.003846129381776366,0.01,True
16,262144,524288,1800.0,golovin_relative_error_radius_moment_0_m3,0.0003837102741382026,-0.0016037025240792284,0.002371123072355634,0.05,True
16,262144,524288,1800.0,golovin_relative_error_radius_moment_6_um6_m3,-0.00348228201715288,-0.011448099628439323,0.004483535594133564,0.05,True
16,262144,524288,2400.0,ensemble_mean_l1_bins_500,0.0006598738745946893,0.0003798361017602393,0.00488901934301224,0.01,True
16,262144,524288,2400.0,golovin_relative_error_radius_moment_0_m3,0.0004035918554146756,-0.0017003833235965692,0.0025075670344259205,0.05,True
16,262144,524288,2400.0,golovin_relative_error_radius_moment_6_um6_m3,-0.0037443082844848875,-0.013605936642916275,0.006117320073946501,0.05,True
16,262144,524288,3000.0,ensemble_mean_l1_bins_500,0.001516543545350411,0.000658165364480876,0.0063424957364450665,0.01,True
16,262144,524288,3000.0,golovin_relative_error_radius_moment_0_m3,0.0007277641279180336,-0.0013964223790565201,0.002851950634892587,0.05,True
16,262144,524288,3000.0,golovin_relative_error_radius_moment_6_um6_m3,-0.0038374098021472934,-0.014882593778482495,0.007207774174187909,0.05,True
16,262144,524288,3600.0,ensemble_mean_l1_bins_500,0.0032703426268106423,0.0014259520749575843,0.008353462595259249,0.01,True
16,262144,524288,3600.0,golovin_relative_error_radius_moment_0_m3,0.0007689713332399318,-0.0013695625451086246,0.0029075052115884884,0.05,True
16,262144,524288,3600.0,golovin_relative_error_radius_moment_6_um6_m3,-0.005357345645719678,-0.0194343077984685,0.008719616507029147,0.05,True
16,524288,1048576,600.0,ensemble_mean_l1_bins_500,0.0010780850054800933,0.00043834166920450087,0.003677644791391095,0.01,True
16,524288,1048576,600.0,golovin_relative_error_radius_moment_0_m3,-8.31498148549792e-05,-0.0011737872851989737,0.0010074876554890155,0.05,True
16,524288,1048576,600.0,golovin_relative_error_radius_moment_6_um6_m3,0.0012328279854281511,-0.001608746618377759,0.004074402589234061,0.05,True
16,524288,1048576,1200.0,ensemble_mean_l1_bins_500,0.0009844293107363067,0.00044813964188970113,0.0036177816146764938,0.01,True
16,524288,1048576,1200.0,golovin_relative_error_radius_moment_0_m3,0.0004598926614633192,-0.0008955918278718028,0.0018153771507984412,0.05,True
16,524288,1048576,1200.0,golovin_relative_error_radius_moment_6_um6_m3,0.0014552631040591346,-0.0031304898000233793,0.0060410160081416486,0.05,True
16,524288,1048576,1800.0,ensemble_mean_l1_bins_500,0.0010559623399274479,0.00023166377098408602,0.003101675738271208,0.01,True
16,524288,1048576,1800.0,golovin_relative_error_radius_moment_0_m3,0.00044236324496952587,-0.0010360597053880984,0.0019207861953271501,0.05,True
16,524288,1048576,1800.0,golovin_relative_error_radius_moment_6_um6_m3,0.001893796506546459,-0.003042440923548183,0.006830033936641101,0.05,True
16,524288,1048576,2400.0,ensemble_mean_l1_bins_500,0.0007962183811570352,0.00038228109235598174,0.00312249564856005,0.01,True
16,524288,1048576,2400.0,golovin_relative_error_radius_moment_0_m3,0.0002887796449694635,-0.0012710314241331062,0.0018485907140720333,0.05,True
16,524288,1048576,2400.0,golovin_relative_error_radius_moment_6_um6_m3,0.0021344281150293297,-0.0038593728489259215,0.00812822907898458,0.05,True
16,524288,1048576,3000.0,ensemble_mean_l1_bins_500,0.0008141929583655801,0.0002497970226492798,0.0041973423139944005,0.01,True
16,524288,1048576,3000.0,golovin_relative_error_radius_moment_0_m3,0.00020163086389133998,-0.0013676634233537493,0.0017709251511364291,0.05,True
16,524288,1048576,3000.0,golovin_relative_error_radius_moment_6_um6_m3,0.0024725315069291432,-0.00497315199083828,0.009918215004696565,0.05,True
16,524288,1048576,3600.0,ensemble_mean_l1_bins_500,0.0010994792830759216,0.0006248421121473868,0.005297236287326221,0.01,True
16,524288,1048576,3600.0,golovin_relative_error_radius_moment_0_m3,0.00019295888261293247,-0.0013929450725321546,0.0017788628377580194,0.05,True
16,524288,1048576,3600.0,golovin_relative_error_radius_moment_6_um6_m3,0.002438405528546057,-0.007195552622048287,0.012072363679140401,0.05,True
17,4096,8192,600.0,ensemble_mean_l1_bins_500,0.010646443679656024,0.003797779993755458,0.038068732868414445,0.01,False
17,4096,8192,600.0,golovin_relative_error_radius_moment_0_m3,0.002918019986929295,-0.010859588912473364,0.016695628886331953,0.05,True
17,4096,8192,600.0,golovin_relative_error_radius_moment_6_um6_m3,-0.009391378343555325,-0.04256343622217752,0.02378067953506687,0.05,True
17,4096,8192,1200.0,ensemble_mean_l1_bins_500,0.01032932340727128,0.0037639081891194526,0.03869769941380777,0.01,False
17,4096,8192,1200.0,golovin_relative_error_radius_moment_0_m3,0.0011462970863592092,-0.014389197546201845,0.016681791718920265,0.05,True
17,4096,8192,1200.0,golovin_relative_error_radius_moment_6_um6_m3,-0.009496849491848577,-0.06106119214162963,0.04206749315793248,0.05,False
17,4096,8192,1800.0,ensemble_mean_l1_bins_500,0.010539323146189473,0.004235233142063268,0.03777038115284422,0.01,False
17,4096,8192,1800.0,golovin_relative_error_radius_moment_0_m3,-0.002686110060303406,-0.019574647655448342,0.014202427534841529,0.05,True
17,4096,8192,1800.0,golovin_relative_error_radius_moment_6_um6_m3,-0.005732354361670149,-0.06873573346785086,0.05727102474451057,0.05,False
17,4096,8192,2400.0,ensemble_mean_l1_bins_500,0.014121665108384713,0.006889386652478117,0.04341707776116863,0.01,False
17,4096,8192,2400.0,golovin_relative_error_radius_moment_0_m3,-0.0015882544173717438,-0.020001442014184564,0.016824933179441073,0.05,True
17,4096,8192,2400.0,golovin_relative_error_radius_moment_6_um6_m3,0.0011396646773432668,-0.0709605740793502,0.07323990343403673,0.05,False
17,4096,8192,3000.0,ensemble_mean_l1_bins_500,0.016170966190678197,0.004505868674961882,0.04798730171800745,0.01,False
17,4096,8192,3000.0,golovin_relative_error_radius_moment_0_m3,-7.9981786087523e-06,-0.01840605101126105,0.018390054654043548,0.05,True
17,4096,8192,3000.0,golovin_relative_error_radius_moment_6_um6_m3,0.009258408735591106,-0.08272992908330756,0.10124674655448979,0.05,False
17,4096,8192,3600.0,ensemble_mean_l1_bins_500,0.01523766158126355,0.006583886422304592,0.05654779345576939,0.01,False
17,4096,8192,3600.0,golovin_relative_error_radius_moment_0_m3,0.00011808026243442554,-0.01845824870156762,0.01869440922643647,0.05,True
17,4096,8192,3600.0,golovin_relative_error_radius_moment_6_um6_m3,-0.011400566122131662,-0.11610601903887448,0.09330488679461114,0.05,False
17,8192,16384,600.0,ensemble_mean_l1_bins_500,0.00447613162721236,0.0011653962556803551,0.026320096942322138,0.01,False
17,8192,16384,600.0,golovin_relative_error_radius_moment_0_m3,-0.0005037539747149311,-0.009426081645708465,0.008418573696278603,0.05,True
17,8192,16384,600.0,golovin_relative_error_radius_moment_6_um6_m3,-0.006482440720361811,-0.033678011907029695,0.020713130466306077,0.05,True
17,8192,16384,1200.0,ensemble_mean_l1_bins_500,0.011324354208979644,0.004180960340281982,0.028503446680286076,0.01,False
17,8192,16384,1200.0,golovin_relative_error_radius_moment_0_m3,-0.0025524423585875965,-0.013999186569246608,0.008894301852071417,0.05,True
17,8192,16384,1200.0,golovin_relative_error_radius_moment_6_um6_m3,0.0025103638737196702,-0.03489430878681535,0.03991503653425468,0.05,True
17,8192,16384,1800.0,ensemble_mean_l1_bins_500,0.00480244635985496,0.0029413350496509867,0.02701266335859685,0.01,False
17,8192,16384,1800.0,golovin_relative_error_radius_moment_0_m3,-0.0011936271905278305,-0.013395394381562412,0.01100814000050675,0.05,True
17,8192,16384,1800.0,golovin_relative_error_radius_moment_6_um6_m3,-0.0013483605455431504,-0.04807633086543659,0.04537960977435029,0.05,True
17,8192,16384,2400.0,ensemble_mean_l1_bins_500,0.00466168817817194,0.002042306914059564,0.02834350013041438,0.01,False
17,8192,16384,2400.0,golovin_relative_error_radius_moment_0_m3,0.0016517359100811733,-0.011648954542654395,0.014952426362816741,0.05,True
17,8192,16384,2400.0,golovin_relative_error_radius_moment_6_um6_m3,-0.010217970884599333,-0.06454008403592987,0.044104142266731206,0.05,False
17,8192,16384,3000.0,ensemble_mean_l1_bins_500,0.012827281353564531,0.006507489518095221,0.0384918333636812,0.01,False
17,8192,16384,3000.0,golovin_relative_error_radius_moment_0_m3,0.000918970439858131,-0.012064791746668057,0.013902732626384319,0.05,True
17,8192,16384,3000.0,golovin_relative_error_radius_moment_6_um6_m3,-0.006490784661598115,-0.06932077379050186,0.056339204467305636,0.05,False
17,8192,16384,3600.0,ensemble_mean_l1_bins_500,0.013202520108023919,0.006735145364611976,0.04202575864860069,0.01,False
17,8192,16384,3600.0,golovin_relative_error_radius_moment_0_m3,0.0010989830137686663,-0.012012745408651156,0.014210711436188489,0.05,True
17,8192,16384,3600.0,golovin_relative_error_radius_moment_6_um6_m3,0.009531054400332403,-0.07275157089956501,0.09181367970022981,0.05,False
17,16384,32768,600.0,ensemble_mean_l1_bins_500,0.006161136760722852,0.0024573566194803368,0.020260573174267427,0.01,False
17,16384,32768,600.0,golovin_relative_error_radius_moment_0_m3,-8.014604561796591e-05,-0.006045757508907782,0.0058854654176718505,0.05,True
17,16384,32768,600.0,golovin_relative_error_radius_moment_6_um6_m3,0.01173651583644503,-0.00831965938482741,0.03179269105771747,0.05,True
17,16384,32768,1200.0,ensemble_mean_l1_bins_500,0.005853257028353542,0.0032858007008173713,0.02069546754060825,0.01,False
17,16384,32768,1200.0,golovin_relative_error_radius_moment_0_m3,0.0040571288564103655,-0.0031805905674712406,0.011294848280291972,0.05,True
17,16384,32768,1200.0,golovin_relative_error_radius_moment_6_um6_m3,0.009304513644161018,-0.01973892601420131,0.03834795330252335,0.05,True
17,16384,32768,1800.0,ensemble_mean_l1_bins_500,0.0072090668655704175,0.003053230900191722,0.020019351637081448,0.01,False
17,16384,32768,1800.0,golovin_relative_error_radius_moment_0_m3,0.0034602455734436075,-0.0052394208226238664,0.012159911969511081,0.05,True
17,16384,32768,1800.0,golovin_relative_error_radius_moment_6_um6_m3,0.007117916265123314,-0.02677068279935843,0.04100651532960506,0.05,True
17,16384,32768,2400.0,ensemble_mean_l1_bins_500,0.00751030049743337,0.004013055229647088,0.022202337892581282,0.01,False
17,16384,32768,2400.0,golovin_relative_error_radius_moment_0_m3,0.0024852759826798354,-0.006288901897640503,0.011259453863000174,0.05,True
17,16384,32768,2400.0,golovin_relative_error_radius_moment_6_um6_m3,0.009559972069699996,-0.027276391505357517,0.04639633564475751,0.05,True
17,16384,32768,3000.0,ensemble_mean_l1_bins_500,0.0021359369937048803,0.0008843817308163787,0.022595390644996403,0.01,False
17,16384,32768,3000.0,golovin_relative_error_radius_moment_0_m3,0.002119471252625711,-0.006860470836254604,0.011099413341506027,0.05,True
17,16384,32768,3000.0,golovin_relative_error_radius_moment_6_um6_m3,0.007043881161207308,-0.036451966286864444,0.05053972860927906,0.05,False
17,16384,32768,3600.0,ensemble_mean_l1_bins_500,0.005348978564942396,0.0026136439695023574,0.027514303672208265,0.01,False
17,16384,32768,3600.0,golovin_relative_error_radius_moment_0_m3,0.002085467647579744,-0.007014430644106985,0.011185365939266473,0.05,True
17,16384,32768,3600.0,golovin_relative_error_radius_moment_6_um6_m3,-0.006194628109735574,-0.06315715630971673,0.05076790009024559,0.05,False
17,32768,65536,600.0,ensemble_mean_l1_bins_500,0.004128061565405553,0.0012844917421415908,0.01387858574441278,0.01,False
17,32768,65536,600.0,golovin_relative_error_radius_moment_0_m3,0.002110027418174125,-0.002278601491425658,0.006498656327773908,0.05,True
17,32768,65536,600.0,golovin_relative_error_radius_moment_6_um6_m3,-0.005308097953690396,-0.017753238319359613,0.007137042411978821,0.05,True
17,32768,65536,1200.0,ensemble_mean_l1_bins_500,0.0033165862281304154,0.001075011564204289,0.013162486498984563,0.01,False
17,32768,65536,1200.0,golovin_relative_error_radius_moment_0_m3,-0.00021531732888159017,-0.00591299346461949,0.00548235880685631,0.05,True
17,32768,65536,1200.0,golovin_relative_error_radius_moment_6_um6_m3,-0.005829066211151308,-0.02506548390738465,0.013407351485082031,0.05,True
17,32768,65536,1800.0,ensemble_mean_l1_bins_500,0.0022106959658821177,0.0013201395613692435,0.013269206049236135,0.01,False
17,32768,65536,1800.0,golovin_relative_error_radius_moment_0_m3,-0.0005116366193819945,-0.0069961259941098974,0.005972852755345908,0.05,True
17,32768,65536,1800.0,golovin_relative_error_radius_moment_6_um6_m3,-0.004109276868206422,-0.02709153658126038,0.018872982844847536,0.05,True
17,32768,65536,2400.0,ensemble_mean_l1_bins_500,0.0029214316708307247,0.0011381442105439059,0.014032211270158463,0.01,False
17,32768,65536,2400.0,golovin_relative_error_radius_moment_0_m3,-0.0008068765792259502,-0.007447215929253613,0.0058334627708017135,0.05,True
17,32768,65536,2400.0,golovin_relative_error_radius_moment_6_um6_m3,-0.006609878357270577,-0.03402769149167562,0.020807934777134468,0.05,True
17,32768,65536,3000.0,ensemble_mean_l1_bins_500,0.005770418455639723,0.0031397084866516736,0.018235413063535297,0.01,False
17,32768,65536,3000.0,golovin_relative_error_radius_moment_0_m3,-0.000476973385106203,-0.007374184736019931,0.006420237965807525,0.05,True
17,32768,65536,3000.0,golovin_relative_error_radius_moment_6_um6_m3,-0.0059289581581573264,-0.03834097064736435,0.0264830543310497,0.05,True
17,32768,65536,3600.0,ensemble_mean_l1_bins_500,0.005294262234892724,0.002293456447257486,0.02029405056158994,0.01,False
17,32768,65536,3600.0,golovin_relative_error_radius_moment_0_m3,-0.0006184310353840617,-0.007495034492505417,0.006258172421737293,0.05,True
17,32768,65536,3600.0,golovin_relative_error_radius_moment_6_um6_m3,-0.005842607661894012,-0.042309026286507664,0.03062381096271964,0.05,True
17,65536,131072,600.0,ensemble_mean_l1_bins_500,0.0022743987140059945,0.0011443551463086947,0.009954562726965762,0.01,True
17,65536,131072,600.0,golovin_relative_error_radius_moment_0_m3,-0.0022571724052171806,-0.0054103117329742795,0.0008959669225399188,0.05,True
17,65536,131072,600.0,golovin_relative_error_radius_moment_6_um6_m3,-0.0003480841588496531,-0.008725213715224556,0.00802904539752525,0.05,True
17,65536,131072,1200.0,ensemble_mean_l1_bins_500,0.0018120146021446447,0.0006641933863574285,0.009771089894855691,0.01,True
17,65536,131072,1200.0,golovin_relative_error_radius_moment_0_m3,-0.002388720251492169,-0.006602703113729824,0.001825262610745486,0.05,True
17,65536,131072,1200.0,golovin_relative_error_radius_moment_6_um6_m3,0.003932841125203463,-0.008261735045757081,0.016127417296164008,0.05,True
17,65536,131072,1800.0,ensemble_mean_l1_bins_500,0.0029760395838790577,0.0018098006669674145,0.010259407620337821,0.01,False
17,65536,131072,1800.0,golovin_relative_error_radius_moment_0_m3,-0.0017948561576964827,-0.006416573453218779,0.002826861137825814,0.05,True
17,65536,131072,1800.0,golovin_relative_error_radius_moment_6_um6_m3,0.0024392991328900473,-0.01206538517347701,0.016943983439257106,0.05,True
17,65536,131072,2400.0,ensemble_mean_l1_bins_500,0.002915254703770369,0.001274231154296714,0.010445841003023862,0.01,False
17,65536,131072,2400.0,golovin_relative_error_radius_moment_0_m3,-0.0012539710839893203,-0.006115049514173162,0.003607107346194522,0.05,True
17,65536,131072,2400.0,golovin_relative_error_radius_moment_6_um6_m3,0.0016295257509943118,-0.015883346283698085,0.01914239778568671,0.05,True
17,65536,131072,3000.0,ensemble_mean_l1_bins_500,0.00402507820412765,0.0016443183952486876,0.012612534749128509,0.01,False
17,65536,131072,3000.0,golovin_relative_error_radius_moment_0_m3,-0.0009783010397904968,-0.005896711054047264,0.003940108974466269,0.05,True
17,65536,131072,3000.0,golovin_relative_error_radius_moment_6_um6_m3,0.0033484677999073243,-0.01583736585180942,0.02253430145162407,0.05,True
17,65536,131072,3600.0,ensemble_mean_l1_bins_500,0.005604289643961436,0.0022007977178627593,0.015351015700958795,0.01,False
17,65536,131072,3600.0,golovin_relative_error_radius_moment_0_m3,-0.0008456269565198626,-0.005791085124781021,0.0040998312117412955,0.05,True
17,65536,131072,3600.0,golovin_relative_error_radius_moment_6_um6_m3,0.010087571690162656,-0.012489703841235385,0.0326648472215607,0.05,True
17,131072,262144,600.0,ensemble_mean_l1_bins_500,0.002497011719437583,0.0008682044088338526,0.007008548695414379,0.01,True
17,131072,262144,600.0,golovin_relative_error_radius_moment_0_m3,0.00016382287507628714,-0.0018999043480168202,0.0022275500981693945,0.05,True
17,131072,262144,600.0,golovin_relative_error_radius_moment_6_um6_m3,0.0008865077998372172,-0.0053517175672090364,0.007124733166883471,0.05,True
17,131072,262144,1200.0,ensemble_mean_l1_bins_500,0.0008464294219957093,0.0003391608630042377,0.0064577307612352025,0.01,True
17,131072,262144,1200.0,golovin_relative_error_radius_moment_0_m3,-8.657924200521582e-05,-0.0028154400555722298,0.0026422815715617977,0.05,True
17,131072,262144,1200.0,golovin_relative_error_radius_moment_6_um6_m3,7.791571862661006e-06,-0.00924704132311711,0.009262624466842433,0.05,True
17,131072,262144,1800.0,ensemble_mean_l1_bins_500,0.0012721035654429773,0.00013678383665474358,0.00581431566301124,0.01,True
17,131072,262144,1800.0,golovin_relative_error_radius_moment_0_m3,0.0002146955392887162,-0.003012254021733285,0.0034416451003107173,0.05,True
17,131072,262144,1800.0,golovin_relative_error_radius_moment_6_um6_m3,0.0013788689827167588,-0.008725234737734682,0.0114829727031682,0.05,True
17,131072,262144,2400.0,ensemble_mean_l1_bins_500,0.001735620714457784,0.0008554323921288617,0.007293323678945317,0.01,True
17,131072,262144,2400.0,golovin_relative_error_radius_moment_0_m3,-4.2403988575356226e-07,-0.0033149785814130107,0.0033141305016415033,0.05,True
17,131072,262144,2400.0,golovin_relative_error_radius_moment_6_um6_m3,0.0014596419037190356,-0.011923141785842785,0.014842425593280858,0.05,True
17,131072,262144,3000.0,ensemble_mean_l1_bins_500,0.0027775652188570202,0.0011600792589215583,0.009119202499818983,0.01,True
17,131072,262144,3000.0,golovin_relative_error_radius_moment_0_m3,-0.00038104480703589957,-0.0037443197306035463,0.002982230116531747,0.05,True
17,131072,262144,3000.0,golovin_relative_error_radius_moment_6_um6_m3,-0.0016255043479852008,-0.015974951134481327,0.012723942438510926,0.05,True
17,131072,262144,3600.0,ensemble_mean_l1_bins_500,0.0017254934217523984,0.0007144844619928763,0.009975210138420485,0.01,True
17,131072,262144,3600.0,golovin_relative_error_radius_moment_0_m3,-0.0005136906947181564,-0.003956251855675126,0.0029288704662388133,0.05,True
17,131072,262144,3600.0,golovin_relative_error_radius_moment_6_um6_m3,-0.0049779613673325345,-0.022161063341103557,0.012205140606438486,0.05,True
17,262144,524288,600.0,ensemble_mean_l1_bins_500,0.0007355156887138433,7.790307240327485e-05,0.004543663010836978,0.01,True
17,262144,524288,600.0,golovin_relative_error_radius_moment_0_m3,0.00040141646928275597,-0.0009823106886785757,0.0017851436272440877,0.05,True
17,262144,524288,600.0,golovin_relative_error_radius_moment_6_um6_m3,-0.0014727588055359676,-0.005713877865200889,0.0027683602541289536,0.05,True
17,262144,524288,1200.0,ensemble_mean_l1_bins_500,0.0017338786552034127,0.0006087561913071981,0.00481750880227387,0.01,True
17,262144,524288,1200.0,golovin_relative_error_radius_moment_0_m3,0.0004847951379755466,-0.0011898305183088104,0.0021594207942599035,0.05,True
17,262144,524288,1200.0,golovin_relative_error_radius_moment_6_um6_m3,-0.0025171231595888036,-0.009260973786041675,0.004226727466864069,0.05,True
17,262144,524288,1800.0,ensemble_mean_l1_bins_500,6.46959507032141e-05,-0.00025554642421958014,0.003703187755050514,0.01,True
17,262144,524288,1800.0,golovin_relative_error_radius_moment_0_m3,0.0003837102741382026,-0.0015388166499626385,0.0023062371982390437,0.05,True
17,262144,524288,1800.0,golovin_relative_error_radius_moment_6_um6_m3,-0.00348228201715288,-0.011185235527435545,0.004220671493129786,0.05,True
17,262144,524288,2400.0,ensemble_mean_l1_bins_500,0.0006598738745946893,0.00037329498979688793,0.004739565222078125,0.01,True
17,262144,524288,2400.0,golovin_relative_error_radius_moment_0_m3,0.0004035918554146756,-0.0016315113442677113,0.0024386950550970626,0.05,True
17,262144,524288,2400.0,golovin_relative_error_radius_moment_6_um6_m3,-0.0037443082844848875,-0.013280455274238222,0.005791838705268448,0.05,True
17,262144,524288,3000.0,ensemble_mean_l1_bins_500,0.001516543545350411,0.0006432057773492875,0.006162579369093081,0.01,True
17,262144,524288,3000.0,golovin_relative_error_radius_moment_0_m3,0.0007277641279180336,-0.001326975239731386,0.002782503495567453,0.05,True
17,262144,524288,3000.0,golovin_relative_error_radius_moment_6_um6_m3,-0.0038374098021472934,-0.014520690784361915,0.006845871180067329,0.05,True
17,262144,524288,3600.0,ensemble_mean_l1_bins_500,0.0032703426268106423,0.0014100043442208294,0.008131755334393333,0.01,True
17,262144,524288,3600.0,golovin_relative_error_radius_moment_0_m3,0.0007689713332399318,-0.0012997494486647178,0.0028376921151445815,0.05,True
17,262144,524288,3600.0,golovin_relative_error_radius_moment_6_um6_m3,-0.005357345645719678,-0.018973462855528242,0.008258771564088885,0.05,True
17,524288,1048576,600.0,ensemble_mean_l1_bins_500,0.0010780850054800933,0.00044646525783472124,0.003598868306548437,0.01,True
17,524288,1048576,600.0,golovin_relative_error_radius_moment_0_m3,-8.31498148549792e-05,-0.0011381947113581542,0.0009718950816481959,0.05,True
17,524288,1048576,600.0,golovin_relative_error_radius_moment_6_um6_m3,0.0012328279854281511,-0.0015151376406798336,0.003980793611536136,0.05,True
17,524288,1048576,1200.0,ensemble_mean_l1_bins_500,0.0009844293107363067,0.0004496594506523613,0.003577448549395941,0.01,True
17,524288,1048576,1200.0,golovin_relative_error_radius_moment_0_m3,0.0004598926614633192,-0.0008516259400309888,0.001771411262957627,0.05,True
17,524288,1048576,1200.0,golovin_relative_error_radius_moment_6_um6_m3,0.0014552631040591346,-0.0029795208855094993,0.0058900470936277685,0.05,True
17,524288,1048576,1800.0,ensemble_mean_l1_bins_500,0.0010559623399274479,0.00023403994734674046,0.0030174990758000623,0.01,True
17,524288,1048576,1800.0,golovin_relative_error_radius_moment_0_m3,0.00044236324496952587,-0.0009879414043468275,0.0018726678942858792,0.05,True
17,524288,1048576,1800.0,golovin_relative_error_radius_moment_6_um6_m3,0.001893796506546459,-0.002880973120683459,0.006668566133776377,0.05,True
17,524288,1048576,2400.0,ensemble_mean_l1_bins_500,0.0007962183811570352,0.00039664986362869677,0.0030306480068413907,0.01,True
17,524288,1048576,2400.0,golovin_relative_error_radius_moment_0_m3,0.0002887796449694635,-0.0012204039886191975,0.0017979632785581246,0.05,True
17,524288,1048576,2400.0,golovin_relative_error_radius_moment_6_um6_m3,0.0021344281150293297,-0.0036627038136435204,0.00793156004370218,0.05,True
17,524288,1048576,3000.0,ensemble_mean_l1_bins_500,0.0008141929583655801,0.00024628116955156576,0.0040707625574627326,0.01,True
17,524288,1048576,3000.0,golovin_relative_error_radius_moment_0_m3,0.00020163086389133998,-0.0013166507613328268,0.0017199124891155067,0.05,True
17,524288,1048576,3000.0,golovin_relative_error_radius_moment_6_um6_m3,0.0024725315069291432,-0.004729202731635233,0.00967426574549352,0.05,True
17,524288,1048576,3600.0,ensemble_mean_l1_bins_500,0.0010994792830759216,0.0006013483343215168,0.005158664258606839,0.01,True
17,524288,1048576,3600.0,golovin_relative_error_radius_moment_0_m3,0.00019295888261293247,-0.0013413039185780587,0.0017272216838039236,0.05,True
17,524288,1048576,3600.0,golovin_relative_error_radius_moment_6_um6_m3,0.002438405528546057,-0.00688009110949611,0.011756902166588224,0.05,True
18,4096,8192,600.0,ensemble_mean_l1_bins_500,0.010646443679656024,0.0036858319695888715,0.03709564406169966,0.01,False
18,4096,8192,600.0,golovin_relative_error_radius_moment_0_m3,0.002918019986929295,-0.010435275022913883,0.016271314996772472,0.05,True
18,4096,8192,600.0,golovin_relative_error_radius_moment_6_um6_m3,-0.009391378343555325,-0.04155212063848206,0.02276936395137141,0.05,True
18,4096,8192,1200.0,ensemble_mean_l1_bins_500,0.01032932340727128,0.0035674800826879277,0.03764671323149635,0.01,False
18,4096,8192,1200.0,golovin_relative_error_radius_moment_0_m3,0.0011462970863592092,-0.013915327052162967,0.016207921224881384,0.05,True
18,4096,8192,1200.0,golovin_relative_error_radius_moment_6_um6_m3,-0.009496849491848577,-0.059476696783204296,0.04048299779950714,0.05,False
18,4096,8192,1800.0,ensemble_mean_l1_bins_500,0.010539323146189473,0.004120446038252438,0.03686909776482036,0.01,False
18,4096,8192,1800.0,golovin_relative_error_radius_moment_0_m3,-0.002686110060303406,-0.01905769042133013,0.013685470300723316,0.05,True
18,4096,8192,1800.0,golovin_relative_error_radius_moment_6_um6_m3,-0.005732354361670149,-0.06680754128422614,0.05534283256088584,0.05,False
18,4096,8192,2400.0,ensemble_mean_l1_bins_500,0.014121665108384713,0.006540734081676833,0.04210177518027046,0.01,False
18,4096,8192,2400.0,golovin_relative_error_radius_moment_0_m3,-0.0015882544173717438,-0.019438725217895206,0.01626221638315172,0.05,True
18,4096,8192,2400.0,golovin_relative_error_radius_moment_6_um6_m3,0.0011396646773432668,-0.06876181905252095,0.07104114840720747,0.05,False
18,4096,8192,3000.0,ensemble_mean_l1_bins_500,0.016170966190678197,0.004415604927569774,0.04656143649049732,0.01,False
18,4096,8192,3000.0,golovin_relative_error_radius_moment_0_m3,-7.9981786087523e-06,-0.017842665657507088,0.017826669300289585,0.05,True
18,4096,8192,3000.0,golovin_relative_error_radius_moment_6_um6_m3,0.009258408735591106,-0.079908491920483,0.09842530939166522,0.05,False
18,4096,8192,3600.0,ensemble_mean_l1_bins_500,0.01523766158126355,0.006741637874725999,0.05506952790074038,0.01,False
18,4096,8192,3600.0,golovin_relative_error_radius_moment_0_m3,0.00011808026243442554,-0.017889253575705432,0.01812541410057428,0.05,True
18,4096,8192,3600.0,golovin_relative_error_radius_moment_6_um6_m3,-0.011400566122131662,-0.11291377269912889,0.09011264045486556,0.05,False
18,8192,16384,600.0,ensemble_mean_l1_bins_500,0.00447613162721236,0.0010687824923599784,0.02552639748749364,0.01,False
18,8192,16384,600.0,golovin_relative_error_radius_moment_0_m3,-0.0005037539747149311,-0.009151182567003011,0.008143674617573149,0.05,True
18,8192,16384,600.0,golovin_relative_error_radius_moment_6_um6_m3,-0.006482440720361811,-0.032847866561837316,0.019882985121113698,0.05,True
18,8192,16384,1200.0,ensemble_mean_l1_bins_500,0.011324354208979644,0.004078632368103109,0.02788577819449495,0.01,False
18,8192,16384,1200.0,golovin_relative_error_radius_moment_0_m3,-0.0025524423585875965,-0.01364433337539546,0.008539448658220268,0.05,True
18,8192,16384,1200.0,golovin_relative_error_radius_moment_6_um6_m3,0.0025103638737196702,-0.033753670011364326,0.03877439775880366,0.05,True
18,8192,16384,1800.0,ensemble_mean_l1_bins_500,0.00480244635985496,0.002877254222702511,0.026089531209304014,0.01,False
18,8192,16384,1800.0,golovin_relative_error_radius_moment_0_m3,-0.0011936271905278305,-0.013020637235694925,0.010633382854639264,0.05,True
18,8192,16384,1800.0,golovin_relative_error_radius_moment_6_um6_m3,-0.0013483605455431504,-0.04664588836534146,0.04394916727425516,0.05,True
18,8192,16384,2400.0,ensemble_mean_l1_bins_500,0.00466168817817194,0.0022190686423222738,0.027650828107573765,0.01,False
18,8192,16384,2400.0,golovin_relative_error_radius_moment_0_m3,0.0016517359100811733,-0.011238295847090612,0.014541767667252958,0.05,True
18,8192,16384,2400.0,golovin_relative_error_radius_moment_6_um6_m3,-0.010217970884599333,-0.0628631162064058,0.042427174437207144,0.05,False
18,8192,16384,3000.0,ensemble_mean_l1_bins_500,0.012827281353564531,0.006542132808583988,0.037456203788512006,0.01,False
18,8192,16384,3000.0,golovin_relative_error_radius_moment_0_m3,0.000918970439858131,-0.0116648062496657,0.01350274712938196,0.05,True
18,8192,16384,3000.0,golovin_relative_error_radius_moment_6_um6_m3,-0.006490784661598115,-0.06738236187722528,0.054400792554029055,0.05,False
18,8192,16384,3600.0,ensemble_mean_l1_bins_500,0.013202520108023919,0.0066174529897937125,0.04122947770614986,0.01,False
18,8192,16384,3600.0,golovin_relative_error_radius_moment_0_m3,0.0010989830137686663,-0.011609156679427761,0.013807122706965094,0.05,True
18,8192,16384,3600.0,golovin_relative_error_radius_moment_6_um6_m3,0.009531054400332403,-0.07022793220405871,0.08929004100472351,0.05,False
18,16384,32768,600.0,ensemble_mean_l1_bins_500,0.006161136760722852,0.0023982170509076026,0.019846857913429373,0.01,False
18,16384,32768,600.0,golovin_relative_error_radius_moment_0_m3,-8.014604561796591e-05,-0.005863065488640476,0.0057027733974045446,0.05,True
18,16384,32768,600.0,golovin_relative_error_radius_moment_6_um6_m3,0.01173651583644503,-0.007700288546185825,0.031173320219075887,0.05,True
18,16384,32768,1200.0,ensemble_mean_l1_bins_500,0.005853257028353542,0.003268060366265401,0.020085615037990147,0.01,False
18,16384,32768,1200.0,golovin_relative_error_radius_moment_0_m3,0.0040571288564103655,-0.0029596316805289664,0.011073889393349697,0.05,True
18,16384,32768,1200.0,golovin_relative_error_radius_moment_6_um6_m3,0.009304513644161018,-0.01884719081501915,0.03745621810334118,0.05,True
18,16384,32768,1800.0,ensemble_mean_l1_bins_500,0.0072090668655704175,0.0031512733127946045,0.019519140398586005,0.01,False
18,16384,32768,1800.0,golovin_relative_error_radius_moment_0_m3,0.0034602455734436075,-0.004973572435729545,0.01189406358261676,0.05,True
18,16384,32768,1800.0,golovin_relative_error_radius_moment_6_um6_m3,0.007117916265123314,-0.025730659950721893,0.03996649248096852,0.05,True
18,16384,32768,2400.0,ensemble_mean_l1_bins_500,0.00751030049743337,0.004024440451709971,0.021651349748863867,0.01,False
18,16384,32768,2400.0,golovin_relative_error_radius_moment_0_m3,0.0024852759826798354,-0.006020693710291607,0.010991245675651278,0.05,True
18,16384,32768,2400.0,golovin_relative_error_radius_moment_6_um6_m3,0.009559972069699996,-0.02615293323779111,0.0452728773771911,0.05,True
18,16384,32768,3000.0,ensemble_mean_l1_bins_500,0.0021359369937048803,0.0007546050019620307,0.021986297021228476,0.01,False
18,16384,32768,3000.0,golovin_relative_error_radius_moment_0_m3,0.002119471252625711,-0.006586393816135752,0.010825336321387175,0.05,True
18,16384,32768,3000.0,golovin_relative_error_radius_moment_6_um6_m3,0.007043881161207308,-0.035126465231244144,0.04921422755365876,0.05,True
18,16384,32768,3600.0,ensemble_mean_l1_bins_500,0.005348978564942396,0.0025166984212065683,0.02668475701296915,0.01,False
18,16384,32768,3600.0,golovin_relative_error_radius_moment_0_m3,0.002085467647579744,-0.006736483398619977,0.010907418693779465,0.05,True
18,16384,32768,3600.0,golovin_relative_error_radius_moment_6_um6_m3,-0.006194628109735574,-0.06140418033827341,0.04901492411880226,0.05,False
18,32768,65536,600.0,ensemble_mean_l1_bins_500,0.004128061565405553,0.0011670725300628982,0.013586890066066438,0.01,False
18,32768,65536,600.0,golovin_relative_error_radius_moment_0_m3,0.002110027418174125,-0.0021442937919215746,0.006364348628269825,0.05,True
18,32768,65536,600.0,golovin_relative_error_radius_moment_6_um6_m3,-0.005308097953690396,-0.01736945944779922,0.0067532635404184286,0.05,True
18,32768,65536,1200.0,ensemble_mean_l1_bins_500,0.0033165862281304154,0.0010768019585649412,0.012915720526386981,0.01,False
18,32768,65536,1200.0,golovin_relative_error_radius_moment_0_m3,-0.00021531732888159017,-0.00573887778852834,0.00530824313076516,0.05,True
18,32768,65536,1200.0,golovin_relative_error_radius_moment_6_um6_m3,-0.005829066211151308,-0.024469963586824014,0.012811831164521396,0.05,True
18,32768,65536,1800.0,ensemble_mean_l1_bins_500,0.0022106959658821177,0.001337557427797598,0.012906653438011935,0.01,False
18,32768,65536,1800.0,golovin_relative_error_radius_moment_0_m3,-0.0005116366193819945,-0.006797039432869405,0.005773766194105415,0.05,True
18,32768,65536,1800.0,golovin_relative_error_radius_moment_6_um6_m3,-0.004109276868206422,-0.026382741571990956,0.018164187835578112,0.05,True
18,32768,65536,2400.0,ensemble_mean_l1_bins_500,0.0029214316708307247,0.0012745595636988888,0.013582340523205099,0.01,False
18,32768,65536,2400.0,golovin_relative_error_radius_moment_0_m3,-0.0008068765792259502,-0.007243934307112067,0.005630181148660167,0.05,True
18,32768,65536,2400.0,golovin_relative_error_radius_moment_6_um6_m3,-0.006609878357270577,-0.033179312823752326,0.01995955610921117,0.05,True
18,32768,65536,3000.0,ensemble_mean_l1_bins_500,0.005770418455639723,0.003136497629489966,0.017908632827908687,0.01,False
18,32768,65536,3000.0,golovin_relative_error_radius_moment_0_m3,-0.000476973385106203,-0.007162647250341701,0.006208700480129294,0.05,True
18,32768,65536,3000.0,golovin_relative_error_radius_moment_6_um6_m3,-0.0059289581581573264,-0.03733350665718152,0.02547559034086687,0.05,True
18,32768,65536,3600.0,ensemble_mean_l1_bins_500,0.005294262234892724,0.002153759427465991,0.019847360297693305,0.01,False
18,32768,65536,3600.0,golovin_relative_error_radius_moment_0_m3,-0.0006184310353840617,-0.00728407286662927,0.006047210795861146,0.05,True
18,32768,65536,3600.0,golovin_relative_error_radius_moment_6_um6_m3,-0.005842607661894012,-0.04117996529668851,0.02949474997290049,0.05,True
18,65536,131072,600.0,ensemble_mean_l1_bins_500,0.0022743987140059945,0.0011106823580366654,0.009737887945728154,0.01,True
18,65536,131072,600.0,golovin_relative_error_radius_moment_0_m3,-0.0022571724052171806,-0.005313320172880777,0.0007989753624464157,0.05,True
18,65536,131072,600.0,golovin_relative_error_radius_moment_6_um6_m3,-0.0003480841588496531,-0.008469230129973306,0.007773061812274,0.05,True
18,65536,131072,1200.0,ensemble_mean_l1_bins_500,0.0018120146021446447,0.0006350634162364551,0.009425368798410947,0.01,True
18,65536,131072,1200.0,golovin_relative_error_radius_moment_0_m3,-0.002388720251492169,-0.00647316812598063,0.0016957276229962923,0.05,True
18,65536,131072,1200.0,golovin_relative_error_radius_moment_6_um6_m3,0.003932841125203463,-0.007888859272189727,0.015754541522596654,0.05,True
18,65536,131072,1800.0,ensemble_mean_l1_bins_500,0.0029760395838790577,0.0017923377439399023,0.009952077483555304,0.01,True
18,65536,131072,1800.0,golovin_relative_error_radius_moment_0_m3,-0.0017948561576964827,-0.006275254227212485,0.0026855419118195197,0.05,True
18,65536,131072,1800.0,golovin_relative_error_radius_moment_6_um6_m3,0.0024392991328900473,-0.011617962046163631,0.016496560311943725,0.05,True
18,65536,131072,2400.0,ensemble_mean_l1_bins_500,0.002915254703770369,0.0013520136033755932,0.010136573026140735,0.01,False
18,65536,131072,2400.0,golovin_relative_error_radius_moment_0_m3,-0.0012539710839893203,-0.005966078539335061,0.00345813637135642,0.05,True
18,65536,131072,2400.0,golovin_relative_error_radius_moment_6_um6_m3,0.0016295257509943118,-0.015347895303045405,0.018606946805034028,0.05,True
18,65536,131072,3000.0,ensemble_mean_l1_bins_500,0.00402507820412765,0.0017012652171355738,0.012297710717881974,0.01,False
18,65536,131072,3000.0,golovin_relative_error_radius_moment_0_m3,-0.0009783010397904968,-0.005746045334177425,0.003789443254596431,0.05,True
18,65536,131072,3000.0,golovin_relative_error_radius_moment_6_um6_m3,0.0033484677999073243,-0.0152498025337537,0.02194673813356835,0.05,True
18,65536,131072,3600.0,ensemble_mean_l1_bins_500,0.005604289643961436,0.0022430582377816056,0.014996493860445048,0.01,False
18,65536,131072,3600.0,golovin_relative_error_radius_moment_0_m3,-0.0008456269565198626,-0.0056398218685249435,0.003948567955485218,0.05,True
18,65536,131072,3600.0,golovin_relative_error_radius_moment_6_um6_m3,0.010087571690162656,-0.011797455653419442,0.031972599033744754,0.05,True
18,131072,262144,600.0,ensemble_mean_l1_bins_500,0.002497011719437583,0.0008943375991278914,0.006867753796039537,0.01,True
18,131072,262144,600.0,golovin_relative_error_radius_moment_0_m3,0.00016382287507628714,-0.0018362355584886645,0.0021638813086412387,0.05,True
18,131072,262144,600.0,golovin_relative_error_radius_moment_6_um6_m3,0.0008865077998372172,-0.005160144982093158,0.006933160581767592,0.05,True
18,131072,262144,1200.0,ensemble_mean_l1_bins_500,0.0008464294219957093,0.00032144972450716375,0.006258403061241746,0.01,True
18,131072,262144,1200.0,golovin_relative_error_radius_moment_0_m3,-8.657924200521582e-05,-0.0027308454368121845,0.0025576869528017533,0.05,True
18,131072,262144,1200.0,golovin_relative_error_radius_moment_6_um6_m3,7.791571862661006e-06,-0.008963991442783443,0.008979574586508766,0.05,True
18,131072,262144,1800.0,ensemble_mean_l1_bins_500,0.0012721035654429773,0.0001351880796336194,0.005645267012076715,0.01,True
18,131072,262144,1800.0,golovin_relative_error_radius_moment_0_m3,0.0002146955392887162,-0.0029120177952243675,0.0033414088738017997,0.05,True
18,131072,262144,1800.0,golovin_relative_error_radius_moment_6_um6_m3,0.0013788689827167588,-0.008417392036542518,0.011175130001976036,0.05,True
18,131072,262144,2400.0,ensemble_mean_l1_bins_500,0.001735620714457784,0.0008994172408989772,0.0071037117375719275,0.01,True
18,131072,262144,2400.0,golovin_relative_error_radius_moment_0_m3,-4.2403988575356226e-07,-0.0032123729206863633,0.003211524840914856,0.05,True
18,131072,262144,2400.0,golovin_relative_error_radius_moment_6_um6_m3,0.0014596419037190356,-0.011514083888078772,0.014433367695516845,0.05,True
18,131072,262144,3000.0,ensemble_mean_l1_bins_500,0.0027775652188570202,0.0011472191948924202,0.008886195997808976,0.01,True
18,131072,262144,3000.0,golovin_relative_error_radius_moment_0_m3,-0.00038104480703589957,-0.003640110435509734,0.002878020821437935,0.05,True
18,131072,262144,3000.0,golovin_relative_error_radius_moment_6_um6_m3,-0.0016255043479852008,-0.015536603741291342,0.01228559504532094,0.05,True
18,131072,262144,3600.0,ensemble_mean_l1_bins_500,0.0017254934217523984,0.0006461468288305124,0.009767140220202818,0.01,True
18,131072,262144,3600.0,golovin_relative_error_radius_moment_0_m3,-0.0005136906947181564,-0.0038493799626987697,0.0028219985732624566,0.05,True
18,131072,262144,3600.0,golovin_relative_error_radius_moment_6_um6_m3,-0.0049779613673325345,-0.02163756948464191,0.011681646749976838,0.05,True
18,262144,524288,600.0,ensemble_mean_l1_bins_500,0.0007355156887138433,9.089531874007913e-05,0.004459727377157664,0.01,True
18,262144,524288,600.0,golovin_relative_error_radius_moment_0_m3,0.00040141646928275597,-0.0009400371133866465,0.0017428700519521586,0.05,True
18,262144,524288,600.0,golovin_relative_error_radius_moment_6_um6_m3,-0.0014727588055359676,-0.005583386888869977,0.0026378692777980412,0.05,True
18,262144,524288,1200.0,ensemble_mean_l1_bins_500,0.0017338786552034127,0.0006387061631697436,0.0046990699568754445,0.01,True
18,262144,524288,1200.0,golovin_relative_error_radius_moment_0_m3,0.0004847951379755466,-0.0011385407319905107,0.002108131007941604,0.05,True
18,262144,524288,1200.0,golovin_relative_error_radius_moment_6_um6_m3,-0.0025171231595888036,-0.009053652029022613,0.004019405709845005,0.05,True
18,262144,524288,1800.0,ensemble_mean_l1_bins_500,6.46959507032141e-05,-0.00026950535479383625,0.00356550118752522,0.01,True
18,262144,524288,1800.0,golovin_relative_error_radius_moment_0_m3,0.0003837102741382026,-0.0014799183452386519,0.002247338893515057,0.05,True
18,262144,524288,1800.0,golovin_relative_error_radius_moment_6_um6_m3,-0.00348228201715288,-0.010946872876488642,0.003982308842182881,0.05,True
18,262144,524288,2400.0,ensemble_mean_l1_bins_500,0.0006598738745946893,0.0003617392622188335,0.0046211395032610654,0.01,True
18,262144,524288,2400.0,golovin_relative_error_radius_moment_0_m3,0.0004035918554146756,-0.001569010516063408,0.0023761942268927592,0.05,True
18,262144,524288,2400.0,golovin_relative_error_radius_moment_6_um6_m3,-0.0037443082844848875,-0.012985316890446106,0.005496700321476332,0.05,True
18,262144,524288,3000.0,ensemble_mean_l1_bins_500,0.001516543545350411,0.0006301604226489497,0.006040769411775369,0.01,True
18,262144,524288,3000.0,golovin_relative_error_radius_moment_0_m3,0.0007277641279180336,-0.0012639449303635123,0.0027194731861995792,0.05,True
18,262144,524288,3000.0,golovin_relative_error_radius_moment_6_um6_m3,-0.0038374098021472934,-0.014192296710683736,0.00651747710638915,0.05,True
18,262144,524288,3600.0,ensemble_mean_l1_bins_500,0.0032703426268106423,0.0014100025353942502,0.007940614486637364,0.01,True
18,262144,524288,3600.0,golovin_relative_error_radius_moment_0_m3,0.0007689713332399318,-0.0012363780196470579,0.002774320686126921,0.05,True
18,262144,524288,3600.0,golovin_relative_error_radius_moment_6_um6_m3,-0.005357345645719678,-0.018555253431202783,0.007840562139763429,0.05,True
18,524288,1048576,600.0,ensemble_mean_l1_bins_500,0.0010780850054800933,0.0004655183695673895,0.003500843964698335,0.01,True
18,524288,1048576,600.0,golovin_relative_error_radius_moment_0_m3,-8.31498148549792e-05,-0.0011058852586779393,0.0009395856289679808,0.05,True
18,524288,1048576,600.0,golovin_relative_error_radius_moment_6_um6_m3,0.0012328279854281511,-0.0014302399578929315,0.0038958959287492337,0.05,True
18,524288,1048576,1200.0,ensemble_mean_l1_bins_500,0.0009844293107363067,0.0004341964433145434,0.0034618367364917676,0.01,True
18,524288,1048576,1200.0,golovin_relative_error_radius_moment_0_m3,0.0004598926614633192,-0.0008116921133243073,0.0017314774362509457,0.05,True
18,524288,1048576,1200.0,golovin_relative_error_radius_moment_6_um6_m3,0.0014552631040591346,-0.002842592673188967,0.005753118881307236,0.05,True
18,524288,1048576,1800.0,ensemble_mean_l1_bins_500,0.0010559623399274479,0.00024660284863395993,0.002967961137560696,0.01,True
18,524288,1048576,1800.0,golovin_relative_error_radius_moment_0_m3,0.00044236324496952587,-0.0009442503538916803,0.001828976843830732,0.05,True
18,524288,1048576,1800.0,golovin_relative_error_radius_moment_6_um6_m3,0.001893796506546459,-0.0027344321355031297,0.006522025148596048,0.05,True
18,524288,1048576,2400.0,ensemble_mean_l1_bins_500,0.0007962183811570352,0.00039655216722639077,0.0029307704066564126,0.01,True
18,524288,1048576,2400.0,golovin_relative_error_radius_moment_0_m3,0.0002887796449694635,-0.001174422506821235,0.001751981796760162,0.05,True
18,524288,1048576,2400.0,golovin_relative_error_radius_moment_6_um6_m3,0.0021344281150293297,-0.003484268791808719,0.007753125021867378,0.05,True
18,524288,1048576,3000.0,ensemble_mean_l1_bins_500,0.0008141929583655801,0.0002518018826016844,0.0039751120318622536,0.01,True
18,524288,1048576,3000.0,golovin_relative_error_radius_moment_0_m3,0.00020163086389133998,-0.001270326150410078,0.001673587878192758,0.05,True
18,524288,1048576,3000.0,golovin_relative_error_radius_moment_6_um6_m3,0.0024725315069291432,-0.00450783976244945,0.009452902776307738,0.05,True
18,524288,1048576,3600.0,ensemble_mean_l1_bins_500,0.0010994792830759216,0.0005926978379045822,0.005034794319859027,0.01,True
18,524288,1048576,3600.0,golovin_relative_error_radius_moment_0_m3,0.00019295888261293247,-0.0012944162929280694,0.0016803340581539343,0.05,True
18,524288,1048576,3600.0,golovin_relative_error_radius_moment_6_um6_m3,0.002438405528546057,-0.006593820886475565,0.011470631943567679,0.05,True
19,4096,8192,600.0,ensemble_mean_l1_bins_500,0.010646443679656024,0.0037579333565999173,0.03628247299337673,0.01,False
19,4096,8192,600.0,golovin_relative_error_radius_moment_0_m3,0.002918019986929295,-0.010048012271741222,0.01588405224559981,0.05,True
19,4096,8192,600.0,golovin_relative_error_radius_moment_6_um6_m3,-0.009391378343555325,-0.040628269205120165,0.02184551251800951,0.05,True
19,4096,8192,1200.0,ensemble_mean_l1_bins_500,0.01032932340727128,0.004035289952635719,0.036778806483269914,0.01,False
19,4096,8192,1200.0,golovin_relative_error_radius_moment_0_m3,0.0011462970863592092,-0.01348245928568691,0.01577505345840533,0.05,True
19,4096,8192,1200.0,golovin_relative_error_radius_moment_6_um6_m3,-0.009496849491848577,-0.05803026743156452,0.03903656844786736,0.05,False
19,4096,8192,1800.0,ensemble_mean_l1_bins_500,0.010539323146189473,0.004121617780693118,0.036185714033862455,0.01,False
19,4096,8192,1800.0,golovin_relative_error_radius_moment_0_m3,-0.002686110060303406,-0.018585613901251536,0.013213393780644723,0.05,True
19,4096,8192,1800.0,golovin_relative_error_radius_moment_6_um6_m3,-0.005732354361670149,-0.06504672126893934,0.05358201254559905,0.05,False
19,4096,8192,2400.0,ensemble_mean_l1_bins_500,0.014121665108384713,0.006478636714583328,0.041164051912082125,0.01,False
19,4096,8192,2400.0,golovin_relative_error_radius_moment_0_m3,-0.0015882544173717438,-0.018924786954830346,0.015748278120086855,0.05,True
19,4096,8192,2400.0,golovin_relative_error_radius_moment_6_um6_m3,0.0011396646773432668,-0.0667532769576568,0.06903260631234333,0.05,False
19,4096,8192,3000.0,ensemble_mean_l1_bins_500,0.016170966190678197,0.004391363339499449,0.045761468394499134,0.01,False
19,4096,8192,3000.0,golovin_relative_error_radius_moment_0_m3,-7.9981786087523e-06,-0.017328210059444706,0.017312213702227203,0.05,True
19,4096,8192,3000.0,golovin_relative_error_radius_moment_6_um6_m3,0.009258408735591106,-0.07733247206697244,0.09584928953815466,0.05,False
19,4096,8192,3600.0,ensemble_mean_l1_bins_500,0.01523766158126355,0.006674513888181524,0.05406288128007061,0.01,False
19,4096,8192,3600.0,golovin_relative_error_radius_moment_0_m3,0.00011808026243442554,-0.01736968782097207,0.01760584834584092,0.05,True
19,4096,8192,3600.0,golovin_relative_error_radius_moment_6_um6_m3,-0.011400566122131662,-0.10999761718698987,0.08719648494272654,0.05,False
19,8192,16384,600.0,ensemble_mean_l1_bins_500,0.00447613162721236,0.001017267763913459,0.024902340389845797,0.01,False
19,8192,16384,600.0,golovin_relative_error_radius_moment_0_m3,-0.0005037539747149311,-0.008900297191688677,0.007892789242258814,0.05,True
19,8192,16384,600.0,golovin_relative_error_radius_moment_6_um6_m3,-0.006482440720361811,-0.03208960202732289,0.019124720586599264,0.05,True
19,8192,16384,1200.0,ensemble_mean_l1_bins_500,0.011324354208979644,0.004167152737228428,0.02736406791803636,0.01,False
19,8192,16384,1200.0,golovin_relative_error_radius_moment_0_m3,-0.0025524423585875965,-0.013320658301679788,0.008215773584504597,0.05,True
19,8192,16384,1200.0,golovin_relative_error_radius_moment_6_um6_m3,0.0025103638737196702,-0.032711703323340405,0.03773243107077974,0.05,True
19,8192,16384,1800.0,ensemble_mean_l1_bins_500,0.00480244635985496,0.002751033606751924,0.02541899641332932,0.01,False
19,8192,16384,1800.0,golovin_relative_error_radius_moment_0_m3,-0.0011936271905278305,-0.012678519549803792,0.010291265168748131,0.05,True
19,8192,16384,1800.0,golovin_relative_error_radius_moment_6_um6_m3,-0.0013483605455431504,-0.045339641085415334,0.04264291999432903,0.05,True
19,8192,16384,2400.0,ensemble_mean_l1_bins_500,0.00466168817817194,0.002112892744290469,0.027035409822627206,0.01,False
19,8192,16384,2400.0,golovin_relative_error_radius_moment_0_m3,0.0016517359100811733,-0.010863581175241607,0.014167052995403953,0.05,True
19,8192,16384,2400.0,golovin_relative_error_radius_moment_6_um6_m3,-0.010217970884599333,-0.061332910852416024,0.04089696908321736,0.05,False
19,8192,16384,3000.0,ensemble_mean_l1_bins_500,0.012827281353564531,0.0066877751150294295,0.03669080265701643,0.01,False
19,8192,16384,3000.0,golovin_relative_error_radius_moment_0_m3,0.000918970439858131,-0.011299757427097167,0.013137698306813429,0.05,True
19,8192,16384,3000.0,golovin_relative_error_radius_moment_6_um6_m3,-0.006490784661598115,-0.06561349411753623,0.05263192479434,0.05,False
19,8192,16384,3600.0,ensemble_mean_l1_bins_500,0.013202520108023919,0.006559618870710322,0.04030322255709556,0.01,False
19,8192,16384,3600.0,golovin_relative_error_radius_moment_0_m3,0.0010989830137686663,-0.011240791413268529,0.013438757440805861,0.05,True
19,8192,16384,3600.0,golovin_relative_error_radius_moment_6_um6_m3,0.009531054400332403,-0.06792379849491399,0.0869859072955788,0.05,False
19,16384,32768,600.0,ensemble_mean_l1_bins_500,0.006161136760722852,0.0023830204643343375,0.01945680306911228,0.01,False
19,16384,32768,600.0,golovin_relative_error_radius_moment_0_m3,-8.014604561796591e-05,-0.005696241257000459,0.005535949165764528,0.05,True
19,16384,32768,600.0,golovin_relative_error_radius_moment_6_um6_m3,0.01173651583644503,-0.007135141099844991,0.030608172772735052,0.05,True
19,16384,32768,1200.0,ensemble_mean_l1_bins_500,0.005853257028353542,0.003422477295403655,0.01971329825401381,0.01,False
19,16384,32768,1200.0,golovin_relative_error_radius_moment_0_m3,0.0040571288564103655,-0.0027578074843834883,0.010872065197204218,0.05,True
19,16384,32768,1200.0,golovin_relative_error_radius_moment_6_um6_m3,0.009304513644161018,-0.01803309768252915,0.03664212497085119,0.05,True
19,16384,32768,1800.0,ensemble_mean_l1_bins_500,0.0072090668655704175,0.0030344747114659683,0.01905564878787797,0.01,False
19,16384,32768,1800.0,golovin_relative_error_radius_moment_0_m3,0.0034602455734436075,-0.004730767360015979,0.011651258506903194,0.05,True
19,16384,32768,1800.0,golovin_relative_error_radius_moment_6_um6_m3,0.007117916265123314,-0.024781151160910946,0.039016983691157574,0.05,True
19,16384,32768,2400.0,ensemble_mean_l1_bins_500,0.00751030049743337,0.004014370683790037,0.021232924751066088,0.01,False
19,16384,32768,2400.0,golovin_relative_error_radius_moment_0_m3,0.0024852759826798354,-0.00577574020258897,0.01074629216794864,0.05,True
19,16384,32768,2400.0,golovin_relative_error_radius_moment_6_um6_m3,0.009559972069699996,-0.025126673178803828,0.04424661731820382,0.05,True
19,16384,32768,3000.0,ensemble_mean_l1_bins_500,0.0021359369937048803,0.0009864529445099822,0.021349950601983445,0.01,False
19,16384,32768,3000.0,golovin_relative_error_radius_moment_0_m3,0.002119471252625711,-0.0063360456829096076,0.01057498818816103,0.05,True
19,16384,32768,3000.0,golovin_relative_error_radius_moment_6_um6_m3,0.007043881161207308,-0.03391555508008446,0.04800331740249907,0.05,True
19,16384,32768,3600.0,ensemble_mean_l1_bins_500,0.005348978564942396,0.0024907061501415564,0.026203820140695666,0.01,False
19,16384,32768,3600.0,golovin_relative_error_radius_moment_0_m3,0.002085467647579744,-0.006482617336578317,0.010653552631737805,0.05,True
19,16384,32768,3600.0,golovin_relative_error_radius_moment_6_um6_m3,-0.006194628109735574,-0.05980416572010154,0.04741490950063039,0.05,False
19,32768,65536,600.0,ensemble_mean_l1_bins_500,0.004128061565405553,0.001256646260468388,0.013266143190857671,0.01,False
19,32768,65536,600.0,golovin_relative_error_radius_moment_0_m3,0.002110027418174125,-0.002021643987564126,0.006241698823912376,0.05,True
19,32768,65536,600.0,golovin_relative_error_radius_moment_6_um6_m3,-0.005308097953690396,-0.01701923356876152,0.006403037661380727,0.05,True
19,32768,65536,1200.0,ensemble_mean_l1_bins_500,0.0033165862281304154,0.0010226086667896202,0.012560620247910045,0.01,False
19,32768,65536,1200.0,golovin_relative_error_radius_moment_0_m3,-0.00021531732888159017,-0.005579854466331156,0.0051492198085679765,0.05,True
19,32768,65536,1200.0,golovin_relative_error_radius_moment_6_um6_m3,-0.005829066211151308,-0.023926699643317534,0.012268567221014916,0.05,True
19,32768,65536,1800.0,ensemble_mean_l1_bins_500,0.0022106959658821177,0.001381824108288663,0.012589042110541761,0.01,False
19,32768,65536,1800.0,golovin_relative_error_radius_moment_0_m3,-0.0005116366193819945,-0.006615286224696602,0.005592012985932613,0.05,True
19,32768,65536,1800.0,golovin_relative_error_radius_moment_6_um6_m3,-0.004109276868206422,-0.025735921323229827,0.017517367586816983,0.05,True
19,32768,65536,2400.0,ensemble_mean_l1_bins_500,0.0029214316708307247,0.0011317770418163384,0.01331852962273467,0.01,False
19,32768,65536,2400.0,golovin_relative_error_radius_moment_0_m3,-0.0008068765792259502,-0.007058302746184842,0.005444549587732942,0.05,True
19,32768,65536,2400.0,golovin_relative_error_radius_moment_6_um6_m3,-0.006609878357270577,-0.03240534390443878,0.01918558718989762,0.05,True
19,32768,65536,3000.0,ensemble_mean_l1_bins_500,0.005770418455639723,0.0030085762863005373,0.017510704875120957,0.01,False
19,32768,65536,3000.0,golovin_relative_error_radius_moment_0_m3,-0.000476973385106203,-0.006969508992250987,0.006015562222038581,0.05,True
19,32768,65536,3000.0,golovin_relative_error_radius_moment_6_um6_m3,-0.0059289581581573264,-0.03641478195948847,0.024556865643173813,0.05,True
19,32768,65536,3600.0,ensemble_mean_l1_bins_500,0.005294262234892724,0.002122250082100557,0.01936344903787869,0.01,False
19,32768,65536,3600.0,golovin_relative_error_radius_moment_0_m3,-0.0006184310353840617,-0.0070914650113976735,0.0058546029406295495,0.05,True
19,32768,65536,3600.0,golovin_relative_error_radius_moment_6_um6_m3,-0.005842607661894012,-0.04014998953416072,0.028464774210372697,0.05,True
19,65536,131072,600.0,ensemble_mean_l1_bins_500,0.0022743987140059945,0.0011351429856477763,0.00956697570579817,0.01,True
19,65536,131072,600.0,golovin_relative_error_radius_moment_0_m3,-0.0022571724052171806,-0.005224788304975685,0.0007104434945413235,0.05,True
19,65536,131072,600.0,golovin_relative_error_radius_moment_6_um6_m3,-0.0003480841588496531,-0.008235434084606068,0.007539265766906763,0.05,True
19,65536,131072,1200.0,ensemble_mean_l1_bins_500,0.0018120146021446447,0.000633275432304763,0.009172609499965723,0.01,True
19,65536,131072,1200.0,golovin_relative_error_radius_moment_0_m3,-0.002388720251492169,-0.00635492400892583,0.0015774835059414916,0.05,True
19,65536,131072,1200.0,golovin_relative_error_radius_moment_6_um6_m3,0.003932841125203463,-0.0075483225852656585,0.015414004835672585,0.05,True
19,65536,131072,1800.0,ensemble_mean_l1_bins_500,0.0029760395838790577,0.0018083808719352576,0.009679553071781477,0.01,True
19,65536,131072,1800.0,golovin_relative_error_radius_moment_0_m3,-0.0017948561576964827,-0.006146191466186103,0.002556479150793138,0.05,True
19,65536,131072,1800.0,golovin_relative_error_radius_moment_6_um6_m3,0.0024392991328900473,-0.011209667146479097,0.016088265412259193,0.05,True
19,65536,131072,2400.0,ensemble_mean_l1_bins_500,0.002915254703770369,0.0013833839195978353,0.009934470677423979,0.01,True
19,65536,131072,2400.0,golovin_relative_error_radius_moment_0_m3,-0.0012539710839893203,-0.005830055101676079,0.0033221129336974383,0.05,True
19,65536,131072,2400.0,golovin_relative_error_radius_moment_6_um6_m3,0.0016295257509943118,-0.01485887980363983,0.018117931305628453,0.05,True
19,65536,131072,3000.0,ensemble_mean_l1_bins_500,0.00402507820412765,0.001769102065259848,0.012004573464049244,0.01,False
19,65536,131072,3000.0,golovin_relative_error_radius_moment_0_m3,-0.0009783010397904968,-0.005608469321692018,0.003651867242111025,0.05,True
19,65536,131072,3000.0,golovin_relative_error_radius_moment_6_um6_m3,0.0033484677999073243,-0.014713273309368093,0.021410208909182743,0.05,True
19,65536,131072,3600.0,ensemble_mean_l1_bins_500,0.005604289643961436,0.00230592990337618,0.014715865898847293,0.01,False
19,65536,131072,3600.0,golovin_relative_error_radius_moment_0_m3,-0.0008456269565198626,-0.005501681214539306,0.0038104273014995804,0.05,True
19,65536,131072,3600.0,golovin_relative_error_radius_moment_6_um6_m3,0.010087571690162656,-0.011165401999158726,0.03134054537948404,0.05,True
19,131072,262144,600.0,ensemble_mean_l1_bins_500,0.002497011719437583,0.0009174290514698516,0.006712471860782366,0.01,True
19,131072,262144,600.0,golovin_relative_error_radius_moment_0_m3,0.00016382287507628714,-0.001778135533166894,0.0021057812833194683,0.05,True
19,131072,262144,600.0,golovin_relative_error_radius_moment_6_um6_m3,0.0008865077998372172,-0.004985255408778534,0.006758271008452968,0.05,True
19,131072,262144,1200.0,ensemble_mean_l1_bins_500,0.0008464294219957093,0.000356941877712719,0.006115437962542185,0.01,True
19,131072,262144,1200.0,golovin_relative_error_radius_moment_0_m3,-8.657924200521582e-05,-0.0026536833859530174,0.002480524901942586,0.05,True
19,131072,262144,1200.0,golovin_relative_error_radius_moment_6_um6_m3,7.791571862661006e-06,-0.008705495357020369,0.008721078500745692,0.05,True
19,131072,262144,1800.0,ensemble_mean_l1_bins_500,0.0012721035654429773,0.00011266638899757587,0.0054845020274655555,0.01,True
19,131072,262144,1800.0,golovin_relative_error_radius_moment_0_m3,0.0002146955392887162,-0.002820605017348242,0.0032499960959256743,0.05,True
19,131072,262144,1800.0,golovin_relative_error_radius_moment_6_um6_m3,0.0013788689827167588,-0.008136156740473226,0.010893894705906744,0.05,True
19,131072,262144,2400.0,ensemble_mean_l1_bins_500,0.001735620714457784,0.0009384609902464297,0.006927786293844588,0.01,True
19,131072,262144,2400.0,golovin_relative_error_radius_moment_0_m3,-4.2403988575356226e-07,-0.0031187703038271742,0.0031179222240556668,0.05,True
19,131072,262144,2400.0,golovin_relative_error_radius_moment_6_um6_m3,0.0014596419037190356,-0.011140490764776474,0.014059774572214547,0.05,True
19,131072,262144,3000.0,ensemble_mean_l1_bins_500,0.0027775652188570202,0.0011259541358063535,0.008663645123259539,0.01,True
19,131072,262144,3000.0,golovin_relative_error_radius_moment_0_m3,-0.00038104480703589957,-0.0035450527718246068,0.0027829631577528076,0.05,True
19,131072,262144,3000.0,golovin_relative_error_radius_moment_6_um6_m3,-0.0016255043479852008,-0.01513623927910897,0.011885230583138567,0.05,True
19,131072,262144,3600.0,ensemble_mean_l1_bins_500,0.0017254934217523984,0.0007538587770881324,0.009524177278730289,0.01,True
19,131072,262144,3600.0,golovin_relative_error_radius_moment_0_m3,-0.0005136906947181564,-0.0037519105415875025,0.0027245291521511895,0.05,True
19,131072,262144,3600.0,golovin_relative_error_radius_moment_6_um6_m3,-0.0049779613673325345,-0.021159320066802715,0.011203397332137644,0.05,True
19,262144,524288,600.0,ensemble_mean_l1_bins_500,0.0007355156887138433,0.00010622541145945935,0.0043521349144569265,0.01,True
19,262144,524288,600.0,golovin_relative_error_radius_moment_0_m3,0.00040141646928275597,-0.0009014268384333645,0.0017042597769988765,0.05,True
19,262144,524288,600.0,golovin_relative_error_radius_moment_6_um6_m3,-0.0014727588055359676,-0.005464280159926704,0.0025187625488547684,0.05,True
19,262144,524288,1200.0,ensemble_mean_l1_bins_500,0.0017338786552034127,0.0006187165738150833,0.004602572506053137,0.01,True
19,262144,524288,1200.0,golovin_relative_error_radius_moment_0_m3,0.0004847951379755466,-0.0010917062128683198,0.002061296488819413,0.05,True
19,262144,524288,1200.0,golovin_relative_error_radius_moment_6_um6_m3,-0.0025171231595888036,-0.008864403075384797,0.00383015675620719,0.05,True
19,262144,524288,1800.0,ensemble_mean_l1_bins_500,6.46959507032141e-05,-0.00026850914896298274,0.0034609712602134135,0.01,True
19,262144,524288,1800.0,golovin_relative_error_radius_moment_0_m3,0.0003837102741382026,-0.0014261375284107406,0.0021935580766871457,0.05,True
19,262144,524288,1800.0,golovin_relative_error_radius_moment_6_um6_m3,-0.00348228201715288,-0.010729417666531661,0.003764853632225901,0.05,True
19,262144,524288,2400.0,ensemble_mean_l1_bins_500,0.0006598738745946893,0.00033723471002022117,0.004478664647101248,0.01,True
19,262144,524288,2400.0,golovin_relative_error_radius_moment_0_m3,0.0004035918554146756,-0.001511952864846078,0.002319136575675429,0.05,True
19,262144,524288,2400.0,golovin_relative_error_radius_moment_6_um6_m3,-0.0037443082844848875,-0.012716069929629235,0.005227453360659461,0.05,True
19,262144,524288,3000.0,ensemble_mean_l1_bins_500,0.001516543545350411,0.0006488521789973018,0.005913326983346347,0.01,True
19,262144,524288,3000.0,golovin_relative_error_radius_moment_0_m3,0.0007277641279180336,-0.0012063978505822141,0.0026619261064182815,0.05,True
19,262144,524288,3000.0,golovin_relative_error_radius_moment_6_um6_m3,-0.0038374098021472934,-0.013892526760198335,0.006217707155903749,0.05,True
19,262144,524288,3600.0,ensemble_mean_l1_bins_500,0.0032703426268106423,0.001441807173959591,0.00781668431663709,0.01,True
19,262144,524288,3600.0,golovin_relative_error_radius_moment_0_m3,0.0007689713332399318,-0.0011785122684235163,0.0027164549349033796,0.05,True
19,262144,524288,3600.0,golovin_relative_error_radius_moment_6_um6_m3,-0.005357345645719678,-0.01817346900067778,0.007458777709238422,0.05,True
19,524288,1048576,600.0,ensemble_mean_l1_bins_500,0.0010780850054800933,0.0004691127779025877,0.0034126926546553184,0.01,True
19,524288,1048576,600.0,golovin_relative_error_radius_moment_0_m3,-8.31498148549792e-05,-0.001076382019965206,0.0009100823902552477,0.05,True
19,524288,1048576,600.0,golovin_relative_error_radius_moment_6_um6_m3,0.0012328279854281511,-0.0013527776540097824,0.0038184336248660846,0.05,True
19,524288,1048576,1200.0,ensemble_mean_l1_bins_500,0.0009844293107363067,0.00043986902242542075,0.0033896257725393197,0.01,True
19,524288,1048576,1200.0,golovin_relative_error_radius_moment_0_m3,0.0004598926614633192,-0.0007752078368900939,0.0016949931598167322,0.05,True
19,524288,1048576,1200.0,golovin_relative_error_radius_moment_6_um6_m3,0.0014552631040591346,-0.0027176498309871506,0.00562817603910542,0.05,True
19,524288,1048576,1800.0,ensemble_mean_l1_bins_500,0.0010559623399274479,0.0002625831378829398,0.0029082125874595245,0.01,True
19,524288,1048576,1800.0,golovin_relative_error_radius_moment_0_m3,0.00044236324496952587,-0.0009043449856566514,0.0017890714755957032,0.05,True
19,524288,1048576,1800.0,golovin_relative_error_radius_moment_6_um6_m3,0.001893796506546459,-0.002600645219280451,0.006388238232373369,0.05,True
19,524288,1048576,2400.0,ensemble_mean_l1_bins_500,0.0007962183811570352,0.0004196310655298194,0.0028674563320336306,0.01,True
19,524288,1048576,2400.0,golovin_relative_error_radius_moment_0_m3,0.0002887796449694635,-0.0011324153737294613,0.0017099746636683884,0.05,True
19,524288,1048576,2400.0,golovin_relative_error_radius_moment_6_um6_m3,0.0021344281150293297,-0.0033214063877901826,0.007590262617848842,0.05,True
19,524288,1048576,3000.0,ensemble_mean_l1_bins_500,0.0008141929583655801,0.0002158342435632302,0.0038769836361324883,0.01,True
19,524288,1048576,3000.0,golovin_relative_error_radius_moment_0_m3,0.00020163086389133998,-0.001228010979084774,0.001631272706867454,0.05,True
19,524288,1048576,3000.0,golovin_relative_error_radius_moment_6_um6_m3,0.0024725315069291432,-0.004305770706028734,0.00925083371988702,0.05,True
19,524288,1048576,3600.0,ensemble_mean_l1_bins_500,0.0010994792830759216,0.0006728634470315046,0.004885877403632845,0.01,True
19,524288,1048576,3600.0,golovin_relative_error_radius_moment_0_m3,0.00019295888261293247,-0.001251593051948208,0.0016375108171740728,0.05,True
19,524288,1048576,3600.0,golovin_relative_error_radius_moment_6_um6_m3,0.002438405528546057,-0.006332488961254481,0.011209300018346595,0.05,True
20,4096,8192,600.0,ensemble_mean_l1_bins_500,0.010646443679656024,0.0036117678091453264,0.03534062826750579,0.01,False
20,4096,8192,600.0,golovin_relative_error_radius_moment_0_m3,0.002918019986929295,-0.009692691392821523,0.015528731366680112,0.05,True
20,4096,8192,600.0,golovin_relative_error_radius_moment_6_um6_m3,-0.009391378343555325,-0.03977992963058903,0.02099717294347838,0.05,True
20,4096,8192,1200.0,ensemble_mean_l1_bins_500,0.01032932340727128,0.003925573079969193,0.03622866723914797,0.01,False
20,4096,8192,1200.0,golovin_relative_error_radius_moment_0_m3,0.0011462970863592092,-0.01308498851277571,0.015377582685494127,0.05,True
20,4096,8192,1200.0,golovin_relative_error_radius_moment_6_um6_m3,-0.009496849491848577,-0.056702902944469474,0.03770920396077232,0.05,False
20,4096,8192,1800.0,ensemble_mean_l1_bins_500,0.010539323146189473,0.0041737790227195145,0.03556031127990764,0.01,False
20,4096,8192,1800.0,golovin_relative_error_radius_moment_0_m3,-0.002686110060303406,-0.018152262744780493,0.01278004262417368,0.05,True
20,4096,8192,1800.0,golovin_relative_error_radius_moment_6_um6_m3,-0.005732354361670149,-0.06343032208123946,0.05196561335789916,0.05,False
20,4096,8192,2400.0,ensemble_mean_l1_bins_500,0.014121665108384713,0.006782058262065098,0.04029280089223964,0.01,False
20,4096,8192,2400.0,golovin_relative_error_radius_moment_0_m3,-0.0015882544173717438,-0.018452946984340537,0.015276438149597052,0.05,True
20,4096,8192,2400.0,golovin_relative_error_radius_moment_6_um6_m3,0.0011396646773432668,-0.06490894771733179,0.06718827707201831,0.05,False
20,4096,8192,3000.0,ensemble_mean_l1_bins_500,0.016170966190678197,0.004270482346932635,0.04474580165235765,0.01,False
20,4096,8192,3000.0,golovin_relative_error_radius_moment_0_m3,-7.9981786087523e-06,-0.01685597117486724,0.016839974817649737,0.05,True
20,4096,8192,3000.0,golovin_relative_error_radius_moment_6_um6_m3,0.009258408735591106,-0.07496815002215221,0.09348496749333443,0.05,False
20,4096,8192,3600.0,ensemble_mean_l1_bins_500,0.01523766158126355,0.006501250502306885,0.052603597535567266,0.01,False
20,4096,8192,3600.0,golovin_relative_error_radius_moment_0_m3,0.00011808026243442554,-0.01689276824154148,0.01712892876641033,0.05,True
20,4096,8192,3600.0,golovin_relative_error_radius_moment_6_um6_m3,-0.011400566122131662,-0.10731982269129586,0.08451869044703253,0.05,False
20,8192,16384,600.0,ensemble_mean_l1_bins_500,0.00447613162721236,0.0010578104589694295,0.024225900353673505,0.01,False
20,8192,16384,600.0,golovin_relative_error_radius_moment_0_m3,-0.0005037539747149311,-0.00867011285632846,0.007662604906898598,0.05,True
20,8192,16384,600.0,golovin_relative_error_radius_moment_6_um6_m3,-0.006482440720361811,-0.03139338448493395,0.018428503044210332,0.05,True
20,8192,16384,1200.0,ensemble_mean_l1_bins_500,0.011324354208979644,0.004414503108083512,0.026648394714960333,0.01,False
20,8192,16384,1200.0,golovin_relative_error_radius_moment_0_m3,-0.0025524423585875965,-0.013023836950048984,0.007918952232873793,0.05,True
20,8192,16384,1200.0,golovin_relative_error_radius_moment_6_um6_m3,0.0025103638737196702,-0.031754921802030746,0.03677564954947008,0.05,True
20,8192,16384,1800.0,ensemble_mean_l1_bins_500,0.00480244635985496,0.0028062587403800835,0.024819654017583338,0.01,False
20,8192,16384,1800.0,golovin_relative_error_radius_moment_0_m3,-0.0011936271905278305,-0.012364551337954182,0.00997729695689852,0.05,True
20,8192,16384,1800.0,golovin_relative_error_radius_moment_6_um6_m3,-0.0013483605455431504,-0.0441405546738935,0.0414438335828072,0.05,True
20,8192,16384,2400.0,ensemble_mean_l1_bins_500,0.00466168817817194,0.0021071231682631302,0.02615738486286955,0.01,False
20,8192,16384,2400.0,golovin_relative_error_radius_moment_0_m3,0.0016517359100811733,-0.010519842865343998,0.013823314685506344,0.05,True
20,8192,16384,2400.0,golovin_relative_error_radius_moment_6_um6_m3,-0.010217970884599333,-0.05992918701835562,0.039493245249156955,0.05,False
20,8192,16384,3000.0,ensemble_mean_l1_bins_500,0.012827281353564531,0.006934766352557751,0.036021880862673564,0.01,False
20,8192,16384,3000.0,golovin_relative_error_radius_moment_0_m3,0.000918970439858131,-0.01096482631000799,0.012802767189724252,0.05,True
20,8192,16384,3000.0,golovin_relative_error_radius_moment_6_um6_m3,-0.006490784661598115,-0.06399075421019351,0.05100918488699729,0.05,False
20,8192,16384,3600.0,ensemble_mean_l1_bins_500,0.013202520108023919,0.006591843132481489,0.039681659884699676,0.01,False
20,8192,16384,3600.0,golovin_relative_error_radius_moment_0_m3,0.0010989830137686663,-0.010902794702182311,0.013100760729719644,0.05,True
20,8192,16384,3600.0,golovin_relative_error_radius_moment_6_um6_m3,0.009531054400332403,-0.06580901168836437,0.08487112048902917,0.05,False
20,16384,32768,600.0,ensemble_mean_l1_bins_500,0.006161136760722852,0.0024189760835847075,0.019024315140446044,0.01,False
20,16384,32768,600.0,golovin_relative_error_radius_moment_0_m3,-8.014604561796591e-05,-0.005543107653567327,0.005382815562331396,0.05,True
20,16384,32768,600.0,golovin_relative_error_radius_moment_6_um6_m3,0.01173651583644503,-0.006616721613838288,0.03008975328672835,0.05,True
20,16384,32768,1200.0,ensemble_mean_l1_bins_500,0.005853257028353542,0.0033630323514729048,0.019312166198372314,0.01,False
20,16384,32768,1200.0,golovin_relative_error_radius_moment_0_m3,0.0040571288564103655,-0.002572499922133995,0.010686757634954726,0.05,True
20,16384,32768,1200.0,golovin_relative_error_radius_moment_6_um6_m3,0.009304513644161018,-0.01728596898626423,0.03589499627458627,0.05,True
20,16384,32768,1800.0,ensemble_mean_l1_bins_500,0.0072090668655704175,0.0030975528478449426,0.018750088378970613,0.01,False
20,16384,32768,1800.0,golovin_relative_error_radius_moment_0_m3,0.0034602455734436075,-0.004507849996744102,0.011428341143631317,0.05,True
20,16384,32768,1800.0,golovin_relative_error_radius_moment_6_um6_m3,0.007117916265123314,-0.02390971367141455,0.038145546201661176,0.05,True
20,16384,32768,2400.0,ensemble_mean_l1_bins_500,0.00751030049743337,0.004038033202570558,0.020936174080488985,0.01,False
20,16384,32768,2400.0,golovin_relative_error_radius_moment_0_m3,0.0024852759826798354,-0.005550855946577149,0.01052140791193682,0.05,True
20,16384,32768,2400.0,golovin_relative_error_radius_moment_6_um6_m3,0.009559972069699996,-0.024184324266085938,0.04330426840548593,0.05,True
20,16384,32768,3000.0,ensemble_mean_l1_bins_500,0.0021359369937048803,0.0008086368002015113,0.020804529026934394,0.01,False
20,16384,32768,3000.0,golovin_relative_error_radius_moment_0_m3,0.002119471252625711,-0.006106180534654429,0.010345123039905852,0.05,True
20,16384,32768,3000.0,golovin_relative_error_radius_moment_6_um6_m3,0.007043881161207308,-0.03280358249389196,0.04689134481630657,0.05,True
20,16384,32768,3600.0,ensemble_mean_l1_bins_500,0.005348978564942396,0.002552774325275844,0.02528540077346736,0.01,False
20,16384,32768,3600.0,golovin_relative_error_radius_moment_0_m3,0.002085467647579744,-0.006249536134010551,0.010420471429170039,0.05,True
20,16384,32768,3600.0,golovin_relative_error_radius_moment_6_um6_m3,-0.006194628109735574,-0.05833603352295238,0.04594677730348123,0.05,False
20,32768,65536,600.0,ensemble_mean_l1_bins_500,0.004128061565405553,0.001231774413410183,0.012957735063007743,0.01,False
20,32768,65536,600.0,golovin_relative_error_radius_moment_0_m3,0.002110027418174125,-0.0019090535069774695,0.00612910834332572,0.05,True
20,32768,65536,600.0,golovin_relative_error_radius_moment_6_um6_m3,-0.005308097953690396,-0.016697928436166378,0.006081732528785585,0.05,True
20,32768,65536,1200.0,ensemble_mean_l1_bins_500,0.0033165862281304154,0.0010714827303941166,0.012395237585637008,0.01,False
20,32768,65536,1200.0,golovin_relative_error_radius_moment_0_m3,-0.00021531732888159017,-0.005433856682704726,0.005003222024941546,0.05,True
20,32768,65536,1200.0,golovin_relative_error_radius_moment_6_um6_m3,-0.005829066211151308,-0.02342845284394523,0.01177032042164261,0.05,True
20,32768,65536,1800.0,ensemble_mean_l1_bins_500,0.0022106959658821177,0.0012928037749808197,0.012310018144368147,0.01,False
20,32768,65536,1800.0,golovin_relative_error_radius_moment_0_m3,-0.0005116366193819945,-0.006448482727573719,0.00542520948880973,0.05,True
20,32768,65536,1800.0,golovin_relative_error_radius_moment_6_um6_m3,-0.004109276868206422,-0.025142518933421835,0.01692396519700899,0.05,True
20,32768,65536,2400.0,ensemble_mean_l1_bins_500,0.0029214316708307247,0.001238429827559415,0.012903805671562407,0.01,False
20,32768,65536,2400.0,golovin_relative_error_radius_moment_0_m3,-0.0008068765792259502,-0.006887900329979136,0.005274147171527236,0.05,True
20,32768,65536,2400.0,golovin_relative_error_radius_moment_6_um6_m3,-0.006609878357270577,-0.0316954810290241,0.018475724314482942,0.05,True
20,32768,65536,3000.0,ensemble_mean_l1_bins_500,0.005770418455639723,0.002983209524775739,0.017108078673081333,0.01,False
20,32768,65536,3000.0,golovin_relative_error_radius_moment_0_m3,-0.000476973385106203,-0.006792242094469519,0.005838295324257113,0.05,True
20,32768,65536,3000.0,golovin_relative_error_radius_moment_6_um6_m3,-0.0059289581581573264,-0.03557245967382628,0.023714543357511626,0.05,True
20,32768,65536,3600.0,ensemble_mean_l1_bins_500,0.005294262234892724,0.0020318130466968143,0.01873422295682823,0.01,False
20,32768,65536,3600.0,golovin_relative_error_radius_moment_0_m3,-0.0006184310353840617,-0.006914688704888796,0.005677826634120672,0.05,True
20,32768,65536,3600.0,golovin_relative_error_radius_moment_6_um6_m3,-0.005842607661894012,-0.03920537098107392,0.027520155657285897,0.05,True
20,65536,131072,600.0,ensemble_mean_l1_bins_500,0.0022743987140059945,0.0011630060208870868,0.009320861859627034,0.01,True
20,65536,131072,600.0,golovin_relative_error_radius_moment_0_m3,-0.0022571724052171806,-0.005143550803578807,0.0006292059931444459,0.05,True
20,65536,131072,600.0,golovin_relative_error_radius_moment_6_um6_m3,-0.0003480841588496531,-0.00802078726292311,0.0073246189452238035,0.05,True
20,65536,131072,1200.0,ensemble_mean_l1_bins_500,0.0018120146021446447,0.0005951809744177517,0.008948400325922121,0.01,True
20,65536,131072,1200.0,golovin_relative_error_radius_moment_0_m3,-0.002388720251492169,-0.006246416385222613,0.0014689758822382746,0.05,True
20,65536,131072,1200.0,golovin_relative_error_radius_moment_6_um6_m3,0.003932841125203463,-0.00723569396629156,0.015101376216698487,0.05,True
20,65536,131072,1800.0,ensemble_mean_l1_bins_500,0.0029760395838790577,0.00178783838384321,0.009521141478203262,0.01,True
20,65536,131072,1800.0,golovin_relative_error_radius_moment_0_m3,-0.0017948561576964827,-0.006027705819302116,0.002437993503909151,0.05,True
20,65536,131072,1800.0,golovin_relative_error_radius_moment_6_um6_m3,0.0024392991328900473,-0.01083509710520324,0.015713695370983334,0.05,True
20,65536,131072,2400.0,ensemble_mean_l1_bins_500,0.002915254703770369,0.0013281136556245246,0.00972991862571916,0.01,True
20,65536,131072,2400.0,golovin_relative_error_radius_moment_0_m3,-0.0012539710839893203,-0.005705201602819191,0.0031972594348405508,0.05,True
20,65536,131072,2400.0,golovin_relative_error_radius_moment_6_um6_m3,0.0016295257509943118,-0.014409937776778813,0.017668989278767436,0.05,True
20,65536,131072,3000.0,ensemble_mean_l1_bins_500,0.00402507820412765,0.0018770775619479673,0.011813169811678693,0.01,False
20,65536,131072,3000.0,golovin_relative_error_radius_moment_0_m3,-0.0009783010397904968,-0.005482186563131271,0.0035255844835502767,0.05,True
20,65536,131072,3000.0,golovin_relative_error_radius_moment_6_um6_m3,0.0033484677999073243,-0.014220775844434982,0.020917711444249632,0.05,True
20,65536,131072,3600.0,ensemble_mean_l1_bins_500,0.005604289643961436,0.0023842495708617122,0.014362101369767705,0.01,False
20,65536,131072,3600.0,golovin_relative_error_radius_moment_0_m3,-0.0008456269565198626,-0.005374864656418661,0.003683610743378935,0.05,True
20,65536,131072,3600.0,golovin_relative_error_radius_moment_6_um6_m3,0.010087571690162656,-0.010585274861310345,0.030760418241635657,0.05,True
20,131072,262144,600.0,ensemble_mean_l1_bins_500,0.002497011719437583,0.0009329532617595754,0.006634672836161711,0.01,True
20,131072,262144,600.0,golovin_relative_error_radius_moment_0_m3,0.00016382287507628714,-0.001724835159192602,0.002052480909345176,0.05,True
20,131072,262144,600.0,golovin_relative_error_radius_moment_6_um6_m3,0.0008865077998372172,-0.00482475413865661,0.006597769738331045,0.05,True
20,131072,262144,1200.0,ensemble_mean_l1_bins_500,0.0008464294219957093,0.00036702275793340424,0.005983200863994421,0.01,True
20,131072,262144,1200.0,golovin_relative_error_radius_moment_0_m3,-8.657924200521582e-05,-0.0025829230187763225,0.0024097645347658913,0.05,True
20,131072,262144,1200.0,golovin_relative_error_radius_moment_6_um6_m3,7.791571862661006e-06,-0.008468188093789254,0.008483771237514577,0.05,True
20,131072,262144,1800.0,ensemble_mean_l1_bins_500,0.0012721035654429773,0.000135431161127675,0.005351065020629411,0.01,True
20,131072,262144,1800.0,golovin_relative_error_radius_moment_0_m3,0.0002146955392887162,-0.0027367897369579564,0.0031661808155353886,0.05,True
20,131072,262144,1800.0,golovin_relative_error_radius_moment_6_um6_m3,0.0013788689827167588,-0.007877894991170517,0.010635632956604035,0.05,True
20,131072,262144,2400.0,ensemble_mean_l1_bins_500,0.001735620714457784,0.0009251865192094667,0.006795388833754363,0.01,True
20,131072,262144,2400.0,golovin_relative_error_radius_moment_0_m3,-4.2403988575356226e-07,-0.0030329235784238837,0.0030320754986523763,0.05,True
20,131072,262144,2400.0,golovin_relative_error_radius_moment_6_um6_m3,0.0014596419037190356,-0.010797504722190984,0.013716788529629056,0.05,True
20,131072,262144,3000.0,ensemble_mean_l1_bins_500,0.0027775652188570202,0.001147965882714846,0.008532001014798257,0.01,True
20,131072,262144,3000.0,golovin_relative_error_radius_moment_0_m3,-0.00038104480703589957,-0.0034578779819315125,0.0026957883678597134,0.05,True
20,131072,262144,3000.0,golovin_relative_error_radius_moment_6_um6_m3,-0.0016255043479852008,-0.014768657881550915,0.011517649185580512,0.05,True
20,131072,262144,3600.0,ensemble_mean_l1_bins_500,0.0017254934217523984,0.0006888847490388855,0.009217378128349262,0.01,True
20,131072,262144,3600.0,golovin_relative_error_radius_moment_0_m3,-0.0005136906947181564,-0.0036625378505604047,0.0026351564611240916,0.05,True
20,131072,262144,3600.0,golovin_relative_error_radius_moment_6_um6_m3,-0.0049779613673325345,-0.020720136180383156,0.010764213445718086,0.05,True
20,262144,524288,600.0,ensemble_mean_l1_bins_500,0.0007355156887138433,4.806335105542347e-05,0.004244596037359465,0.01,True
20,262144,524288,600.0,golovin_relative_error_radius_moment_0_m3,0.00040141646928275597,-0.0008659783211071798,0.0016688112596726918,0.05,True
20,262144,524288,600.0,golovin_relative_error_radius_moment_6_um6_m3,-0.0014727588055359676,-0.005354989143489296,0.0024094715324173605,0.05,True
20,262144,524288,1200.0,ensemble_mean_l1_bins_500,0.0017338786552034127,0.0006395596541048634,0.004481940279420604,0.01,True
20,262144,524288,1200.0,golovin_relative_error_radius_moment_0_m3,0.0004847951379755466,-0.001048715609080715,0.0020183058850318084,0.05,True
20,262144,524288,1200.0,golovin_relative_error_radius_moment_6_um6_m3,-0.0025171231595888036,-0.008690738683934423,0.003656492364756816,0.05,True
20,262144,524288,1800.0,ensemble_mean_l1_bins_500,6.46959507032141e-05,-0.0002912987060827678,0.003368903582118023,0.01,True
20,262144,524288,1800.0,golovin_relative_error_radius_moment_0_m3,0.0003837102741382026,-0.0013767718080018624,0.002144192356278268,0.05,True
20,262144,524288,1800.0,golovin_relative_error_radius_moment_6_um6_m3,-0.00348228201715288,-0.010529974650799292,0.0035654106164935326,0.05,True
20,262144,524288,2400.0,ensemble_mean_l1_bins_500,0.0006598738745946893,0.00034854405498889197,0.004339889936745135,0.01,True
20,262144,524288,2400.0,golovin_relative_error_radius_moment_0_m3,0.0004035918554146756,-0.0014595896530129545,0.002266773363842306,0.05,True
20,262144,524288,2400.0,golovin_relative_error_radius_moment_6_um6_m3,-0.0037443082844848875,-0.012469128444737815,0.004980511875768041,0.05,True
20,262144,524288,3000.0,ensemble_mean_l1_bins_500,0.001516543545350411,0.0006444973837337535,0.005732041755202094,0.01,True
20,262144,524288,3000.0,golovin_relative_error_radius_moment_0_m3,0.0007277641279180336,-0.001153580538002878,0.002609108793838945,0.05,True
20,262144,524288,3000.0,golovin_relative_error_radius_moment_6_um6_m3,-0.0038374098021472934,-0.013617440372809993,0.005942620768515407,0.05,True
20,262144,524288,3600.0,ensemble_mean_l1_bins_500,0.0032703426268106423,0.0014448945983712694,0.007629558452666299,0.01,True
20,262144,524288,3600.0,golovin_relative_error_radius_moment_0_m3,0.0007689713332399318,-0.001125396583549893,0.0026633392500297563,0.05,True
20,262144,524288,3600.0,golovin_relative_error_radius_moment_6_um6_m3,-0.005357345645719678,-0.017823098690934434,0.007108407399495077,0.05,True
20,524288,1048576,600.0,ensemble_mean_l1_bins_500,0.0010780850054800933,0.00048514402436132325,0.0033506210316276716,0.01,True
20,524288,1048576,600.0,golovin_relative_error_radius_moment_0_m3,-8.31498148549792e-05,-0.0010492999697371505,0.0008830003400271922,0.05,True
20,524288,1048576,600.0,golovin_relative_error_radius_moment_6_um6_m3,0.0012328279854281511,-0.0012817225381558718,0.003747378509012174,0.05,True
20,524288,1048576,1200.0,ensemble_mean_l1_bins_500,0.0009844293107363067,0.00043795961458157717,0.0033195592344625016,0.01,True
20,524288,1048576,1200.0,golovin_relative_error_radius_moment_0_m3,0.0004598926614633192,-0.0007417022538748447,0.001661487576801483,0.05,True
20,524288,1048576,1200.0,golovin_relative_error_radius_moment_6_um6_m3,0.0014552631040591346,-0.0026030358688896625,0.005513562077007932,0.05,True
20,524288,1048576,1800.0,ensemble_mean_l1_bins_500,0.0010559623399274479,0.00030661849090338135,0.0028590847761630076,0.01,True
20,524288,1048576,1800.0,golovin_relative_error_radius_moment_0_m3,0.00044236324496952587,-0.0008677070601792989,0.0017524335501183507,0.05,True
20,524288,1048576,1800.0,golovin_relative_error_radius_moment_6_um6_m3,0.001893796506546459,-0.002477859036869574,0.006265452049962492,0.05,True
20,524288,1048576,2400.0,ensemble_mean_l1_bins_500,0.0007962183811570352,0.00042819750769990757,0.0027846349752349278,0.01,True
20,524288,1048576,2400.0,golovin_relative_error_radius_moment_0_m3,0.0002887796449694635,-0.001093839788766516,0.001671399078705443,0.05,True
20,524288,1048576,2400.0,golovin_relative_error_radius_moment_6_um6_m3,0.0021344281150293297,-0.0031719702554183996,0.007440826485477059,0.05,True
20,524288,1048576,3000.0,ensemble_mean_l1_bins_500,0.0008141929583655801,0.00024347538628936358,0.0037787902580363685,0.01,True
20,524288,1048576,3000.0,golovin_relative_error_radius_moment_0_m3,0.00020163086389133998,-0.0011891569502821477,0.0015924186780648276,0.05,True
20,524288,1048576,3000.0,golovin_relative_error_radius_moment_6_um6_m3,0.0024725315069291432,-0.004120339576282108,0.009065402590140393,0.05,True
20,524288,1048576,3600.0,ensemble_mean_l1_bins_500,0.0010994792830759216,0.0006538283693911842,0.004760968258074821,0.01,True
20,524288,1048576,3600.0,golovin_relative_error_radius_moment_0_m3,0.00019295888261293247,-0.00121227757922905,0.0015981953444549148,0.05,True
20,524288,1048576,3600.0,golovin_relative_error_radius_moment_6_um6_m3,0.002438405528546057,-0.00609266401771507,0.010969475074807184,0.05,True
21,4096,8192,600.0,ensemble_mean_l1_bins_500,0.010646443679656024,0.003915706973594911,0.03472961986689691,0.01,False
21,4096,8192,600.0,golovin_relative_error_radius_moment_0_m3,0.002918019986929295,-0.009365139979471904,0.015201179953330493,0.05,True
21,4096,8192,600.0,golovin_relative_error_radius_moment_6_um6_m3,-0.009391378343555325,-0.038997322647068317,0.020214565959957662,0.05,True
21,4096,8192,1200.0,ensemble_mean_l1_bins_500,0.01032932340727128,0.004255545005455666,0.035078494205330935,0.01,False
21,4096,8192,1200.0,golovin_relative_error_radius_moment_0_m3,0.0011462970863592092,-0.01271832860764897,0.015010922780367388,0.05,True
21,4096,8192,1200.0,golovin_relative_error_radius_moment_6_um6_m3,-0.009496849491848577,-0.05547907982462184,0.03648538084092468,0.05,False
21,4096,8192,1800.0,ensemble_mean_l1_bins_500,0.010539323146189473,0.004560457374153656,0.034764240576615,0.01,False
21,4096,8192,1800.0,golovin_relative_error_radius_moment_0_m3,-0.002686110060303406,-0.01775260452006352,0.012380384399456709,0.05,True
21,4096,8192,1800.0,golovin_relative_error_radius_moment_6_um6_m3,-0.005732354361670149,-0.06193957876692963,0.05047487004358934,0.05,False
21,4096,8192,2400.0,ensemble_mean_l1_bins_500,0.014121665108384713,0.006679485332668256,0.03950940426254505,0.01,False
21,4096,8192,2400.0,golovin_relative_error_radius_moment_0_m3,-0.0015882544173717438,-0.018017742076572488,0.014841233241829002,0.05,True
21,4096,8192,2400.0,golovin_relative_error_radius_moment_6_um6_m3,0.0011396646773432668,-0.06320755944613819,0.06548688880082472,0.05,False
21,4096,8192,3000.0,ensemble_mean_l1_bins_500,0.016170966190678197,0.004455067358198754,0.04424058605838795,0.01,False
21,4096,8192,3000.0,golovin_relative_error_radius_moment_0_m3,-7.9981786087523e-06,-0.01642046102667793,0.01640446466946043,0.05,True
21,4096,8192,3000.0,golovin_relative_error_radius_moment_6_um6_m3,0.009258408735591106,-0.07278796816404466,0.09130478563522688,0.05,False
21,4096,8192,3600.0,ensemble_mean_l1_bins_500,0.01523766158126355,0.0067670973101749445,0.051511367818486475,0.01,False
21,4096,8192,3600.0,golovin_relative_error_radius_moment_0_m3,0.00011808026243442554,-0.0164529497852047,0.01668911031007355,0.05,True
21,4096,8192,3600.0,golovin_relative_error_radius_moment_6_um6_m3,-0.011400566122131662,-0.10484951915943252,0.08204838691516919,0.05,False
21,8192,16384,600.0,ensemble_mean_l1_bins_500,0.00447613162721236,0.0009995660080255864,0.023583532706608405,0.01,False
21,8192,16384,600.0,golovin_relative_error_radius_moment_0_m3,-0.0005037539747149311,-0.008457924534578654,0.007450416585148792,0.05,True
21,8192,16384,600.0,golovin_relative_error_radius_moment_6_um6_m3,-0.006482440720361811,-0.030751169882027207,0.017786288441303585,0.05,True
21,8192,16384,1200.0,ensemble_mean_l1_bins_500,0.011324354208979644,0.004341833901600732,0.026311152315426158,0.01,False
21,8192,16384,1200.0,golovin_relative_error_radius_moment_0_m3,-0.0025524423585875965,-0.01275034217571179,0.007645457458536598,0.05,True
21,8192,16384,1200.0,golovin_relative_error_radius_moment_6_um6_m3,0.0025103638737196702,-0.030872291077767264,0.0358930188252066,0.05,True
21,8192,16384,1800.0,ensemble_mean_l1_bins_500,0.00480244635985496,0.00275623446153613,0.024280537827744045,0.01,False
21,8192,16384,1800.0,golovin_relative_error_radius_moment_0_m3,-0.0011936271905278305,-0.012075064045519302,0.00968780966446364,0.05,True
21,8192,16384,1800.0,golovin_relative_error_radius_moment_6_um6_m3,-0.0013483605455431504,-0.04303470253690067,0.040337981445814367,0.05,True
21,8192,16384,2400.0,ensemble_mean_l1_bins_500,0.00466168817817194,0.0019905757880060693,0.025748606761284445,0.01,False
21,8192,16384,2400.0,golovin_relative_error_radius_moment_0_m3,0.0016517359100811733,-0.010203026053406377,0.013506497873568724,0.05,True
21,8192,16384,2400.0,golovin_relative_error_radius_moment_6_um6_m3,-0.010217970884599333,-0.058635389916182494,0.03819944814698383,0.05,False
21,8192,16384,3000.0,ensemble_mean_l1_bins_500,0.012827281353564531,0.006671246852593597,0.03551752531079914,0.01,False
21,8192,16384,3000.0,golovin_relative_error_radius_moment_0_m3,0.000918970439858131,-0.010656077779031145,0.012494018658747406,0.05,True
21,8192,16384,3000.0,golovin_relative_error_radius_moment_6_um6_m3,-0.006490784661598115,-0.06249502586581566,0.049513456542619426,0.05,False
21,8192,16384,3600.0,ensemble_mean_l1_bins_500,0.013202520108023919,0.006482192359475828,0.03899135631949914,0.01,False
21,8192,16384,3600.0,golovin_relative_error_radius_moment_0_m3,0.0010989830137686663,-0.010591201457723123,0.012789167485260456,0.05,True
21,8192,16384,3600.0,golovin_relative_error_radius_moment_6_um6_m3,0.009531054400332403,-0.06385892457048457,0.08292103337114938,0.05,False
21,16384,32768,600.0,ensemble_mean_l1_bins_500,0.006161136760722852,0.0023972531229904605,0.018700912796116277,0.01,False
21,16384,32768,600.0,golovin_relative_error_radius_moment_0_m3,-8.014604561796591e-05,-0.00540188485243152,0.005241592761195589,0.05,True
21,16384,32768,600.0,golovin_relative_error_radius_moment_6_um6_m3,0.01173651583644503,-0.006138912177744173,0.029611943850634235,0.05,True
21,16384,32768,1200.0,ensemble_mean_l1_bins_500,0.005853257028353542,0.0033865327793212744,0.019007957937166423,0.01,False
21,16384,32768,1200.0,golovin_relative_error_radius_moment_0_m3,0.0040571288564103655,-0.00240156747625561,0.010515825189076341,0.05,True
21,16384,32768,1200.0,golovin_relative_error_radius_moment_6_um6_m3,0.009304513644161018,-0.01659708001595727,0.03520610730427931,0.05,True
21,16384,32768,1800.0,ensemble_mean_l1_bins_500,0.0072090668655704175,0.0032148551467294432,0.018430583376337458,0.01,False
21,16384,32768,1800.0,golovin_relative_error_radius_moment_0_m3,0.0034602455734436075,-0.0043022396032612676,0.011222730750148482,0.05,True
21,16384,32768,1800.0,golovin_relative_error_radius_moment_6_um6_m3,0.007117916265123314,-0.023106179610803117,0.03734201214104975,0.05,True
21,16384,32768,2400.0,ensemble_mean_l1_bins_500,0.00751030049743337,0.003993479502425685,0.020572786954832983,0.01,False
21,16384,32768,2400.0,golovin_relative_error_radius_moment_0_m3,0.0024852759826798354,-0.0053434359562084185,0.01031398792156809,0.05,True
21,16384,32768,2400.0,golovin_relative_error_radius_moment_6_um6_m3,0.009559972069699996,-0.023315015919125853,0.042434960058525845,0.05,True
21,16384,32768,3000.0,ensemble_mean_l1_bins_500,0.0021359369937048803,0.0007509727523851598,0.020462251545567786,0.01,False
21,16384,32768,3000.0,golovin_relative_error_radius_moment_0_m3,0.002119471252625711,-0.005894143161501667,0.01013308566675309,0.05,True
21,16384,32768,3000.0,golovin_relative_error_radius_moment_6_um6_m3,0.007043881161207308,-0.031777739021077694,0.04586550134349231,0.05,True
21,16384,32768,3600.0,ensemble_mean_l1_bins_500,0.005348978564942396,0.0025023201349663174,0.024954409408342586,0.01,False
21,16384,32768,3600.0,golovin_relative_error_radius_moment_0_m3,0.002085467647579744,-0.006034543718074303,0.01020547901323379,0.05,True
21,16384,32768,3600.0,golovin_relative_error_radius_moment_6_um6_m3,-0.006194628109735574,-0.05698256752904289,0.04459331130957174,0.05,False
21,32768,65536,600.0,ensemble_mean_l1_bins_500,0.004128061565405553,0.0013488861211152945,0.012690879052821721,0.01,False
21,32768,65536,600.0,golovin_relative_error_radius_moment_0_m3,0.002110027418174125,-0.001805215354348461,0.006025270190696711,0.05,True
21,32768,65536,600.0,golovin_relative_error_radius_moment_6_um6_m3,-0.005308097953690396,-0.01640176211740423,0.005785566210023436,0.05,True
21,32768,65536,1200.0,ensemble_mean_l1_bins_500,0.0033165862281304154,0.0011335126643103371,0.012113143673167891,0.01,False
21,32768,65536,1200.0,golovin_relative_error_radius_moment_0_m3,-0.00021531732888159017,-0.005299194140885516,0.004868559483122336,0.05,True
21,32768,65536,1200.0,golovin_relative_error_radius_moment_6_um6_m3,-0.005829066211151308,-0.022969317095510654,0.011311184673208036,0.05,True
21,32768,65536,1800.0,ensemble_mean_l1_bins_500,0.0022106959658821177,0.001302081864188199,0.011954846153448216,0.01,False
21,32768,65536,1800.0,golovin_relative_error_radius_moment_0_m3,-0.0005116366193819945,-0.006294681245252118,0.005271408006488129,0.05,True
21,32768,65536,1800.0,golovin_relative_error_radius_moment_6_um6_m3,-0.004109276868206422,-0.024595548379714866,0.01637699464330202,0.05,True
21,32768,65536,2400.0,ensemble_mean_l1_bins_500,0.0029214316708307247,0.0012057027281196042,0.012571402046081476,0.01,False
21,32768,65536,2400.0,golovin_relative_error_radius_moment_0_m3,-0.0008068765792259502,-0.006730747827851033,0.005116994669399133,0.05,True
21,32768,65536,2400.0,golovin_relative_error_radius_moment_6_um6_m3,-0.006609878357270577,-0.031041317196137237,0.017821560481596083,0.05,True
21,32768,65536,3000.0,ensemble_mean_l1_bins_500,0.005770418455639723,0.0030494952449169866,0.01676815766428646,0.01,False
21,32768,65536,3000.0,golovin_relative_error_radius_moment_0_m3,-0.000476973385106203,-0.0066287806092048575,0.005674833838992451,0.05,True
21,32768,65536,3000.0,golovin_relative_error_radius_moment_6_um6_m3,-0.0059289581581573264,-0.03479648231922373,0.022938566002909076,0.05,True
21,32768,65536,3600.0,ensemble_mean_l1_bins_500,0.005294262234892724,0.0019259193205164243,0.018401155646938956,0.01,False
21,32768,65536,3600.0,golovin_relative_error_radius_moment_0_m3,-0.0006184310353840617,-0.006751682716159795,0.005514820645391671,0.05,True
21,32768,65536,3600.0,golovin_relative_error_radius_moment_6_um6_m3,-0.005842607661894012,-0.038334909948597375,0.02664969462480935,0.05,True
21,65536,131072,600.0,ensemble_mean_l1_bins_500,0.0022743987140059945,0.001133699859434075,0.009076894751167732,0.01,True
21,65536,131072,600.0,golovin_relative_error_radius_moment_0_m3,-0.0022571724052171806,-0.0050686558086636985,0.0005543109982293379,0.05,True
21,65536,131072,600.0,golovin_relative_error_radius_moment_6_um6_m3,-0.0003480841588496531,-0.007822804823722669,0.0071266365060233625,0.05,True
21,65536,131072,1200.0,ensemble_mean_l1_bins_500,0.0018120146021446447,0.0005769948140414765,0.00870954452339382,0.01,True
21,65536,131072,1200.0,golovin_relative_error_radius_moment_0_m3,-0.002388720251492169,-0.006146375447918132,0.001368934944933794,0.05,True
21,65536,131072,1200.0,golovin_relative_error_radius_moment_6_um6_m3,0.003932841125203463,-0.006947350014844259,0.014813032265251186,0.05,True
21,65536,131072,1800.0,ensemble_mean_l1_bins_500,0.0029760395838790577,0.0017473210255728113,0.009333270457042516,0.01,True
21,65536,131072,1800.0,golovin_relative_error_radius_moment_0_m3,-0.0017948561576964827,-0.005918424022339529,0.0023287117069465636,0.05,True
21,65536,131072,1800.0,golovin_relative_error_radius_moment_6_um6_m3,0.0024392991328900473,-0.01048984066099424,0.015368438926774334,0.05,True
21,65536,131072,2400.0,ensemble_mean_l1_bins_500,0.002915254703770369,0.0012836919186692286,0.00944994932793509,0.01,True
21,65536,131072,2400.0,golovin_relative_error_radius_moment_0_m3,-0.0012539710839893203,-0.005590065049867932,0.0030821228818892913,0.05,True
21,65536,131072,2400.0,golovin_relative_error_radius_moment_6_um6_m3,0.0016295257509943118,-0.013995866704027263,0.017254918206015886,0.05,True
21,65536,131072,3000.0,ensemble_mean_l1_bins_500,0.00402507820412765,0.0018063498005338374,0.0115575866602669,0.01,False
21,65536,131072,3000.0,golovin_relative_error_radius_moment_0_m3,-0.0009783010397904968,-0.005365728539627437,0.0034091264600464434,0.05,True
21,65536,131072,3000.0,golovin_relative_error_radius_moment_6_um6_m3,0.0033484677999073243,-0.013766585762802173,0.020463521362616824,0.05,True
21,65536,131072,3600.0,ensemble_mean_l1_bins_500,0.005604289643961436,0.0024671898937222744,0.01402459057498249,0.01,False
21,65536,131072,3600.0,golovin_relative_error_radius_moment_0_m3,-0.0008456269565198626,-0.005257901574613772,0.0035666476615740465,0.05,True
21,65536,131072,3600.0,golovin_relative_error_radius_moment_6_um6_m3,0.010087571690162656,-0.010050316684111119,0.03022546006443643,0.05,True
21,131072,262144,600.0,ensemble_mean_l1_bins_500,0.002497011719437583,0.0008923154641002631,0.006541511816255312,0.01,True
21,131072,262144,600.0,golovin_relative_error_radius_moment_0_m3,0.00016382287507628714,-0.0016757065571236809,0.002003352307276255,0.05,True
21,131072,262144,600.0,golovin_relative_error_radius_moment_6_um6_m3,0.0008865077998372172,-0.004676766229707146,0.006449781829381581,0.05,True
21,131072,262144,1200.0,ensemble_mean_l1_bins_500,0.0008464294219957093,0.0003198061215000896,0.005821749355659493,0.01,True
21,131072,262144,1200.0,golovin_relative_error_radius_moment_0_m3,-8.657924200521582e-05,-0.0025177235046719825,0.0023445650206615513,0.05,True
21,131072,262144,1200.0,golovin_relative_error_radius_moment_6_um6_m3,7.791571862661006e-06,-0.008249318112431923,0.008264901256157246,0.05,True
21,131072,262144,1800.0,ensemble_mean_l1_bins_500,0.0012721035654429773,0.00013301326039979024,0.005227769623812038,0.01,True
21,131072,262144,1800.0,golovin_relative_error_radius_moment_0_m3,0.0002146955392887162,-0.0026595723897661905,0.0030889634683436227,0.05,True
21,131072,262144,1800.0,golovin_relative_error_radius_moment_6_um6_m3,0.0013788689827167588,-0.007639633228019497,0.010397371193453015,0.05,True
21,131072,262144,2400.0,ensemble_mean_l1_bins_500,0.001735620714457784,0.0008897067535087506,0.006593803509022925,0.01,True
21,131072,262144,2400.0,golovin_relative_error_radius_moment_0_m3,-4.2403988575356226e-07,-0.002953815249809245,0.0029529671700377377,0.05,True
21,131072,262144,2400.0,golovin_relative_error_radius_moment_6_um6_m3,0.0014596419037190356,-0.010481153178145217,0.013400436985583287,0.05,True
21,131072,262144,3000.0,ensemble_mean_l1_bins_500,0.0027775652188570202,0.001159780054967892,0.008397452959417982,0.01,True
21,131072,262144,3000.0,golovin_relative_error_radius_moment_0_m3,-0.00038104480703589957,-0.0033775511202443305,0.0026154615061725313,0.05,True
21,131072,262144,3000.0,golovin_relative_error_radius_moment_6_um6_m3,-0.0016255043479852008,-0.01442960666915799,0.011178597973187588,0.05,True
21,131072,262144,3600.0,ensemble_mean_l1_bins_500,0.0017254934217523984,0.0006311084946776728,0.009041195177753175,0.01,True
21,131072,262144,3600.0,golovin_relative_error_radius_moment_0_m3,-0.0005136906947181564,-0.0035801971555000514,0.0025528157660637384,0.05,True
21,131072,262144,3600.0,golovin_relative_error_radius_moment_6_um6_m3,-0.0049779613673325345,-0.020314961622860957,0.01035903888819589,0.05,True
21,262144,524288,600.0,ensemble_mean_l1_bins_500,0.0007355156887138433,2.7018868888301018e-05,0.004162355110463207,0.01,True
21,262144,524288,600.0,golovin_relative_error_radius_moment_0_m3,0.00040141646928275597,-0.0008332813647103845,0.0016361143032758965,0.05,True
21,262144,524288,600.0,golovin_relative_error_radius_moment_6_um6_m3,-0.0014727588055359676,-0.005254232690896988,0.0023087150798250526,0.05,True
21,262144,524288,1200.0,ensemble_mean_l1_bins_500,0.0017338786552034127,0.0006298564066487671,0.0044127260309912925,0.01,True
21,262144,524288,1200.0,golovin_relative_error_radius_moment_0_m3,0.0004847951379755466,-0.0010090691517564633,0.0019786594277075567,0.05,True
21,262144,524288,1200.0,golovin_relative_error_radius_moment_6_um6_m3,-0.0025171231595888036,-0.008530626189984826,0.0034963798708072197,0.05,True
21,262144,524288,1800.0,ensemble_mean_l1_bins_500,6.46959507032141e-05,-0.0002992834049340282,0.003314201706280712,0.01,True
21,262144,524288,1800.0,golovin_relative_error_radius_moment_0_m3,0.0003837102741382026,-0.0013312470210814196,0.002098667569357825,0.05,True
21,262144,524288,1800.0,golovin_relative_error_radius_moment_6_um6_m3,-0.00348228201715288,-0.010346181563039682,0.0033816175287339225,0.05,True
21,262144,524288,2400.0,ensemble_mean_l1_bins_500,0.0006598738745946893,0.00035889633290017676,0.004252152268254104,0.01,True
21,262144,524288,2400.0,golovin_relative_error_radius_moment_0_m3,0.0004035918554146756,-0.001411309115214807,0.0022184928260441583,0.05,True
21,262144,524288,2400.0,golovin_relative_error_radius_moment_6_um6_m3,-0.0037443082844848875,-0.012241566708725268,0.004752950139755494,0.05,True
21,262144,524288,3000.0,ensemble_mean_l1_bins_500,0.001516543545350411,0.0006810938618264893,0.005565947973522493,0.01,True
21,262144,524288,3000.0,golovin_relative_error_radius_moment_0_m3,0.0007277641279180336,-0.0011048772321084915,0.002560405487944559,0.05,True
21,262144,524288,3000.0,golovin_relative_error_radius_moment_6_um6_m3,-0.0038374098021472934,-0.013363818408371175,0.005688998804076589,0.05,True
21,262144,524288,3600.0,ensemble_mean_l1_bins_500,0.0032703426268106423,0.0014645248786855451,0.007549912164829883,0.01,True
21,262144,524288,3600.0,golovin_relative_error_radius_moment_0_m3,0.0007689713332399318,-0.0010764132876005272,0.0026143559540803907,0.05,True
21,262144,524288,3600.0,golovin_relative_error_radius_moment_6_um6_m3,-0.005357345645719678,-0.017500048378784328,0.006785357087344971,0.05,True
21,524288,1048576,600.0,ensemble_mean_l1_bins_500,0.0010780850054800933,0.0004933452088849692,0.0032814794438698718,0.01,True
21,524288,1048576,600.0,golovin_relative_error_radius_moment_0_m3,-8.31498148549792e-05,-0.0010243243493332482,0.0008580247196232897,0.05,True
21,524288,1048576,600.0,golovin_relative_error_radius_moment_6_um6_m3,0.0012328279854281511,-0.0012162354472692446,0.003681891418125547,0.05,True
21,524288,1048576,1200.0,ensemble_mean_l1_bins_500,0.0009844293107363067,0.0004381519801102941,0.003236630657215691,0.01,True
21,524288,1048576,1200.0,golovin_relative_error_radius_moment_0_m3,0.0004598926614633192,-0.0007107900209453912,0.0016305753438720296,0.05,True
21,524288,1048576,1200.0,golovin_relative_error_radius_moment_6_um6_m3,0.0014552631040591346,-0.0024973986814592394,0.005407924889577509,0.05,True
21,524288,1048576,1800.0,ensemble_mean_l1_bins_500,0.0010559623399274479,0.0003107256194698614,0.0028007284150349905,0.01,True
21,524288,1048576,1800.0,golovin_relative_error_radius_moment_0_m3,0.00044236324496952587,-0.0008339127149358378,0.0017186392048748895,0.05,True
21,524288,1048576,1800.0,golovin_relative_error_radius_moment_6_um6_m3,0.001893796506546459,-0.0023646408230060473,0.006152233836098965,0.05,True
21,524288,1048576,2400.0,ensemble_mean_l1_bins_500,0.0007962183811570352,0.00041636916266349594,0.002692552533268612,0.01,True
21,524288,1048576,2400.0,golovin_relative_error_radius_moment_0_m3,0.0002887796449694635,-0.0010582515839565624,0.0016358108738954895,0.05,True
21,524288,1048576,2400.0,golovin_relative_error_radius_moment_6_um6_m3,0.0021344281150293297,-0.0030342074269796545,0.007303063657038314,0.05,True
21,524288,1048576,3000.0,ensemble_mean_l1_bins_500,0.0008141929583655801,0.00020128718464380182,0.0036707662250113474,0.01,True
21,524288,1048576,3000.0,golovin_relative_error_radius_moment_0_m3,0.00020163086389133998,-0.0011533155192402817,0.0015565772470229615,0.05,True
21,524288,1048576,3000.0,golovin_relative_error_radius_moment_6_um6_m3,0.0024725315069291432,-0.0039493766117531266,0.008894439625611412,0.05,True
21,524288,1048576,3600.0,ensemble_mean_l1_bins_500,0.0010994792830759216,0.0006938543157039038,0.004651079700912972,0.01,True
21,524288,1048576,3600.0,golovin_relative_error_radius_moment_0_m3,0.00019295888261293247,-0.0011760146626405192,0.001561932427866384,0.05,True
21,524288,1048576,3600.0,golovin_relative_error_radius_moment_6_um6_m3,0.002438405528546057,-0.005871542614896875,0.01074835367198899,0.05,True
22,4096,8192,600.0,ensemble_mean_l1_bins_500,0.010646443679656024,0.003942679366421736,0.03383769821185141,0.01,False
22,4096,8192,600.0,golovin_relative_error_radius_moment_0_m3,0.002918019986929295,-0.009061912236764502,0.014897952210623091,0.05,True
22,4096,8192,600.0,golovin_relative_error_radius_moment_6_um6_m3,-0.009391378343555325,-0.038272358234224715,0.01948960154711406,0.05,True
22,4096,8192,1200.0,ensemble_mean_l1_bins_500,0.01032932340727128,0.003979384710364226,0.03478617537597575,0.01,False
22,4096,8192,1200.0,golovin_relative_error_radius_moment_0_m3,0.0011462970863592092,-0.012378685966887177,0.014671280139605595,0.05,True
22,4096,8192,1200.0,golovin_relative_error_radius_moment_6_um6_m3,-0.009496849491848577,-0.05434597313756224,0.03535227415386508,0.05,False
22,4096,8192,1800.0,ensemble_mean_l1_bins_500,0.010539323146189473,0.004368141494026235,0.03400070183831142,0.01,False
22,4096,8192,1800.0,golovin_relative_error_radius_moment_0_m3,-0.002686110060303406,-0.017382478916382494,0.012010258795775683,0.05,True
22,4096,8192,1800.0,golovin_relative_error_radius_moment_6_um6_m3,-0.005732354361670149,-0.0605589778827846,0.04909426915944431,0.05,False
22,4096,8192,2400.0,ensemble_mean_l1_bins_500,0.014121665108384713,0.006716570596778101,0.03882207844117358,0.01,False
22,4096,8192,2400.0,golovin_relative_error_radius_moment_0_m3,-0.0015882544173717438,-0.01761465454888929,0.014438145714145803,0.05,True
22,4096,8192,2400.0,golovin_relative_error_radius_moment_6_um6_m3,0.0011396646773432668,-0.061631515577322285,0.06391084493200881,0.05,False
22,4096,8192,3000.0,ensemble_mean_l1_bins_500,0.016170966190678197,0.004691916608162451,0.0434844141456214,0.01,False
22,4096,8192,3000.0,golovin_relative_error_radius_moment_0_m3,-7.9981786087523e-06,-0.01601714300617055,0.01600114664895305,0.05,True
22,4096,8192,3000.0,golovin_relative_error_radius_moment_6_um6_m3,0.009258408735591106,-0.07076915233566888,0.0892859698068511,0.05,False
22,4096,8192,3600.0,ensemble_mean_l1_bins_500,0.01523766158126355,0.006688634817616982,0.05058741263726221,0.01,False
22,4096,8192,3600.0,golovin_relative_error_radius_moment_0_m3,0.00011808026243442554,-0.016045648866764264,0.016281809391633113,0.05,True
22,4096,8192,3600.0,golovin_relative_error_radius_moment_6_um6_m3,-0.011400566122131662,-0.1025611690859543,0.07976003684169097,0.05,False
22,8192,16384,600.0,ensemble_mean_l1_bins_500,0.00447613162721236,0.0009142172350066256,0.02317451764477911,0.01,False
22,8192,16384,600.0,golovin_relative_error_radius_moment_0_m3,-0.0005037539747149311,-0.008261498428390496,0.007253990478960633,0.05,True
22,8192,16384,600.0,golovin_relative_error_radius_moment_6_um6_m3,-0.006482440720361811,-0.03015630508122927,0.01719142364050565,0.05,True
22,8192,16384,1200.0,ensemble_mean_l1_bins_500,0.011324354208979644,0.0044125150447419876,0.025770582465499698,0.01,False
22,8192,16384,1200.0,golovin_relative_error_radius_moment_0_m3,-0.0025524423585875965,-0.012497264261617336,0.007392379544442144,0.05,True
22,8192,16384,1200.0,golovin_relative_error_radius_moment_6_um6_m3,0.0025103638737196702,-0.030054683216111006,0.035075410963550345,0.05,True
22,8192,16384,1800.0,ensemble_mean_l1_bins_500,0.00480244635985496,0.0026150709391362546,0.023782015896223037,0.01,False
22,8192,16384,1800.0,golovin_relative_error_radius_moment_0_m3,-0.0011936271905278305,-0.011807026598571796,0.009419772217516135,0.05,True
22,8192,16384,1800.0,golovin_relative_error_radius_moment_6_um6_m3,-0.0013483605455431504,-0.042010571699327856,0.03931385060824155,0.05,True
22,8192,16384,2400.0,ensemble_mean_l1_bins_500,0.00466168817817194,0.001924872285398113,0.025048618363599784,0.01,False
22,8192,16384,2400.0,golovin_relative_error_radius_moment_0_m3,0.0016517359100811733,-0.009909783425218173,0.01321325524538052,0.05,True
22,8192,16384,2400.0,golovin_relative_error_radius_moment_6_um6_m3,-0.010217970884599333,-0.05743785316209675,0.03700191139289809,0.05,False
22,8192,16384,3000.0,ensemble_mean_l1_bins_500,0.012827281353564531,0.006768259226779813,0.03484448946713305,0.01,False
22,8192,16384,3000.0,golovin_relative_error_radius_moment_0_m3,0.000918970439858131,-0.010370262166747257,0.012208203046463518,0.05,True
22,8192,16384,3000.0,golovin_relative_error_radius_moment_6_um6_m3,-0.006490784661598115,-0.06111052648763052,0.048128957164434286,0.05,False
22,8192,16384,3600.0,ensemble_mean_l1_bins_500,0.013202520108023919,0.006511035099723937,0.03828004484285066,0.01,False
22,8192,16384,3600.0,golovin_relative_error_radius_moment_0_m3,0.0010989830137686663,-0.010302736803754377,0.01250070283129171,0.05,True
22,8192,16384,3600.0,golovin_relative_error_radius_moment_6_um6_m3,0.009531054400332403,-0.06205316805589829,0.0811152768565631,0.05,False
22,16384,32768,600.0,ensemble_mean_l1_bins_500,0.006161136760722852,0.0025139482343722952,0.018295619184384885,0.01,False
22,16384,32768,600.0,golovin_relative_error_radius_moment_0_m3,-8.014604561796591e-05,-0.005271101587089866,0.005110809495853934,0.05,True
22,16384,32768,600.0,golovin_relative_error_radius_moment_6_um6_m3,0.01173651583644503,-0.005696662606052973,0.029169694278943035,0.05,True
22,16384,32768,1200.0,ensemble_mean_l1_bins_500,0.005853257028353542,0.0034219230118460262,0.018693093478436368,0.01,False
22,16384,32768,1200.0,golovin_relative_error_radius_moment_0_m3,0.0040571288564103655,-0.002243238960936828,0.01035749667375756,0.05,True
22,16384,32768,1200.0,golovin_relative_error_radius_moment_6_um6_m3,0.009304513644161018,-0.015959221756423156,0.03456824904474519,0.05,True
22,16384,32768,1800.0,ensemble_mean_l1_bins_500,0.0072090668655704175,0.0032150331108530507,0.018033096614234505,0.01,False
22,16384,32768,1800.0,golovin_relative_error_radius_moment_0_m3,0.0034602455734436075,-0.00411180207388179,0.011032293220769006,0.05,True
22,16384,32768,1800.0,golovin_relative_error_radius_moment_6_um6_m3,0.007117916265123314,-0.022362146869793657,0.03659797940004028,0.05,True
22,16384,32768,2400.0,ensemble_mean_l1_bins_500,0.00751030049743337,0.004073271352658758,0.02033819147954426,0.01,False
22,16384,32768,2400.0,golovin_relative_error_radius_moment_0_m3,0.0024852759826798354,-0.005151326190466264,0.010121878155825935,0.05,True
22,16384,32768,2400.0,golovin_relative_error_radius_moment_6_um6_m3,0.009559972069699996,-0.022509755897465136,0.04162970003686513,0.05,True
22,16384,32768,3000.0,ensemble_mean_l1_bins_500,0.0021359369937048803,0.0007414250596291143,0.020015659549641924,0.01,False
22,16384,32768,3000.0,golovin_relative_error_radius_moment_0_m3,0.002119471252625711,-0.005697737423266586,0.00993667992851801,0.05,True
22,16384,32768,3000.0,golovin_relative_error_radius_moment_6_um6_m3,0.007043881161207308,-0.030827427959087363,0.044915190281501975,0.05,True
22,16384,32768,3600.0,ensemble_mean_l1_bins_500,0.005348978564942396,0.0025370957494808264,0.024354617831743173,0.01,False
22,16384,32768,3600.0,golovin_relative_error_radius_moment_0_m3,0.002085467647579744,-0.005835410434224876,0.010006345729384363,0.05,True
22,16384,32768,3600.0,golovin_relative_error_radius_moment_6_um6_m3,-0.006194628109735574,-0.05572954788197012,0.04334029166249897,0.05,False
22,32768,65536,600.0,ensemble_mean_l1_bins_500,0.004128061565405553,0.001355697016101953,0.012425548641303099,0.01,False
22,32768,65536,600.0,golovin_relative_error_radius_moment_0_m3,0.002110027418174125,-0.0017090489984559914,0.005929103834804241,0.05,True
22,32768,65536,600.0,golovin_relative_error_radius_moment_6_um6_m3,-0.005308097953690396,-0.016127611974220156,0.005511416066839365,0.05,True
22,32768,65536,1200.0,ensemble_mean_l1_bins_500,0.0033165862281304154,0.0010000298325806576,0.011859901377966765,0.01,False
22,32768,65536,1200.0,golovin_relative_error_radius_moment_0_m3,-0.00021531732888159017,-0.00517446908052421,0.00474383442276103,0.05,True
22,32768,65536,1200.0,golovin_relative_error_radius_moment_6_um6_m3,-0.005829066211151308,-0.022544419060832405,0.010886286638529787,0.05,True
22,32768,65536,1800.0,ensemble_mean_l1_bins_500,0.0022106959658821177,0.0012100663184352767,0.011675234557928347,0.01,False
22,32768,65536,1800.0,golovin_relative_error_radius_moment_0_m3,-0.0005116366193819945,-0.006152272430350661,0.005128999191586671,0.05,True
22,32768,65536,1800.0,golovin_relative_error_radius_moment_6_um6_m3,-0.004109276868206422,-0.024089241597709057,0.015870687861296213,0.05,True
22,32768,65536,2400.0,ensemble_mean_l1_bins_500,0.0029214316708307247,0.001217508690944647,0.01237365247461988,0.01,False
22,32768,65536,2400.0,golovin_relative_error_radius_moment_0_m3,-0.0008068765792259502,-0.006585209038845189,0.004971455880393289,0.05,True
22,32768,65536,2400.0,golovin_relative_error_radius_moment_6_um6_m3,-0.006609878357270577,-0.030435914904090623,0.01721615818954947,0.05,True
22,32768,65536,3000.0,ensemble_mean_l1_bins_500,0.005770418455639723,0.003041530138291402,0.0164219582091021,0.01,False
22,32768,65536,3000.0,golovin_relative_error_radius_moment_0_m3,-0.000476973385106203,-0.006477417181119963,0.005523470410907556,0.05,True
22,32768,65536,3000.0,golovin_relative_error_radius_moment_6_um6_m3,-0.0059289581581573264,-0.03407855663964637,0.022220640323331712,0.05,True
22,32768,65536,3600.0,ensemble_mean_l1_bins_500,0.005294262234892724,0.00207726383476739,0.018004595190870394,0.01,False
22,32768,65536,3600.0,golovin_relative_error_radius_moment_0_m3,-0.0006184310353840617,-0.00660074366427662,0.005363881593508496,0.05,True
22,32768,65536,3600.0,golovin_relative_error_radius_moment_6_um6_m3,-0.005842607661894012,-0.037529365340421096,0.025844150016633073,0.05,True
22,65536,131072,600.0,ensemble_mean_l1_bins_500,0.0022743987140059945,0.0011629288844382541,0.00889152400346927,0.01,True
22,65536,131072,600.0,golovin_relative_error_radius_moment_0_m3,-0.0022571724052171806,-0.004999317065335868,0.0004849722549015072,0.05,True
22,65536,131072,600.0,golovin_relative_error_radius_moment_6_um6_m3,-0.0003480841588496531,-0.007639431953934379,0.006943263636235072,0.05,True
22,65536,131072,1200.0,ensemble_mean_l1_bins_500,0.0018120146021446447,0.0005431042526264512,0.00860186427582476,0.01,True
22,65536,131072,1200.0,golovin_relative_error_radius_moment_0_m3,-0.002388720251492169,-0.006053752191777905,0.0012763116887935673,0.05,True
22,65536,131072,1200.0,golovin_relative_error_radius_moment_6_um6_m3,0.003932841125203463,-0.006680294725193037,0.014545976975599964,0.05,True
22,65536,131072,1800.0,ensemble_mean_l1_bins_500,0.0029760395838790577,0.0018166252928506735,0.009192282928366257,0.01,True
22,65536,131072,1800.0,golovin_relative_error_radius_moment_0_m3,-0.0017948561576964827,-0.005817210593063728,0.0022274982776707627,0.05,True
22,65536,131072,1800.0,golovin_relative_error_radius_moment_6_um6_m3,0.0024392991328900473,-0.010170255736550915,0.015048854002331009,0.05,True
22,65536,131072,2400.0,ensemble_mean_l1_bins_500,0.002915254703770369,0.0013238669211240873,0.009255308127708221,0.01,True
22,65536,131072,2400.0,golovin_relative_error_radius_moment_0_m3,-0.0012539710839893203,-0.005483444489689389,0.002975502321710749,0.05,True
22,65536,131072,2400.0,golovin_relative_error_radius_moment_6_um6_m3,0.0016295257509943118,-0.013612364828494468,0.016871416330483092,0.05,True
22,65536,131072,3000.0,ensemble_mean_l1_bins_500,0.00402507820412765,0.001782289248045146,0.011287832255880667,0.01,False
22,65536,131072,3000.0,golovin_relative_error_radius_moment_0_m3,-0.0009783010397904968,-0.005257881380885173,0.00330127930130418,0.05,True
22,65536,131072,3000.0,golovin_relative_error_radius_moment_6_um6_m3,0.0033484677999073243,-0.013345971111653952,0.020042906711468602,0.05,True
22,65536,131072,3600.0,ensemble_mean_l1_bins_500,0.005604289643961436,0.002515205430604202,0.013747597869773412,0.01,False
22,65536,131072,3600.0,golovin_relative_error_radius_moment_0_m3,-0.0008456269565198626,-0.005149576049690558,0.003458322136650833,0.05,True
22,65536,131072,3600.0,golovin_relative_error_radius_moment_6_um6_m3,0.010087571690162656,-0.009554942572964402,0.029730085953289714,0.05,True
22,131072,262144,600.0,ensemble_mean_l1_bins_500,0.002497011719437583,0.0009577162003507638,0.006448344534896674,0.01,True
22,131072,262144,600.0,golovin_relative_error_radius_moment_0_m3,0.00016382287507628714,-0.0016302313425559567,0.001957877092708531,0.05,True
22,131072,262144,600.0,golovin_relative_error_radius_moment_6_um6_m3,0.0008865077998372172,-0.004539742513658552,0.006312758113332986,0.05,True
22,131072,262144,1200.0,ensemble_mean_l1_bins_500,0.0008464294219957093,0.0003251016532523293,0.005738300250866175,0.01,True
22,131072,262144,1200.0,golovin_relative_error_radius_moment_0_m3,-8.657924200521582e-05,-0.002457391199249521,0.002284232715239089,0.05,True
22,131072,262144,1200.0,golovin_relative_error_radius_moment_6_um6_m3,7.791571862661006e-06,-0.008046610389454721,0.008062193533180044,0.05,True
22,131072,262144,1800.0,ensemble_mean_l1_bins_500,0.0012721035654429773,0.00014837403193358875,0.00510958640967545,0.01,True
22,131072,262144,1800.0,golovin_relative_error_radius_moment_0_m3,0.0002146955392887162,-0.0025881286578747233,0.0030175197364521555,0.05,True
22,131072,262144,1800.0,golovin_relative_error_radius_moment_6_um6_m3,0.0013788689827167588,-0.007418911264319693,0.01017664922975321,0.05,True
22,131072,262144,2400.0,ensemble_mean_l1_bins_500,0.001735620714457784,0.0008775707426702968,0.006466539099875968,0.01,True
22,131072,262144,2400.0,golovin_relative_error_radius_moment_0_m3,-4.2403988575356226e-07,-0.0028806057368571084,0.002879757657085601,0.05,True
22,131072,262144,2400.0,golovin_relative_error_radius_moment_6_um6_m3,0.0014596419037190356,-0.0101881512030759,0.013107435010513969,0.05,True
22,131072,262144,3000.0,ensemble_mean_l1_bins_500,0.0027775652188570202,0.001181636294468746,0.00822996562373954,0.01,True
22,131072,262144,3000.0,golovin_relative_error_radius_moment_0_m3,-0.00038104480703589957,-0.0033032183360603555,0.0025411287219885563,0.05,True
22,131072,262144,3000.0,golovin_relative_error_radius_moment_6_um6_m3,-0.0016255043479852008,-0.014115568585582456,0.010864559889612053,0.05,True
22,131072,262144,3600.0,ensemble_mean_l1_bins_500,0.0017254934217523984,0.0006775104006113419,0.008820191596049881,0.01,True
22,131072,262144,3600.0,golovin_relative_error_radius_moment_0_m3,-0.0005136906947181564,-0.0035040103105097643,0.0024766289210734513,0.05,True
22,131072,262144,3600.0,golovin_relative_error_radius_moment_6_um6_m3,-0.0049779613673325345,-0.01993961309145417,0.009983690356789102,0.05,True
22,262144,524288,600.0,ensemble_mean_l1_bins_500,0.0007355156887138433,8.572794757049483e-05,0.004031391540881832,0.01,True
22,262144,524288,600.0,golovin_relative_error_radius_moment_0_m3,0.00040141646928275597,-0.0008029967484559388,0.0016058296870214508,0.05,True
22,262144,524288,600.0,golovin_relative_error_radius_moment_6_um6_m3,-0.0014727588055359676,-0.0051609525930174024,0.002215434981945467,0.05,True
22,262144,524288,1200.0,ensemble_mean_l1_bins_500,0.0017338786552034127,0.0006417277559641183,0.00428649848900346,0.01,True
22,262144,524288,1200.0,golovin_relative_error_radius_moment_0_m3,0.0004847951379755466,-0.0009723537221994472,0.0019419439981505405,0.05,True
22,262144,524288,1200.0,golovin_relative_error_radius_moment_6_um6_m3,-0.0025171231595888036,-0.008382386408510441,0.003348140089332834,0.05,True
22,262144,524288,1800.0,ensemble_mean_l1_bins_500,6.46959507032141e-05,-0.0003183503382815268,0.0032013021702033254,0.01,True
22,262144,524288,1800.0,golovin_relative_error_radius_moment_0_m3,0.0003837102741382026,-0.0012890885749427163,0.0020565091232191213,0.05,True
22,262144,524288,1800.0,golovin_relative_error_radius_moment_6_um6_m3,-0.00348228201715288,-0.010176089066649468,0.003211525032343708,0.05,True
22,262144,524288,2400.0,ensemble_mean_l1_bins_500,0.0006598738745946893,0.00031843592070013706,0.004150141061234743,0.01,True
22,262144,524288,2400.0,golovin_relative_error_radius_moment_0_m3,0.0004035918554146756,-0.0013666057864529075,0.0021737894972822585,0.05,True
22,262144,524288,2400.0,golovin_relative_error_radius_moment_6_um6_m3,-0.0037443082844848875,-0.0120309704848432,0.004542353915873426,0.05,True
22,262144,524288,3000.0,ensemble_mean_l1_bins_500,0.001516543545350411,0.0006833255069049367,0.005477198946302491,0.01,True
22,262144,524288,3000.0,golovin_relative_error_radius_moment_0_m3,0.0007277641279180336,-0.001059779067232679,0.0025153073230687463,0.05,True
22,262144,524288,3000.0,golovin_relative_error_radius_moment_6_um6_m3,-0.0038374098021472934,-0.013129001486546067,0.005454181882251481,0.05,True
22,262144,524288,3600.0,ensemble_mean_l1_bins_500,0.0032703426268106423,0.0014318125220496975,0.007371545568544203,0.01,True
22,262144,524288,3600.0,golovin_relative_error_radius_moment_0_m3,0.0007689713332399318,-0.0010310518119047843,0.0025689944783846477,0.05,True
22,262144,524288,3600.0,golovin_relative_error_radius_moment_6_um6_m3,-0.005357345645719678,-0.01720093538976459,0.006486244098325235,0.05,True
22,524288,1048576,600.0,ensemble_mean_l1_bins_500,0.0010780850054800933,0.0005019821393319415,0.003232404934420509,0.01,True
22,524288,1048576,600.0,golovin_relative_error_radius_moment_0_m3,-8.31498148549792e-05,-0.0010011949676074496,0.0008348953378974912,0.05,True
22,524288,1048576,600.0,golovin_relative_error_radius_moment_6_um6_m3,0.0012328279854281511,-0.0011556237211049003,0.0036212796919612026,0.05,True
22,524288,1048576,1200.0,ensemble_mean_l1_bins_500,0.0009844293107363067,0.0004600970776704155,0.0031878601280557303,0.01,True
22,524288,1048576,1200.0,golovin_relative_error_radius_moment_0_m3,0.0004598926614633192,-0.0006821522898818122,0.0016019376128084506,0.05,True
22,524288,1048576,1200.0,golovin_relative_error_radius_moment_6_um6_m3,0.0014552631040591346,-0.002399622103500256,0.005310148311618525,0.05,True
22,524288,1048576,1800.0,ensemble_mean_l1_bins_500,0.0010559623399274479,0.00032993305008586577,0.0027756216800565187,0.01,True
22,524288,1048576,1800.0,golovin_relative_error_radius_moment_0_m3,0.00044236324496952587,-0.0008026114204536144,0.0016873379103926661,0.05,True
22,524288,1048576,1800.0,golovin_relative_error_radius_moment_6_um6_m3,0.001893796506546459,-0.0022598066357706137,0.006047399648863532,0.05,True
22,524288,1048576,2400.0,ensemble_mean_l1_bins_500,0.0007962183811570352,0.00041512098877055203,0.0026268152421610055,0.01,True
22,524288,1048576,2400.0,golovin_relative_error_radius_moment_0_m3,0.0002887796449694635,-0.0010252832766404175,0.0016028425665793446,0.05,True
22,524288,1048576,2400.0,golovin_relative_error_radius_moment_6_um6_m3,0.0021344281150293297,-0.002906670071199202,0.007175526301257861,0.05,True
22,524288,1048576,3000.0,ensemble_mean_l1_bins_500,0.0008141929583655801,0.00023065690595475393,0.0035849155726085636,0.01,True
22,524288,1048576,3000.0,golovin_relative_error_radius_moment_0_m3,0.00020163086389133998,-0.0011201156716825259,0.0015233773994652057,0.05,True
22,524288,1048576,3000.0,golovin_relative_error_radius_moment_6_um6_m3,0.0024725315069291432,-0.003791089323941664,0.00873615233779995,0.05,True
22,524288,1048576,3600.0,ensemble_mean_l1_bins_500,0.0010994792830759216,0.0006654339921186937,0.004557732922759335,0.01,True
22,524288,1048576,3600.0,golovin_relative_error_radius_moment_0_m3,0.00019295888261293247,-0.0011424278754308993,0.0015283456406567641,0.05,True
22,524288,1048576,3600.0,golovin_relative_error_radius_moment_6_um6_m3,0.002438405528546057,-0.005666808554991746,0.01054361961208386,0.05,True
23,4096,8192,600.0,ensemble_mean_l1_bins_500,0.010646443679656024,0.003953430297343541,0.03340682159121578,0.01,False
23,4096,8192,600.0,golovin_relative_error_radius_moment_0_m3,0.002918019986929295,-0.008780133742851182,0.014616173716709771,0.05,True
23,4096,8192,600.0,golovin_relative_error_radius_moment_6_um6_m3,-0.009391378343555325,-0.03759827747075629,0.018815520783645637,0.05,True
23,4096,8192,1200.0,ensemble_mean_l1_bins_500,0.01032932340727128,0.004186323350034562,0.033831929242440203,0.01,False
23,4096,8192,1200.0,golovin_relative_error_radius_moment_0_m3,0.0011462970863592092,-0.012062891416163988,0.014355485588882406,0.05,True
23,4096,8192,1200.0,golovin_relative_error_radius_moment_6_um6_m3,-0.009496849491848577,-0.05329288093494449,0.034299181951247336,0.05,False
23,4096,8192,1800.0,ensemble_mean_l1_bins_500,0.010539323146189473,0.004290921046004519,0.03333002770534368,0.01,False
23,4096,8192,1800.0,golovin_relative_error_radius_moment_0_m3,-0.002686110060303406,-0.017038412271087825,0.011666192150481014,0.05,True
23,4096,8192,1800.0,golovin_relative_error_radius_moment_6_um6_m3,-0.005732354361670149,-0.059275566093140955,0.04781085736980066,0.05,False
23,4096,8192,2400.0,ensemble_mean_l1_bins_500,0.014121665108384713,0.0066674061705754364,0.03840398457411857,0.01,False
23,4096,8192,2400.0,golovin_relative_error_radius_moment_0_m3,-0.0015882544173717438,-0.01723991142427756,0.014063402589534075,0.05,True
23,4096,8192,2400.0,golovin_relative_error_radius_moment_6_um6_m3,0.0011396646773432668,-0.0601661154610309,0.06244544481571744,0.05,False
23,4096,8192,3000.0,ensemble_mean_l1_bins_500,0.016170966190678197,0.004999778046686908,0.042430898977870266,0.01,False
23,4096,8192,3000.0,golovin_relative_error_radius_moment_0_m3,-7.9981786087523e-06,-0.01564222948607724,0.01562623312885974,0.05,True
23,4096,8192,3000.0,golovin_relative_error_radius_moment_6_um6_m3,0.009258408735591106,-0.06889269299895825,0.08740951047014048,0.05,False
23,4096,8192,3600.0,ensemble_mean_l1_bins_500,0.01523766158126355,0.006690827239425521,0.04978955771775433,0.01,False
23,4096,8192,3600.0,golovin_relative_error_radius_moment_0_m3,0.00011808026243442554,-0.015667038791759024,0.015903199316627873,0.05,True
23,4096,8192,3600.0,golovin_relative_error_radius_moment_6_um6_m3,-0.011400566122131662,-0.10043343689862576,0.07763230465436242,0.05,False
23,8192,16384,600.0,ensemble_mean_l1_bins_500,0.00447613162721236,0.0009698476829450417,0.022786481572843492,0.01,False
23,8192,16384,600.0,golovin_relative_error_radius_moment_0_m3,-0.0005037539747149311,-0.00807897125994629,0.007071463310516428,0.05,True
23,8192,16384,600.0,golovin_relative_error_radius_moment_6_um6_m3,-0.006482440720361811,-0.029603232681376115,0.016638351240652494,0.05,True
23,8192,16384,1200.0,ensemble_mean_l1_bins_500,0.011324354208979644,0.004339745288508666,0.025471765479898965,0.01,False
23,8192,16384,1200.0,golovin_relative_error_radius_moment_0_m3,-0.0025524423585875965,-0.012262178365058586,0.007157293647883392,0.05,True
23,8192,16384,1200.0,golovin_relative_error_radius_moment_6_um6_m3,0.0025103638737196702,-0.029294472444861875,0.034315200192301214,0.05,True
23,8192,16384,1800.0,ensemble_mean_l1_bins_500,0.00480244635985496,0.002684063481371383,0.02330393333821857,0.01,False
23,8192,16384,1800.0,golovin_relative_error_radius_moment_0_m3,-0.0011936271905278305,-0.011557909485925803,0.009170655104870142,0.05,True
23,8192,16384,1800.0,golovin_relative_error_radius_moment_6_um6_m3,-0.0013483605455431504,-0.04105854947539709,0.038361828384310785,0.05,True
23,8192,16384,2400.0,ensemble_mean_l1_bins_500,0.00466168817817194,0.0020965953308780126,0.024662533639126034,0.01,False
23,8192,16384,2400.0,golovin_relative_error_radius_moment_0_m3,0.0016517359100811733,-0.00963732376725939,0.012940795587421736,0.05,True
23,8192,16384,2400.0,golovin_relative_error_radius_moment_6_um6_m3,-0.010217970884599333,-0.05632518058345274,0.03588923881425408,0.05,False
23,8192,16384,3000.0,ensemble_mean_l1_bins_500,0.012827281353564531,0.006731467598861366,0.03430971607178442,0.01,False
23,8192,16384,3000.0,golovin_relative_error_radius_moment_0_m3,0.000918970439858131,-0.010104668779952065,0.011942609659668327,0.05,True
23,8192,16384,3000.0,golovin_relative_error_radius_moment_6_um6_m3,-0.006490784661598115,-0.05982409400258083,0.0468425246793846,0.05,False
23,8192,16384,3600.0,ensemble_mean_l1_bins_500,0.013202520108023919,0.006880878546783244,0.0376125955183376,0.01,False
23,8192,16384,3600.0,golovin_relative_error_radius_moment_0_m3,0.0010989830137686663,-0.0100346686737582,0.012232634701295533,0.05,True
23,8192,16384,3600.0,golovin_relative_error_radius_moment_6_um6_m3,0.009531054400332403,-0.06037474000437627,0.07943684880504108,0.05,False
23,16384,32768,600.0,ensemble_mean_l1_bins_500,0.006161136760722852,0.0025872322124882367,0.017993440546105,0.01,False
23,16384,32768,600.0,golovin_relative_error_radius_moment_0_m3,-8.014604561796591e-05,-0.005149529506297849,0.004989237415061918,0.05,True
23,16384,32768,600.0,golovin_relative_error_radius_moment_6_um6_m3,0.01173651583644503,-0.005285761857274415,0.028758793530164476,0.05,True
23,16384,32768,1200.0,ensemble_mean_l1_bins_500,0.005853257028353542,0.003601874397003278,0.018144430736486174,0.01,False
23,16384,32768,1200.0,golovin_relative_error_radius_moment_0_m3,0.0040571288564103655,-0.0020960349231010193,0.01021029263592175,0.05,True
23,16384,32768,1200.0,golovin_relative_error_radius_moment_6_um6_m3,0.009304513644161018,-0.015366377802468871,0.03397540509079091,0.05,True
23,16384,32768,1800.0,ensemble_mean_l1_bins_500,0.0072090668655704175,0.003124295375049599,0.01757094433262141,0.01,False
23,16384,32768,1800.0,golovin_relative_error_radius_moment_0_m3,0.0034602455734436075,-0.003934755075624237,0.010855246222511453,0.05,True
23,16384,32768,1800.0,golovin_relative_error_radius_moment_6_um6_m3,0.007117916265123314,-0.02167060284143733,0.03590643537168396,0.05,True
23,16384,32768,2400.0,ensemble_mean_l1_bins_500,0.00751030049743337,0.004087071369811062,0.019873629817371032,0.01,False
23,16384,32768,2400.0,golovin_relative_error_radius_moment_0_m3,0.0024852759826798354,-0.004972727751531784,0.009943279716891455,0.05,True
23,16384,32768,2400.0,golovin_relative_error_radius_moment_6_um6_m3,0.009559972069699996,-0.02176103194474171,0.0408809760841417,0.05,True
23,16384,32768,3000.0,ensemble_mean_l1_bins_500,0.0021359369937048803,0.0006408059207977302,0.019359135303079145,0.01,False
23,16384,32768,3000.0,golovin_relative_error_radius_moment_0_m3,0.002119471252625711,-0.005515128835761043,0.009754071341012464,0.05,True
23,16384,32768,3000.0,golovin_relative_error_radius_moment_6_um6_m3,0.007043881161207308,-0.029943795577894214,0.044031557900308826,0.05,True
23,16384,32768,3600.0,ensemble_mean_l1_bins_500,0.005348978564942396,0.0025235543953183188,0.02400800191830628,0.01,False
23,16384,32768,3600.0,golovin_relative_error_radius_moment_0_m3,0.002085467647579744,-0.005650274016235411,0.009821209311394899,0.05,True
23,16384,32768,3600.0,golovin_relative_error_radius_moment_6_um6_m3,-0.006194628109735574,-0.05456511128129341,0.04217585506182226,0.05,False
23,32768,65536,600.0,ensemble_mean_l1_bins_500,0.004128061565405553,0.0013930598881783786,0.012151327845070283,0.01,False
23,32768,65536,600.0,golovin_relative_error_radius_moment_0_m3,0.002110027418174125,-0.0016196522183068271,0.005839707054655077,0.05,True
23,32768,65536,600.0,golovin_relative_error_radius_moment_6_um6_m3,-0.005308097953690396,-0.015872873669120397,0.005256677761739604,0.05,True
23,32768,65536,1200.0,ensemble_mean_l1_bins_500,0.0033165862281304154,0.00096519987081859,0.011655335452010125,0.01,False
23,32768,65536,1200.0,golovin_relative_error_radius_moment_0_m3,-0.00021531732888159017,-0.005058514142940152,0.004627879485176972,0.05,True
23,32768,65536,1200.0,golovin_relative_error_radius_moment_6_um6_m3,-0.005829066211151308,-0.02214969666230612,0.010491564240003502,0.05,True
23,32768,65536,1800.0,ensemble_mean_l1_bins_500,0.0022106959658821177,0.0012218502441658536,0.011436873151697531,0.01,False
23,32768,65536,1800.0,golovin_relative_error_radius_moment_0_m3,-0.0005116366193819945,-0.006019913164726767,0.004996639925962778,0.05,True
23,32768,65536,1800.0,golovin_relative_error_radius_moment_6_um6_m3,-0.004109276868206422,-0.02361878799380349,0.015400234257390646,0.05,True
23,32768,65536,2400.0,ensemble_mean_l1_bins_500,0.0029214316708307247,0.0012715498061999849,0.012048073524421558,0.01,False
23,32768,65536,2400.0,golovin_relative_error_radius_moment_0_m3,-0.0008068765792259502,-0.006449917834169936,0.004836164675718036,0.05,True
23,32768,65536,2400.0,golovin_relative_error_radius_moment_6_um6_m3,-0.006609878357270577,-0.0298734911003997,0.016653734385858546,0.05,True
23,32768,65536,3000.0,ensemble_mean_l1_bins_500,0.005770418455639723,0.003087204053306305,0.016181967693020535,0.01,False
23,32768,65536,3000.0,golovin_relative_error_radius_moment_0_m3,-0.000476973385106203,-0.006336726672694399,0.005382779902481993,0.05,True
23,32768,65536,3000.0,golovin_relative_error_radius_moment_6_um6_m3,-0.0059289581581573264,-0.03341177411261147,0.021553857796296816,0.05,True
23,32768,65536,3600.0,ensemble_mean_l1_bins_500,0.005294262234892724,0.0020638822943253934,0.01772290401374536,0.01,False
23,32768,65536,3600.0,golovin_relative_error_radius_moment_0_m3,-0.0006184310353840617,-0.0064604497864945536,0.0052235877157264295,0.05,True
23,32768,65536,3600.0,golovin_relative_error_radius_moment_6_um6_m3,-0.005842607661894012,-0.03678103455416866,0.025095819230380637,0.05,True
23,65536,131072,600.0,ensemble_mean_l1_bins_500,0.0022743987140059945,0.0011139932944169478,0.008713896787953385,0.01,True
23,65536,131072,600.0,golovin_relative_error_radius_moment_0_m3,-0.0022571724052171806,-0.0049348785745133485,0.000420533764078987,0.05,True
23,65536,131072,600.0,golovin_relative_error_radius_moment_6_um6_m3,-0.0003480841588496531,-0.0074689525343523975,0.006772784216653091,0.05,True
23,65536,131072,1200.0,ensemble_mean_l1_bins_500,0.0018120146021446447,0.0005763968581588185,0.008478218492855495,0.01,True
23,65536,131072,1200.0,golovin_relative_error_radius_moment_0_m3,-0.002388720251492169,-0.0059676713060367766,0.001190230803052438,0.05,True
23,65536,131072,1200.0,golovin_relative_error_radius_moment_6_um6_m3,0.003932841125203463,-0.006432026167481817,0.014297708417888744,0.05,True
23,65536,131072,1800.0,ensemble_mean_l1_bins_500,0.0029760395838790577,0.0018476796029694596,0.00898933561428386,0.01,True
23,65536,131072,1800.0,golovin_relative_error_radius_moment_0_m3,-0.0017948561576964827,-0.005723117303485559,0.002133404988092594,0.05,True
23,65536,131072,1800.0,golovin_relative_error_radius_moment_6_um6_m3,0.0024392991328900473,-0.009873304908284638,0.014751903174064732,0.05,True
23,65536,131072,2400.0,ensemble_mean_l1_bins_500,0.002915254703770369,0.0013151809514343692,0.009070747476582488,0.01,True
23,65536,131072,2400.0,golovin_relative_error_radius_moment_0_m3,-0.0012539710839893203,-0.005384337360523734,0.002876395192545093,0.05,True
23,65536,131072,2400.0,golovin_relative_error_radius_moment_6_um6_m3,0.0016295257509943118,-0.013255839758451913,0.016514891260440537,0.05,True
23,65536,131072,3000.0,ensemble_mean_l1_bins_500,0.00402507820412765,0.0018331937367053494,0.011136282376337322,0.01,False
23,65536,131072,3000.0,golovin_relative_error_radius_moment_0_m3,-0.0009783010397904968,-0.005157631678417238,0.0032010295988362442,0.05,True
23,65536,131072,3000.0,golovin_relative_error_radius_moment_6_um6_m3,0.0033484677999073243,-0.012954981225990592,0.019651916825805242,0.05,True
23,65536,131072,3600.0,ensemble_mean_l1_bins_500,0.005604289643961436,0.0025270937731515096,0.013637933390362435,0.01,False
23,65536,131072,3600.0,golovin_relative_error_radius_moment_0_m3,-0.0008456269565198626,-0.0050488727273182874,0.003357618814278562,0.05,True
23,65536,131072,3600.0,golovin_relative_error_radius_moment_6_um6_m3,0.010087571690162656,-0.009094490589373835,0.029269633969699147,0.05,True
23,131072,262144,600.0,ensemble_mean_l1_bins_500,0.002497011719437583,0.000903597744330561,0.006295818144400327,0.01,True
23,131072,262144,600.0,golovin_relative_error_radius_moment_0_m3,0.00016382287507628714,-0.0015879772023027928,0.001915622952455367,0.05,True
23,131072,262144,600.0,golovin_relative_error_radius_moment_6_um6_m3,0.0008865077998372172,-0.00441239014400653,0.006185405743680965,0.05,True
23,131072,262144,1200.0,ensemble_mean_l1_bins_500,0.0008464294219957093,0.0003357374861296969,0.0055501416885032455,0.01,True
23,131072,262144,1200.0,golovin_relative_error_radius_moment_0_m3,-8.657924200521582e-05,-0.0024013480457315377,0.0022281895617211065,0.05,True
23,131072,262144,1200.0,golovin_relative_error_radius_moment_6_um6_m3,7.791571862661006e-06,-0.007858165143374172,0.007873748287099495,0.05,True
23,131072,262144,1800.0,ensemble_mean_l1_bins_500,0.0012721035654429773,0.00018554987489449788,0.004972558644157817,0.01,True
23,131072,262144,1800.0,golovin_relative_error_radius_moment_0_m3,0.0002146955392887162,-0.002521771791976905,0.002951162870554337,0.05,True
23,131072,262144,1800.0,golovin_relative_error_radius_moment_6_um6_m3,0.0013788689827167588,-0.007213673498039554,0.009971411463473072,0.05,True
23,131072,262144,2400.0,ensemble_mean_l1_bins_500,0.001735620714457784,0.0009194409099622357,0.0063455879666896985,0.01,True
23,131072,262144,2400.0,golovin_relative_error_radius_moment_0_m3,-4.2403988575356226e-07,-0.0028125952163421068,0.0028117471365705993,0.05,True
23,131072,262144,2400.0,golovin_relative_error_radius_moment_6_um6_m3,0.0014596419037190356,-0.009915755437417673,0.012835039244855746,0.05,True
23,131072,262144,3000.0,ensemble_mean_l1_bins_500,0.0027775652188570202,0.0011255240610434532,0.0081062311184569,0.01,True
23,131072,262144,3000.0,golovin_relative_error_radius_moment_0_m3,-0.00038104480703589957,-0.0032341680095262647,0.0024720783954544656,0.05,True
23,131072,262144,3000.0,golovin_relative_error_radius_moment_6_um6_m3,-0.0016255043479852008,-0.013823606151779032,0.01057259745580863,0.05,True
23,131072,262144,3600.0,ensemble_mean_l1_bins_500,0.0017254934217523984,0.0006674178235599027,0.008665666438956176,0.01,True
23,131072,262144,3600.0,golovin_relative_error_radius_moment_0_m3,-0.0005136906947181564,-0.003433245658492629,0.002405864269056316,0.05,True
23,131072,262144,3600.0,golovin_relative_error_radius_moment_6_um6_m3,-0.0049779613673325345,-0.019590595213526785,0.009634672478861715,0.05,True
23,262144,524288,600.0,ensemble_mean_l1_bins_500,0.0007355156887138433,9.552024321230725e-05,0.003969602240711652,0.01,True
23,262144,524288,600.0,golovin_relative_error_radius_moment_0_m3,0.00040141646928275597,-0.0007748411554002839,0.001577674093965796,0.05,True
23,262144,524288,600.0,golovin_relative_error_radius_moment_6_um6_m3,-0.0014727588055359676,-0.005074265983636638,0.002128748372564703,0.05,True
23,262144,524288,1200.0,ensemble_mean_l1_bins_500,0.0017338786552034127,0.0007015691911636092,0.00424554767037436,0.01,True
23,262144,524288,1200.0,golovin_relative_error_radius_moment_0_m3,0.0004847951379755466,-0.0009382244160272095,0.0019078146919783029,0.05,True
23,262144,524288,1200.0,golovin_relative_error_radius_moment_6_um6_m3,-0.0025171231595888036,-0.008244618214992418,0.0032103718958148104,0.05,True
23,262144,524288,1800.0,ensemble_mean_l1_bins_500,6.46959507032141e-05,-0.00032277063930590764,0.0031016672132057528,0.01,True
23,262144,524288,1800.0,golovin_relative_error_radius_moment_0_m3,0.0003837102741382026,-0.00124990025801714,0.0020173208062935453,0.05,True
23,262144,524288,1800.0,golovin_relative_error_radius_moment_6_um6_m3,-0.00348228201715288,-0.010018072221839333,0.0030535081875335724,0.05,True
23,262144,524288,2400.0,ensemble_mean_l1_bins_500,0.0006598738745946893,0.00031596509598663273,0.004095776172650325,0.01,True
23,262144,524288,2400.0,golovin_relative_error_radius_moment_0_m3,0.0004035918554146756,-0.001325057838757046,0.0021322415495863972,0.05,True
23,262144,524288,2400.0,golovin_relative_error_radius_moment_6_um6_m3,-0.0037443082844848875,-0.011835327348896203,0.004346710779926429,0.05,True
23,262144,524288,3000.0,ensemble_mean_l1_bins_500,0.001516543545350411,0.0006873575452165534,0.005340637429396737,0.01,True
23,262144,524288,3000.0,golovin_relative_error_radius_moment_0_m3,0.0007277641279180336,-0.0010178613024928417,0.0024733895583289086,0.05,True
23,262144,524288,3000.0,golovin_relative_error_radius_moment_6_um6_m3,-0.0038374098021472934,-0.012910770564831609,0.005235950960537023,0.05,True
23,262144,524288,3600.0,ensemble_mean_l1_bins_500,0.0032703426268106423,0.001463438742332899,0.007285728782571085,0.01,True
23,262144,524288,3600.0,golovin_relative_error_radius_moment_0_m3,0.0007689713332399318,-0.0009888859047597189,0.0025268285712395826,0.05,True
23,262144,524288,3600.0,golovin_relative_error_radius_moment_6_um6_m3,-0.005357345645719678,-0.016922936805874114,0.006208245514434757,0.05,True
23,524288,1048576,600.0,ensemble_mean_l1_bins_500,0.0010780850054800933,0.0005065396938360593,0.003140356417621131,0.01,True
23,524288,1048576,600.0,golovin_relative_error_radius_moment_0_m3,-8.31498148549792e-05,-0.0009796945921400468,0.0008133949624300885,0.05,True
23,524288,1048576,600.0,golovin_relative_error_radius_moment_6_um6_m3,0.0012328279854281511,-0.0010993098288782977,0.0035649657997346,0.05,True
23,524288,1048576,1200.0,ensemble_mean_l1_bins_500,0.0009844293107363067,0.0004686213400077868,0.003133561259469689,0.01,True
23,524288,1048576,1200.0,golovin_relative_error_radius_moment_0_m3,0.0004598926614633192,-0.0006555226231823659,0.0015753079461090043,0.05,True
23,524288,1048576,1200.0,golovin_relative_error_radius_moment_6_um6_m3,0.0014552631040591346,-0.0023087754065240036,0.005219301614642273,0.05,True
23,524288,1048576,1800.0,ensemble_mean_l1_bins_500,0.0010559623399274479,0.0003447097065346473,0.0027267167369954158,0.01,True
23,524288,1048576,1800.0,golovin_relative_error_radius_moment_0_m3,0.00044236324496952587,-0.000773510409187543,0.0016582368991265948,0.05,True
23,524288,1048576,1800.0,golovin_relative_error_radius_moment_6_um6_m3,0.001893796506546459,-0.0021623683341292672,0.005949961347222185,0.05,True
23,524288,1048576,2400.0,ensemble_mean_l1_bins_500,0.0007962183811570352,0.00041574009677188727,0.002565337601907155,0.01,True
23,524288,1048576,2400.0,golovin_relative_error_radius_moment_0_m3,0.0002887796449694635,-0.0009946278187809765,0.0015721871087199036,0.05,True
23,524288,1048576,2400.0,golovin_relative_error_radius_moment_6_um6_m3,0.0021344281150293297,-0.002788150329246765,0.007057006559305424,0.05,True
23,524288,1048576,3000.0,ensemble_mean_l1_bins_500,0.0008141929583655801,0.00024759130233436666,0.0034846977121284367,0.01,True
23,524288,1048576,3000.0,golovin_relative_error_radius_moment_0_m3,0.00020163086389133998,-0.0010892474760495945,0.0014925092038322743,0.05,True
23,524288,1048576,3000.0,golovin_relative_error_radius_moment_6_um6_m3,0.0024725315069291432,-0.0036439820111546606,0.008589045025012947,0.05,True
23,524288,1048576,3600.0,ensemble_mean_l1_bins_500,0.0010994792830759216,0.0006723301891993564,0.0044747826960729875,0.01,True
23,524288,1048576,3600.0,golovin_relative_error_radius_moment_0_m3,0.00019295888261293247,-0.0011112028416698102,0.001497120606895675,0.05,True
23,524288,1048576,3600.0,golovin_relative_error_radius_moment_6_um6_m3,0.002438405528546057,-0.0054765289791675106,0.010353340036259625,0.05,True
24,4096,8192,600.0,ensemble_mean_l1_bins_500,0.010646443679656024,0.003928070032899666,0.03300192684598213,0.01,False
24,4096,8192,600.0,golovin_relative_error_radius_moment_0_m3,0.002918019986929295,-0.008517384963038195,0.014353424936896784,0.05,True
24,4096,8192,600.0,golovin_relative_error_radius_moment_6_um6_m3,-0.009391378343555325,-0.03696938314873339,0.018186626461622737,0.05,True
24,4096,8192,1200.0,ensemble_mean_l1_bins_500,0.01032932340727128,0.004058150861131857,0.03330624815038649,0.01,False
24,4096,8192,1200.0,golovin_relative_error_radius_moment_0_m3,0.0011462970863592092,-0.011768273792198034,0.014060867964916452,0.05,True
24,4096,8192,1200.0,golovin_relative_error_radius_moment_6_um6_m3,-0.009496849491848577,-0.05231079213518262,0.03331709315148546,0.05,False
24,4096,8192,1800.0,ensemble_mean_l1_bins_500,0.010539323146189473,0.004331055784369499,0.03246755057323751,0.01,False
24,4096,8192,1800.0,golovin_relative_error_radius_moment_0_m3,-0.002686110060303406,-0.016717478197285675,0.011345258076678862,0.05,True
24,4096,8192,1800.0,golovin_relative_error_radius_moment_6_um6_m3,-0.005732354361670149,-0.05807843059857098,0.04661372187523068,0.05,False
24,4096,8192,2400.0,ensemble_mean_l1_bins_500,0.014121665108384713,0.006528045809732219,0.03781184673731669,0.01,False
24,4096,8192,2400.0,golovin_relative_error_radius_moment_0_m3,-0.0015882544173717438,-0.016890333452662217,0.01371382461791873,0.05,True
24,4096,8192,2400.0,golovin_relative_error_radius_moment_6_um6_m3,0.0011396646773432668,-0.05879896816852537,0.061078297523211894,0.05,False
24,4096,8192,3000.0,ensemble_mean_l1_bins_500,0.016170966190678197,0.0049381447844191375,0.041831486050888426,0.01,False
24,4096,8192,3000.0,golovin_relative_error_radius_moment_0_m3,-7.9981786087523e-06,-0.015292529752612988,0.015276533395395482,0.05,True
24,4096,8192,3000.0,golovin_relative_error_radius_moment_6_um6_m3,0.009258408735591106,-0.06714257999454293,0.08565939746572515,0.05,False
24,4096,8192,3600.0,ensemble_mean_l1_bins_500,0.01523766158126355,0.0068217572964083244,0.04902749770388918,0.01,False
24,4096,8192,3600.0,golovin_relative_error_radius_moment_0_m3,0.00011808026243442554,-0.015313896053123473,0.015550056577992325,0.05,True
24,4096,8192,3600.0,golovin_relative_error_radius_moment_6_um6_m3,-0.011400566122131662,-0.09844833855956203,0.0756472063152987,0.05,False
24,8192,16384,600.0,ensemble_mean_l1_bins_500,0.00447613162721236,0.0009705335153722917,0.02241496287604551,0.01,False
24,8192,16384,600.0,golovin_relative_error_radius_moment_0_m3,-0.0005037539747149311,-0.00790877471104525,0.0069012667616153885,0.05,True
24,8192,16384,600.0,golovin_relative_error_radius_moment_6_um6_m3,-0.006482440720361811,-0.029087269061119587,0.016122387620395966,0.05,True
24,8192,16384,1200.0,ensemble_mean_l1_bins_500,0.011324354208979644,0.004554098838495382,0.025224796189622593,0.01,False
24,8192,16384,1200.0,golovin_relative_error_radius_moment_0_m3,-0.0025524423585875965,-0.012043045204825943,0.006938160487650749,0.05,True
24,8192,16384,1200.0,golovin_relative_error_radius_moment_6_um6_m3,0.0025103638737196702,-0.028585231093345886,0.033605958840785224,0.05,True
24,8192,16384,1800.0,ensemble_mean_l1_bins_500,0.00480244635985496,0.0027147361394031628,0.02276885234235568,0.01,False
24,8192,16384,1800.0,golovin_relative_error_radius_moment_0_m3,-0.0011936271905278305,-0.011325582705719164,0.008938328324663503,0.05,True
24,8192,16384,1800.0,golovin_relative_error_radius_moment_6_um6_m3,-0.0013483605455431504,-0.04017053773769107,0.03747381664660476,0.05,True
24,8192,16384,2400.0,ensemble_mean_l1_bins_500,0.00466168817817194,0.0018235569367662712,0.024112370463534122,0.01,False
24,8192,16384,2400.0,golovin_relative_error_radius_moment_0_m3,0.0016517359100811733,-0.009383298390748664,0.012686770210911011,0.05,True
24,8192,16384,2400.0,golovin_relative_error_radius_moment_6_um6_m3,-0.010217970884599333,-0.055287782603779215,0.03485184083458055,0.05,False
24,8192,16384,3000.0,ensemble_mean_l1_bins_500,0.012827281353564531,0.006749884315545322,0.03367696800995985,0.01,False
24,8192,16384,3000.0,golovin_relative_error_radius_moment_0_m3,0.000918970439858131,-0.009857015995326002,0.011694956875042264,0.05,True
24,8192,16384,3000.0,golovin_relative_error_radius_moment_6_um6_m3,-0.006490784661598115,-0.05862465194233276,0.04564308261913653,0.05,False
24,8192,16384,3600.0,ensemble_mean_l1_bins_500,0.013202520108023919,0.0067042801870862805,0.0370813996642625,0.01,False
24,8192,16384,3600.0,golovin_relative_error_radius_moment_0_m3,0.0010989830137686663,-0.00978469719086534,0.011982663218402672,0.05,True
24,8192,16384,3600.0,golovin_relative_error_radius_moment_6_um6_m3,0.009531054400332403,-0.05880932083757767,0.07787142963824248,0.05,False
24,16384,32768,600.0,ensemble_mean_l1_bins_500,0.006161136760722852,0.0025078737822361585,0.01758517464567783,0.01,False
24,16384,32768,600.0,golovin_relative_error_radius_moment_0_m3,-8.014604561796591e-05,-0.005036133851703272,0.004875841760467341,0.05,True
24,16384,32768,600.0,golovin_relative_error_radius_moment_6_um6_m3,0.01173651583644503,-0.004902666623414664,0.028375698296304725,0.05,True
24,16384,32768,1200.0,ensemble_mean_l1_bins_500,0.005853257028353542,0.003581212280522075,0.017706855173441522,0.01,False
24,16384,32768,1200.0,golovin_relative_error_radius_moment_0_m3,0.0040571288564103655,-0.001958708542580293,0.010072966255401024,0.05,True
24,16384,32768,1200.0,golovin_relative_error_radius_moment_6_um6_m3,0.009304513644161018,-0.01481348175357698,0.033422509041899015,0.05,True
24,16384,32768,1800.0,ensemble_mean_l1_bins_500,0.0072090668655704175,0.0031660429716580452,0.017365950996065832,0.01,False
24,16384,32768,1800.0,golovin_relative_error_radius_moment_0_m3,0.0034602455734436075,-0.003769596734733271,0.010690087881620486,0.05,True
24,16384,32768,1800.0,golovin_relative_error_radius_moment_6_um6_m3,0.007117916265123314,-0.021025641856444236,0.03526147438669086,0.05,True
24,16384,32768,2400.0,ensemble_mean_l1_bins_500,0.00751030049743337,0.004057236830759499,0.01958411845644114,0.01,False
24,16384,32768,2400.0,golovin_relative_error_radius_moment_0_m3,0.0024852759826798354,-0.004806124871777483,0.009776676837137153,0.05,True
24,16384,32768,2400.0,golovin_relative_error_radius_moment_6_um6_m3,0.009559972069699996,-0.021062512187824803,0.040182456327224794,0.05,True
24,16384,32768,3000.0,ensemble_mean_l1_bins_500,0.0021359369937048803,0.0007744200742136341,0.0189515083713978,0.01,False
24,16384,32768,3000.0,golovin_relative_error_radius_moment_0_m3,0.002119471252625711,-0.005344771319441137,0.009583713824692558,0.05,True
24,16384,32768,3000.0,golovin_relative_error_radius_moment_6_um6_m3,0.007043881161207308,-0.02911937848877788,0.04320714081119249,0.05,True
24,16384,32768,3600.0,ensemble_mean_l1_bins_500,0.005348978564942396,0.0025706741640595197,0.02329779828486786,0.01,False
24,16384,32768,3600.0,golovin_relative_error_radius_moment_0_m3,0.002085467647579744,-0.005477565132794205,0.009648500427953692,0.05,True
24,16384,32768,3600.0,golovin_relative_error_radius_moment_6_um6_m3,-0.006194628109735574,-0.053479270809701225,0.041090014590230074,0.05,False
24,32768,65536,600.0,ensemble_mean_l1_bins_500,0.004128061565405553,0.0013558041404023707,0.012076612143216425,0.01,False
24,32768,65536,600.0,golovin_relative_error_radius_moment_0_m3,0.002110027418174125,-0.001536264916123567,0.005756319752471817,0.05,True
24,32768,65536,600.0,golovin_relative_error_radius_moment_6_um6_m3,-0.005308097953690396,-0.01563535540063623,0.005019159493255438,0.05,True
24,32768,65536,1200.0,ensemble_mean_l1_bins_500,0.0033165862281304154,0.0011156098197778045,0.011456426347774211,0.01,False
24,32768,65536,1200.0,golovin_relative_error_radius_moment_0_m3,-0.00021531732888159017,-0.004950345662027294,0.004519711004264114,0.05,True
24,32768,65536,1200.0,golovin_relative_error_radius_moment_6_um6_m3,-0.005829066211151308,-0.021781733078237015,0.010123600655934397,0.05,True
24,32768,65536,1800.0,ensemble_mean_l1_bins_500,0.0022106959658821177,0.001136308963560128,0.011263817266790469,0.01,False
24,32768,65536,1800.0,golovin_relative_error_radius_moment_0_m3,-0.0005116366193819945,-0.005896472404050719,0.0048731991652867295,0.05,True
24,32768,65536,1800.0,golovin_relative_error_radius_moment_6_um6_m3,-0.004109276868206422,-0.02318013904822576,0.014961585311812915,0.05,True
24,32768,65536,2400.0,ensemble_mean_l1_bins_500,0.0029214316708307247,0.0012352645851930284,0.011857023262549417,0.01,False
24,32768,65536,2400.0,golovin_relative_error_radius_moment_0_m3,-0.0008068765792259502,-0.00632372333517666,0.00470997017672476,0.05,True
24,32768,65536,2400.0,golovin_relative_error_radius_moment_6_um6_m3,-0.006609878357270577,-0.029349181035762062,0.016129424321220907,0.05,True
24,32768,65536,3000.0,ensemble_mean_l1_bins_500,0.005770418455639723,0.0030999946608547707,0.015948836774835634,0.01,False
24,32768,65536,3000.0,golovin_relative_error_radius_moment_0_m3,-0.000476973385106203,-0.006205508799623148,0.005251562029410742,0.05,True
24,32768,65536,3000.0,golovin_relative_error_radius_moment_6_um6_m3,-0.0059289581581573264,-0.032790326796087364,0.020932410479772713,0.05,True
24,32768,65536,3600.0,ensemble_mean_l1_bins_500,0.005294262234892724,0.0020621175743020274,0.01744148048513726,0.01,False
24,32768,65536,3600.0,golovin_relative_error_radius_moment_0_m3,-0.0006184310353840617,-0.006329603684515873,0.005092741613747749,0.05,True
24,32768,65536,3600.0,golovin_relative_error_radius_moment_6_um6_m3,-0.005842607661894012,-0.03608343864116066,0.02439822331737264,0.05,True
24,65536,131072,600.0,ensemble_mean_l1_bins_500,0.0022743987140059945,0.0011434266479376921,0.008609305058113454,0.01,True
24,65536,131072,600.0,golovin_relative_error_radius_moment_0_m3,-0.0022571724052171806,-0.004874788060530988,0.0003604432500966272,0.05,True
24,65536,131072,600.0,golovin_relative_error_radius_moment_6_um6_m3,-0.0003480841588496531,-0.007309920479258061,0.006613752161558755,0.05,True
24,65536,131072,1200.0,ensemble_mean_l1_bins_500,0.0018120146021446447,0.0006039684543868161,0.008297233907418542,0.01,True
24,65536,131072,1200.0,golovin_relative_error_radius_moment_0_m3,-0.002388720251492169,-0.00588739581112549,0.0011099553081411516,0.05,True
24,65536,131072,1200.0,golovin_relative_error_radius_moment_6_um6_m3,0.003932841125203463,-0.00620043628090855,0.014066118531315477,0.05,True
24,65536,131072,1800.0,ensemble_mean_l1_bins_500,0.0029760395838790577,0.0018416362734696124,0.008823894086334043,0.01,True
24,65536,131072,1800.0,golovin_relative_error_radius_moment_0_m3,-0.0017948561576964827,-0.005635345201553377,0.002045632886160412,0.05,True
24,65536,131072,1800.0,golovin_relative_error_radius_moment_6_um6_m3,0.0024392991328900473,-0.009596431994267598,0.014475030260047692,0.05,True
24,65536,131072,2400.0,ensemble_mean_l1_bins_500,0.002915254703770369,0.001226561748210561,0.00889173723465013,0.01,True
24,65536,131072,2400.0,golovin_relative_error_radius_moment_0_m3,-0.0012539710839893203,-0.005291899189415147,0.0027839570214365063,0.05,True
24,65536,131072,2400.0,golovin_relative_error_radius_moment_6_um6_m3,0.0016295257509943118,-0.01292326460474047,0.016182316106729093,0.05,True
24,65536,131072,3000.0,ensemble_mean_l1_bins_500,0.00402507820412765,0.001856399249805479,0.010918899763919904,0.01,False
24,65536,131072,3000.0,golovin_relative_error_radius_moment_0_m3,-0.0009783010397904968,-0.00506412577456402,0.0031075236949830265,0.05,True
24,65536,131072,3000.0,golovin_relative_error_radius_moment_6_um6_m3,0.0033484677999073243,-0.012590288090719624,0.019287223690534275,0.05,True
24,65536,131072,3600.0,ensemble_mean_l1_bins_500,0.005604289643961436,0.0025088961458210623,0.013310527062897582,0.01,False
24,65536,131072,3600.0,golovin_relative_error_radius_moment_0_m3,-0.0008456269565198626,-0.0049549361314850816,0.003263682218445356,0.05,True
24,65536,131072,3600.0,golovin_relative_error_radius_moment_6_um6_m3,0.010087571690162656,-0.008665034186185298,0.02884017756651061,0.05,True
24,131072,262144,600.0,ensemble_mean_l1_bins_500,0.002497011719437583,0.0009261221531954484,0.006201379548670931,0.01,True
24,131072,262144,600.0,golovin_relative_error_radius_moment_0_m3,0.00016382287507628714,-0.0015485803250949019,0.0018762260752474762,0.05,True
24,131072,262144,600.0,golovin_relative_error_radius_moment_6_um6_m3,0.0008865077998372172,-0.0042936204467449515,0.006066636046419386,0.05,True
24,131072,262144,1200.0,ensemble_mean_l1_bins_500,0.0008464294219957093,0.0003317142076268106,0.005453304552075947,0.01,True
24,131072,262144,1200.0,golovin_relative_error_radius_moment_0_m3,-8.657924200521582e-05,-0.0023491079002946075,0.0021759494162841763,0.05,True
24,131072,262144,1200.0,golovin_relative_error_radius_moment_6_um6_m3,7.791571862661006e-06,-0.007682381716999845,0.007697964860725168,0.05,True
24,131072,262144,1800.0,ensemble_mean_l1_bins_500,0.0012721035654429773,0.00020207782669579298,0.004907177059096059,0.01,True
24,131072,262144,1800.0,golovin_relative_error_radius_moment_0_m3,0.0002146955392887162,-0.002459924394915135,0.002889315473492567,0.05,True
24,131072,262144,1800.0,golovin_relative_error_radius_moment_6_um6_m3,0.0013788689827167588,-0.00702218707191133,0.009779925037344848,0.05,True
24,131072,262144,2400.0,ensemble_mean_l1_bins_500,0.001735620714457784,0.000913218401128341,0.006192146579486964,0.01,True
24,131072,262144,2400.0,golovin_relative_error_radius_moment_0_m3,-4.2403988575356226e-07,-0.0027491950262532837,0.0027483469464817762,0.05,True
24,131072,262144,2400.0,golovin_relative_error_radius_moment_6_um6_m3,0.0014596419037190356,-0.009661654281542437,0.01258093808898051,0.05,True
24,131072,262144,3000.0,ensemble_mean_l1_bins_500,0.0027775652188570202,0.0011934863955164428,0.007953473709930818,0.01,True
24,131072,262144,3000.0,golovin_relative_error_radius_moment_0_m3,-0.00038104480703589957,-0.003169801630155819,0.0024077120160840198,0.05,True
24,131072,262144,3000.0,golovin_relative_error_radius_moment_6_um6_m3,-0.0016255043479852008,-0.013551243999897643,0.01030023530392724,0.05,True
24,131072,262144,3600.0,ensemble_mean_l1_bins_500,0.0017254934217523984,0.0006768244809435567,0.008449652895580619,0.01,True
24,131072,262144,3600.0,golovin_relative_error_radius_moment_0_m3,-0.0005136906947181564,-0.0033672879972307442,0.002339906607794431,0.05,True
24,131072,262144,3600.0,golovin_relative_error_radius_moment_6_um6_m3,-0.0049779613673325345,-0.0192649613961639,0.00930903866149883,0.05,True
24,262144,524288,600.0,ensemble_mean_l1_bins_500,0.0007355156887138433,0.00010214660648300476,0.0039035635964532397,0.01,True
24,262144,524288,600.0,golovin_relative_error_radius_moment_0_m3,0.00040141646928275597,-0.0007485758414328711,0.0015514087799983832,0.05,True
24,262144,524288,600.0,golovin_relative_error_radius_moment_6_um6_m3,-0.0014727588055359676,-0.004993429616623775,0.0020479120055518396,0.05,True
24,262144,524288,1200.0,ensemble_mean_l1_bins_500,0.0017338786552034127,0.0007102200980888445,0.004156603023219361,0.01,True
24,262144,524288,1200.0,golovin_relative_error_radius_moment_0_m3,0.0004847951379755466,-0.0009063906915735285,0.0018759809675246218,0.05,True
24,262144,524288,1200.0,golovin_relative_error_radius_moment_6_um6_m3,-0.0025171231595888036,-0.00811614192978081,0.003081895610603203,0.05,True
24,262144,524288,1800.0,ensemble_mean_l1_bins_500,6.46959507032141e-05,-0.00033375627265777835,0.00301004445447167,0.01,True
24,262144,524288,1800.0,golovin_relative_error_radius_moment_0_m3,0.0003837102741382026,-0.0012133483206840428,0.001980768868960448,0.05,True
24,262144,524288,1800.0,golovin_relative_error_radius_moment_6_um6_m3,-0.00348228201715288,-0.009870764126710571,0.002906200092404812,0.05,True
24,262144,524288,2400.0,ensemble_mean_l1_bins_500,0.0006598738745946893,0.0003062177142144275,0.003959774493417407,0.01,True
24,262144,524288,2400.0,golovin_relative_error_radius_moment_0_m3,0.0004035918554146756,-0.0012863100642711513,0.0020934937751005025,0.05,True
24,262144,524288,2400.0,golovin_relative_error_radius_moment_6_um6_m3,-0.0037443082844848875,-0.01165294448448421,0.004164327915514436,0.05,True
24,262144,524288,3000.0,ensemble_mean_l1_bins_500,0.001516543545350411,0.0006973893342984257,0.005271792997123988,0.01,True
24,262144,524288,3000.0,golovin_relative_error_radius_moment_0_m3,0.0007277641279180336,-0.000978766220040231,0.002434294475876298,0.05,True
24,262144,524288,3000.0,golovin_relative_error_radius_moment_6_um6_m3,-0.0038374098021472934,-0.012707257288651982,0.005032437684357396,0.05,True
24,262144,524288,3600.0,ensemble_mean_l1_bins_500,0.0032703426268106423,0.0014848619593914834,0.007168830705156958,0.01,True
24,262144,524288,3600.0,golovin_relative_error_radius_moment_0_m3,0.0007689713332399318,-0.0009495565077825942,0.0024874991742624575,0.05,True
24,262144,524288,3600.0,golovin_relative_error_radius_moment_6_um6_m3,-0.005357345645719678,-0.016663675568906376,0.005948984277467022,0.05,True
24,524288,1048576,600.0,ensemble_mean_l1_bins_500,0.0010780850054800933,0.0005148052531918735,0.00307002821908279,0.01,True
24,524288,1048576,600.0,golovin_relative_error_radius_moment_0_m3,-8.31498148549792e-05,-0.0009596402268339928,0.0007933405971240344,0.05,True
24,524288,1048576,600.0,golovin_relative_error_radius_moment_6_um6_m3,0.0012328279854281511,-0.0010468078449768626,0.003512463815833165,0.05,True
24,524288,1048576,1200.0,ensemble_mean_l1_bins_500,0.0009844293107363067,0.00045748895338827103,0.0030669821871086704,0.01,True
24,524288,1048576,1200.0,golovin_relative_error_radius_moment_0_m3,0.0004598926614633192,-0.0006306763971164612,0.0015504617200430995,0.05,True
24,524288,1048576,1200.0,golovin_relative_error_radius_moment_6_um6_m3,0.0014552631040591346,-0.0022240754249960868,0.005134601633114356,0.05,True
24,524288,1048576,1800.0,ensemble_mean_l1_bins_500,0.0010559623399274479,0.00033661794071930594,0.00264542222906958,0.01,True
24,524288,1048576,1800.0,golovin_relative_error_radius_moment_0_m3,0.00044236324496952587,-0.0007463629689748452,0.001631089458913897,0.05,True
24,524288,1048576,1800.0,golovin_relative_error_radius_moment_6_um6_m3,0.001893796506546459,-0.0020714937593491536,0.005859086772442072,0.05,True
24,524288,1048576,2400.0,ensemble_mean_l1_bins_500,0.0007962183811570352,0.0004162261333018378,0.002508713165102834,0.01,True
24,524288,1048576,2400.0,golovin_relative_error_radius_moment_0_m3,0.0002887796449694635,-0.0009660263719670477,0.0015435856619059748,0.05,True
24,524288,1048576,2400.0,golovin_relative_error_radius_moment_6_um6_m3,0.0021344281150293297,-0.0026776314113807634,0.006946487641439423,0.05,True
24,524288,1048576,3000.0,ensemble_mean_l1_bins_500,0.0008141929583655801,0.00024698975158661616,0.0034191277853548637,0.01,True
24,524288,1048576,3000.0,golovin_relative_error_radius_moment_0_m3,0.00020163086389133998,-0.0010604497144613186,0.0014637114422439985,0.05,True
24,524288,1048576,3000.0,golovin_relative_error_radius_moment_6_um6_m3,0.0024725315069291432,-0.0035067953369295767,0.008451858350787864,0.05,True
24,524288,1048576,3600.0,ensemble_mean_l1_bins_500,0.0010994792830759216,0.0006866975462851211,0.00435590918355182,0.01,True
24,524288,1048576,3600.0,golovin_relative_error_radius_moment_0_m3,0.00019295888261293247,-0.0010820746563601602,0.001467992421586025,0.05,True
24,524288,1048576,3600.0,golovin_relative_error_radius_moment_6_um6_m3,0.002438405528546057,-0.00529907635590429,0.010175887412996404,0.05,True
25,4096,8192,600.0,ensemble_mean_l1_bins_500,0.010646443679656024,0.003874384254368394,0.032279527813766175,0.01,False
25,4096,8192,600.0,golovin_relative_error_radius_moment_0_m3,0.002918019986929295,-0.008271612567606406,0.014107652541464994,0.05,True
25,4096,8192,600.0,golovin_relative_error_radius_moment_6_um6_m3,-0.009391378343555325,-0.036380834242012536,0.017598077554901885,0.05,True
25,4096,8192,1200.0,ensemble_mean_l1_bins_500,0.01032932340727128,0.004197770726300248,0.032617769650193335,0.01,False
25,4096,8192,1200.0,golovin_relative_error_radius_moment_0_m3,0.0011462970863592092,-0.01149256350091242,0.013785157673630838,0.05,True
25,4096,8192,1200.0,golovin_relative_error_radius_moment_6_um6_m3,-0.009496849491848577,-0.05139205738958714,0.03239835840588998,0.05,False
25,4096,8192,1800.0,ensemble_mean_l1_bins_500,0.010539323146189473,0.004556667926776941,0.03216605618225716,0.01,False
25,4096,8192,1800.0,golovin_relative_error_radius_moment_0_m3,-0.002686110060303406,-0.016417191339997427,0.011044971219390616,0.05,True
25,4096,8192,1800.0,golovin_relative_error_radius_moment_6_um6_m3,-0.005732354361670149,-0.05695830305055516,0.045493594327214865,0.05,False
25,4096,8192,2400.0,ensemble_mean_l1_bins_500,0.014121665108384713,0.006871539302118778,0.03698924499105955,0.01,False
25,4096,8192,2400.0,golovin_relative_error_radius_moment_0_m3,-0.0015882544173717438,-0.016563219979531828,0.013386711144788342,0.05,True
25,4096,8192,2400.0,golovin_relative_error_radius_moment_6_um6_m3,0.0011396646773432668,-0.05751954527390937,0.05979887462859591,0.05,False
25,4096,8192,3000.0,ensemble_mean_l1_bins_500,0.016170966190678197,0.004893556645496356,0.04107634989876044,0.01,False
25,4096,8192,3000.0,golovin_relative_error_radius_moment_0_m3,-7.9981786087523e-06,-0.014965334093508243,0.01494933773629074,0.05,True
25,4096,8192,3000.0,golovin_relative_error_radius_moment_6_um6_m3,0.009258408735591106,-0.065505219448758,0.08402203691994023,0.05,False
25,4096,8192,3600.0,ensemble_mean_l1_bins_500,0.01523766158126355,0.007037639181991627,0.048413652139758706,0.01,False
25,4096,8192,3600.0,golovin_relative_error_radius_moment_0_m3,0.00011808026243442554,-0.014983483179310657,0.01521964370417951,0.05,True
25,4096,8192,3600.0,golovin_relative_error_radius_moment_6_um6_m3,-0.011400566122131662,-0.09659059274557709,0.07378946050131376,0.05,False
25,8192,16384,600.0,ensemble_mean_l1_bins_500,0.00447613162721236,0.001039772769883625,0.021944855422534704,0.01,False
25,8192,16384,600.0,golovin_relative_error_radius_moment_0_m3,-0.0005037539747149311,-0.007749577902954567,0.006742069953524704,0.05,True
25,8192,16384,600.0,golovin_relative_error_radius_moment_6_um6_m3,-0.006482440720361811,-0.028604435079845926,0.015639553639122304,0.05,True
25,8192,16384,1200.0,ensemble_mean_l1_bins_500,0.011324354208979644,0.00472518587346109,0.024927024631494824,0.01,False
25,8192,16384,1200.0,golovin_relative_error_radius_moment_0_m3,-0.0025524423585875965,-0.01183813555719231,0.006733250840017115,0.05,True
25,8192,16384,1200.0,golovin_relative_error_radius_moment_6_um6_m3,0.0025103638737196702,-0.02792149761749962,0.03294222536493896,0.05,True
25,8192,16384,1800.0,ensemble_mean_l1_bins_500,0.00480244635985496,0.002635745986400803,0.022398329692157968,0.01,False
25,8192,16384,1800.0,golovin_relative_error_radius_moment_0_m3,-0.0011936271905278305,-0.011108238025873882,0.008720983644818221,0.05,True
25,8192,16384,1800.0,golovin_relative_error_radius_moment_6_um6_m3,-0.0013483605455431504,-0.039339658878019976,0.03664293778693367,0.05,True
25,8192,16384,2400.0,ensemble_mean_l1_bins_500,0.00466168817817194,0.0018271988272771382,0.02336675380978426,0.01,False
25,8192,16384,2400.0,golovin_relative_error_radius_moment_0_m3,0.0016517359100811733,-0.00914571471071775,0.012449186530880096,0.05,True
25,8192,16384,2400.0,golovin_relative_error_radius_moment_6_um6_m3,-0.010217970884599333,-0.05431752346409773,0.03388158169489907,0.05,False
25,8192,16384,3000.0,ensemble_mean_l1_bins_500,0.012827281353564531,0.00674930028013904,0.03319090040716153,0.01,False
25,8192,16384,3000.0,golovin_relative_error_radius_moment_0_m3,0.000918970439858131,-0.009625367593207099,0.01146330847292336,0.05,True
25,8192,16384,3000.0,golovin_relative_error_radius_moment_6_um6_m3,-0.006490784661598115,-0.05750280235419531,0.04452123303099908,0.05,False
25,8192,16384,3600.0,ensemble_mean_l1_bins_500,0.013202520108023919,0.006562156198534585,0.036462723641558004,0.01,False
25,8192,16384,3600.0,golovin_relative_error_radius_moment_0_m3,0.0010989830137686663,-0.0095508704418911,0.011748836469428432,0.05,True
25,8192,16384,3600.0,golovin_relative_error_radius_moment_6_um6_m3,0.009531054400332403,-0.057344752052181425,0.07640686085284623,0.05,False
25,16384,32768,600.0,ensemble_mean_l1_bins_500,0.006161136760722852,0.002569301707212585,0.017383188425410107,0.01,False
25,16384,32768,600.0,golovin_relative_error_radius_moment_0_m3,-8.014604561796591e-05,-0.004930035863040139,0.004769743771804207,0.05,True
25,16384,32768,600.0,golovin_relative_error_radius_moment_6_um6_m3,0.01173651583644503,-0.004544370908266669,0.02801740258115673,0.05,True
25,16384,32768,1200.0,ensemble_mean_l1_bins_500,0.005853257028353542,0.0035834653294777833,0.017592212132151404,0.01,False
25,16384,32768,1200.0,golovin_relative_error_radius_moment_0_m3,0.0040571288564103655,-0.0018302005544378348,0.009944458267258566,0.05,True
25,16384,32768,1200.0,golovin_relative_error_radius_moment_6_um6_m3,0.009304513644161018,-0.014296232395859755,0.032905259684181794,0.05,True
25,16384,32768,1800.0,ensemble_mean_l1_bins_500,0.0072090668655704175,0.0032197236031781527,0.017107243834234124,0.01,False
25,16384,32768,1800.0,golovin_relative_error_radius_moment_0_m3,0.0034602455734436075,-0.0036150512545743644,0.01053554240146158,0.05,True
25,16384,32768,1800.0,golovin_relative_error_radius_moment_6_um6_m3,0.007117916265123314,-0.020422249902912824,0.03465808243315945,0.05,True
25,16384,32768,2400.0,ensemble_mean_l1_bins_500,0.00751030049743337,0.004110985308752856,0.019285188251172695,0.01,False
25,16384,32768,2400.0,golovin_relative_error_radius_moment_0_m3,0.0024852759826798354,-0.004650230001869446,0.009620781967229118,0.05,True
25,16384,32768,2400.0,golovin_relative_error_radius_moment_6_um6_m3,0.009559972069699996,-0.02040881657101835,0.039528760710418345,0.05,True
25,16384,32768,3000.0,ensemble_mean_l1_bins_500,0.0021359369937048803,0.0007365558949798851,0.018542670338738475,0.01,False
25,16384,32768,3000.0,golovin_relative_error_radius_moment_0_m3,0.002119471252625711,-0.0051853513247499955,0.009424293830001417,0.05,True
25,16384,32768,3000.0,golovin_relative_error_radius_moment_6_um6_m3,0.007043881161207308,-0.028347834574924083,0.042435596897338695,0.05,True
25,16384,32768,3600.0,ensemble_mean_l1_bins_500,0.005348978564942396,0.002556838376704675,0.02291382150252232,0.01,False
25,16384,32768,3600.0,golovin_relative_error_radius_moment_0_m3,0.002085467647579744,-0.005315950605168861,0.009486885900328349,0.05,True
25,16384,32768,3600.0,golovin_relative_error_radius_moment_6_um6_m3,-0.006194628109735574,-0.052463550313308176,0.040074294093837025,0.05,False
25,32768,65536,600.0,ensemble_mean_l1_bins_500,0.004128061565405553,0.00137355893506281,0.011740728812825119,0.01,False
25,32768,65536,600.0,golovin_relative_error_radius_moment_0_m3,0.002110027418174125,-0.0014582415306670267,0.005678296367015277,0.05,True
25,32768,65536,600.0,golovin_relative_error_radius_moment_6_um6_m3,-0.005308097953690396,-0.015413197405530064,0.004797001498149273,0.05,True
25,32768,65536,1200.0,ensemble_mean_l1_bins_500,0.0033165862281304154,0.0011637928659573864,0.011224227913868854,0.01,False
25,32768,65536,1200.0,golovin_relative_error_radius_moment_0_m3,-0.00021531732888159017,-0.004849128045069736,0.0044184933873065565,0.05,True
25,32768,65536,1200.0,golovin_relative_error_radius_moment_6_um6_m3,-0.005829066211151308,-0.021437630500174207,0.009779498077871592,0.05,True
25,32768,65536,1800.0,ensemble_mean_l1_bins_500,0.0022106959658821177,0.0010943505679163591,0.011023343324701246,0.01,False
25,32768,65536,1800.0,golovin_relative_error_radius_moment_0_m3,-0.0005116366193819945,-0.005780989921469799,0.00475771668270581,0.05,True
25,32768,65536,1800.0,golovin_relative_error_radius_moment_6_um6_m3,-0.004109276868206422,-0.022769859601295406,0.014551305864882562,0.05,True
25,32768,65536,2400.0,ensemble_mean_l1_bins_500,0.0029214316708307247,0.0011697414725560188,0.011627697420944307,0.01,False
25,32768,65536,2400.0,golovin_relative_error_radius_moment_0_m3,-0.0008068765792259502,-0.006205648123339291,0.004591894964887391,0.05,True
25,32768,65536,2400.0,golovin_relative_error_radius_moment_6_um6_m3,-0.006609878357270577,-0.028858858660843548,0.015639101946302393,0.05,True
25,32768,65536,3000.0,ensemble_mean_l1_bins_500,0.005770418455639723,0.0031203800311916424,0.015761470869167817,0.01,False
25,32768,65536,3000.0,golovin_relative_error_radius_moment_0_m3,-0.000476973385106203,-0.006082744419982361,0.005128797649769954,0.05,True
25,32768,65536,3000.0,golovin_relative_error_radius_moment_6_um6_m3,-0.0059289581581573264,-0.03220929141633914,0.020351375100024483,0.05,True
25,32768,65536,3600.0,ensemble_mean_l1_bins_500,0.005294262234892724,0.002077090682828394,0.01722628696795138,0.01,False
25,32768,65536,3600.0,golovin_relative_error_radius_moment_0_m3,-0.0006184310353840617,-0.0062071887006076975,0.0049703266298395735,0.05,True
25,32768,65536,3600.0,golovin_relative_error_radius_moment_6_um6_m3,-0.005842607661894012,-0.03543108288231004,0.023745867558522014,0.05,True
25,65536,131072,600.0,ensemble_mean_l1_bins_500,0.0022743987140059945,0.001103889798443279,0.008474676644105866,0.01,True
25,65536,131072,600.0,golovin_relative_error_radius_moment_0_m3,-0.0022571724052171806,-0.0048185767665536545,0.0003042319561192934,0.05,True
25,65536,131072,600.0,golovin_relative_error_radius_moment_6_um6_m3,-0.0003480841588496531,-0.007161107377133797,0.006464939059434491,0.05,True
25,65536,131072,1200.0,ensemble_mean_l1_bins_500,0.0018120146021446447,0.0005682945235367837,0.008144699118446926,0.01,True
25,65536,131072,1200.0,golovin_relative_error_radius_moment_0_m3,-0.002388720251492169,-0.005812300125415264,0.0010348596224309262,0.05,True
25,65536,131072,1200.0,golovin_relative_error_radius_moment_6_um6_m3,0.003932841125203463,-0.0059837344682593,0.013849416718666227,0.05,True
25,65536,131072,1800.0,ensemble_mean_l1_bins_500,0.0029760395838790577,0.0018229194685123705,0.008730653045135319,0.01,True
25,65536,131072,1800.0,golovin_relative_error_radius_moment_0_m3,-0.0017948561576964827,-0.005553215653546202,0.001963503338153236,0.05,True
25,65536,131072,1800.0,golovin_relative_error_radius_moment_6_um6_m3,0.0024392991328900473,-0.009337468130894859,0.014216066396674953,0.05,True
25,65536,131072,2400.0,ensemble_mean_l1_bins_500,0.002915254703770369,0.0012721578164632307,0.008772123032427668,0.01,True
25,65536,131072,2400.0,golovin_relative_error_radius_moment_0_m3,-0.0012539710839893203,-0.00520541287714153,0.0026974707091628894,0.05,True
25,65536,131072,2400.0,golovin_relative_error_radius_moment_6_um6_m3,0.0016295257509943118,-0.012612068286844332,0.015871119788832957,0.05,True
25,65536,131072,3000.0,ensemble_mean_l1_bins_500,0.00402507820412765,0.001890778542222997,0.010797367040029567,0.01,False
25,65536,131072,3000.0,golovin_relative_error_radius_moment_0_m3,-0.0009783010397904968,-0.004976638733426821,0.003020036653845827,0.05,True
25,65536,131072,3000.0,golovin_relative_error_radius_moment_6_um6_m3,0.0033484677999073243,-0.01224906542322535,0.018946001023039998,0.05,True
25,65536,131072,3600.0,ensemble_mean_l1_bins_500,0.005604289643961436,0.0025320837318865658,0.013095771389882927,0.01,False
25,65536,131072,3600.0,golovin_relative_error_radius_moment_0_m3,-0.0008456269565198626,-0.004867039643719955,0.0031757857306802294,0.05,True
25,65536,131072,3600.0,golovin_relative_error_radius_moment_6_um6_m3,0.010087571690162656,-0.008263239277804906,0.02843838265813022,0.05,True
25,131072,262144,600.0,ensemble_mean_l1_bins_500,0.002497011719437583,0.000937291546958883,0.006067385507836763,0.01,True
25,131072,262144,600.0,golovin_relative_error_radius_moment_0_m3,0.00016382287507628714,-0.0015117320307953164,0.0018393777809478907,0.05,True
25,131072,262144,600.0,golovin_relative_error_radius_moment_6_um6_m3,0.0008865077998372172,-0.0041825091944137725,0.005955524794088207,0.05,True
25,131072,262144,1200.0,ensemble_mean_l1_bins_500,0.0008464294219957093,0.00037129202572812943,0.005352639918793282,0.01,True
25,131072,262144,1200.0,golovin_relative_error_radius_moment_0_m3,-8.657924200521582e-05,-0.0023002585330238927,0.0021271000490134615,0.05,True
25,131072,262144,1200.0,golovin_relative_error_radius_moment_6_um6_m3,7.791571862661006e-06,-0.007517900542157566,0.0075334836858828875,0.05,True
25,131072,262144,1800.0,ensemble_mean_l1_bins_500,0.0012721035654429773,0.00020181385786944384,0.004781424040409593,0.01,True
25,131072,262144,1800.0,golovin_relative_error_radius_moment_0_m3,0.0002146955392887162,-0.002402096978600972,0.002831488057178404,0.05,True
25,131072,262144,1800.0,golovin_relative_error_radius_moment_6_um6_m3,0.0013788689827167588,-0.006842979423692731,0.009600717389126249,0.05,True
25,131072,262144,2400.0,ensemble_mean_l1_bins_500,0.001735620714457784,0.0008970138521540272,0.006098909987637281,0.01,True
25,131072,262144,2400.0,golovin_relative_error_radius_moment_0_m3,-4.2403988575356226e-07,-0.0026899059182779296,0.002689057838506422,0.05,True
25,131072,262144,2400.0,golovin_relative_error_radius_moment_6_um6_m3,0.0014596419037190356,-0.00942388416143614,0.012343167968874209,0.05,True
25,131072,262144,3000.0,ensemble_mean_l1_bins_500,0.0027775652188570202,0.0011876850940200836,0.007835116559281869,0.01,True
25,131072,262144,3000.0,golovin_relative_error_radius_moment_0_m3,-0.00038104480703589957,-0.0031096116544424473,0.002347522040370648,0.05,True
25,131072,262144,3000.0,golovin_relative_error_radius_moment_6_um6_m3,-0.0016255043479852008,-0.013296379289603574,0.010045370593633172,0.05,True
25,131072,262144,3600.0,ensemble_mean_l1_bins_500,0.0017254934217523984,0.0007080446863030651,0.008325653147060552,0.01,True
25,131072,262144,3600.0,golovin_relative_error_radius_moment_0_m3,-0.0005136906947181564,-0.0033056157523827174,0.0022782343629464043,0.05,True
25,131072,262144,3600.0,golovin_relative_error_radius_moment_6_um6_m3,-0.0049779613673325345,-0.01896020764326535,0.00900428490860028,0.05,True
25,262144,524288,600.0,ensemble_mean_l1_bins_500,0.0007355156887138433,0.00010530826863410713,0.003843811928015326,0.01,True
25,262144,524288,600.0,golovin_relative_error_radius_moment_0_m3,0.00040141646928275597,-0.0007239979940103359,0.001526830932575848,0.05,True
25,262144,524288,600.0,golovin_relative_error_radius_moment_6_um6_m3,-0.0014727588055359676,-0.00491781266421578,0.001972295053143845,0.05,True
25,262144,524288,1200.0,ensemble_mean_l1_bins_500,0.0017338786552034127,0.0006931612967993774,0.004129283958325448,0.01,True
25,262144,524288,1200.0,golovin_relative_error_radius_moment_0_m3,0.0004847951379755466,-0.0008766058120889511,0.0018461960880400445,0.05,True
25,262144,524288,1200.0,golovin_relative_error_radius_moment_6_um6_m3,-0.0025171231595888036,-0.007995956199584101,0.002961709880406494,0.05,True
25,262144,524288,1800.0,ensemble_mean_l1_bins_500,6.46959507032141e-05,-0.00034079716423688315,0.002952584060400167,0.01,True
25,262144,524288,1800.0,golovin_relative_error_radius_moment_0_m3,0.0003837102741382026,-0.001179149342236575,0.0019465698905129802,0.05,True
25,262144,524288,1800.0,golovin_relative_error_radius_moment_6_um6_m3,-0.00348228201715288,-0.0097330054478962,0.00276844141359044,0.05,True
25,262144,524288,2400.0,ensemble_mean_l1_bins_500,0.0006598738745946893,0.0003642037130405626,0.003852369031841801,0.01,True
25,262144,524288,2400.0,golovin_relative_error_radius_moment_0_m3,0.0004035918554146756,-0.0012500609123837732,0.0020572446232131245,0.05,True
25,262144,524288,2400.0,golovin_relative_error_radius_moment_6_um6_m3,-0.0037443082844848875,-0.011482386164235447,0.003993769595265671,0.05,True
25,262144,524288,3000.0,ensemble_mean_l1_bins_500,0.001516543545350411,0.0006777856011600194,0.005160394017738147,0.01,True
25,262144,524288,3000.0,golovin_relative_error_radius_moment_0_m3,0.0007277641279180336,-0.0009421900943273664,0.0023977183501634335,0.05,True
25,262144,524288,3000.0,golovin_relative_error_radius_moment_6_um6_m3,-0.0038374098021472934,-0.012516875712381649,0.004842056108087063,0.05,True
25,262144,524288,3600.0,ensemble_mean_l1_bins_500,0.0032703426268106423,0.0014864028034788145,0.007039310519020235,0.01,True
25,262144,524288,3600.0,golovin_relative_error_radius_moment_0_m3,0.0007689713332399318,-0.0009127587046334263,0.00245070137111329,0.05,True
25,262144,524288,3600.0,golovin_relative_error_radius_moment_6_um6_m3,-0.005357345645719678,-0.01642113371984129,0.005706442428401937,0.05,True
25,524288,1048576,600.0,ensemble_mean_l1_bins_500,0.0010780850054800933,0.000505974854472708,0.003040337108584022,0.01,True
25,524288,1048576,600.0,golovin_relative_error_radius_moment_0_m3,-8.31498148549792e-05,-0.0009408764634496603,0.0007745768337397019,0.05,True
25,524288,1048576,600.0,golovin_relative_error_radius_moment_6_um6_m3,0.0012328279854281511,-0.0009977055515274069,0.003463361522383709,0.05,True
25,524288,1048576,1200.0,ensemble_mean_l1_bins_500,0.0009844293107363067,0.0004227120124612852,0.003005434507579205,0.01,True
25,524288,1048576,1200.0,golovin_relative_error_radius_moment_0_m3,0.0004598926614633192,-0.000607422714421478,0.0015272080373481163,0.05,True
25,524288,1048576,1200.0,golovin_relative_error_radius_moment_6_um6_m3,0.0014552631040591346,-0.0021448577380600003,0.0050553839461782695,0.05,True
25,524288,1048576,1800.0,ensemble_mean_l1_bins_500,0.0010559623399274479,0.0003560594295988725,0.0026113895342948974,0.01,True
25,524288,1048576,1800.0,golovin_relative_error_radius_moment_0_m3,0.00044236324496952587,-0.0007209595151366833,0.001605686005075735,0.05,True
25,524288,1048576,1800.0,golovin_relative_error_radius_moment_6_um6_m3,0.001893796506546459,-0.001986476398289731,0.005774069411382649,0.05,True
25,524288,1048576,2400.0,ensemble_mean_l1_bins_500,0.0007962183811570352,0.00040416835802986503,0.002444867937623789,0.01,True
25,524288,1048576,2400.0,golovin_relative_error_radius_moment_0_m3,0.0002887796449694635,-0.0009392589789070692,0.0015168182688459963,0.05,True
25,524288,1048576,2400.0,golovin_relative_error_radius_moment_6_um6_m3,0.0021344281150293297,-0.002574250361748299,0.006843106591806958,0.05,True
25,524288,1048576,3000.0,ensemble_mean_l1_bins_500,0.0008141929583655801,0.0002304329973701494,0.003350968189233367,0.01,True
25,524288,1048576,3000.0,golovin_relative_error_radius_moment_0_m3,0.00020163086389133998,-0.001033500447207584,0.0014367621749902639,0.05,True
25,524288,1048576,3000.0,golovin_relative_error_radius_moment_6_um6_m3,0.0024725315069291432,-0.0033784603113648933,0.00832352332522318,0.05,True
25,524288,1048576,3600.0,ensemble_mean_l1_bins_500,0.0010994792830759216,0.0006837056145420582,0.004291271847297992,0.01,True
25,524288,1048576,3600.0,golovin_relative_error_radius_moment_0_m3,0.00019295888261293247,-0.0010548182924181991,0.001440736057644064,0.05,True
25,524288,1048576,3600.0,golovin_relative_error_radius_moment_6_um6_m3,0.002438405528546057,-0.005133069058344306,0.01000988011543642,0.05,True
26,4096,8192,600.0,ensemble_mean_l1_bins_500,0.010646443679656024,0.003933580522626044,0.03199381540885704,0.01,False
26,4096,8192,600.0,golovin_relative_error_radius_moment_0_m3,0.002918019986929295,-0.008041061028325122,0.013877101002183711,0.05,True
26,4096,8192,600.0,golovin_relative_error_radius_moment_6_um6_m3,-0.009391378343555325,-0.03582848705971993,0.017045730372609275,0.05,True
26,4096,8192,1200.0,ensemble_mean_l1_bins_500,0.01032932340727128,0.004318203154516294,0.032074696043788445,0.01,False
26,4096,8192,1200.0,golovin_relative_error_radius_moment_0_m3,0.0011462970863592092,-0.011233817989137349,0.013526412161855766,0.05,True
26,4096,8192,1200.0,golovin_relative_error_radius_moment_6_um6_m3,-0.009496849491848577,-0.050530135100844975,0.03153643611714782,0.05,False
26,4096,8192,1800.0,ensemble_mean_l1_bins_500,0.010539323146189473,0.0043925643687403,0.0317375853709845,0.01,False
26,4096,8192,1800.0,golovin_relative_error_radius_moment_0_m3,-0.002686110060303406,-0.016135425329711173,0.010763205209104362,0.05,True
26,4096,8192,1800.0,golovin_relative_error_radius_moment_6_um6_m3,-0.005732354361670149,-0.05590725366544916,0.044442544942108864,0.05,False
26,4096,8192,2400.0,ensemble_mean_l1_bins_500,0.014121665108384713,0.006690403816169173,0.03650243623878444,0.01,False
26,4096,8192,2400.0,golovin_relative_error_radius_moment_0_m3,-0.0015882544173717438,-0.016256260008006312,0.013079751173262827,0.05,True
26,4096,8192,2400.0,golovin_relative_error_radius_moment_6_um6_m3,0.0011396646773432668,-0.056318835238118106,0.05859816459280465,0.05,False
26,4096,8192,3000.0,ensemble_mean_l1_bins_500,0.016170966190678197,0.004959410144785944,0.04031953280303593,0.01,False
26,4096,8192,3000.0,golovin_relative_error_radius_moment_0_m3,-7.9981786087523e-06,-0.014658324292267624,0.01464232793505012,0.05,True
26,4096,8192,3000.0,golovin_relative_error_radius_moment_6_um6_m3,0.009258408735591106,-0.06396898365880818,0.0824858011299904,0.05,False
26,4096,8192,3600.0,ensemble_mean_l1_bins_500,0.01523766158126355,0.0071520073203876905,0.04765268377500521,0.01,False
26,4096,8192,3600.0,golovin_relative_error_radius_moment_0_m3,0.00011808026243442554,-0.014673458275780022,0.014909618800648875,0.05,True
26,4096,8192,3600.0,golovin_relative_error_radius_moment_6_um6_m3,-0.011400566122131662,-0.0948471194063184,0.07204598716205507,0.05,False
26,8192,16384,600.0,ensemble_mean_l1_bins_500,0.00447613162721236,0.001092146349043596,0.021673909162410875,0.01,False
26,8192,16384,600.0,golovin_relative_error_radius_moment_0_m3,-0.0005037539747149311,-0.007600243032797775,0.006592735083367913,0.05,True
26,8192,16384,600.0,golovin_relative_error_radius_moment_6_um6_m3,-0.006482440720361811,-0.02815132526582897,0.01518644382510535,0.05,True
26,8192,16384,1200.0,ensemble_mean_l1_bins_500,0.011324354208979644,0.004569388485928148,0.024742053159320484,0.01,False
26,8192,16384,1200.0,golovin_relative_error_radius_moment_0_m3,-0.0025524423585875965,-0.011645972090286245,0.006541087373111051,0.05,True
26,8192,16384,1200.0,golovin_relative_error_radius_moment_6_um6_m3,0.0025103638737196702,-0.027298597325229823,0.032319325072669165,0.05,True
26,8192,16384,1800.0,ensemble_mean_l1_bins_500,0.00480244635985496,0.002633116030584114,0.02206813349185145,0.01,False
26,8192,16384,1800.0,golovin_relative_error_radius_moment_0_m3,-0.0011936271905278305,-0.010904328989377035,0.008517074608321374,0.05,True
26,8192,16384,1800.0,golovin_relative_error_radius_moment_6_um6_m3,-0.0013483605455431504,-0.03856002873984676,0.03586330764876046,0.05,True
26,8192,16384,2400.0,ensemble_mean_l1_bins_500,0.00466168817817194,0.0018845983948678885,0.023155730813965637,0.01,False
26,8192,16384,2400.0,golovin_relative_error_radius_moment_0_m3,0.0016517359100811733,-0.008922869618930398,0.012226341439092745,0.05,True
26,8192,16384,2400.0,golovin_relative_error_radius_moment_6_um6_m3,-0.010217970884599333,-0.05340744923760374,0.032971507468405076,0.05,False
26,8192,16384,3000.0,ensemble_mean_l1_bins_500,0.012827281353564531,0.006671565762076663,0.03274322840182463,0.01,False
26,8192,16384,3000.0,golovin_relative_error_radius_moment_0_m3,0.000918970439858131,-0.009408068226802091,0.011246009106518353,0.05,True
26,8192,16384,3000.0,golovin_relative_error_radius_moment_6_um6_m3,-0.006490784661598115,-0.05645051190630028,0.04346894258310405,0.05,False
26,8192,16384,3600.0,ensemble_mean_l1_bins_500,0.013202520108023919,0.006546250550509137,0.03560071761138179,0.01,False
26,8192,16384,3600.0,golovin_relative_error_radius_moment_0_m3,0.0010989830137686663,-0.009331519504319704,0.011529485531857037,0.05,True
26,8192,16384,3600.0,golovin_relative_error_radius_moment_6_um6_m3,0.009531054400332403,-0.05597063365814975,0.07503274245881456,0.05,False
26,16384,32768,600.0,ensemble_mean_l1_bins_500,0.006161136760722852,0.002622679464364049,0.017172689993704502,0.01,False
26,16384,32768,600.0,golovin_relative_error_radius_moment_0_m3,-8.014604561796591e-05,-0.0048304837483027436,0.004670191657066812,0.05,True
26,16384,32768,600.0,golovin_relative_error_radius_moment_6_um6_m3,0.01173651583644503,-0.004208305481728888,0.02768133715461895,0.05,True
26,16384,32768,1200.0,ensemble_mean_l1_bins_500,0.005853257028353542,0.0034156372655757476,0.01731103175258089,0.01,False
26,16384,32768,1200.0,golovin_relative_error_radius_moment_0_m3,0.0040571288564103655,-0.0017096044197728527,0.009823862132593585,0.05,True
26,16384,32768,1200.0,golovin_relative_error_radius_moment_6_um6_m3,0.009304513644161018,-0.013810951061692162,0.0324199783500142,0.05,True
26,16384,32768,1800.0,ensemble_mean_l1_bins_500,0.0072090668655704175,0.003155328975003887,0.016798599571730344,0.01,False
26,16384,32768,1800.0,golovin_relative_error_radius_moment_0_m3,0.0034602455734436075,-0.003470026905396631,0.010390518052283845,0.05,True
26,16384,32768,1800.0,golovin_relative_error_radius_moment_6_um6_m3,0.007117916265123314,-0.01985613846083609,0.034091970991082715,0.05,True
26,16384,32768,2400.0,ensemble_mean_l1_bins_500,0.00751030049743337,0.003975123126320514,0.01910012881011897,0.01,False
26,16384,32768,2400.0,golovin_relative_error_radius_moment_0_m3,0.0024852759826798354,-0.004503941393833583,0.009474493359193254,0.05,True
26,16384,32768,2400.0,golovin_relative_error_radius_moment_6_um6_m3,0.009559972069699996,-0.01979534022069431,0.0389152843600943,0.05,True
26,16384,32768,3000.0,ensemble_mean_l1_bins_500,0.0021359369937048803,0.0008226923624868583,0.018315278598358506,0.01,False
26,16384,32768,3000.0,golovin_relative_error_radius_moment_0_m3,0.002119471252625711,-0.00503574465849153,0.009274687163742953,0.05,True
26,16384,32768,3000.0,golovin_relative_error_radius_moment_6_um6_m3,0.007043881161207308,-0.02762373502207375,0.04171149734448836,0.05,True
26,16384,32768,3600.0,ensemble_mean_l1_bins_500,0.005348978564942396,0.0026636882231938063,0.02276421868489427,0.01,False
26,16384,32768,3600.0,golovin_relative_error_radius_moment_0_m3,0.002085467647579744,-0.005164289538713925,0.009335224833873413,0.05,True
26,16384,32768,3600.0,golovin_relative_error_radius_moment_6_um6_m3,-0.006194628109735574,-0.051510702346238536,0.039121446126767385,0.05,False
26,32768,65536,600.0,ensemble_mean_l1_bins_500,0.004128061565405553,0.0013974209345331387,0.011543946009585606,0.01,False
26,32768,65536,600.0,golovin_relative_error_radius_moment_0_m3,0.002110027418174125,-0.0013850297326496747,0.005605084568997925,0.05,True
26,32768,65536,600.0,golovin_relative_error_radius_moment_6_um6_m3,-0.005308097953690396,-0.015204809883807607,0.004588613976426814,0.05,True
26,32768,65536,1200.0,ensemble_mean_l1_bins_500,0.0033165862281304154,0.0011713608170662803,0.011075401362569952,0.01,False
26,32768,65536,1200.0,golovin_relative_error_radius_moment_0_m3,-0.00021531732888159017,-0.0047541462569897705,0.004323511599226591,0.05,True
26,32768,65536,1200.0,golovin_relative_error_radius_moment_6_um6_m3,-0.005829066211151308,-0.0211149128547187,0.009456780432416084,0.05,True
26,32768,65536,1800.0,ensemble_mean_l1_bins_500,0.0022106959658821177,0.0010933946803931775,0.010776782072736918,0.01,False
26,32768,65536,1800.0,golovin_relative_error_radius_moment_0_m3,-0.0005116366193819945,-0.00567264446615102,0.0046493712273870304,0.05,True
26,32768,65536,1800.0,golovin_relative_error_radius_moment_6_um6_m3,-0.004109276868206422,-0.022385013176828495,0.014166459440415651,0.05,True
26,32768,65536,2400.0,ensemble_mean_l1_bins_500,0.0029214316708307247,0.0011520347480442944,0.01151505843349434,0.01,False
26,32768,65536,2400.0,golovin_relative_error_radius_moment_0_m3,-0.0008068765792259502,-0.006094855968708543,0.004481102810256643,0.05,True
26,32768,65536,2400.0,golovin_relative_error_radius_moment_6_um6_m3,-0.006609878357270577,-0.028398998217232546,0.015179241502691392,0.05,True
26,32768,65536,3000.0,ensemble_mean_l1_bins_500,0.005770418455639723,0.0031414644587644683,0.01551571526068934,0.01,False
26,32768,65536,3000.0,golovin_relative_error_radius_moment_0_m3,-0.000476973385106203,-0.005967561791576078,0.005013615021363671,0.05,True
26,32768,65536,3000.0,golovin_relative_error_radius_moment_6_um6_m3,-0.0059289581581573264,-0.031664463120640134,0.019806546804325482,0.05,True
26,32768,65536,3600.0,ensemble_mean_l1_bins_500,0.005294262234892724,0.0020856492729934314,0.016860972418340982,0.01,False
26,32768,65536,3600.0,golovin_relative_error_radius_moment_0_m3,-0.0006184310353840617,-0.006092335243815048,0.004855473173046924,0.05,True
26,32768,65536,3600.0,golovin_relative_error_radius_moment_6_um6_m3,-0.005842607661894012,-0.03481927230046019,0.023134056976672163,0.05,True
26,65536,131072,600.0,ensemble_mean_l1_bins_500,0.0022743987140059945,0.0010921704929778432,0.008372506520179875,0.01,True
26,65536,131072,600.0,golovin_relative_error_radius_moment_0_m3,-0.0022571724052171806,-0.004765843866495511,0.0002514990560611506,0.05,True
26,65536,131072,600.0,golovin_relative_error_radius_moment_6_um6_m3,-0.0003480841588496531,-0.0070214620427904,0.006325293725091093,0.05,True
26,65536,131072,1200.0,ensemble_mean_l1_bins_500,0.0018120146021446447,0.0005615122726369681,0.007918598771640478,0.01,True
26,65536,131072,1200.0,golovin_relative_error_radius_moment_0_m3,-0.002388720251492169,-0.0057418492831468,0.0009644087801624619,0.05,True
26,65536,131072,1200.0,golovin_relative_error_radius_moment_6_um6_m3,0.003932841125203463,-0.005780388579684553,0.01364607083009148,0.05,True
26,65536,131072,1800.0,ensemble_mean_l1_bins_500,0.0029760395838790577,0.0018389185374165832,0.008588078538843203,0.01,True
26,65536,131072,1800.0,golovin_relative_error_radius_moment_0_m3,-0.0017948561576964827,-0.005476147976979134,0.0018864356615861683,0.05,True
26,65536,131072,1800.0,golovin_relative_error_radius_moment_6_um6_m3,0.0024392991328900473,-0.009094559349062175,0.013973157614842269,0.05,True
26,65536,131072,2400.0,ensemble_mean_l1_bins_500,0.002915254703770369,0.0013148576394671717,0.008595906309143473,0.01,True
26,65536,131072,2400.0,golovin_relative_error_radius_moment_0_m3,-0.0012539710839893203,-0.005124264983999838,0.002616322816021198,0.05,True
26,65536,131072,2400.0,golovin_relative_error_radius_moment_6_um6_m3,0.0016295257509943118,-0.012320050803039623,0.015579102305028247,0.05,True
26,65536,131072,3000.0,ensemble_mean_l1_bins_500,0.00402507820412765,0.0018939147808316411,0.010615216874743942,0.01,False
26,65536,131072,3000.0,golovin_relative_error_radius_moment_0_m3,-0.0009783010397904968,-0.0048945503822978385,0.0029379483027168443,0.05,True
26,65536,131072,3000.0,golovin_relative_error_radius_moment_6_um6_m3,0.0033484677999073243,-0.011928895304163824,0.018625830903978475,0.05,True
26,65536,131072,3600.0,ensemble_mean_l1_bins_500,0.005604289643961436,0.0025839786436103193,0.01295089991215607,0.01,False
26,65536,131072,3600.0,golovin_relative_error_radius_moment_0_m3,-0.0008456269565198626,-0.0047845615437814015,0.003093307630741676,0.05,True
26,65536,131072,3600.0,golovin_relative_error_radius_moment_6_um6_m3,0.010087571690162656,-0.007886253899205855,0.028061397279531167,0.05,True
26,131072,262144,600.0,ensemble_mean_l1_bins_500,0.002497011719437583,0.0009210049105354413,0.0060085177316740596,0.01,True
26,131072,262144,600.0,golovin_relative_error_radius_moment_0_m3,0.00016382287507628714,-0.0014771684605452663,0.0018048142106978405,0.05,True
26,131072,262144,600.0,golovin_relative_error_radius_moment_6_um6_m3,0.0008865077998372172,-0.004078265947238233,0.005851281546912668,0.05,True
26,131072,262144,1200.0,ensemble_mean_l1_bins_500,0.0008464294219957093,0.00035969043775458255,0.005257554503321669,0.01,True
26,131072,262144,1200.0,golovin_relative_error_radius_moment_0_m3,-8.657924200521582e-05,-0.0022544477620515526,0.0020812892780411214,0.05,True
26,131072,262144,1200.0,golovin_relative_error_radius_moment_6_um6_m3,7.791571862661006e-06,-0.007363558314712857,0.0073791414584381786,0.05,True
26,131072,262144,1800.0,ensemble_mean_l1_bins_500,0.0012721035654429773,0.00016883958494589893,0.004697900809743141,0.01,True
26,131072,262144,1800.0,golovin_relative_error_radius_moment_0_m3,0.0002146955392887162,-0.0023478714512583103,0.0027772625298357425,0.05,True
26,131072,262144,1800.0,golovin_relative_error_radius_moment_6_um6_m3,0.0013788689827167588,-0.006674790015240864,0.009432527980674382,0.05,True
26,131072,262144,2400.0,ensemble_mean_l1_bins_500,0.001735620714457784,0.0009035116064281649,0.0060099822797821155,0.01,True
26,131072,262144,2400.0,golovin_relative_error_radius_moment_0_m3,-4.2403988575356226e-07,-0.002634301299731967,0.0026334532199604596,0.05,True
26,131072,262144,2400.0,golovin_relative_error_radius_moment_6_um6_m3,0.0014596419037190356,-0.009200764846961543,0.012120048654399612,0.05,True
26,131072,262144,3000.0,ensemble_mean_l1_bins_500,0.0027775652188570202,0.0012203001263604621,0.007725014385578178,0.01,True
26,131072,262144,3000.0,golovin_relative_error_radius_moment_0_m3,-0.00038104480703589957,-0.0030531644464852747,0.0022910748324134755,0.05,True
26,131072,262144,3000.0,golovin_relative_error_radius_moment_6_um6_m3,-0.0016255043479852008,-0.013057212499953076,0.009806203803982673,0.05,True
26,131072,262144,3600.0,ensemble_mean_l1_bins_500,0.0017254934217523984,0.0006559472307410437,0.008169062913881938,0.01,True
26,131072,262144,3600.0,golovin_relative_error_radius_moment_0_m3,-0.0005136906947181564,-0.0032477833970855838,0.0022204020076492708,0.05,True
26,131072,262144,3600.0,golovin_relative_error_radius_moment_6_um6_m3,-0.0049779613673325345,-0.018674190480001317,0.00871826774533625,0.05,True
26,262144,524288,600.0,ensemble_mean_l1_bins_500,0.0007355156887138433,0.00010587363180880148,0.0037310439773466713,0.01,True
26,262144,524288,600.0,golovin_relative_error_radius_moment_0_m3,0.00040141646928275597,-0.0007009340564285279,0.00150376699499404,0.05,True
26,262144,524288,600.0,golovin_relative_error_radius_moment_6_um6_m3,-0.0014727588055359676,-0.004846875731587651,0.001901358120515716,0.05,True
26,262144,524288,1200.0,ensemble_mean_l1_bins_500,0.0017338786552034127,0.0007166263280399105,0.004028630874098542,0.01,True
26,262144,524288,1200.0,golovin_relative_error_radius_moment_0_m3,0.0004847951379755466,-0.0008486586934338613,0.0018182489693849546,0.05,True
26,262144,524288,1200.0,golovin_relative_error_radius_moment_6_um6_m3,-0.0025171231595888036,-0.00788320472726388,0.0028489584080862735,0.05,True
26,262144,524288,1800.0,ensemble_mean_l1_bins_500,6.46959507032141e-05,-0.00033414441490829,0.0028787621803280394,0.01,True
26,262144,524288,1800.0,golovin_relative_error_radius_moment_0_m3,0.0003837102741382026,-0.0011470608627351206,0.0019144814110115258,0.05,True
26,262144,524288,1800.0,golovin_relative_error_radius_moment_6_um6_m3,-0.00348228201715288,-0.009603805527369209,0.0026392414930634486,0.05,True
26,262144,524288,2400.0,ensemble_mean_l1_bins_500,0.0006598738745946893,0.00035212600421137726,0.0038020142403187808,0.01,True
26,262144,524288,2400.0,golovin_relative_error_radius_moment_0_m3,0.0004035918554146756,-0.001216052485637673,0.0020232361964670244,0.05,True
26,262144,524288,2400.0,golovin_relative_error_radius_moment_6_um6_m3,-0.0037443082844848875,-0.011322425572499739,0.0038338090035299646,0.05,True
26,262144,524288,3000.0,ensemble_mean_l1_bins_500,0.001516543545350411,0.0006758359662319181,0.005069772411413102,0.01,True
26,262144,524288,3000.0,golovin_relative_error_radius_moment_0_m3,0.0007277641279180336,-0.0009078731333669615,0.0023634013892030285,0.05,True
26,262144,524288,3000.0,golovin_relative_error_radius_moment_6_um6_m3,-0.0038374098021472934,-0.012338269614260038,0.004663450009965452,0.05,True
26,262144,524288,3600.0,ensemble_mean_l1_bins_500,0.0032703426268106423,0.001545710319455935,0.006943978273889441,0.01,True
26,262144,524288,3600.0,golovin_relative_error_radius_moment_0_m3,0.0007689713332399318,-0.0008782316437000383,0.002416174310179902,0.05,True
26,262144,524288,3600.0,golovin_relative_error_radius_moment_6_um6_m3,-0.005357345645719678,-0.016193585442604724,0.005478894151165367,0.05,True
26,524288,1048576,600.0,ensemble_mean_l1_bins_500,0.0010780850054800933,0.0005013543889427563,0.0029803134540510464,0.01,True
26,524288,1048576,600.0,golovin_relative_error_radius_moment_0_m3,-8.31498148549792e-05,-0.0009232703478024693,0.000756970718092511,0.05,True
26,524288,1048576,600.0,golovin_relative_error_radius_moment_6_um6_m3,0.0012328279854281511,-0.000951650641878981,0.0034173066127352832,0.05,True
26,524288,1048576,1200.0,ensemble_mean_l1_bins_500,0.0009844293107363067,0.0004374046168343662,0.0029531998514448787,0.01,True
26,524288,1048576,1200.0,golovin_relative_error_radius_moment_0_m3,0.0004598926614633192,-0.0005855981524171975,0.0015053834753438358,0.05,True
26,524288,1048576,1200.0,golovin_relative_error_radius_moment_6_um6_m3,0.0014552631040591346,-0.002070554451930812,0.004981080660049081,0.05,True
26,524288,1048576,1800.0,ensemble_mean_l1_bins_500,0.0010559623399274479,0.00036441643320757257,0.002571115722181703,0.01,True
26,524288,1048576,1800.0,golovin_relative_error_radius_moment_0_m3,0.00044236324496952587,-0.0006971206931448428,0.0015818471830838946,0.05,True
26,524288,1048576,1800.0,golovin_relative_error_radius_moment_6_um6_m3,0.001893796506546459,-0.0019067119679967016,0.00569430498108962,0.05,True
26,524288,1048576,2400.0,ensemble_mean_l1_bins_500,0.0007962183811570352,0.0004190370481620044,0.002391209165335312,0.01,True
26,524288,1048576,2400.0,golovin_relative_error_radius_moment_0_m3,0.0002887796449694635,-0.0009141373529324675,0.0014916966428713946,0.05,True
26,524288,1048576,2400.0,golovin_relative_error_radius_moment_6_um6_m3,0.0021344281150293297,-0.002477269334507281,0.00674612556456594,0.05,True
26,524288,1048576,3000.0,ensemble_mean_l1_bins_500,0.0008141929583655801,0.00021262774455015827,0.003308156771314573,0.01,True
26,524288,1048576,3000.0,golovin_relative_error_radius_moment_0_m3,0.00020163086389133998,-0.0010082097215910809,0.0014114714493737607,0.05,True
26,524288,1048576,3000.0,golovin_relative_error_radius_moment_6_um6_m3,0.0024725315069291432,-0.0032580627820624516,0.008203125795920738,0.05,True
26,524288,1048576,3600.0,ensemble_mean_l1_bins_500,0.0010994792830759216,0.0006797086289092486,0.004246574789944271,0.01,True
26,524288,1048576,3600.0,golovin_relative_error_radius_moment_0_m3,0.00019295888261293247,-0.0010292411901454022,0.001415158955371267,0.05,True
26,524288,1048576,3600.0,golovin_relative_error_radius_moment_6_um6_m3,0.002438405528546057,-0.004977325507560749,0.009854136564652862,0.05,True
27,4096,8192,600.0,ensemble_mean_l1_bins_500,0.010646443679656024,0.004102658932565904,0.03143268626126546,0.01,False
27,4096,8192,600.0,golovin_relative_error_radius_moment_0_m3,0.002918019986929295,-0.007824219226717522,0.01366025920057611,0.05,True
27,4096,8192,600.0,golovin_relative_error_radius_moment_6_um6_m3,-0.009391378343555325,-0.03530877103601572,0.016526014348905074,0.05,True
27,4096,8192,1200.0,ensemble_mean_l1_bins_500,0.01032932340727128,0.004095181655295857,0.03160808576327364,0.01,False
27,4096,8192,1200.0,golovin_relative_error_radius_moment_0_m3,0.0011462970863592092,-0.010990363472436553,0.01328295764515497,0.05,True
27,4096,8192,1200.0,golovin_relative_error_radius_moment_6_um6_m3,-0.009496849491848577,-0.049719393101605704,0.03072569411790855,0.05,True
27,4096,8192,1800.0,ensemble_mean_l1_bins_500,0.010539323146189473,0.004306585371083229,0.03115849615916711,0.01,False
27,4096,8192,1800.0,golovin_relative_error_radius_moment_0_m3,-0.002686110060303406,-0.015870348672370516,0.010498128551763705,0.05,True
27,4096,8192,1800.0,golovin_relative_error_radius_moment_6_um6_m3,-0.005732354361670149,-0.05491845220169688,0.043453743478356587,0.05,False
27,4096,8192,2400.0,ensemble_mean_l1_bins_500,0.014121665108384713,0.006741108098769444,0.03598810765250183,0.01,False
27,4096,8192,2400.0,golovin_relative_error_radius_moment_0_m3,-0.0015882544173717438,-0.015967462683820204,0.012790953849076718,0.05,True
27,4096,8192,2400.0,golovin_relative_error_radius_moment_6_um6_m3,0.0011396646773432668,-0.05518907316814613,0.05746840252283267,0.05,False
27,4096,8192,3000.0,ensemble_mean_l1_bins_500,0.016170966190678197,0.004758450069790791,0.039828802805687645,0.01,False
27,4096,8192,3000.0,golovin_relative_error_radius_moment_0_m3,-7.9981786087523e-06,-0.014369503694484989,0.014353507337267486,0.05,True
27,4096,8192,3000.0,golovin_relative_error_radius_moment_6_um6_m3,0.009258408735591106,-0.06252385950523803,0.08104067697642026,0.05,False
27,4096,8192,3600.0,ensemble_mean_l1_bins_500,0.01523766158126355,0.007096880583254301,0.04682919696696021,0.01,False
27,4096,8192,3600.0,golovin_relative_error_radius_moment_0_m3,0.00011808026243442554,-0.014381804350219709,0.014617964875088561,0.05,True
27,4096,8192,3600.0,golovin_relative_error_radius_moment_6_um6_m3,-0.011400566122131662,-0.09320664766324623,0.07040551541898289,0.05,False
27,8192,16384,600.0,ensemble_mean_l1_bins_500,0.00447613162721236,0.0011568934038230431,0.021227948218134174,0.01,False
27,8192,16384,600.0,golovin_relative_error_radius_moment_0_m3,-0.0005037539747149311,-0.007459790748483253,0.0064522827990533905,0.05,True
27,8192,16384,600.0,golovin_relative_error_radius_moment_6_um6_m3,-0.006482440720361811,-0.02772500555069432,0.014760124109970699,0.05,True
27,8192,16384,1200.0,ensemble_mean_l1_bins_500,0.011324354208979644,0.004599028403393403,0.024196772893684403,0.01,False
27,8192,16384,1200.0,golovin_relative_error_radius_moment_0_m3,-0.0025524423585875965,-0.011465284015596731,0.006360399298421539,0.05,True
27,8192,16384,1200.0,golovin_relative_error_radius_moment_6_um6_m3,0.0025103638737196702,-0.026712502198659158,0.0317332299460985,0.05,True
27,8192,16384,1800.0,ensemble_mean_l1_bins_500,0.00480244635985496,0.002471475719861514,0.02164670573145325,0.01,False
27,8192,16384,1800.0,golovin_relative_error_radius_moment_0_m3,-0.0011936271905278305,-0.010712524063321764,0.008325269682266103,0.05,True
27,8192,16384,1800.0,golovin_relative_error_radius_moment_6_um6_m3,-0.0013483605455431504,-0.03782657919293895,0.035129858101852644,0.05,True
27,8192,16384,2400.0,ensemble_mean_l1_bins_500,0.00466168817817194,0.001848995833850831,0.022685351333976454,0.01,False
27,8192,16384,2400.0,golovin_relative_error_radius_moment_0_m3,0.0016517359100811733,-0.008713297501712446,0.012016769321874793,0.05,True
27,8192,16384,2400.0,golovin_relative_error_radius_moment_6_um6_m3,-0.010217970884599333,-0.05255157562282534,0.03211563385362668,0.05,False
27,8192,16384,3000.0,ensemble_mean_l1_bins_500,0.012827281353564531,0.006665449285718127,0.03226112958864413,0.01,False
27,8192,16384,3000.0,golovin_relative_error_radius_moment_0_m3,0.000918970439858131,-0.00920369305591359,0.011041633935629852,0.05,True
27,8192,16384,3000.0,golovin_relative_error_radius_moment_6_um6_m3,-0.006490784661598115,-0.05546086695575346,0.04247929763255723,0.05,False
27,8192,16384,3600.0,ensemble_mean_l1_bins_500,0.013202520108023919,0.006361509662131022,0.035000383256656435,0.01,False
27,8192,16384,3600.0,golovin_relative_error_radius_moment_0_m3,0.0010989830137686663,-0.009125207727368025,0.011323173754905358,0.05,True
27,8192,16384,3600.0,golovin_relative_error_radius_moment_6_um6_m3,0.009531054400332403,-0.054678009732831434,0.07374011853349624,0.05,False
27,16384,32768,600.0,ensemble_mean_l1_bins_500,0.006161136760722852,0.0025036559513710787,0.01695988959116485,0.01,False
27,16384,32768,600.0,golovin_relative_error_radius_moment_0_m3,-8.014604561796591e-05,-0.004736830002106702,0.004576537910870771,0.05,True
27,16384,32768,600.0,golovin_relative_error_radius_moment_6_um6_m3,0.01173651583644503,-0.0038922594375178227,0.027365291110407884,0.05,True
27,16384,32768,1200.0,ensemble_mean_l1_bins_500,0.005853257028353542,0.003477490937118035,0.01694576799819533,0.01,False
27,16384,32768,1200.0,golovin_relative_error_radius_moment_0_m3,0.0040571288564103655,-0.0015961390977045735,0.009710396810525304,0.05,True
27,16384,32768,1200.0,golovin_relative_error_radius_moment_6_um6_m3,0.009304513644161018,-0.013354470232937102,0.03196349752125914,0.05,True
27,16384,32768,1800.0,ensemble_mean_l1_bins_500,0.0072090668655704175,0.0033769866949301393,0.016609126966881837,0.01,False
27,16384,32768,1800.0,golovin_relative_error_radius_moment_0_m3,0.0034602455734436075,-0.0033335831881988664,0.010254074335086082,0.05,True
27,16384,32768,1800.0,golovin_relative_error_radius_moment_6_um6_m3,0.007117916265123314,-0.019323614722552323,0.033559447252798955,0.05,True
27,16384,32768,2400.0,ensemble_mean_l1_bins_500,0.00751030049743337,0.003988647337655802,0.018803414614515013,0.01,False
27,16384,32768,2400.0,golovin_relative_error_radius_moment_0_m3,0.0024852759826798354,-0.0043663099488739,0.009336861914233571,0.05,True
27,16384,32768,2400.0,golovin_relative_error_radius_moment_6_um6_m3,0.009559972069699996,-0.01921811533454611,0.0383380594739461,0.05,True
27,16384,32768,3000.0,ensemble_mean_l1_bins_500,0.0021359369937048803,0.0007772836371943159,0.01794144450420032,0.01,False
27,16384,32768,3000.0,golovin_relative_error_radius_moment_0_m3,0.002119471252625711,-0.004894982730940004,0.009133925236191427,0.05,True
27,16384,32768,3000.0,golovin_relative_error_radius_moment_6_um6_m3,0.007043881161207308,-0.02694240168433766,0.04103016400675227,0.05,True
27,16384,32768,3600.0,ensemble_mean_l1_bins_500,0.005348978564942396,0.0026804733088894904,0.02229545385610187,0.01,False
27,16384,32768,3600.0,golovin_relative_error_radius_moment_0_m3,0.002085467647579744,-0.005021599031372025,0.009192534326531512,0.05,True
27,16384,32768,3600.0,golovin_relative_error_radius_moment_6_um6_m3,-0.006194628109735574,-0.05061448798556107,0.03822523176608992,0.05,False
27,32768,65536,600.0,ensemble_mean_l1_bins_500,0.004128061565405553,0.0014124258431491997,0.011458531114058578,0.01,False
27,32768,65536,600.0,golovin_relative_error_radius_moment_0_m3,0.002110027418174125,-0.0013161537769932506,0.005536208613341501,0.05,True
27,32768,65536,600.0,golovin_relative_error_radius_moment_6_um6_m3,-0.005308097953690396,-0.015008824557784486,0.004392628650403694,0.05,True
27,32768,65536,1200.0,ensemble_mean_l1_bins_500,0.0033165862281304154,0.0011080197062273785,0.010836842673593005,0.01,False
27,32768,65536,1200.0,golovin_relative_error_radius_moment_0_m3,-0.00021531732888159017,-0.004664784313502405,0.0042341496557392255,0.05,True
27,32768,65536,1200.0,golovin_relative_error_radius_moment_6_um6_m3,-0.005829066211151308,-0.02081144994307723,0.009153317520774612,0.05,True
27,32768,65536,1800.0,ensemble_mean_l1_bins_500,0.0022106959658821177,0.0010404435532165809,0.010708632961828992,0.01,False
27,32768,65536,1800.0,golovin_relative_error_radius_moment_0_m3,-0.0005116366193819945,-0.005570728896077217,0.004547455657313228,0.05,True
27,32768,65536,1800.0,golovin_relative_error_radius_moment_6_um6_m3,-0.004109276868206422,-0.02202307249462192,0.013804518758209077,0.05,True
27,32768,65536,2400.0,ensemble_mean_l1_bins_500,0.0029214316708307247,0.0011218605954170042,0.01133139919073604,0.01,False
27,32768,65536,2400.0,golovin_relative_error_radius_moment_0_m3,-0.0008068765792259502,-0.005990626613821664,0.004376873455369764,0.05,True
27,32768,65536,2400.0,golovin_relative_error_radius_moment_6_um6_m3,-0.006609878357270577,-0.02796656629258493,0.014746809578043776,0.05,True
27,32768,65536,3000.0,ensemble_mean_l1_bins_500,0.005770418455639723,0.0031780889710508278,0.015219191699220305,0.01,False
27,32768,65536,3000.0,golovin_relative_error_radius_moment_0_m3,-0.000476973385106203,-0.0058592102150805524,0.004905263444868146,0.05,True
27,32768,65536,3000.0,golovin_relative_error_radius_moment_6_um6_m3,-0.0059289581581573264,-0.03115222592334547,0.01929430960703082,0.05,True
27,32768,65536,3600.0,ensemble_mean_l1_bins_500,0.005294262234892724,0.0020533082521090127,0.016585559181604568,0.01,False
27,32768,65536,3600.0,golovin_relative_error_radius_moment_0_m3,-0.0006184310353840617,-0.005984294488143121,0.004747432417374997,0.05,True
27,32768,65536,3600.0,golovin_relative_error_radius_moment_6_um6_m3,-0.005842607661894012,-0.03424396779437957,0.022558752470591543,0.05,True
27,65536,131072,600.0,ensemble_mean_l1_bins_500,0.0022743987140059945,0.001044231096611701,0.008214553223172999,0.01,True
27,65536,131072,600.0,golovin_relative_error_radius_moment_0_m3,-0.0022571724052171806,-0.00471624429529793,0.00020189948486356918,0.05,True
27,65536,131072,600.0,golovin_relative_error_radius_moment_6_um6_m3,-0.0003480841588496531,-0.006890078902222011,0.006193910584522704,0.05,True
27,65536,131072,1200.0,ensemble_mean_l1_bins_500,0.0018120146021446447,0.0005493280731883365,0.00778775009225936,0.01,True
27,65536,131072,1200.0,golovin_relative_error_radius_moment_0_m3,-0.002388720251492169,-0.005675582707765669,0.0008981422047813306,0.05,True
27,65536,131072,1200.0,golovin_relative_error_radius_moment_6_um6_m3,0.003932841125203463,-0.0055890787893700476,0.013454761039776974,0.05,True
27,65536,131072,1800.0,ensemble_mean_l1_bins_500,0.0029760395838790577,0.0017668599896971686,0.008449768890318711,0.01,True
27,65536,131072,1800.0,golovin_relative_error_radius_moment_0_m3,-0.0017948561576964827,-0.005403641959906985,0.00181392964451402,0.05,True
27,65536,131072,1800.0,golovin_relative_error_radius_moment_6_um6_m3,0.0024392991328900473,-0.008866110060346754,0.013744708326126847,0.05,True
27,65536,131072,2400.0,ensemble_mean_l1_bins_500,0.002915254703770369,0.001314375972015165,0.008443910277390729,0.01,True
27,65536,131072,2400.0,golovin_relative_error_radius_moment_0_m3,-0.0012539710839893203,-0.005047927203685795,0.0025399850357071536,0.05,True
27,65536,131072,2400.0,golovin_relative_error_radius_moment_6_um6_m3,0.0016295257509943118,-0.01204531700996973,0.015304368511958353,0.05,True
27,65536,131072,3000.0,ensemble_mean_l1_bins_500,0.00402507820412765,0.0018452230697759372,0.010457518051831413,0.01,False
27,65536,131072,3000.0,golovin_relative_error_radius_moment_0_m3,-0.0009783010397904968,-0.004817326593266289,0.002860724513685295,0.05,True
27,65536,131072,3000.0,golovin_relative_error_radius_moment_6_um6_m3,0.0033484677999073243,-0.011627695226338889,0.01832463082615354,0.05,True
27,65536,131072,3600.0,ensemble_mean_l1_bins_500,0.005604289643961436,0.0025760479139872662,0.01275055067056245,0.01,False
27,65536,131072,3600.0,golovin_relative_error_radius_moment_0_m3,-0.0008456269565198626,-0.0047069662855813415,0.003015712372541616,0.05,True
27,65536,131072,3600.0,golovin_relative_error_radius_moment_6_um6_m3,0.010087571690162656,-0.007531622012684144,0.027706765393009456,0.05,True
27,131072,262144,600.0,ensemble_mean_l1_bins_500,0.002497011719437583,0.000947158120393176,0.005900306229524273,0.01,True
27,131072,262144,600.0,golovin_relative_error_radius_moment_0_m3,0.00016382287507628714,-0.0014446625319786237,0.001772308282131198,0.05,True
27,131072,262144,600.0,golovin_relative_error_radius_moment_6_um6_m3,0.0008865077998372172,-0.003980210110534508,0.005753225710208943,0.05,True
27,131072,262144,1200.0,ensemble_mean_l1_bins_500,0.0008464294219957093,0.00035662869348530944,0.005162455084804889,0.01,True
27,131072,262144,1200.0,golovin_relative_error_radius_moment_0_m3,-8.657924200521582e-05,-0.002211372643094466,0.002038214159084035,0.05,True
27,131072,262144,1200.0,golovin_relative_error_radius_moment_6_um6_m3,7.791571862661006e-06,-0.0072183529636179085,0.007233936107343231,0.05,True
27,131072,262144,1800.0,ensemble_mean_l1_bins_500,0.0012721035654429773,0.00017293233168572477,0.004607214246063181,0.01,True
27,131072,262144,1800.0,golovin_relative_error_radius_moment_0_m3,0.0002146955392887162,-0.002296888247797661,0.002726279326375093,0.05,True
27,131072,262144,1800.0,golovin_relative_error_radius_moment_6_um6_m3,0.0013788689827167588,-0.006516532582561211,0.009274270547994729,0.05,True
27,131072,262144,2400.0,ensemble_mean_l1_bins_500,0.001735620714457784,0.000877109655542633,0.005917483379204772,0.01,True
27,131072,262144,2400.0,golovin_relative_error_radius_moment_0_m3,-4.2403988575356226e-07,-0.002582014164977988,0.0025811660852064805,0.05,True
27,131072,262144,2400.0,golovin_relative_error_radius_moment_6_um6_m3,0.0014596419037190356,-0.008990848897406437,0.011910132704844506,0.05,True
27,131072,262144,3000.0,ensemble_mean_l1_bins_500,0.0027775652188570202,0.0011965830516095291,0.007620453505207607,0.01,True
27,131072,262144,3000.0,golovin_relative_error_radius_moment_0_m3,-0.00038104480703589957,-0.0030000869765610377,0.0022379973624892385,0.05,True
27,131072,262144,3000.0,golovin_relative_error_radius_moment_6_um6_m3,-0.0016255043479852008,-0.012832193331477485,0.009581184635507082,0.05,True
27,131072,262144,3600.0,ensemble_mean_l1_bins_500,0.0017254934217523984,0.0007050878268490132,0.00808354640508775,0.01,True
27,131072,262144,3600.0,golovin_relative_error_radius_moment_0_m3,-0.0005136906947181564,-0.003193407748866892,0.002166026359430579,0.05,True
27,131072,262144,3600.0,golovin_relative_error_radius_moment_6_um6_m3,-0.0049779613673325345,-0.018405062765626985,0.008449140030961918,0.05,True
27,262144,524288,600.0,ensemble_mean_l1_bins_500,0.0007355156887138433,8.84047090196429e-05,0.003639768638995111,0.01,True
27,262144,524288,600.0,golovin_relative_error_radius_moment_0_m3,0.00040141646928275597,-0.0006792345096820727,0.0014820674482475848,0.05,True
27,262144,524288,600.0,golovin_relative_error_radius_moment_6_um6_m3,-0.0014727588055359676,-0.004780154474110497,0.0018346368630385622,0.05,True
27,262144,524288,1200.0,ensemble_mean_l1_bins_500,0.0017338786552034127,0.000732459650850115,0.003972108049676045,0.01,True
27,262144,524288,1200.0,golovin_relative_error_radius_moment_0_m3,0.0004847951379755466,-0.0008223675346294623,0.0017919578105805556,0.05,True
27,262144,524288,1200.0,golovin_relative_error_radius_moment_6_um6_m3,-0.0025171231595888036,-0.0077771502948717425,0.0027429039756941354,0.05,True
27,262144,524288,1800.0,ensemble_mean_l1_bins_500,6.46959507032141e-05,-0.00033872056754989004,0.0028062460931812245,0.01,True
27,262144,524288,1800.0,golovin_relative_error_radius_moment_0_m3,0.0003837102741382026,-0.0011168740639673229,0.001884294612243728,0.05,True
27,262144,524288,1800.0,golovin_relative_error_radius_moment_6_um6_m3,-0.00348228201715288,-0.009482312050035854,0.0025177480157300932,0.05,True
27,262144,524288,2400.0,ensemble_mean_l1_bins_500,0.0006598738745946893,0.0003704452779081946,0.0036984497748269157,0.01,True
27,262144,524288,2400.0,golovin_relative_error_radius_moment_0_m3,0.0004035918554146756,-0.0011840627272662102,0.0019912464380955615,0.05,True
27,262144,524288,2400.0,golovin_relative_error_radius_moment_6_um6_m3,-0.0037443082844848875,-0.01117200723343836,0.0036833906644685856,0.05,True
27,262144,524288,3000.0,ensemble_mean_l1_bins_500,0.001516543545350411,0.0006609127621971785,0.00498229430065758,0.01,True
27,262144,524288,3000.0,golovin_relative_error_radius_moment_0_m3,0.0007277641279180336,-0.000875591621963148,0.0023311198777992152,0.05,True
27,262144,524288,3000.0,golovin_relative_error_radius_moment_6_um6_m3,-0.0038374098021472934,-0.01217027135975574,0.004495451755461155,0.05,True
27,262144,524288,3600.0,ensemble_mean_l1_bins_500,0.0032703426268106423,0.0015736569334892506,0.0068662039086588465,0.01,True
27,262144,524288,3600.0,golovin_relative_error_radius_moment_0_m3,0.0007689713332399318,-0.0008457506648818012,0.0023836933313616648,0.05,True
27,262144,524288,3600.0,golovin_relative_error_radius_moment_6_um6_m3,-0.005357345645719678,-0.015979544777016484,0.005264853485577128,0.05,True
27,524288,1048576,600.0,ensemble_mean_l1_bins_500,0.0010780850054800933,0.0005204998773260301,0.002961593001441785,0.01,True
27,524288,1048576,600.0,golovin_relative_error_radius_moment_0_m3,-8.31498148549792e-05,-0.000906707368600813,0.0007404077388908546,0.05,True
27,524288,1048576,600.0,golovin_relative_error_radius_moment_6_um6_m3,0.0012328279854281511,-0.0009083399578234679,0.00337399592867977,0.05,True
27,524288,1048576,1200.0,ensemble_mean_l1_bins_500,0.0009844293107363067,0.00045139644935814137,0.0029011967455711586,0.01,True
27,524288,1048576,1200.0,golovin_relative_error_radius_moment_0_m3,0.0004598926614633192,-0.0005650618732230752,0.0014848471961497135,0.05,True
27,524288,1048576,1200.0,golovin_relative_error_radius_moment_6_um6_m3,0.0014552631040591346,-0.0020006768659070447,0.004911203074025314,0.05,True
27,524288,1048576,1800.0,ensemble_mean_l1_bins_500,0.0010559623399274479,0.00037442894482190095,0.0025197013194312645,0.01,True
27,524288,1048576,1800.0,golovin_relative_error_radius_moment_0_m3,0.00044236324496952587,-0.0006746919871400193,0.001559418477079071,0.05,True
27,524288,1048576,1800.0,golovin_relative_error_radius_moment_6_um6_m3,0.001893796506546459,-0.0018316801277944062,0.005619273140887324,0.05,True
27,524288,1048576,2400.0,ensemble_mean_l1_bins_500,0.0007962183811570352,0.00042727607063900325,0.002372273795672454,0.01,True
27,524288,1048576,2400.0,golovin_relative_error_radius_moment_0_m3,0.0002887796449694635,-0.0008904992391005407,0.0014680585290394678,0.05,True
27,524288,1048576,2400.0,golovin_relative_error_radius_moment_6_um6_m3,0.0021344281150293297,-0.002386053171414289,0.006654909401472948,0.05,True
27,524288,1048576,3000.0,ensemble_mean_l1_bins_500,0.0008141929583655801,0.00023356577210096945,0.0032317482886442725,0.01,True
27,524288,1048576,3000.0,golovin_relative_error_radius_moment_0_m3,0.00020163086389133998,-0.0009844138714133217,0.0013876755991960015,0.05,True
27,524288,1048576,3000.0,golovin_relative_error_radius_moment_6_um6_m3,0.0024725315069291432,-0.0031448157083161783,0.008089878722174464,0.05,True
27,524288,1048576,3600.0,ensemble_mean_l1_bins_500,0.0010994792830759216,0.0007095442462592945,0.004196734879648035,0.01,True
27,524288,1048576,3600.0,golovin_relative_error_radius_moment_0_m3,0.00019295888261293247,-0.0010051774650598649,0.0013910952302857297,0.05,True
27,524288,1048576,3600.0,golovin_relative_error_radius_moment_6_um6_m3,0.002438405528546057,-0.004830828363715842,0.009707639420807955,0.05,True
28,4096,8192,600.0,ensemble_mean_l1_bins_500,0.010646443679656024,0.004136048274785164,0.030792430863586025,0.01,False
28,4096,8192,600.0,golovin_relative_error_radius_moment_0_m3,0.002918019986929295,-0.0076197783262615375,0.013455818300120126,0.05,True
28,4096,8192,600.0,golovin_relative_error_radius_moment_6_um6_m3,-0.009391378343555325,-0.03481859056172358,0.016035833874612933,0.05,True
28,4096,8192,1200.0,ensemble_mean_l1_bins_500,0.01032932340727128,0.004181140654512268,0.031333715736644605,0.01,False
28,4096,8192,1200.0,golovin_relative_error_radius_moment_0_m3,0.0011462970863592092,-0.010760748884112093,0.013053343056830511,0.05,True
28,4096,8192,1200.0,golovin_relative_error_radius_moment_6_um6_m3,-0.009496849491848577,-0.04895495211568139,0.029961253131984236,0.05,True
28,4096,8192,1800.0,ensemble_mean_l1_bins_500,0.010539323146189473,0.004351041756042428,0.03061279771551541,0.01,False
28,4096,8192,1800.0,golovin_relative_error_radius_moment_0_m3,-0.002686110060303406,-0.015620374114201125,0.010248153993594312,0.05,True
28,4096,8192,1800.0,golovin_relative_error_radius_moment_6_um6_m3,-0.005732354361670149,-0.05398597917015939,0.042521270446819096,0.05,False
28,4096,8192,2400.0,ensemble_mean_l1_bins_500,0.014121665108384713,0.006655505429418685,0.03562762649733753,0.01,False
28,4096,8192,2400.0,golovin_relative_error_radius_moment_0_m3,-0.0015882544173717438,-0.015695102376619342,0.012518593541875853,0.05,True
28,4096,8192,2400.0,golovin_relative_error_radius_moment_6_um6_m3,0.0011396646773432668,-0.05412352724506814,0.056402856599754664,0.05,False
28,4096,8192,3000.0,ensemble_mean_l1_bins_500,0.016170966190678197,0.004715939107427543,0.03935048451319873,0.01,False
28,4096,8192,3000.0,golovin_relative_error_radius_moment_0_m3,-7.9981786087523e-06,-0.014097141976599104,0.014081145619381598,0.05,True
28,4096,8192,3000.0,golovin_relative_error_radius_moment_6_um6_m3,0.009258408735591106,-0.06116117085363334,0.07967798832481555,0.05,False
28,4096,8192,3600.0,ensemble_mean_l1_bins_500,0.01523766158126355,0.007397804314817244,0.04603943422037344,0.01,False
28,4096,8192,3600.0,golovin_relative_error_radius_moment_0_m3,0.00011808026243442554,-0.014106773498431103,0.014342934023299956,0.05,True
28,4096,8192,3600.0,golovin_relative_error_radius_moment_6_um6_m3,-0.011400566122131662,-0.09165940591785789,0.06885827367359455,0.05,False
28,8192,16384,600.0,ensemble_mean_l1_bins_500,0.00447613162721236,0.0011588159776453233,0.020880151594984193,0.01,False
28,8192,16384,600.0,golovin_relative_error_radius_moment_0_m3,-0.0005037539747149311,-0.007327372830256204,0.006319864880826341,0.05,True
28,8192,16384,600.0,golovin_relative_error_radius_moment_6_um6_m3,-0.006482440720361811,-0.027322932461470703,0.014358051020747081,0.05,True
28,8192,16384,1200.0,ensemble_mean_l1_bins_500,0.011324354208979644,0.0047590248088053705,0.024022630653622007,0.01,False
28,8192,16384,1200.0,golovin_relative_error_radius_moment_0_m3,-0.0025524423585875965,-0.011294971344320615,0.006190086627145421,0.05,True
28,8192,16384,1200.0,golovin_relative_error_radius_moment_6_um6_m3,0.0025103638737196702,-0.026159720110532376,0.031180447857971718,0.05,True
28,8192,16384,1800.0,ensemble_mean_l1_bins_500,0.00480244635985496,0.0025277207107908275,0.02102291806396101,0.01,False
28,8192,16384,1800.0,golovin_relative_error_radius_moment_0_m3,-0.0011936271905278305,-0.010531669655600888,0.008144415274545227,0.05,True
28,8192,16384,1800.0,golovin_relative_error_radius_moment_6_um6_m3,-0.0013483605455431504,-0.03713491800145618,0.034438196910369874,0.05,True
28,8192,16384,2400.0,ensemble_mean_l1_bins_500,0.00466168817817194,0.0019088958593135477,0.022303088255257005,0.01,False
28,8192,16384,2400.0,golovin_relative_error_radius_moment_0_m3,0.0016517359100811733,-0.008515729241010442,0.011819201061172789,0.05,True
28,8192,16384,2400.0,golovin_relative_error_radius_moment_6_um6_m3,-0.010217970884599333,-0.05174472056997565,0.03130877880077699,0.05,False
28,8192,16384,3000.0,ensemble_mean_l1_bins_500,0.012827281353564531,0.0068465678679485486,0.03198784969467679,0.01,False
28,8192,16384,3000.0,golovin_relative_error_radius_moment_0_m3,0.000918970439858131,-0.009011008008256672,0.010848948887972934,0.05,True
28,8192,16384,3000.0,golovin_relative_error_radius_moment_6_um6_m3,-0.006490784661598115,-0.05452788034454772,0.041546311021351486,0.05,False
28,8192,16384,3600.0,ensemble_mean_l1_bins_500,0.013202520108023919,0.006526475065994602,0.03462106615377047,0.01,False
28,8192,16384,3600.0,golovin_relative_error_radius_moment_0_m3,0.0010989830137686663,-0.008930690709614244,0.011128656737151577,0.05,True
28,8192,16384,3600.0,golovin_relative_error_radius_moment_6_um6_m3,0.009531054400332403,-0.05345912014635669,0.0725212289470215,0.05,False
28,16384,32768,600.0,ensemble_mean_l1_bins_500,0.006161136760722852,0.002626189581042736,0.01661596641147598,0.01,False
28,16384,32768,600.0,golovin_relative_error_radius_moment_0_m3,-8.014604561796591e-05,-0.004648513492711265,0.004488221401475334,0.05,True
28,16384,32768,600.0,golovin_relative_error_radius_moment_6_um6_m3,0.01173651583644503,-0.003594318327021272,0.027067349999911332,0.05,True
28,16384,32768,1200.0,ensemble_mean_l1_bins_500,0.005853257028353542,0.0032456754121906795,0.016748520114857314,0.01,False
28,16384,32768,1200.0,golovin_relative_error_radius_moment_0_m3,0.0040571288564103655,-0.0014891275308396134,0.009603385243660344,0.05,True
28,16384,32768,1200.0,golovin_relative_error_radius_moment_6_um6_m3,0.009304513644161018,-0.012924045601737435,0.03153307289005947,0.05,True
28,16384,32768,1800.0,ensemble_mean_l1_bins_500,0.0072090668655704175,0.003441028847970896,0.016377567269022973,0.01,False
28,16384,32768,1800.0,golovin_relative_error_radius_moment_0_m3,0.0034602455734436075,-0.003204904893025021,0.010125396039912235,0.05,True
28,16384,32768,1800.0,golovin_relative_error_radius_moment_6_um6_m3,0.007117916265123314,-0.018821479134113375,0.03305731166436,0.05,True
28,16384,32768,2400.0,ensemble_mean_l1_bins_500,0.00751030049743337,0.004034125574847559,0.018477030224058947,0.01,False
28,16384,32768,2400.0,golovin_relative_error_radius_moment_0_m3,0.0024852759826798354,-0.0042365130273094185,0.00920706499266909,0.05,True
28,16384,32768,2400.0,golovin_relative_error_radius_moment_6_um6_m3,0.009559972069699996,-0.01867370203397207,0.03779364617337206,0.05,True
28,16384,32768,3000.0,ensemble_mean_l1_bins_500,0.0021359369937048803,0.0006713944798911044,0.01752355913077802,0.01,False
28,16384,32768,3000.0,golovin_relative_error_radius_moment_0_m3,0.002119471252625711,-0.0047622258844821005,0.009001168389733522,0.05,True
28,16384,32768,3000.0,golovin_relative_error_radius_moment_6_um6_m3,0.007043881161207308,-0.026299778538917726,0.04038754086133234,0.05,True
28,16384,32768,3600.0,ensemble_mean_l1_bins_500,0.005348978564942396,0.0028003291432478466,0.02196401986841859,0.01,False
28,16384,32768,3600.0,golovin_relative_error_radius_moment_0_m3,0.002085467647579744,-0.0048870270800692155,0.009057962375228703,0.05,True
28,16384,32768,3600.0,golovin_relative_error_radius_moment_6_um6_m3,-0.006194628109735574,-0.049769503077009655,0.037380246857538504,0.05,True
28,32768,65536,600.0,ensemble_mean_l1_bins_500,0.004128061565405553,0.0014403513214101276,0.01117193338059095,0.01,False
28,32768,65536,600.0,golovin_relative_error_radius_moment_0_m3,0.002110027418174125,-0.0012512013537103882,0.005471256190058638,0.05,True
28,32768,65536,600.0,golovin_relative_error_radius_moment_6_um6_m3,-0.005308097953690396,-0.01482405645870519,0.0042078605513243975,0.05,True
28,32768,65536,1200.0,ensemble_mean_l1_bins_500,0.0033165862281304154,0.001097271428171219,0.010694253902582615,0.01,False
28,32768,65536,1200.0,golovin_relative_error_radius_moment_0_m3,-0.00021531732888159017,-0.004580508290004409,0.004149873632241229,0.05,True
28,32768,65536,1200.0,golovin_relative_error_radius_moment_6_um6_m3,-0.005829066211151308,-0.02052539763482435,0.008867265212521735,0.05,True
28,32768,65536,1800.0,ensemble_mean_l1_bins_500,0.0022106959658821177,0.00113079575818111,0.01054086498984155,0.01,False
28,32768,65536,1800.0,golovin_relative_error_radius_moment_0_m3,-0.0005116366193819945,-0.005474630547137526,0.004451357308373536,0.05,True
28,32768,65536,1800.0,golovin_relative_error_radius_moment_6_um6_m3,-0.004109276868206422,-0.02168184887806371,0.013463295141650865,0.05,True
28,32768,65536,2400.0,ensemble_mean_l1_bins_500,0.0029214316708307247,0.0011795295799555934,0.011064989501833473,0.01,False
28,32768,65536,2400.0,golovin_relative_error_radius_moment_0_m3,-0.0008068765792259502,-0.005892335857947211,0.004278582699495311,0.05,True
28,32768,65536,2400.0,golovin_relative_error_radius_moment_6_um6_m3,-0.006609878357270577,-0.027558936713178248,0.014339179998637094,0.05,True
28,32768,65536,3000.0,ensemble_mean_l1_bins_500,0.005770418455639723,0.0031840968150073008,0.015017645556562726,0.01,False
28,32768,65536,3000.0,golovin_relative_error_radius_moment_0_m3,-0.000476973385106203,-0.005757039223625382,0.004803092453412976,0.05,True
28,32768,65536,3000.0,golovin_relative_error_radius_moment_6_um6_m3,-0.0059289581581573264,-0.030669450634886356,0.018811534318571705,0.05,True
28,32768,65536,3600.0,ensemble_mean_l1_bins_500,0.005294262234892724,0.001955837663318345,0.01636156282320048,0.01,False
28,32768,65536,3600.0,golovin_relative_error_radius_moment_0_m3,-0.0006184310353840617,-0.0058824176064969915,0.0046455555357288675,0.05,True
28,32768,65536,3600.0,golovin_relative_error_radius_moment_6_um6_m3,-0.005842607661894012,-0.03370167272102766,0.02201645739723964,0.05,True
28,65536,131072,600.0,ensemble_mean_l1_bins_500,0.0022743987140059945,0.0010599524749026375,0.008059245983342487,0.01,True
28,65536,131072,600.0,golovin_relative_error_radius_moment_0_m3,-0.0022571724052171806,-0.004669479144754084,0.0001551343343197233,0.05,True
28,65536,131072,600.0,golovin_relative_error_radius_moment_6_um6_m3,-0.0003480841588496531,-0.006766173015388333,0.006070004697689027,0.05,True
28,65536,131072,1200.0,ensemble_mean_l1_bins_500,0.0018120146021446447,0.0005099164915357657,0.0077021683545050006,0.01,True
28,65536,131072,1200.0,golovin_relative_error_radius_moment_0_m3,-0.002388720251492169,-0.005613101404645051,0.0008356609016607129,0.05,True
28,65536,131072,1200.0,golovin_relative_error_radius_moment_6_um6_m3,0.003932841125203463,-0.005408661160147758,0.013274343410554685,0.05,True
28,65536,131072,1800.0,ensemble_mean_l1_bins_500,0.0029760395838790577,0.0018121723386834909,0.008277180197834797,0.01,True
28,65536,131072,1800.0,golovin_relative_error_radius_moment_0_m3,-0.0017948561576964827,-0.005335264051949848,0.0017455517365568825,0.05,True
28,65536,131072,1800.0,golovin_relative_error_radius_moment_6_um6_m3,0.0024392991328900473,-0.008650738477339858,0.013529336743119952,0.05,True
28,65536,131072,2400.0,ensemble_mean_l1_bins_500,0.002915254703770369,0.0012908786990085107,0.008327857093495605,0.01,True
28,65536,131072,2400.0,golovin_relative_error_radius_moment_0_m3,-0.0012539710839893203,-0.0049759417338430395,0.0024679995658643994,0.05,True
28,65536,131072,2400.0,golovin_relative_error_radius_moment_6_um6_m3,0.0016295257509943118,-0.011786224310745382,0.015045275812734005,0.05,True
28,65536,131072,3000.0,ensemble_mean_l1_bins_500,0.00402507820412765,0.001850609071338763,0.010304441259236848,0.01,False
28,65536,131072,3000.0,golovin_relative_error_radius_moment_0_m3,-0.0009783010397904968,-0.004744504500937356,0.002787902421356362,0.05,True
28,65536,131072,3000.0,golovin_relative_error_radius_moment_6_um6_m3,0.0033484677999073243,-0.011343660481262684,0.01804059608107733,0.05,True
28,65536,131072,3600.0,ensemble_mean_l1_bins_500,0.005604289643961436,0.002554443092058152,0.012616935201526206,0.01,False
28,65536,131072,3600.0,golovin_relative_error_radius_moment_0_m3,-0.0008456269565198626,-0.004633789706717617,0.0029425357936778912,0.05,True
28,65536,131072,3600.0,golovin_relative_error_radius_moment_6_um6_m3,0.010087571690162656,-0.007197215449633792,0.027372358829959104,0.05,True
28,131072,262144,600.0,ensemble_mean_l1_bins_500,0.002497011719437583,0.000971466524636082,0.00582335649270296,0.01,True
28,131072,262144,600.0,golovin_relative_error_radius_moment_0_m3,0.00016382287507628714,-0.0014140175934231898,0.001741663343575764,0.05,True
28,131072,262144,600.0,golovin_relative_error_radius_moment_6_um6_m3,0.0008865077998372172,-0.0038877520344665585,0.005660767634140993,0.05,True
28,131072,262144,1200.0,ensemble_mean_l1_bins_500,0.0008464294219957093,0.00033369771316803644,0.005088934400932702,0.01,True
28,131072,262144,1200.0,golovin_relative_error_radius_moment_0_m3,-8.657924200521582e-05,-0.002170770948638473,0.001997612464628042,0.05,True
28,131072,262144,1200.0,golovin_relative_error_radius_moment_6_um6_m3,7.791571862661006e-06,-0.007081415979023198,0.007096999122748519,0.05,True
28,131072,262144,1800.0,ensemble_mean_l1_bins_500,0.0012721035654429773,0.00018703901442386703,0.004535366693605887,0.01,True
28,131072,262144,1800.0,golovin_relative_error_radius_moment_0_m3,0.0002146955392887162,-0.002248836189208409,0.0026782272677858413,0.05,True
28,131072,262144,1800.0,golovin_relative_error_radius_moment_6_um6_m3,0.0013788689827167588,-0.006367265297276903,0.00912500326271042,0.05,True
28,131072,262144,2400.0,ensemble_mean_l1_bins_500,0.001735620714457784,0.0008682363943420838,0.005838001424624775,0.01,True
28,131072,262144,2400.0,golovin_relative_error_radius_moment_0_m3,-4.2403988575356226e-07,-0.0025327267924238842,0.0025318787126523768,0.05,True
28,131072,262144,2400.0,golovin_relative_error_radius_moment_6_um6_m3,0.0014596419037190356,-0.008792881723299204,0.011712165530737274,0.05,True
28,131072,262144,3000.0,ensemble_mean_l1_bins_500,0.0027775652188570202,0.0012523567477935333,0.007432025969223174,0.01,True
28,131072,262144,3000.0,golovin_relative_error_radius_moment_0_m3,-0.00038104480703589957,-0.002950056336088877,0.002187966722017078,0.05,True
28,131072,262144,3000.0,golovin_relative_error_radius_moment_6_um6_m3,-0.0016255043479852008,-0.012619977964521693,0.00936896926855129,0.05,True
28,131072,262144,3600.0,ensemble_mean_l1_bins_500,0.0017254934217523984,0.0007081787872339426,0.007980626603951166,0.01,True
28,131072,262144,3600.0,golovin_relative_error_radius_moment_0_m3,-0.0005136906947181564,-0.003142157171319365,0.002114775781883052,0.05,True
28,131072,262144,3600.0,golovin_relative_error_radius_moment_6_um6_m3,-0.0049779613673325345,-0.018151222957876082,0.008195300223211011,0.05,True
28,262144,524288,600.0,ensemble_mean_l1_bins_500,0.0007355156887138433,0.00010369132789374622,0.003573875890358772,0.01,True
28,262144,524288,600.0,golovin_relative_error_radius_moment_0_m3,0.00040141646928275597,-0.0006587697497729523,0.0014616026883384643,0.05,True
28,262144,524288,600.0,golovin_relative_error_radius_moment_6_um6_m3,-0.0014727588055359676,-0.004717246668846939,0.0017717290577750045,0.05,True
28,262144,524288,1200.0,ensemble_mean_l1_bins_500,0.0017338786552034127,0.0007407016791790956,0.003928714631539199,0.01,True
28,262144,524288,1200.0,golovin_relative_error_radius_moment_0_m3,0.0004847951379755466,-0.0007975747876343938,0.0017671650635854871,0.05,True
28,262144,524288,1200.0,golovin_relative_error_radius_moment_6_um6_m3,-0.0025171231595888036,-0.007677154261046123,0.0026429079418685162,0.05,True
28,262144,524288,1800.0,ensemble_mean_l1_bins_500,6.46959507032141e-05,-0.00034306988782690086,0.0027375905191673296,0.01,True
28,262144,524288,1800.0,golovin_relative_error_radius_moment_0_m3,0.0003837102741382026,-0.0010884079895478434,0.0018558285378242486,0.05,True
28,262144,524288,1800.0,golovin_relative_error_radius_moment_6_um6_m3,-0.00348228201715288,-0.009367787128832154,0.0024032230945263936,0.05,True
28,262144,524288,2400.0,ensemble_mean_l1_bins_500,0.0006598738745946893,0.00036398789407437543,0.0036658860568711464,0.01,True
28,262144,524288,2400.0,golovin_relative_error_radius_moment_0_m3,0.0004035918554146756,-0.0011538992541103826,0.001961082964939734,0.05,True
28,262144,524288,2400.0,golovin_relative_error_radius_moment_6_um6_m3,-0.0037443082844848875,-0.011030217389081986,0.00354160082011221,0.05,True
28,262144,524288,3000.0,ensemble_mean_l1_bins_500,0.001516543545350411,0.0006945944564624342,0.00488325113613622,0.01,True
28,262144,524288,3000.0,golovin_relative_error_radius_moment_0_m3,0.0007277641279180336,-0.0008451517184752522,0.0023006799743113195,0.05,True
28,262144,524288,3000.0,golovin_relative_error_radius_moment_6_um6_m3,-0.0038374098021472934,-0.012011869433463218,0.004337049829168632,0.05,True
28,262144,524288,3600.0,ensemble_mean_l1_bins_500,0.0032703426268106423,0.0015781206868632541,0.006821669058730367,0.01,True
28,262144,524288,3600.0,golovin_relative_error_radius_moment_0_m3,0.0007689713332399318,-0.0008151210819615103,0.002353063748441374,0.05,True
28,262144,524288,3600.0,golovin_relative_error_radius_moment_6_um6_m3,-0.005357345645719678,-0.015777724344536174,0.005063033053096819,0.05,True
28,524288,1048576,600.0,ensemble_mean_l1_bins_500,0.0010780850054800933,0.0005069809962889337,0.002902164681681554,0.01,True
28,524288,1048576,600.0,golovin_relative_error_radius_moment_0_m3,-8.31498148549792e-05,-0.0008910882895965842,0.0007247886598866258,0.05,True
28,524288,1048576,600.0,golovin_relative_error_radius_moment_6_um6_m3,0.0012328279854281511,-0.0008675110017397291,0.0033331669725960313,0.05,True
28,524288,1048576,1200.0,ensemble_mean_l1_bins_500,0.0009844293107363067,0.0004461796732679884,0.0028596794944646016,0.01,True
28,524288,1048576,1200.0,golovin_relative_error_radius_moment_0_m3,0.0004598926614633192,-0.0005456917583583911,0.0014654770812850295,0.05,True
28,524288,1048576,1200.0,golovin_relative_error_radius_moment_6_um6_m3,0.0014552631040591346,-0.0019348018009219163,0.004845328009040186,0.05,True
28,524288,1048576,1800.0,ensemble_mean_l1_bins_500,0.0010559623399274479,0.00038857813413368657,0.0025068470924120823,0.01,True
28,524288,1048576,1800.0,golovin_relative_error_radius_moment_0_m3,0.00044236324496952587,-0.0006535394602007025,0.0015382659501397542,0.05,True
28,524288,1048576,1800.0,golovin_relative_error_radius_moment_6_um6_m3,0.001893796506546459,-0.0017609300414044072,0.005548523054497325,0.05,True
28,524288,1048576,2400.0,ensemble_mean_l1_bins_500,0.0007962183811570352,0.00043404658556550055,0.0023077697294194644,0.01,True
28,524288,1048576,2400.0,golovin_relative_error_radius_moment_0_m3,0.0002887796449694635,-0.0008682039570820426,0.0014457632470209697,0.05,True
28,524288,1048576,2400.0,golovin_relative_error_radius_moment_6_um6_m3,0.0021344281150293297,-0.0023000517081928577,0.006568907938251517,0.05,True
28,524288,1048576,3000.0,ensemble_mean_l1_bins_500,0.0008141929583655801,0.00023735129508181414,0.0031665212548136036,0.01,True
28,524288,1048576,3000.0,golovin_relative_error_radius_moment_0_m3,0.00020163086389133998,-0.0009619710122193005,0.0013652327400019803,0.05,True
28,524288,1048576,3000.0,golovin_relative_error_radius_moment_6_um6_m3,0.0024725315069291432,-0.003038037277645985,0.007983100291504272,0.05,True
28,524288,1048576,3600.0,ensemble_mean_l1_bins_500,0.0010994792830759216,0.0007072313158524556,0.004116442708994035,0.01,True
28,524288,1048576,3600.0,golovin_relative_error_radius_moment_0_m3,0.00019295888261293247,-0.0009824833319255974,0.0013684010971514622,0.05,True
28,524288,1048576,3600.0,golovin_relative_error_radius_moment_6_um6_m3,0.002438405528546057,-0.00469269626029578,0.009569507317387895,0.05,True
29,4096,8192,600.0,ensemble_mean_l1_bins_500,0.010646443679656024,0.004074791197458301,0.030475439906454422,0.01,False
29,4096,8192,600.0,golovin_relative_error_radius_moment_0_m3,0.002918019986929295,-0.007426598201290059,0.013262638175148648,0.05,True
29,4096,8192,600.0,golovin_relative_error_radius_moment_6_um6_m3,-0.009391378343555325,-0.03435524663578644,0.015572489948675793,0.05,True
29,4096,8192,1200.0,ensemble_mean_l1_bins_500,0.01032932340727128,0.004141578753037552,0.03083170936080917,0.01,False
29,4096,8192,1200.0,golovin_relative_error_radius_moment_0_m3,0.0011462970863592092,-0.010543709124567256,0.012836303297285674,0.05,True
29,4096,8192,1200.0,golovin_relative_error_radius_moment_6_um6_m3,-0.009496849491848577,-0.04823256097257077,0.029238861988873613,0.05,True
29,4096,8192,1800.0,ensemble_mean_l1_bins_500,0.010539323146189473,0.004436429047423988,0.03024422668394999,0.01,False
29,4096,8192,1800.0,golovin_relative_error_radius_moment_0_m3,-0.002686110060303406,-0.015384118254231676,0.010011898133624863,0.05,True
29,4096,8192,1800.0,golovin_relative_error_radius_moment_6_um6_m3,-0.005732354361670149,-0.053104675248267,0.04163996652492671,0.05,False
29,4096,8192,2400.0,ensemble_mean_l1_bins_500,0.014121665108384713,0.006807891598520639,0.0349305186397925,0.01,False
29,4096,8192,2400.0,golovin_relative_error_radius_moment_0_m3,-0.0015882544173717438,-0.015437674865166074,0.012261166030422587,0.05,True
29,4096,8192,2400.0,golovin_relative_error_radius_moment_6_um6_m3,0.0011396646773432668,-0.05311632827895474,0.055395657633641265,0.05,False
29,4096,8192,3000.0,ensemble_mean_l1_bins_500,0.016170966190678197,0.0048647709842019205,0.03902595936689915,0.01,False
29,4096,8192,3000.0,golovin_relative_error_radius_moment_0_m3,-7.9981786087523e-06,-0.013839731095128347,0.013823734737910844,0.05,True
29,4096,8192,3000.0,golovin_relative_error_radius_moment_6_um6_m3,0.009258408735591106,-0.05987335720465948,0.0783901746758417,0.05,False
29,4096,8192,3600.0,ensemble_mean_l1_bins_500,0.01523766158126355,0.007038279367050038,0.04547553951215679,0.01,False
29,4096,8192,3600.0,golovin_relative_error_radius_moment_0_m3,0.00011808026243442554,-0.013846842390459782,0.014083002915328635,0.05,True
29,4096,8192,3600.0,golovin_relative_error_radius_moment_6_um6_m3,-0.011400566122131662,-0.09019687452701039,0.06739574228274706,0.05,False
29,8192,16384,600.0,ensemble_mean_l1_bins_500,0.00447613162721236,0.0011263003364090547,0.020636851639399982,0.01,False
29,8192,16384,600.0,golovin_relative_error_radius_moment_0_m3,-0.0005037539747149311,-0.0072022504223373755,0.006194742472907513,0.05,True
29,8192,16384,600.0,golovin_relative_error_radius_moment_6_um6_m3,-0.006482440720361811,-0.026942888639684418,0.013978007198960796,0.05,True
29,8192,16384,1200.0,ensemble_mean_l1_bins_500,0.011324354208979644,0.004700129140561155,0.02357338116345354,0.01,False
29,8192,16384,1200.0,golovin_relative_error_radius_moment_0_m3,-0.0025524423585875965,-0.011134076431420645,0.006029191714245453,0.05,True
29,8192,16384,1200.0,golovin_relative_error_radius_moment_6_um6_m3,0.0025103638737196702,-0.025637206410758808,0.03065793415819815,0.05,True
29,8192,16384,1800.0,ensemble_mean_l1_bins_500,0.00480244635985496,0.0024720532957788377,0.020692795257218035,0.01,False
29,8192,16384,1800.0,golovin_relative_error_radius_moment_0_m3,-0.0011936271905278305,-0.010360760631349473,0.007973506250293812,0.05,True
29,8192,16384,1800.0,golovin_relative_error_radius_moment_6_um6_m3,-0.0013483605455431504,-0.036481217053544464,0.03378449596245816,0.05,True
29,8192,16384,2400.0,ensemble_mean_l1_bins_500,0.00466168817817194,0.0020143357891616274,0.021789936454787242,0.01,False
29,8192,16384,2400.0,golovin_relative_error_radius_moment_0_m3,0.0016517359100811733,-0.008329059555097258,0.011632531375259604,0.05,True
29,8192,16384,2400.0,golovin_relative_error_radius_moment_6_um6_m3,-0.010217970884599333,-0.05098237095031498,0.030546429181116316,0.05,False
29,8192,16384,3000.0,ensemble_mean_l1_bins_500,0.012827281353564531,0.006697487338356555,0.03148124765223719,0.01,False
29,8192,16384,3000.0,golovin_relative_error_radius_moment_0_m3,0.000918970439858131,-0.008828938113630808,0.010666878993347069,0.05,True
29,8192,16384,3000.0,golovin_relative_error_radius_moment_6_um6_m3,-0.006490784661598115,-0.05364633747811813,0.0406647681549219,0.05,False
29,8192,16384,3600.0,ensemble_mean_l1_bins_500,0.013202520108023919,0.006545897952202198,0.034265259773131995,0.01,False
29,8192,16384,3600.0,golovin_relative_error_radius_moment_0_m3,0.0010989830137686663,-0.008746884403119052,0.010944850430656385,0.05,True
29,8192,16384,3600.0,golovin_relative_error_radius_moment_6_um6_m3,0.009531054400332403,-0.052307202592384666,0.07136931139304947,0.05,False
29,16384,32768,600.0,ensemble_mean_l1_bins_500,0.006161136760722852,0.002559525205591287,0.016403994714501133,0.01,False
29,16384,32768,600.0,golovin_relative_error_radius_moment_0_m3,-8.014604561796591e-05,-0.004565045175325024,0.004404753084089092,0.05,True
29,16384,32768,600.0,golovin_relative_error_radius_moment_6_um6_m3,0.01173651583644503,-0.0033128148790361536,0.026785846551926215,0.05,True
29,16384,32768,1200.0,ensemble_mean_l1_bins_500,0.005853257028353542,0.003441699402992051,0.016455007342591057,0.01,False
29,16384,32768,1200.0,golovin_relative_error_radius_moment_0_m3,0.0040571288564103655,-0.001387979478019193,0.009502237190839924,0.05,True
29,16384,32768,1200.0,golovin_relative_error_radius_moment_6_um6_m3,0.009304513644161018,-0.012517285960899445,0.03112631324922148,0.05,True
29,16384,32768,1800.0,ensemble_mean_l1_bins_500,0.0072090668655704175,0.0035291924226868395,0.01621160895992336,0.01,False
29,16384,32768,1800.0,golovin_relative_error_radius_moment_0_m3,0.0034602455734436075,-0.003083281402151101,0.010003772549038316,0.05,True
29,16384,32768,1800.0,golovin_relative_error_radius_moment_6_um6_m3,0.007117916265123314,-0.018346943704437933,0.03258277623468456,0.05,True
29,16384,32768,2400.0,ensemble_mean_l1_bins_500,0.00751030049743337,0.004039863247106421,0.018222888533967724,0.01,False
29,16384,32768,2400.0,golovin_relative_error_radius_moment_0_m3,0.0024852759826798354,-0.0041138335545927275,0.009084385519952397,0.05,True
29,16384,32768,2400.0,golovin_relative_error_radius_moment_6_um6_m3,0.009559972069699996,-0.018159101258014256,0.03727904539741425,0.05,True
29,16384,32768,3000.0,ensemble_mean_l1_bins_500,0.0021359369937048803,0.0005794932445524995,0.017258458715624037,0.01,False
29,16384,32768,3000.0,golovin_relative_error_radius_moment_0_m3,0.002119471252625711,-0.004636742110716911,0.008875684615968334,0.05,True
29,16384,32768,3000.0,golovin_relative_error_radius_moment_6_um6_m3,0.007043881161207308,-0.025692329087094373,0.039780091409508986,0.05,True
29,16384,32768,3600.0,ensemble_mean_l1_bins_500,0.005348978564942396,0.002677757244119653,0.021619605484756818,0.01,False
29,16384,32768,3600.0,golovin_relative_error_radius_moment_0_m3,0.002085467647579744,-0.004759830963342529,0.008930766258502016,0.05,True
29,16384,32768,3600.0,golovin_relative_error_radius_moment_6_um6_m3,-0.006194628109735574,-0.048971039756896234,0.03658178353742508,0.05,True
29,32768,65536,600.0,ensemble_mean_l1_bins_500,0.004128061565405553,0.0014595448155204725,0.011105953361426559,0.01,False
29,32768,65536,600.0,golovin_relative_error_radius_moment_0_m3,0.002110027418174125,-0.0011898130996132739,0.005409867935961524,0.05,True
29,32768,65536,600.0,golovin_relative_error_radius_moment_6_um6_m3,-0.005308097953690396,-0.014649473480921545,0.004033277573540752,0.05,True
29,32768,65536,1200.0,ensemble_mean_l1_bins_500,0.0033165862281304154,0.0011002764074372576,0.010600866545146208,0.01,False
29,32768,65536,1200.0,golovin_relative_error_radius_moment_0_m3,-0.00021531732888159017,-0.00450085276576563,0.00407021810800245,0.05,True
29,32768,65536,1200.0,golovin_relative_error_radius_moment_6_um6_m3,-0.005829066211151308,-0.02025515024584652,0.008597017823543905,0.05,True
29,32768,65536,1800.0,ensemble_mean_l1_bins_500,0.0022106959658821177,0.0011825295095668246,0.010260750103227155,0.01,False
29,32768,65536,1800.0,golovin_relative_error_radius_moment_0_m3,-0.0005116366193819945,-0.005383815582248928,0.004360542343484939,0.05,True
29,32768,65536,1800.0,golovin_relative_error_radius_moment_6_um6_m3,-0.004109276868206422,-0.02135943601181959,0.013140882275406746,0.05,True
29,32768,65536,2400.0,ensemble_mean_l1_bins_500,0.0029214316708307247,0.0011937799780138503,0.010964365510765755,0.01,False
29,32768,65536,2400.0,golovin_relative_error_radius_moment_0_m3,-0.0008068765792259502,-0.005799439672188424,0.004185686513736524,0.05,True
29,32768,65536,2400.0,golovin_relative_error_radius_moment_6_um6_m3,-0.006609878357270577,-0.02717382277023697,0.013954066055695817,0.05,True
29,32768,65536,3000.0,ensemble_mean_l1_bins_500,0.005770418455639723,0.0031883495933271435,0.014758474231064612,0.01,False
29,32768,65536,3000.0,golovin_relative_error_radius_moment_0_m3,-0.000476973385106203,-0.005660481988947675,0.004706535218735268,0.05,True
29,32768,65536,3000.0,golovin_relative_error_radius_moment_6_um6_m3,-0.0059289581581573264,-0.030213413633621993,0.018355497317307342,0.05,True
29,32768,65536,3600.0,ensemble_mean_l1_bins_500,0.005294262234892724,0.0019255040441390097,0.016066590958547258,0.01,False
29,32768,65536,3600.0,golovin_relative_error_radius_moment_0_m3,-0.0006184310353840617,-0.005786139212869332,0.0045492771421012075,0.05,True
29,32768,65536,3600.0,golovin_relative_error_radius_moment_6_um6_m3,-0.005842607661894012,-0.03318934258573807,0.02150412726195005,0.05,True
29,65536,131072,600.0,ensemble_mean_l1_bins_500,0.0022743987140059945,0.0010735976356740838,0.007989019504040093,0.01,True
29,65536,131072,600.0,golovin_relative_error_radius_moment_0_m3,-0.0022571724052171806,-0.004625288008690427,0.00011094319825606571,0.05,True
29,65536,131072,600.0,golovin_relative_error_radius_moment_6_um6_m3,-0.0003480841588496531,-0.006649060148787387,0.00595289183108808,0.05,True
29,65536,131072,1200.0,ensemble_mean_l1_bins_500,0.0018120146021446447,0.0005231598332216059,0.007602798998438347,0.01,True
29,65536,131072,1200.0,golovin_relative_error_radius_moment_0_m3,-0.002388720251492169,-0.005554057752255825,0.000776617249271487,0.05,True
29,65536,131072,1200.0,golovin_relative_error_radius_moment_6_um6_m3,0.003932841125203463,-0.005238138577304935,0.013103820827711861,0.05,True
29,65536,131072,1800.0,ensemble_mean_l1_bins_500,0.0029760395838790577,0.0018113160261905418,0.00821928364449167,0.01,True
29,65536,131072,1800.0,golovin_relative_error_radius_moment_0_m3,-0.0017948561576964827,-0.005270636348238647,0.0016809240328456813,0.05,True
29,65536,131072,1800.0,golovin_relative_error_radius_moment_6_um6_m3,0.0024392991328900473,-0.008447241097168766,0.01332583936294886,0.05,True
29,65536,131072,2400.0,ensemble_mean_l1_bins_500,0.002915254703770369,0.0013022344917302416,0.00825130802012023,0.01,True
29,65536,131072,2400.0,golovin_relative_error_radius_moment_0_m3,-0.0012539710839893203,-0.00490790960941436,0.00239996744143572,0.05,True
29,65536,131072,2400.0,golovin_relative_error_radius_moment_6_um6_m3,0.0016295257509943118,-0.011541340922818088,0.014800392424806711,0.05,True
29,65536,131072,3000.0,ensemble_mean_l1_bins_500,0.00402507820412765,0.0019598656848838565,0.010160665786858659,0.01,False
29,65536,131072,3000.0,golovin_relative_error_radius_moment_0_m3,-0.0009783010397904968,-0.004675680713171671,0.0027190786335906775,0.05,True
29,65536,131072,3000.0,golovin_relative_error_radius_moment_6_um6_m3,0.0033484677999073243,-0.011075218209066897,0.017772153808881547,0.05,True
29,65536,131072,3600.0,ensemble_mean_l1_bins_500,0.005604289643961436,0.002569687896866133,0.012449185622264079,0.01,False
29,65536,131072,3600.0,golovin_relative_error_radius_moment_0_m3,-0.0008456269565198626,-0.004564627229967349,0.002873373316927624,0.05,True
29,65536,131072,3600.0,golovin_relative_error_radius_moment_6_um6_m3,0.010087571690162656,-0.006881179639847457,0.02705632302017277,0.05,True
29,131072,262144,600.0,ensemble_mean_l1_bins_500,0.002497011719437583,0.0010056259429761757,0.005775998026923748,0.01,True
29,131072,262144,600.0,golovin_relative_error_radius_moment_0_m3,0.00016382287507628714,-0.0013850623683342106,0.001712708118486785,0.05,True
29,131072,262144,600.0,golovin_relative_error_radius_moment_6_um6_m3,0.0008865077998372172,-0.0038003779462488403,0.005573393545923275,0.05,True
29,131072,262144,1200.0,ensemble_mean_l1_bins_500,0.0008464294219957093,0.0003432921599948906,0.004952146359512056,0.01,True
29,131072,262144,1200.0,golovin_relative_error_radius_moment_0_m3,-8.657924200521582e-05,-0.0021324143844044033,0.001959255900393972,0.05,True
29,131072,262144,1200.0,golovin_relative_error_radius_moment_6_um6_m3,7.791571862661006e-06,-0.006951990337880359,0.006967573481605682,0.05,True
29,131072,262144,1800.0,ensemble_mean_l1_bins_500,0.0012721035654429773,0.00019574312427833772,0.004455487776895264,0.01,True
29,131072,262144,1800.0,golovin_relative_error_radius_moment_0_m3,0.0002146955392887162,-0.0022034444118664127,0.002632835490443845,0.05,True
29,131072,262144,1800.0,golovin_relative_error_radius_moment_6_um6_m3,0.0013788689827167588,-0.006226166950021258,0.008983904915454775,0.05,True
29,131072,262144,2400.0,ensemble_mean_l1_bins_500,0.001735620714457784,0.0008610532310711663,0.005723883510903121,0.01,True
29,131072,262144,2400.0,golovin_relative_error_radius_moment_0_m3,-4.2403988575356226e-07,-0.0024861625404541555,0.002485314460682648,0.05,True
29,131072,262144,2400.0,golovin_relative_error_radius_moment_6_um6_m3,0.0014596419037190356,-0.008605769724110039,0.011525053531548108,0.05,True
29,131072,262144,3000.0,ensemble_mean_l1_bins_500,0.0027775652188570202,0.0012540043304342008,0.007342085447625473,0.01,True
29,131072,262144,3000.0,golovin_relative_error_radius_moment_0_m3,-0.00038104480703589957,-0.002902791389740186,0.002140701775668387,0.05,True
29,131072,262144,3000.0,golovin_relative_error_radius_moment_6_um6_m3,-0.0016255043479852008,-0.01241939495732561,0.009168386261355207,0.05,True
29,131072,262144,3600.0,ensemble_mean_l1_bins_500,0.0017254934217523984,0.0007053495100060537,0.007922068174920364,0.01,True
29,131072,262144,3600.0,golovin_relative_error_radius_moment_0_m3,-0.0005136906947181564,-0.0030937429792171236,0.0020663615897808106,0.05,True
29,131072,262144,3600.0,golovin_relative_error_radius_moment_6_um6_m3,-0.0049779613673325345,-0.017911274616364145,0.007955351881699078,0.05,True
29,262144,524288,600.0,ensemble_mean_l1_bins_500,0.0007355156887138433,0.00011927523919330472,0.0035417004294262143,0.01,True
29,262144,524288,600.0,golovin_relative_error_radius_moment_0_m3,0.00040141646928275597,-0.0006394267984149269,0.001442259736980439,0.05,True
29,262144,524288,600.0,golovin_relative_error_radius_moment_6_um6_m3,-0.0014727588055359676,-0.004657801910528815,0.00171228429945688,0.05,True
29,262144,524288,1200.0,ensemble_mean_l1_bins_500,0.0017338786552034127,0.0007603470204741553,0.003870109993514773,0.01,True
29,262144,524288,1200.0,golovin_relative_error_radius_moment_0_m3,0.0004847951379755466,-0.0007741431455018032,0.0017437334214528966,0.05,True
29,262144,524288,1200.0,golovin_relative_error_radius_moment_6_um6_m3,-0.0025171231595888036,-0.007582660218388428,0.0025484138992108206,0.05,True
29,262144,524288,1800.0,ensemble_mean_l1_bins_500,6.46959507032141e-05,-0.0003365616499930125,0.0026678495073215753,0.01,True
29,262144,524288,1800.0,golovin_relative_error_radius_moment_0_m3,0.0003837102741382026,-0.0010615049353598928,0.001828925483636298,0.05,True
29,262144,524288,1800.0,golovin_relative_error_radius_moment_6_um6_m3,-0.00348228201715288,-0.009259588260706744,0.002295024226400984,0.05,True
29,262144,524288,2400.0,ensemble_mean_l1_bins_500,0.0006598738745946893,0.0003544520947936433,0.003598228778647442,0.01,True
29,262144,524288,2400.0,golovin_relative_error_radius_moment_0_m3,0.0004035918554146756,-0.0011253944400953764,0.0019325781509247275,0.05,True
29,262144,524288,2400.0,golovin_relative_error_radius_moment_6_um6_m3,-0.0037443082844848875,-0.010896260411236789,0.0034076438422670136,0.05,True
29,262144,524288,3000.0,ensemble_mean_l1_bins_500,0.001516543545350411,0.0006968217877640881,0.004761660867826031,0.01,True
29,262144,524288,3000.0,golovin_relative_error_radius_moment_0_m3,0.0007277641279180336,-0.0008163845086061942,0.0022719127644422613,0.05,True
29,262144,524288,3000.0,golovin_relative_error_radius_moment_6_um6_m3,-0.0038374098021472934,-0.011862182558366767,0.004187362954072181,0.05,True
29,262144,524288,3600.0,ensemble_mean_l1_bins_500,0.0032703426268106423,0.001579376548517665,0.006682731672840182,0.01,True
29,262144,524288,3600.0,golovin_relative_error_radius_moment_0_m3,0.0007689713332399318,-0.000786173223885623,0.0023241158903654865,0.05,True
29,262144,524288,3600.0,golovin_relative_error_radius_moment_6_um6_m3,-0.005357345645719678,-0.015587002444059743,0.004872311152620387,0.05,True
29,524288,1048576,600.0,ensemble_mean_l1_bins_500,0.0010780850054800933,0.0005096590431007941,0.0028412622540781025,0.01,True
29,524288,1048576,600.0,golovin_relative_error_radius_moment_0_m3,-8.31498148549792e-05,-0.0008763266230264271,0.0007100269933164687,0.05,True
29,524288,1048576,600.0,golovin_relative_error_radius_moment_6_um6_m3,0.0012328279854281511,-0.0008289351759044349,0.003294591146760737,0.05,True
29,524288,1048576,1200.0,ensemble_mean_l1_bins_500,0.0009844293107363067,0.0004560391038774658,0.0028164545835747405,0.01,True
29,524288,1048576,1200.0,golovin_relative_error_radius_moment_0_m3,0.0004598926614633192,-0.0005273813231593289,0.0014471666460859672,0.05,True
29,524288,1048576,1200.0,golovin_relative_error_radius_moment_6_um6_m3,0.0014552631040591346,-0.001872560709072131,0.004783086917190401,0.05,True
29,524288,1048576,1800.0,ensemble_mean_l1_bins_500,0.0010559623399274479,0.0003852709310056832,0.0024784444623836,0.01,True
29,524288,1048576,1800.0,golovin_relative_error_radius_moment_0_m3,0.00044236324496952587,-0.0006335463556455571,0.0015182728455846088,0.05,True
29,524288,1048576,1800.0,golovin_relative_error_radius_moment_6_um6_m3,0.001893796506546459,-0.0016940688656102948,0.005481661878703213,0.05,True
29,524288,1048576,2400.0,ensemble_mean_l1_bins_500,0.0007962183811570352,0.00043218327973038273,0.0022588415665462116,0.01,True
29,524288,1048576,2400.0,golovin_relative_error_radius_moment_0_m3,0.0002887796449694635,-0.0008471288435821314,0.0014246881335210585,0.05,True
29,524288,1048576,2400.0,golovin_relative_error_radius_moment_6_um6_m3,0.0021344281150293297,-0.0022187856735126077,0.006487641903571267,0.05,True
29,524288,1048576,3000.0,ensemble_mean_l1_bins_500,0.0008141929583655801,0.00023362807962428895,0.0031079688169722676,0.01,True
29,524288,1048576,3000.0,golovin_relative_error_radius_moment_0_m3,0.00020163086389133998,-0.0009407574464697116,0.0013440191742523915,0.05,True
29,524288,1048576,3000.0,golovin_relative_error_radius_moment_6_um6_m3,0.0024725315069291432,-0.0029371334620730363,0.007882196475931323,0.05,True
29,524288,1048576,3600.0,ensemble_mean_l1_bins_500,0.0010994792830759216,0.0007206832410202431,0.004026643811322004,0.01,True
29,524288,1048576,3600.0,golovin_relative_error_radius_moment_0_m3,0.00019295888261293247,-0.0009610334539855918,0.0013469512192114566,0.05,True
29,524288,1048576,3600.0,golovin_relative_error_radius_moment_6_um6_m3,0.002438405528546057,-0.00456216127108901,0.009438972328181125,0.05,True
30,4096,8192,600.0,ensemble_mean_l1_bins_500,0.010646443679656024,0.004021637495881739,0.029987757984133192,0.01,False
30,4096,8192,600.0,golovin_relative_error_radius_moment_0_m3,0.002918019986929295,-0.007243680439954169,0.013079720413812758,0.05,True
30,4096,8192,600.0,golovin_relative_error_radius_moment_6_um6_m3,-0.009391378343555325,-0.03391637377047298,0.015133617083362323,0.05,True
30,4096,8192,1200.0,ensemble_mean_l1_bins_500,0.01032932340727128,0.003976666300059803,0.030468109023488132,0.01,False
30,4096,8192,1200.0,golovin_relative_error_radius_moment_0_m3,0.0011462970863592092,-0.010338135467792909,0.012630729640511327,0.05,True
30,4096,8192,1200.0,golovin_relative_error_radius_moment_6_um6_m3,-0.009496849491848577,-0.04754849622709003,0.028554797243392875,0.05,True
30,4096,8192,1800.0,ensemble_mean_l1_bins_500,0.010539323146189473,0.004443382108467314,0.02992843900467989,0.01,False
30,4096,8192,1800.0,golovin_relative_error_radius_moment_0_m3,-0.002686110060303406,-0.015160369038207352,0.009788148917600539,0.05,True
30,4096,8192,1800.0,golovin_relative_error_radius_moment_6_um6_m3,-0.005732354361670149,-0.05227002007720311,0.04080531135386282,0.05,False
30,4096,8192,2400.0,ensemble_mean_l1_bins_500,0.014121665108384713,0.006850175435619652,0.03478806822142856,0.01,False
30,4096,8192,2400.0,golovin_relative_error_radius_moment_0_m3,-0.0015882544173717438,-0.015193862064803125,0.012017353230059638,0.05,True
30,4096,8192,2400.0,golovin_relative_error_radius_moment_6_um6_m3,0.0011396646773432668,-0.05216233245348602,0.05444166180817256,0.05,False
30,4096,8192,3000.0,ensemble_mean_l1_bins_500,0.016170966190678197,0.004858693383703736,0.038296137117379885,0.01,False
30,4096,8192,3000.0,golovin_relative_error_radius_moment_0_m3,-7.9981786087523e-06,-0.013595949834114593,0.013579953476897087,0.05,True
30,4096,8192,3000.0,golovin_relative_error_radius_moment_6_um6_m3,0.009258408735591106,-0.058653795589253634,0.07717061306043585,0.05,False
30,4096,8192,3600.0,ensemble_mean_l1_bins_500,0.01523766158126355,0.007062245661070918,0.044733309786435874,0.01,False
30,4096,8192,3600.0,golovin_relative_error_radius_moment_0_m3,0.00011808026243442554,-0.013600676446648797,0.01383683697151765,0.05,True
30,4096,8192,3600.0,golovin_relative_error_radius_moment_6_um6_m3,-0.011400566122131662,-0.08881158663093942,0.06601045438667609,0.05,False
30,8192,16384,600.0,ensemble_mean_l1_bins_500,0.00447613162721236,0.0010661783945901736,0.020121398541147147,0.01,False
30,8192,16384,600.0,golovin_relative_error_radius_moment_0_m3,-0.0005037539747149311,-0.007083776528361738,0.006076268578931876,0.05,True
30,8192,16384,600.0,golovin_relative_error_radius_moment_6_um6_m3,-0.006482440720361811,-0.026582930923387486,0.013618049482663864,0.05,True
30,8192,16384,1200.0,ensemble_mean_l1_bins_500,0.011324354208979644,0.004817221058918308,0.023348853609121183,0.01,False
30,8192,16384,1200.0,golovin_relative_error_radius_moment_0_m3,-0.0025524423585875965,-0.01098176111265526,0.005876876395480066,0.05,True
30,8192,16384,1200.0,golovin_relative_error_radius_moment_6_um6_m3,0.0025103638737196702,-0.02514229272873927,0.030163020476178613,0.05,True
30,8192,16384,1800.0,ensemble_mean_l1_bins_500,0.00480244635985496,0.0025437348103500676,0.020333529233433286,0.01,False
30,8192,16384,1800.0,golovin_relative_error_radius_moment_0_m3,-0.0011936271905278305,-0.010198916594057965,0.007811662213002304,0.05,True
30,8192,16384,1800.0,golovin_relative_error_radius_moment_6_um6_m3,-0.0013483605455431504,-0.035862122403197846,0.03316540131211154,0.05,True
30,8192,16384,2400.0,ensemble_mean_l1_bins_500,0.00466168817817194,0.0019640968981709294,0.021548889435561623,0.01,False
30,8192,16384,2400.0,golovin_relative_error_radius_moment_0_m3,0.0016517359100811733,-0.008152320743876389,0.011455792564038735,0.05,True
30,8192,16384,2400.0,golovin_relative_error_radius_moment_6_um6_m3,-0.010217970884599333,-0.050260575370115176,0.029824633600916514,0.05,False
30,8192,16384,3000.0,ensemble_mean_l1_bins_500,0.012827281353564531,0.006726291681125228,0.030919173058328173,0.01,False
30,8192,16384,3000.0,golovin_relative_error_radius_moment_0_m3,0.000918970439858131,-0.008656542040107358,0.01049448291982362,0.05,True
30,8192,16384,3000.0,golovin_relative_error_radius_moment_6_um6_m3,-0.006490784661598115,-0.05281167257559717,0.03983010325240094,0.05,False
30,8192,16384,3600.0,ensemble_mean_l1_bins_500,0.013202520108023919,0.006571468341913832,0.033823996759317944,0.01,False
30,8192,16384,3600.0,golovin_relative_error_radius_moment_0_m3,0.0010989830137686663,-0.008572839461651422,0.010770805489188755,0.05,True
30,8192,16384,3600.0,golovin_relative_error_radius_moment_6_um6_m3,0.009531054400332403,-0.051216333295168746,0.07027844209583356,0.05,False
30,16384,32768,600.0,ensemble_mean_l1_bins_500,0.006161136760722852,0.0027339615204352,0.016253326889614214,0.01,False
30,16384,32768,600.0,golovin_relative_error_radius_moment_0_m3,-8.014604561796591e-05,-0.004485996594126139,0.0043257045028902074,0.05,True
30,16384,32768,600.0,golovin_relative_error_radius_moment_6_um6_m3,0.01173651583644503,-0.003046289384731782,0.026519321057621843,0.05,True
30,16384,32768,1200.0,ensemble_mean_l1_bins_500,0.005853257028353542,0.0034175935275882587,0.016153098428838553,0.01,False
30,16384,32768,1200.0,golovin_relative_error_radius_moment_0_m3,0.0040571288564103655,-0.0012921776920336789,0.00940643540485441,0.05,True
30,16384,32768,1200.0,golovin_relative_error_radius_moment_6_um6_m3,0.009304513644161018,-0.012132096799709299,0.030741124088031334,0.05,True
30,16384,32768,1800.0,ensemble_mean_l1_bins_500,0.0072090668655704175,0.003561086187981114,0.01606122036417515,0.01,False
30,16384,32768,1800.0,golovin_relative_error_radius_moment_0_m3,0.0034602455734436075,-0.002968090028224261,0.009888581175111476,0.05,True
30,16384,32768,1800.0,golovin_relative_error_radius_moment_6_um6_m3,0.007117916265123314,-0.01789756627969623,0.032133398809942856,0.05,True
30,16384,32768,2400.0,ensemble_mean_l1_bins_500,0.00751030049743337,0.004129027391231701,0.018137058773388153,0.01,False
30,16384,32768,2400.0,golovin_relative_error_radius_moment_0_m3,0.0024852759826798354,-0.003997643201446228,0.008968195166805899,0.05,True
30,16384,32768,2400.0,golovin_relative_error_radius_moment_6_um6_m3,0.009559972069699996,-0.01767168461982018,0.03679162875922017,0.05,True
30,16384,32768,3000.0,ensemble_mean_l1_bins_500,0.0021359369937048803,0.0005351424705122548,0.01694670493734525,0.01,False
30,16384,32768,3000.0,golovin_relative_error_radius_moment_0_m3,0.002119471252625711,-0.00451788991382808,0.008756832419079501,0.05,True
30,16384,32768,3000.0,golovin_relative_error_radius_moment_6_um6_m3,0.007043881161207308,-0.025116953725444736,0.03920471604785935,0.05,True
30,16384,32768,3600.0,ensemble_mean_l1_bins_500,0.005348978564942396,0.002769495942537877,0.02130411301027592,0.01,False
30,16384,32768,3600.0,golovin_relative_error_radius_moment_0_m3,0.002085467647579744,-0.004639359837234902,0.00881029513239439,0.05,True
30,16384,32768,3600.0,golovin_relative_error_radius_moment_6_um6_m3,-0.006194628109735574,-0.048214975079951775,0.035825718860480624,0.05,True
30,32768,65536,600.0,ensemble_mean_l1_bins_500,0.004128061565405553,0.001481889309630756,0.010952863143818568,0.01,False
30,32768,65536,600.0,golovin_relative_error_radius_moment_0_m3,0.002110027418174125,-0.001131674156508851,0.005351728992857101,0.05,True
30,32768,65536,600.0,golovin_relative_error_radius_moment_6_um6_m3,-0.005308097953690396,-0.014484171902532567,0.0038679759951517735,0.05,True
30,32768,65536,1200.0,ensemble_mean_l1_bins_500,0.0033165862281304154,0.001141018736948689,0.010510479391624673,0.01,False
30,32768,65536,1200.0,golovin_relative_error_radius_moment_0_m3,-0.00021531732888159017,-0.0044254099109267905,0.003994775253163611,0.05,True
30,32768,65536,1200.0,golovin_relative_error_radius_moment_6_um6_m3,-0.005829066211151308,-0.01999930226918922,0.008341169846886601,0.05,True
30,32768,65536,1800.0,ensemble_mean_l1_bins_500,0.0022106959658821177,0.0011959033222759823,0.010126622082698416,0.01,False
30,32768,65536,1800.0,golovin_relative_error_radius_moment_0_m3,-0.0005116366193819945,-0.0052978163999147735,0.004274543161150784,0.05,True
30,32768,65536,1800.0,golovin_relative_error_radius_moment_6_um6_m3,-0.004109276868206422,-0.021054164721981912,0.012835610985569068,0.05,True
30,32768,65536,2400.0,ensemble_mean_l1_bins_500,0.0029214316708307247,0.0011741935645412298,0.010775423355789997,0.01,False
30,32768,65536,2400.0,golovin_relative_error_radius_moment_0_m3,-0.0008068765792259502,-0.005711461414621848,0.004097708256169948,0.05,True
30,32768,65536,2400.0,golovin_relative_error_radius_moment_6_um6_m3,-0.006609878357270577,-0.026809222753219907,0.013589466038678753,0.05,True
30,32768,65536,3000.0,ensemble_mean_l1_bins_500,0.005770418455639723,0.003158060265694643,0.014565908422617473,0.01,False
30,32768,65536,3000.0,golovin_relative_error_radius_moment_0_m3,-0.000476973385106203,-0.005569041969385112,0.004615095199172706,0.05,True
30,32768,65536,3000.0,golovin_relative_error_radius_moment_6_um6_m3,-0.0059289581581573264,-0.029781731626565684,0.017923815310251032,0.05,True
30,32768,65536,3600.0,ensemble_mean_l1_bins_500,0.005294262234892724,0.00198848147989878,0.01585182743352116,0.01,False
30,32768,65536,3600.0,golovin_relative_error_radius_moment_0_m3,-0.0006184310353840617,-0.005694964039820109,0.004458101969051985,0.05,True
30,32768,65536,3600.0,golovin_relative_error_radius_moment_6_um6_m3,-0.005842607661894012,-0.03270431247030285,0.021019097146514825,0.05,True
30,65536,131072,600.0,ensemble_mean_l1_bins_500,0.0022743987140059945,0.001111186278495935,0.007898142655008746,0.01,True
30,65536,131072,600.0,golovin_relative_error_radius_moment_0_m3,-0.0022571724052171806,-0.004583442826131441,6.909801569708043e-05,0.05,True
30,65536,131072,600.0,golovin_relative_error_radius_moment_6_um6_m3,-0.0003480841588496531,-0.0065381407329094966,0.00584197241521019,0.05,True
30,65536,131072,1200.0,ensemble_mean_l1_bins_500,0.0018120146021446447,0.0005578083269495136,0.007506515707759936,0.01,True
30,65536,131072,1200.0,golovin_relative_error_radius_moment_0_m3,-0.002388720251492169,-0.005498147290343694,0.000720706787359355,0.05,True
30,65536,131072,1200.0,golovin_relative_error_radius_moment_6_um6_m3,0.003932841125203463,-0.005076637351002668,0.012942319601409595,0.05,True
30,65536,131072,1800.0,ensemble_mean_l1_bins_500,0.0029760395838790577,0.0018129961089473263,0.008072534060444125,0.01,True
30,65536,131072,1800.0,golovin_relative_error_radius_moment_0_m3,-0.0017948561576964827,-0.005209427721758664,0.0016197154063656992,0.05,True
30,65536,131072,1800.0,golovin_relative_error_radius_moment_6_um6_m3,0.0024392991328900473,-0.008254564146340349,0.013133162412120442,0.05,True
30,65536,131072,2400.0,ensemble_mean_l1_bins_500,0.002915254703770369,0.0013731258741845641,0.008183157485445562,0.01,True
30,65536,131072,2400.0,golovin_relative_error_radius_moment_0_m3,-0.0012539710839893203,-0.004843481314199366,0.0023355391462207263,0.05,True
30,65536,131072,2400.0,golovin_relative_error_radius_moment_6_um6_m3,0.0016295257509943118,-0.011309412284247138,0.01456846378623576,0.05,True
30,65536,131072,3000.0,ensemble_mean_l1_bins_500,0.00402507820412765,0.0019959395038882683,0.010067082614003143,0.01,False
30,65536,131072,3000.0,golovin_relative_error_radius_moment_0_m3,-0.0009783010397904968,-0.004610501823429258,0.0026538997438482646,0.05,True
30,65536,131072,3000.0,golovin_relative_error_radius_moment_6_um6_m3,0.0033484677999073243,-0.010820990417827643,0.017517926017642294,0.05,True
30,65536,131072,3600.0,ensemble_mean_l1_bins_500,0.005604289643961436,0.00261489571837803,0.012364024971919019,0.01,False
30,65536,131072,3600.0,golovin_relative_error_radius_moment_0_m3,-0.0008456269565198626,-0.004499124366169523,0.002807870453129797,0.05,True
30,65536,131072,3600.0,golovin_relative_error_radius_moment_6_um6_m3,0.010087571690162656,-0.006581889941628758,0.02675703332195407,0.05,True
30,131072,262144,600.0,ensemble_mean_l1_bins_500,0.002497011719437583,0.0010198337277078473,0.005724560286882536,0.01,True
30,131072,262144,600.0,golovin_relative_error_radius_moment_0_m3,0.00016382287507628714,-0.0013576468907145003,0.0016852926408670746,0.05,True
30,131072,262144,600.0,golovin_relative_error_radius_moment_6_um6_m3,0.0008865077998372172,-0.0037176378282156967,0.005490653427890131,0.05,True
30,131072,262144,1200.0,ensemble_mean_l1_bins_500,0.0008464294219957093,0.00034926275170018065,0.0048883081739641305,0.01,True
30,131072,262144,1200.0,golovin_relative_error_radius_moment_0_m3,-8.657924200521582e-05,-0.0020961031390980805,0.0019229446550876486,0.05,True
30,131072,262144,1200.0,golovin_relative_error_radius_moment_6_um6_m3,7.791571862661006e-06,-0.006829412735139749,0.006844995878865072,0.05,True
30,131072,262144,1800.0,ensemble_mean_l1_bins_500,0.0012721035654429773,0.00017578137498193243,0.004397697123692362,0.01,True
30,131072,262144,1800.0,golovin_relative_error_radius_moment_0_m3,0.0002146955392887162,-0.002160475884880409,0.0025898669634578414,0.05,True
30,131072,262144,1800.0,golovin_relative_error_radius_moment_6_um6_m3,0.0013788689827167588,-0.006092517768949463,0.00885025573438298,0.05,True
30,131072,262144,2400.0,ensemble_mean_l1_bins_500,0.001735620714457784,0.0008704209289811313,0.005622765431865206,0.01,True
30,131072,262144,2400.0,golovin_relative_error_radius_moment_0_m3,-4.2403988575356226e-07,-0.0024420792545741107,0.0024412311748026033,0.05,True
30,131072,262144,2400.0,golovin_relative_error_radius_moment_6_um6_m3,0.0014596419037190356,-0.008428554638557021,0.01134783844599509,0.05,True
30,131072,262144,3000.0,ensemble_mean_l1_bins_500,0.0027775652188570202,0.0012998640214151042,0.007241062442765674,0.01,True
30,131072,262144,3000.0,golovin_relative_error_radius_moment_0_m3,-0.00038104480703589957,-0.0028580460678450546,0.0020959564537732555,0.05,True
30,131072,262144,3000.0,golovin_relative_error_radius_moment_6_um6_m3,-0.0016255043479852008,-0.012229417791143142,0.00897840909517274,0.05,True
30,131072,262144,3600.0,ensemble_mean_l1_bins_500,0.0017254934217523984,0.0007163151241999816,0.007703403610209946,0.01,True
30,131072,262144,3600.0,golovin_relative_error_radius_moment_0_m3,-0.0005136906947181564,-0.0030479125342729044,0.0020205311448365914,0.05,True
30,131072,262144,3600.0,golovin_relative_error_radius_moment_6_um6_m3,-0.0049779613673325345,-0.01768399378709991,0.007728071052434843,0.05,True
30,262144,524288,600.0,ensemble_mean_l1_bins_500,0.0007355156887138433,0.00010663945168131562,0.003466146262310138,0.01,True
30,262144,524288,600.0,golovin_relative_error_radius_moment_0_m3,0.00040141646928275597,-0.0006211066549070604,0.0014239395934725725,0.05,True
30,262144,524288,600.0,golovin_relative_error_radius_moment_6_um6_m3,-0.0014727588055359676,-0.004601513324232805,0.0016559957131608706,0.05,True
30,262144,524288,1200.0,ensemble_mean_l1_bins_500,0.0017338786552034127,0.0007716197591708783,0.0038082007363120026,0.01,True
30,262144,524288,1200.0,golovin_relative_error_radius_moment_0_m3,0.0004847951379755466,-0.0007519523136848678,0.001721542589635961,0.05,True
30,262144,524288,1200.0,golovin_relative_error_radius_moment_6_um6_m3,-0.0025171231595888036,-0.007493180847890744,0.002458934528713137,0.05,True
30,262144,524288,1800.0,ensemble_mean_l1_bins_500,6.46959507032141e-05,-0.0003387834377474074,0.002600200311021262,0.01,True
30,262144,524288,1800.0,golovin_relative_error_radius_moment_0_m3,0.0003837102741382026,-0.0010360267399641433,0.0018034472882405485,0.05,True
30,262144,524288,1800.0,golovin_relative_error_radius_moment_6_um6_m3,-0.00348228201715288,-0.009157153021899974,0.002192588987594214,0.05,True
30,262144,524288,2400.0,ensemble_mean_l1_bins_500,0.0006598738745946893,0.0003563366689699424,0.003524779384626821,0.01,True
30,262144,524288,2400.0,golovin_relative_error_radius_moment_0_m3,0.0004035918554146756,-0.0010984014609582166,0.0019055851717875677,0.05,True
30,262144,524288,2400.0,golovin_relative_error_radius_moment_6_um6_m3,-0.0037443082844848875,-0.010769439845345261,0.003280823276375486,0.05,True
30,262144,524288,3000.0,ensemble_mean_l1_bins_500,0.001516543545350411,0.0006873570290682598,0.004691322980812869,0.01,True
30,262144,524288,3000.0,golovin_relative_error_radius_moment_0_m3,0.0007277641279180336,-0.00078914202560261,0.0022446702814386773,0.05,True
30,262144,524288,3000.0,golovin_relative_error_radius_moment_6_um6_m3,-0.0038374098021472934,-0.011720438877757524,0.004045619273462938,0.05,True
30,262144,524288,3600.0,ensemble_mean_l1_bins_500,0.0032703426268106423,0.0015857303386336322,0.006606893695674347,0.01,True
30,262144,524288,3600.0,golovin_relative_error_radius_moment_0_m3,0.0007689713332399318,-0.0007587584441323561,0.00229670111061222,0.05,True
30,262144,524288,3600.0,golovin_relative_error_radius_moment_6_um6_m3,-0.005357345645719678,-0.015406396581309195,0.00469170528986984,0.05,True
30,524288,1048576,600.0,ensemble_mean_l1_bins_500,0.0010780850054800933,0.0005028006139895146,0.0027903074448431954,0.01,True
30,524288,1048576,600.0,golovin_relative_error_radius_moment_0_m3,-8.31498148549792e-05,-0.0008623465962248443,0.0006960469665148859,0.05,True
30,524288,1048576,600.0,golovin_relative_error_radius_moment_6_um6_m3,0.0012328279854281511,-0.0007924123480734266,0.003258068318929729,0.05,True
30,524288,1048576,1200.0,ensemble_mean_l1_bins_500,0.0009844293107363067,0.000473899884220339,0.0027883543409647125,0.01,True
30,524288,1048576,1200.0,golovin_relative_error_radius_moment_0_m3,0.0004598926614633192,-0.0005100372314901817,0.00142982255441682,0.05,True
30,524288,1048576,1200.0,golovin_relative_error_radius_moment_6_um6_m3,0.0014552631040591346,-0.001813630918842808,0.004724157126961077,0.05,True
30,524288,1048576,1800.0,ensemble_mean_l1_bins_500,0.0010559623399274479,0.00040407344005464135,0.0024501722012814004,0.01,True
30,524288,1048576,1800.0,golovin_relative_error_radius_moment_0_m3,0.00044236324496952587,-0.0006146103607820885,0.0014993368507211402,0.05,True
30,524288,1048576,1800.0,golovin_relative_error_radius_moment_6_um6_m3,0.001893796506546459,-0.0016307524886890958,0.005418345501782013,0.05,True
30,524288,1048576,2400.0,ensemble_mean_l1_bins_500,0.0007962183811570352,0.0004325009073166315,0.0022361366455818095,0.01,True
30,524288,1048576,2400.0,golovin_relative_error_radius_moment_0_m3,0.0002887796449694635,-0.0008271663871361567,0.0014047256770750838,0.05,True
30,524288,1048576,2400.0,golovin_relative_error_radius_moment_6_um6_m3,0.0021344281150293297,-0.0021418353484143815,0.006410691578473041,0.05,True
30,524288,1048576,3000.0,ensemble_mean_l1_bins_500,0.0008141929583655801,0.000241872742583932,0.0030463253018977103,0.01,True
30,524288,1048576,3000.0,golovin_relative_error_radius_moment_0_m3,0.00020163086389133998,-0.0009206647689164618,0.0013239264966991417,0.05,True
30,524288,1048576,3000.0,golovin_relative_error_radius_moment_6_um6_m3,0.0024725315069291432,-0.0028415839865426336,0.00778664700040092,0.05,True
30,524288,1048576,3600.0,ensemble_mean_l1_bins_500,0.0010994792830759216,0.0007149576465064588,0.0039531070405099,0.01,True
30,524288,1048576,3600.0,golovin_relative_error_radius_moment_0_m3,0.00019295888261293247,-0.0009407180039566389,0.0013266357691825038,0.05,True
30,524288,1048576,3600.0,golovin_relative_error_radius_moment_6_um6_m3,0.002438405528546057,-0.004438550783451757,0.009315361840543872,0.05,True
31,4096,8192,600.0,ensemble_mean_l1_bins_500,0.010646443679656024,0.00419513695067217,0.02973638007392463,0.01,False
31,4096,8192,600.0,golovin_relative_error_radius_moment_0_m3,0.002918019986929295,-0.0070701464508366885,0.012906186424695277,0.05,True
31,4096,8192,600.0,golovin_relative_error_radius_moment_6_um6_m3,-0.009391378343555325,-0.033499888757475116,0.014717132070364465,0.05,True
31,4096,8192,1200.0,ensemble_mean_l1_bins_500,0.01032932340727128,0.0042386334738419625,0.0299514949339663,0.01,False
31,4096,8192,1200.0,golovin_relative_error_radius_moment_0_m3,0.0011462970863592092,-0.010143051532583089,0.012435645705301507,0.05,True
31,4096,8192,1200.0,golovin_relative_error_radius_moment_6_um6_m3,-0.009496849491848577,-0.046899480732073374,0.02790578174837622,0.05,True
31,4096,8192,1800.0,ensemble_mean_l1_bins_500,0.010539323146189473,0.004428155420738664,0.02946754995626511,0.01,False
31,4096,8192,1800.0,golovin_relative_error_radius_moment_0_m3,-0.002686110060303406,-0.014948059376937347,0.009575839256330534,0.05,True
31,4096,8192,1800.0,golovin_relative_error_radius_moment_6_um6_m3,-0.005732354361670149,-0.05147803389254389,0.0400133251692036,0.05,False
31,4096,8192,2400.0,ensemble_mean_l1_bins_500,0.014121665108384713,0.006906150756778144,0.034335850296754386,0.01,False
31,4096,8192,2400.0,golovin_relative_error_radius_moment_0_m3,-0.0015882544173717438,-0.014962503394592605,0.011785994559849118,0.05,True
31,4096,8192,2400.0,golovin_relative_error_radius_moment_6_um6_m3,0.0011396646773432668,-0.05125700987675466,0.0535363392314412,0.05,False
31,4096,8192,3000.0,ensemble_mean_l1_bins_500,0.016170966190678197,0.00489908204522592,0.03799053513010531,0.01,False
31,4096,8192,3000.0,golovin_relative_error_radius_moment_0_m3,-7.9981786087523e-06,-0.013364635033605538,0.013348638676388035,0.05,True
31,4096,8192,3000.0,golovin_relative_error_radius_moment_6_um6_m3,0.009258408735591106,-0.057496656057876454,0.07601347352905867,0.05,False
31,4096,8192,3600.0,ensemble_mean_l1_bins_500,0.01523766158126355,0.007096964592813514,0.044420255089041204,0.01,False
31,4096,8192,3600.0,golovin_relative_error_radius_moment_0_m3,0.00011808026243442554,-0.01336710076571195,0.013603261290580803,0.05,True
31,4096,8192,3600.0,golovin_relative_error_radius_moment_6_um6_m3,-0.011400566122131662,-0.0874969664232951,0.06469583417903177,0.05,False
31,8192,16384,600.0,ensemble_mean_l1_bins_500,0.00447613162721236,0.0010968742598735026,0.019850101634473802,0.01,False
31,8192,16384,600.0,golovin_relative_error_radius_moment_0_m3,-0.0005037539747149311,-0.006971381816722446,0.005963873867292584,0.05,True
31,8192,16384,600.0,golovin_relative_error_radius_moment_6_um6_m3,-0.006482440720361811,-0.026241348195831,0.013276466755107377,0.05,True
31,8192,16384,1200.0,ensemble_mean_l1_bins_500,0.011324354208979644,0.005010014008871419,0.02313330954651463,0.01,False
31,8192,16384,1200.0,golovin_relative_error_radius_moment_0_m3,-0.0025524423585875965,-0.010837288179198469,0.005732403462023277,0.05,True
31,8192,16384,1200.0,golovin_relative_error_radius_moment_6_um6_m3,0.0025103638737196702,-0.024672629161675508,0.02969335690911485,0.05,True
31,8192,16384,1800.0,ensemble_mean_l1_bins_500,0.00480244635985496,0.0025154181059358887,0.019999182482311584,0.01,False
31,8192,16384,1800.0,golovin_relative_error_radius_moment_0_m3,-0.0011936271905278305,-0.01004536264388984,0.007658108262834178,0.05,True
31,8192,16384,1800.0,golovin_relative_error_radius_moment_6_um6_m3,-0.0013483605455431504,-0.03527468126169959,0.032577960170613283,0.05,True
31,8192,16384,2400.0,ensemble_mean_l1_bins_500,0.00466168817817194,0.00204491765968666,0.021128580462564297,0.01,False
31,8192,16384,2400.0,golovin_relative_error_radius_moment_0_m3,0.0016517359100811733,-0.007984661404331973,0.01128813322449432,0.05,True
31,8192,16384,2400.0,golovin_relative_error_radius_moment_6_um6_m3,-0.010217970884599333,-0.04957585727398331,0.029139915504784647,0.05,True
31,8192,16384,3000.0,ensemble_mean_l1_bins_500,0.012827281353564531,0.006875797218592243,0.030675420902063856,0.01,False
31,8192,16384,3000.0,golovin_relative_error_radius_moment_0_m3,0.000918970439858131,-0.008492991444810501,0.010330932324526762,0.05,True
31,8192,16384,3000.0,golovin_relative_error_radius_moment_6_um6_m3,-0.006490784661598115,-0.0520198683368831,0.03903829901368687,0.05,False
31,8192,16384,3600.0,ensemble_mean_l1_bins_500,0.013202520108023919,0.006656223244988564,0.03353951640222591,0.01,False
31,8192,16384,3600.0,golovin_relative_error_radius_moment_0_m3,0.0010989830137686663,-0.008407720436815423,0.010605686464352755,0.05,True
31,8192,16384,3600.0,golovin_relative_error_radius_moment_6_um6_m3,0.009531054400332403,-0.050181297761681336,0.06924340656234615,0.05,False
31,16384,32768,600.0,ensemble_mean_l1_bins_500,0.006161136760722852,0.0027641881745317895,0.01591800682145773,0.01,False
31,16384,32768,600.0,golovin_relative_error_radius_moment_0_m3,-8.014604561796591e-05,-0.004410990551163965,0.004250698459928034,0.05,True
31,16384,32768,600.0,golovin_relative_error_radius_moment_6_um6_m3,0.01173651583644503,-0.002793457582839255,0.026266489255729317,0.05,True
31,16384,32768,1200.0,ensemble_mean_l1_bins_500,0.005853257028353542,0.0034662156404407004,0.01602637948469456,0.01,False
31,16384,32768,1200.0,golovin_relative_error_radius_moment_0_m3,0.0040571288564103655,-0.0012012666977222657,0.009315524410542998,0.05,True
31,16384,32768,1200.0,golovin_relative_error_radius_moment_6_um6_m3,0.009304513644161018,-0.011766634544783652,0.030375661833105687,0.05,True
31,16384,32768,1800.0,ensemble_mean_l1_bins_500,0.0072090668655704175,0.0034991051098656237,0.015882334225174512,0.01,False
31,16384,32768,1800.0,golovin_relative_error_radius_moment_0_m3,0.0034602455734436075,-0.0028587824886989553,0.00977927363558617,0.05,True
31,16384,32768,1800.0,golovin_relative_error_radius_moment_6_um6_m3,0.007117916265123314,-0.017471197218808576,0.031707029749055204,0.05,True
31,16384,32768,2400.0,ensemble_mean_l1_bins_500,0.00751030049743337,0.004138957803461155,0.017861823943050664,0.01,False
31,16384,32768,2400.0,golovin_relative_error_radius_moment_0_m3,0.0024852759826798354,-0.0038873887305828697,0.008857940695942541,0.05,True
31,16384,32768,2400.0,golovin_relative_error_radius_moment_6_um6_m3,0.009559972069699996,-0.017209137451885112,0.0363290815912851,0.05,True
31,16384,32768,3000.0,ensemble_mean_l1_bins_500,0.0021359369937048803,0.0005262485650174379,0.0166256912793312,0.01,False
31,16384,32768,3000.0,golovin_relative_error_radius_moment_0_m3,0.002119471252625711,-0.0044051043974078895,0.008644046902659313,0.05,True
31,16384,32768,3000.0,golovin_relative_error_radius_moment_6_um6_m3,0.007043881161207308,-0.024570922646394044,0.03865868496880866,0.05,True
31,16384,32768,3600.0,ensemble_mean_l1_bins_500,0.005348978564942396,0.0027981253332027742,0.020939066562089253,0.01,False
31,16384,32768,3600.0,golovin_relative_error_radius_moment_0_m3,0.002085467647579744,-0.004525040606334534,0.008695975901494022,0.05,True
31,16384,32768,3600.0,golovin_relative_error_radius_moment_6_um6_m3,-0.006194628109735574,-0.047497680692814064,0.03510842447334291,0.05,True
31,32768,65536,600.0,ensemble_mean_l1_bins_500,0.004128061565405553,0.0014970945983019035,0.010790658742201203,0.01,False
31,32768,65536,600.0,golovin_relative_error_radius_moment_0_m3,0.002110027418174125,-0.0010765073197202173,0.0052965621560684675,0.05,True
31,32768,65536,600.0,golovin_relative_error_radius_moment_6_um6_m3,-0.005308097953690396,-0.014327356537032432,0.003711160629651639,0.05,True
31,32768,65536,1200.0,ensemble_mean_l1_bins_500,0.0033165862281304154,0.0011326205558143205,0.01040878956200659,0.01,False
31,32768,65536,1200.0,golovin_relative_error_radius_moment_0_m3,-0.00021531732888159017,-0.0043538206276975255,0.0039231859699343456,0.05,True
31,32768,65536,1200.0,golovin_relative_error_radius_moment_6_um6_m3,-0.005829066211151308,-0.019756617361008443,0.008098484938705824,0.05,True
31,32768,65536,1800.0,ensemble_mean_l1_bins_500,0.0022106959658821177,0.0011927512054388002,0.0098851273122269,0.01,True
31,32768,65536,1800.0,golovin_relative_error_radius_moment_0_m3,-0.0005116366193819945,-0.005216221419072033,0.004192948180308044,0.05,True
31,32768,65536,1800.0,golovin_relative_error_radius_moment_6_um6_m3,-0.004109276868206422,-0.020764566311417217,0.012546012575004373,0.05,True
31,32768,65536,2400.0,ensemble_mean_l1_bins_500,0.0029214316708307247,0.0012028114654904186,0.010575021668098043,0.01,False
31,32768,65536,2400.0,golovin_relative_error_radius_moment_0_m3,-0.0008068765792259502,-0.005627981454356521,0.004014228295904621,0.05,True
31,32768,65536,2400.0,golovin_relative_error_radius_moment_6_um6_m3,-0.006609878357270577,-0.026463375806188478,0.013243619091647323,0.05,True
31,32768,65536,3000.0,ensemble_mean_l1_bins_500,0.005770418455639723,0.003239590938320173,0.014333409945349785,0.01,False
31,32768,65536,3000.0,golovin_relative_error_radius_moment_0_m3,-0.000476973385106203,-0.005482282076242923,0.0045283353060305166,0.05,True
31,32768,65536,3000.0,golovin_relative_error_radius_moment_6_um6_m3,-0.0059289581581573264,-0.029372308805118767,0.017514392488804115,0.05,True
31,32768,65536,3600.0,ensemble_mean_l1_bins_500,0.005294262234892724,0.00189723061586178,0.015564926838113377,0.01,False
31,32768,65536,3600.0,golovin_relative_error_radius_moment_0_m3,-0.0006184310353840617,-0.0056084561291390375,0.0043715940583709135,0.05,True
31,32768,65536,3600.0,golovin_relative_error_radius_moment_6_um6_m3,-0.005842607661894012,-0.03224423822020306,0.020559022896415032,0.05,True
31,65536,131072,600.0,ensemble_mean_l1_bins_500,0.0022743987140059945,0.0011032240546060437,0.0077311423900044375,0.01,True
31,65536,131072,600.0,golovin_relative_error_radius_moment_0_m3,-0.0022571724052171806,-0.004543742887613941,2.9398077179579058e-05,0.05,True
31,65536,131072,600.0,golovin_relative_error_radius_moment_6_um6_m3,-0.0003480841588496531,-0.006432886839356914,0.005736718521657608,0.05,True
31,65536,131072,1200.0,ensemble_mean_l1_bins_500,0.0018120146021446447,0.0005156013000318466,0.007431428011250032,0.01,True
31,65536,131072,1200.0,golovin_relative_error_radius_moment_0_m3,-0.002388720251492169,-0.005445102058901766,0.0006676615559174271,0.05,True
31,65536,131072,1200.0,golovin_relative_error_radius_moment_6_um6_m3,0.003932841125203463,-0.004923388224376506,0.012789070474783433,0.05,True
31,65536,131072,1800.0,ensemble_mean_l1_bins_500,0.0029760395838790577,0.001820428772914617,0.007965119846372765,0.01,True
31,65536,131072,1800.0,golovin_relative_error_radius_moment_0_m3,-0.0017948561576964827,-0.005151346625442402,0.0015616343100494372,0.05,True
31,65536,131072,1800.0,golovin_relative_error_radius_moment_6_um6_m3,0.0024392991328900473,-0.008071780428527848,0.012950378694307941,0.05,True
31,65536,131072,2400.0,ensemble_mean_l1_bins_500,0.002915254703770369,0.0014133291579266616,0.00806831285349153,0.01,True
31,65536,131072,2400.0,golovin_relative_error_radius_moment_0_m3,-0.0012539710839893203,-0.0047823491624239475,0.0022744069944453074,0.05,True
31,65536,131072,2400.0,golovin_relative_error_radius_moment_6_um6_m3,0.0016295257509943118,-0.011089333785262766,0.01434838528725139,0.05,True
31,65536,131072,3000.0,ensemble_mean_l1_bins_500,0.00402507820412765,0.002019608717742637,0.009950842220003572,0.01,True
31,65536,131072,3000.0,golovin_relative_error_radius_moment_0_m3,-0.0009783010397904968,-0.004548656711420259,0.0025920546318392653,0.05,True
31,65536,131072,3000.0,golovin_relative_error_radius_moment_6_um6_m3,0.0033484677999073243,-0.010579763972262415,0.017276699572077062,0.05,True
31,65536,131072,3600.0,ensemble_mean_l1_bins_500,0.005604289643961436,0.0026864698224553377,0.01219541125210542,0.01,False
31,65536,131072,3600.0,golovin_relative_error_radius_moment_0_m3,-0.0008456269565198626,-0.004436969005678504,0.0027457150926387796,0.05,True
31,65536,131072,3600.0,golovin_relative_error_radius_moment_6_um6_m3,0.010087571690162656,-0.006297916207354641,0.026473059587679953,0.05,True
31,131072,262144,600.0,ensemble_mean_l1_bins_500,0.002497011719437583,0.0010111860087802173,0.005649614953565533,0.01,True
31,131072,262144,600.0,golovin_relative_error_radius_moment_0_m3,0.00016382287507628714,-0.001331639209658845,0.0016592849598114194,0.05,True
31,131072,262144,600.0,golovin_relative_error_radius_moment_6_um6_m3,0.0008865077998372172,-0.0036391355838808464,0.005412151183555281,0.05,True
31,131072,262144,1200.0,ensemble_mean_l1_bins_500,0.0008464294219957093,0.00032144130599210465,0.0047913728153919505,0.01,True
31,131072,262144,1200.0,golovin_relative_error_radius_moment_0_m3,-8.657924200521582e-05,-0.002061661468181394,0.0018885029841709626,0.05,True
31,131072,262144,1200.0,golovin_relative_error_radius_moment_6_um6_m3,7.791571862661006e-06,-0.006713099161167298,0.0067286823048926196,0.05,True
31,131072,262144,1800.0,ensemble_mean_l1_bins_500,0.0012721035654429773,0.00014984253152678251,0.004325463684837253,0.01,True
31,131072,262144,1800.0,golovin_relative_error_radius_moment_0_m3,0.0002146955392887162,-0.002119722158654997,0.002549113237232429,0.05,True
31,131072,262144,1800.0,golovin_relative_error_radius_moment_6_um6_m3,0.0013788689827167588,-0.00596568384276503,0.008723421808198548,0.05,True
31,131072,262144,2400.0,ensemble_mean_l1_bins_500,0.001735620714457784,0.0008899277665212485,0.0055202984072209365,0.01,True
31,131072,262144,2400.0,golovin_relative_error_radius_moment_0_m3,-4.2403988575356226e-07,-0.002400263924393435,0.0023994158446219277,0.05,True
31,131072,262144,2400.0,golovin_relative_error_radius_moment_6_um6_m3,0.0014596419037190356,-0.008260392723671635,0.011179676531109708,0.05,True
31,131072,262144,3000.0,ensemble_mean_l1_bins_500,0.0027775652188570202,0.0013801330963097603,0.007169947523720189,0.01,True
31,131072,262144,3000.0,golovin_relative_error_radius_moment_0_m3,-0.00038104480703589957,-0.0028156039310194094,0.0020535143169476103,0.05,True
31,131072,262144,3000.0,golovin_relative_error_radius_moment_6_um6_m3,-0.0016255043479852008,-0.012049142582265793,0.008798133886295391,0.05,True
31,131072,262144,3600.0,ensemble_mean_l1_bins_500,0.0017254934217523984,0.0007658941763596638,0.0076398166410334475,0.01,True
31,131072,262144,3600.0,golovin_relative_error_radius_moment_0_m3,-0.0005136906947181564,-0.003004443651775625,0.001977062262339312,0.05,True
31,131072,262144,3600.0,golovin_relative_error_radius_moment_6_um6_m3,-0.0049779613673325345,-0.01746830251581216,0.00751237978114709,0.05,True
31,262144,524288,600.0,ensemble_mean_l1_bins_500,0.0007355156887138433,0.00010286005087273285,0.0034046395985282652,0.01,True
31,262144,524288,600.0,golovin_relative_error_radius_moment_0_m3,0.00040141646928275597,-0.0006037221463972356,0.0014065550849627476,0.05,True
31,262144,524288,600.0,golovin_relative_error_radius_moment_6_um6_m3,-0.0014727588055359676,-0.0045481108439140525,0.0016025932328421178,0.05,True
31,262144,524288,1200.0,ensemble_mean_l1_bins_500,0.0017338786552034127,0.0007817671717924235,0.0037508482584467386,0.01,True
31,262144,524288,1200.0,golovin_relative_error_radius_moment_0_m3,0.0004847951379755466,-0.0007308963898520393,0.0017004866658031326,0.05,True
31,262144,524288,1200.0,golovin_relative_error_radius_moment_6_um6_m3,-0.0025171231595888036,-0.007408287256027317,0.00237404093684971,0.05,True
31,262144,524288,1800.0,ensemble_mean_l1_bins_500,6.46959507032141e-05,-0.00032483805881566277,0.0025619578689179837,0.01,True
31,262144,524288,1800.0,golovin_relative_error_radius_moment_0_m3,0.0003837102741382026,-0.0010118517742563932,0.0017792723225327984,0.05,True
31,262144,524288,1800.0,golovin_relative_error_radius_moment_6_um6_m3,-0.00348228201715288,-0.009059986664014955,0.0020954226297091954,0.05,True
31,262144,524288,2400.0,ensemble_mean_l1_bins_500,0.0006598738745946893,0.0003685110810803012,0.003453949563934961,0.01,True
31,262144,524288,2400.0,golovin_relative_error_radius_moment_0_m3,0.0004035918554146756,-0.0010727910855507841,0.0018799747963801352,0.05,True
31,262144,524288,2400.0,golovin_relative_error_radius_moment_6_um6_m3,-0.0037443082844848875,-0.010649143047535167,0.003160526478565391,0.05,True
31,262144,524288,3000.0,ensemble_mean_l1_bins_500,0.001516543545350411,0.0007003673883134889,0.004632731444339213,0.01,True
31,262144,524288,3000.0,golovin_relative_error_radius_moment_0_m3,0.0007277641279180336,-0.000763294021175965,0.0022188222770120323,0.05,True
31,262144,524288,3000.0,golovin_relative_error_radius_moment_6_um6_m3,-0.0038374098021472934,-0.011585959068608738,0.003911139464314151,0.05,True
31,262144,524288,3600.0,ensemble_mean_l1_bins_500,0.0032703426268106423,0.0016034996057706686,0.0065228641456183895,0.01,True
31,262144,524288,3600.0,golovin_relative_error_radius_moment_0_m3,0.0007689713332399318,-0.000732745882266794,0.0022706885487466574,0.05,True
31,262144,524288,3600.0,golovin_relative_error_radius_moment_6_um6_m3,-0.005357345645719678,-0.015235041994930112,0.0045203507034907555,0.05,True
31,524288,1048576,600.0,ensemble_mean_l1_bins_500,0.0010780850054800933,0.0005159072661198189,0.002773930556466733,0.01,True
31,524288,1048576,600.0,golovin_relative_error_radius_moment_0_m3,-8.31498148549792e-05,-0.0008490815014415567,0.0006827818717315983,0.05,True
31,524288,1048576,600.0,golovin_relative_error_radius_moment_6_um6_m3,0.0012328279854281511,-0.000757766446183852,0.0032234224170401542,0.05,True
31,524288,1048576,1200.0,ensemble_mean_l1_bins_500,0.0009844293107363067,0.00046635228496241766,0.002740211292261595,0.01,True
31,524288,1048576,1200.0,golovin_relative_error_radius_moment_0_m3,0.0004598926614633192,-0.0004935772773206424,0.001413362600247281,0.05,True
31,524288,1048576,1200.0,golovin_relative_error_radius_moment_6_um6_m3,0.0014552631040591346,-0.00175772853768361,0.004668254745801879,0.05,True
31,524288,1048576,1800.0,ensemble_mean_l1_bins_500,0.0010559623399274479,0.0003954049235373446,0.002424496462400543,0.01,True
31,524288,1048576,1800.0,golovin_relative_error_radius_moment_0_m3,0.00044236324496952587,-0.0005966413855946261,0.0014813678755336778,0.05,True
31,524288,1048576,1800.0,golovin_relative_error_radius_moment_6_um6_m3,0.001893796506546459,-0.0015706780163548578,0.005358271029447775,0.05,True
31,524288,1048576,2400.0,ensemble_mean_l1_bins_500,0.0007962183811570352,0.0004384140822017373,0.0021746442917622054,0.01,True
31,524288,1048576,2400.0,golovin_relative_error_radius_moment_0_m3,0.0002887796449694635,-0.0008082219013309294,0.0013857811912698565,0.05,True
31,524288,1048576,2400.0,golovin_relative_error_radius_moment_6_um6_m3,0.0021344281150293297,-0.002068831368945358,0.006337687599004017,0.05,True
31,524288,1048576,3000.0,ensemble_mean_l1_bins_500,0.0008141929583655801,0.00025796731105393717,0.00301351604707924,0.01,True
31,524288,1048576,3000.0,golovin_relative_error_radius_moment_0_m3,0.00020163086389133998,-0.0009015975163677468,0.0013048592441504267,0.05,True
31,524288,1048576,3000.0,golovin_relative_error_radius_moment_6_um6_m3,0.0024725315069291432,-0.002750930947109168,0.007695993960967455,0.05,True
31,524288,1048576,3600.0,ensemble_mean_l1_bins_500,0.0010994792830759216,0.0007059983291504682,0.003909953429939307,0.01,True
31,524288,1048576,3600.0,golovin_relative_error_radius_moment_0_m3,0.00019295888261293247,-0.0009214402782585151,0.00130735804348438,0.05,True
31,524288,1048576,3600.0,golovin_relative_error_radius_moment_6_um6_m3,0.002438405528546057,-0.004321272793645067,0.009198083850737181,0.05,True
32,4096,8192,600.0,ensemble_mean_l1_bins_500,0.010646443679656024,0.004132676981710374,0.029511762698730435,0.01,False
32,4096,8192,600.0,golovin_relative_error_radius_moment_0_m3,0.002918019986929295,-0.006905219569941969,0.012741259543800558,0.05,True
32,4096,8192,600.0,golovin_relative_error_radius_moment_6_um6_m3,-0.009391378343555325,-0.03310394874468,0.014321192057569349,0.05,True
32,4096,8192,1200.0,ensemble_mean_l1_bins_500,0.01032932340727128,0.004130716251951743,0.029620713063491202,0.01,False
32,4096,8192,1200.0,golovin_relative_error_radius_moment_0_m3,0.0011462970863592092,-0.009957593621676511,0.01225018779439493,0.05,True
32,4096,8192,1200.0,golovin_relative_error_radius_moment_6_um6_m3,-0.009496849491848577,-0.0462826170718154,0.027288918088118244,0.05,True
32,4096,8192,1800.0,ensemble_mean_l1_bins_500,0.010539323146189473,0.0045500313013357675,0.02901025118351784,0.01,False
32,4096,8192,1800.0,golovin_relative_error_radius_moment_0_m3,-0.002686110060303406,-0.014746245569406968,0.009374025448800154,0.05,True
32,4096,8192,1800.0,golovin_relative_error_radius_moment_6_um6_m3,-0.005732354361670149,-0.05072519706874893,0.039260488345408635,0.05,False
32,4096,8192,2400.0,ensemble_mean_l1_bins_500,0.014121665108384713,0.007099859469679288,0.033797753517746915,0.01,False
32,4096,8192,2400.0,golovin_relative_error_radius_moment_0_m3,-0.0015882544173717438,-0.014742572354675722,0.011566063519932234,0.05,True
32,4096,8192,2400.0,golovin_relative_error_radius_moment_6_um6_m3,0.0011396646773432668,-0.05039635338878751,0.05267568274347405,0.05,False
32,4096,8192,3000.0,ensemble_mean_l1_bins_500,0.016170966190678197,0.004990106498319404,0.037387753735098186,0.01,False
32,4096,8192,3000.0,golovin_relative_error_radius_moment_0_m3,-7.9981786087523e-06,-0.013144758059268312,0.013128761702050809,0.05,True
32,4096,8192,3000.0,golovin_relative_error_radius_moment_6_um6_m3,0.009258408735591106,-0.05639678351733208,0.0749136009885143,0.05,False
32,4096,8192,3600.0,ensemble_mean_l1_bins_500,0.01523766158126355,0.007383211398385895,0.0438072658415626,0.01,False
32,4096,8192,3600.0,golovin_relative_error_radius_moment_0_m3,0.00011808026243442554,-0.013145076349416345,0.013381236874285198,0.05,True
32,4096,8192,3600.0,golovin_relative_error_radius_moment_6_um6_m3,-0.011400566122131662,-0.08624719681263802,0.06344606456837469,0.05,False
32,8192,16384,600.0,ensemble_mean_l1_bins_500,0.00447613162721236,0.0009850575396403176,0.01975144265733449,0.01,False
32,8192,16384,600.0,golovin_relative_error_radius_moment_0_m3,-0.0005037539747149311,-0.0068645630201491946,0.005857055070719332,0.05,True
32,8192,16384,600.0,golovin_relative_error_radius_moment_6_um6_m3,-0.006482440720361811,-0.025916626899438595,0.012951745458714973,0.05,True
32,8192,16384,1200.0,ensemble_mean_l1_bins_500,0.011324354208979644,0.005011401249051601,0.02285726897013961,0.01,False
32,8192,16384,1200.0,golovin_relative_error_radius_moment_0_m3,-0.0025524423585875965,-0.01070000624897046,0.005595121531795268,0.05,True
32,8192,16384,1200.0,golovin_relative_error_radius_moment_6_um6_m3,0.0025103638737196702,-0.02422613697034816,0.0292468647177875,0.05,True
32,8192,16384,1800.0,ensemble_mean_l1_bins_500,0.00480244635985496,0.002475016315766384,0.01957179171528534,0.01,False
32,8192,16384,1800.0,golovin_relative_error_radius_moment_0_m3,-0.0011936271905278305,-0.009899413646742199,0.007512159265686538,0.05,True
32,8192,16384,1800.0,golovin_relative_error_radius_moment_6_um6_m3,-0.0013483605455431504,-0.034716282286273985,0.03201956119518768,0.05,True
32,8192,16384,2400.0,ensemble_mean_l1_bins_500,0.00466168817817194,0.0020898281386614367,0.02083271877658755,0.01,False
32,8192,16384,2400.0,golovin_relative_error_radius_moment_0_m3,0.0016517359100811733,-0.007825329040295505,0.011128800860457852,0.05,True
32,8192,16384,2400.0,golovin_relative_error_radius_moment_6_um6_m3,-0.010217970884599333,-0.048925143946055016,0.028489202176856354,0.05,True
32,8192,16384,3000.0,ensemble_mean_l1_bins_500,0.012827281353564531,0.00699239683076575,0.03021919573334578,0.01,False
32,8192,16384,3000.0,golovin_relative_error_radius_moment_0_m3,0.000918970439858131,-0.00833755409834,0.010175494978056261,0.05,True
32,8192,16384,3000.0,golovin_relative_error_radius_moment_6_um6_m3,-0.006490784661598115,-0.05126737395975308,0.03828580463655685,0.05,False
32,8192,16384,3600.0,ensemble_mean_l1_bins_500,0.013202520108023919,0.0064472105313573376,0.03303817403981136,0.01,False
32,8192,16384,3600.0,golovin_relative_error_radius_moment_0_m3,0.0010989830137686663,-0.008250788774387001,0.010448754801924334,0.05,True
32,8192,16384,3600.0,golovin_relative_error_radius_moment_6_um6_m3,0.009531054400332403,-0.04919748509800116,0.06825959389866597,0.05,False
32,16384,32768,600.0,ensemble_mean_l1_bins_500,0.006161136760722852,0.0028110185204225815,0.015704167254234926,0.01,False
32,16384,32768,600.0,golovin_relative_error_radius_moment_0_m3,-8.014604561796591e-05,-0.004339693475114899,0.004179401383878968,0.05,True
32,16384,32768,600.0,golovin_relative_error_radius_moment_6_um6_m3,0.01173651583644503,-0.0025531844213946067,0.026026216094284668,0.05,True
32,16384,32768,1200.0,ensemble_mean_l1_bins_500,0.005853257028353542,0.003514012564090167,0.015734117709907396,0.01,False
32,16384,32768,1200.0,golovin_relative_error_radius_moment_0_m3,0.0040571288564103655,-0.001114843610933898,0.009229101323754629,0.05,True
32,16384,32768,1200.0,golovin_relative_error_radius_moment_6_um6_m3,0.009304513644161018,-0.011419269148478127,0.03002829643680016,0.05,True
32,16384,32768,1800.0,ensemble_mean_l1_bins_500,0.0072090668655704175,0.0037271002682630608,0.015677047061915108,0.01,False
32,16384,32768,1800.0,golovin_relative_error_radius_moment_0_m3,0.0034602455734436075,-0.0027548738413818935,0.009675364988269108,0.05,True
32,16384,32768,1800.0,golovin_relative_error_radius_moment_6_um6_m3,0.007117916265123314,-0.017065935794222022,0.031301768324468654,0.05,True
32,16384,32768,2400.0,ensemble_mean_l1_bins_500,0.00751030049743337,0.004135416184899009,0.017601504048879415,0.01,False
32,16384,32768,2400.0,golovin_relative_error_radius_moment_0_m3,0.0024852759826798354,-0.003782580828189765,0.008753132793549435,0.05,True
32,16384,32768,2400.0,golovin_relative_error_radius_moment_6_um6_m3,0.009559972069699996,-0.016769412203763042,0.03588935634316304,0.05,True
32,16384,32768,3000.0,ensemble_mean_l1_bins_500,0.0021359369937048803,0.0005354651922442794,0.01636583116872277,0.01,False
32,16384,32768,3000.0,golovin_relative_error_radius_moment_0_m3,0.002119471252625711,-0.004297885881239562,0.008536828386490985,0.05,True
32,16384,32768,3000.0,golovin_relative_error_radius_moment_6_um6_m3,0.007043881161207308,-0.024051820929887086,0.0381395832523017,0.05,True
32,16384,32768,3600.0,ensemble_mean_l1_bins_500,0.005348978564942396,0.0027746359310699222,0.02062035778360858,0.01,False
32,16384,32768,3600.0,golovin_relative_error_radius_moment_0_m3,0.002085467647579744,-0.0044163663650584285,0.008587301660217917,0.05,True
32,16384,32768,3600.0,golovin_relative_error_radius_moment_6_um6_m3,-0.006194628109735574,-0.04681594900544743,0.03442669278597628,0.05,True
32,32768,65536,600.0,ensemble_mean_l1_bins_500,0.004128061565405553,0.0014847993100879015,0.010644196900039395,0.01,False
32,32768,65536,600.0,golovin_relative_error_radius_moment_0_m3,0.002110027418174125,-0.0010240674342950045,0.005244122270643255,0.05,True
32,32768,65536,600.0,golovin_relative_error_radius_moment_6_um6_m3,-0.005308097953690396,-0.014178324514179518,0.0035621286067987245,0.05,True
32,32768,65536,1200.0,ensemble_mean_l1_bins_500,0.0033165862281304154,0.0011328876866093993,0.010180417937355168,0.01,False
32,32768,65536,1200.0,golovin_relative_error_radius_moment_0_m3,-0.00021531732888159017,-0.004285767303517657,0.0038551326457544775,0.05,True
32,32768,65536,1200.0,golovin_relative_error_radius_moment_6_um6_m3,-0.005829066211151308,-0.01952600300901111,0.007867870586708497,0.05,True
32,32768,65536,1800.0,ensemble_mean_l1_bins_500,0.0022106959658821177,0.0011398533148056008,0.00977913912225791,0.01,True
32,32768,65536,1800.0,golovin_relative_error_radius_moment_0_m3,-0.0005116366193819945,-0.005138666727375762,0.004115393488611773,0.05,True
32,32768,65536,1800.0,golovin_relative_error_radius_moment_6_um6_m3,-0.004109276868206422,-0.020489342599534003,0.012270788863121159,0.05,True
32,32768,65536,2400.0,ensemble_mean_l1_bins_500,0.0029214316708307247,0.0011755285164299642,0.010397022709256801,0.01,False
32,32768,65536,2400.0,golovin_relative_error_radius_moment_0_m3,-0.0008068765792259502,-0.005548628685419889,0.003934875526967989,0.05,True
32,32768,65536,2400.0,golovin_relative_error_radius_moment_6_um6_m3,-0.006609878357270577,-0.02613472587020055,0.012914969155659397,0.05,True
32,32768,65536,3000.0,ensemble_mean_l1_bins_500,0.005770418455639723,0.003262061893151961,0.014258498324678605,0.01,False
32,32768,65536,3000.0,golovin_relative_error_radius_moment_0_m3,-0.000476973385106203,-0.005399815815318432,0.0044458690451060255,0.05,True
32,32768,65536,3000.0,golovin_relative_error_radius_moment_6_um6_m3,-0.0059289581581573264,-0.02898329370349915,0.0171253773871845,0.05,True
32,32768,65536,3600.0,ensemble_mean_l1_bins_500,0.005294262234892724,0.0019046493718224938,0.015448318813012708,0.01,False
32,32768,65536,3600.0,golovin_relative_error_radius_moment_0_m3,-0.0006184310353840617,-0.0055262299935175336,0.0042893679227494095,0.05,True
32,32768,65536,3600.0,golovin_relative_error_radius_moment_6_um6_m3,-0.005842607661894012,-0.03180704840837033,0.020121833084582305,0.05,True
32,65536,131072,600.0,ensemble_mean_l1_bins_500,0.0022743987140059945,0.0011554773746910792,0.007640917658640374,0.01,True
32,65536,131072,600.0,golovin_relative_error_radius_moment_0_m3,-0.0022571724052171806,-0.004506010753367731,-8.334057066630967e-06,0.05,True
32,65536,131072,600.0,golovin_relative_error_radius_moment_6_um6_m3,-0.0003480841588496531,-0.0063328315275611195,0.005636663209861813,0.05,True
32,65536,131072,1200.0,ensemble_mean_l1_bins_500,0.0018120146021446447,0.0005012735696592292,0.007268039351310332,0.01,True
32,65536,131072,1200.0,golovin_relative_error_radius_moment_0_m3,-0.002388720251492169,-0.005394685153030181,0.000617244650045843,0.05,True
32,65536,131072,1200.0,golovin_relative_error_radius_moment_6_um6_m3,0.003932841125203463,-0.004777710838543524,0.01264339308895045,0.05,True
32,65536,131072,1800.0,ensemble_mean_l1_bins_500,0.0029760395838790577,0.001820977418226858,0.007856610065064376,0.01,True
32,65536,131072,1800.0,golovin_relative_error_radius_moment_0_m3,-0.0017948561576964827,-0.0050961352044265155,0.0015064228890335498,0.05,True
32,65536,131072,1800.0,golovin_relative_error_radius_moment_6_um6_m3,0.0024392991328900473,-0.007898070406346195,0.012776668672126288,0.05,True
32,65536,131072,2400.0,ensemble_mean_l1_bins_500,0.002915254703770369,0.0014198376453855698,0.007939276002718052,0.01,True
32,65536,131072,2400.0,golovin_relative_error_radius_moment_0_m3,-0.0012539710839893203,-0.004724241068688904,0.002216298900710264,0.05,True
32,65536,131072,2400.0,golovin_relative_error_radius_moment_6_um6_m3,0.0016295257509943118,-0.010880128463014739,0.014139179965003362,0.05,True
32,65536,131072,3000.0,ensemble_mean_l1_bins_500,0.00402507820412765,0.0020236383553877404,0.009861838439914082,0.01,True
32,65536,131072,3000.0,golovin_relative_error_radius_moment_0_m3,-0.0009783010397904968,-0.0044898702465700985,0.002533268166989105,0.05,True
32,65536,131072,3000.0,golovin_relative_error_radius_moment_6_um6_m3,0.0033484677999073243,-0.010350466049675485,0.017047401649490136,0.05,True
32,65536,131072,3600.0,ensemble_mean_l1_bins_500,0.005604289643961436,0.0026040747140093985,0.012087002590698762,0.01,False
32,65536,131072,3600.0,golovin_relative_error_radius_moment_0_m3,-0.0008456269565198626,-0.004377885113153427,0.0026866312001137017,0.05,True
32,65536,131072,3600.0,golovin_relative_error_radius_moment_6_um6_m3,0.010087571690162656,-0.006027993808359621,0.026203137188684934,0.05,True
32,131072,262144,600.0,ensemble_mean_l1_bins_500,0.002497011719437583,0.0010253767296705641,0.005579956977957117,0.01,True
32,131072,262144,600.0,golovin_relative_error_radius_moment_0_m3,0.00016382287507628714,-0.0013069226966058653,0.0016345684467584396,0.05,True
32,131072,262144,600.0,golovin_relative_error_radius_moment_6_um6_m3,0.0008865077998372172,-0.0035645209981282023,0.005337536597802637,0.05,True
32,131072,262144,1200.0,ensemble_mean_l1_bins_500,0.0008464294219957093,0.00035397896353594457,0.0047263096006336745,0.01,True
32,131072,262144,1200.0,golovin_relative_error_radius_moment_0_m3,-8.657924200521582e-05,-0.0020289340873732775,0.0018557756033628456,0.05,True
32,131072,262144,1200.0,golovin_relative_error_radius_moment_6_um6_m3,7.791571862661006e-06,-0.006602533104677084,0.006618116248402405,0.05,True
32,131072,262144,1800.0,ensemble_mean_l1_bins_500,0.0012721035654429773,0.0001930574187987491,0.004256000912360041,0.01,True
32,131072,262144,1800.0,golovin_relative_error_radius_moment_0_m3,0.0002146955392887162,-0.0020809990773298886,0.002510390155907321,0.05,True
32,131072,262144,1800.0,golovin_relative_error_radius_moment_6_um6_m3,0.0013788689827167588,-0.005845104373525804,0.008602842338959322,0.05,True
32,131072,262144,2400.0,ensemble_mean_l1_bins_500,0.001735620714457784,0.0009112458651586447,0.005459859228365548,0.01,True
32,131072,262144,2400.0,golovin_relative_error_radius_moment_0_m3,-4.2403988575356226e-07,-0.002360528319542543,0.0023596802397710353,0.05,True
32,131072,262144,2400.0,golovin_relative_error_radius_moment_6_um6_m3,0.0014596419037190356,-0.008100537722941486,0.011019821530379559,0.05,True
32,131072,262144,3000.0,ensemble_mean_l1_bins_500,0.0027775652188570202,0.0013317203821861707,0.007076939234939668,0.01,True
32,131072,262144,3000.0,golovin_relative_error_radius_moment_0_m3,-0.00038104480703589957,-0.0027752737311246014,0.0020131841170528022,0.05,True
32,131072,262144,3000.0,golovin_relative_error_radius_moment_6_um6_m3,-0.0016255043479852008,-0.011877769848813304,0.008626761152842902,0.05,True
32,131072,262144,3600.0,ensemble_mean_l1_bins_500,0.0017254934217523984,0.0007364557955545255,0.007551216334687738,0.01,True
32,131072,262144,3600.0,golovin_relative_error_radius_moment_0_m3,-0.0005136906947181564,-0.002963140033554381,0.001935758644118068,0.05,True
32,131072,262144,3600.0,golovin_relative_error_radius_moment_6_um6_m3,-0.0049779613673325345,-0.01726324717283182,0.007307324438166751,0.05,True
32,262144,524288,600.0,ensemble_mean_l1_bins_500,0.0007355156887138433,0.0001146237029783067,0.003347648038792141,0.01,True
32,262144,524288,600.0,golovin_relative_error_radius_moment_0_m3,0.00040141646928275597,-0.0005871961692562506,0.0013900291078217627,0.05,True
32,262144,524288,600.0,golovin_relative_error_radius_moment_6_um6_m3,-0.0014727588055359676,-0.0044973557184699395,0.0015518381073980048,0.05,True
32,262144,524288,1200.0,ensemble_mean_l1_bins_500,0.0017338786552034127,0.0007927587884657316,0.0037178329841749983,0.01,True
32,262144,524288,1200.0,golovin_relative_error_radius_moment_0_m3,0.0004847951379755466,-0.0007108817210522956,0.001680471997003389,0.05,True
32,262144,524288,1200.0,golovin_relative_error_radius_moment_6_um6_m3,-0.0025171231595888036,-0.007327600258328118,0.0022933539391505105,0.05,True
32,262144,524288,1800.0,ensemble_mean_l1_bins_500,6.46959507032141e-05,-0.000323614506015972,0.0025100082568347486,0.01,True
32,262144,524288,1800.0,golovin_relative_error_radius_moment_0_m3,0.0003837102741382026,-0.0009888724796344678,0.001756293027910873,0.05,True
32,262144,524288,1800.0,golovin_relative_error_radius_moment_6_um6_m3,-0.00348228201715288,-0.008967651982248663,0.002003087947942903,0.05,True
32,262144,524288,2400.0,ensemble_mean_l1_bins_500,0.0006598738745946893,0.0003621127199416095,0.0033896699419145543,0.01,True
32,262144,524288,2400.0,golovin_relative_error_radius_moment_0_m3,0.0004035918554146756,-0.0010484490525658708,0.0018556327633952219,0.05,True
32,262144,524288,2400.0,golovin_relative_error_radius_moment_6_um6_m3,-0.0037443082844848875,-0.010534828636108565,0.0030462120671387893,0.05,True
32,262144,524288,3000.0,ensemble_mean_l1_bins_500,0.001516543545350411,0.0006878515954917634,0.004601304321192261,0.01,True
32,262144,524288,3000.0,golovin_relative_error_radius_moment_0_m3,0.0007277641279180336,-0.0007387253251976081,0.0021942535810336753,0.05,True
32,262144,524288,3000.0,golovin_relative_error_radius_moment_6_um6_m3,-0.0038374098021472934,-0.011458142537378757,0.0037833229330841707,0.05,True
32,262144,524288,3600.0,ensemble_mean_l1_bins_500,0.0032703426268106423,0.001630132136327419,0.006478701781020495,0.01,True
32,262144,524288,3600.0,golovin_relative_error_radius_moment_0_m3,0.0007689713332399318,-0.0007080198155390881,0.0022459624820189514,0.05,True
32,262144,524288,3600.0,golovin_relative_error_radius_moment_6_um6_m3,-0.005357345645719678,-0.015072174100676308,0.004357482809236952,0.05,True
32,524288,1048576,600.0,ensemble_mean_l1_bins_500,0.0010780850054800933,0.0005151568547634749,0.002746175482763058,0.01,True
32,524288,1048576,600.0,golovin_relative_error_radius_moment_0_m3,-8.31498148549792e-05,-0.0008364723462718298,0.0006701727165618714,0.05,True
32,524288,1048576,600.0,golovin_relative_error_radius_moment_6_um6_m3,0.0012328279854281511,-0.0007248418593412487,0.003190497830197551,0.05,True
32,524288,1048576,1200.0,ensemble_mean_l1_bins_500,0.0009844293107363067,0.0004781158270171257,0.002687802703723007,0.01,True
32,524288,1048576,1200.0,golovin_relative_error_radius_moment_0_m3,0.0004598926614633192,-0.0004779287328566081,0.0013977140557832465,0.05,True
32,524288,1048576,1200.0,golovin_relative_error_radius_moment_6_um6_m3,0.0014552631040591346,-0.001704602653182868,0.004615128861301138,0.05,True
32,524288,1048576,1800.0,ensemble_mean_l1_bins_500,0.0010559623399274479,0.00039334681113409965,0.0024004538020473663,0.01,True
32,524288,1048576,1800.0,golovin_relative_error_radius_moment_0_m3,0.00044236324496952587,-0.0005795597455374407,0.0014642862354764924,0.05,True
32,524288,1048576,1800.0,golovin_relative_error_radius_moment_6_um6_m3,0.001893796506546459,-0.001513577628139013,0.005301170641231931,0.05,True
32,524288,1048576,2400.0,ensemble_mean_l1_bins_500,0.0007962183811570352,0.00044750526765217414,0.002147954931074881,0.01,True
32,524288,1048576,2400.0,golovin_relative_error_radius_moment_0_m3,0.0002887796449694635,-0.0007902116207237633,0.0013677709106626904,0.05,True
32,524288,1048576,2400.0,golovin_relative_error_radius_moment_6_um6_m3,0.0021344281150293297,-0.0019994472088369795,0.006268303438895639,0.05,True
32,524288,1048576,3000.0,ensemble_mean_l1_bins_500,0.0008141929583655801,0.0002619449497535696,0.0029834531595476998,0.01,True
32,524288,1048576,3000.0,golovin_relative_error_radius_moment_0_m3,0.00020163086389133998,-0.0008834712447429512,0.001286732972525631,0.05,True
32,524288,1048576,3000.0,golovin_relative_error_radius_moment_6_um6_m3,0.0024725315069291432,-0.002664769506661228,0.007609832520519515,0.05,True
32,524288,1048576,3600.0,ensemble_mean_l1_bins_500,0.0010994792830759216,0.0007270919665093509,0.003872350854096472,0.01,True
32,524288,1048576,3600.0,golovin_relative_error_radius_moment_0_m3,0.00019295888261293247,-0.0009031147453721577,0.0012890325105980225,0.05,True
32,524288,1048576,3600.0,golovin_relative_error_radius_moment_6_um6_m3,0.002438405528546057,-0.004209803885452949,0.009086614942545063,0.05,True
33,4096,8192,600.0,ensemble_mean_l1_bins_500,0.010646443679656024,0.004082753180746489,0.029108816198196035,0.01,False
33,4096,8192,600.0,golovin_relative_error_radius_moment_0_m3,0.002918019986929295,-0.006748210331315825,0.012584250305174413,0.05,True
33,4096,8192,600.0,golovin_relative_error_radius_moment_6_um6_m3,-0.009391378343555325,-0.032726916686299734,0.013944159999189083,0.05,True
33,4096,8192,1200.0,ensemble_mean_l1_bins_500,0.01032932340727128,0.004057794268017991,0.029290950668178543,0.01,False
33,4096,8192,1200.0,golovin_relative_error_radius_moment_0_m3,0.0011462970863592092,-0.009780994519727216,0.012073588692445633,0.05,True
33,4096,8192,1200.0,golovin_relative_error_radius_moment_6_um6_m3,-0.009496849491848577,-0.04569533275143345,0.026701633767736294,0.05,True
33,4096,8192,1800.0,ensemble_mean_l1_bins_500,0.010539323146189473,0.004613007067114305,0.028606730077394192,0.01,False
33,4096,8192,1800.0,golovin_relative_error_radius_moment_0_m3,-0.002686110060303406,-0.014554089528803882,0.009181869408197069,0.05,True
33,4096,8192,1800.0,golovin_relative_error_radius_moment_6_um6_m3,-0.005732354361670149,-0.050008383842592014,0.03854367511925172,0.05,False
33,4096,8192,2400.0,ensemble_mean_l1_bins_500,0.014121665108384713,0.006995726673483611,0.03349342690165494,0.01,False
33,4096,8192,2400.0,golovin_relative_error_radius_moment_0_m3,-0.0015882544173717438,-0.014533157228371792,0.011356648393628304,0.05,True
33,4096,8192,2400.0,golovin_relative_error_radius_moment_6_um6_m3,0.0011396646773432668,-0.04957680341023245,0.051856132764918975,0.05,False
33,4096,8192,3000.0,ensemble_mean_l1_bins_500,0.016170966190678197,0.005207480276342472,0.03709026905199202,0.01,False
33,4096,8192,3000.0,golovin_relative_error_radius_moment_0_m3,-7.9981786087523e-06,-0.012935405420073105,0.012919409062855599,0.05,True
33,4096,8192,3000.0,golovin_relative_error_radius_moment_6_um6_m3,0.009258408735591106,-0.05534960041565321,0.07386641788683543,0.05,False
33,4096,8192,3600.0,ensemble_mean_l1_bins_500,0.01523766158126355,0.007455089216973447,0.043231818221476766,0.01,False
33,4096,8192,3600.0,golovin_relative_error_radius_moment_0_m3,0.00011808026243442554,-0.012933680519091474,0.013169841043960327,0.05,True
33,4096,8192,3600.0,golovin_relative_error_radius_moment_6_um6_m3,-0.011400566122131662,-0.08505711035967922,0.062255978115415896,0.05,False
33,8192,16384,600.0,ensemble_mean_l1_bins_500,0.00447613162721236,0.0009722711595151012,0.01928896002850112,0.01,False
33,8192,16384,600.0,golovin_relative_error_radius_moment_0_m3,-0.0005037539747149311,-0.00676287338677755,0.005755365437347688,0.05,True
33,8192,16384,600.0,golovin_relative_error_radius_moment_6_um6_m3,-0.006482440720361811,-0.02560742261908274,0.01264254117835912,0.05,True
33,8192,16384,1200.0,ensemble_mean_l1_bins_500,0.011324354208979644,0.005110900142792087,0.022739852475199246,0.01,False
33,8192,16384,1200.0,golovin_relative_error_radius_moment_0_m3,-0.0025524423585875965,-0.01056933732183924,0.005464452604664049,0.05,True
33,8192,16384,1200.0,golovin_relative_error_radius_moment_6_um6_m3,0.0025103638737196702,-0.023800969595739,0.028821697343178344,0.05,True
33,8192,16384,1800.0,ensemble_mean_l1_bins_500,0.00480244635985496,0.0023655213901182305,0.019293596482338568,0.01,False
33,8192,16384,1800.0,golovin_relative_error_radius_moment_0_m3,-0.0011936271905278305,-0.009760461280743317,0.007373206899687656,0.05,True
33,8192,16384,1800.0,golovin_relative_error_radius_moment_6_um6_m3,-0.0013483605455431504,-0.03418460639322037,0.03148788530213407,0.05,True
33,8192,16384,2400.0,ensemble_mean_l1_bins_500,0.00466168817817194,0.0021039703858157146,0.020552987346341693,0.01,False
33,8192,16384,2400.0,golovin_relative_error_radius_moment_0_m3,0.0016517359100811733,-0.00767365575092554,0.010977127571087887,0.05,True
33,8192,16384,2400.0,golovin_relative_error_radius_moment_6_um6_m3,-0.010217970884599333,-0.04830570807972572,0.02786976631052706,0.05,True
33,8192,16384,3000.0,ensemble_mean_l1_bins_500,0.012827281353564531,0.006944155693159471,0.03010468522052339,0.01,False
33,8192,16384,3000.0,golovin_relative_error_radius_moment_0_m3,0.000918970439858131,-0.008189579993394626,0.010027520873110887,0.05,True
33,8192,16384,3000.0,golovin_relative_error_radius_moment_6_um6_m3,-0.006490784661598115,-0.050551037665360184,0.03756946834216395,0.05,False
33,8192,16384,3600.0,ensemble_mean_l1_bins_500,0.013202520108023919,0.006648018309933701,0.03241305822145535,0.01,False
33,8192,16384,3600.0,golovin_relative_error_radius_moment_0_m3,0.0010989830137686663,-0.008101388816201427,0.01029935484373876,0.05,True
33,8192,16384,3600.0,golovin_relative_error_radius_moment_6_um6_m3,0.009531054400332403,-0.0482608009715244,0.06732290977218922,0.05,False
33,16384,32768,600.0,ensemble_mean_l1_bins_500,0.006161136760722852,0.002808220706049418,0.015577098534769705,0.01,False
33,16384,32768,600.0,golovin_relative_error_radius_moment_0_m3,-8.014604561796591e-05,-0.004271809135367216,0.004111517044131285,0.05,True
33,16384,32768,600.0,golovin_relative_error_radius_moment_6_um6_m3,0.01173651583644503,-0.0023244624651462507,0.025797494138036312,0.05,True
33,16384,32768,1200.0,ensemble_mean_l1_bins_500,0.005853257028353542,0.003496428926640126,0.015534056974862423,0.01,False
33,16384,32768,1200.0,golovin_relative_error_radius_moment_0_m3,0.0040571288564103655,-0.0010325505733929019,0.009146808286213632,0.05,True
33,16384,32768,1200.0,golovin_relative_error_radius_moment_6_um6_m3,0.009304513644161018,-0.011088553281545994,0.02969758056986803,0.05,True
33,16384,32768,1800.0,ensemble_mean_l1_bins_500,0.0072090668655704175,0.0036751397134799895,0.015402814306802336,0.01,False
33,16384,32768,1800.0,golovin_relative_error_radius_moment_0_m3,0.0034602455734436075,-0.0026559333683640407,0.009576424515251255,0.05,True
33,16384,32768,1800.0,golovin_relative_error_radius_moment_6_um6_m3,0.007117916265123314,-0.016680094287411112,0.03091592681765774,0.05,True
33,16384,32768,2400.0,ensemble_mean_l1_bins_500,0.00751030049743337,0.004197361177782612,0.017394325423916,0.01,False
33,16384,32768,2400.0,golovin_relative_error_radius_moment_0_m3,0.0024852759826798354,-0.0036827849024418796,0.00865333686780155,0.05,True
33,16384,32768,2400.0,golovin_relative_error_radius_moment_6_um6_m3,0.009559972069699996,-0.016350690037727114,0.035470634177127106,0.05,True
33,16384,32768,3000.0,ensemble_mean_l1_bins_500,0.0021359369937048803,0.00043741560475454134,0.016086721579519517,0.01,False
33,16384,32768,3000.0,golovin_relative_error_radius_moment_0_m3,0.002119471252625711,-0.0041957905213094795,0.0084347330265609,0.05,True
33,16384,32768,3000.0,golovin_relative_error_radius_moment_6_um6_m3,0.007043881161207308,-0.023557503290072286,0.037645265612486906,0.05,True
33,16384,32768,3600.0,ensemble_mean_l1_bins_500,0.005348978564942396,0.0027985523347399174,0.020503400661439762,0.01,False
33,16384,32768,3600.0,golovin_relative_error_radius_moment_0_m3,0.002085467647579744,-0.004312886873854265,0.008483822169013753,0.05,True
33,16384,32768,3600.0,golovin_relative_error_radius_moment_6_um6_m3,-0.006194628109735574,-0.04616693241099788,0.03377767619152673,0.05,True
33,32768,65536,600.0,ensemble_mean_l1_bins_500,0.004128061565405553,0.0015157727447847032,0.01055598718948967,0.01,False
33,32768,65536,600.0,golovin_relative_error_radius_moment_0_m3,0.002110027418174125,-0.0009741367787713087,0.0051941916151195585,0.05,True
33,32768,65536,600.0,golovin_relative_error_radius_moment_6_um6_m3,-0.005308097953690396,-0.014036451930468846,0.003420256023088055,0.05,True
33,32768,65536,1200.0,ensemble_mean_l1_bins_500,0.0033165862281304154,0.0011662686418378828,0.010005382967054534,0.01,False
33,32768,65536,1200.0,golovin_relative_error_radius_moment_0_m3,-0.00021531732888159017,-0.004220967840358534,0.0037903331825953537,0.05,True
33,32768,65536,1200.0,golovin_relative_error_radius_moment_6_um6_m3,-0.005829066211151308,-0.01930648969166511,0.007648357269362493,0.05,True
33,32768,65536,1800.0,ensemble_mean_l1_bins_500,0.0022106959658821177,0.0011878077883786203,0.00965865051326218,0.01,True
33,32768,65536,1800.0,golovin_relative_error_radius_moment_0_m3,-0.0005116366193819945,-0.005064829203769642,0.004041555965005652,0.05,True
33,32768,65536,1800.0,golovin_relative_error_radius_moment_6_um6_m3,-0.004109276868206422,-0.020227341263119432,0.012008787526706588,0.05,True
33,32768,65536,2400.0,ensemble_mean_l1_bins_500,0.0029214316708307247,0.0011011269150653208,0.010231282719029573,0.01,False
33,32768,65536,2400.0,golovin_relative_error_radius_moment_0_m3,-0.0008068765792259502,-0.005473073536397893,0.0038593203779459934,0.05,True
33,32768,65536,2400.0,golovin_relative_error_radius_moment_6_um6_m3,-0.006609878357270577,-0.025821892016368572,0.012602135301827418,0.05,True
33,32768,65536,3000.0,ensemble_mean_l1_bins_500,0.005770418455639723,0.0032750185143265737,0.014087679046731529,0.01,False
33,32768,65536,3000.0,golovin_relative_error_radius_moment_0_m3,-0.000476973385106203,-0.005321299991322022,0.004367353221109615,0.05,True
33,32768,65536,3000.0,golovin_relative_error_radius_moment_6_um6_m3,-0.0059289581581573264,-0.028613043720934775,0.016755127404620124,0.05,True
33,32768,65536,3600.0,ensemble_mean_l1_bins_500,0.005294262234892724,0.0018917667271168834,0.015240486079410247,0.01,False
33,32768,65536,3600.0,golovin_relative_error_radius_moment_0_m3,-0.0006184310353840617,-0.005447943337778332,0.0042110812670102075,0.05,True
33,32768,65536,3600.0,golovin_relative_error_radius_moment_6_um6_m3,-0.005842607661894012,-0.03139090481531332,0.019705689491525298,0.05,True
33,65536,131072,600.0,ensemble_mean_l1_bins_500,0.0022743987140059945,0.0011842264975994341,0.007514682384787031,0.01,True
33,65536,131072,600.0,golovin_relative_error_radius_moment_0_m3,-0.0022571724052171806,-0.004470088892747533,-4.425591768682886e-05,0.05,True
33,65536,131072,600.0,golovin_relative_error_radius_moment_6_um6_m3,-0.0003480841588496531,-0.006237560067449149,0.005541391749749843,0.05,True
33,65536,131072,1200.0,ensemble_mean_l1_bins_500,0.0018120146021446447,0.0004902869447772637,0.0071765182976384215,0.01,True
33,65536,131072,1200.0,golovin_relative_error_radius_moment_0_m3,-0.002388720251492169,-0.0053466862396043865,0.0005692457366200487,0.05,True
33,65536,131072,1200.0,golovin_relative_error_radius_moment_6_um6_m3,0.003932841125203463,-0.004639000934110415,0.012504683184517341,0.05,True
33,65536,131072,1800.0,ensemble_mean_l1_bins_500,0.0029760395838790577,0.0017825277143293401,0.007817061112968085,0.01,True
33,65536,131072,1800.0,golovin_relative_error_radius_moment_0_m3,-0.0017948561576964827,-0.005043564445439768,0.0014538521300468026,0.05,True
33,65536,131072,1800.0,golovin_relative_error_radius_moment_6_um6_m3,0.0024392991328900473,-0.007732706630783466,0.01261130489656356,0.05,True
33,65536,131072,2400.0,ensemble_mean_l1_bins_500,0.002915254703770369,0.001436879803807805,0.007854501687613771,0.01,True
33,65536,131072,2400.0,golovin_relative_error_radius_moment_0_m3,-0.0012539710839893203,-0.0046689154166295295,0.002160973248650889,0.05,True
33,65536,131072,2400.0,golovin_relative_error_radius_moment_6_um6_m3,0.0016295257509943118,-0.010680928625241925,0.013939980127230548,0.05,True
33,65536,131072,3000.0,ensemble_mean_l1_bins_500,0.00402507820412765,0.0020686788242161285,0.009762368000305496,0.01,True
33,65536,131072,3000.0,golovin_relative_error_radius_moment_0_m3,-0.0009783010397904968,-0.00443389810168154,0.002477296022100547,0.05,True
33,65536,131072,3000.0,golovin_relative_error_radius_moment_6_um6_m3,0.0033484677999073243,-0.01013214392287809,0.01682907952269274,0.05,True
33,65536,131072,3600.0,ensemble_mean_l1_bins_500,0.005604289643961436,0.002684953818931565,0.011962887953343328,0.01,False
33,65536,131072,3600.0,golovin_relative_error_radius_moment_0_m3,-0.0008456269565198626,-0.004321627533188515,0.00263037362014879,0.05,True
33,65536,131072,3600.0,golovin_relative_error_radius_moment_6_um6_m3,0.010087571690162656,-0.00577099977112926,0.025946143151454572,0.05,True
33,131072,262144,600.0,ensemble_mean_l1_bins_500,0.002497011719437583,0.0010330103491868238,0.005500683591270894,0.01,True
33,131072,262144,600.0,golovin_relative_error_radius_moment_0_m3,0.00016382287507628714,-0.00128339382911863,0.0016110395792712042,0.05,True
33,131072,262144,600.0,golovin_relative_error_radius_moment_6_um6_m3,0.0008865077998372172,-0.003493483116809361,0.005266498716483796,0.05,True
33,131072,262144,1200.0,ensemble_mean_l1_bins_500,0.0008464294219957093,0.00036901021840834725,0.0046981691886667405,0.01,True
33,131072,262144,1200.0,golovin_relative_error_radius_moment_0_m3,-8.657924200521582e-05,-0.001997783205950354,0.0018246247219399223,0.05,True
33,131072,262144,1200.0,golovin_relative_error_radius_moment_6_um6_m3,7.791571862661006e-06,-0.006497255833969168,0.006512838977694491,0.05,True
33,131072,262144,1800.0,ensemble_mean_l1_bins_500,0.0012721035654429773,0.00020188276188173076,0.004209181452509974,0.01,True
33,131072,262144,1800.0,golovin_relative_error_radius_moment_0_m3,0.0002146955392887162,-0.0020441432526134198,0.002473534331190852,0.05,True
33,131072,262144,1800.0,golovin_relative_error_radius_moment_6_um6_m3,0.0013788689827167588,-0.0057302811706252095,0.008488019136058726,0.05,True
33,131072,262144,2400.0,ensemble_mean_l1_bins_500,0.001735620714457784,0.0008784042410390432,0.005377377223939745,0.01,True
33,131072,262144,2400.0,golovin_relative_error_radius_moment_0_m3,-4.2403988575356226e-07,-0.002322705399228311,0.0023218573194568035,0.05,True
33,131072,262144,2400.0,golovin_relative_error_radius_moment_6_um6_m3,0.0014596419037190356,-0.007948326834052229,0.010867610641490298,0.05,True
33,131072,262144,3000.0,ensemble_mean_l1_bins_500,0.0027775652188570202,0.001368603365742636,0.00707355106905276,0.01,True
33,131072,262144,3000.0,golovin_relative_error_radius_moment_0_m3,-0.00038104480703589957,-0.002736885759521033,0.001974796145449234,0.05,True
33,131072,262144,3000.0,golovin_relative_error_radius_moment_6_um6_m3,-0.0016255043479852008,-0.011714589487713428,0.008463580791743025,0.05,True
33,131072,262144,3600.0,ensemble_mean_l1_bins_500,0.0017254934217523984,0.0007659855928925507,0.00749648634947897,0.01,True
33,131072,262144,3600.0,golovin_relative_error_radius_moment_0_m3,-0.0005136906947181564,-0.002923827511729862,0.001896446122293549,0.05,True
33,131072,262144,3600.0,golovin_relative_error_radius_moment_6_um6_m3,-0.0049779613673325345,-0.017067980588733878,0.007112057854068808,0.05,True
33,262144,524288,600.0,ensemble_mean_l1_bins_500,0.0007355156887138433,0.000132243195319555,0.0033151788489834476,0.01,True
33,262144,524288,600.0,golovin_relative_error_radius_moment_0_m3,0.00040141646928275597,-0.000571460240093632,0.0013742931786591439,0.05,True
33,262144,524288,600.0,golovin_relative_error_radius_moment_6_um6_m3,-0.0014727588055359676,-0.004449035988700085,0.0015035183776281498,0.05,True
33,262144,524288,1200.0,ensemble_mean_l1_bins_500,0.0017338786552034127,0.0007843953384954091,0.003693003221566407,0.01,True
33,262144,524288,1200.0,golovin_relative_error_radius_moment_0_m3,0.0004847951379755466,-0.0006918251386675187,0.001661415414618612,0.05,True
33,262144,524288,1200.0,golovin_relative_error_radius_moment_6_um6_m3,-0.0025171231595888036,-0.007250783202666597,0.00221653688348899,0.05,True
33,262144,524288,1800.0,ensemble_mean_l1_bins_500,6.46959507032141e-05,-0.00031866378632499265,0.0024559092481179555,0.01,True
33,262144,524288,1800.0,golovin_relative_error_radius_moment_0_m3,0.0003837102741382026,-0.0009669933402535232,0.0017344138885299284,0.05,True
33,262144,524288,1800.0,golovin_relative_error_radius_moment_6_um6_m3,-0.00348228201715288,-0.008879760979376148,0.0019151969450703888,0.05,True
33,262144,524288,2400.0,ensemble_mean_l1_bins_500,0.0006598738745946893,0.0003557718049286097,0.0033594114929464975,0.01,True
33,262144,524288,2400.0,golovin_relative_error_radius_moment_0_m3,0.0004035918554146756,-0.0010252739104101374,0.0018324576212394885,0.05,True
33,262144,524288,2400.0,golovin_relative_error_radius_moment_6_um6_m3,-0.0037443082844848875,-0.01042601616731432,0.0029373995983445456,0.05,True
33,262144,524288,3000.0,ensemble_mean_l1_bins_500,0.001516543545350411,0.0006756708252675092,0.004520027396489434,0.01,True
33,262144,524288,3000.0,golovin_relative_error_radius_moment_0_m3,0.0007277641279180336,-0.0007153336712654952,0.0021708619271015622,0.05,True
33,262144,524288,3000.0,golovin_relative_error_radius_moment_6_um6_m3,-0.0038374098021472934,-0.011336456054123667,0.00366163644982908,0.05,True
33,262144,524288,3600.0,ensemble_mean_l1_bins_500,0.0032703426268106423,0.001614214369583919,0.006407040444744284,0.01,True
33,262144,524288,3600.0,golovin_relative_error_radius_moment_0_m3,0.0007689713332399318,-0.0006844774774465148,0.0022224201439263783,0.05,True
33,262144,524288,3600.0,golovin_relative_error_radius_moment_6_um6_m3,-0.005357345645719678,-0.014917114035278876,0.004202422743839519,0.05,True
33,524288,1048576,600.0,ensemble_mean_l1_bins_500,0.0010780850054800933,0.0005241196136904921,0.0026989256022357006,0.01,True
33,524288,1048576,600.0,golovin_relative_error_radius_moment_0_m3,-8.31498148549792e-05,-0.000824466742003742,0.0006581671122937836,0.05,True
33,524288,1048576,600.0,golovin_relative_error_radius_moment_6_um6_m3,0.0012328279854281511,-0.0006935004761732294,0.0031591564470295317,0.05,True
33,524288,1048576,1200.0,ensemble_mean_l1_bins_500,0.0009844293107363067,0.0005018922734882079,0.0026798356234694217,0.01,True
33,524288,1048576,1200.0,golovin_relative_error_radius_moment_0_m3,0.0004598926614633192,-0.00046302698700446265,0.0013828123099311012,0.05,True
33,524288,1048576,1200.0,golovin_relative_error_radius_moment_6_um6_m3,0.0014552631040591346,-0.0016540305608643761,0.004564556768982646,0.05,True
33,524288,1048576,1800.0,ensemble_mean_l1_bins_500,0.0010559623399274479,0.0003972154278452558,0.0023754618290029983,0.01,True
33,524288,1048576,1800.0,golovin_relative_error_radius_moment_0_m3,0.00044236324496952587,-0.0005632946642628474,0.0014480211542018992,0.05,True
33,524288,1048576,1800.0,golovin_relative_error_radius_moment_6_um6_m3,0.001893796506546459,-0.0014592135180662362,0.0052468065311591545,0.05,True
33,524288,1048576,2400.0,ensemble_mean_l1_bins_500,0.0007962183811570352,0.0004509086054824171,0.0021318461405006365,0.01,True
33,524288,1048576,2400.0,golovin_relative_error_radius_moment_0_m3,0.0002887796449694635,-0.0007730611315355789,0.001350620421474506,0.05,True
33,524288,1048576,2400.0,golovin_relative_error_radius_moment_6_um6_m3,0.0021344281150293297,-0.0019333929909180723,0.006202249220976732,0.05,True
33,524288,1048576,3000.0,ensemble_mean_l1_bins_500,0.0008141929583655801,0.0002566768160746276,0.002921179065628705,0.01,True
33,524288,1048576,3000.0,golovin_relative_error_radius_moment_0_m3,0.00020163086389133998,-0.0008662109444721284,0.0012694726722548082,0.05,True
33,524288,1048576,3000.0,golovin_relative_error_radius_moment_6_um6_m3,0.0024725315069291432,-0.0025827402340662755,0.007527803247924562,0.05,True
33,524288,1048576,3600.0,ensemble_mean_l1_bins_500,0.0010994792830759216,0.0007219240765152477,0.0038283585147010925,0.01,True
33,524288,1048576,3600.0,golovin_relative_error_radius_moment_0_m3,0.00019295888261293247,-0.0008856654378819929,0.0012715832031078577,0.05,True
33,524288,1048576,3600.0,golovin_relative_error_radius_moment_6_um6_m3,0.002438405528546057,-0.004103679331543275,0.008980490388635388,0.05,True
34,4096,8192,600.0,ensemble_mean_l1_bins_500,0.010646443679656024,0.004336835694649016,0.028785146158762927,0.01,False
34,4096,8192,600.0,golovin_relative_error_radius_moment_0_m3,0.002918019986929295,-0.006598504260337024,0.012434544234195613,0.05,True
34,4096,8192,600.0,golovin_relative_error_radius_moment_6_um6_m3,-0.009391378343555325,-0.03236733268007391,0.013584575992963258,0.05,True
34,4096,8192,1200.0,ensemble_mean_l1_bins_500,0.01032932340727128,0.004286939725281918,0.02911239180756777,0.01,False
34,4096,8192,1200.0,golovin_relative_error_radius_moment_0_m3,0.0011462970863592092,-0.009612570052710738,0.011905164225429156,0.05,True
34,4096,8192,1200.0,golovin_relative_error_radius_moment_6_um6_m3,-0.009496849491848577,-0.04513533476301864,0.026141635779321486,0.05,True
34,4096,8192,1800.0,ensemble_mean_l1_bins_500,0.010539323146189473,0.004782214769886088,0.028228543650625756,0.01,False
34,4096,8192,1800.0,golovin_relative_error_radius_moment_0_m3,-0.002686110060303406,-0.014370844043322844,0.008998623922716031,0.05,True
34,4096,8192,1800.0,golovin_relative_error_radius_moment_6_um6_m3,-0.005732354361670149,-0.049324807351835885,0.03786009862849559,0.05,True
34,4096,8192,2400.0,ensemble_mean_l1_bins_500,0.014121665108384713,0.007158989237088764,0.03311147827447039,0.01,False
34,4096,8192,2400.0,golovin_relative_error_radius_moment_0_m3,-0.0015882544173717438,-0.01433344507655514,0.011156936241811652,0.05,True
34,4096,8192,2400.0,golovin_relative_error_radius_moment_6_um6_m3,0.0011396646773432668,-0.04879518559823541,0.05107451495292194,0.05,False
34,4096,8192,3000.0,ensemble_mean_l1_bins_500,0.016170966190678197,0.005274796841900098,0.036668341846873106,0.01,False
34,4096,8192,3000.0,golovin_relative_error_radius_moment_0_m3,-7.9981786087523e-06,-0.012735762696028542,0.012719766338811039,0.05,True
34,4096,8192,3000.0,golovin_relative_error_radius_moment_6_um6_m3,0.009258408735591106,-0.054351026059772524,0.07286784353095474,0.05,False
34,4096,8192,3600.0,ensemble_mean_l1_bins_500,0.01523766158126355,0.007928780949275224,0.0429680457318525,0.01,False
34,4096,8192,3600.0,golovin_relative_error_radius_moment_0_m3,0.00011808026243442554,-0.012732090676993942,0.012968251201862794,0.05,True
34,4096,8192,3600.0,golovin_relative_error_radius_moment_6_um6_m3,-0.011400566122131662,-0.08392209879838379,0.061120966554120464,0.05,False
34,8192,16384,600.0,ensemble_mean_l1_bins_500,0.00447613162721236,0.0010877037751183944,0.018981551598407587,0.01,False
34,8192,16384,600.0,golovin_relative_error_radius_moment_0_m3,-0.0005037539747149311,-0.00666591476698651,0.005658406817556648,0.05,True
34,8192,16384,600.0,golovin_relative_error_radius_moment_6_um6_m3,-0.006482440720361811,-0.025312536510468536,0.012347655069744914,0.05,True
34,8192,16384,1200.0,ensemble_mean_l1_bins_500,0.011324354208979644,0.005185266357061402,0.02243021911838625,0.01,False
34,8192,16384,1200.0,golovin_relative_error_radius_moment_0_m3,-0.0025524423585875965,-0.010444766473179379,0.005339881756004185,0.05,True
34,8192,16384,1200.0,golovin_relative_error_radius_moment_6_um6_m3,0.0025103638737196702,-0.023395480319010634,0.028416208066449976,0.05,True
34,8192,16384,1800.0,ensemble_mean_l1_bins_500,0.00480244635985496,0.002277900847775515,0.018875672118902946,0.01,False
34,8192,16384,1800.0,golovin_relative_error_radius_moment_0_m3,-0.0011936271905278305,-0.009627963298235067,0.0072407089171794056,0.05,True
34,8192,16384,1800.0,golovin_relative_error_radius_moment_6_um6_m3,-0.0013483605455431504,-0.033677585969654276,0.030980864878567972,0.05,True
34,8192,16384,2400.0,ensemble_mean_l1_bins_500,0.00466168817817194,0.0021148068277633773,0.020307259655998822,0.01,False
34,8192,16384,2400.0,golovin_relative_error_radius_moment_0_m3,0.0016517359100811733,-0.007529046373371035,0.010832518193533381,0.05,True
34,8192,16384,2400.0,golovin_relative_error_radius_moment_6_um6_m3,-0.010217970884599333,-0.04771511936651035,0.027279177597311688,0.05,True
34,8192,16384,3000.0,ensemble_mean_l1_bins_500,0.012827281353564531,0.007039376898667848,0.0296655518378793,0.01,False
34,8192,16384,3000.0,golovin_relative_error_radius_moment_0_m3,0.000918970439858131,-0.008048489832900583,0.009886430712616844,0.05,True
34,8192,16384,3000.0,golovin_relative_error_radius_moment_6_um6_m3,-0.006490784661598115,-0.04986805079012241,0.03688648146692618,0.05,True
34,8192,16384,3600.0,ensemble_mean_l1_bins_500,0.013202520108023919,0.006738029820474592,0.031877415872981485,0.01,False
34,8192,16384,3600.0,golovin_relative_error_radius_moment_0_m3,0.0010989830137686663,-0.0079589361988228,0.010156902226360133,0.05,True
34,8192,16384,3600.0,golovin_relative_error_radius_moment_6_um6_m3,0.009531054400332403,-0.047367595449073714,0.06642970424973851,0.05,False
34,16384,32768,600.0,ensemble_mean_l1_bins_500,0.006161136760722852,0.002796509378104319,0.015478736296699236,0.01,False
34,16384,32768,600.0,golovin_relative_error_radius_moment_0_m3,-8.014604561796591e-05,-0.004207073429633638,0.004046781338397707,0.05,True
34,16384,32768,600.0,golovin_relative_error_radius_moment_6_um6_m3,0.01173651583644503,-0.002106394006132743,0.025579425679022806,0.05,True
34,16384,32768,1200.0,ensemble_mean_l1_bins_500,0.005853257028353542,0.0034800960112859767,0.015359657742897907,0.01,False
34,16384,32768,1200.0,golovin_relative_error_radius_moment_0_m3,0.0040571288564103655,-0.0009540684775163379,0.009068326190337069,0.05,True
34,16384,32768,1200.0,golovin_relative_error_radius_moment_6_um6_m3,0.009304513644161018,-0.010773196794038915,0.02938222408236095,0.05,True
34,16384,32768,1800.0,ensemble_mean_l1_bins_500,0.0072090668655704175,0.0036686236696038357,0.015190412390344844,0.01,False
34,16384,32768,1800.0,golovin_relative_error_radius_moment_0_m3,0.0034602455734436075,-0.0025615770151266445,0.00948206816201386,0.05,True
34,16384,32768,1800.0,golovin_relative_error_radius_moment_6_um6_m3,0.007117916265123314,-0.016312168222852353,0.03054800075309898,0.05,True
34,16384,32768,2400.0,ensemble_mean_l1_bins_500,0.00751030049743337,0.004108349272735266,0.017279518521874,0.01,False
34,16384,32768,2400.0,golovin_relative_error_radius_moment_0_m3,0.0024852759826798354,-0.0035876134520082927,0.008558165417367963,0.05,True
34,16384,32768,2400.0,golovin_relative_error_radius_moment_6_um6_m3,0.009559972069699996,-0.015951348969556443,0.03507129310895643,0.05,True
34,16384,32768,3000.0,ensemble_mean_l1_bins_500,0.0021359369937048803,0.00037674326762222887,0.015885124179888046,0.01,False
34,16384,32768,3000.0,golovin_relative_error_radius_moment_0_m3,0.002119471252625711,-0.004098422529019145,0.008337365034270567,0.05,True
34,16384,32768,3000.0,golovin_relative_error_radius_moment_6_um6_m3,0.007043881161207308,-0.023086056531203963,0.037173818853618576,0.05,True
34,16384,32768,3600.0,ensemble_mean_l1_bins_500,0.005348978564942396,0.0026744486940227957,0.020254530854972433,0.01,False
34,16384,32768,3600.0,golovin_relative_error_radius_moment_0_m3,0.002085467647579744,-0.004214200659742666,0.008385135954902154,0.05,True
34,16384,32768,3600.0,golovin_relative_error_radius_moment_6_um6_m3,-0.006194628109735574,-0.04554809291142605,0.0331588366919549,0.05,True
34,32768,65536,600.0,ensemble_mean_l1_bins_500,0.004128061565405553,0.0015159258569861851,0.010426674352932217,0.01,False
34,32768,65536,600.0,golovin_relative_error_radius_moment_0_m3,0.002110027418174125,-0.0009265212370492448,0.005146576073397495,0.05,True
34,32768,65536,600.0,golovin_relative_error_radius_moment_6_um6_m3,-0.005308097953690396,-0.013901182787444125,0.003284986880063334,0.05,True
34,32768,65536,1200.0,ensemble_mean_l1_bins_500,0.0033165862281304154,0.001196105727900152,0.009869679541163063,0.01,True
34,32768,65536,1200.0,golovin_relative_error_radius_moment_0_m3,-0.00021531732888159017,-0.004159170702618132,0.0037285360448549524,0.05,True
34,32768,65536,1200.0,golovin_relative_error_radius_moment_6_um6_m3,-0.005829066211151308,-0.019097213616009655,0.007439081193707039,0.05,True
34,32768,65536,1800.0,ensemble_mean_l1_bins_500,0.0022106959658821177,0.0011619685866871786,0.009456622811706554,0.01,True
34,32768,65536,1800.0,golovin_relative_error_radius_moment_0_m3,-0.0005116366193819945,-0.004994420817109103,0.0039711475783451135,0.05,True
34,32768,65536,1800.0,golovin_relative_error_radius_moment_6_um6_m3,-0.004109276868206422,-0.019977535403484944,0.0117589816670721,0.05,True
34,32768,65536,2400.0,ensemble_mean_l1_bins_500,0.0029214316708307247,0.0011218078892787765,0.010112388271675023,0.01,False
34,32768,65536,2400.0,golovin_relative_error_radius_moment_0_m3,-0.0008068765792259502,-0.0054010221736918535,0.0037872690152399536,0.05,True
34,32768,65536,2400.0,golovin_relative_error_radius_moment_6_um6_m3,-0.006609878357270577,-0.02552364387181893,0.012303887157277777,0.05,True
34,32768,65536,3000.0,ensemble_mean_l1_bins_500,0.005770418455639723,0.00330062747248761,0.01398898800578951,0.01,False
34,32768,65536,3000.0,golovin_relative_error_radius_moment_0_m3,-0.000476973385106203,-0.005246428659200505,0.004292481888988098,0.05,True
34,32768,65536,3000.0,golovin_relative_error_radius_moment_6_um6_m3,-0.0059289581581573264,-0.028260095747900255,0.016402179431585603,0.05,True
34,32768,65536,3600.0,ensemble_mean_l1_bins_500,0.005294262234892724,0.002016099534998149,0.014985278224168421,0.01,False
34,32768,65536,3600.0,golovin_relative_error_radius_moment_0_m3,-0.0006184310353840617,-0.005373291024301811,0.004136428953533687,0.05,True
34,32768,65536,3600.0,golovin_relative_error_radius_moment_6_um6_m3,-0.005842607661894012,-0.030994169695656052,0.01930895437186803,0.05,True
34,65536,131072,600.0,ensemble_mean_l1_bins_500,0.0022743987140059945,0.001169741783374067,0.007426958834404107,0.01,True
34,65536,131072,600.0,golovin_relative_error_radius_moment_0_m3,-0.0022571724052171806,-0.004435836898876172,-7.85079115581894e-05,0.05,True
34,65536,131072,600.0,golovin_relative_error_radius_moment_6_um6_m3,-0.0003480841588496531,-0.006146702659471383,0.005450534341772077,0.05,True
34,65536,131072,1200.0,ensemble_mean_l1_bins_500,0.0018120146021446447,0.000521275698393186,0.0070310824982137265,0.01,True
34,65536,131072,1200.0,golovin_relative_error_radius_moment_0_m3,-0.002388720251492169,-0.0053009178410697265,0.0005234773380853887,0.05,True
34,65536,131072,1200.0,golovin_relative_error_radius_moment_6_um6_m3,0.003932841125203463,-0.004506719736745704,0.01237240198715263,0.05,True
34,65536,131072,1800.0,ensemble_mean_l1_bins_500,0.0029760395838790577,0.001812641797436115,0.007701757988166315,0.01,True
34,65536,131072,1800.0,golovin_relative_error_radius_moment_0_m3,-0.0017948561576964827,-0.004993430153948913,0.001403717838555947,0.05,True
34,65536,131072,1800.0,golovin_relative_error_radius_moment_6_um6_m3,0.0024392991328900473,-0.007575040839508116,0.01245363910528821,0.05,True
34,65536,131072,2400.0,ensemble_mean_l1_bins_500,0.002915254703770369,0.001441897892486689,0.007763103383169741,0.01,True
34,65536,131072,2400.0,golovin_relative_error_radius_moment_0_m3,-0.0012539710839893203,-0.004616156804231733,0.002108214636253093,0.05,True
34,65536,131072,2400.0,golovin_relative_error_radius_moment_6_um6_m3,0.0016295257509943118,-0.010490960609736113,0.013750012111724736,0.05,True
34,65536,131072,3000.0,ensemble_mean_l1_bins_500,0.00402507820412765,0.0021088189352747714,0.009562567314608873,0.01,True
34,65536,131072,3000.0,golovin_relative_error_radius_moment_0_m3,-0.0009783010397904968,-0.004380522452464396,0.0024239203728834025,0.05,True
34,65536,131072,3000.0,golovin_relative_error_radius_moment_6_um6_m3,0.0033484677999073243,-0.009923948195880751,0.016620883795695398,0.05,True
34,65536,131072,3600.0,ensemble_mean_l1_bins_500,0.005604289643961436,0.00265341533322708,0.011770468559112426,0.01,False
34,65536,131072,3600.0,golovin_relative_error_radius_moment_0_m3,-0.0008456269565198626,-0.004267977682497366,0.0025767237694576403,0.05,True
34,65536,131072,3600.0,golovin_relative_error_radius_moment_6_um6_m3,0.010087571690162656,-0.005525932991520785,0.0257010763718461,0.05,True
34,131072,262144,600.0,ensemble_mean_l1_bins_500,0.002497011719437583,0.0010672255121553678,0.005444882751610998,0.01,True
34,131072,262144,600.0,golovin_relative_error_radius_moment_0_m3,0.00016382287507628714,-0.0012609603545646456,0.00158860610471722,0.05,True
34,131072,262144,600.0,golovin_relative_error_radius_moment_6_um6_m3,0.0008865077998372172,-0.00342574475858079,0.005198760358255224,0.05,True
34,131072,262144,1200.0,ensemble_mean_l1_bins_500,0.0008464294219957093,0.00038089833045773513,0.004615746397432081,0.01,True
34,131072,262144,1200.0,golovin_relative_error_radius_moment_0_m3,-8.657924200521582e-05,-0.00196808606980463,0.001794927585794198,0.05,True
34,131072,262144,1200.0,golovin_relative_error_radius_moment_6_um6_m3,7.791571862661006e-06,-0.006396858336863291,0.006412441480588612,0.05,True
34,131072,262144,1800.0,ensemble_mean_l1_bins_500,0.0012721035654429773,0.00021663247948138528,0.0041619186580511,0.01,True
34,131072,262144,1800.0,golovin_relative_error_radius_moment_0_m3,0.0002146955392887162,-0.002009009144102277,0.002438400222679709,0.05,True
34,131072,262144,1800.0,golovin_relative_error_radius_moment_6_um6_m3,0.0013788689827167588,-0.005620769934333695,0.008378507899767212,0.05,True
34,131072,262144,2400.0,ensemble_mean_l1_bins_500,0.001735620714457784,0.0008750079510375816,0.00530623279633954,0.01,True
34,131072,262144,2400.0,golovin_relative_error_radius_moment_0_m3,-4.2403988575356226e-07,-0.00228664633829146,0.0022857982585199528,0.05,True
34,131072,262144,2400.0,golovin_relative_error_radius_moment_6_um6_m3,0.0014596419037190356,-0.007803169070790392,0.010722452878228463,0.05,True
34,131072,262144,3000.0,ensemble_mean_l1_bins_500,0.0027775652188570202,0.0013582926321779982,0.006938645773620812,0.01,True
34,131072,262144,3000.0,golovin_relative_error_radius_moment_0_m3,-0.00038104480703589957,-0.002700288822633187,0.001938199208561388,0.05,True
34,131072,262144,3000.0,golovin_relative_error_radius_moment_6_um6_m3,-0.0016255043479852008,-0.01155896831411958,0.008307959618149178,0.05,True
34,131072,262144,3600.0,ensemble_mean_l1_bins_500,0.0017254934217523984,0.0007747328756041907,0.0073380882404945474,0.01,True
34,131072,262144,3600.0,golovin_relative_error_radius_moment_0_m3,-0.0005136906947181564,-0.002886350938342079,0.0018589695489057661,0.05,True
34,131072,262144,3600.0,golovin_relative_error_radius_moment_6_um6_m3,-0.0049779613673325345,-0.01688174723285898,0.006925824498193911,0.05,True
34,262144,524288,600.0,ensemble_mean_l1_bins_500,0.0007355156887138433,0.00013587847898683314,0.0032780052434624777,0.01,True
34,262144,524288,600.0,golovin_relative_error_radius_moment_0_m3,0.00040141646928275597,-0.0005564532939331469,0.0013592862324986587,0.05,True
34,262144,524288,600.0,golovin_relative_error_radius_moment_6_um6_m3,-0.0014727588055359676,-0.004402962738549537,0.0014574451274776017,0.05,True
34,262144,524288,1200.0,ensemble_mean_l1_bins_500,0.0017338786552034127,0.0007978664249604455,0.003641258730530855,0.01,True
34,262144,524288,1200.0,golovin_relative_error_radius_moment_0_m3,0.0004847951379755466,-0.0006736524948221176,0.001643242770773211,0.05,True
34,262144,524288,1200.0,golovin_relative_error_radius_moment_6_um6_m3,-0.0025171231595888036,-0.007177536020588591,0.0021432897014109836,0.05,True
34,262144,524288,1800.0,ensemble_mean_l1_bins_500,6.46959507032141e-05,-0.00032885477167265466,0.0024341492683220916,0.01,True
34,262144,524288,1800.0,golovin_relative_error_radius_moment_0_m3,0.0003837102741382026,-0.0009461292016526156,0.0017135497499290208,0.05,True
34,262144,524288,1800.0,golovin_relative_error_radius_moment_6_um6_m3,-0.00348228201715288,-0.008795967960811321,0.0018314039265055608,0.05,True
34,262144,524288,2400.0,ensemble_mean_l1_bins_500,0.0006598738745946893,0.00036059094052717756,0.0033091068969867197,0.01,True
34,262144,524288,2400.0,golovin_relative_error_radius_moment_0_m3,0.0004035918554146756,-0.0010031752265195844,0.0018103589373489354,0.05,True
34,262144,524288,2400.0,golovin_relative_error_radius_moment_6_um6_m3,-0.0037443082844848875,-0.01032227758366629,0.0028336610146965156,0.05,True
34,262144,524288,3000.0,ensemble_mean_l1_bins_500,0.001516543545350411,0.0007161521790164601,0.004510167930304626,0.01,True
34,262144,524288,3000.0,golovin_relative_error_radius_moment_0_m3,0.0007277641279180336,-0.0006930278939418156,0.0021485561497778826,0.05,True
34,262144,524288,3000.0,golovin_relative_error_radius_moment_6_um6_m3,-0.0038374098021472934,-0.011220424331376658,0.003545604727082072,0.05,True
34,262144,524288,3600.0,ensemble_mean_l1_bins_500,0.0032703426268106423,0.0016337831207509776,0.0063341851988719736,0.01,True
34,262144,524288,3600.0,golovin_relative_error_radius_moment_0_m3,0.0007689713332399318,-0.0006620272489032554,0.0021999699153831187,0.05,True
34,262144,524288,3600.0,golovin_relative_error_radius_moment_6_um6_m3,-0.005357345645719678,-0.01476925667283837,0.004054565381399015,0.05,True
34,524288,1048576,600.0,ensemble_mean_l1_bins_500,0.0010780850054800933,0.0005270045652959767,0.0026727448896532993,0.01,True
34,524288,1048576,600.0,golovin_relative_error_radius_moment_0_m3,-8.31498148549792e-05,-0.0008130179818155708,0.0006467183521056124,0.05,True
34,524288,1048576,600.0,golovin_relative_error_radius_moment_6_um6_m3,0.0012328279854281511,-0.0006636192312167669,0.003129275202073069,0.05,True
34,524288,1048576,1200.0,ensemble_mean_l1_bins_500,0.0009844293107363067,0.0004837910730643376,0.0026464147520260596,0.01,True
34,524288,1048576,1200.0,golovin_relative_error_radius_moment_0_m3,0.0004598926614633192,-0.0004488144156824623,0.0013685997386091008,0.05,True
34,524288,1048576,1200.0,golovin_relative_error_radius_moment_6_um6_m3,0.0014552631040591346,-0.001605813810349065,0.004516340018467334,0.05,True
34,524288,1048576,1800.0,ensemble_mean_l1_bins_500,0.0010559623399274479,0.000401387849088632,0.002346380337551034,0.01,True
34,524288,1048576,1800.0,golovin_relative_error_radius_moment_0_m3,0.00044236324496952587,-0.000547783031729334,0.0014325095216683858,0.05,True
34,524288,1048576,1800.0,golovin_relative_error_radius_moment_6_um6_m3,0.001893796506546459,-0.0014073737003237486,0.0051949667134166665,0.05,True
34,524288,1048576,2400.0,ensemble_mean_l1_bins_500,0.0007962183811570352,0.0004421895578035799,0.002099426212412665,0.01,True
34,524288,1048576,2400.0,golovin_relative_error_radius_moment_0_m3,0.0002887796449694635,-0.0007567040696576011,0.0013342633595965281,0.05,True
34,524288,1048576,2400.0,golovin_relative_error_radius_moment_6_um6_m3,0.0021344281150293297,-0.0018704103581340947,0.006139266588192754,0.05,True
34,524288,1048576,3000.0,ensemble_mean_l1_bins_500,0.0008141929583655801,0.0002598216486723896,0.002895007512334435,0.01,True
34,524288,1048576,3000.0,golovin_relative_error_radius_moment_0_m3,0.00020163086389133998,-0.0008497497260106679,0.0012530114537933478,0.05,True
34,524288,1048576,3000.0,golovin_relative_error_radius_moment_6_um6_m3,0.0024725315069291432,-0.0025045227540959106,0.007449585767954197,0.05,True
34,524288,1048576,3600.0,ensemble_mean_l1_bins_500,0.0010994792830759216,0.0007311814126207375,0.003777100329005072,0.01,True
34,524288,1048576,3600.0,golovin_relative_error_radius_moment_0_m3,0.00019295888261293247,-0.0008690246188397333,0.0012549423840655981,0.05,True
34,524288,1048576,3600.0,golovin_relative_error_radius_moment_6_um6_m3,0.002438405528546057,-0.004002484888031217,0.008879295945123331,0.05,True
35,4096,8192,600.0,ensemble_mean_l1_bins_500,0.010646443679656024,0.004346014925090663,0.028681112146509466,0.01,False
35,4096,8192,600.0,golovin_relative_error_radius_moment_0_m3,0.002918019986929295,-0.006455551694128793,0.012291591667987382,0.05,True
35,4096,8192,600.0,golovin_relative_error_radius_moment_6_um6_m3,-0.009391378343555325,-0.03202389004079078,0.013241133353680129,0.05,True
35,4096,8192,1200.0,ensemble_mean_l1_bins_500,0.01032932340727128,0.004262316205354442,0.028752017951127543,0.01,False
35,4096,8192,1200.0,golovin_relative_error_radius_moment_0_m3,0.0011462970863592092,-0.009451707868849139,0.011744302041567557,0.05,True
35,4096,8192,1200.0,golovin_relative_error_radius_moment_6_um6_m3,-0.009496849491848577,-0.04460057168859533,0.025606872704898177,0.05,True
35,4096,8192,1800.0,ensemble_mean_l1_bins_500,0.010539323146189473,0.004792997061838115,0.028207331003250603,0.01,False
35,4096,8192,1800.0,golovin_relative_error_radius_moment_0_m3,-0.002686110060303406,-0.01419584047736186,0.008823620356755046,0.05,True
35,4096,8192,1800.0,golovin_relative_error_radius_moment_6_um6_m3,-0.005732354361670149,-0.048671973773154624,0.03720726504981433,0.05,True
35,4096,8192,2400.0,ensemble_mean_l1_bins_500,0.014121665108384713,0.007176489030759165,0.033039176904506855,0.01,False
35,4096,8192,2400.0,golovin_relative_error_radius_moment_0_m3,-0.0015882544173717438,-0.014142708379999687,0.010966199545256199,0.05,True
35,4096,8192,2400.0,golovin_relative_error_radius_moment_6_um6_m3,0.0011396646773432668,-0.048048658805710284,0.050327988160396825,0.05,False
35,4096,8192,3000.0,ensemble_mean_l1_bins_500,0.016170966190678197,0.005390041988876075,0.03631222993396826,0.01,False
35,4096,8192,3000.0,golovin_relative_error_radius_moment_0_m3,-7.9981786087523e-06,-0.012545101127542271,0.012529104770324765,0.05,True
35,4096,8192,3000.0,golovin_relative_error_radius_moment_6_um6_m3,0.009258408735591106,-0.05339740930510608,0.0719142267762883,0.05,False
35,4096,8192,3600.0,ensemble_mean_l1_bins_500,0.01523766158126355,0.008176133292904059,0.04274453280302288,0.01,False
35,4096,8192,3600.0,golovin_relative_error_radius_moment_0_m3,0.00011808026243442554,-0.012539570757198642,0.012775731282067495,0.05,True
35,4096,8192,3600.0,golovin_relative_error_radius_moment_6_um6_m3,-0.011400566122131662,-0.08283803750827239,0.06003690526400906,0.05,False
35,8192,16384,600.0,ensemble_mean_l1_bins_500,0.00447613162721236,0.0011211342807571384,0.018786379677369233,0.01,False
35,8192,16384,600.0,golovin_relative_error_radius_moment_0_m3,-0.0005037539747149311,-0.006573331014610616,0.005565823065180753,0.05,True
35,8192,16384,600.0,golovin_relative_error_radius_moment_6_um6_m3,-0.006482440720361811,-0.025030895625962498,0.012066014185238876,0.05,True
35,8192,16384,1200.0,ensemble_mean_l1_bins_500,0.011324354208979644,0.005160951692266254,0.022114463593956097,0.01,False
35,8192,16384,1200.0,golovin_relative_error_radius_moment_0_m3,-0.0025524423585875965,-0.010325833264411662,0.005220948547236468,0.05,True
35,8192,16384,1200.0,golovin_relative_error_radius_moment_6_um6_m3,0.0025103638737196702,-0.023008195266098017,0.02802892301353736,0.05,True
35,8192,16384,1800.0,ensemble_mean_l1_bins_500,0.00480244635985496,0.002342014762690451,0.0187893677161425,0.01,False
35,8192,16384,1800.0,golovin_relative_error_radius_moment_0_m3,-0.0011936271905278305,-0.009501434568605924,0.007114180187550263,0.05,True
35,8192,16384,1800.0,golovin_relative_error_radius_moment_6_um6_m3,-0.0013483605455431504,-0.0331933708388602,0.0304966497477739,0.05,True
35,8192,16384,2400.0,ensemble_mean_l1_bins_500,0.00466168817817194,0.0020396078329850734,0.02000986537455668,0.01,False
35,8192,16384,2400.0,golovin_relative_error_radius_moment_0_m3,0.0016517359100811733,-0.007390968596937917,0.010694440417100264,0.05,True
35,8192,16384,2400.0,golovin_relative_error_radius_moment_6_um6_m3,-0.010217970884599333,-0.04715120413363156,0.026715262364432897,0.05,True
35,8192,16384,3000.0,ensemble_mean_l1_bins_500,0.012827281353564531,0.007105073486755426,0.02935016903624953,0.01,False
35,8192,16384,3000.0,golovin_relative_error_radius_moment_0_m3,0.000918970439858131,-0.007913765430149506,0.009751706309865767,0.05,True
35,8192,16384,3000.0,golovin_relative_error_radius_moment_6_um6_m3,-0.006490784661598115,-0.049215901169987517,0.036234331846791284,0.05,True
35,8192,16384,3600.0,ensemble_mean_l1_bins_500,0.013202520108023919,0.006792682353598889,0.03132197833967089,0.01,False
35,8192,16384,3600.0,golovin_relative_error_radius_moment_0_m3,0.0010989830137686663,-0.007822908178295949,0.010020874205833282,0.05,True
35,8192,16384,3600.0,golovin_relative_error_radius_moment_6_um6_m3,0.009531054400332403,-0.04651460279453139,0.0655767115951962,0.05,False
35,16384,32768,600.0,ensemble_mean_l1_bins_500,0.006161136760722852,0.0028417160889316535,0.01530597486974797,0.01,False
35,16384,32768,600.0,golovin_relative_error_radius_moment_0_m3,-8.014604561796591e-05,-0.004145250034784317,0.003984957943548386,0.05,True
35,16384,32768,600.0,golovin_relative_error_radius_moment_6_um6_m3,0.01173651583644503,-0.001898176149027266,0.025371207821917326,0.05,True
35,16384,32768,1200.0,ensemble_mean_l1_bins_500,0.005853257028353542,0.003508092374735263,0.015155595582886754,0.01,False
35,16384,32768,1200.0,golovin_relative_error_radius_moment_0_m3,0.0040571288564103655,-0.0008791117288639433,0.008993369441684674,0.05,True
35,16384,32768,1200.0,golovin_relative_error_radius_moment_6_um6_m3,0.009304513644161018,-0.010472045411085594,0.02908107269940763,0.05,True
35,16384,32768,1800.0,ensemble_mean_l1_bins_500,0.0072090668655704175,0.003699890396100692,0.014920129007481462,0.01,False
35,16384,32768,1800.0,golovin_relative_error_radius_moment_0_m3,0.0034602455734436075,-0.0024714610804784246,0.009391952227365639,0.05,True
35,16384,32768,1800.0,golovin_relative_error_radius_moment_6_um6_m3,0.007117916265123314,-0.015960811536679793,0.03019664406692642,0.05,True
35,16384,32768,2400.0,ensemble_mean_l1_bins_500,0.00751030049743337,0.004283720598619264,0.016958708615517838,0.01,False
35,16384,32768,2400.0,golovin_relative_error_radius_moment_0_m3,0.0024852759826798354,-0.0034967196972617125,0.008467271662621383,0.05,True
35,16384,32768,2400.0,golovin_relative_error_radius_moment_6_um6_m3,0.009559972069699996,-0.015569937274823111,0.034689881414223106,0.05,True
35,16384,32768,3000.0,ensemble_mean_l1_bins_500,0.0021359369937048803,0.0003955716324410289,0.015698888496207708,0.01,False
35,16384,32768,3000.0,golovin_relative_error_radius_moment_0_m3,0.002119471252625711,-0.004005427676826897,0.00824437018207832,0.05,True
35,16384,32768,3000.0,golovin_relative_error_radius_moment_6_um6_m3,0.007043881161207308,-0.022635768206143644,0.03672353052855826,0.05,True
35,16384,32768,3600.0,ensemble_mean_l1_bins_500,0.005348978564942396,0.002679534752096335,0.019931255377402653,0.01,False
35,16384,32768,3600.0,golovin_relative_error_radius_moment_0_m3,0.002085467647579744,-0.004119948423395244,0.008290883718554732,0.05,True
35,16384,32768,3600.0,golovin_relative_error_radius_moment_6_um6_m3,-0.006194628109735574,-0.04495716010555609,0.03256790388608494,0.05,True
35,32768,65536,600.0,ensemble_mean_l1_bins_500,0.004128061565405553,0.0015448964415698458,0.01039882533462179,0.01,False
35,32768,65536,600.0,golovin_relative_error_radius_moment_0_m3,0.002110027418174125,-0.0008810471040266808,0.005101101940374931,0.05,True
35,32768,65536,600.0,golovin_relative_error_radius_moment_6_um6_m3,-0.005308097953690396,-0.013772019768145623,0.0031558238607648304,0.05,True
35,32768,65536,1200.0,ensemble_mean_l1_bins_500,0.0033165862281304154,0.0012068078192182118,0.009734303583918228,0.01,True
35,32768,65536,1200.0,golovin_relative_error_radius_moment_0_m3,-0.00021531732888159017,-0.00410015078427222,0.0036695161265090396,0.05,True
35,32768,65536,1200.0,golovin_relative_error_radius_moment_6_um6_m3,-0.005829066211151308,-0.01889740232933873,0.007239269907036113,0.05,True
35,32768,65536,1800.0,ensemble_mean_l1_bins_500,0.0022106959658821177,0.001171552583315722,0.009343370123601797,0.01,True
35,32768,65536,1800.0,golovin_relative_error_radius_moment_0_m3,-0.0005116366193819945,-0.004927183870160201,0.0039039106313962114,0.05,True
35,32768,65536,1800.0,golovin_relative_error_radius_moment_6_um6_m3,-0.004109276868206422,-0.019739006509144057,0.011520452772731213,0.05,True
35,32768,65536,2400.0,ensemble_mean_l1_bins_500,0.0029214316708307247,0.001114849947950816,0.010042481552508108,0.01,False
35,32768,65536,2400.0,golovin_relative_error_radius_moment_0_m3,-0.0008068765792259502,-0.005332211664600301,0.003718458506148401,0.05,True
35,32768,65536,2400.0,golovin_relative_error_radius_moment_6_um6_m3,-0.006609878357270577,-0.02523888113585317,0.012019124421312016,0.05,True
35,32768,65536,3000.0,ensemble_mean_l1_bins_500,0.005770418455639723,0.0033877690707500028,0.013825297599483996,0.01,False
35,32768,65536,3000.0,golovin_relative_error_radius_moment_0_m3,-0.000476973385106203,-0.005174928077912995,0.0042209813077005885,0.05,True
35,32768,65536,3000.0,golovin_relative_error_radius_moment_6_um6_m3,-0.0059289581581573264,-0.027923141692046446,0.016065225375731795,0.05,True
35,32768,65536,3600.0,ensemble_mean_l1_bins_500,0.005294262234892724,0.0019752464047732457,0.014782103952268838,0.01,False
35,32768,65536,3600.0,golovin_relative_error_radius_moment_0_m3,-0.0006184310353840617,-0.005302000038697935,0.004065137967929811,0.05,True
35,32768,65536,3600.0,golovin_relative_error_radius_moment_6_um6_m3,-0.005842607661894012,-0.030615378494576604,0.01893016317078858,0.05,True
35,65536,131072,600.0,ensemble_mean_l1_bins_500,0.0022743987140059945,0.0012040308149335632,0.007312098201838616,0.01,True
35,65536,131072,600.0,golovin_relative_error_radius_moment_0_m3,-0.0022571724052171806,-0.004403129165570512,-0.0001112156448638494,0.05,True
35,65536,131072,600.0,golovin_relative_error_radius_moment_6_um6_m3,-0.0003480841588496531,-0.00605992835896651,0.005363760041267204,0.05,True
35,65536,131072,1200.0,ensemble_mean_l1_bins_500,0.0018120146021446447,0.0004970976624546425,0.006937455915352382,0.01,True
35,65536,131072,1200.0,golovin_relative_error_radius_moment_0_m3,-0.002388720251492169,-0.0052572122358057315,0.00047977173282139334,0.05,True
35,65536,131072,1200.0,golovin_relative_error_radius_moment_6_um6_m3,0.003932841125203463,-0.004380385099272927,0.012246067349679854,0.05,True
35,65536,131072,1800.0,ensemble_mean_l1_bins_500,0.0029760395838790577,0.001837564270044447,0.00757761818336269,0.01,True
35,65536,131072,1800.0,golovin_relative_error_radius_moment_0_m3,-0.0017948561576964827,-0.00494554959702399,0.001355837281631024,0.05,True
35,65536,131072,1800.0,golovin_relative_error_radius_moment_6_um6_m3,0.0024392991328900473,-0.0074244931993761275,0.012303091465156221,0.05,True
35,65536,131072,2400.0,ensemble_mean_l1_bins_500,0.002915254703770369,0.0014495775572489383,0.007700223327337874,0.01,True
35,65536,131072,2400.0,golovin_relative_error_radius_moment_0_m3,-0.0012539710839893203,-0.004565772494006394,0.0020578303260277535,0.05,True
35,65536,131072,2400.0,golovin_relative_error_radius_moment_6_um6_m3,0.0016295257509943118,-0.010309532065774438,0.013568583567763061,0.05,True
35,65536,131072,3000.0,ensemble_mean_l1_bins_500,0.00402507820412765,0.0021323140147730085,0.009522365452827392,0.01,True
35,65536,131072,3000.0,golovin_relative_error_radius_moment_0_m3,-0.0009783010397904968,-0.004329548389364346,0.0023729463097833525,0.05,True
35,65536,131072,3000.0,golovin_relative_error_radius_moment_6_um6_m3,0.0033484677999073243,-0.009725118815942246,0.016422054415756896,0.05,True
35,65536,131072,3600.0,ensemble_mean_l1_bins_500,0.005604289643961436,0.002696145468312621,0.011629932399011484,0.01,False
35,65536,131072,3600.0,golovin_relative_error_radius_moment_0_m3,-0.0008456269565198626,-0.004216739955077681,0.002525486042037956,0.05,True
35,65536,131072,3600.0,golovin_relative_error_radius_moment_6_um6_m3,0.010087571690162656,-0.005291897727641527,0.02546704110796684,0.05,True
35,131072,262144,600.0,ensemble_mean_l1_bins_500,0.002497011719437583,0.0010911058736990317,0.005415088605101484,0.01,True
35,131072,262144,600.0,golovin_relative_error_radius_moment_0_m3,0.00016382287507628714,-0.0012395397590053083,0.0015671855091578825,0.05,True
35,131072,262144,600.0,golovin_relative_error_radius_moment_6_um6_m3,0.0008865077998372172,-0.0033610579368712687,0.005134073536545703,0.05,True
35,131072,262144,1200.0,ensemble_mean_l1_bins_500,0.0008464294219957093,0.0003631141194196269,0.004516065910840446,0.01,True
35,131072,262144,1200.0,golovin_relative_error_radius_moment_0_m3,-8.657924200521582e-05,-0.001939732913808148,0.0017665744297977164,0.05,True
35,131072,262144,1200.0,golovin_relative_error_radius_moment_6_um6_m3,7.791571862661006e-06,-0.006300974594593493,0.006316557738318816,0.05,True
35,131072,262144,1800.0,ensemble_mean_l1_bins_500,0.0012721035654429773,0.0002386792165790805,0.00409514715131153,0.01,True
35,131072,262144,1800.0,golovin_relative_error_radius_moment_0_m3,0.0002146955392887162,-0.001975466626463214,0.0024048577050406464,0.05,True
35,131072,262144,1800.0,golovin_relative_error_radius_moment_6_um6_m3,0.0013788689827167588,-0.005516172979205425,0.008273910944638942,0.05,True
35,131072,262144,2400.0,ensemble_mean_l1_bins_500,0.001735620714457784,0.0008724281854665386,0.005223119335929756,0.01,True
35,131072,262144,2400.0,golovin_relative_error_radius_moment_0_m3,-4.2403988575356226e-07,-0.002252218048362508,0.0022513699685910004,0.05,True
35,131072,262144,2400.0,golovin_relative_error_radius_moment_6_um6_m3,0.0014596419037190356,-0.00766453555052038,0.010583819357958452,0.05,True
35,131072,262144,3000.0,ensemble_mean_l1_bins_500,0.0027775652188570202,0.0013586001255046789,0.006912279377327807,0.01,True
35,131072,262144,3000.0,golovin_relative_error_radius_moment_0_m3,-0.00038104480703589957,-0.0026653477212405896,0.0019032581071687905,0.05,True
35,131072,262144,3000.0,golovin_relative_error_radius_moment_6_um6_m3,-0.0016255043479852008,-0.011410339661888988,0.008159330965918586,0.05,True
35,131072,262144,3600.0,ensemble_mean_l1_bins_500,0.0017254934217523984,0.0008049942282024039,0.007242194354754428,0.01,True
35,131072,262144,3600.0,golovin_relative_error_radius_moment_0_m3,-0.0005136906947181564,-0.0028505715934954413,0.0018231902040591282,0.05,True
35,131072,262144,3600.0,golovin_relative_error_radius_moment_6_um6_m3,-0.0049779613673325345,-0.01670387084012506,0.006747948105459991,0.05,True
35,262144,524288,600.0,ensemble_mean_l1_bins_500,0.0007355156887138433,0.00015754913669873406,0.0032388269373730912,0.01,True
35,262144,524288,600.0,golovin_relative_error_radius_moment_0_m3,0.00040141646928275597,-0.0005421206811857889,0.0013449536197513007,0.05,True
35,262144,524288,600.0,golovin_relative_error_radius_moment_6_um6_m3,-0.0014727588055359676,-0.004358966968605354,0.0014134493575334185,0.05,True
35,262144,524288,1200.0,ensemble_mean_l1_bins_500,0.0017338786552034127,0.0008054991662406468,0.0036082340235460385,0.01,True
35,262144,524288,1200.0,golovin_relative_error_radius_moment_0_m3,0.0004847951379755466,-0.0006562974411903038,0.0016258877171413972,0.05,True
35,262144,524288,1200.0,golovin_relative_error_radius_moment_6_um6_m3,-0.0025171231595888036,-0.00710759026565496,0.002073343946477353,0.05,True
35,262144,524288,1800.0,ensemble_mean_l1_bins_500,6.46959507032141e-05,-0.0003310587394030107,0.002387929587703127,0.01,True
35,262144,524288,1800.0,golovin_relative_error_radius_moment_0_m3,0.0003837102741382026,-0.0009262038678847296,0.0016936244161611348,0.05,True
35,262144,524288,1800.0,golovin_relative_error_radius_moment_6_um6_m3,-0.00348228201715288,-0.008715963778984015,0.0017513997446782542,0.05,True
35,262144,524288,2400.0,ensemble_mean_l1_bins_500,0.0006598738745946893,0.0003490879589377861,0.0032872004859139095,0.01,True
35,262144,524288,2400.0,golovin_relative_error_radius_moment_0_m3,0.0004035918554146756,-0.0009820720936424697,0.0017892558044718208,0.05,True
35,262144,524288,2400.0,golovin_relative_error_radius_moment_6_um6_m3,-0.0037443082844848875,-0.010223230085788706,0.0027346135168189304,0.05,True
35,262144,524288,3000.0,ensemble_mean_l1_bins_500,0.001516543545350411,0.0007241101560833652,0.004424394324071503,0.01,True
35,262144,524288,3000.0,golovin_relative_error_radius_moment_0_m3,0.0007277641279180336,-0.0006717264247905872,0.0021272546806266543,0.05,True
35,262144,524288,3000.0,golovin_relative_error_radius_moment_6_um6_m3,-0.0038374098021472934,-0.011109622166114736,0.003434802561820149,0.05,True
35,262144,524288,3600.0,ensemble_mean_l1_bins_500,0.0032703426268106423,0.0016137555502233638,0.0062696371922276025,0.01,True
35,262144,524288,3600.0,golovin_relative_error_radius_moment_0_m3,0.0007689713332399318,-0.0006405871490125152,0.0021785298154923787,0.05,True
35,262144,524288,3600.0,golovin_relative_error_radius_moment_6_um6_m3,-0.005357345645719678,-0.014628060628672734,0.003913369337233377,0.05,True
35,524288,1048576,600.0,ensemble_mean_l1_bins_500,0.0010780850054800933,0.0005246204963755971,0.0026440930969838794,0.01,True
35,524288,1048576,600.0,golovin_relative_error_radius_moment_0_m3,-8.31498148549792e-05,-0.0008020842716313397,0.0006357846419213813,0.05,True
35,524288,1048576,600.0,golovin_relative_error_radius_moment_6_um6_m3,0.0012328279854281511,-0.0006350880593902438,0.003100744030246546,0.05,True
35,524288,1048576,1200.0,ensemble_mean_l1_bins_500,0.0009844293107363067,0.00048740715194883847,0.002611822758859568,0.01,True
35,524288,1048576,1200.0,golovin_relative_error_radius_moment_0_m3,0.0004598926614633192,-0.000435239438688047,0.0013550247616146854,0.05,True
35,524288,1048576,1200.0,golovin_relative_error_radius_moment_6_um6_m3,0.0014552631040591346,-0.0015597749089259648,0.004470301117044234,0.05,True
35,524288,1048576,1800.0,ensemble_mean_l1_bins_500,0.0010559623399274479,0.00039997384585924053,0.002326152625787023,0.01,True
35,524288,1048576,1800.0,golovin_relative_error_radius_moment_0_m3,0.00044236324496952587,-0.0005329683677220799,0.0014176948576611315,0.05,True
35,524288,1048576,1800.0,golovin_relative_error_radius_moment_6_um6_m3,0.001893796506546459,-0.0013578685102901599,0.005145461523383078,0.05,True
35,524288,1048576,2400.0,ensemble_mean_l1_bins_500,0.0007962183811570352,0.0004489003594882233,0.00206729182665266,0.01,True
35,524288,1048576,2400.0,golovin_relative_error_radius_moment_0_m3,0.0002887796449694635,-0.0007410810337357687,0.0013186403236746958,0.05,True
35,524288,1048576,2400.0,golovin_relative_error_radius_moment_6_um6_m3,0.0021344281150293297,-0.00181026819608124,0.006079124426139899,0.05,True
35,524288,1048576,3000.0,ensemble_mean_l1_bins_500,0.0008141929583655801,0.00025043021631019025,0.0028549072904049434,0.01,True
35,524288,1048576,3000.0,golovin_relative_error_radius_moment_0_m3,0.00020163086389133998,-0.0008340277226486629,0.0012372894504313428,0.05,True
35,524288,1048576,3000.0,golovin_relative_error_radius_moment_6_um6_m3,0.0024725315069291432,-0.0024298304508847727,0.007374893464743059,0.05,True
35,524288,1048576,3600.0,ensemble_mean_l1_bins_500,0.0010994792830759216,0.0007294252234807352,0.0037299716776442323,0.01,True
35,524288,1048576,3600.0,golovin_relative_error_radius_moment_0_m3,0.00019295888261293247,-0.0008531316687641255,0.0012390494339899903,0.05,True
35,524288,1048576,3600.0,golovin_relative_error_radius_moment_6_um6_m3,0.002438405528546057,-0.003905849950034175,0.00878266100712629,0.05,True
36,4096,8192,600.0,ensemble_mean_l1_bins_500,0.010646443679656024,0.004265354409816414,0.028142005806636554,0.01,False
36,4096,8192,600.0,golovin_relative_error_radius_moment_0_m3,0.002918019986929295,-0.0063188592426368095,0.012154899216495398,0.05,True
36,4096,8192,600.0,golovin_relative_error_radius_moment_6_um6_m3,-0.009391378343555325,-0.03169541521151358,0.012912658524402931,0.05,True
36,4096,8192,1200.0,ensemble_mean_l1_bins_500,0.01032932340727128,0.004247952577139517,0.028410788855457756,0.01,False
36,4096,8192,1200.0,golovin_relative_error_radius_moment_0_m3,0.0011462970863592092,-0.009297858019467262,0.01159045219218568,0.05,True
36,4096,8192,1200.0,golovin_relative_error_radius_moment_6_um6_m3,-0.009496849491848577,-0.04408920190456786,0.025095502920870705,0.05,True
36,4096,8192,1800.0,ensemble_mean_l1_bins_500,0.010539323146189473,0.004950136967661891,0.027798609735049835,0.01,False
36,4096,8192,1800.0,golovin_relative_error_radius_moment_0_m3,-0.002686110060303406,-0.014028478449207,0.008656258328600187,0.05,True
36,4096,8192,1800.0,golovin_relative_error_radius_moment_6_um6_m3,-0.005732354361670149,-0.04804764382973952,0.03658293510639923,0.05,True
36,4096,8192,2400.0,ensemble_mean_l1_bins_500,0.014121665108384713,0.007276868047628641,0.03267140818117291,0.01,False
36,4096,8192,2400.0,golovin_relative_error_radius_moment_0_m3,-0.0015882544173717438,-0.013960293826716777,0.01078378499197329,0.05,True
36,4096,8192,2400.0,golovin_relative_error_radius_moment_6_um6_m3,0.0011396646773432668,-0.04733467138888468,0.04961400074357121,0.05,True
36,4096,8192,3000.0,ensemble_mean_l1_bins_500,0.016170966190678197,0.00551288760777072,0.03607546560998906,0.01,False
36,4096,8192,3000.0,golovin_relative_error_radius_moment_0_m3,-7.9981786087523e-06,-0.012362766360354153,0.012346770003136647,0.05,True
36,4096,8192,3000.0,golovin_relative_error_radius_moment_6_um6_m3,0.009258408735591106,-0.05248547207270502,0.07100228954388724,0.05,False
36,4096,8192,3600.0,ensemble_mean_l1_bins_500,0.01523766158126355,0.008078854341814339,0.042308023754956264,0.01,False
36,4096,8192,3600.0,golovin_relative_error_radius_moment_0_m3,0.00011808026243442554,-0.012355459854594728,0.01259162037946358,0.05,True
36,4096,8192,3600.0,golovin_relative_error_radius_moment_6_um6_m3,-0.011400566122131662,-0.0818012221012155,0.059000089856952175,0.05,False
36,8192,16384,600.0,ensemble_mean_l1_bins_500,0.00447613162721236,0.0009800178587301765,0.01854591882345132,0.01,False
36,8192,16384,600.0,golovin_relative_error_radius_moment_0_m3,-0.0005037539747149311,-0.00648480245190308,0.005477294502473217,0.05,True
36,8192,16384,600.0,golovin_relative_error_radius_moment_6_um6_m3,-0.006482440720361811,-0.02476153639796832,0.011796654957244697,0.05,True
36,8192,16384,1200.0,ensemble_mean_l1_bins_500,0.011324354208979644,0.005035733705606146,0.022002204968866804,0.01,False
36,8192,16384,1200.0,golovin_relative_error_radius_moment_0_m3,-0.0025524423585875965,-0.010212124542195564,0.005107239825020371,0.05,True
36,8192,16384,1200.0,golovin_relative_error_radius_moment_6_um6_m3,0.0025103638737196702,-0.02263779074276682,0.027658518490206164,0.05,True
36,8192,16384,1800.0,ensemble_mean_l1_bins_500,0.00480244635985496,0.0023415315255601423,0.01846635570233432,0.01,False
36,8192,16384,1800.0,golovin_relative_error_radius_moment_0_m3,-0.0011936271905278305,-0.009380439562905487,0.006993185181849826,0.05,True
36,8192,16384,1800.0,golovin_relative_error_radius_moment_6_um6_m3,-0.0013483605455431504,-0.03273029969539463,0.030033578604308324,0.05,True
36,8192,16384,2400.0,ensemble_mean_l1_bins_500,0.00466168817817194,0.0020488609837409836,0.019681230629067473,0.01,False
36,8192,16384,2400.0,golovin_relative_error_radius_moment_0_m3,0.0016517359100811733,-0.007258944672466412,0.010562416492628759,0.05,True
36,8192,16384,2400.0,golovin_relative_error_radius_moment_6_um6_m3,-0.010217970884599333,-0.046612011494206206,0.026176069725007543,0.05,True
36,8192,16384,3000.0,ensemble_mean_l1_bins_500,0.012827281353564531,0.006909043270645865,0.029232079885829685,0.01,False
36,8192,16384,3000.0,golovin_relative_error_radius_moment_0_m3,0.000918970439858131,-0.0077849416563861695,0.00962288253610243,0.05,True
36,8192,16384,3000.0,golovin_relative_error_radius_moment_6_um6_m3,-0.006490784661598115,-0.04859233404409971,0.03561076472090348,0.05,True
36,8192,16384,3600.0,ensemble_mean_l1_bins_500,0.013202520108023919,0.00684549833598692,0.030969409554426786,0.01,False
36,8192,16384,3600.0,golovin_relative_error_radius_moment_0_m3,0.0010989830137686663,-0.007692835513882026,0.009890801541419358,0.05,True
36,8192,16384,3600.0,golovin_relative_error_radius_moment_6_um6_m3,0.009531054400332403,-0.04569889095044136,0.06476099975110616,0.05,False
36,16384,32768,600.0,ensemble_mean_l1_bins_500,0.006161136760722852,0.0028858437507478674,0.015199878419432917,0.01,False
36,16384,32768,600.0,golovin_relative_error_radius_moment_0_m3,-8.014604561796591e-05,-0.004086126756771331,0.0039258346655354,0.05,True
36,16384,32768,600.0,golovin_relative_error_radius_moment_6_um6_m3,0.01173651583644503,-0.0016990883034094118,0.02517211997629947,0.05,True
36,16384,32768,1200.0,ensemble_mean_l1_bins_500,0.005853257028353542,0.003477059846213038,0.01510749012416983,0.01,False
36,16384,32768,1200.0,golovin_relative_error_radius_moment_0_m3,0.0040571288564103655,-0.0008074238492229496,0.00892168156204368,0.05,True
36,16384,32768,1200.0,golovin_relative_error_radius_moment_6_um6_m3,0.009304513644161018,-0.01018406285736115,0.028793090145683188,0.05,True
36,16384,32768,1800.0,ensemble_mean_l1_bins_500,0.0072090668655704175,0.0036968573933484662,0.014862410664407286,0.01,False
36,16384,32768,1800.0,golovin_relative_error_radius_moment_0_m3,0.0034602455734436075,-0.0023852769197395887,0.009305768066626804,0.05,True
36,16384,32768,1800.0,golovin_relative_error_radius_moment_6_um6_m3,0.007117916265123314,-0.015624815740816783,0.02986064827106341,0.05,True
36,16384,32768,2400.0,ensemble_mean_l1_bins_500,0.00751030049743337,0.004218481529299592,0.016727037362116795,0.01,False
36,16384,32768,2400.0,golovin_relative_error_radius_moment_0_m3,0.0024852759826798354,-0.003409792234316481,0.008380344199676152,0.05,True
36,16384,32768,2400.0,golovin_relative_error_radius_moment_6_um6_m3,0.009559972069699996,-0.01520515116148198,0.03432509530088197,0.05,True
36,16384,32768,3000.0,ensemble_mean_l1_bins_500,0.0021359369937048803,0.00036845858898889623,0.015439442535244673,0.01,False
36,16384,32768,3000.0,golovin_relative_error_radius_moment_0_m3,0.002119471252625711,-0.00391648784611659,0.008155430351368011,0.05,True
36,16384,32768,3000.0,golovin_relative_error_radius_moment_6_um6_m3,0.007043881161207308,-0.02220510030088891,0.03629286262330352,0.05,True
36,16384,32768,3600.0,ensemble_mean_l1_bins_500,0.005348978564942396,0.002715018438450493,0.019759532503446645,0.01,False
36,16384,32768,3600.0,golovin_relative_error_radius_moment_0_m3,0.002085467647579744,-0.004029807504639654,0.00820074279979914,0.05,True
36,16384,32768,3600.0,golovin_relative_error_radius_moment_6_um6_m3,-0.006194628109735574,-0.04439209594587747,0.03200283972640632,0.05,True
36,32768,65536,600.0,ensemble_mean_l1_bins_500,0.004128061565405553,0.0015775702779158621,0.010280169203824479,0.01,False
36,32768,65536,600.0,golovin_relative_error_radius_moment_0_m3,0.002110027418174125,-0.0008375584045366121,0.005057613240884862,0.05,True
36,32768,65536,600.0,golovin_relative_error_radius_moment_6_um6_m3,-0.005308097953690396,-0.013648516501054406,0.0030323205936736127,0.05,True
36,32768,65536,1200.0,ensemble_mean_l1_bins_500,0.0033165862281304154,0.0011870539225210031,0.00969477041167261,0.01,True
36,32768,65536,1200.0,golovin_relative_error_radius_moment_0_m3,-0.00021531732888159017,-0.004043705939669646,0.003613071281906466,0.05,True
36,32768,65536,1200.0,golovin_relative_error_radius_moment_6_um6_m3,-0.005829066211151308,-0.018706362655550465,0.007048230233247848,0.05,True
36,32768,65536,1800.0,ensemble_mean_l1_bins_500,0.0022106959658821177,0.0011426897341200162,0.009162191411330392,0.01,True
36,32768,65536,1800.0,golovin_relative_error_radius_moment_0_m3,-0.0005116366193819945,-0.004862887009008775,0.003839613770244786,0.05,True
36,32768,65536,1800.0,golovin_relative_error_radius_moment_6_um6_m3,-0.004109276868206422,-0.019510930166264054,0.011292376429851212,0.05,True
36,32768,65536,2400.0,ensemble_mean_l1_bins_500,0.0029214316708307247,0.001139113015710273,0.009915443252354323,0.01,True
36,32768,65536,2400.0,golovin_relative_error_radius_moment_0_m3,-0.0008068765792259502,-0.005266405917760161,0.0036526527593082614,0.05,True
36,32768,65536,2400.0,golovin_relative_error_radius_moment_6_um6_m3,-0.006609878357270577,-0.024966616404838462,0.011746859690297307,0.05,True
36,32768,65536,3000.0,ensemble_mean_l1_bins_500,0.005770418455639723,0.0033298337696515,0.013705417482019923,0.01,False
36,32768,65536,3000.0,golovin_relative_error_radius_moment_0_m3,-0.000476973385106203,-0.0051065524759223,0.0041526057057098935,0.05,True
36,32768,65536,3000.0,golovin_relative_error_radius_moment_6_um6_m3,-0.0059289581581573264,-0.027601007965736824,0.015743091649422173,0.05,True
36,32768,65536,3600.0,ensemble_mean_l1_bins_500,0.005294262234892724,0.002029938481414017,0.014611223126221708,0.01,False
36,32768,65536,3600.0,golovin_relative_error_radius_moment_0_m3,-0.0006184310353840617,-0.005233825265382789,0.003996963194614665,0.05,True
36,32768,65536,3600.0,golovin_relative_error_radius_moment_6_um6_m3,-0.005842607661894012,-0.030253216972593665,0.018568001648805642,0.05,True
36,65536,131072,600.0,ensemble_mean_l1_bins_500,0.0022743987140059945,0.0011807766409556153,0.007282164722649054,0.01,True
36,65536,131072,600.0,golovin_relative_error_radius_moment_0_m3,-0.0022571724052171806,-0.0043718529384695025,-0.00014249187196485862,0.05,True
36,65536,131072,600.0,golovin_relative_error_radius_moment_6_um6_m3,-0.0003480841588496531,-0.005976939976114076,0.00528077165841477,0.05,True
36,65536,131072,1200.0,ensemble_mean_l1_bins_500,0.0018120146021446447,0.00047548850772609086,0.0068519767203547135,0.01,True
36,65536,131072,1200.0,golovin_relative_error_radius_moment_0_m3,-0.002388720251492169,-0.0052154188576201965,0.00043797835463585877,0.05,True
36,65536,131072,1200.0,golovin_relative_error_radius_moment_6_um6_m3,0.003932841125203463,-0.004259564066551575,0.012125246316958502,0.05,True
36,65536,131072,1800.0,ensemble_mean_l1_bins_500,0.0029760395838790577,0.0018660866973085925,0.0074930827901060065,0.01,True
36,65536,131072,1800.0,golovin_relative_error_radius_moment_0_m3,-0.0017948561576964827,-0.004899758685438526,0.0013100463700455602,0.05,True
36,65536,131072,1800.0,golovin_relative_error_radius_moment_6_um6_m3,0.0024392991328900473,-0.007280543284057795,0.012159141549837889,0.05,True
36,65536,131072,2400.0,ensemble_mean_l1_bins_500,0.002915254703770369,0.0014382943292960261,0.00759073633868808,0.01,True
36,65536,131072,2400.0,golovin_relative_error_radius_moment_0_m3,-0.0012539710839893203,-0.004517589433958668,0.0020096472659800278,0.05,True
36,65536,131072,2400.0,golovin_relative_error_radius_moment_6_um6_m3,0.0016295257509943118,-0.010136021278373248,0.013395072780361872,0.05,True
36,65536,131072,3000.0,ensemble_mean_l1_bins_500,0.00402507820412765,0.0021640489090549156,0.009411268367407718,0.01,True
36,65536,131072,3000.0,golovin_relative_error_radius_moment_0_m3,-0.0009783010397904968,-0.004280800906238974,0.0023241988266579803,0.05,True
36,65536,131072,3000.0,golovin_relative_error_radius_moment_6_um6_m3,0.0033484677999073243,-0.009534973334085595,0.016231908933900245,0.05,True
36,65536,131072,3600.0,ensemble_mean_l1_bins_500,0.005604289643961436,0.002713730901334094,0.011563806954995443,0.01,False
36,65536,131072,3600.0,golovin_relative_error_radius_moment_0_m3,-0.0008456269565198626,-0.004167738704873335,0.0024764847918336092,0.05,True
36,65536,131072,3600.0,golovin_relative_error_radius_moment_6_um6_m3,0.010087571690162656,-0.005068089747637821,0.025243233127963133,0.05,True
36,131072,262144,600.0,ensemble_mean_l1_bins_500,0.002497011719437583,0.0010914433702416723,0.005359071336615062,0.01,True
36,131072,262144,600.0,golovin_relative_error_radius_moment_0_m3,0.00016382287507628714,-0.0012190579830615358,0.00154670373321411,0.05,True
36,131072,262144,600.0,golovin_relative_error_radius_moment_6_um6_m3,0.0008865077998372172,-0.0032992000187036085,0.005072215618378043,0.05,True
36,131072,262144,1200.0,ensemble_mean_l1_bins_500,0.0008464294219957093,0.0003583592367689688,0.004476904955222616,0.01,True
36,131072,262144,1200.0,golovin_relative_error_radius_moment_0_m3,-8.657924200521582e-05,-0.0019126252452156677,0.001739466761205236,0.05,True
36,131072,262144,1200.0,golovin_relative_error_radius_moment_6_um6_m3,7.791571862661006e-06,-0.006209275936188637,0.00622485907991396,0.05,True
36,131072,262144,1800.0,ensemble_mean_l1_bins_500,0.0012721035654429773,0.0002514362658366328,0.004053864578113778,0.01,True
36,131072,262144,1800.0,golovin_relative_error_radius_moment_0_m3,0.0002146955392887162,-0.001943398950291643,0.002372790028869075,0.05,True
36,131072,262144,1800.0,golovin_relative_error_radius_moment_6_um6_m3,0.0013788689827167588,-0.005416133124252671,0.008173871089686188,0.05,True
36,131072,262144,2400.0,ensemble_mean_l1_bins_500,0.001735620714457784,0.0008759733809235843,0.005175458646241983,0.01,True
36,131072,262144,2400.0,golovin_relative_error_radius_moment_0_m3,-4.2403988575356226e-07,-0.002219301099503902,0.0022184530197323945,0.05,True
36,131072,262144,2400.0,golovin_relative_error_radius_moment_6_um6_m3,0.0014596419037190356,-0.00753195134144696,0.010451235148885032,0.05,True
36,131072,262144,3000.0,ensemble_mean_l1_bins_500,0.0027775652188570202,0.0013694868610669118,0.006820582214838027,0.01,True
36,131072,262144,3000.0,golovin_relative_error_radius_moment_0_m3,-0.00038104480703589957,-0.0026319411371928943,0.0018698515231210951,0.05,True
36,131072,262144,3000.0,golovin_relative_error_radius_moment_6_um6_m3,-0.0016255043479852008,-0.011268194653704896,0.008017185957734494,0.05,True
36,131072,262144,3600.0,ensemble_mean_l1_bins_500,0.0017254934217523984,0.0007934285913781228,0.007168080737124244,0.01,True
36,131072,262144,3600.0,golovin_relative_error_radius_moment_0_m3,-0.0005136906947181564,-0.002816365012803529,0.001788983623367216,0.05,True
36,131072,262144,3600.0,golovin_relative_error_radius_moment_6_um6_m3,-0.0049779613673325345,-0.016533744021775446,0.006577821287110376,0.05,True
36,262144,524288,600.0,ensemble_mean_l1_bins_500,0.0007355156887138433,0.00015939763732836384,0.0031836701145336464,0.01,True
36,262144,524288,600.0,golovin_relative_error_radius_moment_0_m3,0.00040141646928275597,-0.0005284133256650955,0.0013312462642306074,0.05,True
36,262144,524288,600.0,golovin_relative_error_radius_moment_6_um6_m3,-0.0014727588055359676,-0.004316896973272068,0.0013713793622001326,0.05,True
36,262144,524288,1200.0,ensemble_mean_l1_bins_500,0.0017338786552034127,0.0008071656163505903,0.003563279474417051,0.01,True
36,262144,524288,1200.0,golovin_relative_error_radius_moment_0_m3,0.0004847951379755466,-0.0006397004041101496,0.001609290680061243,0.05,True
36,262144,524288,1200.0,golovin_relative_error_radius_moment_6_um6_m3,-0.0025171231595888036,-0.007040704950789771,0.0020064586316121636,0.05,True
36,262144,524288,1800.0,ensemble_mean_l1_bins_500,6.46959507032141e-05,-0.0003438835365245536,0.0023487690846396513,0.01,True
36,262144,524288,1800.0,golovin_relative_error_radius_moment_0_m3,0.0003837102741382026,-0.0009071489241872519,0.001674569472463657,0.05,True
36,262144,524288,1800.0,golovin_relative_error_radius_moment_6_um6_m3,-0.00348228201715288,-0.008639471007439808,0.001674906973134049,0.05,True
36,262144,524288,2400.0,ensemble_mean_l1_bins_500,0.0006598738745946893,0.00035558265400670677,0.0032401954457222477,0.01,True
36,262144,524288,2400.0,golovin_relative_error_radius_moment_0_m3,0.0004035918554146756,-0.000961891876549604,0.001769075587378955,0.05,True
36,262144,524288,2400.0,golovin_relative_error_radius_moment_6_um6_m3,-0.0037443082844848875,-0.010128530155782347,0.002639913586812572,0.05,True
36,262144,524288,3000.0,ensemble_mean_l1_bins_500,0.001516543545350411,0.0007249557318683294,0.0043660098064227625,0.01,True
36,262144,524288,3000.0,golovin_relative_error_radius_moment_0_m3,0.0007277641279180336,-0.0006513560303575686,0.002106884286193636,0.05,True
36,262144,524288,3000.0,golovin_relative_error_radius_moment_6_um6_m3,-0.0038374098021472934,-0.011003667847087917,0.0033288482427933307,0.05,True
36,262144,524288,3600.0,ensemble_mean_l1_bins_500,0.0032703426268106423,0.0016164156250599885,0.006199043220029148,0.01,True
36,262144,524288,3600.0,golovin_relative_error_radius_moment_0_m3,0.0007689713332399318,-0.0006200835684680062,0.0021580262349478697,0.05,True
36,262144,524288,3600.0,golovin_relative_error_radius_moment_6_um6_m3,-0.005357345645719678,-0.014493039872209419,0.003778348580770064,0.05,True
36,524288,1048576,600.0,ensemble_mean_l1_bins_500,0.0010780850054800933,0.0005258661037574488,0.0026193328581856187,0.01,True
36,524288,1048576,600.0,golovin_relative_error_radius_moment_0_m3,-8.31498148549792e-05,-0.0007916280846089694,0.000625328454899011,0.05,True
36,524288,1048576,600.0,golovin_relative_error_radius_moment_6_um6_m3,0.0012328279854281511,-0.0006078081806377047,0.003073464151494007,0.05,True
36,524288,1048576,1200.0,ensemble_mean_l1_bins_500,0.0009844293107363067,0.0004903136869192278,0.0025870358937881807,0.01,True
36,524288,1048576,1200.0,golovin_relative_error_radius_moment_0_m3,0.0004598926614633192,-0.00042225572774760297,0.0013420410506742415,0.05,True
36,524288,1048576,1200.0,golovin_relative_error_radius_moment_6_um6_m3,0.0014552631040591346,-0.0015157545570536855,0.004426280765171955,0.05,True
36,524288,1048576,1800.0,ensemble_mean_l1_bins_500,0.0010559623399274479,0.0004078188594552654,0.002307623371448486,0.01,True
36,524288,1048576,1800.0,golovin_relative_error_radius_moment_0_m3,0.00044236324496952587,-0.0005187999517767842,0.001403526441715836,0.05,True
36,524288,1048576,1800.0,golovin_relative_error_radius_moment_6_um6_m3,0.001893796506546459,-0.0013105276685754252,0.005098120681668343,0.05,True
36,524288,1048576,2400.0,ensemble_mean_l1_bins_500,0.0007962183811570352,0.00045237649356570593,0.00203555855134255,0.01,True
36,524288,1048576,2400.0,golovin_relative_error_radius_moment_0_m3,0.0002887796449694635,-0.0007261386725388721,0.0013036979624777992,0.05,True
36,524288,1048576,2400.0,golovin_relative_error_radius_moment_6_um6_m3,0.0021344281150293297,-0.0017527590447643268,0.0060216152748229865,0.05,True
36,524288,1048576,3000.0,ensemble_mean_l1_bins_500,0.0008141929583655801,0.00025312842677730765,0.0028168575717690218,0.01,True
36,524288,1048576,3000.0,golovin_relative_error_radius_moment_0_m3,0.00020163086389133998,-0.0008189911693722957,0.0012222528971549756,0.05,True
36,524288,1048576,3000.0,golovin_relative_error_radius_moment_6_um6_m3,0.0024725315069291432,-0.0023584060242591034,0.007303469038117389,0.05,True
36,524288,1048576,3600.0,ensemble_mean_l1_bins_500,0.0010994792830759216,0.0007508002557592035,0.0037021891421738116,0.01,True
36,524288,1048576,3600.0,golovin_relative_error_radius_moment_0_m3,0.00019295888261293247,-0.0008379321513675446,0.0012238499165934094,0.05,True
36,524288,1048576,3600.0,golovin_relative_error_radius_moment_6_um6_m3,0.002438405528546057,-0.003813441809060141,0.008690252866152255,0.05,True
37,4096,8192,600.0,ensemble_mean_l1_bins_500,0.010646443679656024,0.00427608996634231,0.027921188947101577,0.01,False
37,4096,8192,600.0,golovin_relative_error_radius_moment_0_m3,0.002918019986929295,-0.006187982586558243,0.012024022560416832,0.05,True
37,4096,8192,600.0,golovin_relative_error_radius_moment_6_um6_m3,-0.009391378343555325,-0.03138085080516592,0.012598094118055271,0.05,True
37,4096,8192,1200.0,ensemble_mean_l1_bins_500,0.01032932340727128,0.004420278252351222,0.028074113567899055,0.01,False
37,4096,8192,1200.0,golovin_relative_error_radius_moment_0_m3,0.0011462970863592092,-0.009150525007947677,0.011443119180666095,0.05,True
37,4096,8192,1200.0,golovin_relative_error_radius_moment_6_um6_m3,-0.009496849491848577,-0.04359956675894765,0.024605867775250492,0.05,True
37,4096,8192,1800.0,ensemble_mean_l1_bins_500,0.010539323146189473,0.004790913055300747,0.02744329325222913,0.01,False
37,4096,8192,1800.0,golovin_relative_error_radius_moment_0_m3,-0.002686110060303406,-0.013868217120227714,0.0084959969996209,0.05,True
37,4096,8192,1800.0,golovin_relative_error_radius_moment_6_um6_m3,-0.005732354361670149,-0.047449800307813116,0.03598509158447282,0.05,True
37,4096,8192,2400.0,ensemble_mean_l1_bins_500,0.014121665108384713,0.0074008137732796565,0.03227609127669427,0.01,False
37,4096,8192,2400.0,golovin_relative_error_radius_moment_0_m3,-0.0015882544173717438,-0.013785612848488352,0.010609104013744864,0.05,True
37,4096,8192,2400.0,golovin_relative_error_radius_moment_6_um6_m3,0.0011396646773432668,-0.04665092432420245,0.04893025367888898,0.05,True
37,4096,8192,3000.0,ensemble_mean_l1_bins_500,0.016170966190678197,0.005636730332998306,0.0358731438626118,0.01,False
37,4096,8192,3000.0,golovin_relative_error_radius_moment_0_m3,-7.9981786087523e-06,-0.01218816894792174,0.012172172590704237,0.05,True
37,4096,8192,3000.0,golovin_relative_error_radius_moment_6_um6_m3,0.009258408735591106,-0.05161226169269798,0.0701290791638802,0.05,False
37,4096,8192,3600.0,ensemble_mean_l1_bins_500,0.01523766158126355,0.008118046324831209,0.041800184337071465,0.01,False
37,4096,8192,3600.0,golovin_relative_error_radius_moment_0_m3,0.00011808026243442554,-0.012179162629655262,0.012415323154524115,0.05,True
37,4096,8192,3600.0,golovin_relative_error_radius_moment_6_um6_m3,-0.011400566122131662,-0.0808083148898089,0.05800718264554557,0.05,False
37,8192,16384,600.0,ensemble_mean_l1_bins_500,0.00447613162721236,0.0011558365275509959,0.01827781409892818,0.01,False
37,8192,16384,600.0,golovin_relative_error_radius_moment_0_m3,-0.0005037539747149311,-0.006400041201228941,0.005392533251799079,0.05,True
37,8192,16384,600.0,golovin_relative_error_radius_moment_6_um6_m3,-0.006482440720361811,-0.024503590697528464,0.011538709256804842,0.05,True
37,8192,16384,1200.0,ensemble_mean_l1_bins_500,0.011324354208979644,0.005046997173583975,0.021779548324599364,0.01,False
37,8192,16384,1200.0,golovin_relative_error_radius_moment_0_m3,-0.0025524423585875965,-0.010103268368361326,0.004998383651186134,0.05,True
37,8192,16384,1200.0,golovin_relative_error_radius_moment_6_um6_m3,0.0025103638737196702,-0.022283074101876674,0.027303801849316016,0.05,True
37,8192,16384,1800.0,ensemble_mean_l1_bins_500,0.00480244635985496,0.0023925313227564113,0.018259033983176517,0.01,False
37,8192,16384,1800.0,golovin_relative_error_radius_moment_0_m3,-0.0011936271905278305,-0.00926458601358737,0.00687733163253171,0.05,True
37,8192,16384,1800.0,golovin_relative_error_radius_moment_6_um6_m3,-0.0013483605455431504,-0.03228687599986195,0.029590154908775652,0.05,True
37,8192,16384,2400.0,ensemble_mean_l1_bins_500,0.00466168817817194,0.0020266931990419964,0.01934067500617803,0.01,False
37,8192,16384,2400.0,golovin_relative_error_radius_moment_0_m3,0.0016517359100811733,-0.007132544421182966,0.010436016241345313,0.05,True
37,8192,16384,2400.0,golovin_relative_error_radius_moment_6_um6_m3,-0.010217970884599333,-0.04609578480273356,0.0256598430335349,0.05,True
37,8192,16384,3000.0,ensemble_mean_l1_bins_500,0.012827281353564531,0.00701143300116941,0.028537315490845563,0.01,False
37,8192,16384,3000.0,golovin_relative_error_radius_moment_0_m3,0.000918970439858131,-0.007661599649252978,0.009499540528969239,0.05,True
37,8192,16384,3000.0,golovin_relative_error_radius_moment_6_um6_m3,-0.006490784661598115,-0.04799531908432352,0.03501374976112729,0.05,True
37,8192,16384,3600.0,ensemble_mean_l1_bins_500,0.013202520108023919,0.00681357887041659,0.03085374125240148,0.01,False
37,8192,16384,3600.0,golovin_relative_error_radius_moment_0_m3,0.0010989830137686663,-0.007568295622159174,0.009766261649696507,0.05,True
37,8192,16384,3600.0,golovin_relative_error_radius_moment_6_um6_m3,0.009531054400332403,-0.04491781891371107,0.06397992771437588,0.05,False
37,16384,32768,600.0,ensemble_mean_l1_bins_500,0.006161136760722852,0.002851152739404343,0.01507895565702342,0.01,False
37,16384,32768,600.0,golovin_relative_error_radius_moment_0_m3,-8.014604561796591e-05,-0.0040295124505227275,0.003869220359286796,0.05,True
37,16384,32768,600.0,golovin_relative_error_radius_moment_6_um6_m3,0.01173651583644503,-0.001508481636699482,0.024981513309589545,0.05,True
37,16384,32768,1200.0,ensemble_mean_l1_bins_500,0.005853257028353542,0.003555573444628776,0.014924006631479055,0.01,False
37,16384,32768,1200.0,golovin_relative_error_radius_moment_0_m3,0.0040571288564103655,-0.0007387737652872249,0.008853031478107957,0.05,True
37,16384,32768,1200.0,golovin_relative_error_radius_moment_6_um6_m3,0.009304513644161018,-0.009908315776214689,0.028517343064536724,0.05,True
37,16384,32768,1800.0,ensemble_mean_l1_bins_500,0.0072090668655704175,0.003702347177492134,0.014727675011757842,0.01,False
37,16384,32768,1800.0,golovin_relative_error_radius_moment_0_m3,0.0034602455734436075,-0.00230274647421249,0.009223237621099705,0.05,True
37,16384,32768,1800.0,golovin_relative_error_radius_moment_6_um6_m3,0.007117916265123314,-0.015303092343896638,0.029538924874143266,0.05,True
37,16384,32768,2400.0,ensemble_mean_l1_bins_500,0.00751030049743337,0.004360351030584172,0.016575827600624978,0.01,False
37,16384,32768,2400.0,golovin_relative_error_radius_moment_0_m3,0.0024852759826798354,-0.0033265505231398814,0.008297102488499552,0.05,True
37,16384,32768,2400.0,golovin_relative_error_radius_moment_6_um6_m3,0.009559972069699996,-0.014855815922280073,0.033975760061680065,0.05,True
37,16384,32768,3000.0,ensemble_mean_l1_bins_500,0.0021359369937048803,0.0003928746717561976,0.015214817098277666,0.01,False
37,16384,32768,3000.0,golovin_relative_error_radius_moment_0_m3,0.002119471252625711,-0.003831316425095313,0.008070258930346736,0.05,True
37,16384,32768,3000.0,golovin_relative_error_radius_moment_6_um6_m3,0.007043881161207308,-0.021792667018939692,0.03588042934135431,0.05,True
37,16384,32768,3600.0,ensemble_mean_l1_bins_500,0.005348978564942396,0.0026056560113967516,0.01942239731768628,0.01,False
37,16384,32768,3600.0,golovin_relative_error_radius_moment_0_m3,0.002085467647579744,-0.003943487211137883,0.008114422506297372,0.05,True
37,16384,32768,3600.0,golovin_relative_error_radius_moment_6_um6_m3,-0.006194628109735574,-0.043851065011104993,0.03146180879163384,0.05,True
37,32768,65536,600.0,ensemble_mean_l1_bins_500,0.004128061565405553,0.001526470205583006,0.010209739484313364,0.01,False
37,32768,65536,600.0,golovin_relative_error_radius_moment_0_m3,0.002110027418174125,-0.0007959146308090526,0.005015969467157303,0.05,True
37,32768,65536,600.0,golovin_relative_error_radius_moment_6_um6_m3,-0.005308097953690396,-0.013530271035917342,0.0029140751285365507,0.05,True
37,32768,65536,1200.0,ensemble_mean_l1_bins_500,0.0033165862281304154,0.0012091222470593211,0.009559365760887175,0.01,True
37,32768,65536,1200.0,golovin_relative_error_radius_moment_0_m3,-0.00021531732888159017,-0.003989654055517688,0.0035590193977545074,0.05,True
37,32768,65536,1200.0,golovin_relative_error_radius_moment_6_um6_m3,-0.005829066211151308,-0.01852347052467007,0.006865338102367454,0.05,True
37,32768,65536,1800.0,ensemble_mean_l1_bins_500,0.0022106959658821177,0.0011556148462273576,0.009059345515789142,0.01,True
37,32768,65536,1800.0,golovin_relative_error_radius_moment_0_m3,-0.0005116366193819945,-0.004801321856343682,0.0037780486175796922,0.05,True
37,32768,65536,1800.0,golovin_relative_error_radius_moment_6_um6_m3,-0.004109276868206422,-0.019292564007736546,0.011074010271323702,0.05,True
37,32768,65536,2400.0,ensemble_mean_l1_bins_500,0.0029214316708307247,0.0011736119671584356,0.00981159007589334,0.01,True
37,32768,65536,2400.0,golovin_relative_error_radius_moment_0_m3,-0.0008068765792259502,-0.005203392257393233,0.003589639098941333,0.05,True
37,32768,65536,2400.0,golovin_relative_error_radius_moment_6_um6_m3,-0.006609878357270577,-0.024705960691815625,0.01148620397727447,0.05,True
37,32768,65536,3000.0,ensemble_mean_l1_bins_500,0.005770418455639723,0.0033117027458865653,0.013546884128711013,0.01,False
37,32768,65536,3000.0,golovin_relative_error_radius_moment_0_m3,-0.000476973385106203,-0.005041080478374924,0.004087133708162517,0.05,True
37,32768,65536,3000.0,golovin_relative_error_radius_moment_6_um6_m3,-0.0059289581581573264,-0.027292638198528407,0.015434721882213755,0.05,True
37,32768,65536,3600.0,ensemble_mean_l1_bins_500,0.005294262234892724,0.0020745704671455076,0.014445695641641202,0.01,False
37,32768,65536,3600.0,golovin_relative_error_radius_moment_0_m3,-0.0006184310353840617,-0.005168545923349147,0.003931683852581023,0.05,True
37,32768,65536,3600.0,golovin_relative_error_radius_moment_6_um6_m3,-0.005842607661894012,-0.02990650192040255,0.01822128659661453,0.05,True
37,65536,131072,600.0,ensemble_mean_l1_bins_500,0.0022743987140059945,0.0011921433962354764,0.007183631527342018,0.01,True
37,65536,131072,600.0,golovin_relative_error_radius_moment_0_m3,-0.0022571724052171806,-0.00434190667110834,-0.0001724381393260208,0.05,True
37,65536,131072,600.0,golovin_relative_error_radius_moment_6_um6_m3,-0.0003480841588496531,-0.0058974697714660055,0.005201301453766699,0.05,True
37,65536,131072,1200.0,ensemble_mean_l1_bins_500,0.0018120146021446447,0.0004783846108985068,0.0067446847610502314,0.01,True
37,65536,131072,1200.0,golovin_relative_error_radius_moment_0_m3,-0.002388720251492169,-0.005175402102024745,0.0003979615990404076,0.05,True
37,65536,131072,1200.0,golovin_relative_error_radius_moment_6_um6_m3,0.003932841125203463,-0.004143866600544147,0.012009548850951074,0.05,True
37,65536,131072,1800.0,ensemble_mean_l1_bins_500,0.0029760395838790577,0.0018236354294364737,0.007381184756154991,0.01,True
37,65536,131072,1800.0,golovin_relative_error_radius_moment_0_m3,-0.0017948561576964827,-0.004855909595478852,0.0012661972800858874,0.05,True
37,65536,131072,1800.0,golovin_relative_error_radius_moment_6_um6_m3,0.0024392991328900473,-0.007142722465243443,0.012021320731023537,0.05,True
37,65536,131072,2400.0,ensemble_mean_l1_bins_500,0.002915254703770369,0.0014767440569424689,0.007459128954571343,0.01,True
37,65536,131072,2400.0,golovin_relative_error_radius_moment_0_m3,-0.0012539710839893203,-0.004471451743892574,0.0019635095759139337,0.05,True
37,65536,131072,2400.0,golovin_relative_error_radius_moment_6_um6_m3,0.0016295257509943118,-0.00996986815833731,0.013228919660325933,0.05,True
37,65536,131072,3000.0,ensemble_mean_l1_bins_500,0.00402507820412765,0.002168495950991439,0.009356521542537678,0.01,True
37,65536,131072,3000.0,golovin_relative_error_radius_moment_0_m3,-0.0009783010397904968,-0.004234122359323339,0.0022775202797423455,0.05,True
37,65536,131072,3000.0,golovin_relative_error_radius_moment_6_um6_m3,0.0033484677999073243,-0.00935289699878588,0.016049832598600527,0.05,True
37,65536,131072,3600.0,ensemble_mean_l1_bins_500,0.005604289643961436,0.002692852426461123,0.011508148440723422,0.01,False
37,65536,131072,3600.0,golovin_relative_error_radius_moment_0_m3,-0.0008456269565198626,-0.004120815699331279,0.002429561786291554,0.05,True
37,65536,131072,3600.0,golovin_relative_error_radius_moment_6_um6_m3,0.010087571690162656,-0.004853784641759538,0.02502892802208485,0.05,True
37,131072,262144,600.0,ensemble_mean_l1_bins_500,0.002497011719437583,0.0011291718499292776,0.005289375896735346,0.01,True
37,131072,262144,600.0,golovin_relative_error_radius_moment_0_m3,0.00016382287507628714,-0.0011994483389845517,0.001527094089137126,0.05,True
37,131072,262144,600.0,golovin_relative_error_radius_moment_6_um6_m3,0.0008865077998372172,-0.0032399704840995894,0.005012986083774024,0.05,True
37,131072,262144,1200.0,ensemble_mean_l1_bins_500,0.0008464294219957093,0.0003739866093119654,0.0044035369608742495,0.01,True
37,131072,262144,1200.0,golovin_relative_error_radius_moment_0_m3,-8.657924200521582e-05,-0.0018866743966223579,0.0017135159126119262,0.05,True
37,131072,262144,1200.0,golovin_relative_error_radius_moment_6_um6_m3,7.791571862661006e-06,-0.006121466273894573,0.006137049417619894,0.05,True
37,131072,262144,1800.0,ensemble_mean_l1_bins_500,0.0012721035654429773,0.0002607597639365471,0.004022080804471873,0.01,True
37,131072,262144,1800.0,golovin_relative_error_radius_moment_0_m3,0.0002146955392887162,-0.0019127010234646366,0.002342092102042069,0.05,True
37,131072,262144,1800.0,golovin_relative_error_radius_moment_6_um6_m3,0.0013788689827167588,-0.005320328534900854,0.008078066500334371,0.05,True
37,131072,262144,2400.0,ensemble_mean_l1_bins_500,0.001735620714457784,0.0008869928646424862,0.005131489829676312,0.01,True
37,131072,262144,2400.0,golovin_relative_error_radius_moment_0_m3,-4.2403988575356226e-07,-0.002187787968004172,0.0021869398882326647,0.05,True
37,131072,262144,2400.0,golovin_relative_error_radius_moment_6_um6_m3,0.0014596419037190356,-0.0074049885818249514,0.010324272389263024,0.05,True
37,131072,262144,3000.0,ensemble_mean_l1_bins_500,0.0027775652188570202,0.0013850269453671374,0.006750034567668645,0.01,True
37,131072,262144,3000.0,golovin_relative_error_radius_moment_0_m3,-0.00038104480703589957,-0.002599959851896034,0.0018378702378242348,0.05,True
37,131072,262144,3000.0,golovin_relative_error_radius_moment_6_um6_m3,-0.0016255043479852008,-0.011132074832815652,0.00788106613684525,0.05,True
37,131072,262144,3600.0,ensemble_mean_l1_bins_500,0.0017254934217523984,0.0007914816839002877,0.007100764318628566,0.01,True
37,131072,262144,3600.0,golovin_relative_error_radius_moment_0_m3,-0.0005136906947181564,-0.002783619156208058,0.001756237766771745,0.05,True
37,131072,262144,3600.0,golovin_relative_error_radius_moment_6_um6_m3,-0.0049779613673325345,-0.01637081949451429,0.006414896759849221,0.05,True
37,262144,524288,600.0,ensemble_mean_l1_bins_500,0.0007355156887138433,0.00015006825975633097,0.0031527458049384824,0.01,True
37,262144,524288,600.0,golovin_relative_error_radius_moment_0_m3,0.00040141646928275597,-0.0005152870139335133,0.0013181199524990254,0.05,True
37,262144,524288,600.0,golovin_relative_error_radius_moment_6_um6_m3,-0.0014727588055359676,-0.00427661612839622,0.0013310985173242851,0.05,True
37,262144,524288,1200.0,ensemble_mean_l1_bins_500,0.0017338786552034127,0.0008140723474568235,0.0035349664880553223,0.01,True
37,262144,524288,1200.0,golovin_relative_error_radius_moment_0_m3,0.0004847951379755466,-0.0006238077197447671,0.0015933979956958605,0.05,True
37,262144,524288,1200.0,golovin_relative_error_radius_moment_6_um6_m3,-0.0025171231595888036,-0.006976663036796445,0.0019424167176188382,0.05,True
37,262144,524288,1800.0,ensemble_mean_l1_bins_500,6.46959507032141e-05,-0.000348671234854891,0.002303070845400085,0.01,True
37,262144,524288,1800.0,golovin_relative_error_radius_moment_0_m3,0.0003837102741382026,-0.0008889027435283131,0.0016563232918047183,0.05,True
37,262144,524288,1800.0,golovin_relative_error_radius_moment_6_um6_m3,-0.00348228201715288,-0.008566239872126525,0.001601675837820765,0.05,True
37,262144,524288,2400.0,ensemble_mean_l1_bins_500,0.0006598738745946893,0.0003471624440599793,0.0031780031577881567,0.01,True
37,262144,524288,2400.0,golovin_relative_error_radius_moment_0_m3,0.0004035918554146756,-0.0009425691547070088,0.0017497528655363598,0.05,True
37,262144,524288,2400.0,golovin_relative_error_radius_moment_6_um6_m3,-0.0037443082844848875,-0.010037868518398772,0.0025492519494289966,0.05,True
37,262144,524288,3000.0,ensemble_mean_l1_bins_500,0.001516543545350411,0.0007259553866506509,0.004324965332782713,0.01,True
37,262144,524288,3000.0,golovin_relative_error_radius_moment_0_m3,0.0007277641279180336,-0.0006318507473712802,0.0020873790032073475,0.05,True
37,262144,524288,3000.0,golovin_relative_error_radius_moment_6_um6_m3,-0.0038374098021472934,-0.010902217593396274,0.0032273979891016863,0.05,True
37,262144,524288,3600.0,ensemble_mean_l1_bins_500,0.0032703426268106423,0.0016206243050259945,0.006146841825843465,0.01,True
37,262144,524288,3600.0,golovin_relative_error_radius_moment_0_m3,0.0007689713332399318,-0.0006004502007651859,0.0021383928672450495,0.05,True
37,262144,524288,3600.0,golovin_relative_error_radius_moment_6_um6_m3,-0.005357345645719678,-0.014363756651329655,0.0036490653598903007,0.05,True
37,524288,1048576,600.0,ensemble_mean_l1_bins_500,0.0010780850054800933,0.0005400402578749518,0.002605179845919735,0.01,True
37,524288,1048576,600.0,golovin_relative_error_radius_moment_0_m3,-8.31498148549792e-05,-0.0007816156164262755,0.0006153159867163171,0.05,True
37,524288,1048576,600.0,golovin_relative_error_radius_moment_6_um6_m3,0.0012328279854281511,-0.0005816906535169562,0.003047346624373258,0.05,True
37,524288,1048576,1200.0,ensemble_mean_l1_bins_500,0.0009844293107363067,0.0004901377840013032,0.0025786496639376368,0.01,True
37,524288,1048576,1200.0,golovin_relative_error_radius_moment_0_m3,0.0004598926614633192,-0.0004098215378999501,0.0013296068608265885,0.05,True
37,524288,1048576,1200.0,golovin_relative_error_radius_moment_6_um6_m3,0.0014552631040591346,-0.0014736093171764048,0.004384135525294674,0.05,True
37,524288,1048576,1800.0,ensemble_mean_l1_bins_500,0.0010559623399274479,0.0004168041988699595,0.002291514011204232,0.01,True
37,524288,1048576,1800.0,golovin_relative_error_radius_moment_0_m3,0.00044236324496952587,-0.000505232088808236,0.0013899585787472877,0.05,True
37,524288,1048576,1800.0,golovin_relative_error_radius_moment_6_um6_m3,0.001893796506546459,-0.0012651978039799503,0.005052790817072868,0.05,True
37,524288,1048576,2400.0,ensemble_mean_l1_bins_500,0.0007962183811570352,0.00045997809022400236,0.0020118173551472297,0.01,True
37,524288,1048576,2400.0,golovin_relative_error_radius_moment_0_m3,0.0002887796449694635,-0.0007118289144967943,0.0012893882044357214,0.05,True
37,524288,1048576,2400.0,golovin_relative_error_radius_moment_6_um6_m3,0.0021344281150293297,-0.0016976960719823687,0.005966552302041028,0.05,True
37,524288,1048576,3000.0,ensemble_mean_l1_bins_500,0.0008141929583655801,0.00024372631789067992,0.002768929160201059,0.01,True
37,524288,1048576,3000.0,golovin_relative_error_radius_moment_0_m3,0.00020163086389133998,-0.0008045916253162201,0.0012078533530989,0.05,True
37,524288,1048576,3000.0,golovin_relative_error_radius_moment_6_um6_m3,0.0024725315069291432,-0.002290017741142569,0.007235080755000855,0.05,True
37,524288,1048576,3600.0,ensemble_mean_l1_bins_500,0.0010994792830759216,0.0007532376925994609,0.0036532889688426547,0.01,True
37,524288,1048576,3600.0,golovin_relative_error_radius_moment_0_m3,0.00019295888261293247,-0.0008233770250305375,0.0012092947902564023,0.05,True
37,524288,1048576,3600.0,golovin_relative_error_radius_moment_6_um6_m3,0.002438405528546057,-0.0037249608084265473,0.008601771865518661,0.05,True
38,4096,8192,600.0,ensemble_mean_l1_bins_500,0.010646443679656024,0.004357167286268657,0.027585363708360008,0.01,False
38,4096,8192,600.0,golovin_relative_error_radius_moment_0_m3,0.002918019986929295,-0.006062520371461494,0.011898560345320082,0.05,True
38,4096,8192,600.0,golovin_relative_error_radius_moment_6_um6_m3,-0.009391378343555325,-0.031079241215506065,0.012296484528395414,0.05,True
38,4096,8192,1200.0,ensemble_mean_l1_bins_500,0.01032932340727128,0.004423379722038681,0.027970364643403082,0.01,False
38,4096,8192,1200.0,golovin_relative_error_radius_moment_0_m3,0.0011462970863592092,-0.00900926104363572,0.011301855216354137,0.05,True
38,4096,8192,1200.0,golovin_relative_error_radius_moment_6_um6_m3,-0.009496849491848577,-0.043130167827050446,0.02413646884335329,0.05,True
38,4096,8192,1800.0,ensemble_mean_l1_bins_500,0.010539323146189473,0.004701822333781478,0.027140047875373306,0.01,False
38,4096,8192,1800.0,golovin_relative_error_radius_moment_0_m3,-0.002686110060303406,-0.01371456780626839,0.008342347685661576,0.05,True
38,4096,8192,1800.0,golovin_relative_error_radius_moment_6_um6_m3,-0.005732354361670149,-0.04687662050335865,0.03541191178001835,0.05,True
38,4096,8192,2400.0,ensemble_mean_l1_bins_500,0.014121665108384713,0.00748444552515549,0.031830611845454534,0.01,False
38,4096,8192,2400.0,golovin_relative_error_radius_moment_0_m3,-0.0015882544173717438,-0.013618133592791565,0.010441624758048077,0.05,True
38,4096,8192,2400.0,golovin_relative_error_radius_moment_6_um6_m3,0.0011396646773432668,-0.045995339914163866,0.04827466926885039,0.05,True
38,4096,8192,3000.0,ensemble_mean_l1_bins_500,0.016170966190678197,0.00547757093167913,0.035373248020598415,0.01,False
38,4096,8192,3000.0,golovin_relative_error_radius_moment_0_m3,-7.9981786087523e-06,-0.012020776295687003,0.0120047799384695,0.05,True
38,4096,8192,3000.0,golovin_relative_error_radius_moment_6_um6_m3,0.009258408735591106,-0.050775110488007834,0.06929192795919005,0.05,False
38,4096,8192,3600.0,ensemble_mean_l1_bins_500,0.01523766158126355,0.008216751007689543,0.04106376660214427,0.01,False
38,4096,8192,3600.0,golovin_relative_error_radius_moment_0_m3,0.00011808026243442554,-0.012010141170081775,0.012246301694950628,0.05,True
38,4096,8192,3600.0,golovin_relative_error_radius_moment_6_um6_m3,-0.011400566122131662,-0.07985629946649593,0.057055167222232604,0.05,False
38,8192,16384,600.0,ensemble_mean_l1_bins_500,0.00447613162721236,0.0010881936784036404,0.017972785831387506,0.01,False
38,8192,16384,600.0,golovin_relative_error_radius_moment_0_m3,-0.0005037539747149311,-0.00631878722743038,0.005311279278000518,0.05,True
38,8192,16384,600.0,golovin_relative_error_radius_moment_6_um6_m3,-0.006482440720361811,-0.02425627400640158,0.011291392565677957,0.05,True
38,8192,16384,1200.0,ensemble_mean_l1_bins_500,0.011324354208979644,0.005128784223433854,0.02160236442376394,0.01,False
38,8192,16384,1200.0,golovin_relative_error_radius_moment_0_m3,-0.0025524423585875965,-0.009998928876435716,0.004894044159260523,0.05,True
38,8192,16384,1200.0,golovin_relative_error_radius_moment_6_um6_m3,0.0025103638737196702,-0.021942967509795457,0.0269636952572348,0.05,True
38,8192,16384,1800.0,ensemble_mean_l1_bins_500,0.00480244635985496,0.0024054914701506737,0.017928535244786423,0.01,False
38,8192,16384,1800.0,golovin_relative_error_radius_moment_0_m3,-0.0011936271905278305,-0.009153519538090672,0.0067662651570350105,0.05,True
38,8192,16384,1800.0,golovin_relative_error_radius_moment_6_um6_m3,-0.0013483605455431504,-0.03186174753269385,0.029165026441607546,0.05,True
38,8192,16384,2400.0,ensemble_mean_l1_bins_500,0.00466168817817194,0.0019158220100116612,0.019118708460306836,0.01,False
38,8192,16384,2400.0,golovin_relative_error_radius_moment_0_m3,0.0016517359100811733,-0.007011379308834182,0.010314851128996529,0.05,True
38,8192,16384,2400.0,golovin_relative_error_radius_moment_6_um6_m3,-0.010217970884599333,-0.04560093745981548,0.025164995690616816,0.05,True
38,8192,16384,3000.0,ensemble_mean_l1_bins_500,0.012827281353564531,0.0069963377755560205,0.028517635111227423,0.01,False
38,8192,16384,3000.0,golovin_relative_error_radius_moment_0_m3,0.000918970439858131,-0.007543361055081261,0.009381301934797522,0.05,True
38,8192,16384,3000.0,golovin_relative_error_radius_moment_6_um6_m3,-0.006490784661598115,-0.0474230224469845,0.03444145312378827,0.05,True
38,8192,16384,3600.0,ensemble_mean_l1_bins_500,0.013202520108023919,0.006832739997898873,0.030577844910850395,0.01,False
38,8192,16384,3600.0,golovin_relative_error_radius_moment_0_m3,0.0010989830137686663,-0.007448906772851597,0.00964687280038893,0.05,True
38,8192,16384,3600.0,golovin_relative_error_radius_moment_6_um6_m3,0.009531054400332403,-0.044169000586931316,0.06323110938759613,0.05,False
38,16384,32768,600.0,ensemble_mean_l1_bins_500,0.006161136760722852,0.0028790855228509825,0.014918405878809497,0.01,False
38,16384,32768,600.0,golovin_relative_error_radius_moment_0_m3,-8.014604561796591e-05,-0.0039752344074581785,0.0038149423162222463,0.05,True
38,16384,32768,600.0,golovin_relative_error_radius_moment_6_um6_m3,0.01173651583644503,-0.0013257701343682565,0.024798801807258318,0.05,True
38,16384,32768,1200.0,ensemble_mean_l1_bins_500,0.005853257028353542,0.003597194884378393,0.014744372518515798,0.01,False
38,16384,32768,1200.0,golovin_relative_error_radius_moment_0_m3,0.0040571288564103655,-0.0006729526599936267,0.008787210372814358,0.05,True
38,16384,32768,1200.0,golovin_relative_error_radius_moment_6_um6_m3,0.009304513644161018,-0.009643960941043259,0.028252988229365297,0.05,True
38,16384,32768,1800.0,ensemble_mean_l1_bins_500,0.0072090668655704175,0.003752337660402534,0.01452691823287196,0.01,False
38,16384,32768,1800.0,golovin_relative_error_radius_moment_0_m3,0.0034602455734436075,-0.0022236184787084523,0.009144109625595667,0.05,True
38,16384,32768,1800.0,golovin_relative_error_radius_moment_6_um6_m3,0.007117916265123314,-0.014994657943600428,0.029230490473847057,0.05,True
38,16384,32768,2400.0,ensemble_mean_l1_bins_500,0.00751030049743337,0.004398444764662765,0.016409453743731924,0.01,False
38,16384,32768,2400.0,golovin_relative_error_radius_moment_0_m3,0.0024852759826798354,-0.003246741060088509,0.008217293025448179,0.05,True
38,16384,32768,2400.0,golovin_relative_error_radius_moment_6_um6_m3,0.009559972069699996,-0.014520869943282656,0.033640814082682644,0.05,True
38,16384,32768,3000.0,ensemble_mean_l1_bins_500,0.0021359369937048803,0.00025959884429243766,0.014953425714798182,0.01,False
38,16384,32768,3000.0,golovin_relative_error_radius_moment_0_m3,0.002119471252625711,-0.0037496544043150773,0.007988596909566499,0.05,True
38,16384,32768,3000.0,golovin_relative_error_radius_moment_6_um6_m3,0.007043881161207308,-0.02139721593093829,0.0354849782533529,0.05,True
38,16384,32768,3600.0,ensemble_mean_l1_bins_500,0.005348978564942396,0.002737857820431756,0.019039214582440435,0.01,False
38,16384,32768,3600.0,golovin_relative_error_radius_moment_0_m3,0.002085467647579744,-0.0038607248554233167,0.008031660150582804,0.05,True
38,16384,32768,3600.0,golovin_relative_error_radius_moment_6_um6_m3,-0.006194628109735574,-0.0433324093018803,0.03094315308240915,0.05,True
38,32768,65536,600.0,ensemble_mean_l1_bins_500,0.004128061565405553,0.0016125073292637942,0.010046297510510775,0.01,False
38,32768,65536,600.0,golovin_relative_error_radius_moment_0_m3,0.002110027418174125,-0.0007559888233268832,0.004976043659675133,0.05,True
38,32768,65536,600.0,golovin_relative_error_radius_moment_6_um6_m3,-0.005308097953690396,-0.013416920313163262,0.0028007244057824685,0.05,True
38,32768,65536,1200.0,ensemble_mean_l1_bins_500,0.0033165862281304154,0.0012753573813467992,0.009492272226122448,0.01,True
38,32768,65536,1200.0,golovin_relative_error_radius_moment_0_m3,-0.00021531732888159017,-0.003937830566970622,0.0035071959092074414,0.05,True
38,32768,65536,1200.0,golovin_relative_error_radius_moment_6_um6_m3,-0.005829066211151308,-0.018348162353953718,0.006690029931651103,0.05,True
38,32768,65536,1800.0,ensemble_mean_l1_bins_500,0.0022106959658821177,0.0011646261061034112,0.008912409319685675,0.01,True
38,32768,65536,1800.0,golovin_relative_error_radius_moment_0_m3,-0.0005116366193819945,-0.004742300156459175,0.0037190269176951857,0.05,True
38,32768,65536,1800.0,golovin_relative_error_radius_moment_6_um6_m3,-0.004109276868206422,-0.019083237497617263,0.010864683761204417,0.05,True
38,32768,65536,2400.0,ensemble_mean_l1_bins_500,0.0029214316708307247,0.0011978498696729222,0.009706275045377435,0.01,True
38,32768,65536,2400.0,golovin_relative_error_radius_moment_0_m3,-0.0008068765792259502,-0.005142978517565702,0.0035292253591138025,0.05,True
38,32768,65536,2400.0,golovin_relative_error_radius_moment_6_um6_m3,-0.006609878357270577,-0.024456111154712093,0.011236354440170938,0.05,True
38,32768,65536,3000.0,ensemble_mean_l1_bins_500,0.005770418455639723,0.0033756775389969075,0.013403300083720971,0.01,False
38,32768,65536,3000.0,golovin_relative_error_radius_moment_0_m3,-0.000476973385106203,-0.004978312077072211,0.004024365306859804,0.05,True
38,32768,65536,3000.0,golovin_relative_error_radius_moment_6_um6_m3,-0.0059289581581573264,-0.026997078591682766,0.015139162275368115,0.05,True
38,32768,65536,3600.0,ensemble_mean_l1_bins_500,0.005294262234892724,0.0021246003159051535,0.014252256533789216,0.01,False
38,32768,65536,3600.0,golovin_relative_error_radius_moment_0_m3,-0.0006184310353840617,-0.00510596254348801,0.0038691004727198866,0.05,True
38,32768,65536,3600.0,golovin_relative_error_radius_moment_6_um6_m3,-0.005842607661894012,-0.02957416481595999,0.017888949492171968,0.05,True
38,65536,131072,600.0,ensemble_mean_l1_bins_500,0.0022743987140059945,0.001164139956591301,0.007073024937020069,0.01,True
38,65536,131072,600.0,golovin_relative_error_radius_moment_0_m3,-0.0022571724052171806,-0.004313198631071626,-0.00020114617936273487,0.05,True
38,65536,131072,600.0,golovin_relative_error_radius_moment_6_um6_m3,-0.0003480841588496531,-0.0058212758043375045,0.005125107486638198,0.05,True
38,65536,131072,1200.0,ensemble_mean_l1_bins_500,0.0018120146021446447,0.0005297897887244521,0.006685104238373425,0.01,True
38,65536,131072,1200.0,golovin_relative_error_radius_moment_0_m3,-0.002388720251492169,-0.005137039466124366,0.00035959896314002784,0.05,True
38,65536,131072,1200.0,golovin_relative_error_radius_moment_6_um6_m3,0.003932841125203463,-0.004032940257381915,0.011898622507788842,0.05,True
38,65536,131072,1800.0,ensemble_mean_l1_bins_500,0.0029760395838790577,0.0018639791330728587,0.007304742573583094,0.01,True
38,65536,131072,1800.0,golovin_relative_error_radius_moment_0_m3,-0.0017948561576964827,-0.0048138687515597404,0.0012241564361667751,0.05,True
38,65536,131072,1800.0,golovin_relative_error_radius_moment_6_um6_m3,0.0024392991328900473,-0.007010607462774342,0.011889205728554435,0.05,True
38,65536,131072,2400.0,ensemble_mean_l1_bins_500,0.002915254703770369,0.0014712428071604982,0.007345189027385071,0.01,True
38,65536,131072,2400.0,golovin_relative_error_radius_moment_0_m3,-0.0012539710839893203,-0.004427218583465468,0.0019192764154868274,0.05,True
38,65536,131072,2400.0,golovin_relative_error_radius_moment_6_um6_m3,0.0016295257509943118,-0.009810566599199648,0.013069618101188271,0.05,True
38,65536,131072,3000.0,ensemble_mean_l1_bins_500,0.00402507820412765,0.0021654722164081122,0.009212659580124379,0.01,True
38,65536,131072,3000.0,golovin_relative_error_radius_moment_0_m3,-0.0009783010397904968,-0.004189370312025514,0.0022327682324445207,0.05,True
38,65536,131072,3000.0,golovin_relative_error_radius_moment_6_um6_m3,0.0033484677999073243,-0.009178334353648794,0.01587526995346344,0.05,True
38,65536,131072,3600.0,ensemble_mean_l1_bins_500,0.005604289643961436,0.0027149533020442615,0.011343135406079377,0.01,False
38,65536,131072,3600.0,golovin_relative_error_radius_moment_0_m3,-0.0008456269565198626,-0.004075827959343073,0.002384574046303348,0.05,True
38,65536,131072,3600.0,golovin_relative_error_radius_moment_6_um6_m3,0.010087571690162656,-0.004648327909855631,0.02482347129018094,0.05,True
38,131072,262144,600.0,ensemble_mean_l1_bins_500,0.002497011719437583,0.0011505068779234298,0.005238741812062513,0.01,True
38,131072,262144,600.0,golovin_relative_error_radius_moment_0_m3,0.00016382287507628714,-0.001180650592682704,0.0015082963428352783,0.05,True
38,131072,262144,600.0,golovin_relative_error_radius_moment_6_um6_m3,0.0008865077998372172,-0.003183188178088444,0.004956203777762879,0.05,True
38,131072,262144,1200.0,ensemble_mean_l1_bins_500,0.0008464294219957093,0.00040619838643150293,0.0043654260787671425,0.01,True
38,131072,262144,1200.0,golovin_relative_error_radius_moment_0_m3,-8.657924200521582e-05,-0.0018618002998107618,0.0016886418158003301,0.05,True
38,131072,262144,1200.0,golovin_relative_error_radius_moment_6_um6_m3,7.791571862661006e-06,-0.006037278061525184,0.0060528612052505055,0.05,True
38,131072,262144,1800.0,ensemble_mean_l1_bins_500,0.0012721035654429773,0.00026962992463343055,0.0039635852216819804,0.01,True
38,131072,262144,1800.0,golovin_relative_error_radius_moment_0_m3,0.0002146955392887162,-0.0018832779550752806,0.002312669033652713,0.05,True
38,131072,262144,1800.0,golovin_relative_error_radius_moment_6_um6_m3,0.0013788689827167588,-0.005228468346212722,0.00798620631164624,0.05,True
38,131072,262144,2400.0,ensemble_mean_l1_bins_500,0.001735620714457784,0.0008966710261910051,0.005070066721644835,0.01,True
38,131072,262144,2400.0,golovin_relative_error_radius_moment_0_m3,-4.2403988575356226e-07,-0.0021575815514768134,0.002156733471705306,0.05,True
38,131072,262144,2400.0,golovin_relative_error_radius_moment_6_um6_m3,0.0014596419037190356,-0.007283260642911785,0.010202544450349856,0.05,True
38,131072,262144,3000.0,ensemble_mean_l1_bins_500,0.0027775652188570202,0.001406481340547764,0.00668992750093805,0.01,True
38,131072,262144,3000.0,golovin_relative_error_radius_moment_0_m3,-0.00038104480703589957,-0.0025693052366842577,0.0018072156226124586,0.05,True
38,131072,262144,3000.0,golovin_relative_error_radius_moment_6_um6_m3,-0.0016255043479852008,-0.011001565912163204,0.0077505572161928014,0.05,True
38,131072,262144,3600.0,ensemble_mean_l1_bins_500,0.0017254934217523984,0.0007945130334200929,0.006998069228431629,0.01,True
38,131072,262144,3600.0,golovin_relative_error_radius_moment_0_m3,-0.0005136906947181564,-0.002752232856501519,0.0017248514670652059,0.05,True
38,131072,262144,3600.0,golovin_relative_error_radius_moment_6_um6_m3,-0.0049779613673325345,-0.01621460263810161,0.006258679903436543,0.05,True
38,262144,524288,600.0,ensemble_mean_l1_bins_500,0.0007355156887138433,0.00015810549876826038,0.0030882307532644,0.01,True
38,262144,524288,600.0,golovin_relative_error_radius_moment_0_m3,0.00040141646928275597,-0.0005027017924226385,0.0013055347309881506,0.05,True
38,262144,524288,600.0,golovin_relative_error_radius_moment_6_um6_m3,-0.0014727588055359676,-0.004238001015482074,0.0012924834044101383,0.05,True
38,262144,524288,1200.0,ensemble_mean_l1_bins_500,0.0017338786552034127,0.000837312287884877,0.0034951216367764097,0.01,True
38,262144,524288,1200.0,golovin_relative_error_radius_moment_0_m3,0.0004847951379755466,-0.0006085709005499225,0.0015781611765010159,0.05,True
38,262144,524288,1200.0,golovin_relative_error_radius_moment_6_um6_m3,-0.0025171231595888036,-0.006915268454911666,0.001881022135734059,0.05,True
38,262144,524288,1800.0,ensemble_mean_l1_bins_500,6.46959507032141e-05,-0.0003443280072389319,0.002260740018830599,0.01,True
38,262144,524288,1800.0,golovin_relative_error_radius_moment_0_m3,0.0003837102741382026,-0.0008714096440052231,0.0016388301922816283,0.05,True
38,262144,524288,1800.0,golovin_relative_error_radius_moment_6_um6_m3,-0.00348228201715288,-0.00849604480327171,0.0015314807689659512,0.05,True
38,262144,524288,2400.0,ensemble_mean_l1_bins_500,0.0006598738745946893,0.000351310316331186,0.003135325838826157,0.01,True
38,262144,524288,2400.0,golovin_relative_error_radius_moment_0_m3,0.0004035918554146756,-0.0009240448256776286,0.0017312285365069797,0.05,True
38,262144,524288,2400.0,golovin_relative_error_radius_moment_6_um6_m3,-0.0037443082844848875,-0.009950965870830702,0.0024623493018609264,0.05,True
38,262144,524288,3000.0,ensemble_mean_l1_bins_500,0.001516543545350411,0.0007581990186389105,0.004273929350258781,0.01,True
38,262144,524288,3000.0,golovin_relative_error_radius_moment_0_m3,0.0007277641279180336,-0.0006131509797239974,0.0020686792355600644,0.05,True
38,262144,524288,3000.0,golovin_relative_error_radius_moment_6_um6_m3,-0.0038374098021472934,-0.010804960838825532,0.003130141234530945,0.05,True
38,262144,524288,3600.0,ensemble_mean_l1_bins_500,0.0032703426268106423,0.0016423342168406722,0.0060960501664533056,0.01,True
38,262144,524288,3600.0,golovin_relative_error_radius_moment_0_m3,0.0007689713332399318,-0.0005816271356974029,0.0021195698021772664,0.05,True
38,262144,524288,3600.0,golovin_relative_error_radius_moment_6_um6_m3,-0.005357345645719678,-0.014239815492360537,0.0035251242009211826,0.05,True
38,524288,1048576,600.0,ensemble_mean_l1_bins_500,0.0010780850054800933,0.0005408421730581891,0.0025686205584442992,0.01,True
38,524288,1048576,600.0,golovin_relative_error_radius_moment_0_m3,-8.31498148549792e-05,-0.0007720163232649242,0.0006057166935549658,0.05,True
38,524288,1048576,600.0,golovin_relative_error_radius_moment_6_um6_m3,0.0012328279854281511,-0.0005566551492485299,0.003022311120104832,0.05,True
38,524288,1048576,1200.0,ensemble_mean_l1_bins_500,0.0009844293107363067,0.0004911648760508581,0.00253004477723383,0.01,True
38,524288,1048576,1200.0,golovin_relative_error_radius_moment_0_m3,0.0004598926614633192,-0.00039789914012444537,0.0013176844630510838,0.05,True
38,524288,1048576,1200.0,golovin_relative_error_radius_moment_6_um6_m3,0.0014552631040591346,-0.0014332096377609317,0.004343735845879201,0.05,True
38,524288,1048576,1800.0,ensemble_mean_l1_bins_500,0.0010559623399274479,0.00042157706071200353,0.0022773495338895763,0.01,True
38,524288,1048576,1800.0,golovin_relative_error_radius_moment_0_m3,0.00044236324496952587,-0.0004922234861033279,0.0013769499760423797,0.05,True
38,524288,1048576,1800.0,golovin_relative_error_radius_moment_6_um6_m3,0.001893796506546459,-0.001221740352885759,0.005009333365978677,0.05,True
38,524288,1048576,2400.0,ensemble_mean_l1_bins_500,0.0007962183811570352,0.00046879989809658055,0.001994519309736058,0.01,True
38,524288,1048576,2400.0,golovin_relative_error_radius_moment_0_m3,0.0002887796449694635,-0.0006981083139388214,0.0012756676038777484,0.05,True
38,524288,1048576,2400.0,golovin_relative_error_radius_moment_6_um6_m3,0.0021344281150293297,-0.001644910507262959,0.005913766737321618,0.05,True
38,524288,1048576,3000.0,ensemble_mean_l1_bins_500,0.0008141929583655801,0.00026461090847803946,0.0027419362406481875,0.01,True
38,524288,1048576,3000.0,golovin_relative_error_radius_moment_0_m3,0.00020163086389133998,-0.000790785314065681,0.0011940470418483609,0.05,True
38,524288,1048576,3000.0,golovin_relative_error_radius_moment_6_um6_m3,0.0024725315069291432,-0.002224456257019648,0.007169519270877934,0.05,True
38,524288,1048576,3600.0,ensemble_mean_l1_bins_500,0.0010994792830759216,0.0007413763615917482,0.0036087966209540586,0.01,True
38,524288,1048576,3600.0,golovin_relative_error_radius_moment_0_m3,0.00019295888261293247,-0.0008094219738773332,0.001195339739103198,0.05,True
38,524288,1048576,3600.0,golovin_relative_error_radius_moment_6_um6_m3,0.002438405528546057,-0.003640136235225271,0.008516947292317386,0.05,True
39,4096,8192,600.0,ensemble_mean_l1_bins_500,0.010646443679656024,0.004363903234026974,0.02723699191171795,0.01,False
39,4096,8192,600.0,golovin_relative_error_radius_moment_0_m3,0.002918019986929295,-0.00594210900610638,0.011778148979964969,0.05,True
39,4096,8192,600.0,golovin_relative_error_radius_moment_6_um6_m3,-0.009391378343555325,-0.030789720349469016,0.012006963662358365,0.05,True
39,4096,8192,1200.0,ensemble_mean_l1_bins_500,0.01032932340727128,0.004578325880663481,0.027540222240126908,0.01,False
39,4096,8192,1200.0,golovin_relative_error_radius_moment_0_m3,0.0011462970863592092,-0.008873660290541938,0.011166254463260356,0.05,True
39,4096,8192,1200.0,golovin_relative_error_radius_moment_6_um6_m3,-0.009496849491848577,-0.042679647532040274,0.02368594854834312,0.05,True
39,4096,8192,1800.0,ensemble_mean_l1_bins_500,0.010539323146189473,0.004977960080499168,0.026890055475336416,0.01,False
39,4096,8192,1800.0,golovin_relative_error_radius_moment_0_m3,-0.002686110060303406,-0.013567087680277323,0.00819486755967051,0.05,True
39,4096,8192,1800.0,golovin_relative_error_radius_moment_6_um6_m3,-0.005732354361670149,-0.04632645273792988,0.03486174401458959,0.05,True
39,4096,8192,2400.0,ensemble_mean_l1_bins_500,0.014121665108384713,0.007404622082963388,0.03172301331560304,0.01,False
39,4096,8192,2400.0,golovin_relative_error_radius_moment_0_m3,-0.0015882544173717438,-0.01345737407956111,0.010280865244817623,0.05,True
39,4096,8192,2400.0,golovin_relative_error_radius_moment_6_um6_m3,0.0011396646773432668,-0.045366035107442595,0.047645364462129136,0.05,True
39,4096,8192,3000.0,ensemble_mean_l1_bins_500,0.016170966190678197,0.005743898526380482,0.035108368718661596,0.01,False
39,4096,8192,3000.0,golovin_relative_error_radius_moment_0_m3,-7.9981786087523e-06,-0.011860105795315566,0.01184410943809806,0.05,True
39,4096,8192,3000.0,golovin_relative_error_radius_moment_6_um6_m3,0.009258408735591106,-0.04997160133250878,0.068488418803691,0.05,False
39,4096,8192,3600.0,ensemble_mean_l1_bins_500,0.01523766158126355,0.008342668262552555,0.040751615390926366,0.01,False
39,4096,8192,3600.0,golovin_relative_error_radius_moment_0_m3,0.00011808026243442554,-0.011847908054765955,0.012084068579634807,0.05,True
39,4096,8192,3600.0,golovin_relative_error_radius_moment_6_um6_m3,-0.011400566122131662,-0.0789424419791576,0.05614130973489428,0.05,False
39,8192,16384,600.0,ensemble_mean_l1_bins_500,0.00447613162721236,0.0010573217267606841,0.017891801381893384,0.01,False
39,8192,16384,600.0,golovin_relative_error_radius_moment_0_m3,-0.0005037539747149311,-0.00624080496637222,0.005233297016942358,0.05,True
39,8192,16384,600.0,golovin_relative_error_radius_moment_6_um6_m3,-0.006482440720361811,-0.024018875333888478,0.011053993893164856,0.05,True
39,8192,16384,1200.0,ensemble_mean_l1_bins_500,0.011324354208979644,0.0051167304261046705,0.02145031960054851,0.01,False
39,8192,16384,1200.0,golovin_relative_error_radius_moment_0_m3,-0.0025524423585875965,-0.009898801892016362,0.004793917174841169,0.05,True
39,8192,16384,1200.0,golovin_relative_error_radius_moment_6_um6_m3,0.0025103638737196702,-0.021616494106387805,0.026637221853827147,0.05,True
39,8192,16384,1800.0,ensemble_mean_l1_bins_500,0.00480244635985496,0.002375353370438404,0.01776550081704372,0.01,False
39,8192,16384,1800.0,golovin_relative_error_radius_moment_0_m3,-0.0011936271905278305,-0.009046919057650158,0.006659664676594497,0.05,True
39,8192,16384,1800.0,golovin_relative_error_radius_moment_6_um6_m3,-0.0013483605455431504,-0.03145368896776371,0.028756967876677406,0.05,True
39,8192,16384,2400.0,ensemble_mean_l1_bins_500,0.00466168817817194,0.0019661180259437183,0.018841642492710097,0.01,False
39,8192,16384,2400.0,golovin_relative_error_radius_moment_0_m3,0.0016517359100811733,-0.006895097398323176,0.010198569218485522,0.05,True
39,8192,16384,2400.0,golovin_relative_error_radius_moment_6_um6_m3,-0.010217970884599333,-0.04512603230358704,0.02469009053438838,0.05,True
39,8192,16384,3000.0,ensemble_mean_l1_bins_500,0.012827281353564531,0.007091502078447438,0.02827394244039346,0.01,False
39,8192,16384,3000.0,golovin_relative_error_radius_moment_0_m3,0.000918970439858131,-0.007429883123934597,0.009267824003650858,0.05,True
39,8192,16384,3000.0,golovin_relative_error_radius_moment_6_um6_m3,-0.006490784661598115,-0.04687378296655022,0.033892213643353986,0.05,True
39,8192,16384,3600.0,ensemble_mean_l1_bins_500,0.013202520108023919,0.006950845070500756,0.0300598233085727,0.01,False
39,8192,16384,3600.0,golovin_relative_error_radius_moment_0_m3,0.0010989830137686663,-0.007334323143978021,0.009532289171515353,0.05,True
39,8192,16384,3600.0,golovin_relative_error_radius_moment_6_um6_m3,0.009531054400332403,-0.04345027397318831,0.06251238277385313,0.05,False
39,16384,32768,600.0,ensemble_mean_l1_bins_500,0.006161136760722852,0.0029238194277371853,0.01478487163311842,0.01,False
39,16384,32768,600.0,golovin_relative_error_radius_moment_0_m3,-8.014604561796591e-05,-0.003923136128926294,0.0037628440376903617,0.05,True
39,16384,32768,600.0,golovin_relative_error_radius_moment_6_um6_m3,0.01173651583644503,-0.001150422985586456,0.02462345465847652,0.05,True
39,16384,32768,1200.0,ensemble_mean_l1_bins_500,0.005853257028353542,0.003564984556641039,0.014642185437357763,0.01,False
39,16384,32768,1200.0,golovin_relative_error_radius_moment_0_m3,0.0040571288564103655,-0.0006097712883462733,0.008724029001167005,0.05,True
39,16384,32768,1200.0,golovin_relative_error_radius_moment_6_um6_m3,0.009304513644161018,-0.009390234357972411,0.027999261646294446,0.05,True
39,16384,32768,1800.0,ensemble_mean_l1_bins_500,0.0072090668655704175,0.0037663989480151666,0.014455598339386404,0.01,False
39,16384,32768,1800.0,golovin_relative_error_radius_moment_0_m3,0.0034602455734436075,-0.0021476652287767076,0.009068156375663923,0.05,True
39,16384,32768,1800.0,golovin_relative_error_radius_moment_6_um6_m3,0.007117916265123314,-0.014698621523243784,0.028934454053490412,0.05,True
39,16384,32768,2400.0,ensemble_mean_l1_bins_500,0.00751030049743337,0.004389799325570456,0.016283892282326653,0.01,False
39,16384,32768,2400.0,golovin_relative_error_radius_moment_0_m3,0.0024852759826798354,-0.003170134115387734,0.008140686080747405,0.05,True
39,16384,32768,2400.0,golovin_relative_error_radius_moment_6_um6_m3,0.009559972069699996,-0.014199351070414465,0.033319295209814456,0.05,True
39,16384,32768,3000.0,ensemble_mean_l1_bins_500,0.0021359369937048803,0.000388757767151383,0.014708627014240855,0.01,False
39,16384,32768,3000.0,golovin_relative_error_radius_moment_0_m3,0.002119471252625711,-0.0036712670481146045,0.007910209553366026,0.05,True
39,16384,32768,3000.0,golovin_relative_error_radius_moment_6_um6_m3,0.007043881161207308,-0.021017611902893342,0.035105374225307955,0.05,True
39,16384,32768,3600.0,ensemble_mean_l1_bins_500,0.005348978564942396,0.0027981259721273238,0.01892735350491712,0.01,False
39,16384,32768,3600.0,golovin_relative_error_radius_moment_0_m3,0.002085467647579744,-0.003781282376678934,0.007952217671838423,0.05,True
39,16384,32768,3600.0,golovin_relative_error_radius_moment_6_um6_m3,-0.006194628109735574,-0.04283462676767585,0.030445370548204696,0.05,True
39,32768,65536,600.0,ensemble_mean_l1_bins_500,0.004128061565405553,0.0016547479755370158,0.009932737248671022,0.01,True
39,32768,65536,600.0,golovin_relative_error_radius_moment_0_m3,0.002110027418174125,-0.0007176659350976969,0.004937720771445947,0.05,True
39,32768,65536,600.0,golovin_relative_error_radius_moment_6_um6_m3,-0.005308097953690396,-0.013308135452791248,0.0026919395454104546,0.05,True
39,32768,65536,1200.0,ensemble_mean_l1_bins_500,0.0033165862281304154,0.001297926019247037,0.009356929112382985,0.01,True
39,32768,65536,1200.0,golovin_relative_error_radius_moment_0_m3,-0.00021531732888159017,-0.0038880863403030035,0.0034574516825398227,0.05,True
39,32768,65536,1200.0,golovin_relative_error_radius_moment_6_um6_m3,-0.005829066211151308,-0.018179927708215953,0.006521795285913338,0.05,True
39,32768,65536,1800.0,ensemble_mean_l1_bins_500,0.0022106959658821177,0.0012037397677981919,0.008802143227424246,0.01,True
39,32768,65536,1800.0,golovin_relative_error_radius_moment_0_m3,-0.0005116366193819945,-0.004685651342472911,0.0036623781037089216,0.05,True
39,32768,65536,1800.0,golovin_relative_error_radius_moment_6_um6_m3,-0.004109276868206422,-0.01888234322928631,0.010663789492873468,0.05,True
39,32768,65536,2400.0,ensemble_mean_l1_bins_500,0.0029214316708307247,0.0012179755403033705,0.009588266014021529,0.01,True
39,32768,65536,2400.0,golovin_relative_error_radius_moment_0_m3,-0.0008068765792259502,-0.005084990565621593,0.003471237407169693,0.05,True
39,32768,65536,2400.0,golovin_relative_error_radius_moment_6_um6_m3,-0.006609878357270577,-0.02421634064555371,0.010996583931012556,0.05,True
39,32768,65536,3000.0,ensemble_mean_l1_bins_500,0.005770418455639723,0.003458124633463792,0.013313580275216595,0.01,False
39,32768,65536,3000.0,golovin_relative_error_radius_moment_0_m3,-0.000476973385106203,-0.00491806604833751,0.003964119278125103,0.05,True
39,32768,65536,3000.0,golovin_relative_error_radius_moment_6_um6_m3,-0.0059289581581573264,-0.02671346545014066,0.014855549133826008,0.05,True
39,32768,65536,3600.0,ensemble_mean_l1_bins_500,0.005294262234892724,0.0020538750542274243,0.01413146694957543,0.01,False
39,32768,65536,3600.0,golovin_relative_error_radius_moment_0_m3,-0.0006184310353840617,-0.0050458943927718,0.0038090323220036763,0.05,True
39,32768,65536,3600.0,golovin_relative_error_radius_moment_6_um6_m3,-0.005842607661894012,-0.029255237907322682,0.01757002258353466,0.05,True
39,65536,131072,600.0,ensemble_mean_l1_bins_500,0.0022743987140059945,0.0012054867587359454,0.007001916070070091,0.01,True
39,65536,131072,600.0,golovin_relative_error_radius_moment_0_m3,-0.0022571724052171806,-0.004285645712448705,-0.00022869909798565536,0.05,True
39,65536,131072,600.0,golovin_relative_error_radius_moment_6_um6_m3,-0.0003480841588496531,-0.0057481388201030695,0.005051970502403763,0.05,True
39,65536,131072,1200.0,ensemble_mean_l1_bins_500,0.0018120146021446447,0.0005166022919591683,0.006617223463612329,0.01,True
39,65536,131072,1200.0,golovin_relative_error_radius_moment_0_m3,-0.002388720251492169,-0.005100219963738439,0.0003227794607541016,0.05,True
39,65536,131072,1200.0,golovin_relative_error_radius_moment_6_um6_m3,0.003932841125203463,-0.003926465650214081,0.011792147900621008,0.05,True
39,65536,131072,1800.0,ensemble_mean_l1_bins_500,0.0029760395838790577,0.0018774175557935355,0.007259617932352052,0.01,True
39,65536,131072,1800.0,golovin_relative_error_radius_moment_0_m3,-0.0017948561576964827,-0.004773515106650925,0.0011838027912579592,0.05,True
39,65536,131072,1800.0,golovin_relative_error_radius_moment_6_um6_m3,0.0024392991328900473,-0.006883814850580245,0.011762413116360339,0.05,True
39,65536,131072,2400.0,ensemble_mean_l1_bins_500,0.002915254703770369,0.0014671924063238413,0.007303108842228439,0.01,True
39,65536,131072,2400.0,golovin_relative_error_radius_moment_0_m3,-0.0012539710839893203,-0.00438476233527496,0.0018768201672963196,0.05,True
39,65536,131072,2400.0,golovin_relative_error_radius_moment_6_um6_m3,0.0016295257509943118,-0.009657657962406738,0.012916709464395361,0.05,True
39,65536,131072,3000.0,ensemble_mean_l1_bins_500,0.00402507820412765,0.0021680731911961904,0.009119743317516488,0.01,True
39,65536,131072,3000.0,golovin_relative_error_radius_moment_0_m3,-0.0009783010397904968,-0.004146415698133725,0.0021898136185527317,0.05,True
39,65536,131072,3000.0,golovin_relative_error_radius_moment_6_um6_m3,0.0033484677999073243,-0.00901078207630951,0.015707717676124156,0.05,True
39,65536,131072,3600.0,ensemble_mean_l1_bins_500,0.005604289643961436,0.002771305809154196,0.011221318793450749,0.01,False
39,65536,131072,3600.0,golovin_relative_error_radius_moment_0_m3,-0.0008456269565198626,-0.004032645918100952,0.002341392005061226,0.05,True
39,65536,131072,3600.0,golovin_relative_error_radius_moment_6_um6_m3,0.010087571690162656,-0.004451126513944062,0.024626269894269373,0.05,True
39,131072,262144,600.0,ensemble_mean_l1_bins_500,0.002497011719437583,0.001126985269296592,0.005184185102052092,0.01,True
39,131072,262144,600.0,golovin_relative_error_radius_moment_0_m3,0.00016382287507628714,-0.0011626101817915208,0.001490255931944095,0.05,True
39,131072,262144,600.0,golovin_relative_error_radius_moment_6_um6_m3,0.0008865077998372172,-0.0031286889691496808,0.004901704568824115,0.05,True
39,131072,262144,1200.0,ensemble_mean_l1_bins_500,0.0008464294219957093,0.00040002649107837745,0.004303979293571567,0.01,True
39,131072,262144,1200.0,golovin_relative_error_radius_moment_0_m3,-8.657924200521582e-05,-0.0018379304416906827,0.001664771957680251,0.05,True
39,131072,262144,1200.0,golovin_relative_error_radius_moment_6_um6_m3,7.791571862661006e-06,-0.005956468849509374,0.005972051993234695,0.05,True
39,131072,262144,1800.0,ensemble_mean_l1_bins_500,0.0012721035654429773,0.00027183812990931664,0.003928406663817097,0.01,True
39,131072,262144,1800.0,golovin_relative_error_radius_moment_0_m3,0.0002146955392887162,-0.0018550438157899996,0.002284434894367432,0.05,True
39,131072,262144,1800.0,golovin_relative_error_radius_moment_6_um6_m3,0.0013788689827167588,-0.00514028893119209,0.007898026896625608,0.05,True
39,131072,262144,2400.0,ensemble_mean_l1_bins_500,0.001735620714457784,0.0009140190232032467,0.005015644499888474,0.01,True
39,131072,262144,2400.0,golovin_relative_error_radius_moment_0_m3,-4.2403988575356226e-07,-0.002128593904343644,0.0021277458245721366,0.05,True
39,131072,262144,2400.0,golovin_relative_error_radius_moment_6_um6_m3,0.0014596419037190356,-0.007166417153458765,0.010085700960896837,0.05,True
39,131072,262144,3000.0,ensemble_mean_l1_bins_500,0.0027775652188570202,0.0014032095131907858,0.006688774125024368,0.01,True
39,131072,262144,3000.0,golovin_relative_error_radius_moment_0_m3,-0.00038104480703589957,-0.0025398879673349866,0.0017777983532631875,0.05,True
39,131072,262144,3000.0,golovin_relative_error_radius_moment_6_um6_m3,-0.0016255043479852008,-0.010876292445890955,0.007625283749920553,0.05,True
39,131072,262144,3600.0,ensemble_mean_l1_bins_500,0.0017254934217523984,0.0007853669639968103,0.006888646911509102,0.01,True
39,131072,262144,3600.0,golovin_relative_error_radius_moment_0_m3,-0.0005136906947181564,-0.002722114498397277,0.0016947331089609639,0.05,True
39,131072,262144,3600.0,golovin_relative_error_radius_moment_6_um6_m3,-0.0049779613673325345,-0.01606464514983799,0.006108722415172923,0.05,True
39,262144,524288,600.0,ensemble_mean_l1_bins_500,0.0007355156887138433,0.0001560679217142858,0.003043043048919618,0.01,True
39,262144,524288,600.0,golovin_relative_error_radius_moment_0_m3,0.00040141646928275597,-0.0004906214535176584,0.0012934543920831705,0.05,True
39,262144,524288,600.0,golovin_relative_error_radius_moment_6_um6_m3,-0.0014727588055359676,-0.004200939823571132,0.0012554222124991966,0.05,True
39,262144,524288,1200.0,ensemble_mean_l1_bins_500,0.0017338786552034127,0.0008255711276887461,0.0034573062734922617,0.01,True
39,262144,524288,1200.0,golovin_relative_error_radius_moment_0_m3,0.0004847951379755466,-0.00059394601010591,0.0015635362860570033,0.05,True
39,262144,524288,1200.0,golovin_relative_error_radius_moment_6_um6_m3,-0.0025171231595888036,-0.006856343569936353,0.0018220972507587462,0.05,True
39,262144,524288,1800.0,ensemble_mean_l1_bins_500,6.46959507032141e-05,-0.0003542257637000202,0.0022388398013387404,0.01,True
39,262144,524288,1800.0,golovin_relative_error_radius_moment_0_m3,0.0003837102741382026,-0.0008546191707346487,0.0016220397190110539,0.05,True
39,262144,524288,1800.0,golovin_relative_error_radius_moment_6_um6_m3,-0.00348228201715288,-0.008428681498935994,0.0014641174646302332,0.05,True
39,262144,524288,2400.0,ensemble_mean_l1_bins_500,0.0006598738745946893,0.0003473255596228951,0.0031041943025341464,0.01,True
39,262144,524288,2400.0,golovin_relative_error_radius_moment_0_m3,0.0004035918554146756,-0.0009062653411356198,0.0017134490519649709,0.05,True
39,262144,524288,2400.0,golovin_relative_error_radius_moment_6_um6_m3,-0.0037443082844848875,-0.009867569246215077,0.002378952677245303,0.05,True
39,262144,524288,3000.0,ensemble_mean_l1_bins_500,0.001516543545350411,0.0007370224701186537,0.004218025971091073,0.01,True
39,262144,524288,3000.0,golovin_relative_error_radius_moment_0_m3,0.0007277641279180336,-0.000595202728946796,0.002050730984782863,0.05,True
39,262144,524288,3000.0,golovin_relative_error_radius_moment_6_um6_m3,-0.0038374098021472934,-0.010711616213934119,0.0030367966096395316,0.05,True
39,262144,524288,3600.0,ensemble_mean_l1_bins_500,0.0032703426268106423,0.0016661418527846574,0.006036892789153203,0.01,True
39,262144,524288,3600.0,golovin_relative_error_radius_moment_0_m3,0.0007689713332399318,-0.0005635600867798956,0.002101502753259759,0.05,True
39,262144,524288,3600.0,golovin_relative_error_radius_moment_6_um6_m3,-0.005357345645719678,-0.014120858087543205,0.003406166796103849,0.05,True
39,524288,1048576,600.0,ensemble_mean_l1_bins_500,0.0010780850054800933,0.0005381671183673673,0.0025495557260164768,0.01,True
39,524288,1048576,600.0,golovin_relative_error_radius_moment_0_m3,-8.31498148549792e-05,-0.0007628025280439488,0.0005965028983339904,0.05,True
39,524288,1048576,600.0,golovin_relative_error_radius_moment_6_um6_m3,0.0012328279854281511,-0.0005326289075607072,0.0029982848784170096,0.05,True
39,524288,1048576,1200.0,ensemble_mean_l1_bins_500,0.0009844293107363067,0.0004986186873040122,0.0025092387750947796,0.01,True
39,524288,1048576,1200.0,golovin_relative_error_radius_moment_0_m3,0.0004598926614633192,-0.0003864543375696709,0.0013062396604963094,0.05,True
39,524288,1048576,1200.0,golovin_relative_error_radius_moment_6_um6_m3,0.0014552631040591346,-0.001394438170271831,0.0043049643783901,0.05,True
39,524288,1048576,1800.0,ensemble_mean_l1_bins_500,0.0010559623399274479,0.0004311148266278112,0.002253275455439948,0.01,True
39,524288,1048576,1800.0,golovin_relative_error_radius_moment_0_m3,0.00044236324496952587,-0.0004797367222432505,0.0013644632121823023,0.05,True
39,524288,1048576,1800.0,golovin_relative_error_radius_moment_6_um6_m3,0.001893796506546459,-0.0011800297692494241,0.004967622782342342,0.05,True
39,524288,1048576,2400.0,ensemble_mean_l1_bins_500,0.0007962183811570352,0.00047631037331399747,0.0019681425206313965,0.01,True
39,524288,1048576,2400.0,golovin_relative_error_radius_moment_0_m3,0.0002887796449694635,-0.0006849374936888459,0.0012624967836277728,0.05,True
39,524288,1048576,2400.0,golovin_relative_error_radius_moment_6_um6_m3,0.0021344281150293297,-0.001594249455703267,0.005863105685761927,0.05,True
39,524288,1048576,3000.0,ensemble_mean_l1_bins_500,0.0008141929583655801,0.00025701310379982323,0.002714394014209757,0.01,True
39,524288,1048576,3000.0,golovin_relative_error_radius_moment_0_m3,0.00020163086389133998,-0.0007775325612518478,0.0011807942890345276,0.05,True
39,524288,1048576,3000.0,golovin_relative_error_radius_moment_6_um6_m3,0.0024725315069291432,-0.002161531907699165,0.007106594921557451,0.05,True
39,524288,1048576,3600.0,ensemble_mean_l1_bins_500,0.0010994792830759216,0.0007515067918179161,0.003571134656329239,0.01,True
39,524288,1048576,3600.0,golovin_relative_error_radius_moment_0_m3,0.00019295888261293247,-0.0007960268375755207,0.0011819446028013855,0.05,True
39,524288,1048576,3600.0,golovin_relative_error_radius_moment_6_um6_m3,0.002438405528546057,-0.003558722819972218,0.008435533877064333,0.05,True
40,4096,8192,600.0,ensemble_mean_l1_bins_500,0.010646443679656024,0.004486587918271443,0.02700169772754087,0.01,False
40,4096,8192,600.0,golovin_relative_error_radius_moment_0_m3,0.002918019986929295,-0.005826418210776398,0.011662458184634987,0.05,True
40,4096,8192,600.0,golovin_relative_error_radius_moment_6_um6_m3,-0.009391378343555325,-0.030511501120690503,0.011728744433579852,0.05,True
40,4096,8192,1200.0,ensemble_mean_l1_bins_500,0.01032932340727128,0.004535187228531399,0.02728879981164367,0.01,False
40,4096,8192,1200.0,golovin_relative_error_radius_moment_0_m3,0.0011462970863592092,-0.008743353941898855,0.011035948114617273,0.05,True
40,4096,8192,1200.0,golovin_relative_error_radius_moment_6_um6_m3,-0.009496849491848577,-0.04224677255707404,0.023253073573376887,0.05,True
40,4096,8192,1800.0,ensemble_mean_l1_bins_500,0.010539323146189473,0.005053936185475509,0.02664873444035701,0.01,False
40,4096,8192,1800.0,golovin_relative_error_radius_moment_0_m3,-0.002686110060303406,-0.013425374380572024,0.00805315425996521,0.05,True
40,4096,8192,1800.0,golovin_relative_error_radius_moment_6_um6_m3,-0.005732354361670149,-0.04579779625151116,0.034333087528170866,0.05,True
40,4096,8192,2400.0,ensemble_mean_l1_bins_500,0.014121665108384713,0.007486834794131914,0.03139309027328451,0.01,False
40,4096,8192,2400.0,golovin_relative_error_radius_moment_0_m3,-0.0015882544173717438,-0.013302896341407744,0.010126387506664256,0.05,True
40,4096,8192,2400.0,golovin_relative_error_radius_moment_6_um6_m3,0.0011396646773432668,-0.044761298649726375,0.047040628004412915,0.05,True
40,4096,8192,3000.0,ensemble_mean_l1_bins_500,0.016170966190678197,0.005846564532748028,0.034904525411251136,0.01,False
40,4096,8192,3000.0,golovin_relative_error_radius_moment_0_m3,-7.9981786087523e-06,-0.01170571894648011,0.011689722589262604,0.05,True
40,4096,8192,3000.0,golovin_relative_error_radius_moment_6_um6_m3,0.009258408735591106,-0.049199538166598944,0.06771635563778115,0.05,False
40,4096,8192,3600.0,ensemble_mean_l1_bins_500,0.01523766158126355,0.008306764076599069,0.04027614057868935,0.01,False
40,4096,8192,3600.0,golovin_relative_error_radius_moment_0_m3,0.00011808026243442554,-0.011692020415517056,0.011928180940385908,0.05,True
40,4096,8192,3600.0,golovin_relative_error_radius_moment_6_um6_m3,-0.011400566122131662,-0.07806425796616641,0.05526312572190308,0.05,False
40,8192,16384,600.0,ensemble_mean_l1_bins_500,0.00447613162721236,0.0011269980382149394,0.017720089766590164,0.01,False
40,8192,16384,600.0,golovin_relative_error_radius_moment_0_m3,-0.0005037539747149311,-0.0061658804396919654,0.005158372490262103,0.05,True
40,8192,16384,600.0,golovin_relative_error_radius_moment_6_um6_m3,-0.006482440720361811,-0.02379074858200771,0.010825867141284088,0.05,True
40,8192,16384,1200.0,ensemble_mean_l1_bins_500,0.011324354208979644,0.005237714686732349,0.02126740331902371,0.01,False
40,8192,16384,1200.0,golovin_relative_error_radius_moment_0_m3,-0.0025524423585875965,-0.009802611186380868,0.004697726469205675,0.05,True
40,8192,16384,1200.0,golovin_relative_error_radius_moment_6_um6_m3,0.0025103638737196702,-0.021302766152130618,0.02632349389956996,0.05,True
40,8192,16384,1800.0,ensemble_mean_l1_bins_500,0.00480244635985496,0.0023304119735521106,0.017519371803167434,0.01,False
40,8192,16384,1800.0,golovin_relative_error_radius_moment_0_m3,-0.0011936271905278305,-0.00894449287588582,0.006557238494830159,0.05,True
40,8192,16384,1800.0,golovin_relative_error_radius_moment_6_um6_m3,-0.0013483605455431504,-0.031061586952197656,0.02836486586111136,0.05,True
40,8192,16384,2400.0,ensemble_mean_l1_bins_500,0.00466168817817194,0.001983258454877967,0.018684136901919488,0.01,False
40,8192,16384,2400.0,golovin_relative_error_radius_moment_0_m3,0.0016517359100811733,-0.006783379030883434,0.01008685085104578,0.05,True
40,8192,16384,2400.0,golovin_relative_error_radius_moment_6_um6_m3,-0.010217970884599333,-0.04466976397562256,0.0242338222064239,0.05,True
40,8192,16384,3000.0,ensemble_mean_l1_bins_500,0.012827281353564531,0.006951452882249375,0.027661940959107956,0.01,False
40,8192,16384,3000.0,golovin_relative_error_radius_moment_0_m3,0.000918970439858131,-0.007320854511970783,0.009158795391687045,0.05,True
40,8192,16384,3000.0,golovin_relative_error_radius_moment_6_um6_m3,-0.006490784661598115,-0.0463460917844248,0.03336452246122857,0.05,True
40,8192,16384,3600.0,ensemble_mean_l1_bins_500,0.013202520108023919,0.006898598100160004,0.029848894354705186,0.01,False
40,8192,16384,3600.0,golovin_relative_error_radius_moment_0_m3,0.0010989830137686663,-0.007224230589817875,0.009422196617355208,0.05,True
40,8192,16384,3600.0,golovin_relative_error_radius_moment_6_um6_m3,0.009531054400332403,-0.04275967480476509,0.0618217836054299,0.05,False
40,16384,32768,600.0,ensemble_mean_l1_bins_500,0.006161136760722852,0.002933224371237439,0.014529140573075127,0.01,False
40,16384,32768,600.0,golovin_relative_error_radius_moment_0_m3,-8.014604561796591e-05,-0.0038730754199117643,0.003712783328675832,0.05,True
40,16384,32768,600.0,golovin_relative_error_radius_moment_6_um6_m3,0.01173651583644503,-0.000981958068033412,0.024454989740923472,0.05,True
40,16384,32768,1200.0,ensemble_mean_l1_bins_500,0.005853257028353542,0.0035420093508605837,0.014537907268517072,0.01,False
40,16384,32768,1200.0,golovin_relative_error_radius_moment_0_m3,0.0040571288564103655,-0.0005490576788170385,0.008663315391637769,0.05,True
40,16384,32768,1200.0,golovin_relative_error_radius_moment_6_um6_m3,0.009304513644161018,-0.009146441937745652,0.02775546922606769,0.05,True
40,16384,32768,1800.0,ensemble_mean_l1_bins_500,0.0072090668655704175,0.003820112140493697,0.014414749013826141,0.01,False
40,16384,32768,1800.0,golovin_relative_error_radius_moment_0_m3,0.0034602455734436075,-0.002074679812508159,0.008995170959395374,0.05,True
40,16384,32768,1800.0,golovin_relative_error_radius_moment_6_um6_m3,0.007117916265123314,-0.014414173577292473,0.0286500061075391,0.05,True
40,16384,32768,2400.0,ensemble_mean_l1_bins_500,0.00751030049743337,0.004376261789584059,0.01609670443231581,0.01,False
40,16384,32768,2400.0,golovin_relative_error_radius_moment_0_m3,0.0024852759826798354,-0.003096520939523448,0.008067072904883118,0.05,True
40,16384,32768,2400.0,golovin_relative_error_radius_moment_6_um6_m3,0.009559972069699996,-0.01389038493358406,0.033010329072984054,0.05,True
40,16384,32768,3000.0,ensemble_mean_l1_bins_500,0.0021359369937048803,0.0003459939183792973,0.014491563660666456,0.01,False
40,16384,32768,3000.0,golovin_relative_error_radius_moment_0_m3,0.002119471252625711,-0.0035959410441490616,0.007834883549400484,0.05,True
40,16384,32768,3000.0,golovin_relative_error_radius_moment_6_um6_m3,0.007043881161207308,-0.02065282333129894,0.03474058565371356,0.05,True
40,16384,32768,3600.0,ensemble_mean_l1_bins_500,0.005348978564942396,0.0027211764074347553,0.018616078900146823,0.01,False
40,16384,32768,3600.0,golovin_relative_error_radius_moment_0_m3,0.002085467647579744,-0.0037049434478939455,0.007875878743053434,0.05,True
40,16384,32768,3600.0,golovin_relative_error_radius_moment_6_um6_m3,-0.006194628109735574,-0.04235635292884141,0.029967096709370263,0.05,True
40,32768,65536,600.0,ensemble_mean_l1_bins_500,0.004128061565405553,0.0016594653328220123,0.009845743580236368,0.01,True
40,32768,65536,600.0,golovin_relative_error_radius_moment_0_m3,0.002110027418174125,-0.0006808414311416512,0.004900896267489902,0.05,True
40,32768,65536,600.0,golovin_relative_error_radius_moment_6_um6_m3,-0.005308097953690396,-0.013203617722914087,0.0025874218155332957,0.05,True
40,32768,65536,1200.0,ensemble_mean_l1_bins_500,0.0033165862281304154,0.0013661647971381905,0.009316411875648968,0.01,True
40,32768,65536,1200.0,golovin_relative_error_radius_moment_0_m3,-0.00021531732888159017,-0.0038402858598621985,0.0034096512020990186,0.05,True
40,32768,65536,1200.0,golovin_relative_error_radius_moment_6_um6_m3,-0.005829066211151308,-0.018018303020765278,0.0063601705984626606,0.05,True
40,32768,65536,1800.0,ensemble_mean_l1_bins_500,0.0022106959658821177,0.0012201177644117814,0.008662659017105646,0.01,True
40,32768,65536,1800.0,golovin_relative_error_radius_moment_0_m3,-0.0005116366193819945,-0.004631220453855963,0.003607947215091974,0.05,True
40,32768,65536,1800.0,golovin_relative_error_radius_moment_6_um6_m3,-0.004109276868206422,-0.018689329479048524,0.01047077574263568,0.05,True
40,32768,65536,2400.0,ensemble_mean_l1_bins_500,0.0029214316708307247,0.0012363695101110723,0.009495316720451993,0.01,True
40,32768,65536,2400.0,golovin_relative_error_radius_moment_0_m3,-0.0008068765792259502,-0.005029270181791635,0.0034155170233397354,0.05,True
40,32768,65536,2400.0,golovin_relative_error_radius_moment_6_um6_m3,-0.006609878357270577,-0.02398598876953689,0.010766232054995734,0.05,True
40,32768,65536,3000.0,ensemble_mean_l1_bins_500,0.005770418455639723,0.0034589955483388113,0.013145170197777362,0.01,False
40,32768,65536,3000.0,golovin_relative_error_radius_moment_0_m3,-0.000476973385106203,-0.004860177742536083,0.003906230972323677,0.05,True
40,32768,65536,3000.0,golovin_relative_error_radius_moment_6_um6_m3,-0.0059289581581573264,-0.026441014519214604,0.014583098202899953,0.05,True
40,32768,65536,3600.0,ensemble_mean_l1_bins_500,0.005294262234892724,0.0021563688566453233,0.013994790221523699,0.01,False
40,32768,65536,3600.0,golovin_relative_error_radius_moment_0_m3,-0.0006184310353840617,-0.004988177269223385,0.003751315198455261,0.05,True
40,32768,65536,3600.0,golovin_relative_error_radius_moment_6_um6_m3,-0.005842607661894012,-0.02894884230666497,0.017263626982876947,0.05,True
40,65536,131072,600.0,ensemble_mean_l1_bins_500,0.0022743987140059945,0.0011687758494950218,0.006951680449066804,0.01,True
40,65536,131072,600.0,golovin_relative_error_radius_moment_0_m3,-0.0022571724052171806,-0.00425917241942949,-0.00025517239100487183,0.05,True
40,65536,131072,600.0,golovin_relative_error_radius_moment_6_um6_m3,-0.0003480841588496531,-0.005677859584806291,0.004981691267106984,0.05,True
40,65536,131072,1200.0,ensemble_mean_l1_bins_500,0.0018120146021446447,0.000536510753901522,0.006522541053733856,0.01,True
40,65536,131072,1200.0,golovin_relative_error_radius_moment_0_m3,-0.002388720251492169,-0.0050648427688569815,0.00028740226587264375,0.05,True
40,65536,131072,1200.0,golovin_relative_error_radius_moment_6_um6_m3,0.003932841125203463,-0.00382415256425312,0.011689834814660047,0.05,True
40,65536,131072,1800.0,ensemble_mean_l1_bins_500,0.0029760395838790577,0.0018951513090165301,0.007184203180553617,0.01,True
40,65536,131072,1800.0,golovin_relative_error_radius_moment_0_m3,-0.0017948561576964827,-0.004734738669885129,0.0011450263544921634,0.05,True
40,65536,131072,1800.0,golovin_relative_error_radius_moment_6_um6_m3,0.0024392991328900473,-0.006761996355325059,0.011640594621105152,0.05,True
40,65536,131072,2400.0,ensemble_mean_l1_bins_500,0.002915254703770369,0.001471874874468597,0.007229136930142393,0.01,True
40,65536,131072,2400.0,golovin_relative_error_radius_moment_0_m3,-0.0012539710839893203,-0.004343967049369896,0.001836024881391255,0.05,True
40,65536,131072,2400.0,golovin_relative_error_radius_moment_6_um6_m3,0.0016295257509943118,-0.009510725498948184,0.012769777000936807,0.05,True
40,65536,131072,3000.0,ensemble_mean_l1_bins_500,0.00402507820412765,0.0021758891715869854,0.00899768443528858,0.01,True
40,65536,131072,3000.0,golovin_relative_error_radius_moment_0_m3,-0.0009783010397904968,-0.004105141249261259,0.0021485391696802647,0.05,True
40,65536,131072,3000.0,golovin_relative_error_radius_moment_6_um6_m3,0.0033484677999073243,-0.00884978284739725,0.0155467184472119,0.05,True
40,65536,131072,3600.0,ensemble_mean_l1_bins_500,0.005604289643961436,0.00276977707794469,0.01112332345997389,0.01,False
40,65536,131072,3600.0,golovin_relative_error_radius_moment_0_m3,-0.0008456269565198626,-0.003991151844644383,0.0022998979316046584,0.05,True
40,65536,131072,3600.0,golovin_relative_error_radius_moment_6_um6_m3,0.010087571690162656,-0.0042616416464934335,0.024436785026818744,0.05,True
40,131072,262144,600.0,ensemble_mean_l1_bins_500,0.002497011719437583,0.001152253463813474,0.005164717755082516,0.01,True
40,131072,262144,600.0,golovin_relative_error_radius_moment_0_m3,0.00016382287507628714,-0.001145277546571196,0.0014729232967237702,0.05,True
40,131072,262144,600.0,golovin_relative_error_radius_moment_6_um6_m3,0.0008865077998372172,-0.00307632374486695,0.004849339344541384,0.05,True
40,131072,262144,1200.0,ensemble_mean_l1_bins_500,0.0008464294219957093,0.0003792407147222259,0.004237164173834075,0.01,True
40,131072,262144,1200.0,golovin_relative_error_radius_moment_0_m3,-8.657924200521582e-05,-0.0018149989711952947,0.001641840487184863,0.05,True
40,131072,262144,1200.0,golovin_relative_error_radius_moment_6_um6_m3,7.791571862661006e-06,-0.005878818335182851,0.005894401478908172,0.05,True
40,131072,262144,1800.0,ensemble_mean_l1_bins_500,0.0012721035654429773,0.0002751745202747675,0.003852074082246857,0.01,True
40,131072,262144,1800.0,golovin_relative_error_radius_moment_0_m3,0.0002146955392887162,-0.0018279205775910967,0.002257311656168529,0.05,True
40,131072,262144,1800.0,golovin_relative_error_radius_moment_6_um6_m3,0.0013788689827167588,-0.005055550704670265,0.007813288670103783,0.05,True
40,131072,262144,2400.0,ensemble_mean_l1_bins_500,0.001735620714457784,0.0009326858552771569,0.004937223068934451,0.01,True
40,131072,262144,2400.0,golovin_relative_error_radius_moment_0_m3,-4.2403988575356226e-07,-0.002100745156040578,0.0020998970762690704,0.05,True
40,131072,262144,2400.0,golovin_relative_error_radius_moment_6_um6_m3,0.0014596419037190356,-0.0070541397392980204,0.009973423546736093,0.05,True
40,131072,262144,3000.0,ensemble_mean_l1_bins_500,0.0027775652188570202,0.0014538114576397813,0.006626170144712683,0.01,True
40,131072,262144,3000.0,golovin_relative_error_radius_moment_0_m3,-0.00038104480703589957,-0.002511626924407523,0.001749537310335724,0.05,True
40,131072,262144,3000.0,golovin_relative_error_radius_moment_6_um6_m3,-0.0016255043479852008,-0.010755913266485883,0.00750490457051548,0.05,True
40,131072,262144,3600.0,ensemble_mean_l1_bins_500,0.0017254934217523984,0.0007937916781013124,0.006833498333464352,0.01,True
40,131072,262144,3600.0,golovin_relative_error_radius_moment_0_m3,-0.0005136906947181564,-0.002693180888701629,0.001665799499265316,0.05,True
40,131072,262144,3600.0,golovin_relative_error_radius_moment_6_um6_m3,-0.0049779613673325345,-0.015920539609754963,0.005964616875089893,0.05,True
40,262144,524288,600.0,ensemble_mean_l1_bins_500,0.0007355156887138433,0.00015007566153966092,0.002995953995452024,0.01,True
40,262144,524288,600.0,golovin_relative_error_radius_moment_0_m3,0.00040141646928275597,-0.0004790130954872794,0.0012818460340527913,0.05,True
40,262144,524288,600.0,golovin_relative_error_radius_moment_6_um6_m3,-0.0014727588055359676,-0.004165330981456024,0.001219813370384089,0.05,True
40,262144,524288,1200.0,ensemble_mean_l1_bins_500,0.0017338786552034127,0.0008344806280743499,0.0034380294051554305,0.01,True
40,262144,524288,1200.0,golovin_relative_error_radius_moment_0_m3,0.0004847951379755466,-0.0005798931278782106,0.001549483403829304,0.05,True
40,262144,524288,1200.0,golovin_relative_error_radius_moment_6_um6_m3,-0.0025171231595888036,-0.006799727008871327,0.0017654806896937195,0.05,True
40,262144,524288,1800.0,ensemble_mean_l1_bins_500,6.46959507032141e-05,-0.0003669661226793589,0.002188159799814021,0.01,True
40,262144,524288,1800.0,golovin_relative_error_radius_moment_0_m3,0.0003837102741382026,-0.0008384854810529303,0.0016059060293293354,0.05,True
40,262144,524288,1800.0,golovin_relative_error_radius_moment_6_um6_m3,-0.00348228201715288,-0.00836396441281451,0.0013994003785087494,0.05,True
40,262144,524288,2400.0,ensemble_mean_l1_bins_500,0.0006598738745946893,0.00033486694728250506,0.0030666935785678092,0.01,True
40,262144,524288,2400.0,golovin_relative_error_radius_moment_0_m3,0.0004035918554146756,-0.0008891820529062537,0.0016963657637356047,0.05,True
40,262144,524288,2400.0,golovin_relative_error_radius_moment_6_um6_m3,-0.0037443082844848875,-0.009787448902561726,0.002298832333591951,0.05,True
40,262144,524288,3000.0,ensemble_mean_l1_bins_500,0.001516543545350411,0.0007137330741248202,0.004196638095802071,0.01,True
40,262144,524288,3000.0,golovin_relative_error_radius_moment_0_m3,0.0007277641279180336,-0.0005779569354528144,0.0020334851912888817,0.05,True
40,262144,524288,3000.0,golovin_relative_error_radius_moment_6_um6_m3,-0.0038374098021472934,-0.010621928107003058,0.002947108502708471,0.05,True
40,262144,524288,3600.0,ensemble_mean_l1_bins_500,0.0032703426268106423,0.0016646678955749422,0.00602762259698375,0.01,True
40,262144,524288,3600.0,golovin_relative_error_radius_moment_0_m3,0.0007689713332399318,-0.0005461997298154123,0.002084142396295276,0.05,True
40,262144,524288,3600.0,golovin_relative_error_radius_moment_6_um6_m3,-0.005357345645719678,-0.014006558918813465,0.0032918676273741105,0.05,True
40,524288,1048576,600.0,ensemble_mean_l1_bins_500,0.0010780850054800933,0.0005370427506416688,0.0025209035576135965,0.01,True
40,524288,1048576,600.0,golovin_relative_error_radius_moment_0_m3,-8.31498148549792e-05,-0.000753949083292497,0.0005876494535825386,0.05,True
40,524288,1048576,600.0,golovin_relative_error_radius_moment_6_um6_m3,0.0012328279854281511,-0.0005095458432887623,0.0029752018141450645,0.05,True
40,524288,1048576,1200.0,ensemble_mean_l1_bins_500,0.0009844293107363067,0.0005080889366853705,0.00248217509720806,0.01,True
40,524288,1048576,1200.0,golovin_relative_error_radius_moment_0_m3,0.0004598926614633192,-0.0003754560511959458,0.0012952413741225842,0.05,True
40,524288,1048576,1200.0,golovin_relative_error_radius_moment_6_um6_m3,0.0014552631040591346,-0.0013571883290779403,0.00426771453719621,0.05,True
40,524288,1048576,1800.0,ensemble_mean_l1_bins_500,0.0010559623399274479,0.0004405885707908906,0.002251896808641261,0.01,True
40,524288,1048576,1800.0,golovin_relative_error_radius_moment_0_m3,0.00044236324496952587,-0.0004677377923331212,0.001352464282272173,0.05,True
40,524288,1048576,1800.0,golovin_relative_error_radius_moment_6_um6_m3,0.001893796506546459,-0.001139951992309316,0.004927545005402234,0.05,True
40,524288,1048576,2400.0,ensemble_mean_l1_bins_500,0.0007962183811570352,0.00048086451876464247,0.0019450375225633894,0.01,True
40,524288,1048576,2400.0,golovin_relative_error_radius_moment_0_m3,0.0002887796449694635,-0.0006722806676615297,0.0012498399576004568,0.05,True
40,524288,1048576,2400.0,golovin_relative_error_radius_moment_6_um6_m3,0.0021344281150293297,-0.0015455740269498044,0.005814430257008464,0.05,True
40,524288,1048576,3000.0,ensemble_mean_l1_bins_500,0.0008141929583655801,0.00026258681584850175,0.002673622008400265,0.01,True
40,524288,1048576,3000.0,golovin_relative_error_radius_moment_0_m3,0.00020163086389133998,-0.0007647973129153416,0.0011680590406980217,0.05,True
40,524288,1048576,3000.0,golovin_relative_error_radius_moment_6_um6_m3,0.0024725315069291432,-0.0021010723912461885,0.0070461354051044745,0.05,True
40,524288,1048576,3600.0,ensemble_mean_l1_bins_500,0.0010994792830759216,0.0007534745912906546,0.003525565118682946,0.01,True
40,524288,1048576,3600.0,golovin_relative_error_radius_moment_0_m3,0.00019295888261293247,-0.0007831551230802227,0.0011690728883060875,0.05,True
40,524288,1048576,3600.0,golovin_relative_error_radius_moment_6_um6_m3,0.002438405528546057,-0.003480497740425632,0.008357308797517747,0.05,True
41,4096,8192,600.0,ensemble_mean_l1_bins_500,0.010646443679656024,0.004657504793115885,0.026673948007925895,0.01,False
41,4096,8192,600.0,golovin_relative_error_radius_moment_0_m3,0.002918019986929295,-0.005715147191013049,0.011551187164871638,0.05,True
41,4096,8192,600.0,golovin_relative_error_radius_moment_6_um6_m3,-0.009391378343555325,-0.030243866412833317,0.011461109725722667,0.05,True
41,4096,8192,1200.0,ensemble_mean_l1_bins_500,0.01032932340727128,0.00460778105440601,0.02701931617185669,0.01,False
41,4096,8192,1200.0,golovin_relative_error_radius_moment_0_m3,0.0011462970863592092,-0.008618005983909018,0.010910600156627436,0.05,True
41,4096,8192,1200.0,golovin_relative_error_radius_moment_6_um6_m3,-0.009496849491848577,-0.04183041958566689,0.022836720601969736,0.05,True
41,4096,8192,1800.0,ensemble_mean_l1_bins_500,0.010539323146189473,0.005226709768470051,0.026416997568715492,0.01,False
41,4096,8192,1800.0,golovin_relative_error_radius_moment_0_m3,-0.002686110060303406,-0.013289061374654671,0.007916841254047858,0.05,True
41,4096,8192,1800.0,golovin_relative_error_radius_moment_6_um6_m3,-0.005732354361670149,-0.04528928391280846,0.033824575189468166,0.05,True
41,4096,8192,2400.0,ensemble_mean_l1_bins_500,0.014121665108384713,0.00756284704081987,0.030949723792725075,0.01,False
41,4096,8192,2400.0,golovin_relative_error_radius_moment_0_m3,-0.0015882544173717438,-0.013154301384420003,0.009977792549676515,0.05,True
41,4096,8192,2400.0,golovin_relative_error_radius_moment_6_um6_m3,0.0011396646773432668,-0.044179571431427436,0.04645890078611396,0.05,True
41,4096,8192,3000.0,ensemble_mean_l1_bins_500,0.016170966190678197,0.006010163527008108,0.03471716432096946,0.01,False
41,4096,8192,3000.0,golovin_relative_error_radius_moment_0_m3,-7.9981786087523e-06,-0.011557216302500804,0.011541219945283301,0.05,True
41,4096,8192,3000.0,golovin_relative_error_radius_moment_6_um6_m3,0.009258408735591106,-0.048456920647934165,0.06697373811911637,0.05,False
41,4096,8192,3600.0,ensemble_mean_l1_bins_500,0.01523766158126355,0.008444281258408386,0.04024220011214976,0.01,False
41,4096,8192,3600.0,golovin_relative_error_radius_moment_0_m3,0.00011808026243442554,-0.011542074831155363,0.011778235356024215,0.05,True
41,4096,8192,3600.0,golovin_relative_error_radius_moment_6_um6_m3,-0.011400566122131662,-0.07721948383110422,0.05441835158684089,0.05,False
41,8192,16384,600.0,ensemble_mean_l1_bins_500,0.00447613162721236,0.0011697939259842857,0.017658750692179134,0.01,False
41,8192,16384,600.0,golovin_relative_error_radius_moment_0_m3,-0.0005037539747149311,-0.006093818774960462,0.0050863108255306,0.05,True
41,8192,16384,600.0,golovin_relative_error_radius_moment_6_um6_m3,-0.006482440720361811,-0.02357130511927215,0.010606423678548527,0.05,True
41,8192,16384,1200.0,ensemble_mean_l1_bins_500,0.011324354208979644,0.005405557843270253,0.021079168834897907,0.01,False
41,8192,16384,1200.0,golovin_relative_error_radius_moment_0_m3,-0.0025524423585875965,-0.009710105257839666,0.0046052205406644725,0.05,True
41,8192,16384,1200.0,golovin_relative_error_radius_moment_6_um6_m3,0.0025103638737196702,-0.021000974833559827,0.02602170258099917,0.05,True
41,8192,16384,1800.0,ensemble_mean_l1_bins_500,0.00480244635985496,0.0024633113457024768,0.01733546982082303,0.01,False
41,8192,16384,1800.0,golovin_relative_error_radius_moment_0_m3,-0.0011936271905278305,-0.008845975307676874,0.006458720926621213,0.05,True
41,8192,16384,1800.0,golovin_relative_error_radius_moment_6_um6_m3,-0.0013483605455431504,-0.03068442727703135,0.027987706185945045,0.05,True
41,8192,16384,2400.0,ensemble_mean_l1_bins_500,0.00466168817817194,0.0019276965645629955,0.018438095943200214,0.01,False
41,8192,16384,2400.0,golovin_relative_error_radius_moment_0_m3,0.0016517359100811733,-0.006675933114622891,0.009979404934785238,0.05,True
41,8192,16384,2400.0,golovin_relative_error_radius_moment_6_um6_m3,-0.010217970884599333,-0.04423094376664171,0.023795001997443048,0.05,True
41,8192,16384,3000.0,ensemble_mean_l1_bins_500,0.012827281353564531,0.0070118396903294695,0.02750103676648974,0.01,False
41,8192,16384,3000.0,golovin_relative_error_radius_moment_0_m3,0.000918970439858131,-0.0072159916735910455,0.009053932553307307,0.05,True
41,8192,16384,3000.0,golovin_relative_error_radius_moment_6_um6_m3,-0.006490784661598115,-0.04583857484171988,0.03285700551852365,0.05,True
41,8192,16384,3600.0,ensemble_mean_l1_bins_500,0.013202520108023919,0.007035455203453772,0.02963224109585139,0.01,False
41,8192,16384,3600.0,golovin_relative_error_radius_moment_0_m3,0.0010989830137686663,-0.007118343003291141,0.009316309030828474,0.05,True
41,8192,16384,3600.0,golovin_relative_error_radius_moment_6_um6_m3,0.009531054400332403,-0.0420954138703251,0.06115752267098991,0.05,False
41,16384,32768,600.0,ensemble_mean_l1_bins_500,0.006161136760722852,0.0030011037737885573,0.014441089433732,0.01,False
41,16384,32768,600.0,golovin_relative_error_radius_moment_0_m3,-8.014604561796591e-05,-0.00382492274992548,0.0036646306586895477,0.05,True
41,16384,32768,600.0,golovin_relative_error_radius_moment_6_um6_m3,0.01173651583644503,-0.0008199363490409822,0.024292968021931045,0.05,True
41,16384,32768,1200.0,ensemble_mean_l1_bins_500,0.005853257028353542,0.0036278293981605375,0.014398296570688114,0.01,False
41,16384,32768,1200.0,golovin_relative_error_radius_moment_0_m3,0.0040571288564103655,-0.000490655156493644,0.008604912869314375,0.05,True
41,16384,32768,1200.0,golovin_relative_error_radius_moment_6_um6_m3,0.009304513644161018,-0.008911951476436234,0.027520978764758272,0.05,True
41,16384,32768,1800.0,ensemble_mean_l1_bins_500,0.0072090668655704175,0.003847226732113725,0.01421458312088665,0.01,False
41,16384,32768,1800.0,golovin_relative_error_radius_moment_0_m3,0.0034602455734436075,-0.002004473729976612,0.008924964876863827,0.05,True
41,16384,32768,1800.0,golovin_relative_error_radius_moment_6_um6_m3,0.007117916265123314,-0.01414057676238123,0.028376409292627858,0.05,True
41,16384,32768,2400.0,ensemble_mean_l1_bins_500,0.00751030049743337,0.004349274008244032,0.01604545036931561,0.01,False
41,16384,32768,2400.0,golovin_relative_error_radius_moment_0_m3,0.0024852759826798354,-0.0030257113608804405,0.007996263326240111,0.05,True
41,16384,32768,2400.0,golovin_relative_error_radius_moment_6_um6_m3,0.009559972069699996,-0.0135931749044658,0.03271311904386579,0.05,True
41,16384,32768,3000.0,ensemble_mean_l1_bins_500,0.0021359369937048803,0.0003859614130972632,0.014370447200297228,0.01,False
41,16384,32768,3000.0,golovin_relative_error_radius_moment_0_m3,0.002119471252625711,-0.003523482051873123,0.007762424557124545,0.05,True
41,16384,32768,3000.0,golovin_relative_error_radius_moment_6_um6_m3,0.007043881161207308,-0.02030191030355056,0.03438967262596517,0.05,True
41,16384,32768,3600.0,ensemble_mean_l1_bins_500,0.005348978564942396,0.0027016168836853354,0.018483243094507783,0.01,False
41,16384,32768,3600.0,golovin_relative_error_radius_moment_0_m3,0.002085467647579744,-0.0036315109880321605,0.007802446283191648,0.05,True
41,16384,32768,3600.0,golovin_relative_error_radius_moment_6_um6_m3,-0.006194628109735574,-0.041896345079713425,0.029507088860242274,0.05,True
41,32768,65536,600.0,ensemble_mean_l1_bins_500,0.004128061565405553,0.0017015627560492937,0.009747017411837063,0.01,True
41,32768,65536,600.0,golovin_relative_error_radius_moment_0_m3,0.002110027418174125,-0.0006454200842176466,0.004865474920565897,0.05,True
41,32768,65536,600.0,golovin_relative_error_radius_moment_6_um6_m3,-0.005308097953690396,-0.013103095074975469,0.002486899167594676,0.05,True
41,32768,65536,1200.0,ensemble_mean_l1_bins_500,0.0033165862281304154,0.0013563940951950243,0.009251572657239103,0.01,True
41,32768,65536,1200.0,golovin_relative_error_radius_moment_0_m3,-0.00021531732888159017,-0.003794305668908632,0.003363671011145452,0.05,True
41,32768,65536,1200.0,golovin_relative_error_radius_moment_6_um6_m3,-0.005829066211151308,-0.01786286619835866,0.006204733776056044,0.05,True
41,32768,65536,1800.0,ensemble_mean_l1_bins_500,0.0022106959658821177,0.001253848454588375,0.008614900087701327,0.01,True
41,32768,65536,1800.0,golovin_relative_error_radius_moment_0_m3,-0.0005116366193819945,-0.004578866346147041,0.0035555931073830514,0.05,True
41,32768,65536,1800.0,golovin_relative_error_radius_moment_6_um6_m3,-0.004109276868206422,-0.01850369380646872,0.010285140070055878,0.05,True
41,32768,65536,2400.0,ensemble_mean_l1_bins_500,0.0029214316708307247,0.0012092617925198196,0.009376414299171638,0.01,True
41,32768,65536,2400.0,golovin_relative_error_radius_moment_0_m3,-0.0008068765792259502,-0.004975673235947996,0.0033619200774960964,0.05,True
41,32768,65536,2400.0,golovin_relative_error_radius_moment_6_um6_m3,-0.006609878357270577,-0.02376445420262275,0.010544697488081595,0.05,True
41,32768,65536,3000.0,ensemble_mean_l1_bins_500,0.005770418455639723,0.003473058279885683,0.013129604009475125,0.01,False
41,32768,65536,3000.0,golovin_relative_error_radius_moment_0_m3,-0.000476973385106203,-0.004804497183605535,0.0038505504133931286,0.05,True
41,32768,65536,3000.0,golovin_relative_error_radius_moment_6_um6_m3,-0.0059289581581573264,-0.026179011825025876,0.014321095508711225,0.05,True
41,32768,65536,3600.0,ensemble_mean_l1_bins_500,0.005294262234892724,0.002096257880629421,0.01381367493611656,0.01,False
41,32768,65536,3600.0,golovin_relative_error_radius_moment_0_m3,-0.0006184310353840617,-0.004932661606165706,0.0036957995353975822,0.05,True
41,32768,65536,3600.0,golovin_relative_error_radius_moment_6_um6_m3,-0.005842607661894012,-0.028654177760601824,0.0169689624368138,0.05,True
41,65536,131072,600.0,ensemble_mean_l1_bins_500,0.0022743987140059945,0.001195178455882273,0.006859054221866899,0.01,True
41,65536,131072,600.0,golovin_relative_error_radius_moment_0_m3,-0.0022571724052171806,-0.0042337099926208835,-0.00028063481781347805,0.05,True
41,65536,131072,600.0,golovin_relative_error_radius_moment_6_um6_m3,-0.0003480841588496531,-0.005610256593005678,0.004914088275306371,0.05,True
41,65536,131072,1200.0,ensemble_mean_l1_bins_500,0.0018120146021446447,0.0005201467653561222,0.006448766212474991,0.01,True
41,65536,131072,1200.0,golovin_relative_error_radius_moment_0_m3,-0.002388720251492169,-0.0050308160495250165,0.0002533755465406783,0.05,True
41,65536,131072,1200.0,golovin_relative_error_radius_moment_6_um6_m3,0.003932841125203463,-0.003725736615979608,0.011591418866386535,0.05,True
41,65536,131072,1800.0,ensemble_mean_l1_bins_500,0.0029760395838790577,0.0018934199828394955,0.007090458136870646,0.01,True
41,65536,131072,1800.0,golovin_relative_error_radius_moment_0_m3,-0.0017948561576964827,-0.004697439240401798,0.0011077269250088324,0.05,True
41,65536,131072,1800.0,golovin_relative_error_radius_moment_6_um6_m3,0.0024392991328900473,-0.006644834815970037,0.01152343308175013,0.05,True
41,65536,131072,2400.0,ensemble_mean_l1_bins_500,0.002915254703770369,0.001437813568036512,0.00710872024195419,0.01,True
41,65536,131072,2400.0,golovin_relative_error_radius_moment_0_m3,-0.0012539710839893203,-0.004304727105839965,0.0017967849378613242,0.05,True
41,65536,131072,2400.0,golovin_relative_error_radius_moment_6_um6_m3,0.0016295257509943118,-0.009369389552313496,0.012628441054302119,0.05,True
41,65536,131072,3000.0,ensemble_mean_l1_bins_500,0.00402507820412765,0.0021850504640002996,0.008902415029430821,0.01,True
41,65536,131072,3000.0,golovin_relative_error_radius_moment_0_m3,-0.0009783010397904968,-0.004065440142724666,0.0021088380631436726,0.05,True
41,65536,131072,3000.0,golovin_relative_error_radius_moment_6_um6_m3,0.0033484677999073243,-0.008694920078823814,0.015391855678638464,0.05,True
41,65536,131072,3600.0,ensemble_mean_l1_bins_500,0.005604289643961436,0.0027583702012260714,0.01102853089245406,0.01,False
41,65536,131072,3600.0,golovin_relative_error_radius_moment_0_m3,-0.0008456269565198626,-0.003951238488245536,0.0022599845752058114,0.05,True
41,65536,131072,3600.0,golovin_relative_error_radius_moment_6_um6_m3,0.010087571690162656,-0.004079382512802527,0.02425452589312784,0.05,True
41,131072,262144,600.0,ensemble_mean_l1_bins_500,0.002497011719437583,0.0011566091870733907,0.005092078121076936,0.01,True
41,131072,262144,600.0,golovin_relative_error_radius_moment_0_m3,0.00016382287507628714,-0.001128607554872395,0.0014562533050249693,0.05,True
41,131072,262144,600.0,golovin_relative_error_radius_moment_6_um6_m3,0.0008865077998372172,-0.0030259566888334406,0.004798972288507875,0.05,True
41,131072,262144,1200.0,ensemble_mean_l1_bins_500,0.0008464294219957093,0.00039741723828655304,0.00416415226234379,0.01,True
41,131072,262144,1200.0,golovin_relative_error_radius_moment_0_m3,-8.657924200521582e-05,-0.001792945931985686,0.0016197874479752545,0.05,True
41,131072,262144,1200.0,golovin_relative_error_radius_moment_6_um6_m3,7.791571862661006e-06,-0.005804125826279533,0.005819708970004854,0.05,True
41,131072,262144,1800.0,ensemble_mean_l1_bins_500,0.0012721035654429773,0.00027529707003131417,0.003857185427771635,0.01,True
41,131072,262144,1800.0,golovin_relative_error_radius_moment_0_m3,0.0002146955392887162,-0.0018018372029964687,0.002231228281573901,0.05,True
41,131072,262144,1800.0,golovin_relative_error_radius_moment_6_um6_m3,0.0013788689827167588,-0.004974035374189687,0.0077317733396232045,0.05,True
41,131072,262144,2400.0,ensemble_mean_l1_bins_500,0.001735620714457784,0.0009136295729879635,0.004907010157235327,0.01,True
41,131072,262144,2400.0,golovin_relative_error_radius_moment_0_m3,-4.2403988575356226e-07,-0.0020739625815236118,0.0020731145017521043,0.05,True
41,131072,262144,2400.0,golovin_relative_error_radius_moment_6_um6_m3,0.0014596419037190356,-0.006946138359587308,0.009865422167025378,0.05,True
41,131072,262144,3000.0,ensemble_mean_l1_bins_500,0.0027775652188570202,0.0014531552249458437,0.006526809357169232,0.01,True
41,131072,262144,3000.0,golovin_relative_error_radius_moment_0_m3,-0.00038104480703589957,-0.0024844482484555064,0.0017223586343837072,0.05,True
41,131072,262144,3000.0,golovin_relative_error_radius_moment_6_um6_m3,-0.0016255043479852008,-0.010640117560777691,0.007389108864807288,0.05,True
41,131072,262144,3600.0,ensemble_mean_l1_bins_500,0.0017254934217523984,0.000842285772716283,0.00675785909434644,0.01,True
41,131072,262144,3600.0,golovin_relative_error_radius_moment_0_m3,-0.0005136906947181564,-0.0026653562857337043,0.0016379748962973913,0.05,True
41,131072,262144,3600.0,golovin_relative_error_radius_moment_6_um6_m3,-0.0049779613673325345,-0.015781914805883215,0.005825992071218145,0.05,True
41,262144,524288,600.0,ensemble_mean_l1_bins_500,0.0007355156887138433,0.00015217557317763524,0.002950515515793394,0.01,True
41,262144,524288,600.0,golovin_relative_error_radius_moment_0_m3,0.00040141646928275597,-0.0004678467440310525,0.0012706796825965644,0.05,True
41,262144,524288,600.0,golovin_relative_error_radius_moment_6_um6_m3,-0.0014727588055359676,-0.004131081981975072,0.0011855643709031368,0.05,True
41,262144,524288,1200.0,ensemble_mean_l1_bins_500,0.0017338786552034127,0.0008438214416768774,0.003385673389285066,0.01,True
41,262144,524288,1200.0,golovin_relative_error_radius_moment_0_m3,0.0004847951379755466,-0.0005663758889999442,0.0015359661649510376,0.05,True
41,262144,524288,1200.0,golovin_relative_error_radius_moment_6_um6_m3,-0.0025171231595888036,-0.00674527179437595,0.001711025475198343,0.05,True
41,262144,524288,1800.0,ensemble_mean_l1_bins_500,6.46959507032141e-05,-0.0003581927017086701,0.00213295337042074,0.01,True
41,262144,524288,1800.0,golovin_relative_error_radius_moment_0_m3,0.0003837102741382026,-0.000822966815899465,0.0015903873641758702,0.05,True
41,262144,524288,1800.0,golovin_relative_error_radius_moment_6_um6_m3,-0.00348228201715288,-0.00830172459566263,0.0013371605613568698,0.05,True
41,262144,524288,2400.0,ensemble_mean_l1_bins_500,0.0006598738745946893,0.0003426280889765784,0.003020684282354206,0.01,True
41,262144,524288,2400.0,golovin_relative_error_radius_moment_0_m3,0.0004035918554146756,-0.0008727506507724193,0.0016799343616017703,0.05,True
41,262144,524288,2400.0,golovin_relative_error_radius_moment_6_um6_m3,-0.0037443082844848875,-0.009710395649635054,0.002221779080665279,0.05,True
41,262144,524288,3000.0,ensemble_mean_l1_bins_500,0.001516543545350411,0.0007489020530793261,0.0041325216968727905,0.01,True
41,262144,524288,3000.0,golovin_relative_error_radius_moment_0_m3,0.0007277641279180336,-0.0005613689121753584,0.0020168971680114257,0.05,True
41,262144,524288,3000.0,golovin_relative_error_radius_moment_6_um6_m3,-0.0038374098021472934,-0.010535663707749275,0.0028608441034546884,0.05,True
41,262144,524288,3600.0,ensemble_mean_l1_bins_500,0.0032703426268106423,0.0016991793412562746,0.005976366496177939,0.01,True
41,262144,524288,3600.0,golovin_relative_error_radius_moment_0_m3,0.0007689713332399318,-0.0005295011341767309,0.0020674438006565944,0.05,True
41,262144,524288,3600.0,golovin_relative_error_radius_moment_6_um6_m3,-0.005357345645719678,-0.013896621495697242,0.0031819302042578853,0.05,True
41,524288,1048576,600.0,ensemble_mean_l1_bins_500,0.0010780850054800933,0.0005466911037216193,0.002502263964513572,0.01,True
41,524288,1048576,600.0,golovin_relative_error_radius_moment_0_m3,-8.31498148549792e-05,-0.0007454330812735225,0.0005791334515635641,0.05,True
41,524288,1048576,600.0,golovin_relative_error_radius_moment_6_um6_m3,0.0012328279854281511,-0.0004873457786490497,0.002953001749505352,0.05,True
41,524288,1048576,1200.0,ensemble_mean_l1_bins_500,0.0009844293107363067,0.000508052964206353,0.002450359670086453,0.01,True
41,524288,1048576,1200.0,golovin_relative_error_radius_moment_0_m3,0.0004598926614633192,-0.000364875963353543,0.0012846612862801815,0.05,True
41,524288,1048576,1200.0,golovin_relative_error_radius_moment_6_um6_m3,0.0014552631040591346,-0.0013213630538864022,0.004231889262004671,0.05,True
41,524288,1048576,1800.0,ensemble_mean_l1_bins_500,0.0010559623399274479,0.0004454354831572528,0.0022369010281055508,0.01,True
41,524288,1048576,1800.0,golovin_relative_error_radius_moment_0_m3,0.00044236324496952587,-0.0004561957169039553,0.0013409222068430072,0.05,True
41,524288,1048576,1800.0,golovin_relative_error_radius_moment_6_um6_m3,0.001893796506546459,-0.0011014031292507762,0.004888996142343694,0.05,True
41,524288,1048576,2400.0,ensemble_mean_l1_bins_500,0.0007962183811570352,0.00048196048964348974,0.0019249173683789221,0.01,True
41,524288,1048576,2400.0,golovin_relative_error_radius_moment_0_m3,0.0002887796449694635,-0.000660105230227126,0.001237664520166053,0.05,True
41,524288,1048576,2400.0,golovin_relative_error_radius_moment_6_um6_m3,0.0021344281150293297,-0.0014987577269707547,0.005767613957029414,0.05,True
41,524288,1048576,3000.0,ensemble_mean_l1_bins_500,0.0008141929583655801,0.00026635928002251855,0.002636022235714795,0.01,True
41,524288,1048576,3000.0,golovin_relative_error_radius_moment_0_m3,0.00020163086389133998,-0.0007525467212707566,0.0011558084490534365,0.05,True
41,524288,1048576,3000.0,golovin_relative_error_radius_moment_6_um6_m3,0.0024725315069291432,-0.0020429207753101977,0.006987983789168484,0.05,True
41,524288,1048576,3600.0,ensemble_mean_l1_bins_500,0.0010994792830759216,0.0007531162933387307,0.0035191370821041914,0.01,True
41,524288,1048576,3600.0,golovin_relative_error_radius_moment_0_m3,0.00019295888261293247,-0.0007707735847517451,0.00115669134997761,0.05,True
41,524288,1048576,3600.0,golovin_relative_error_radius_moment_6_um6_m3,0.002438405528546057,-0.00340525804589462,0.008282069102986733,0.05,True
42,4096,8192,600.0,ensemble_mean_l1_bins_500,0.010646443679656024,0.004771777108123458,0.026540657773032335,0.01,False
42,4096,8192,600.0,golovin_relative_error_radius_moment_0_m3,0.002918019986929295,-0.0056080213354472025,0.011444061309305791,0.05,True
42,4096,8192,600.0,golovin_relative_error_radius_moment_6_um6_m3,-0.009391378343555325,-0.02998616127560821,0.01120340458849756,0.05,True
42,4096,8192,1200.0,ensemble_mean_l1_bins_500,0.01032932340727128,0.004677188070316222,0.02687075276597394,0.01,False
42,4096,8192,1200.0,golovin_relative_error_radius_moment_0_m3,0.0011462970863592092,-0.008497309537481389,0.010789903710199807,0.05,True
42,4096,8192,1200.0,golovin_relative_error_radius_moment_6_um6_m3,-0.009496849491848577,-0.04142956299348379,0.022435864009786637,0.05,True
42,4096,8192,1800.0,ensemble_mean_l1_bins_500,0.010539323146189473,0.005185323798519551,0.026118052306902284,0.01,False
42,4096,8192,1800.0,golovin_relative_error_radius_moment_0_m3,-0.002686110060303406,-0.013157813956492294,0.007785593835885481,0.05,True
42,4096,8192,1800.0,golovin_relative_error_radius_moment_6_um6_m3,-0.005732354361670149,-0.04479966729174965,0.03333495856840935,0.05,True
42,4096,8192,2400.0,ensemble_mean_l1_bins_500,0.014121665108384713,0.007706409286743739,0.030970559450634413,0.01,False
42,4096,8192,2400.0,golovin_relative_error_radius_moment_0_m3,-0.0015882544173717438,-0.013011224837042685,0.009834716002299198,0.05,True
42,4096,8192,2400.0,golovin_relative_error_radius_moment_6_um6_m3,0.0011396646773432668,-0.04361942951648512,0.04589875887117165,0.05,True
42,4096,8192,3000.0,ensemble_mean_l1_bins_500,0.016170966190678197,0.006016318144400456,0.034540703849775846,0.01,False
42,4096,8192,3000.0,golovin_relative_error_radius_moment_0_m3,-7.9981786087523e-06,-0.011414233106698628,0.011398236749481122,0.05,True
42,4096,8192,3000.0,golovin_relative_error_radius_moment_6_um6_m3,0.009258408735591106,-0.04774192226859703,0.06625873973977925,0.05,False
42,4096,8192,3600.0,ensemble_mean_l1_bins_500,0.01523766158126355,0.00853987195493028,0.039710544008145957,0.01,False
42,4096,8192,3600.0,golovin_relative_error_radius_moment_0_m3,0.00011808026243442554,-0.011397702919438034,0.011633863444306886,0.05,True
42,4096,8192,3600.0,golovin_relative_error_radius_moment_6_um6_m3,-0.011400566122131662,-0.07640605220866727,0.05360491996440394,0.05,False
42,8192,16384,600.0,ensemble_mean_l1_bins_500,0.00447613162721236,0.0011287054474424007,0.017460153506178272,0.01,False
42,8192,16384,600.0,golovin_relative_error_radius_moment_0_m3,-0.0005037539747149311,-0.006024442065572159,0.005016934116142297,0.05,True
42,8192,16384,600.0,golovin_relative_error_radius_moment_6_um6_m3,-0.006482440720361811,-0.023360007367996313,0.01039512592727269,0.05,True
42,8192,16384,1200.0,ensemble_mean_l1_bins_500,0.011324354208979644,0.005381377794297175,0.021003339205714906,0.01,False
42,8192,16384,1200.0,golovin_relative_error_radius_moment_0_m3,-0.0025524423585875965,-0.00962105455512217,0.004516169837946978,0.05,True
42,8192,16384,1200.0,golovin_relative_error_radius_moment_6_um6_m3,0.0025103638737196702,-0.020710381459500382,0.025731109206939724,0.05,True
42,8192,16384,1800.0,ensemble_mean_l1_bins_500,0.00480244635985496,0.002435197521381326,0.017060551082179496,0.01,False
42,8192,16384,1800.0,golovin_relative_error_radius_moment_0_m3,-0.0011936271905278305,-0.008751123769280994,0.006363869388225333,0.05,True
42,8192,16384,1800.0,golovin_relative_error_radius_moment_6_um6_m3,-0.0013483605455431504,-0.030321283800854082,0.027624562709767778,0.05,True
42,8192,16384,2400.0,ensemble_mean_l1_bins_500,0.00466168817817194,0.0019390746842189294,0.01816891204884348,0.01,False
42,8192,16384,2400.0,golovin_relative_error_radius_moment_0_m3,0.0016517359100811733,-0.0065724939219547075,0.009875965742117054,0.05,True
42,8192,16384,2400.0,golovin_relative_error_radius_moment_6_um6_m3,-0.010217970884599333,-0.043808486539944756,0.023372544770746094,0.05,True
42,8192,16384,3000.0,ensemble_mean_l1_bins_500,0.012827281353564531,0.007030681366552538,0.027292150311634227,0.01,False
42,8192,16384,3000.0,golovin_relative_error_radius_moment_0_m3,0.000918970439858131,-0.007115035747829053,0.008952976627545314,0.05,True
42,8192,16384,3000.0,golovin_relative_error_radius_moment_6_um6_m3,-0.006490784661598115,-0.045349977771756055,0.03236840844855982,0.05,True
42,8192,16384,3600.0,ensemble_mean_l1_bins_500,0.013202520108023919,0.007127330360561337,0.02939062265405918,0.01,False
42,8192,16384,3600.0,golovin_relative_error_radius_moment_0_m3,0.0010989830137686663,-0.007016399176487255,0.009214365204024588,0.05,True
42,8192,16384,3600.0,golovin_relative_error_radius_moment_6_um6_m3,0.009531054400332403,-0.04145585744248102,0.06051796624314583,0.05,False
42,16384,32768,600.0,ensemble_mean_l1_bins_500,0.006161136760722852,0.0029701501715513985,0.014289664279203319,0.01,False
42,16384,32768,600.0,golovin_relative_error_radius_moment_0_m3,-8.014604561796591e-05,-0.0037785598378967545,0.0036182677466608222,0.05,True
42,16384,32768,600.0,golovin_relative_error_radius_moment_6_um6_m3,0.01173651583644503,-0.000663957054478229,0.02413698872736829,0.05,True
42,16384,32768,1200.0,ensemble_mean_l1_bins_500,0.005853257028353542,0.003620675286072311,0.014277581755807563,0.01,False
42,16384,32768,1200.0,golovin_relative_error_radius_moment_0_m3,0.0040571288564103655,-0.00043442063604212395,0.008548678348862856,0.05,True
42,16384,32768,1200.0,golovin_relative_error_radius_moment_6_um6_m3,0.009304513644161018,-0.008686185733233829,0.027295213021555867,0.05,True
42,16384,32768,1800.0,ensemble_mean_l1_bins_500,0.0072090668655704175,0.003865258566361495,0.0142399519369335,0.01,False
42,16384,32768,1800.0,golovin_relative_error_radius_moment_0_m3,0.0034602455734436075,-0.0019368748377240827,0.008857365984611298,0.05,True
42,16384,32768,1800.0,golovin_relative_error_radius_moment_6_um6_m3,0.007117916265123314,-0.013877157827078275,0.028112990357324903,0.05,True
42,16384,32768,2400.0,ensemble_mean_l1_bins_500,0.00751030049743337,0.004394147350783631,0.016008261403108712,0.01,False
42,16384,32768,2400.0,golovin_relative_error_radius_moment_0_m3,0.0024852759826798354,-0.002957531711443231,0.007928083676802901,0.05,True
42,16384,32768,2400.0,golovin_relative_error_radius_moment_6_um6_m3,0.009559972069699996,-0.013306993424357778,0.032426937563757766,0.05,True
42,16384,32768,3000.0,ensemble_mean_l1_bins_500,0.0021359369937048803,0.00038505846897345845,0.014165288253640902,0.01,False
42,16384,32768,3000.0,golovin_relative_error_radius_moment_0_m3,0.002119471252625711,-0.0034537125855890554,0.007692655090840477,0.05,True
42,16384,32768,3000.0,golovin_relative_error_radius_moment_6_um6_m3,0.007043881161207308,-0.01996401437312364,0.03405177669553825,0.05,True
42,16384,32768,3600.0,ensemble_mean_l1_bins_500,0.005348978564942396,0.002679310936408675,0.018398123628429377,0.01,False
42,16384,32768,3600.0,golovin_relative_error_radius_moment_0_m3,0.002085467647579744,-0.003560805013825879,0.007731740308985367,0.05,True
42,16384,32768,3600.0,golovin_relative_error_radius_moment_6_um6_m3,-0.006194628109735574,-0.04145346865482268,0.02906421243535153,0.05,True
42,32768,65536,600.0,ensemble_mean_l1_bins_500,0.004128061565405553,0.0016868825402541893,0.009672257384978244,0.01,True
42,32768,65536,600.0,golovin_relative_error_radius_moment_0_m3,0.002110027418174125,-0.0006113149350813973,0.004831369771429648,0.05,True
42,32768,65536,600.0,golovin_relative_error_radius_moment_6_um6_m3,-0.005308097953690396,-0.01300631915380075,0.0023901232464199583,0.05,True
42,32768,65536,1200.0,ensemble_mean_l1_bins_500,0.0033165862281304154,0.0013406846555011204,0.009072686715347349,0.01,True
42,32768,65536,1200.0,golovin_relative_error_radius_moment_0_m3,-0.00021531732888159017,-0.0037500330233471435,0.0033193983655839636,0.05,True
42,32768,65536,1200.0,golovin_relative_error_radius_moment_6_um6_m3,-0.005829066211151308,-0.01771323196668022,0.006055099544377604,0.05,True
42,32768,65536,1800.0,ensemble_mean_l1_bins_500,0.0022106959658821177,0.0012298032470502579,0.008533665198757598,0.01,True
42,32768,65536,1800.0,golovin_relative_error_radius_moment_0_m3,-0.0005116366193819945,-0.0045284601455809525,0.003505186906816963,0.05,True
42,32768,65536,1800.0,golovin_relative_error_radius_moment_6_um6_m3,-0.004109276868206422,-0.01832497753179152,0.010106423795378674,0.05,True
42,32768,65536,2400.0,ensemble_mean_l1_bins_500,0.0029214316708307247,0.001264613886859947,0.009278216789308584,0.01,True
42,32768,65536,2400.0,golovin_relative_error_radius_moment_0_m3,-0.0008068765792259502,-0.004924068113488564,0.0033103149550366643,0.05,True
42,32768,65536,2400.0,golovin_relative_error_radius_moment_6_um6_m3,-0.006609878357270577,-0.023551188063409324,0.010331431348868169,0.05,True
42,32768,65536,3000.0,ensemble_mean_l1_bins_500,0.005770418455639723,0.0034865096629322573,0.012993171824060162,0.01,False
42,32768,65536,3000.0,golovin_relative_error_radius_moment_0_m3,-0.000476973385106203,-0.00475088742846391,0.0037969406582515036,0.05,True
42,32768,65536,3000.0,golovin_relative_error_radius_moment_6_um6_m3,-0.0059289581581573264,-0.02592680577420658,0.01406888945789193,0.05,True
42,32768,65536,3600.0,ensemble_mean_l1_bins_500,0.005294262234892724,0.0021028957450002768,0.013647349595007316,0.01,False
42,32768,65536,3600.0,golovin_relative_error_radius_moment_0_m3,-0.0006184310353840617,-0.004879210835731807,0.0036423487649636832,0.05,True
42,32768,65536,3600.0,golovin_relative_error_radius_moment_6_um6_m3,-0.005842607661894012,-0.028370513824704922,0.0166852985009169,0.05,True
42,65536,131072,600.0,ensemble_mean_l1_bins_500,0.0022743987140059945,0.001236661750226501,0.0067861689394729426,0.01,True
42,65536,131072,600.0,golovin_relative_error_radius_moment_0_m3,-0.0022571724052171806,-0.004209195654976575,-0.00030514915545778554,0.05,True
42,65536,131072,600.0,golovin_relative_error_radius_moment_6_um6_m3,-0.0003480841588496531,-0.0055451640885894595,0.004848995770890153,0.05,True
42,65536,131072,1200.0,ensemble_mean_l1_bins_500,0.0018120146021446447,0.0005298792026539828,0.006400036611106742,0.01,True
42,65536,131072,1200.0,golovin_relative_error_radius_moment_0_m3,-0.002388720251492169,-0.004998055961332226,0.00022061545834788782,0.05,True
42,65536,131072,1200.0,golovin_relative_error_radius_moment_6_um6_m3,0.003932841125203463,-0.00363097636861704,0.011496658619023967,0.05,True
42,65536,131072,1800.0,ensemble_mean_l1_bins_500,0.0029760395838790577,0.001896737042231411,0.007025030677610516,0.01,True
42,65536,131072,1800.0,golovin_relative_error_radius_moment_0_m3,-0.0017948561576964827,-0.004661525314116522,0.0010718129987235567,0.05,True
42,65536,131072,1800.0,golovin_relative_error_radius_moment_6_um6_m3,0.0024392991328900473,-0.006532040697127622,0.011410638962907716,0.05,True
42,65536,131072,2400.0,ensemble_mean_l1_bins_500,0.002915254703770369,0.0014511427310664972,0.007059594031309025,0.01,True
42,65536,131072,2400.0,golovin_relative_error_radius_moment_0_m3,-0.0012539710839893203,-0.004266946060229057,0.0017590038922504162,0.05,True
42,65536,131072,2400.0,golovin_relative_error_radius_moment_6_um6_m3,0.0016295257509943118,-0.009233303416584704,0.012492354918573327,0.05,True
42,65536,131072,3000.0,ensemble_mean_l1_bins_500,0.00402507820412765,0.002180510225421604,0.008856248773839412,0.01,True
42,65536,131072,3000.0,golovin_relative_error_radius_moment_0_m3,-0.0009783010397904968,-0.0040272148342257365,0.0020706127546447433,0.05,True
42,65536,131072,3000.0,golovin_relative_error_radius_moment_6_um6_m3,0.0033484677999073243,-0.00854581336251482,0.01524274896232947,0.05,True
42,65536,131072,3600.0,ensemble_mean_l1_bins_500,0.005604289643961436,0.002812688052287264,0.010940513597954246,0.01,False
42,65536,131072,3600.0,golovin_relative_error_radius_moment_0_m3,-0.0008456269565198626,-0.003912807907960672,0.002221553994920947,0.05,True
42,65536,131072,3600.0,golovin_relative_error_radius_moment_6_um6_m3,0.010087571690162656,-0.003903900963503468,0.02407904434382878,0.05,True
42,131072,262144,600.0,ensemble_mean_l1_bins_500,0.002497011719437583,0.0011620053765229936,0.005053174985048452,0.01,True
42,131072,262144,600.0,golovin_relative_error_radius_moment_0_m3,0.00016382287507628714,-0.001112559005922125,0.0014402047560746992,0.05,True
42,131072,262144,600.0,golovin_relative_error_radius_moment_6_um6_m3,0.0008865077998372172,-0.0029774637933029555,0.00475047939297739,0.05,True
42,131072,262144,1200.0,ensemble_mean_l1_bins_500,0.0008464294219957093,0.0003752826018395513,0.004118149436833846,0.01,True
42,131072,262144,1200.0,golovin_relative_error_radius_moment_0_m3,-8.657924200521582e-05,-0.0017717166005315056,0.001598558116521074,0.05,True
42,131072,262144,1200.0,golovin_relative_error_radius_moment_6_um6_m3,7.791571862661006e-06,-0.005732208050878814,0.005747791194604135,0.05,True
42,131072,262144,1800.0,ensemble_mean_l1_bins_500,0.0012721035654429773,0.00027400162277460517,0.0037887153073221285,0.01,True
42,131072,262144,1800.0,golovin_relative_error_radius_moment_0_m3,0.0002146955392887162,-0.0017767288594608627,0.002206119938038295,0.05,True
42,131072,262144,1800.0,golovin_relative_error_radius_moment_6_um6_m3,0.0013788689827167588,-0.004895543565794823,0.0076532815312283405,0.05,True
42,131072,262144,2400.0,ensemble_mean_l1_bins_500,0.001735620714457784,0.0009310489777558568,0.004861186853924915,0.01,True
42,131072,262144,2400.0,golovin_relative_error_radius_moment_0_m3,-4.2403988575356226e-07,-0.0020481797993541166,0.002047331719582609,0.05,True
42,131072,262144,2400.0,golovin_relative_error_radius_moment_6_um6_m3,0.0014596419037190356,-0.00684214814335827,0.009761431950796342,0.05,True
42,131072,262144,3000.0,ensemble_mean_l1_bins_500,0.0027775652188570202,0.0014669357883464534,0.0064788151334040185,0.01,True
42,131072,262144,3000.0,golovin_relative_error_radius_moment_0_m3,-0.00038104480703589957,-0.002458284524965329,0.0016961949108935297,0.05,True
42,131072,262144,3000.0,golovin_relative_error_radius_moment_6_um6_m3,-0.0016255043479852008,-0.010528621481650674,0.007277612785680272,0.05,True
42,131072,262144,3600.0,ensemble_mean_l1_bins_500,0.0017254934217523984,0.0008116141597845648,0.006678938717614133,0.01,True
42,131072,262144,3600.0,golovin_relative_error_radius_moment_0_m3,-0.0005136906947181564,-0.002638571562115406,0.001611190172679093,0.05,True
42,131072,262144,3600.0,golovin_relative_error_radius_moment_6_um6_m3,-0.0049779613673325345,-0.01564843169701878,0.00569250896235371,0.05,True
42,262144,524288,600.0,ensemble_mean_l1_bins_500,0.0007355156887138433,0.00016475563293876316,0.0029298837805482735,0.01,True
42,262144,524288,600.0,golovin_relative_error_radius_moment_0_m3,0.00040141646928275597,-0.00045709502549555334,0.0012599279640610652,0.05,True
42,262144,524288,600.0,golovin_relative_error_radius_moment_6_um6_m3,-0.0014727588055359676,-0.004098108367285464,0.0011525907562135286,0.05,True
42,262144,524288,1200.0,ensemble_mean_l1_bins_500,0.0017338786552034127,0.0008540406544390435,0.0033798412747824166,0.01,True
42,262144,524288,1200.0,golovin_relative_error_radius_moment_0_m3,0.0004847951379755466,-0.000553361086950894,0.0015229513629019874,0.05,True
42,262144,524288,1200.0,golovin_relative_error_radius_moment_6_um6_m3,-0.0025171231595888036,-0.0066928437337088675,0.0016585974145312604,0.05,True
42,262144,524288,1800.0,ensemble_mean_l1_bins_500,6.46959507032141e-05,-0.00036028558456281066,0.002117391208903844,0.01,True
42,262144,524288,1800.0,golovin_relative_error_radius_moment_0_m3,0.0003837102741382026,-0.0008080250434525,0.0015754455917289052,0.05,True
42,262144,524288,1800.0,golovin_relative_error_radius_moment_6_um6_m3,-0.00348228201715288,-0.008241807832955401,0.0012772437986496416,0.05,True
42,262144,524288,2400.0,ensemble_mean_l1_bins_500,0.0006598738745946893,0.0003446644359353532,0.0029829343348370283,0.01,True
42,262144,524288,2400.0,golovin_relative_error_radius_moment_0_m3,0.0004035918554146756,-0.0008569306771997304,0.0016641143880290815,0.05,True
42,262144,524288,2400.0,golovin_relative_error_radius_moment_6_um6_m3,-0.0037443082844848875,-0.009636218542707634,0.002147601973737859,0.05,True
42,262144,524288,3000.0,ensemble_mean_l1_bins_500,0.001516543545350411,0.0007417861642487188,0.004107917898614177,0.01,True
42,262144,524288,3000.0,golovin_relative_error_radius_moment_0_m3,0.0007277641279180336,-0.0005453978556582718,0.002000926111494339,0.05,True
42,262144,524288,3000.0,golovin_relative_error_radius_moment_6_um6_m3,-0.0038374098021472934,-0.010452610455661985,0.0027777908513673985,0.05,True
42,262144,524288,3600.0,ensemble_mean_l1_bins_500,0.0032703426268106423,0.0017194711017493476,0.005951188971325451,0.01,True
42,262144,524288,3600.0,golovin_relative_error_radius_moment_0_m3,0.0007689713332399318,-0.0005134232718198332,0.002051365938299697,0.05,True
42,262144,524288,3600.0,golovin_relative_error_radius_moment_6_um6_m3,-0.005357345645719678,-0.013790775107952236,0.0030760838165128793,0.05,True
42,524288,1048576,600.0,ensemble_mean_l1_bins_500,0.0010780850054800933,0.0005373110293029091,0.002474470759485665,0.01,True
42,524288,1048576,600.0,golovin_relative_error_radius_moment_0_m3,-8.31498148549792e-05,-0.0007372336037219928,0.0005709339740120344,0.05,True
42,524288,1048576,600.0,golovin_relative_error_radius_moment_6_um6_m3,0.0012328279854281511,-0.0004659737808048899,0.0029316297516611923,0.05,True
42,524288,1048576,1200.0,ensemble_mean_l1_bins_500,0.0009844293107363067,0.0005115564219863363,0.0024324518867583893,0.01,True
42,524288,1048576,1200.0,golovin_relative_error_radius_moment_0_m3,0.0004598926614633192,-0.0003546882099553069,0.0012744735328819453,0.05,True
42,524288,1048576,1200.0,golovin_relative_error_radius_moment_6_um6_m3,0.0014552631040591346,-0.0012868737418645104,0.004197399949982779,0.05,True
42,524288,1048576,1800.0,ensemble_mean_l1_bins_500,0.0010559623399274479,0.00045043671614400187,0.0022103138813716005,0.01,True
42,524288,1048576,1800.0,golovin_relative_error_radius_moment_0_m3,0.00044236324496952587,-0.0004450822042071721,0.0013298086941462238,0.05,True
42,524288,1048576,1800.0,golovin_relative_error_radius_moment_6_um6_m3,0.001893796506546459,-0.0010642883180581545,0.0048518813311510724,0.05,True
42,524288,1048576,2400.0,ensemble_mean_l1_bins_500,0.0007962183811570352,0.00048539380868155833,0.0018993282067074901,0.01,True
42,524288,1048576,2400.0,golovin_relative_error_radius_moment_0_m3,0.0002887796449694635,-0.0006483814015766671,0.001225940691515594,0.05,True
42,524288,1048576,2400.0,golovin_relative_error_radius_moment_6_um6_m3,0.0021344281150293297,-0.0014536850700624334,0.005722541300121092,0.05,True
42,524288,1048576,3000.0,ensemble_mean_l1_bins_500,0.0008141929583655801,0.0002787981803671762,0.002622075815073284,0.01,True
42,524288,1048576,3000.0,golovin_relative_error_radius_moment_0_m3,0.00020163086389133998,-0.0007407507869955491,0.0011440125147782292,0.05,True
42,524288,1048576,3000.0,golovin_relative_error_radius_moment_6_um6_m3,0.0024725315069291432,-0.0019869337771818547,0.006931996791040141,0.05,True
42,524288,1048576,3600.0,ensemble_mean_l1_bins_500,0.0010994792830759216,0.0007569151165856743,0.0034769316456340375,0.01,True
42,524288,1048576,3600.0,golovin_relative_error_radius_moment_0_m3,0.00019295888261293247,-0.0007588518618058815,0.0011447696270317463,0.05,True
42,524288,1048576,3600.0,golovin_relative_error_radius_moment_6_um6_m3,0.002438405528546057,-0.0033328184339936765,0.00820962949108579,0.05,True
43,4096,8192,600.0,ensemble_mean_l1_bins_500,0.010646443679656024,0.004883754544014148,0.02646225628015377,0.01,False
43,4096,8192,600.0,golovin_relative_error_radius_moment_0_m3,0.002918019986929295,-0.00550478935490558,0.011340829328764169,0.05,True
43,4096,8192,600.0,golovin_relative_error_radius_moment_6_um6_m3,-0.009391378343555325,-0.029737786159470054,0.010955029472359403,0.05,True
43,4096,8192,1200.0,ensemble_mean_l1_bins_500,0.01032932340727128,0.004659029691101156,0.026639842419987597,0.01,False
43,4096,8192,1200.0,golovin_relative_error_radius_moment_0_m3,0.0011462970863592092,-0.008380983686965228,0.010673577859683646,0.05,True
43,4096,8192,1200.0,golovin_relative_error_radius_moment_6_um6_m3,-0.009496849491848577,-0.041043264183449044,0.02204956519975189,0.05,True
43,4096,8192,1800.0,ensemble_mean_l1_bins_500,0.010539323146189473,0.005147853461143684,0.025936265655638235,0.01,False
43,4096,8192,1800.0,golovin_relative_error_radius_moment_0_m3,-0.002686110060303406,-0.013031325777397572,0.007659105656790758,0.05,True
43,4096,8192,1800.0,golovin_relative_error_radius_moment_6_um6_m3,-0.005732354361670149,-0.04432780372182412,0.032863094998483826,0.05,True
43,4096,8192,2400.0,ensemble_mean_l1_bins_500,0.014121665108384713,0.00771421176068674,0.03081429777319947,0.01,False
43,4096,8192,2400.0,golovin_relative_error_radius_moment_0_m3,-0.0015882544173717438,-0.012873333178628139,0.009696824343884651,0.05,True
43,4096,8192,2400.0,golovin_relative_error_radius_moment_6_um6_m3,0.0011396646773432668,-0.04307956943022184,0.04535889878490837,0.05,True
43,4096,8192,3000.0,ensemble_mean_l1_bins_500,0.016170966190678197,0.00605071879368501,0.03434533730872596,0.01,False
43,4096,8192,3000.0,golovin_relative_error_radius_moment_0_m3,-7.9981786087523e-06,-0.011276435510555412,0.011260439153337909,0.05,True
43,4096,8192,3000.0,golovin_relative_error_radius_moment_6_um6_m3,0.009258408735591106,-0.04705287139179034,0.06556968886297256,0.05,False
43,4096,8192,3600.0,ensemble_mean_l1_bins_500,0.01523766158126355,0.008571208529876796,0.039236648228068875,0.01,False
43,4096,8192,3600.0,golovin_relative_error_radius_moment_0_m3,0.00011808026243442554,-0.011258567516777018,0.01149472804164587,0.05,True
43,4096,8192,3600.0,golovin_relative_error_radius_moment_6_um6_m3,-0.011400566122131662,-0.07562207060929922,0.052820938365035895,0.05,False
43,8192,16384,600.0,ensemble_mean_l1_bins_500,0.00447613162721236,0.0011574604889268566,0.017196446562879945,0.01,False
43,8192,16384,600.0,golovin_relative_error_radius_moment_0_m3,-0.0005037539747149311,-0.005957587516669484,0.004950079567239622,0.05,True
43,8192,16384,600.0,golovin_relative_error_radius_moment_6_um6_m3,-0.006482440720361811,-0.023156363245530526,0.010191481804806904,0.05,True
43,8192,16384,1200.0,ensemble_mean_l1_bins_500,0.011324354208979644,0.005438156603396352,0.020764520845467593,0.01,False
43,8192,16384,1200.0,golovin_relative_error_radius_moment_0_m3,-0.0025524423585875965,-0.009535249072763654,0.004430364355588461,0.05,True
43,8192,16384,1200.0,golovin_relative_error_radius_moment_6_um6_m3,0.0025103638737196702,-0.02043030982915569,0.02545103757659503,0.05,True
43,8192,16384,1800.0,ensemble_mean_l1_bins_500,0.00480244635985496,0.0024756661646361247,0.016856248761363712,0.01,False
43,8192,16384,1800.0,golovin_relative_error_radius_moment_0_m3,-0.0011936271905278305,-0.008659716256887554,0.006272461875831893,0.05,True
43,8192,16384,1800.0,golovin_relative_error_radius_moment_6_um6_m3,-0.0013483605455431504,-0.02997130885007821,0.027274587758991914,0.05,True
43,8192,16384,2400.0,ensemble_mean_l1_bins_500,0.00466168817817194,0.0020018941244440195,0.017922961040187212,0.01,False
43,8192,16384,2400.0,golovin_relative_error_radius_moment_0_m3,0.0016517359100811733,-0.006472818315417296,0.009776290135579643,0.05,True
43,8192,16384,2400.0,golovin_relative_error_radius_moment_6_um6_m3,-0.010217970884599333,-0.04340139940393171,0.022965457634733046,0.05,True
43,8192,16384,3000.0,ensemble_mean_l1_bins_500,0.012827281353564531,0.0070354861244484816,0.026989507360487615,0.01,False
43,8192,16384,3000.0,golovin_relative_error_radius_moment_0_m3,0.000918970439858131,-0.007017749860866928,0.00885569074058319,0.05,True
43,8192,16384,3000.0,golovin_relative_error_radius_moment_6_um6_m3,-0.006490784661598115,-0.04487915281280883,0.0318975834896126,0.05,True
43,8192,16384,3600.0,ensemble_mean_l1_bins_500,0.013202520108023919,0.00712514758407682,0.02905413317392214,0.01,False
43,8192,16384,3600.0,golovin_relative_error_radius_moment_0_m3,0.0010989830137686663,-0.006918160080638426,0.009116126108175759,0.05,True
43,8192,16384,3600.0,golovin_relative_error_radius_moment_6_um6_m3,0.009531054400332403,-0.040839510316598535,0.05990161911726334,0.05,False
43,16384,32768,600.0,ensemble_mean_l1_bins_500,0.006161136760722852,0.0030370562846097414,0.014240933859303289,0.01,False
43,16384,32768,600.0,golovin_relative_error_radius_moment_0_m3,-8.014604561796591e-05,-0.003733878425747764,0.0035735863345118324,0.05,True
43,16384,32768,600.0,golovin_relative_error_radius_moment_6_um6_m3,0.01173651583644503,-0.0005136534839224882,0.02398668515681255,0.05,True
43,16384,32768,1200.0,ensemble_mean_l1_bins_500,0.005853257028353542,0.0036168322819014513,0.014080438212062741,0.01,False
43,16384,32768,1200.0,golovin_relative_error_radius_moment_0_m3,0.0040571288564103655,-0.0003802231419930231,0.008494480854813753,0.05,True
43,16384,32768,1200.0,golovin_relative_error_radius_moment_6_um6_m3,0.009304513644161018,-0.008468616432145944,0.027077643720467982,0.05,True
43,16384,32768,1800.0,ensemble_mean_l1_bins_500,0.0072090668655704175,0.003894416277171929,0.014049503388664163,0.01,False
43,16384,32768,1800.0,golovin_relative_error_radius_moment_0_m3,0.0034602455734436075,-0.001871725567082155,0.00879221671396937,0.05,True
43,16384,32768,1800.0,golovin_relative_error_radius_moment_6_um6_m3,0.007117916265123314,-0.013623300618597154,0.027859133148843782,0.05,True
43,16384,32768,2400.0,ensemble_mean_l1_bins_500,0.00751030049743337,0.00443116756888706,0.01589024107628613,0.01,False
43,16384,32768,2400.0,golovin_relative_error_radius_moment_0_m3,0.0024852759826798354,-0.0028918230288694415,0.007862374994229112,0.05,True
43,16384,32768,2400.0,golovin_relative_error_radius_moment_6_um6_m3,0.009559972069699996,-0.013031174486439957,0.03215111862583995,0.05,True
43,16384,32768,3000.0,ensemble_mean_l1_bins_500,0.0021359369937048803,0.00040634399549011936,0.014091987545574707,0.01,False
43,16384,32768,3000.0,golovin_relative_error_radius_moment_0_m3,0.002119471252625711,-0.0033864701793775436,0.007625412684628966,0.05,True
43,16384,32768,3000.0,golovin_relative_error_radius_moment_6_um6_m3,0.007043881161207308,-0.019638349695402395,0.03372611201781701,0.05,True
43,16384,32768,3600.0,ensemble_mean_l1_bins_500,0.005348978564942396,0.002723541598074177,0.01813469218718341,0.01,False
43,16384,32768,3600.0,golovin_relative_error_radius_moment_0_m3,0.002085467647579744,-0.0034926607777001194,0.007663596072859607,0.05,True
43,16384,32768,3600.0,golovin_relative_error_radius_moment_6_um6_m3,-0.006194628109735574,-0.04102668541647202,0.028637429197000866,0.05,True
43,32768,65536,600.0,ensemble_mean_l1_bins_500,0.004128061565405553,0.0017216020327042436,0.00959361743373795,0.01,True
43,32768,65536,600.0,golovin_relative_error_radius_moment_0_m3,0.002110027418174125,-0.0005784463913394897,0.00479850122768774,0.05,True
43,32768,65536,600.0,golovin_relative_error_radius_moment_6_um6_m3,-0.005308097953690396,-0.012913062707406064,0.0022968668000252716,0.05,True
43,32768,65536,1200.0,ensemble_mean_l1_bins_500,0.0033165862281304154,0.0013907001705772166,0.009063064179862522,0.01,True
43,32768,65536,1200.0,golovin_relative_error_radius_moment_0_m3,-0.00021531732888159017,-0.003707364724809919,0.003276730067046739,0.05,True
43,32768,65536,1200.0,golovin_relative_error_radius_moment_6_um6_m3,-0.005829066211151308,-0.017569047839082894,0.005910915416780279,0.05,True
43,32768,65536,1800.0,ensemble_mean_l1_bins_500,0.0022106959658821177,0.0012561596532243693,0.008445303199677099,0.01,True
43,32768,65536,1800.0,golovin_relative_error_radius_moment_0_m3,-0.0005116366193819945,-0.0044798839099752545,0.003456610671211265,0.05,True
43,32768,65536,1800.0,golovin_relative_error_radius_moment_6_um6_m3,-0.004109276868206422,-0.01815276095176506,0.009934207215352214,0.05,True
43,32768,65536,2400.0,ensemble_mean_l1_bins_500,0.0029214316708307247,0.0012928013945820154,0.009143055698401252,0.01,True
43,32768,65536,2400.0,golovin_relative_error_radius_moment_0_m3,-0.0008068765792259502,-0.004874334351074544,0.0032605811926226438,0.05,True
43,32768,65536,2400.0,golovin_relative_error_radius_moment_6_um6_m3,-0.006609878357270577,-0.023345688172370135,0.01012593145782898,0.05,True
43,32768,65536,3000.0,ensemble_mean_l1_bins_500,0.005770418455639723,0.003439713643963037,0.01280232202643189,0.01,False
43,32768,65536,3000.0,golovin_relative_error_radius_moment_0_m3,-0.000476973385106203,-0.004699223145294592,0.003745276375082186,0.05,True
43,32768,65536,3000.0,golovin_relative_error_radius_moment_6_um6_m3,-0.0059289581581573264,-0.025683800313152497,0.013825883996837846,0.05,True
43,32768,65536,3600.0,ensemble_mean_l1_bins_500,0.005294262234892724,0.002148808859831881,0.013554325707268793,0.01,False
43,32768,65536,3600.0,golovin_relative_error_radius_moment_0_m3,-0.0006184310353840617,-0.004827699970727433,0.0035908378999593093,0.05,True
43,32768,65536,3600.0,golovin_relative_error_radius_moment_6_um6_m3,-0.005842607661894012,-0.02809718221984894,0.016411966896060916,0.05,True
43,65536,131072,600.0,ensemble_mean_l1_bins_500,0.0022743987140059945,0.0012328343529811618,0.00670574285334562,0.01,True
43,65536,131072,600.0,golovin_relative_error_radius_moment_0_m3,-0.0022571724052171806,-0.0041855719584468895,-0.0003287728519874714,0.05,True
43,65536,131072,600.0,golovin_relative_error_radius_moment_6_um6_m3,-0.0003480841588496531,-0.005482430349254239,0.004786262031554933,0.05,True
43,65536,131072,1200.0,ensemble_mean_l1_bins_500,0.0018120146021446447,0.0005409327995923457,0.0062932812947983936,0.01,True
43,65536,131072,1200.0,golovin_relative_error_radius_moment_0_m3,-0.002388720251492169,-0.00496648577530449,0.0001890452723201522,0.05,True
43,65536,131072,1200.0,golovin_relative_error_radius_moment_6_um6_m3,0.003932841125203463,-0.0035396508319774003,0.011405333082384327,0.05,True
43,65536,131072,1800.0,ensemble_mean_l1_bins_500,0.0029760395838790577,0.001869118033799485,0.006946606465727636,0.01,True
43,65536,131072,1800.0,golovin_relative_error_radius_moment_0_m3,-0.0017948561576964827,-0.004626913136166448,0.001037200820773482,0.05,True
43,65536,131072,1800.0,golovin_relative_error_radius_moment_6_um6_m3,0.0024392991328900473,-0.0064233490686366745,0.011301947334416768,0.05,True
43,65536,131072,2400.0,ensemble_mean_l1_bins_500,0.002915254703770369,0.0015041911157179584,0.007001067663669255,0.01,True
43,65536,131072,2400.0,golovin_relative_error_radius_moment_0_m3,-0.0012539710839893203,-0.004230535642937334,0.001722593474958694,0.05,True
43,65536,131072,2400.0,golovin_relative_error_radius_moment_6_um6_m3,0.0016295257509943118,-0.009102149746431502,0.012361201248420125,0.05,True
43,65536,131072,3000.0,ensemble_mean_l1_bins_500,0.00402507820412765,0.0022100309261579116,0.00873136427303183,0.01,True
43,65536,131072,3000.0,golovin_relative_error_radius_moment_0_m3,-0.0009783010397904968,-0.003990376046194651,0.0020337739666136567,0.05,True
43,65536,131072,3000.0,golovin_relative_error_radius_moment_6_um6_m3,0.0033484677999073243,-0.008402114525985844,0.01509905012580049,0.05,True
43,65536,131072,3600.0,ensemble_mean_l1_bins_500,0.005604289643961436,0.002819805997186724,0.010812946520199764,0.01,False
43,65536,131072,3600.0,golovin_relative_error_radius_moment_0_m3,-0.0008456269565198626,-0.0038757704581654975,0.002184516545125772,0.05,True
43,65536,131072,3600.0,golovin_relative_error_radius_moment_6_um6_m3,0.010087571690162656,-0.00373478684307961,0.023909930223404922,0.05,True
43,131072,262144,600.0,ensemble_mean_l1_bins_500,0.002497011719437583,0.0011585492265306114,0.005022240355098683,0.01,True
43,131072,262144,600.0,golovin_relative_error_radius_moment_0_m3,0.00016382287507628714,-0.0010970942004653688,0.001424739950617943,0.05,True
43,131072,262144,600.0,golovin_relative_error_radius_moment_6_um6_m3,0.0008865077998372172,-0.0029307315703742303,0.004703747170048665,0.05,True
43,131072,262144,1200.0,ensemble_mean_l1_bins_500,0.0008464294219957093,0.0003705951533444319,0.004109337757096987,0.01,True
43,131072,262144,1200.0,golovin_relative_error_radius_moment_0_m3,-8.657924200521582e-05,-0.0017512609128727422,0.0015781024288623105,0.05,True
43,131072,262144,1200.0,golovin_relative_error_radius_moment_6_um6_m3,7.791571862661006e-06,-0.005662897259209229,0.005678480402934552,0.05,True
43,131072,262144,1800.0,ensemble_mean_l1_bins_500,0.0012721035654429773,0.00030134189083143455,0.0037607592633983286,0.01,True
43,131072,262144,1800.0,golovin_relative_error_radius_moment_0_m3,0.0002146955392887162,-0.0017525362391105199,0.002181927317687952,0.05,True
43,131072,262144,1800.0,golovin_relative_error_radius_moment_6_um6_m3,0.0013788689827167588,-0.004819892765737253,0.007577630731170771,0.05,True
43,131072,262144,2400.0,ensemble_mean_l1_bins_500,0.001735620714457784,0.0009045768146440848,0.004870990582923341,0.01,True
43,131072,262144,2400.0,golovin_relative_error_radius_moment_0_m3,-4.2403988575356226e-07,-0.002023336077161867,0.0020224879973903594,0.05,True
43,131072,262144,2400.0,golovin_relative_error_radius_moment_6_um6_m3,0.0014596419037190356,-0.006741926647541591,0.009661210454979662,0.05,True
43,131072,262144,3000.0,ensemble_mean_l1_bins_500,0.0027775652188570202,0.001482172233727675,0.006447169407431772,0.01,True
43,131072,262144,3000.0,golovin_relative_error_radius_moment_0_m3,-0.00038104480703589957,-0.00243307407847173,0.0016709844643999308,0.05,True
43,131072,262144,3000.0,golovin_relative_error_radius_moment_6_um6_m3,-0.0016255043479852008,-0.010421165211082464,0.007170156515112061,0.05,True
43,131072,262144,3600.0,ensemble_mean_l1_bins_500,0.0017254934217523984,0.0008005102525857541,0.00660046194082485,0.01,True
43,131072,262144,3600.0,golovin_relative_error_radius_moment_0_m3,-0.0005136906947181564,-0.0026127634797896166,0.0015853820903533036,0.05,True
43,131072,262144,3600.0,golovin_relative_error_radius_moment_6_um6_m3,-0.0049779613673325345,-0.015519779912676366,0.005563857178011296,0.05,True
43,262144,524288,600.0,ensemble_mean_l1_bins_500,0.0007355156887138433,0.00017427717504280883,0.002906851773212155,0.01,True
43,262144,524288,600.0,golovin_relative_error_radius_moment_0_m3,0.00040141646928275597,-0.0004467328836202426,0.0012495658221857546,0.05,True
43,262144,524288,600.0,golovin_relative_error_radius_moment_6_um6_m3,-0.0014727588055359676,-0.00406633284968547,0.0011208152386135346,0.05,True
43,262144,524288,1200.0,ensemble_mean_l1_bins_500,0.0017338786552034127,0.0008531816142545882,0.0033567970762044094,0.01,True
43,262144,524288,1200.0,golovin_relative_error_radius_moment_0_m3,0.0004847951379755466,-0.0005408183292153425,0.0015104086051664358,0.05,True
43,262144,524288,1200.0,golovin_relative_error_radius_moment_6_um6_m3,-0.0025171231595888036,-0.006642320022805928,0.0016080737036283212,0.05,True
43,262144,524288,1800.0,ensemble_mean_l1_bins_500,6.46959507032141e-05,-0.0003553662793826485,0.0020714729193771295,0.01,True
43,262144,524288,1800.0,golovin_relative_error_radius_moment_0_m3,0.0003837102741382026,-0.0007936252636230922,0.0015610458118994973,0.05,True
43,262144,524288,1800.0,golovin_relative_error_radius_moment_6_um6_m3,-0.00348228201715288,-0.008184073031880464,0.001219508997574704,0.05,True
43,262144,524288,2400.0,ensemble_mean_l1_bins_500,0.0006598738745946893,0.0003450008547807918,0.002948977546030813,0.01,True
43,262144,524288,2400.0,golovin_relative_error_radius_moment_0_m3,0.0004035918554146756,-0.0008416851068383452,0.0016488688176676963,0.05,True
43,262144,524288,2400.0,golovin_relative_error_radius_moment_6_um6_m3,-0.0037443082844848875,-0.009564742885098142,0.0020761263161283663,0.05,True
43,262144,524288,3000.0,ensemble_mean_l1_bins_500,0.001516543545350411,0.0007611833751560038,0.004062472639980786,0.01,True
43,262144,524288,3000.0,golovin_relative_error_radius_moment_0_m3,0.0007277641279180336,-0.000530006422378054,0.0019855346782141213,0.05,True
43,262144,524288,3000.0,golovin_relative_error_radius_moment_6_um6_m3,-0.0038374098021472934,-0.01037257382906811,0.0026977542247735233,0.05,True
43,262144,524288,3600.0,ensemble_mean_l1_bins_500,0.0032703426268106423,0.0016939588635452457,0.005906925499719124,0.01,True
43,262144,524288,3600.0,golovin_relative_error_radius_moment_0_m3,0.0007689713332399318,-0.0004979285917700081,0.002035871258249872,0.05,True
43,262144,524288,3600.0,golovin_relative_error_radius_moment_6_um6_m3,-0.005357345645719678,-0.013688772011698061,0.0029740807202587047,0.05,True
43,524288,1048576,600.0,ensemble_mean_l1_bins_500,0.0010780850054800933,0.0005419821641006628,0.0024426490926845556,0.01,True
43,524288,1048576,600.0,golovin_relative_error_radius_moment_0_m3,-8.31498148549792e-05,-0.0007293315049513632,0.0005630318752414048,0.05,True
43,524288,1048576,600.0,golovin_relative_error_radius_moment_6_um6_m3,0.0012328279854281511,-0.0004453795880646719,0.002911035558920974,0.05,True
43,524288,1048576,1200.0,ensemble_mean_l1_bins_500,0.0009844293107363067,0.0005090625084357973,0.002424774860585887,0.01,True
43,524288,1048576,1200.0,golovin_relative_error_radius_moment_0_m3,0.0004598926614633192,-0.0003448691135990337,0.0012646544365256722,0.05,True
43,524288,1048576,1200.0,golovin_relative_error_radius_moment_6_um6_m3,0.0014552631040591346,-0.0012536393226072265,0.004164165530725496,0.05,True
43,524288,1048576,1800.0,ensemble_mean_l1_bins_500,0.0010559623399274479,0.00044426518415280005,0.002196176181545396,0.01,True
43,524288,1048576,1800.0,golovin_relative_error_radius_moment_0_m3,0.00044236324496952587,-0.0004343713574913638,0.0013190978474304155,0.05,True
43,524288,1048576,1800.0,golovin_relative_error_radius_moment_6_um6_m3,0.001893796506546459,-0.0010285207421180495,0.004816113755210967,0.05,True
43,524288,1048576,2400.0,ensemble_mean_l1_bins_500,0.0007962183811570352,0.0004755006846437308,0.0018820051904899898,0.01,True
43,524288,1048576,2400.0,golovin_relative_error_radius_moment_0_m3,0.0002887796449694635,-0.0006370819202755811,0.001214641210214508,0.05,True
43,524288,1048576,2400.0,golovin_relative_error_radius_moment_6_um6_m3,0.0021344281150293297,-0.0014102503762945134,0.005679106606353172,0.05,True
43,524288,1048576,3000.0,ensemble_mean_l1_bins_500,0.0008141929583655801,0.0002801950876717735,0.0026165331170244026,0.01,True
43,524288,1048576,3000.0,golovin_relative_error_radius_moment_0_m3,0.00020163086389133998,-0.0007293820491438346,0.0011326437769265147,0.05,True
43,524288,1048576,3000.0,golovin_relative_error_radius_moment_6_um6_m3,0.0024725315069291432,-0.0019329802735126513,0.006878043287370938,0.05,True
43,524288,1048576,3600.0,ensemble_mean_l1_bins_500,0.0010994792830759216,0.000767255829618653,0.003456465494847668,0.01,True
43,524288,1048576,3600.0,golovin_relative_error_radius_moment_0_m3,0.00019295888261293247,-0.0007473621640643447,0.0011332799292902095,0.05,True
43,524288,1048576,3600.0,golovin_relative_error_radius_moment_6_um6_m3,0.002438405528546057,-0.00326300932420151,0.008139820381293624,0.05,True
44,4096,8192,600.0,ensemble_mean_l1_bins_500,0.010646443679656024,0.004932576831893028,0.026248005203478572,0.01,False
44,4096,8192,600.0,golovin_relative_error_radius_moment_0_m3,0.002918019986929295,-0.005405220794720935,0.011241260768579524,0.05,True
44,4096,8192,600.0,golovin_relative_error_radius_moment_6_um6_m3,-0.009391378343555325,-0.029498191029389054,0.010715434342278403,0.05,True
44,4096,8192,1200.0,ensemble_mean_l1_bins_500,0.01032932340727128,0.00456818073153917,0.026330999967067698,0.01,False
44,4096,8192,1200.0,golovin_relative_error_radius_moment_0_m3,0.0011462970863592092,-0.008268770721036026,0.010561364893754444,0.05,True
44,4096,8192,1200.0,golovin_relative_error_radius_moment_6_um6_m3,-0.009496849491848577,-0.040670662310891954,0.0216769633271948,0.05,True
44,4096,8192,1800.0,ensemble_mean_l1_bins_500,0.010539323146189473,0.005270917748946327,0.025627938815928345,0.01,False
44,4096,8192,1800.0,golovin_relative_error_radius_moment_0_m3,-0.002686110060303406,-0.012909315828390066,0.007537095707783253,0.05,True
44,4096,8192,1800.0,golovin_relative_error_radius_moment_6_um6_m3,-0.005732354361670149,-0.04387264504604912,0.03240793632270882,0.05,True
44,4096,8192,2400.0,ensemble_mean_l1_bins_500,0.014121665108384713,0.007715531903315289,0.03057163474722904,0.01,False
44,4096,8192,2400.0,golovin_relative_error_radius_moment_0_m3,-0.0015882544173717438,-0.012740320458505709,0.009563811623762221,0.05,True
44,4096,8192,2400.0,golovin_relative_error_radius_moment_6_um6_m3,0.0011396646773432668,-0.04255879535909281,0.044838124713779334,0.05,True
44,4096,8192,3000.0,ensemble_mean_l1_bins_500,0.016170966190678197,0.006209024701824915,0.03417655313976771,0.01,False
44,4096,8192,3000.0,golovin_relative_error_radius_moment_0_m3,-7.9981786087523e-06,-0.011143517284127907,0.011127520926910401,0.05,True
44,4096,8192,3000.0,golovin_relative_error_radius_moment_6_um6_m3,0.009258408735591106,-0.04638823475839411,0.06490505222957632,0.05,False
44,4096,8192,3600.0,ensemble_mean_l1_bins_500,0.01523766158126355,0.008573603286244152,0.03871289809844088,0.01,False
44,4096,8192,3600.0,golovin_relative_error_radius_moment_0_m3,0.00011808026243442554,-0.011124359355265796,0.011360519880134649,0.05,True
44,4096,8192,3600.0,golovin_relative_error_radius_moment_6_um6_m3,-0.011400566122131662,-0.07486580283874576,0.052064670594482436,0.05,False
44,8192,16384,600.0,ensemble_mean_l1_bins_500,0.00447613162721236,0.001257533390299271,0.016942819947125213,0.01,False
44,8192,16384,600.0,golovin_relative_error_radius_moment_0_m3,-0.0005037539747149311,-0.005893105832970372,0.00488559788354051,0.05,True
44,8192,16384,600.0,golovin_relative_error_radius_moment_6_um6_m3,-0.006482440720361811,-0.02295992132814587,0.009995039887422247,0.05,True
44,8192,16384,1200.0,ensemble_mean_l1_bins_500,0.011324354208979644,0.00551445634165666,0.020630911244850877,0.01,False
44,8192,16384,1200.0,golovin_relative_error_radius_moment_0_m3,-0.0025524423585875965,-0.0094524962609638,0.004347611543788607,0.05,True
44,8192,16384,1200.0,golovin_relative_error_radius_moment_6_um6_m3,0.0025103638737196702,-0.02016013959197429,0.025180867339413632,0.05,True
44,8192,16384,1800.0,ensemble_mean_l1_bins_500,0.00480244635985496,0.002373352594832042,0.016621728606973522,0.01,False
44,8192,16384,1800.0,golovin_relative_error_radius_moment_0_m3,-0.0011936271905278305,-0.008571549153747533,0.006184294772691872,0.05,True
44,8192,16384,1800.0,golovin_relative_error_radius_moment_6_um6_m3,-0.0013483605455431504,-0.029633724868577696,0.0269370037774914,0.05,True
44,8192,16384,2400.0,ensemble_mean_l1_bins_500,0.00466168817817194,0.0020171234655934275,0.01780869650883027,0.01,False
44,8192,16384,2400.0,golovin_relative_error_radius_moment_0_m3,0.0016517359100811733,-0.006376683335736249,0.009680155155898595,0.05,True
44,8192,16384,2400.0,golovin_relative_error_radius_moment_6_um6_m3,-0.010217970884599333,-0.04300877186364426,0.0225728300944456,0.05,True
44,8192,16384,3000.0,ensemble_mean_l1_bins_500,0.012827281353564531,0.00717169590888176,0.02683787256465765,0.01,False
44,8192,16384,3000.0,golovin_relative_error_radius_moment_0_m3,0.000918970439858131,-0.0069239167804787186,0.00876185766019498,0.05,True
44,8192,16384,3000.0,golovin_relative_error_radius_moment_6_um6_m3,-0.006490784661598115,-0.04442504742924407,0.03144347810604784,0.05,True
44,8192,16384,3600.0,ensemble_mean_l1_bins_500,0.013202520108023919,0.007181075789616359,0.028805582829030396,0.01,False
44,8192,16384,3600.0,golovin_relative_error_radius_moment_0_m3,0.0010989830137686663,-0.006823406500846868,0.0090213725283842,0.05,True
44,8192,16384,3600.0,golovin_relative_error_radius_moment_6_um6_m3,0.009531054400332403,-0.040245001058663875,0.05930710985932868,0.05,False
44,16384,32768,600.0,ensemble_mean_l1_bins_500,0.006161136760722852,0.003062799570285875,0.014135663987041133,0.01,False
44,16384,32768,600.0,golovin_relative_error_radius_moment_0_m3,-8.014604561796591e-05,-0.003690779211607106,0.0035304871203711745,0.05,True
44,16384,32768,600.0,golovin_relative_error_radius_moment_6_um6_m3,0.01173651583644503,-0.00036868937231569754,0.02384172104520576,0.05,True
44,16384,32768,1200.0,ensemble_mean_l1_bins_500,0.005853257028353542,0.003616348988869495,0.013999139330735232,0.01,False
44,16384,32768,1200.0,golovin_relative_error_radius_moment_0_m3,0.0040571288564103655,-0.00032794252140265576,0.008442200234223388,0.05,True
44,16384,32768,1200.0,golovin_relative_error_radius_moment_6_um6_m3,0.009304513644161018,-0.008258759045257228,0.026867786333579266,0.05,True
44,16384,32768,1800.0,ensemble_mean_l1_bins_500,0.0072090668655704175,0.003948512227498793,0.01393549030139636,0.01,False
44,16384,32768,1800.0,golovin_relative_error_radius_moment_0_m3,0.0034602455734436075,-0.001808881374213981,0.008729372521101196,0.05,True
44,16384,32768,1800.0,golovin_relative_error_radius_moment_6_um6_m3,0.007117916265123314,-0.01337844000054923,0.027614272530795857,0.05,True
44,16384,32768,2400.0,ensemble_mean_l1_bins_500,0.00751030049743337,0.004457519783074111,0.01571263927594105,0.01,False
44,16384,32768,2400.0,golovin_relative_error_radius_moment_0_m3,0.0024852759826798354,-0.0028284394924251305,0.007798991457784801,0.05,True
44,16384,32768,2400.0,golovin_relative_error_radius_moment_6_um6_m3,0.009559972069699996,-0.012765107095024014,0.031885051234424006,0.05,True
44,16384,32768,3000.0,ensemble_mean_l1_bins_500,0.0021359369937048803,0.0004123625664916607,0.013899614462418712,0.01,False
44,16384,32768,3000.0,golovin_relative_error_radius_moment_0_m3,0.002119471252625711,-0.003321605790579055,0.007560548295830477,0.05,True
44,16384,32768,3000.0,golovin_relative_error_radius_moment_6_um6_m3,0.007043881161207308,-0.019324195315119204,0.03341195763753382,0.05,True
44,16384,32768,3600.0,ensemble_mean_l1_bins_500,0.005348978564942396,0.0027690675230795194,0.017876378441364336,0.01,False
44,16384,32768,3600.0,golovin_relative_error_radius_moment_0_m3,0.002085467647579744,-0.003426927147829136,0.007597862442988624,0.05,True
44,16384,32768,3600.0,golovin_relative_error_radius_moment_6_um6_m3,-0.006194628109735574,-0.0406150431827988,0.02822578696332765,0.05,True
44,32768,65536,600.0,ensemble_mean_l1_bins_500,0.004128061565405553,0.0017961050076656247,0.00946717948551069,0.01,True
44,32768,65536,600.0,golovin_relative_error_radius_moment_0_m3,0.002110027418174125,-0.0005467414435714976,0.004766796279919747,0.05,True
44,32768,65536,600.0,golovin_relative_error_radius_moment_6_um6_m3,-0.005308097953690396,-0.012823117334867712,0.002206921427486919,0.05,True
44,32768,65536,1200.0,ensemble_mean_l1_bins_500,0.0033165862281304154,0.0013622974338159707,0.008993503879678337,0.01,True
44,32768,65536,1200.0,golovin_relative_error_radius_moment_0_m3,-0.00021531732888159017,-0.003666206105506919,0.0032355714477437392,0.05,True
44,32768,65536,1200.0,golovin_relative_error_radius_moment_6_um6_m3,-0.005829066211151308,-0.017429990612257036,0.005771858189954419,0.05,True
44,32768,65536,1800.0,ensemble_mean_l1_bins_500,0.0022106959658821177,0.0012639807978776449,0.008315786429660126,0.01,True
44,32768,65536,1800.0,golovin_relative_error_radius_moment_0_m3,-0.0005116366193819945,-0.004433029464095458,0.0034097562253314687,0.05,True
44,32768,65536,1800.0,golovin_relative_error_radius_moment_6_um6_m3,-0.004109276868206422,-0.017986659179900197,0.009768105443487354,0.05,True
44,32768,65536,2400.0,ensemble_mean_l1_bins_500,0.0029214316708307247,0.001279997225451199,0.009035789099438295,0.01,True
44,32768,65536,2400.0,golovin_relative_error_radius_moment_0_m3,-0.0008068765792259502,-0.004826361449923964,0.003212608291472064,0.05,True
44,32768,65536,2400.0,golovin_relative_error_radius_moment_6_um6_m3,-0.006609878357270577,-0.023147494061327285,0.00992773734678613,0.05,True
44,32768,65536,3000.0,ensemble_mean_l1_bins_500,0.005770418455639723,0.0034972079521098,0.012621733613104367,0.01,False
44,32768,65536,3000.0,golovin_relative_error_radius_moment_0_m3,-0.000476973385106203,-0.004649389376997628,0.0036954426067852216,0.05,True
44,32768,65536,3000.0,golovin_relative_error_radius_moment_6_um6_m3,-0.0059289581581573264,-0.025449448982804837,0.013591532666490186,0.05,True
44,32768,65536,3600.0,ensemble_mean_l1_bins_500,0.005294262234892724,0.002133620137808634,0.013392394924498485,0.01,False
44,32768,65536,3600.0,golovin_relative_error_radius_moment_0_m3,-0.0006184310353840617,-0.004778014371213163,0.0035411523004450396,0.05,True
44,32768,65536,3600.0,golovin_relative_error_radius_moment_6_um6_m3,-0.005842607661894012,-0.027833570187707664,0.01614835486391964,0.05,True
44,65536,131072,600.0,ensemble_mean_l1_bins_500,0.0022743987140059945,0.0011800106653288745,0.006651250245488019,0.01,True
44,65536,131072,600.0,golovin_relative_error_radius_moment_0_m3,-0.0022571724052171806,-0.0041627862158187005,-0.0003515585946156604,0.05,True
44,65536,131072,600.0,golovin_relative_error_radius_moment_6_um6_m3,-0.0003480841588496531,-0.005421916194097162,0.004725747876397855,0.05,True
44,65536,131072,1200.0,ensemble_mean_l1_bins_500,0.0018120146021446447,0.0005451011115435677,0.00624758129240379,0.01,True
44,65536,131072,1200.0,golovin_relative_error_radius_moment_0_m3,-0.002388720251492169,-0.004936035119479387,0.0001585946164950492,0.05,True
44,65536,131072,1200.0,golovin_relative_error_radius_moment_6_um6_m3,0.003932841125203463,-0.003451557287548073,0.011317239537955,0.05,True
44,65536,131072,1800.0,ensemble_mean_l1_bins_500,0.0029760395838790577,0.0019035913165909512,0.006902550864617968,0.01,True
44,65536,131072,1800.0,golovin_relative_error_radius_moment_0_m3,-0.0017948561576964827,-0.004593525876621677,0.0010038135612287125,0.05,True
44,65536,131072,1800.0,golovin_relative_error_radius_moment_6_um6_m3,0.0024392991328900473,-0.0063185169793951584,0.011197115245175252,0.05,True
44,65536,131072,2400.0,ensemble_mean_l1_bins_500,0.002915254703770369,0.0015029731956986952,0.006872075327127899,0.01,True
44,65536,131072,2400.0,golovin_relative_error_radius_moment_0_m3,-0.0012539710839893203,-0.004195414888902712,0.0016874727209240706,0.05,True
44,65536,131072,2400.0,golovin_relative_error_radius_moment_6_um6_m3,0.0016295257509943118,-0.008975637434110076,0.012234688936098699,0.05,True
44,65536,131072,3000.0,ensemble_mean_l1_bins_500,0.00402507820412765,0.002203459453581142,0.008665904109148496,0.01,True
44,65536,131072,3000.0,golovin_relative_error_radius_moment_0_m3,-0.0009783010397904968,-0.003954841887831342,0.0019982398082503488,0.05,True
44,65536,131072,3000.0,golovin_relative_error_radius_moment_6_um6_m3,0.0033484677999073243,-0.008263504201353359,0.01496043980116801,0.05,True
44,65536,131072,3600.0,ensemble_mean_l1_bins_500,0.005604289643961436,0.0028230177860534087,0.010765163464235922,0.01,False
44,65536,131072,3600.0,golovin_relative_error_radius_moment_0_m3,-0.0008456269565198626,-0.003840043906075995,0.0021487899930362694,0.05,True
44,65536,131072,3600.0,golovin_relative_error_radius_moment_6_um6_m3,0.010087571690162656,-0.0035716639441331667,0.02374680732445848,0.05,True
44,131072,262144,600.0,ensemble_mean_l1_bins_500,0.002497011719437583,0.0011639793154219538,0.0049664421312853035,0.01,True
44,131072,262144,600.0,golovin_relative_error_radius_moment_0_m3,0.00016382287507628714,-0.0010821785670195104,0.0014098243171720847,0.05,True
44,131072,262144,600.0,golovin_relative_error_radius_moment_6_um6_m3,0.0008865077998372172,-0.0028856559311161555,0.00465867153079059,0.05,True
44,131072,262144,1200.0,ensemble_mean_l1_bins_500,0.0008464294219957093,0.00035670589408807703,0.004055560727316042,0.01,True
44,131072,262144,1200.0,golovin_relative_error_radius_moment_0_m3,-8.657924200521582e-05,-0.001731532966348388,0.0015583744823379564,0.05,True
44,131072,262144,1200.0,golovin_relative_error_radius_moment_6_um6_m3,7.791571862661006e-06,-0.0055960395724070616,0.005611622716132384,0.05,True
44,131072,262144,1800.0,ensemble_mean_l1_bins_500,0.0012721035654429773,0.00030098648386500475,0.0037195283579744315,0.01,True
44,131072,262144,1800.0,golovin_relative_error_radius_moment_0_m3,0.0002146955392887162,-0.0017292049675093767,0.0021585960460868093,0.05,True
44,131072,262144,1800.0,golovin_relative_error_radius_moment_6_um6_m3,0.0013788689827167588,-0.004746915529564867,0.007504653494998384,0.05,True
44,131072,262144,2400.0,ensemble_mean_l1_bins_500,0.001735620714457784,0.0009291392452430127,0.004827844355557859,0.01,True
44,131072,262144,2400.0,golovin_relative_error_radius_moment_0_m3,-4.2403988575356226e-07,-0.0019993757278891026,0.001998527648117595,0.05,True
44,131072,262144,2400.0,golovin_relative_error_radius_moment_6_um6_m3,0.0014596419037190356,-0.006645251471640767,0.009564535279078839,0.05,True
44,131072,262144,3000.0,ensemble_mean_l1_bins_500,0.0027775652188570202,0.0014845540199015835,0.0064123719530434905,0.01,True
44,131072,262144,3000.0,golovin_relative_error_radius_moment_0_m3,-0.00038104480703589957,-0.002408760358969863,0.001646670744898064,0.05,True
44,131072,262144,3000.0,golovin_relative_error_radius_moment_6_um6_m3,-0.0016255043479852008,-0.010317510405105855,0.007066501709135453,0.05,True
44,131072,262144,3600.0,ensemble_mean_l1_bins_500,0.0017254934217523984,0.0008339285217808681,0.0065261006795300355,0.01,True
44,131072,262144,3600.0,golovin_relative_error_radius_moment_0_m3,-0.0005136906947181564,-0.0025878740599015377,0.0015604926704652247,0.05,True
44,131072,262144,3600.0,golovin_relative_error_radius_moment_6_um6_m3,-0.0049779613673325345,-0.015395674707709882,0.005439751973044812,0.05,True
44,262144,524288,600.0,ensemble_mean_l1_bins_500,0.0007355156887138433,0.00017687737542554428,0.002871623358500766,0.01,True
44,262144,524288,600.0,golovin_relative_error_radius_moment_0_m3,0.00040141646928275597,-0.0004367373331189231,0.001239570271684435,0.05,True
44,262144,524288,600.0,golovin_relative_error_radius_moment_6_um6_m3,-0.0014727588055359676,-0.0040356845470834145,0.0010901669360114789,0.05,True
44,262144,524288,1200.0,ensemble_mean_l1_bins_500,0.0017338786552034127,0.0008663898579297441,0.003330283737218276,0.01,True
44,262144,524288,1200.0,golovin_relative_error_radius_moment_0_m3,0.0004847951379755466,-0.0005287197377635525,0.0014983100137146458,0.05,True
44,262144,524288,1200.0,golovin_relative_error_radius_moment_6_um6_m3,-0.0025171231595888036,-0.006593588032330841,0.001559341713153234,0.05,True
44,262144,524288,1800.0,ensemble_mean_l1_bins_500,6.46959507032141e-05,-0.00034579069687905447,0.002046962233675451,0.01,True
44,262144,524288,1800.0,golovin_relative_error_radius_moment_0_m3,0.0003837102741382026,-0.0007797354640381941,0.0015471560123145993,0.05,True
44,262144,524288,1800.0,golovin_relative_error_radius_moment_6_um6_m3,-0.00348228201715288,-0.00812839081913212,0.0011638267848263612,0.05,True
44,262144,524288,2400.0,ensemble_mean_l1_bins_500,0.0006598738745946893,0.0003360531034319998,0.0029148107721924284,0.01,True
44,262144,524288,2400.0,golovin_relative_error_radius_moment_0_m3,0.0004035918554146756,-0.0008269799808196983,0.0016341636916490493,0.05,True
44,262144,524288,2400.0,golovin_relative_error_radius_moment_6_um6_m3,-0.0037443082844848875,-0.009495808491770681,0.0020071919228009066,0.05,True
44,262144,524288,3000.0,ensemble_mean_l1_bins_500,0.001516543545350411,0.0007761660265591616,0.004015963802105143,0.01,True
44,262144,524288,3000.0,golovin_relative_error_radius_moment_0_m3,0.0007277641279180336,-0.0005151603602503396,0.0019706886160864067,0.05,True
44,262144,524288,3000.0,golovin_relative_error_radius_moment_6_um6_m3,-0.0038374098021472934,-0.010295375422403776,0.0026205558181091886,0.05,True
44,262144,524288,3600.0,ensemble_mean_l1_bins_500,0.0032703426268106423,0.0017108297667993784,0.005883646741729885,0.01,True
44,262144,524288,3600.0,golovin_relative_error_radius_moment_0_m3,0.0007689713332399318,-0.0004829826500017502,0.0020209253164816137,0.05,True
44,262144,524288,3600.0,golovin_relative_error_radius_moment_6_um6_m3,-0.005357345645719678,-0.013590384982233843,0.002875693690794487,0.05,True
44,524288,1048576,600.0,ensemble_mean_l1_bins_500,0.0010780850054800933,0.0005466223946802844,0.0024443252656535007,0.01,True
44,524288,1048576,600.0,golovin_relative_error_radius_moment_0_m3,-8.31498148549792e-05,-0.0007217092231920979,0.0005554095934821395,0.05,True
44,524288,1048576,600.0,golovin_relative_error_radius_moment_6_um6_m3,0.0012328279854281511,-0.00042551711102318006,0.0028911730818794823,0.05,True
44,524288,1048576,1200.0,ensemble_mean_l1_bins_500,0.0009844293107363067,0.0005190053124127114,0.0023931773014735556,0.01,True
44,524288,1048576,1200.0,golovin_relative_error_radius_moment_0_m3,0.0004598926614633192,-0.00033539695135049145,0.00125518227427713,0.05,True
44,524288,1048576,1200.0,golovin_relative_error_radius_moment_6_um6_m3,0.0014552631040591346,-0.001221585453893381,0.00413211166201165,0.05,True
44,524288,1048576,1800.0,ensemble_mean_l1_bins_500,0.0010559623399274479,0.00046039357231938873,0.0021834114188679704,0.01,True
44,524288,1048576,1800.0,golovin_relative_error_radius_moment_0_m3,0.00044236324496952587,-0.00042403942034419833,0.0013087659102832502,0.05,True
44,524288,1048576,1800.0,golovin_relative_error_radius_moment_6_um6_m3,0.001893796506546459,-0.0009940207731957019,0.00478161378628862,0.05,True
44,524288,1048576,2400.0,ensemble_mean_l1_bins_500,0.0007962183811570352,0.0004865754838054404,0.0018674392247634644,0.01,True
44,524288,1048576,2400.0,golovin_relative_error_radius_moment_0_m3,0.0002887796449694635,-0.000626181775756677,0.001203741065695604,0.05,True
44,524288,1048576,2400.0,golovin_relative_error_radius_moment_6_um6_m3,0.0021344281150293297,-0.0013683567257943112,0.0056372129558529705,0.05,True
44,524288,1048576,3000.0,ensemble_mean_l1_bins_500,0.0008141929583655801,0.0002633063279580619,0.0025805572737842746,0.01,True
44,524288,1048576,3000.0,golovin_relative_error_radius_moment_0_m3,0.00020163086389133998,-0.0007184153153649028,0.0011216770431475827,0.05,True
44,524288,1048576,3000.0,golovin_relative_error_radius_moment_6_um6_m3,0.0024725315069291432,-0.001880940004295935,0.006826003018154222,0.05,True
44,524288,1048576,3600.0,ensemble_mean_l1_bins_500,0.0010994792830759216,0.0007369861680338159,0.003437162102869298,0.01,True
44,524288,1048576,3600.0,golovin_relative_error_radius_moment_0_m3,0.00019295888261293247,-0.000736278998576711,0.0011221967638025759,0.05,True
44,524288,1048576,3600.0,golovin_relative_error_radius_moment_6_um6_m3,0.002438405528546057,-0.003195675182482775,0.008072486239574888,0.05,True
45,4096,8192,600.0,ensemble_mean_l1_bins_500,0.010646443679656024,0.004774877305788249,0.02590324689358163,0.01,False
45,4096,8192,600.0,golovin_relative_error_radius_moment_0_m3,0.002918019986929295,-0.005309103864015266,0.011145143837873855,0.05,True
45,4096,8192,600.0,golovin_relative_error_radius_moment_6_um6_m3,-0.009391378343555325,-0.029266870225753333,0.010484113538642682,0.05,True
45,4096,8192,1200.0,ensemble_mean_l1_bins_500,0.01032932340727128,0.004637740142496205,0.026019203552034482,0.01,False
45,4096,8192,1200.0,golovin_relative_error_radius_moment_0_m3,0.0011462970863592092,-0.008160433723859948,0.010453027896578366,0.05,True
45,4096,8192,1200.0,golovin_relative_error_radius_moment_6_um6_m3,-0.009496849491848577,-0.04031096618946763,0.021317267205770478,0.05,True
45,4096,8192,1800.0,ensemble_mean_l1_bins_500,0.010539323146189473,0.005280498160091107,0.025471019626817797,0.01,False
45,4096,8192,1800.0,golovin_relative_error_radius_moment_0_m3,-0.002686110060303406,-0.012791525806169534,0.0074193056855627205,0.05,True
45,4096,8192,1800.0,golovin_relative_error_radius_moment_6_um6_m3,-0.005732354361670149,-0.043433227793490674,0.03196851907015038,0.05,True
45,4096,8192,2400.0,ensemble_mean_l1_bins_500,0.014121665108384713,0.007753878651877644,0.03038958236274121,0.01,False
45,4096,8192,2400.0,golovin_relative_error_radius_moment_0_m3,-0.0015882544173717438,-0.01261190543187794,0.009435396597134452,0.05,True
45,4096,8192,2400.0,golovin_relative_error_radius_moment_6_um6_m3,0.0011396646773432668,-0.042056007975334875,0.0443353373300214,0.05,True
45,4096,8192,3000.0,ensemble_mean_l1_bins_500,0.016170966190678197,0.006232064405251888,0.033900503673179865,0.01,False
45,4096,8192,3000.0,golovin_relative_error_radius_moment_0_m3,-7.9981786087523e-06,-0.011015196944707279,0.010999200587489776,0.05,True
45,4096,8192,3000.0,golovin_relative_error_radius_moment_6_um6_m3,0.009258408735591106,-0.04574660309182398,0.0642634205630062,0.05,False
45,4096,8192,3600.0,ensemble_mean_l1_bins_500,0.01523766158126355,0.008451367187048255,0.038280120884622224,0.01,False
45,4096,8192,3600.0,golovin_relative_error_radius_moment_0_m3,0.00011808026243442554,-0.010994794162238851,0.011230954687107704,0.05,True
45,4096,8192,3600.0,golovin_relative_error_radius_moment_6_um6_m3,-0.011400566122131662,-0.07413565277602761,0.05133452053176429,0.05,False
45,8192,16384,600.0,ensemble_mean_l1_bins_500,0.00447613162721236,0.0011941478653147628,0.016673191290340107,0.01,False
45,8192,16384,600.0,golovin_relative_error_radius_moment_0_m3,-0.0005037539747149311,-0.005830859812045679,0.0048233518626158165,0.05,True
45,8192,16384,600.0,golovin_relative_error_radius_moment_6_um6_m3,-0.006482440720361811,-0.02277026662905294,0.009805385188329317,0.05,True
45,8192,16384,1200.0,ensemble_mean_l1_bins_500,0.011324354208979644,0.0055455404643428505,0.020498155479770953,0.01,False
45,8192,16384,1200.0,golovin_relative_error_radius_moment_0_m3,-0.0025524423585875965,-0.009372619202419465,0.004267734485244273,0.05,True
45,8192,16384,1200.0,golovin_relative_error_radius_moment_6_um6_m3,0.0025103638737196702,-0.01989930045042002,0.02492002819785936,0.05,True
45,8192,16384,1800.0,ensemble_mean_l1_bins_500,0.00480244635985496,0.002498789221396795,0.016409758706816557,0.01,False
45,8192,16384,1800.0,golovin_relative_error_radius_moment_0_m3,-0.0011936271905278305,-0.00848643531642421,0.006099180935368549,0.05,True
45,8192,16384,1800.0,golovin_relative_error_radius_moment_6_um6_m3,-0.0013483605455431504,-0.029307817128880455,0.02661109603779415,0.05,True
45,8192,16384,2400.0,ensemble_mean_l1_bins_500,0.00466168817817194,0.0019522367585284054,0.017619690776221223,0.01,False
45,8192,16384,2400.0,golovin_relative_error_radius_moment_0_m3,0.0016517359100811733,-0.0062838840974977425,0.009587355917660089,0.05,True
45,8192,16384,2400.0,golovin_relative_error_radius_moment_6_um6_m3,-0.010217970884599333,-0.0426297672282873,0.022193825459088636,0.05,True
45,8192,16384,3000.0,ensemble_mean_l1_bins_500,0.012827281353564531,0.0071895015674270455,0.026843365105046313,0.01,False
45,8192,16384,3000.0,golovin_relative_error_radius_moment_0_m3,0.000918970439858131,-0.006833336869370492,0.008671277749086754,0.05,True
45,8192,16384,3000.0,golovin_relative_error_radius_moment_6_um6_m3,-0.006490784661598115,-0.043986694383469985,0.031005125060273753,0.05,True
45,8192,16384,3600.0,ensemble_mean_l1_bins_500,0.013202520108023919,0.007088849766402086,0.028429789079802398,0.01,False
45,8192,16384,3600.0,golovin_relative_error_radius_moment_0_m3,0.0010989830137686663,-0.0067319369721259535,0.008929902999663286,0.05,True
45,8192,16384,3600.0,golovin_relative_error_radius_moment_6_um6_m3,0.009531054400332403,-0.03967106912989223,0.05873317793055704,0.05,False
45,16384,32768,600.0,ensemble_mean_l1_bins_500,0.006161136760722852,0.0030463815967804258,0.013972004910539444,0.01,False
45,16384,32768,600.0,golovin_relative_error_radius_moment_0_m3,-8.014604561796591e-05,-0.0036491709186606608,0.0034888788274247294,0.05,True
45,16384,32768,600.0,golovin_relative_error_radius_moment_6_um6_m3,0.01173651583644503,-0.0002287557156827047,0.023701787388572766,0.05,True
45,16384,32768,1200.0,ensemble_mean_l1_bins_500,0.005853257028353542,0.00367533081402822,0.013883113512341916,0.01,False
45,16384,32768,1200.0,golovin_relative_error_radius_moment_0_m3,0.0040571288564103655,-0.0002774683200000615,0.008391726032820793,0.05,True
45,16384,32768,1200.0,golovin_relative_error_radius_moment_6_um6_m3,0.009304513644161018,-0.00805616823992438,0.026665195528246415,0.05,True
45,16384,32768,1800.0,ensemble_mean_l1_bins_500,0.0072090668655704175,0.003930110809746152,0.013796276340465806,0.01,False
45,16384,32768,1800.0,golovin_relative_error_radius_moment_0_m3,0.0034602455734436075,-0.001748209387066075,0.00866870053395329,0.05,True
45,16384,32768,1800.0,golovin_relative_error_radius_moment_6_um6_m3,0.007117916265123314,-0.013142056544651292,0.02737788907489792,0.05,True
45,16384,32768,2400.0,ensemble_mean_l1_bins_500,0.00751030049743337,0.0044331001304974355,0.015568344761709409,0.01,False
45,16384,32768,2400.0,golovin_relative_error_radius_moment_0_m3,0.0024852759826798354,-0.0027672470576453707,0.0077377990230050415,0.05,True
45,16384,32768,2400.0,golovin_relative_error_radius_moment_6_um6_m3,0.009559972069699996,-0.012508229555133182,0.031628173694533177,0.05,True
45,16384,32768,3000.0,ensemble_mean_l1_bins_500,0.0021359369937048803,0.00046035364707405107,0.013727557081343808,0.01,False
45,16384,32768,3000.0,golovin_relative_error_radius_moment_0_m3,0.002119471252625711,-0.0032589824060055192,0.007497924911256941,0.05,True
45,16384,32768,3000.0,golovin_relative_error_radius_moment_6_um6_m3,0.007043881161207308,-0.019020888432582816,0.033108650754997436,0.05,True
45,16384,32768,3600.0,ensemble_mean_l1_bins_500,0.005348978564942396,0.0028249315761929242,0.01773150361108568,0.01,False
45,16384,32768,3600.0,golovin_relative_error_radius_moment_0_m3,0.002085467647579744,-0.003363465193956733,0.007534400489116221,0.05,True
45,16384,32768,3600.0,golovin_relative_error_radius_moment_6_um6_m3,-0.006194628109735574,-0.040217666864282804,0.027828410644811653,0.05,True
45,32768,65536,600.0,ensemble_mean_l1_bins_500,0.004128061565405553,0.0017424360594959656,0.009463885686058405,0.01,True
45,32768,65536,600.0,golovin_relative_error_radius_moment_0_m3,0.002110027418174125,-0.0005161329810933176,0.004736187817441568,0.05,True
45,32768,65536,600.0,golovin_relative_error_radius_moment_6_um6_m3,-0.005308097953690396,-0.01273629152129141,0.0021200956139106174,0.05,True
45,32768,65536,1200.0,ensemble_mean_l1_bins_500,0.0033165862281304154,0.0013810531743183373,0.008888108447676166,0.01,True
45,32768,65536,1200.0,golovin_relative_error_radius_moment_0_m3,-0.00021531732888159017,-0.003626470142043925,0.003195835484280745,0.05,True
45,32768,65536,1200.0,golovin_relative_error_radius_moment_6_um6_m3,-0.005829066211151308,-0.01729576330927973,0.0056376308869771135,0.05,True
45,32768,65536,1800.0,ensemble_mean_l1_bins_500,0.0022106959658821177,0.0012206992713286761,0.008212861405131755,0.01,True
45,32768,65536,1800.0,golovin_relative_error_radius_moment_0_m3,-0.0005116366193819945,-0.004387797383240731,0.003364524144476742,0.05,True
45,32768,65536,1800.0,golovin_relative_error_radius_moment_6_um6_m3,-0.004109276868206422,-0.017826318517031516,0.009607764780618673,0.05,True
45,32768,65536,2400.0,ensemble_mean_l1_bins_500,0.0029214316708307247,0.0013134701965032511,0.008968356206967806,0.01,True
45,32768,65536,2400.0,golovin_relative_error_radius_moment_0_m3,-0.0008068765792259502,-0.004780047839969173,0.0031662946815172732,0.05,True
45,32768,65536,2400.0,golovin_relative_error_radius_moment_6_um6_m3,-0.006609878357270577,-0.022956182619922494,0.00973642590538134,0.05,True
45,32768,65536,3000.0,ensemble_mean_l1_bins_500,0.005770418455639723,0.0034668470369405256,0.01259008348846792,0.01,False
45,32768,65536,3000.0,golovin_relative_error_radius_moment_0_m3,-0.000476973385106203,-0.004601280461951939,0.0036473336917395324,0.05,True
45,32768,65536,3000.0,golovin_relative_error_radius_moment_6_um6_m3,-0.0059289581581573264,-0.025223249733567828,0.013365333417253177,0.05,True
45,32768,65536,3600.0,ensemble_mean_l1_bins_500,0.005294262234892724,0.0021898579772600766,0.01328168103414717,0.01,False
45,32768,65536,3600.0,golovin_relative_error_radius_moment_0_m3,-0.0006184310353840617,-0.004730048668014931,0.0034931865972468077,0.05,True
45,32768,65536,3600.0,golovin_relative_error_radius_moment_6_um6_m3,-0.005842607661894012,-0.02757911469455889,0.01589389937077087,0.05,True
45,65536,131072,600.0,ensemble_mean_l1_bins_500,0.0022743987140059945,0.0011758862510935681,0.0065914384572835615,0.01,True
45,65536,131072,600.0,golovin_relative_error_radius_moment_0_m3,-0.0022571724052171806,-0.004140790004915625,-0.0003735548055187356,0.05,True
45,65536,131072,600.0,golovin_relative_error_radius_moment_6_um6_m3,-0.0003480841588496531,-0.005363493680804161,0.004667325363104854,0.05,True
45,65536,131072,1200.0,ensemble_mean_l1_bins_500,0.0018120146021446447,0.0005747890297156774,0.006180524185432133,0.01,True
45,65536,131072,1200.0,golovin_relative_error_radius_moment_0_m3,-0.002388720251492169,-0.00490663931704899,0.00012919881406465213,0.05,True
45,65536,131072,1200.0,golovin_relative_error_radius_moment_6_um6_m3,0.003932841125203463,-0.003366509389948459,0.011232191640355386,0.05,True
45,65536,131072,1800.0,ensemble_mean_l1_bins_500,0.0029760395838790577,0.0019039613559890096,0.006842300149270517,0.01,True
45,65536,131072,1800.0,golovin_relative_error_radius_moment_0_m3,-0.0017948561576964827,-0.004561292910940397,0.0009715805955474313,0.05,True
45,65536,131072,1800.0,golovin_relative_error_radius_moment_6_um6_m3,0.0024392991328900473,-0.006217321166011853,0.011095919431791947,0.05,True
45,65536,131072,2400.0,ensemble_mean_l1_bins_500,0.002915254703770369,0.0014947483515095918,0.006866573392695028,0.01,True
45,65536,131072,2400.0,golovin_relative_error_radius_moment_0_m3,-0.0012539710839893203,-0.004161509377968978,0.0016535672099903375,0.05,True
45,65536,131072,2400.0,golovin_relative_error_radius_moment_6_um6_m3,0.0016295257509943118,-0.008853498883294493,0.012112550385283116,0.05,True
45,65536,131072,3000.0,ensemble_mean_l1_bins_500,0.00402507820412765,0.002256539118142549,0.008586723612027827,0.01,True
45,65536,131072,3000.0,golovin_relative_error_radius_moment_0_m3,-0.0009783010397904968,-0.0039205370870420515,0.001963935007461058,0.05,True
45,65536,131072,3000.0,golovin_relative_error_radius_moment_6_um6_m3,0.0033484677999073243,-0.008129688830584788,0.014826624430399438,0.05,True
45,65536,131072,3600.0,ensemble_mean_l1_bins_500,0.005604289643961436,0.002855542302234828,0.010669811107810174,0.01,False
45,65536,131072,3600.0,golovin_relative_error_radius_moment_0_m3,-0.0008456269565198626,-0.003805552661419998,0.0021142987483802724,0.05,True
45,65536,131072,3600.0,golovin_relative_error_radius_moment_6_um6_m3,0.010087571690162656,-0.003414186476286241,0.02358932985661155,0.05,True
45,131072,262144,600.0,ensemble_mean_l1_bins_500,0.002497011719437583,0.0011941043933766295,0.004946845021526693,0.01,True
45,131072,262144,600.0,golovin_relative_error_radius_moment_0_m3,0.00016382287507628714,-0.001067780335781499,0.0013954260859340732,0.05,True
45,131072,262144,600.0,golovin_relative_error_radius_moment_6_um6_m3,0.0008865077998372172,-0.00284214120735743,0.0046151568070318645,0.05,True
45,131072,262144,1200.0,ensemble_mean_l1_bins_500,0.0008464294219957093,0.0003769284645541247,0.004020912733863205,0.01,True
45,131072,262144,1200.0,golovin_relative_error_radius_moment_0_m3,-8.657924200521582e-05,-0.0017124905849691043,0.0015393321009586727,0.05,True
45,131072,262144,1200.0,golovin_relative_error_radius_moment_6_um6_m3,7.791571862661006e-06,-0.005531493541118636,0.005547076684843959,0.05,True
45,131072,262144,1800.0,ensemble_mean_l1_bins_500,0.0012721035654429773,0.0003181168950114059,0.0036679658057051766,0.01,True
45,131072,262144,1800.0,golovin_relative_error_radius_moment_0_m3,0.0002146955392887162,-0.0017066850879996647,0.002136076166577097,0.05,True
45,131072,262144,1800.0,golovin_relative_error_radius_moment_6_um6_m3,0.0013788689827167588,-0.004676457918472434,0.007434195883905951,0.05,True
45,131072,262144,2400.0,ensemble_mean_l1_bins_500,0.001735620714457784,0.0009055354254875101,0.004772395136615276,0.01,True
45,131072,262144,2400.0,golovin_relative_error_radius_moment_0_m3,-4.2403988575356226e-07,-0.0019762475831113973,0.00197539950333989,0.05,True
45,131072,262144,2400.0,golovin_relative_error_radius_moment_6_um6_m3,0.0014596419037190356,-0.0065519181754708266,0.009471201982908899,0.05,True
45,131072,262144,3000.0,ensemble_mean_l1_bins_500,0.0027775652188570202,0.0014896671583003672,0.006335352552832393,0.01,True
45,131072,262144,3000.0,golovin_relative_error_radius_moment_0_m3,-0.00038104480703589957,-0.0023852914066861126,0.0016232017926143135,0.05,True
45,131072,262144,3000.0,golovin_relative_error_radius_moment_6_um6_m3,-0.0016255043479852008,-0.010217437963325731,0.0069664292673553285,0.05,True
45,131072,262144,3600.0,ensemble_mean_l1_bins_500,0.0017254934217523984,0.0008343116357769072,0.006464047614687579,0.01,True
45,131072,262144,3600.0,golovin_relative_error_radius_moment_0_m3,-0.0005136906947181564,-0.002563850033207615,0.001536468643771302,0.05,True
45,131072,262144,3600.0,golovin_relative_error_radius_moment_6_um6_m3,-0.0049779613673325345,-0.01527585430337558,0.00531993156871051,0.05,True
45,262144,524288,600.0,ensemble_mean_l1_bins_500,0.0007355156887138433,0.00019162983209085202,0.002864956508431362,0.01,True
45,262144,524288,600.0,golovin_relative_error_radius_moment_0_m3,0.00040141646928275597,-0.0004270872445636061,0.001229920183129118,0.05,True
45,262144,524288,600.0,golovin_relative_error_radius_moment_6_um6_m3,-0.0014727588055359676,-0.004006098315845736,0.0010605807047738007,0.05,True
45,262144,524288,1200.0,ensemble_mean_l1_bins_500,0.0017338786552034127,0.0008709716656143685,0.0033046948023913204,0.01,True
45,262144,524288,1200.0,golovin_relative_error_radius_moment_0_m3,0.0004847951379755466,-0.0005170396876173532,0.0014866299635684465,0.05,True
45,262144,524288,1200.0,golovin_relative_error_radius_moment_6_um6_m3,-0.0025171231595888036,-0.006546544248299087,0.0015122979291214795,0.05,True
45,262144,524288,1800.0,ensemble_mean_l1_bins_500,6.46959507032141e-05,-0.00035137260571938667,0.0020093088791286627,0.01,True
45,262144,524288,1800.0,golovin_relative_error_radius_moment_0_m3,0.0003837102741382026,-0.0007663262197703424,0.0015337467680467476,0.05,True
45,262144,524288,1800.0,golovin_relative_error_radius_moment_6_um6_m3,-0.00348228201715288,-0.008074642317688662,0.0011100782833829022,0.05,True
45,262144,524288,2400.0,ensemble_mean_l1_bins_500,0.0006598738745946893,0.00033817414055174955,0.00288582829126454,0.01,True
45,262144,524288,2400.0,golovin_relative_error_radius_moment_0_m3,0.0004035918554146756,-0.0008127840876008682,0.0016199677984302192,0.05,True
45,262144,524288,2400.0,golovin_relative_error_radius_moment_6_um6_m3,-0.0037443082844848875,-0.009429268174589035,0.0019406516056192599,0.05,True
45,262144,524288,3000.0,ensemble_mean_l1_bins_500,0.001516543545350411,0.0007710582390305905,0.0039819459921415145,0.01,True
45,262144,524288,3000.0,golovin_relative_error_radius_moment_0_m3,0.0007277641279180336,-0.0005008281870184965,0.0019563564428545636,0.05,True
45,262144,524288,3000.0,golovin_relative_error_radius_moment_6_um6_m3,-0.0038374098021472934,-0.010220851268298733,0.002546031664004147,0.05,True
45,262144,524288,3600.0,ensemble_mean_l1_bins_500,0.0032703426268106423,0.0017354612710619606,0.005851732598525093,0.01,True
45,262144,524288,3600.0,golovin_relative_error_radius_moment_0_m3,0.0007689713332399318,-0.00046855378638305245,0.002006496452862916,0.05,True
45,262144,524288,3600.0,golovin_relative_error_radius_moment_6_um6_m3,-0.005357345645719678,-0.013495405178350541,0.002780713886911185,0.05,True
45,524288,1048576,600.0,ensemble_mean_l1_bins_500,0.0010780850054800933,0.0005477262973057792,0.002420855932994141,0.01,True
45,524288,1048576,600.0,golovin_relative_error_radius_moment_0_m3,-8.31498148549792e-05,-0.0007143506159175631,0.0005480509862076047,0.05,True
45,524288,1048576,600.0,golovin_relative_error_radius_moment_6_um6_m3,0.0012328279854281511,-0.0004063439973411218,0.0028719999681974242,0.05,True
45,524288,1048576,1200.0,ensemble_mean_l1_bins_500,0.0009844293107363067,0.0005088614635317873,0.0023849398007579074,0.01,True
45,524288,1048576,1200.0,golovin_relative_error_radius_moment_0_m3,0.0004598926614633192,-0.00032625175198724125,0.0012460370749138798,0.05,True
45,524288,1048576,1200.0,golovin_relative_error_radius_moment_6_um6_m3,0.0014552631040591346,-0.001190643820013962,0.004101170028132231,0.05,True
45,524288,1048576,1800.0,ensemble_mean_l1_bins_500,0.0010559623399274479,0.00046660858847320704,0.0021604403185385645,0.01,True
45,524288,1048576,1800.0,golovin_relative_error_radius_moment_0_m3,0.00044236324496952587,-0.0004140645543818527,0.0012987910443209045,0.05,True
45,524288,1048576,1800.0,golovin_relative_error_radius_moment_6_um6_m3,0.001893796506546459,-0.000960715223467743,0.004748308236560661,0.05,True
45,524288,1048576,2400.0,ensemble_mean_l1_bins_500,0.0007962183811570352,0.0004849626836257978,0.0018486008876848806,0.01,True
45,524288,1048576,2400.0,golovin_relative_error_radius_moment_0_m3,0.0002887796449694635,-0.0006156579747592832,0.0011932172646982103,0.05,True
45,524288,1048576,2400.0,golovin_relative_error_radius_moment_6_um6_m3,0.0021344281150293297,-0.0013279150462442084,0.005596771276302868,0.05,True
45,524288,1048576,3000.0,ensemble_mean_l1_bins_500,0.0008141929583655801,0.0002566326842056203,0.0025524640646734484,0.01,True
45,524288,1048576,3000.0,golovin_relative_error_radius_moment_0_m3,0.00020163086389133998,-0.0007078274263751286,0.0011110891541578087,0.05,True
45,524288,1048576,3000.0,golovin_relative_error_radius_moment_6_um6_m3,0.0024725315069291432,-0.0018307024418613067,0.006775765455719594,0.05,True
45,524288,1048576,3600.0,ensemble_mean_l1_bins_500,0.0010994792830759216,0.0007234948895956573,0.0033999500082888415,0.01,True
45,524288,1048576,3600.0,golovin_relative_error_radius_moment_0_m3,0.00019295888261293247,-0.0007255789309736761,0.0011114966961995412,0.05,True
45,524288,1048576,3600.0,golovin_relative_error_radius_moment_6_um6_m3,0.002438405528546057,-0.0031306730591804405,0.008007484116272555,0.05,True
46,4096,8192,600.0,ensemble_mean_l1_bins_500,0.010646443679656024,0.004849871349323234,0.02571392980674775,0.01,False
46,4096,8192,600.0,golovin_relative_error_radius_moment_0_m3,0.002918019986929295,-0.0052162435352839515,0.01105228350914254,0.05,True
46,4096,8192,600.0,golovin_relative_error_radius_moment_6_um6_m3,-0.009391378343555325,-0.029043357962804273,0.010260601275693622,0.05,True
46,4096,8192,1200.0,ensemble_mean_l1_bins_500,0.01032932340727128,0.004643254375855243,0.026004619407076646,0.01,False
46,4096,8192,1200.0,golovin_relative_error_radius_moment_0_m3,0.0011462970863592092,-0.008055754465143852,0.01034834863786227,0.05,True
46,4096,8192,1200.0,golovin_relative_error_radius_moment_6_um6_m3,-0.009496849491848577,-0.03996344720413493,0.020969748220437776,0.05,True
46,4096,8192,1800.0,ensemble_mean_l1_bins_500,0.010539323146189473,0.005228035213142859,0.025254997093590015,0.01,False
46,4096,8192,1800.0,golovin_relative_error_radius_moment_0_m3,-0.002686110060303406,-0.012677717806344035,0.0073054976857372216,0.05,True
46,4096,8192,1800.0,golovin_relative_error_radius_moment_6_um6_m3,-0.005732354361670149,-0.0430086645761865,0.03154395585284621,0.05,True
46,4096,8192,2400.0,ensemble_mean_l1_bins_500,0.014121665108384713,0.007723359630236648,0.030257628934082403,0.01,False
46,4096,8192,2400.0,golovin_relative_error_radius_moment_0_m3,-0.0015882544173717438,-0.012487829051343276,0.009311320216599788,0.05,True
46,4096,8192,2400.0,golovin_relative_error_radius_moment_6_um6_m3,0.0011396646773432668,-0.0415701946481275,0.04384952400281404,0.05,True
46,4096,8192,3000.0,ensemble_mean_l1_bins_500,0.016170966190678197,0.006342994196405277,0.03380764037483741,0.01,False
46,4096,8192,3000.0,golovin_relative_error_radius_moment_0_m3,-7.9981786087523e-06,-0.010891215242269627,0.01087521888505212,0.05,True
46,4096,8192,3000.0,golovin_relative_error_radius_moment_6_um6_m3,0.009258408735591106,-0.04512667849269477,0.06364349596387699,0.05,False
46,4096,8192,3600.0,ensemble_mean_l1_bins_500,0.01523766158126355,0.008678412634055848,0.03813681469090853,0.01,False
46,4096,8192,3600.0,golovin_relative_error_radius_moment_0_m3,0.00011808026243442554,-0.010869610120273512,0.011105770645142364,0.05,True
46,4096,8192,3600.0,golovin_relative_error_radius_moment_6_um6_m3,-0.011400566122131662,-0.07343015016386552,0.05062901791960219,0.05,False
46,8192,16384,600.0,ensemble_mean_l1_bins_500,0.00447613162721236,0.0011733605215955563,0.016555980912153496,0.01,False
46,8192,16384,600.0,golovin_relative_error_radius_moment_0_m3,-0.0005037539747149311,-0.005770723112790741,0.004763215163360879,0.05,True
46,8192,16384,600.0,golovin_relative_error_radius_moment_6_um6_m3,-0.006482440720361811,-0.022587016900423654,0.009622135459700032,0.05,True
46,8192,16384,1200.0,ensemble_mean_l1_bins_500,0.011324354208979644,0.005600554762967993,0.02055794790201666,0.01,False
46,8192,16384,1200.0,golovin_relative_error_radius_moment_0_m3,-0.0025524423585875965,-0.009295455016727239,0.004190570299552047,0.05,True
46,8192,16384,1200.0,golovin_relative_error_radius_moment_6_um6_m3,0.0025103638737196702,-0.019647267081986445,0.024667994829425787,0.05,True
46,8192,16384,1800.0,ensemble_mean_l1_bins_500,0.00480244635985496,0.0024678712017077347,0.016215172977848472,0.01,False
46,8192,16384,1800.0,golovin_relative_error_radius_moment_0_m3,-0.0011936271905278305,-0.008404202399107254,0.006016948018051592,0.05,True
46,8192,16384,1800.0,golovin_relative_error_radius_moment_6_um6_m3,-0.0013483605455431504,-0.028992927348955276,0.026296206257868972,0.05,True
46,8192,16384,2400.0,ensemble_mean_l1_bins_500,0.00466168817817194,0.0019493295858818893,0.017309139088516515,0.01,False
46,8192,16384,2400.0,golovin_relative_error_radius_moment_0_m3,0.0016517359100811733,-0.006194231947098007,0.009497703767260354,0.05,True
46,8192,16384,2400.0,golovin_relative_error_radius_moment_6_um6_m3,-0.010217970884599333,-0.04226361508963462,0.021827673320435954,0.05,True
46,8192,16384,3000.0,ensemble_mean_l1_bins_500,0.012827281353564531,0.0072240253713199655,0.02653227340911355,0.01,False
46,8192,16384,3000.0,golovin_relative_error_radius_moment_0_m3,0.000918970439858131,-0.006745826293401725,0.008583767173117986,0.05,True
46,8192,16384,3000.0,golovin_relative_error_radius_moment_6_um6_m3,-0.006490784661598115,-0.04356320304494502,0.03058163372174879,0.05,True
46,8192,16384,3600.0,ensemble_mean_l1_bins_500,0.013202520108023919,0.007283514087294947,0.02835466913037782,0.01,False
46,8192,16384,3600.0,golovin_relative_error_radius_moment_0_m3,0.0010989830137686663,-0.0066435659723976725,0.008841531999935006,0.05,True
46,8192,16384,3600.0,golovin_relative_error_radius_moment_6_um6_m3,0.009531054400332403,-0.03911655361215919,0.058178662412823996,0.05,False
46,16384,32768,600.0,ensemble_mean_l1_bins_500,0.006161136760722852,0.0030743181222532973,0.013962149049548383,0.01,False
46,16384,32768,600.0,golovin_relative_error_radius_moment_0_m3,-8.014604561796591e-05,-0.0036089694797095387,0.0034486773884736064,0.05,True
46,16384,32768,600.0,golovin_relative_error_radius_moment_6_um6_m3,0.01173651583644503,-9.356799251315252e-05,0.023566599665403212,0.05,True
46,16384,32768,1200.0,ensemble_mean_l1_bins_500,0.005853257028353542,0.003628461381116414,0.013751341733828474,0.01,False
46,16384,32768,1200.0,golovin_relative_error_radius_moment_0_m3,0.0040571288564103655,-0.00022869879782522456,0.008342956510645955,0.05,True
46,16384,32768,1200.0,golovin_relative_error_radius_moment_6_um6_m3,0.009304513644161018,-0.00786043389225618,0.02646946118057822,0.05,True
46,16384,32768,1800.0,ensemble_mean_l1_bins_500,0.0072090668655704175,0.003995004635098024,0.013745514096036754,0.01,False
46,16384,32768,1800.0,golovin_relative_error_radius_moment_0_m3,0.0034602455734436075,-0.0016895872203194643,0.008610078367206678,0.05,True
46,16384,32768,1800.0,golovin_relative_error_radius_moment_6_um6_m3,0.007117916265123314,-0.012913671882575424,0.027149504412822052,0.05,True
46,16384,32768,2400.0,ensemble_mean_l1_bins_500,0.00751030049743337,0.004459401150646707,0.015348657717385467,0.01,False
46,16384,32768,2400.0,golovin_relative_error_radius_moment_0_m3,0.0024852759826798354,-0.0027081222605398,0.007678674225899471,0.05,True
46,16384,32768,2400.0,golovin_relative_error_radius_moment_6_um6_m3,0.009559972069699996,-0.01226002447059138,0.03137996860999137,0.05,True
46,16384,32768,3000.0,ensemble_mean_l1_bins_500,0.0021359369937048803,0.0005245573567418704,0.013549887948589377,0.01,False
46,16384,32768,3000.0,golovin_relative_error_radius_moment_0_m3,0.002119471252625711,-0.003198473821130907,0.00743741632638233,0.05,True
46,16384,32768,3000.0,golovin_relative_error_radius_moment_6_um6_m3,0.007043881161207308,-0.018727818505136502,0.03281558082755112,0.05,True
46,16384,32768,3600.0,ensemble_mean_l1_bins_500,0.005348978564942396,0.0027926070289175926,0.01754303095867433,0.01,False
46,16384,32768,3600.0,golovin_relative_error_radius_moment_0_m3,0.002085467647579744,-0.003302146948775355,0.007473082243934843,0.05,True
46,16384,32768,3600.0,golovin_relative_error_radius_moment_6_um6_m3,-0.006194628109735574,-0.03983375061609294,0.02744449439662179,0.05,True
46,32768,65536,600.0,ensemble_mean_l1_bins_500,0.004128061565405553,0.0017861295596407075,0.009389750803153407,0.01,True
46,32768,65536,600.0,golovin_relative_error_radius_moment_0_m3,0.002110027418174125,-0.00048655919272436784,0.004706614029072618,0.05,True
46,32768,65536,600.0,golovin_relative_error_radius_moment_6_um6_m3,-0.005308097953690396,-0.012652408917587652,0.002036213010206861,0.05,True
46,32768,65536,1200.0,ensemble_mean_l1_bins_500,0.0033165862281304154,0.0013642669573052078,0.008873346423639404,0.01,True
46,32768,65536,1200.0,golovin_relative_error_radius_moment_0_m3,-0.00021531732888159017,-0.003588076679272972,0.0031574420215097912,0.05,True
46,32768,65536,1200.0,golovin_relative_error_radius_moment_6_um6_m3,-0.005829066211151308,-0.017166092504045917,0.0055079600817433015,0.05,True
46,32768,65536,1800.0,ensemble_mean_l1_bins_500,0.0022106959658821177,0.0012210345550821807,0.00822058380311329,0.01,True
46,32768,65536,1800.0,golovin_relative_error_radius_moment_0_m3,-0.0005116366193819945,-0.004344096103250492,0.0033208228644865025,0.05,True
46,32768,65536,1800.0,golovin_relative_error_radius_moment_6_um6_m3,-0.004109276868206422,-0.017671413274056434,0.009452859537643592,0.05,True
46,32768,65536,2400.0,ensemble_mean_l1_bins_500,0.0029214316708307247,0.0012992803464294163,0.008897065487690196,0.01,True
46,32768,65536,2400.0,golovin_relative_error_radius_moment_0_m3,-0.0008068765792259502,-0.004735299972713671,0.003121546814261771,0.05,True
46,32768,65536,2400.0,golovin_relative_error_radius_moment_6_um6_m3,-0.006609878357270577,-0.022771364285131317,0.009551607570590162,0.05,True
46,32768,65536,3000.0,ensemble_mean_l1_bins_500,0.005770418455639723,0.003473164517892171,0.012464165311240304,0.01,False
46,32768,65536,3000.0,golovin_relative_error_radius_moment_0_m3,-0.000476973385106203,-0.004554799088960722,0.0036008523187483154,0.05,True
46,32768,65536,3000.0,golovin_relative_error_radius_moment_6_um6_m3,-0.0059289581581573264,-0.02500474038806103,0.013146824071746378,0.05,True
46,32768,65536,3600.0,ensemble_mean_l1_bins_500,0.005294262234892724,0.0021888020065129942,0.013234388416638244,0.01,False
46,32768,65536,3600.0,golovin_relative_error_radius_moment_0_m3,-0.0006184310353840617,-0.004683705820089205,0.003446843749321081,0.05,True
46,32768,65536,3600.0,golovin_relative_error_radius_moment_6_um6_m3,-0.005842607661894012,-0.02733329735824782,0.015648082034459797,0.05,True
46,65536,131072,600.0,ensemble_mean_l1_bins_500,0.0022743987140059945,0.0012018320784621022,0.006530863321382976,0.01,True
46,65536,131072,600.0,golovin_relative_error_radius_moment_0_m3,-0.0022571724052171806,-0.004119538734508634,-0.0003948060759257268,0.05,True
46,65536,131072,600.0,golovin_relative_error_radius_moment_6_um6_m3,-0.0003480841588496531,-0.005307044964598006,0.004610876646898699,0.05,True
46,65536,131072,1200.0,ensemble_mean_l1_bins_500,0.0018120146021446447,0.0005453991353583578,0.006179529378692552,0.01,True
46,65536,131072,1200.0,golovin_relative_error_radius_moment_0_m3,-0.002388720251492169,-0.004878238806860951,0.00010079830387661271,0.05,True
46,65536,131072,1200.0,golovin_relative_error_radius_moment_6_um6_m3,0.003932841125203463,-0.0032843355041702344,0.011150017754577161,0.05,True
46,65536,131072,1800.0,ensemble_mean_l1_bins_500,0.0029760395838790577,0.0019026493180078615,0.006806349053735128,0.01,True
46,65536,131072,1800.0,golovin_relative_error_radius_moment_0_m3,-0.0017948561576964827,-0.004530149189785645,0.00094043687439268,0.05,True
46,65536,131072,1800.0,golovin_relative_error_radius_moment_6_um6_m3,0.0024392991328900473,-0.006119556046948305,0.010998154312728398,0.05,True
46,65536,131072,2400.0,ensemble_mean_l1_bins_500,0.002915254703770369,0.0015318676732423541,0.006831150662406056,0.01,True
46,65536,131072,2400.0,golovin_relative_error_radius_moment_0_m3,-0.0012539710839893203,-0.004128750569672334,0.001620808401693694,0.05,True
46,65536,131072,2400.0,golovin_relative_error_radius_moment_6_um6_m3,0.0016295257509943118,-0.008735487621465912,0.011994539123454535,0.05,True
46,65536,131072,3000.0,ensemble_mean_l1_bins_500,0.00402507820412765,0.0022137802721567974,0.00858136786672353,0.01,True
46,65536,131072,3000.0,golovin_relative_error_radius_moment_0_m3,-0.0009783010397904968,-0.003887392317827656,0.0019307902382466624,0.05,True
46,65536,131072,3000.0,golovin_relative_error_radius_moment_6_um6_m3,0.0033484677999073243,-0.008000398042887151,0.014697333642701801,0.05,True
46,65536,131072,3600.0,ensemble_mean_l1_bins_500,0.005604289643961436,0.002910783474342842,0.010558235668786007,0.01,False
46,65536,131072,3600.0,golovin_relative_error_radius_moment_0_m3,-0.0008456269565198626,-0.003772227101787883,0.0020809731887481576,0.05,True
46,65536,131072,3600.0,golovin_relative_error_radius_moment_6_um6_m3,0.010087571690162656,-0.0032620359740623012,0.023437179354387612,0.05,True
46,131072,262144,600.0,ensemble_mean_l1_bins_500,0.002497011719437583,0.0011958586801157428,0.0049300044845063395,0.01,True
46,131072,262144,600.0,golovin_relative_error_radius_moment_0_m3,0.00016382287507628714,-0.0010538702531667065,0.0013815160033192808,0.05,True
46,131072,262144,600.0,golovin_relative_error_radius_moment_6_um6_m3,0.0008865077998372172,-0.0028000992951562964,0.004573114894830731,0.05,True
46,131072,262144,1200.0,ensemble_mean_l1_bins_500,0.0008464294219957093,0.0003718225912447801,0.003976024285580985,0.01,True
46,131072,262144,1200.0,golovin_relative_error_radius_moment_0_m3,-8.657924200521582e-05,-0.0016940949390403216,0.00152093645502989,0.05,True
46,131072,262144,1200.0,golovin_relative_error_radius_moment_6_um6_m3,7.791571862661006e-06,-0.005469128883127332,0.005484712026852653,0.05,True
46,131072,262144,1800.0,ensemble_mean_l1_bins_500,0.0012721035654429773,0.0003261693838532732,0.0036386496608989153,0.01,True
46,131072,262144,1800.0,golovin_relative_error_radius_moment_0_m3,0.0002146955392887162,-0.001684930610454377,0.002114321689031809,0.05,True
46,131072,262144,1800.0,golovin_relative_error_radius_moment_6_um6_m3,0.0013788689827167588,-0.004608378129584113,0.007366116095017631,0.05,True
46,131072,262144,2400.0,ensemble_mean_l1_bins_500,0.001735620714457784,0.0008970049428730055,0.004728351619939508,0.01,True
46,131072,262144,2400.0,golovin_relative_error_radius_moment_0_m3,-4.2403988575356226e-07,-0.0019539045320649887,0.0019530564522934814,0.05,True
46,131072,262144,2400.0,golovin_relative_error_radius_moment_6_um6_m3,0.0014596419037190356,-0.006461738455461851,0.009381022262899923,0.05,True
46,131072,262144,3000.0,ensemble_mean_l1_bins_500,0.0027775652188570202,0.0015222885374421625,0.006324811580916534,0.01,True
46,131072,262144,3000.0,golovin_relative_error_radius_moment_0_m3,-0.00038104480703589957,-0.0023626193836443457,0.0016005297695725466,0.05,True
46,131072,262144,3000.0,golovin_relative_error_radius_moment_6_um6_m3,-0.0016255043479852008,-0.01012074607534568,0.006869737379375277,0.05,True
46,131072,262144,3600.0,ensemble_mean_l1_bins_500,0.0017254934217523984,0.0008357448870671186,0.006398865220680818,0.01,True
46,131072,262144,3600.0,golovin_relative_error_radius_moment_0_m3,-0.0005136906947181564,-0.0025406423591204015,0.0015132609696840884,0.05,True
46,131072,262144,3600.0,golovin_relative_error_radius_moment_6_um6_m3,-0.0049779613673325345,-0.015160077558164474,0.005204154823499404,0.05,True
46,262144,524288,600.0,ensemble_mean_l1_bins_500,0.0007355156887138433,0.00017524548861049276,0.0028130198172411545,0.01,True
46,262144,524288,600.0,golovin_relative_error_radius_moment_0_m3,0.00040141646928275597,-0.00041776315597539686,0.0012205960945409087,0.05,True
46,262144,524288,600.0,golovin_relative_error_radius_moment_6_um6_m3,-0.0014727588055359676,-0.003977514166690743,0.0010319965556188082,0.05,True
46,262144,524288,1200.0,ensemble_mean_l1_bins_500,0.0017338786552034127,0.0008755599877473481,0.003257750795554075,0.01,True
46,262144,524288,1200.0,golovin_relative_error_radius_moment_0_m3,0.0004847951379755466,-0.0005057545779036104,0.0014753448538547037,0.05,True
46,262144,524288,1200.0,golovin_relative_error_radius_moment_6_um6_m3,-0.0025171231595888036,-0.0065010933445301886,0.0014668470253525814,0.05,True
46,262144,524288,1800.0,ensemble_mean_l1_bins_500,6.46959507032141e-05,-0.000362583955555612,0.001984765837202912,0.01,True
46,262144,524288,1800.0,golovin_relative_error_radius_moment_0_m3,0.0003837102741382026,-0.0007533704303850101,0.0015207909786614153,0.05,True
46,262144,524288,1800.0,golovin_relative_error_radius_moment_6_um6_m3,-0.00348228201715288,-0.008022718076173056,0.0010581540418672952,0.05,True
46,262144,524288,2400.0,ensemble_mean_l1_bins_500,0.0006598738745946893,0.00034944516908835826,0.0028514825469705823,0.01,True
46,262144,524288,2400.0,golovin_relative_error_radius_moment_0_m3,0.0004035918554146756,-0.000799068683509793,0.001606252394339144,0.05,True
46,262144,524288,2400.0,golovin_relative_error_radius_moment_6_um6_m3,-0.0037443082844848875,-0.009364986416529926,0.0018763698475601502,0.05,True
46,262144,524288,3000.0,ensemble_mean_l1_bins_500,0.001516543545350411,0.0007933306435259223,0.003944349561542269,0.01,True
46,262144,524288,3000.0,golovin_relative_error_radius_moment_0_m3,0.0007277641279180336,-0.0004869809086313195,0.0019425091644673866,0.05,True
46,262144,524288,3000.0,golovin_relative_error_radius_moment_6_um6_m3,-0.0038374098021472934,-0.01014885036845176,0.002474030764157173,0.05,True
46,262144,524288,3600.0,ensemble_mean_l1_bins_500,0.0032703426268106423,0.0017224341157484205,0.005803631654234247,0.01,True
46,262144,524288,3600.0,golovin_relative_error_radius_moment_0_m3,0.0007689713332399318,-0.0004546128417678172,0.001992555508247681,0.05,True
46,262144,524288,3600.0,golovin_relative_error_radius_moment_6_um6_m3,-0.005357345645719678,-0.013403640272317965,0.0026889489808786084,0.05,True
46,524288,1048576,600.0,ensemble_mean_l1_bins_500,0.0010780850054800933,0.0005406486651563754,0.002396487632353838,0.01,True
46,524288,1048576,600.0,golovin_relative_error_radius_moment_0_m3,-8.31498148549792e-05,-0.000707240815632662,0.0005409411859227036,0.05,True
46,524288,1048576,600.0,golovin_relative_error_radius_moment_6_um6_m3,0.0012328279854281511,-0.00038782125078174324,0.0028534772216380457,0.05,True
46,524288,1048576,1200.0,ensemble_mean_l1_bins_500,0.0009844293107363067,0.000511937316749161,0.0023585536788376703,0.01,True
46,524288,1048576,1200.0,golovin_relative_error_radius_moment_0_m3,0.0004598926614633192,-0.00031741511838361116,0.0012372004413102496,0.05,True
46,524288,1048576,1200.0,golovin_relative_error_radius_moment_6_um6_m3,0.0014552631040591346,-0.0011607515175553768,0.004071277725673646,0.05,True
46,524288,1048576,1800.0,ensemble_mean_l1_bins_500,0.0010559623399274479,0.00046888646014564864,0.0021491226378905076,0.01,True
46,524288,1048576,1800.0,golovin_relative_error_radius_moment_0_m3,0.00044236324496952587,-0.0004044266445373733,0.0012891531344764251,0.05,True
46,524288,1048576,1800.0,golovin_relative_error_radius_moment_6_um6_m3,0.001893796506546459,-0.0009285366905739893,0.004716129703666907,0.05,True
46,524288,1048576,2400.0,ensemble_mean_l1_bins_500,0.0007962183811570352,0.0004831672656241577,0.0018284454239379734,0.01,True
46,524288,1048576,2400.0,golovin_relative_error_radius_moment_0_m3,0.0002887796449694635,-0.0006054893367360694,0.0011830486266749963,0.05,True
46,524288,1048576,2400.0,golovin_relative_error_radius_moment_6_um6_m3,0.0021344281150293297,-0.001288843313981556,0.005557699544040215,0.05,True
46,524288,1048576,3000.0,ensemble_mean_l1_bins_500,0.0008141929583655801,0.00025065484159889875,0.0025395079633188343,0.01,True
46,524288,1048576,3000.0,golovin_relative_error_radius_moment_0_m3,0.00020163086389133998,-0.0006975970496570715,0.0011008587774397516,0.05,True
46,524288,1048576,3000.0,golovin_relative_error_radius_moment_6_um6_m3,0.0024725315069291432,-0.001782165800602664,0.00672722881446095,0.05,True
46,524288,1048576,3600.0,ensemble_mean_l1_bins_500,0.0010994792830759216,0.0007536479817422053,0.0033668901850131857,0.01,True
46,524288,1048576,3600.0,golovin_relative_error_radius_moment_0_m3,0.00019295888261293247,-0.0007152403764522483,0.0011011581416781131,0.05,True
46,524288,1048576,3600.0,golovin_relative_error_radius_moment_6_um6_m3,0.002438405528546057,-0.0030678713088049103,0.007944682365897024,0.05,True
47,4096,8192,600.0,ensemble_mean_l1_bins_500,0.010646443679656024,0.004861473704617336,0.02560456377509514,0.01,False
47,4096,8192,600.0,golovin_relative_error_radius_moment_0_m3,0.002918019986929295,-0.005126459875365877,0.010962499849224466,0.05,True
47,4096,8192,600.0,golovin_relative_error_radius_moment_6_um6_m3,-0.009391378343555325,-0.028827224373155314,0.010044467686044663,0.05,True
47,4096,8192,1200.0,ensemble_mean_l1_bins_500,0.01032932340727128,0.00471871693302355,0.025816075242279555,0.01,False
47,4096,8192,1200.0,golovin_relative_error_radius_moment_0_m3,0.0011462970863592092,-0.00795453154619003,0.010247125718908448,0.05,True
47,4096,8192,1200.0,golovin_relative_error_radius_moment_6_um6_m3,-0.009496849491848577,-0.039627433086322626,0.02063373410262547,0.05,True
47,4096,8192,1800.0,ensemble_mean_l1_bins_500,0.010539323146189473,0.00551119062306829,0.024983579061346132,0.01,False
47,4096,8192,1800.0,golovin_relative_error_radius_moment_0_m3,-0.002686110060303406,-0.012567672296901764,0.007195452176294951,0.05,True
47,4096,8192,1800.0,golovin_relative_error_radius_moment_6_um6_m3,-0.005732354361670149,-0.042598136531168056,0.03113342780782776,0.05,True
47,4096,8192,2400.0,ensemble_mean_l1_bins_500,0.014121665108384713,0.007786662167963904,0.029882569668360386,0.01,False
47,4096,8192,2400.0,golovin_relative_error_radius_moment_0_m3,-0.0015882544173717438,-0.012367852262988432,0.009191343428244944,0.05,True
47,4096,8192,2400.0,golovin_relative_error_radius_moment_6_um6_m3,0.0011396646773432668,-0.04110042084236058,0.04337975019704711,0.05,True
47,4096,8192,3000.0,ensemble_mean_l1_bins_500,0.016170966190678197,0.006305334608282284,0.03341034578128692,0.01,False
47,4096,8192,3000.0,golovin_relative_error_radius_moment_0_m3,-7.9981786087523e-06,-0.010771332950456212,0.010755336593238709,0.05,True
47,4096,8192,3000.0,golovin_relative_error_radius_moment_6_um6_m3,0.009258408735591106,-0.04452726336599097,0.06304408083717318,0.05,False
47,4096,8192,3600.0,ensemble_mean_l1_bins_500,0.01523766158126355,0.00873171675472871,0.03785413410502485,0.01,False
47,4096,8192,3600.0,golovin_relative_error_radius_moment_0_m3,0.00011808026243442554,-0.010748565635843227,0.01098472616071208,0.05,True
47,4096,8192,3600.0,golovin_relative_error_radius_moment_6_um6_m3,-0.011400566122131662,-0.07274793812288308,0.04994680587861976,0.05,False
47,8192,16384,600.0,ensemble_mean_l1_bins_500,0.00447613162721236,0.0011535388627895017,0.016451837814667317,0.01,False
47,8192,16384,600.0,golovin_relative_error_radius_moment_0_m3,-0.0005037539747149311,-0.005712579173864771,0.004705071224434909,0.05,True
47,8192,16384,600.0,golovin_relative_error_radius_moment_6_um6_m3,-0.006482440720361811,-0.02240981938421752,0.009444937943493898,0.05,True
47,8192,16384,1200.0,ensemble_mean_l1_bins_500,0.011324354208979644,0.005619129940137917,0.020287510114960307,0.01,False
47,8192,16384,1200.0,golovin_relative_error_radius_moment_0_m3,-0.0025524423585875965,-0.009220853459515965,0.004115968742340771,0.05,True
47,8192,16384,1200.0,golovin_relative_error_radius_moment_6_um6_m3,0.0025103638737196702,-0.0194035546772761,0.024424282424715442,0.05,True
47,8192,16384,1800.0,ensemble_mean_l1_bins_500,0.00480244635985496,0.0024697630399027662,0.016150791481176076,0.01,False
47,8192,16384,1800.0,golovin_relative_error_radius_moment_0_m3,-0.0011936271905278305,-0.008324691381750016,0.0059374370006943554,0.05,True
47,8192,16384,1800.0,golovin_relative_error_radius_moment_6_um6_m3,-0.0013483605455431504,-0.028688448084498733,0.02599172699341243,0.05,True
47,8192,16384,2400.0,ensemble_mean_l1_bins_500,0.00466168817817194,0.0019540101904754574,0.017350194612205345,0.01,False
47,8192,16384,2400.0,golovin_relative_error_radius_moment_0_m3,0.0016517359100811733,-0.0061075528451751925,0.009411024665337539,0.05,True
47,8192,16384,2400.0,golovin_relative_error_radius_moment_6_um6_m3,-0.010217970884599333,-0.041909604717012945,0.021473662947814283,0.05,True
47,8192,16384,3000.0,ensemble_mean_l1_bins_500,0.012827281353564531,0.007262919143002389,0.026256811468806127,0.01,False
47,8192,16384,3000.0,golovin_relative_error_radius_moment_0_m3,0.000918970439858131,-0.006661215447988958,0.00849915632770522,0.05,True
47,8192,16384,3000.0,golovin_relative_error_radius_moment_6_um6_m3,-0.006490784661598115,-0.04315375175803127,0.030172182434835035,0.05,True
47,8192,16384,3600.0,ensemble_mean_l1_bins_500,0.013202520108023919,0.007322418423753781,0.02813101456330138,0.01,False
47,8192,16384,3600.0,golovin_relative_error_radius_moment_0_m3,0.0010989830137686663,-0.006558122335459782,0.008756088362997114,0.05,True
47,8192,16384,3600.0,golovin_relative_error_radius_moment_6_um6_m3,0.009531054400332403,-0.03858038330412882,0.05764249210479363,0.05,False
47,16384,32768,600.0,ensemble_mean_l1_bins_500,0.006161136760722852,0.0030726207168251763,0.013815251425724743,0.01,False
47,16384,32768,600.0,golovin_relative_error_radius_moment_0_m3,-8.014604561796591e-05,-0.0035700973208106753,0.003409805229574743,0.05,True
47,16384,32768,600.0,golovin_relative_error_radius_moment_6_um6_m3,0.01173651583644503,3.713627621224243e-05,0.02343589539667782,0.05,True
47,16384,32768,1200.0,ensemble_mean_l1_bins_500,0.005853257028353542,0.0036615394801048453,0.013644592843363395,0.01,False
47,16384,32768,1200.0,golovin_relative_error_radius_moment_0_m3,0.0040571288564103655,-0.00018154006433957794,0.008295797777160309,0.05,True
47,16384,32768,1200.0,golovin_relative_error_radius_moment_6_um6_m3,0.009304513644161018,-0.007671177585440553,0.02628020487376259,0.05,True
47,16384,32768,1800.0,ensemble_mean_l1_bins_500,0.0072090668655704175,0.004002500637182596,0.013654393813390089,0.01,False
47,16384,32768,1800.0,golovin_relative_error_radius_moment_0_m3,0.0034602455734436075,-0.001632901934221392,0.008553393081108607,0.05,True
47,16384,32768,1800.0,golovin_relative_error_radius_moment_6_um6_m3,0.007117916265123314,-0.012692844623021206,0.026928677153267834,0.05,True
47,16384,32768,2400.0,ensemble_mean_l1_bins_500,0.00751030049743337,0.004482406883563776,0.01522528474166074,0.01,False
47,16384,32768,2400.0,golovin_relative_error_radius_moment_0_m3,0.0024852759826798354,-0.0026509511669996523,0.007621503132359323,0.05,True
47,16384,32768,2400.0,golovin_relative_error_radius_moment_6_um6_m3,0.009559972069699996,-0.012020014348977169,0.03113995848837716,0.05,True
47,16384,32768,3000.0,ensemble_mean_l1_bins_500,0.0021359369937048803,0.0004065414328506995,0.013436763714533999,0.01,False
47,16384,32768,3000.0,golovin_relative_error_radius_moment_0_m3,0.002119471252625711,-0.003139963567438084,0.0073789060726895065,0.05,True
47,16384,32768,3000.0,golovin_relative_error_radius_moment_6_um6_m3,0.007043881161207308,-0.018444422064057275,0.03253218438647189,0.05,True
47,16384,32768,3600.0,ensemble_mean_l1_bins_500,0.005348978564942396,0.0027388199416538785,0.01731169592815935,0.01,False
47,16384,32768,3600.0,golovin_relative_error_radius_moment_0_m3,0.002085467647579744,-0.0032428543196641848,0.0074137896148236725,0.05,True
47,16384,32768,3600.0,golovin_relative_error_radius_moment_6_um6_m3,-0.006194628109735574,-0.03946255094566986,0.02707329472619871,0.05,True
47,32768,65536,600.0,ensemble_mean_l1_bins_500,0.004128061565405553,0.0018145468123718933,0.009264511236295112,0.01,True
47,32768,65536,600.0,golovin_relative_error_radius_moment_0_m3,0.002110027418174125,-0.0004579630403485136,0.004678017876696763,0.05,True
47,32768,65536,600.0,golovin_relative_error_radius_moment_6_um6_m3,-0.005308097953690396,-0.012571306829792121,0.00195511092241133,0.05,True
47,32768,65536,1200.0,ensemble_mean_l1_bins_500,0.0033165862281304154,0.0014093090571121376,0.008810042113708524,0.01,True
47,32768,65536,1200.0,golovin_relative_error_radius_moment_0_m3,-0.00021531732888159017,-0.0035509517483782362,0.0031203170906150563,0.05,True
47,32768,65536,1200.0,golovin_relative_error_radius_moment_6_um6_m3,-0.005829066211151308,-0.017040725972072044,0.0053825935497694285,0.05,True
47,32768,65536,1800.0,ensemble_mean_l1_bins_500,0.0022106959658821177,0.001200487339224835,0.008132414174652032,0.01,True
47,32768,65536,1800.0,golovin_relative_error_radius_moment_0_m3,-0.0005116366193819945,-0.004301841138751491,0.0032785678999875025,0.05,True
47,32768,65536,1800.0,golovin_relative_error_radius_moment_6_um6_m3,-0.004109276868206422,-0.01752164298171975,0.009303089245306909,0.05,True
47,32768,65536,2400.0,ensemble_mean_l1_bins_500,0.0029214316708307247,0.0012604879218941227,0.008865285669340424,0.01,True
47,32768,65536,2400.0,golovin_relative_error_radius_moment_0_m3,-0.0008068765792259502,-0.004692031524299572,0.003078278365847672,0.05,True
47,32768,65536,2400.0,golovin_relative_error_radius_moment_6_um6_m3,-0.006609878357270577,-0.022592679695507607,0.009372922980966453,0.05,True
47,32768,65536,3000.0,ensemble_mean_l1_bins_500,0.005770418455639723,0.0034941596891617274,0.012394027700615744,0.01,False
47,32768,65536,3000.0,golovin_relative_error_radius_moment_0_m3,-0.000476973385106203,-0.004509855467090591,0.003555908696878185,0.05,True
47,32768,65536,3000.0,golovin_relative_error_radius_moment_6_um6_m3,-0.0059289581581573264,-0.024793494658131267,0.012935578341816616,0.05,True
47,32768,65536,3600.0,ensemble_mean_l1_bins_500,0.005294262234892724,0.0021700646885405334,0.013021793315856513,0.01,False
47,32768,65536,3600.0,golovin_relative_error_radius_moment_0_m3,-0.0006184310353840617,-0.004638896286498773,0.003402034215730649,0.05,True
47,32768,65536,3600.0,golovin_relative_error_radius_moment_6_um6_m3,-0.005842607661894012,-0.027095639993998485,0.015410424670210462,0.05,True
47,65536,131072,600.0,ensemble_mean_l1_bins_500,0.0022743987140059945,0.0011931720350445575,0.00646937187087261,0.01,True
47,65536,131072,600.0,golovin_relative_error_radius_moment_0_m3,-0.0022571724052171806,-0.004098991263056518,-0.00041535354737784317,0.05,True
47,65536,131072,600.0,golovin_relative_error_radius_moment_6_um6_m3,-0.0003480841588496531,-0.005252461295723417,0.0045562929780241105,0.05,True
47,65536,131072,1200.0,ensemble_mean_l1_bins_500,0.0018120146021446447,0.0006021203293497673,0.006105637959871276,0.01,True
47,65536,131072,1200.0,golovin_relative_error_radius_moment_0_m3,-0.002388720251492169,-0.004850778634428822,7.333813144448338e-05,0.05,True
47,65536,131072,1200.0,golovin_relative_error_radius_moment_6_um6_m3,0.003932841125203463,-0.003204877244743505,0.011070559495150432,0.05,True
47,65536,131072,1800.0,ensemble_mean_l1_bins_500,0.0029760395838790577,0.0019221229303756039,0.006733448676559001,0.01,True
47,65536,131072,1800.0,golovin_relative_error_radius_moment_0_m3,-0.0017948561576964827,-0.0045000346853717055,0.0009103223699787398,0.05,True
47,65536,131072,1800.0,golovin_relative_error_radius_moment_6_um6_m3,0.0024392991328900473,-0.006025031961025619,0.010903630226805712,0.05,True
47,65536,131072,2400.0,ensemble_mean_l1_bins_500,0.002915254703770369,0.0015141862123256543,0.00677782742180409,0.01,True
47,65536,131072,2400.0,golovin_relative_error_radius_moment_0_m3,-0.0012539710839893203,-0.004097075218877118,0.0015891330508984777,0.05,True
47,65536,131072,2400.0,golovin_relative_error_radius_moment_6_um6_m3,0.0016295257509943118,-0.008621376202245247,0.01188042770423387,0.05,True
47,65536,131072,3000.0,ensemble_mean_l1_bins_500,0.00402507820412765,0.0022593524607052917,0.008542150210310667,0.01,True
47,65536,131072,3000.0,golovin_relative_error_radius_moment_0_m3,-0.0009783010397904968,-0.0038553436094081813,0.0018987415298271876,0.05,True
47,65536,131072,3000.0,golovin_relative_error_radius_moment_6_um6_m3,0.0033484677999073243,-0.007875382350766204,0.014572317950580851,0.05,True
47,65536,131072,3600.0,ensemble_mean_l1_bins_500,0.005604289643961436,0.00291193790320658,0.010537761597408863,0.01,False
47,65536,131072,3600.0,golovin_relative_error_radius_moment_0_m3,-0.0008456269565198626,-0.0037400029799216777,0.002048749066881952,0.05,True
47,65536,131072,3600.0,golovin_relative_error_radius_moment_6_um6_m3,0.010087571690162656,-0.0031149185806491515,0.023290061960974464,0.05,True
47,131072,262144,600.0,ensemble_mean_l1_bins_500,0.002497011719437583,0.0012275965834816984,0.004895316032399581,0.01,True
47,131072,262144,600.0,golovin_relative_error_radius_moment_0_m3,0.00016382287507628714,-0.0010404213311261026,0.0013680670812786769,0.05,True
47,131072,262144,600.0,golovin_relative_error_radius_moment_6_um6_m3,0.0008865077998372172,-0.0027594489024501947,0.004532464502124629,0.05,True
47,131072,262144,1200.0,ensemble_mean_l1_bins_500,0.0008464294219957093,0.00037416984925659066,0.003915195528721481,0.01,True
47,131072,262144,1200.0,golovin_relative_error_radius_moment_0_m3,-8.657924200521582e-05,-0.0016763102112071048,0.0015031517271966732,0.05,True
47,131072,262144,1200.0,golovin_relative_error_radius_moment_6_um6_m3,7.791571862661006e-06,-0.005408825374295849,0.0054244085180211715,0.05,True
47,131072,262144,1800.0,ensemble_mean_l1_bins_500,0.0012721035654429773,0.00031134353472462846,0.0035777687066748777,0.01,True
47,131072,262144,1800.0,golovin_relative_error_radius_moment_0_m3,0.0002146955392887162,-0.0016638991151399721,0.0020932901937174044,0.05,True
47,131072,262144,1800.0,golovin_relative_error_radius_moment_6_um6_m3,0.0013788689827167588,-0.004542545292356462,0.00730028325778998,0.05,True
47,131072,262144,2400.0,ensemble_mean_l1_bins_500,0.001735620714457784,0.0009232587471067163,0.004679652180712589,0.01,True
47,131072,262144,2400.0,golovin_relative_error_radius_moment_0_m3,-4.2403988575356226e-07,-0.0019323031169034886,0.0019314550371319816,0.05,True
47,131072,262144,2400.0,golovin_relative_error_radius_moment_6_um6_m3,0.0014596419037190356,-0.006374538542403027,0.009293822349841097,0.05,True
47,131072,262144,3000.0,ensemble_mean_l1_bins_500,0.0027775652188570202,0.001517991999570143,0.006272781565004001,0.01,True
47,131072,262144,3000.0,golovin_relative_error_radius_moment_0_m3,-0.00038104480703589957,-0.0023407001623903397,0.0015786105483185406,0.05,True
47,131072,262144,3000.0,golovin_relative_error_radius_moment_6_um6_m3,-0.0016255043479852008,-0.010027248504354755,0.006776239808384352,0.05,True
47,131072,262144,3600.0,ensemble_mean_l1_bins_500,0.0017254934217523984,0.0008189291724188792,0.006350129753635752,0.01,True
47,131072,262144,3600.0,golovin_relative_error_radius_moment_0_m3,-0.0005136906947181564,-0.002518205803479758,0.001490824414043445,0.05,True
47,131072,262144,3600.0,golovin_relative_error_radius_moment_6_um6_m3,-0.0049779613673325345,-0.01504812192111311,0.005092199186448042,0.05,True
47,262144,524288,600.0,ensemble_mean_l1_bins_500,0.0007355156887138433,0.00018382464504593425,0.002779553361088828,0.01,True
47,262144,524288,600.0,golovin_relative_error_radius_moment_0_m3,0.00040141646928275597,-0.00040874710728856426,0.0012115800458540763,0.05,True
47,262144,524288,600.0,golovin_relative_error_radius_moment_6_um6_m3,-0.0014727588055359676,-0.003949876751676122,0.0010043591406041874,0.05,True
47,262144,524288,1200.0,ensemble_mean_l1_bins_500,0.0017338786552034127,0.0008717863746506324,0.0032402261146278425,0.01,True
47,262144,524288,1200.0,golovin_relative_error_radius_moment_0_m3,0.0004847951379755466,-0.0004948426307276345,0.0014644329066787279,0.05,True
47,262144,524288,1200.0,golovin_relative_error_radius_moment_6_um6_m3,-0.0025171231595888036,-0.006457147367961287,0.00142290104878368,0.05,True
47,262144,524288,1800.0,ensemble_mean_l1_bins_500,6.46959507032141e-05,-0.00036488729073434056,0.00196996469369228,0.01,True
47,262144,524288,1800.0,golovin_relative_error_radius_moment_0_m3,0.0003837102741382026,-0.000740843088943201,0.0015082636372196062,0.05,True
47,262144,524288,1800.0,golovin_relative_error_radius_moment_6_um6_m3,-0.00348228201715288,-0.00797251712879235,0.0010079530944865898,0.05,True
47,262144,524288,2400.0,ensemble_mean_l1_bins_500,0.0006598738745946893,0.00034504699756268247,0.0028320424312133145,0.01,True
47,262144,524288,2400.0,golovin_relative_error_radius_moment_0_m3,0.0004035918554146756,-0.000785807247281381,0.001592990958110732,0.05,True
47,262144,524288,2400.0,golovin_relative_error_radius_moment_6_um6_m3,-0.0037443082844848875,-0.009302838207603175,0.0018142216386334005,0.05,True
47,262144,524288,3000.0,ensemble_mean_l1_bins_500,0.001516543545350411,0.0007575524631461662,0.003920901488372651,0.01,True
47,262144,524288,3000.0,golovin_relative_error_radius_moment_0_m3,0.0007277641279180336,-0.00047359177186082795,0.001929120027696895,0.05,True
47,262144,524288,3000.0,golovin_relative_error_radius_moment_6_um6_m3,-0.0038374098021472934,-0.010079233403257988,0.0024044137989634013,0.05,True
47,262144,524288,3600.0,ensemble_mean_l1_bins_500,0.0032703426268106423,0.0017497057882732933,0.00575616359896505,0.01,True
47,262144,524288,3600.0,golovin_relative_error_radius_moment_0_m3,0.0007689713332399318,-0.0004411329094674149,0.0019790755759472784,0.05,True
47,262144,524288,3600.0,golovin_relative_error_radius_moment_6_um6_m3,-0.005357345645719678,-0.013314912807334656,0.002600221515895301,0.05,True
47,524288,1048576,600.0,ensemble_mean_l1_bins_500,0.0010780850054800933,0.0005561159631234078,0.002393531477940932,0.01,True
47,524288,1048576,600.0,golovin_relative_error_radius_moment_0_m3,-8.31498148549792e-05,-0.0007003661031852002,0.0005340664734752418,0.05,True
47,524288,1048576,600.0,golovin_relative_error_radius_moment_6_um6_m3,0.0012328279854281511,-0.0003699128966843661,0.0028355688675406683,0.05,True
47,524288,1048576,1200.0,ensemble_mean_l1_bins_500,0.0009844293107363067,0.0005240086700460324,0.0023346310530403336,0.01,True
47,524288,1048576,1200.0,golovin_relative_error_radius_moment_0_m3,0.0004598926614633192,-0.00030887007143217885,0.0012286553943588172,0.05,True
47,524288,1048576,1200.0,golovin_relative_error_radius_moment_6_um6_m3,0.0014552631040591346,-0.0011318505160353787,0.004042376724153648,0.05,True
47,524288,1048576,1800.0,ensemble_mean_l1_bins_500,0.0010559623399274479,0.00047888471658073453,0.002123693286813937,0.01,True
47,524288,1048576,1800.0,golovin_relative_error_radius_moment_0_m3,0.00044236324496952587,-0.0003951071279862798,0.0012798336179253315,0.05,True
47,524288,1048576,1800.0,golovin_relative_error_radius_moment_6_um6_m3,0.001893796506546459,-0.0008974229823130826,0.0046850159954060005,0.05,True
47,524288,1048576,2400.0,ensemble_mean_l1_bins_500,0.0007962183811570352,0.0004894620706688598,0.0018214728918820393,0.01,True
47,524288,1048576,2400.0,golovin_relative_error_radius_moment_0_m3,0.0002887796449694635,-0.0005956563140733005,0.0011732156040122276,0.05,True
47,524288,1048576,2400.0,golovin_relative_error_radius_moment_6_um6_m3,0.0021344281150293297,-0.0012510658523491583,0.005519922082407818,0.05,True
47,524288,1048576,3000.0,ensemble_mean_l1_bins_500,0.0008141929583655801,0.00025101542316266663,0.0025237496443037658,0.01,True
47,524288,1048576,3000.0,golovin_relative_error_radius_moment_0_m3,0.00020163086389133998,-0.0006877044981921225,0.0010909662259748023,0.05,True
47,524288,1048576,3000.0,golovin_relative_error_radius_moment_6_um6_m3,0.0024725315069291432,-0.0017352361671927655,0.0066802991810510515,0.05,True
47,524288,1048576,3600.0,ensemble_mean_l1_bins_500,0.0010994792830759216,0.0007436359800714751,0.0033648150669544834,0.01,True
47,524288,1048576,3600.0,golovin_relative_error_radius_moment_0_m3,0.00019295888261293247,-0.0007052434161386621,0.001091161181364527,0.05,True
47,524288,1048576,3600.0,golovin_relative_error_radius_moment_6_um6_m3,0.002438405528546057,-0.0030071484655558372,0.007883959522647952,0.05,True
48,4096,8192,600.0,ensemble_mean_l1_bins_500,0.010646443679656024,0.004899225941916377,0.025455198151844344,0.01,False
48,4096,8192,600.0,golovin_relative_error_radius_moment_0_m3,0.002918019986929295,-0.005039586575211473,0.010875626549070061,0.05,True
48,4096,8192,600.0,golovin_relative_error_radius_moment_6_um6_m3,-0.009391378343555325,-0.028618072021760112,0.009835315334649462,0.05,True
48,4096,8192,1200.0,ensemble_mean_l1_bins_500,0.01032932340727128,0.004718278079165942,0.02552769828058537,0.01,False
48,4096,8192,1200.0,golovin_relative_error_radius_moment_0_m3,0.0011462970863592092,-0.007856578766023034,0.010149172938741452,0.05,True
48,4096,8192,1200.0,golovin_relative_error_radius_moment_6_um6_m3,-0.009496849491848577,-0.03930230242995057,0.020308603446253418,0.05,True
48,4096,8192,1800.0,ensemble_mean_l1_bins_500,0.010539323146189473,0.0055184561285616315,0.024798426230018145,0.01,False
48,4096,8192,1800.0,golovin_relative_error_radius_moment_0_m3,-0.002686110060303406,-0.012461186332542503,0.00708896621193569,0.05,True
48,4096,8192,1800.0,golovin_relative_error_radius_moment_6_um6_m3,-0.005732354361670149,-0.04220088666071758,0.030736177937377283,0.05,True
48,4096,8192,2400.0,ensemble_mean_l1_bins_500,0.014121665108384713,0.007807169766468969,0.029657365491155333,0.01,False
48,4096,8192,2400.0,golovin_relative_error_radius_moment_0_m3,-0.0015882544173717438,-0.01225175406427232,0.009075245229528833,0.05,True
48,4096,8192,2400.0,golovin_relative_error_radius_moment_6_um6_m3,0.0011396646773432668,-0.040645822538329726,0.04292515189301625,0.05,True
48,4096,8192,3000.0,ensemble_mean_l1_bins_500,0.016170966190678197,0.006417170371518385,0.0331086960923579,0.01,False
48,4096,8192,3000.0,golovin_relative_error_radius_moment_0_m3,-7.9981786087523e-06,-0.01065532892013981,0.010639332562922304,0.05,True
48,4096,8192,3000.0,golovin_relative_error_radius_moment_6_um6_m3,0.009258408735591106,-0.043947250665220136,0.062464068136402345,0.05,False
48,4096,8192,3600.0,ensemble_mean_l1_bins_500,0.01523766158126355,0.008842280134136996,0.037361735997150106,0.01,False
48,4096,8192,3600.0,golovin_relative_error_radius_moment_0_m3,0.00011808026243442554,-0.01063143737323583,0.010867597898104682,0.05,True
48,4096,8192,3600.0,golovin_relative_error_radius_moment_6_um6_m3,-0.011400566122131662,-0.07208776214768041,0.04928662990341709,0.05,False
48,8192,16384,600.0,ensemble_mean_l1_bins_500,0.00447613162721236,0.0012444293312820307,0.0163245921568667,0.01,False
48,8192,16384,600.0,golovin_relative_error_radius_moment_0_m3,-0.0005037539747149311,-0.005656320260973772,0.00464881231154391,0.05,True
48,8192,16384,600.0,golovin_relative_error_radius_moment_6_um6_m3,-0.006482440720361811,-0.02223834794880198,0.009273466508078358,0.05,True
48,8192,16384,1200.0,ensemble_mean_l1_bins_500,0.011324354208979644,0.005625803736226848,0.020219719762853763,0.01,False
48,8192,16384,1200.0,golovin_relative_error_radius_moment_0_m3,-0.0025524423585875965,-0.009148675688820846,0.004043790971645654,0.05,True
48,8192,16384,1200.0,golovin_relative_error_radius_moment_6_um6_m3,0.0025103638737196702,-0.019167715007681937,0.02418844275512128,0.05,True
48,8192,16384,1800.0,ensemble_mean_l1_bins_500,0.00480244635985496,0.0024163414310323433,0.016058124824826856,0.01,False
48,8192,16384,1800.0,golovin_relative_error_radius_moment_0_m3,-0.0011936271905278305,-0.008247755273351594,0.005860500892295932,0.05,True
48,8192,16384,1800.0,golovin_relative_error_radius_moment_6_um6_m3,-0.0013483605455431504,-0.028393817787734317,0.02569709669664802,0.05,True
48,8192,16384,2400.0,ensemble_mean_l1_bins_500,0.00466168817817194,0.0019362592771538637,0.0171009435327377,0.01,False
48,8192,16384,2400.0,golovin_relative_error_radius_moment_0_m3,0.0016517359100811733,-0.006023685941880055,0.0093271577620424,0.05,True
48,8192,16384,2400.0,golovin_relative_error_radius_moment_6_um6_m3,-0.010217970884599333,-0.04156707923966727,0.02113113747046861,0.05,True
48,8192,16384,3000.0,ensemble_mean_l1_bins_500,0.012827281353564531,0.007286350521753983,0.026137877515919453,0.01,False
48,8192,16384,3000.0,golovin_relative_error_radius_moment_0_m3,0.000918970439858131,-0.0065793475719601495,0.008417288451676412,0.05,True
48,8192,16384,3000.0,golovin_relative_error_radius_moment_6_um6_m3,-0.006490784661598115,-0.0427575811194754,0.029776011796279166,0.05,True
48,8192,16384,3600.0,ensemble_mean_l1_bins_500,0.013202520108023919,0.0071985225117170435,0.028054285462250656,0.01,False
48,8192,16384,3600.0,golovin_relative_error_radius_moment_0_m3,0.0010989830137686663,-0.006475447852948367,0.0086734138804857,0.05,True
48,8192,16384,3600.0,golovin_relative_error_radius_moment_6_um6_m3,0.009531054400332403,-0.0380615679953127,0.057123676795977504,0.05,False
48,16384,32768,600.0,ensemble_mean_l1_bins_500,0.006161136760722852,0.0030992072825172024,0.013705338520776069,0.01,False
48,16384,32768,600.0,golovin_relative_error_radius_moment_0_m3,-8.014604561796591e-05,-0.00353248273007318,0.0033721906388372485,0.05,True
48,16384,32768,600.0,golovin_relative_error_radius_moment_6_um6_m3,0.01173651583644503,0.00016359967609075494,0.02330943199679931,0.05,True
48,16384,32768,1200.0,ensemble_mean_l1_bins_500,0.005853257028353542,0.0036733617124846407,0.013532773943104428,0.01,False
48,16384,32768,1200.0,golovin_relative_error_radius_moment_0_m3,0.0040571288564103655,-0.000135905316234591,0.008250163029055322,0.05,True
48,16384,32768,1200.0,golovin_relative_error_radius_moment_6_um6_m3,0.009304513644161018,-0.0074880495247069846,0.026097076813029023,0.05,True
48,16384,32768,1800.0,ensemble_mean_l1_bins_500,0.0072090668655704175,0.004011479515294575,0.01352154304625795,0.01,False
48,16384,32768,1800.0,golovin_relative_error_radius_moment_0_m3,0.0034602455734436075,-0.001578049117089383,0.008498540263976598,0.05,True
48,16384,32768,1800.0,golovin_relative_error_radius_moment_6_um6_m3,0.007117916265123314,-0.012479166754503456,0.026714999284750084,0.05,True
48,16384,32768,2400.0,ensemble_mean_l1_bins_500,0.00751030049743337,0.0044799336420335775,0.015092784963171053,0.01,False
48,16384,32768,2400.0,golovin_relative_error_radius_moment_0_m3,0.0024852759826798354,-0.0025956284470103636,0.007566180412370034,0.05,True
48,16384,32768,2400.0,golovin_relative_error_radius_moment_6_um6_m3,0.009559972069699996,-0.0117877577282672,0.03090770186766719,0.05,True
48,16384,32768,3000.0,ensemble_mean_l1_bins_500,0.0021359369937048803,0.00046853881381822196,0.013415413967457367,0.01,False
48,16384,32768,3000.0,golovin_relative_error_radius_moment_0_m3,0.002119471252625711,-0.003083343967122313,0.007322286472373735,0.05,True
48,16384,32768,3000.0,golovin_relative_error_radius_moment_6_um6_m3,0.007043881161207308,-0.01817017814651036,0.032257940468924974,0.05,True
48,16384,32768,3600.0,ensemble_mean_l1_bins_500,0.005348978564942396,0.0028163689994786727,0.017243033220477523,0.01,False
48,16384,32768,3600.0,golovin_relative_error_radius_moment_0_m3,0.002085467647579744,-0.0031854781296717415,0.007356413424831229,0.05,True
48,16384,32768,3600.0,golovin_relative_error_radius_moment_6_um6_m3,-0.006194628109735574,-0.03910338064104645,0.0267141244215753,0.05,True
48,32768,65536,600.0,ensemble_mean_l1_bins_500,0.004128061565405553,0.001810204138765476,0.009179407034315298,0.01,True
48,32768,65536,600.0,golovin_relative_error_radius_moment_0_m3,0.002110027418174125,-0.0004302917950394099,0.0046503466313876606,0.05,True
48,32768,65536,600.0,golovin_relative_error_radius_moment_6_um6_m3,-0.005308097953690396,-0.012492834888405736,0.0018766389810249435,0.05,True
48,32768,65536,1200.0,ensemble_mean_l1_bins_500,0.0033165862281304154,0.0014176468201146089,0.008772287043181948,0.01,True
48,32768,65536,1200.0,golovin_relative_error_radius_moment_0_m3,-0.00021531732888159017,-0.003515026965961846,0.0030843923081986663,0.05,True
48,32768,65536,1200.0,golovin_relative_error_radius_moment_6_um6_m3,-0.005829066211151308,-0.01691943062162301,0.005261298199320392,0.05,True
48,32768,65536,1800.0,ensemble_mean_l1_bins_500,0.0022106959658821177,0.0011761321821181048,0.008012766816391523,0.01,True
48,32768,65536,1800.0,golovin_relative_error_radius_moment_0_m3,-0.0005116366193819945,-0.0042609543944176365,0.003237681155653648,0.05,True
48,32768,65536,1800.0,golovin_relative_error_radius_moment_6_um6_m3,-0.004109276868206422,-0.01737672993290572,0.009158176196492876,0.05,True
48,32768,65536,2400.0,ensemble_mean_l1_bins_500,0.0029214316708307247,0.0012716097945680784,0.008778340895310441,0.01,True
48,32768,65536,2400.0,golovin_relative_error_radius_moment_0_m3,-0.0008068765792259502,-0.004650162693296676,0.0030364095348447756,0.05,True
48,32768,65536,2400.0,golovin_relative_error_radius_moment_6_um6_m3,-0.006609878357270577,-0.022419796744598725,0.00920004003005757,0.05,True
48,32768,65536,3000.0,ensemble_mean_l1_bins_500,0.005770418455639723,0.003522138712696976,0.012306588773513146,0.01,False
48,32768,65536,3000.0,golovin_relative_error_radius_moment_0_m3,-0.000476973385106203,-0.00446636659424666,0.0035124198240342537,0.05,True
48,32768,65536,3000.0,golovin_relative_error_radius_moment_6_um6_m3,-0.0059289581581573264,-0.024589118637811935,0.012731202321497284,0.05,True
48,32768,65536,3600.0,ensemble_mean_l1_bins_500,0.005294262234892724,0.002207983792022226,0.012969512697935982,0.01,False
48,32768,65536,3600.0,golovin_relative_error_radius_moment_0_m3,-0.0006184310353840617,-0.004595537296879629,0.003358675226111505,0.05,True
48,32768,65536,3600.0,golovin_relative_error_radius_moment_6_um6_m3,-0.005842607661894012,-0.026865700691753598,0.015180485367965575,0.05,True
48,65536,131072,600.0,ensemble_mean_l1_bins_500,0.0022743987140059945,0.001161849814782462,0.006434267125561061,0.01,True
48,65536,131072,600.0,golovin_relative_error_radius_moment_0_m3,-0.0022571724052171806,-0.0040791095628389075,-0.00043523524759545387,0.05,True
48,65536,131072,600.0,golovin_relative_error_radius_moment_6_um6_m3,-0.0003480841588496531,-0.005199642136011773,0.004503473818312466,0.05,True
48,65536,131072,1200.0,ensemble_mean_l1_bins_500,0.0018120146021446447,0.0005886591125296386,0.006029369744426682,0.01,True
48,65536,131072,1200.0,golovin_relative_error_radius_moment_0_m3,-0.002388720251492169,-0.004824208003527834,4.6767500543495617e-05,0.05,True
48,65536,131072,1200.0,golovin_relative_error_radius_moment_6_um6_m3,0.003932841125203463,-0.003127988188461944,0.01099367043886887,0.05,True
48,65536,131072,1800.0,ensemble_mean_l1_bins_500,0.0029760395838790577,0.001900882404845754,0.006701530300384436,0.01,True
48,65536,131072,1800.0,golovin_relative_error_radius_moment_0_m3,-0.0017948561576964827,-0.004470893903589073,0.0008811815881961073,0.05,True
48,65536,131072,1800.0,golovin_relative_error_radius_moment_6_um6_m3,0.0024392991328900473,-0.005933573615860867,0.01081217188164096,0.05,True
48,65536,131072,2400.0,ensemble_mean_l1_bins_500,0.002915254703770369,0.0014871197680997948,0.006701633418434285,0.01,True
48,65536,131072,2400.0,golovin_relative_error_radius_moment_0_m3,-0.0012539710839893203,-0.0040664248608939055,0.001558482692915265,0.05,True
48,65536,131072,2400.0,golovin_relative_error_radius_moment_6_um6_m3,0.0016295257509943118,-0.008510954356938627,0.01177000585892725,0.05,True
48,65536,131072,3000.0,ensemble_mean_l1_bins_500,0.00402507820412765,0.002282327339737621,0.008444971701277885,0.01,True
48,65536,131072,3000.0,golovin_relative_error_radius_moment_0_m3,-0.0009783010397904968,-0.0038243318255935872,0.0018677297460125935,0.05,True
48,65536,131072,3000.0,golovin_relative_error_radius_moment_6_um6_m3,0.0033484677999073243,-0.0077544111199639104,0.01445134671977856,0.05,True
48,65536,131072,3600.0,ensemble_mean_l1_bins_500,0.005604289643961436,0.002946515318769834,0.01051746752286505,0.01,False
48,65536,131072,3600.0,golovin_relative_error_radius_moment_0_m3,-0.0008456269565198626,-0.003708820901430524,0.002017566988390799,0.05,True
48,65536,131072,3600.0,golovin_relative_error_radius_moment_6_um6_m3,0.010087571690162656,-0.002972562654687507,0.02314770603501282,0.05,True
48,131072,262144,600.0,ensemble_mean_l1_bins_500,0.002497011719437583,0.0012315582707858146,0.004862853416399923,0.01,True
48,131072,262144,600.0,golovin_relative_error_radius_moment_0_m3,0.00016382287507628714,-0.0010274086263406218,0.001355054376493196,0.05,True
48,131072,262144,600.0,golovin_relative_error_radius_moment_6_um6_m3,0.0008865077998372172,-0.0027201148862275584,0.004493130485901993,0.05,True
48,131072,262144,1200.0,ensemble_mean_l1_bins_500,0.0008464294219957093,0.0003230698821988355,0.00388720475423493,0.01,True
48,131072,262144,1200.0,golovin_relative_error_radius_moment_0_m3,-8.657924200521582e-05,-0.0016591033023678496,0.001485944818357418,0.05,True
48,131072,262144,1200.0,golovin_relative_error_radius_moment_6_um6_m3,7.791571862661006e-06,-0.005350471871284047,0.00536605501500937,0.05,True
48,131072,262144,1800.0,ensemble_mean_l1_bins_500,0.0012721035654429773,0.00032157694488692154,0.0035429806381413625,0.01,True
48,131072,262144,1800.0,golovin_relative_error_radius_moment_0_m3,0.0002146955392887162,-0.0016435514039044945,0.002072942482481927,0.05,True
48,131072,262144,1800.0,golovin_relative_error_radius_moment_6_um6_m3,0.0013788689827167588,-0.004478838407795005,0.0072365763732285225,0.05,True
48,131072,262144,2400.0,ensemble_mean_l1_bins_500,0.001735620714457784,0.0009200954419700095,0.004655478810122434,0.01,True
48,131072,262144,2400.0,golovin_relative_error_radius_moment_0_m3,-4.2403988575356226e-07,-0.0019114031762504976,0.0019105550964789906,0.05,True
48,131072,262144,2400.0,golovin_relative_error_radius_moment_6_um6_m3,0.0014596419037190356,-0.0062901577895230565,0.009209441596961129,0.05,True
48,131072,262144,3000.0,ensemble_mean_l1_bins_500,0.0027775652188570202,0.001532797487504721,0.0062470331969534595,0.01,True
48,131072,262144,3000.0,golovin_relative_error_radius_moment_0_m3,-0.00038104480703589957,-0.0023194929638072656,0.0015574033497354665,0.05,True
48,131072,262144,3000.0,golovin_relative_error_radius_moment_6_um6_m3,-0.0016255043479852008,-0.009936773074569055,0.006685764378598653,0.05,True
48,131072,262144,3600.0,ensemble_mean_l1_bins_500,0.0017254934217523984,0.0008129778761754335,0.006278100865786577,0.01,True
48,131072,262144,3600.0,golovin_relative_error_radius_moment_0_m3,-0.0005136906947181564,-0.002496498566756419,0.001469117177320106,0.05,True
48,131072,262144,3600.0,golovin_relative_error_radius_moment_6_um6_m3,-0.0049779613673325345,-0.014939781627961404,0.004983858893296334,0.05,True
48,262144,524288,600.0,ensemble_mean_l1_bins_500,0.0007355156887138433,0.00020226878627124039,0.002766517570177814,0.01,True
48,262144,524288,600.0,golovin_relative_error_radius_moment_0_m3,0.00040141646928275597,-0.00040002249447553293,0.001202855433041045,0.05,True
48,262144,524288,600.0,golovin_relative_error_radius_moment_6_um6_m3,-0.0014727588055359676,-0.0039231349122708405,0.0009776173011989049,0.05,True
48,262144,524288,1200.0,ensemble_mean_l1_bins_500,0.0017338786552034127,0.0008800342115157421,0.0032120397663242773,0.01,True
48,262144,524288,1200.0,golovin_relative_error_radius_moment_0_m3,0.0004847951379755466,-0.0004842837139560464,0.0014538739899071396,0.05,True
48,262144,524288,1200.0,golovin_relative_error_radius_moment_6_um6_m3,-0.0025171231595888036,-0.006414625020936855,0.0013803787017592482,0.05,True
48,262144,524288,1800.0,ensemble_mean_l1_bins_500,6.46959507032141e-05,-0.0003580729130342917,0.0019273255345575648,0.01,True
48,262144,524288,1800.0,golovin_relative_error_radius_moment_0_m3,0.0003837102741382026,-0.000728721078467101,0.0014961416267435061,0.05,True
48,262144,524288,1800.0,golovin_relative_error_radius_moment_6_um6_m3,-0.00348228201715288,-0.007923946167434666,0.0009593821331289058,0.05,True
48,262144,524288,2400.0,ensemble_mean_l1_bins_500,0.0006598738745946893,0.0003424234214602797,0.0027958975287726943,0.01,True
48,262144,524288,2400.0,golovin_relative_error_radius_moment_0_m3,0.0004035918554146756,-0.0007729752638020002,0.0015801589746313512,0.05,True
48,262144,524288,2400.0,golovin_relative_error_radius_moment_6_um6_m3,-0.0037443082844848875,-0.009242708019664958,0.0017540914506951832,0.05,True
48,262144,524288,3000.0,ensemble_mean_l1_bins_500,0.001516543545350411,0.0007628133235602988,0.0038801399857247925,0.01,True
48,262144,524288,3000.0,golovin_relative_error_radius_moment_0_m3,0.0007277641279180336,-0.00046063604634457623,0.0019161643021806435,0.05,True
48,262144,524288,3000.0,golovin_relative_error_radius_moment_6_um6_m3,-0.0038374098021472934,-0.010011871595029864,0.002337051990735278,0.05,True
48,262144,524288,3600.0,ensemble_mean_l1_bins_500,0.0032703426268106423,0.001761328937296967,0.005724935276559157,0.01,True
48,262144,524288,3600.0,golovin_relative_error_radius_moment_0_m3,0.0007689713332399318,-0.00042808911626861343,0.001966031782748477,0.05,True
48,262144,524288,3600.0,golovin_relative_error_radius_moment_6_um6_m3,-0.005357345645719678,-0.013229058750435618,0.0025143674589962637,0.05,True
48,524288,1048576,600.0,ensemble_mean_l1_bins_500,0.0010780850054800933,0.0005571791520593102,0.002375705981795291,0.01,True
48,524288,1048576,600.0,golovin_relative_error_radius_moment_0_m3,-8.31498148549792e-05,-0.0006937137961370317,0.0005274141664270733,0.05,True
48,524288,1048576,600.0,golovin_relative_error_radius_moment_6_um6_m3,0.0012328279854281511,-0.0003525856873275257,0.0028182416581838277,0.05,True
48,524288,1048576,1200.0,ensemble_mean_l1_bins_500,0.0009844293107363067,0.000515627780577082,0.002312374085564023,0.01,True
48,524288,1048576,1200.0,golovin_relative_error_radius_moment_0_m3,0.0004598926614633192,-0.00030060091248082234,0.0012203862354074608,0.05,True
48,524288,1048576,1200.0,golovin_relative_error_radius_moment_6_um6_m3,0.0014552631040591346,-0.0011038871828401293,0.004014413390958399,0.05,True
48,524288,1048576,1800.0,ensemble_mean_l1_bins_500,0.0010559623399274479,0.0004824518599675523,0.0021130992984287884,0.01,True
48,524288,1048576,1800.0,golovin_relative_error_radius_moment_0_m3,0.00044236324496952587,-0.0003860888433899935,0.0012708153333290451,0.05,True
48,524288,1048576,1800.0,golovin_relative_error_radius_moment_6_um6_m3,0.001893796506546459,-0.0008673166097787986,0.0046549096228717165,0.05,True
48,524288,1048576,2400.0,ensemble_mean_l1_bins_500,0.0007962183811570352,0.0004897476791559229,0.0018043860217605578,0.01,True
48,524288,1048576,2400.0,golovin_relative_error_radius_moment_0_m3,0.0002887796449694635,-0.0005861408336431462,0.0011637001235820733,0.05,True
48,524288,1048576,2400.0,golovin_relative_error_radius_moment_6_um6_m3,0.0021344281150293297,-0.0012145127136024563,0.005483368943661115,0.05,True
48,524288,1048576,3000.0,ensemble_mean_l1_bins_500,0.0008141929583655801,0.000246497708470668,0.002482200374796323,0.01,True
48,524288,1048576,3000.0,golovin_relative_error_radius_moment_0_m3,0.00020163086389133998,-0.0006781315707126501,0.00108139329849533,0.05,True
48,524288,1048576,3000.0,golovin_relative_error_radius_moment_6_um6_m3,0.0024725315069291432,-0.0016898267343268144,0.0066348897481851,0.05,True
48,524288,1048576,3600.0,ensemble_mean_l1_bins_500,0.0010994792830759216,0.0007552475235987377,0.0033405730370368275,0.01,True
48,524288,1048576,3600.0,golovin_relative_error_radius_moment_0_m3,0.00019295888261293247,-0.0006955696352646155,0.0010814874004904803,0.05,True
48,524288,1048576,3600.0,golovin_relative_error_radius_moment_6_um6_m3,0.002438405528546057,-0.002948392252662759,0.007825203309754874,0.05,True
49,4096,8192,600.0,ensemble_mean_l1_bins_500,0.010646443679656024,0.004912247181409919,0.02520648939237235,0.01,False
49,4096,8192,600.0,golovin_relative_error_radius_moment_0_m3,0.002918019986929295,-0.004955469651046348,0.010791509624904936,0.05,True
49,4096,8192,600.0,golovin_relative_error_radius_moment_6_um6_m3,-0.009391378343555325,-0.02841553282484783,0.009632776137737178,0.05,True
49,4096,8192,1200.0,ensemble_mean_l1_bins_500,0.01032932340727128,0.004794917022688324,0.025374158042169137,0.01,False
49,4096,8192,1200.0,golovin_relative_error_radius_moment_0_m3,0.0011462970863592092,-0.007761723677354658,0.010054317850073076,0.05,True
49,4096,8192,1200.0,golovin_relative_error_radius_moment_6_um6_m3,-0.009496849491848577,-0.03898747984626451,0.019993780862567354,0.05,True
49,4096,8192,1800.0,ensemble_mean_l1_bins_500,0.010539323146189473,0.005599846126162169,0.02466535909649409,0.01,False
49,4096,8192,1800.0,golovin_relative_error_radius_moment_0_m3,-0.002686110060303406,-0.01235807197673844,0.006985851856131627,0.05,True
49,4096,8192,1800.0,golovin_relative_error_radius_moment_6_um6_m3,-0.005732354361670149,-0.0418162139473154,0.030351505223975103,0.05,True
49,4096,8192,2400.0,ensemble_mean_l1_bins_500,0.014121665108384713,0.007966791401590843,0.02958619018131394,0.01,False
49,4096,8192,2400.0,golovin_relative_error_radius_moment_0_m3,-0.0015882544173717438,-0.012139329787712245,0.008962820952968758,0.05,True
49,4096,8192,2400.0,golovin_relative_error_radius_moment_6_um6_m3,0.0011396646773432668,-0.04020559953211346,0.042484928886799986,0.05,True
49,4096,8192,3000.0,ensemble_mean_l1_bins_500,0.016170966190678197,0.006533332982815867,0.03301688600592026,0.01,False
49,4096,8192,3000.0,golovin_relative_error_radius_moment_0_m3,-7.9981786087523e-06,-0.010542998359453343,0.01052700200223584,0.05,True
49,4096,8192,3000.0,golovin_relative_error_radius_moment_6_um6_m3,0.009258408735591106,-0.04338561527227046,0.06190243274345267,0.05,False
49,4096,8192,3600.0,ensemble_mean_l1_bins_500,0.01523766158126355,0.008845676381347181,0.037302646115225824,0.01,False
49,4096,8192,3600.0,golovin_relative_error_radius_moment_0_m3,0.00011808026243442554,-0.010518018517241148,0.01075417904211,0.05,True
49,4096,8192,3600.0,golovin_relative_error_radius_moment_6_um6_m3,-0.011400566122131662,-0.07144846038123016,0.048647328136966844,0.05,False
49,8192,16384,600.0,ensemble_mean_l1_bins_500,0.00447613162721236,0.0012048703128458068,0.016273021752833086,0.01,False
49,8192,16384,600.0,golovin_relative_error_radius_moment_0_m3,-0.0005037539747149311,-0.005601846625234568,0.0045943386758047055,0.05,True
49,8192,16384,600.0,golovin_relative_error_radius_moment_6_um6_m3,-0.006482440720361811,-0.02207230055835189,0.009107419117628267,0.05,True
49,8192,16384,1200.0,ensemble_mean_l1_bins_500,0.011324354208979644,0.005602469350995178,0.020072551854477937,0.01,False
49,8192,16384,1200.0,golovin_relative_error_radius_moment_0_m3,-0.0025524423585875965,-0.00907879317559463,0.003973908458419437,0.05,True
49,8192,16384,1200.0,golovin_relative_error_radius_moment_6_um6_m3,0.0025103638737196702,-0.01893933294991994,0.023960060697359283,0.05,True
49,8192,16384,1800.0,ensemble_mean_l1_bins_500,0.00480244635985496,0.0024808646858494607,0.015905405366712175,0.01,False
49,8192,16384,1800.0,golovin_relative_error_radius_moment_0_m3,-0.0011936271905278305,-0.008173257966264214,0.005786003585208552,0.05,True
49,8192,16384,1800.0,golovin_relative_error_radius_moment_6_um6_m3,-0.0013483605455431504,-0.02810851644104269,0.02541179534995639,0.05,True
49,8192,16384,2400.0,ensemble_mean_l1_bins_500,0.00466168817817194,0.001948768118934986,0.016915244774280237,0.01,False
49,8192,16384,2400.0,golovin_relative_error_radius_moment_0_m3,0.0016517359100811733,-0.005942482318381457,0.009245954138543804,0.05,True
49,8192,16384,2400.0,golovin_relative_error_radius_moment_6_um6_m3,-0.010217970884599333,-0.041235430507885786,0.020799488738687116,0.05,True
49,8192,16384,3000.0,ensemble_mean_l1_bins_500,0.012827281353564531,0.007276080971831579,0.025991165865977415,0.01,False
49,8192,16384,3000.0,golovin_relative_error_radius_moment_0_m3,0.000918970439858131,-0.006500077523018728,0.00833801840273499,0.05,True
49,8192,16384,3000.0,golovin_relative_error_radius_moment_6_um6_m3,-0.006490784661598115,-0.04237398804005767,0.029392418716861435,0.05,True
49,8192,16384,3600.0,ensemble_mean_l1_bins_500,0.013202520108023919,0.007269494595511296,0.02787660661363466,0.01,False
49,8192,16384,3600.0,golovin_relative_error_radius_moment_0_m3,0.0010989830137686663,-0.006395396039249436,0.008593362066786769,0.05,True
49,8192,16384,3600.0,golovin_relative_error_radius_moment_6_um6_m3,0.009531054400332403,-0.037559190755924274,0.05662129955658908,0.05,False
49,16384,32768,600.0,ensemble_mean_l1_bins_500,0.006161136760722852,0.003193713353910035,0.01361395123772401,0.01,False
49,16384,32768,600.0,golovin_relative_error_radius_moment_0_m3,-8.014604561796591e-05,-0.003496059299895358,0.0033357672086594264,0.05,True
49,16384,32768,600.0,golovin_relative_error_radius_moment_6_um6_m3,0.01173651583644503,0.00028604679759832233,0.02318698487529174,0.05,True
49,16384,32768,1200.0,ensemble_mean_l1_bins_500,0.005853257028353542,0.0036500341464583497,0.013455762812979695,0.01,False
49,16384,32768,1200.0,golovin_relative_error_radius_moment_0_m3,0.0040571288564103655,-9.171416382532972e-05,0.00820597187664606,0.05,True
49,16384,32768,1200.0,golovin_relative_error_radius_moment_6_um6_m3,0.009304513644161018,-0.007310725811555443,0.025919753099877478,0.05,True
49,16384,32768,1800.0,ensemble_mean_l1_bins_500,0.0072090668655704175,0.00403186075913208,0.013422818019664575,0.01,False
49,16384,32768,1800.0,golovin_relative_error_radius_moment_0_m3,0.0034602455734436075,-0.0015249320744864583,0.008445423221373673,0.05,True
49,16384,32768,1800.0,golovin_relative_error_radius_moment_6_um6_m3,0.007117916265123314,-0.0122722604669852,0.02650809299723183,0.05,True
49,16384,32768,2400.0,ensemble_mean_l1_bins_500,0.00751030049743337,0.004454636853044483,0.015015399443852885,0.01,False
49,16384,32768,2400.0,golovin_relative_error_radius_moment_0_m3,0.0024852759826798354,-0.0025420565565108764,0.007512608521870547,0.05,True
49,16384,32768,2400.0,golovin_relative_error_radius_moment_6_um6_m3,0.009559972069699996,-0.011562845753501541,0.030682789892901532,0.05,True
49,16384,32768,3000.0,ensemble_mean_l1_bins_500,0.0021359369937048803,0.000472737103182736,0.013219880037130937,0.01,False
49,16384,32768,3000.0,golovin_relative_error_radius_moment_0_m3,0.002119471252625711,-0.003028515297651173,0.007267457802902595,0.05,True
49,16384,32768,3000.0,golovin_relative_error_radius_moment_6_um6_m3,0.007043881161207308,-0.01790460425808898,0.0319923665805036,0.05,True
49,16384,32768,3600.0,ensemble_mean_l1_bins_500,0.005348978564942396,0.002751250410790342,0.01705933800705049,0.01,False
49,16384,32768,3600.0,golovin_relative_error_radius_moment_0_m3,0.002085467647579744,-0.0031299172699786777,0.0073008525651381655,0.05,True
49,16384,32768,3600.0,golovin_relative_error_radius_moment_6_um6_m3,-0.006194628109735574,-0.03875560340680418,0.02636634718733303,0.05,True
49,32768,65536,600.0,ensemble_mean_l1_bins_500,0.004128061565405553,0.001813363986575484,0.009141502629666483,0.01,True
49,32768,65536,600.0,golovin_relative_error_radius_moment_0_m3,0.002110027418174125,-0.0004034966271451363,0.004623551463493386,0.05,True
49,32768,65536,600.0,golovin_relative_error_radius_moment_6_um6_m3,-0.005308097953690396,-0.01241685387292912,0.0018006579655483286,0.05,True
49,32768,65536,1200.0,ensemble_mean_l1_bins_500,0.0033165862281304154,0.0013990651820879885,0.008651020086651083,0.01,True
49,32768,65536,1200.0,golovin_relative_error_radius_moment_0_m3,-0.00021531732888159017,-0.00348023900299446,0.0030496043452312794,0.05,True
49,32768,65536,1200.0,golovin_relative_error_radius_moment_6_um6_m3,-0.005829066211151308,-0.01680199066645351,0.005143858244150894,0.05,True
49,32768,65536,1800.0,ensemble_mean_l1_bins_500,0.0022106959658821177,0.0011981377159757934,0.007955141244830044,0.01,True
49,32768,65536,1800.0,golovin_relative_error_radius_moment_0_m3,-0.0005116366193819945,-0.004221363556435292,0.0031980903176713022,0.05,True
49,32768,65536,1800.0,golovin_relative_error_radius_moment_6_um6_m3,-0.004109276868206422,-0.01723641701158248,0.009017863275169635,0.05,True
49,32768,65536,2400.0,ensemble_mean_l1_bins_500,0.0029214316708307247,0.001301629608957415,0.008703785374552483,0.01,True
49,32768,65536,2400.0,golovin_relative_error_radius_moment_0_m3,-0.0008068765792259502,-0.0046096195801836725,0.0029958664217317726,0.05,True
49,32768,65536,2400.0,golovin_relative_error_radius_moment_6_um6_m3,-0.006609878357270577,-0.02225240797842076,0.009032651263879605,0.05,True
49,32768,65536,3000.0,ensemble_mean_l1_bins_500,0.005770418455639723,0.0035216652110834586,0.012223826817925469,0.01,False
49,32768,65536,3000.0,golovin_relative_error_radius_moment_0_m3,-0.000476973385106203,-0.004424255610893157,0.0034703088406807503,0.05,True
49,32768,65536,3000.0,golovin_relative_error_radius_moment_6_um6_m3,-0.0059289581581573264,-0.02439124770641769,0.012533331390103038,0.05,True
49,32768,65536,3600.0,ensemble_mean_l1_bins_500,0.005294262234892724,0.002227891199149334,0.012814166137854622,0.01,False
49,32768,65536,3600.0,golovin_relative_error_radius_moment_0_m3,-0.0006184310353840617,-0.0045535522068409825,0.003316690136072859,0.05,True
49,32768,65536,3600.0,golovin_relative_error_radius_moment_6_um6_m3,-0.005842607661894012,-0.026643070351643164,0.014957855027855141,0.05,True
49,65536,131072,600.0,ensemble_mean_l1_bins_500,0.0022743987140059945,0.0011786514635556352,0.006356422569043121,0.01,True
49,65536,131072,600.0,golovin_relative_error_radius_moment_0_m3,-0.0022571724052171806,-0.004059858423227486,-0.0004544863872068749,0.05,True
49,65536,131072,600.0,golovin_relative_error_radius_moment_6_um6_m3,-0.0003480841588496531,-0.0051484943781557905,0.004452326060456484,0.05,True
49,65536,131072,1200.0,ensemble_mean_l1_bins_500,0.0018120146021446447,0.0005832357519234051,0.006014524694441674,0.01,True
49,65536,131072,1200.0,golovin_relative_error_radius_moment_0_m3,-0.002388720251492169,-0.0047984798800304,2.1039377046061514e-05,0.05,True
49,65536,131072,1200.0,golovin_relative_error_radius_moment_6_um6_m3,0.003932841125203463,-0.0030535327368027085,0.010919214987209635,0.05,True
49,65536,131072,1800.0,ensemble_mean_l1_bins_500,0.0029760395838790577,0.0019351917735406564,0.006635440341300738,0.01,True
49,65536,131072,1800.0,golovin_relative_error_radius_moment_0_m3,-0.0017948561576964827,-0.004442675452863528,0.0008529631374705627,0.05,True
49,65536,131072,1800.0,golovin_relative_error_radius_moment_6_um6_m3,0.0024392991328900473,-0.005845018717280303,0.010723616983060397,0.05,True
49,65536,131072,2400.0,ensemble_mean_l1_bins_500,0.002915254703770369,0.001523647672364439,0.006682746198247634,0.01,True
49,65536,131072,2400.0,golovin_relative_error_radius_moment_0_m3,-0.0012539710839893203,-0.0040367453565187845,0.0015288031885401436,0.05,True
49,65536,131072,2400.0,golovin_relative_error_radius_moment_6_um6_m3,0.0016295257509943118,-0.008404027361030188,0.011663078863018811,0.05,True
49,65536,131072,3000.0,ensemble_mean_l1_bins_500,0.00402507820412765,0.002278268965284658,0.008383423808798494,0.01,True
49,65536,131072,3000.0,golovin_relative_error_radius_moment_0_m3,-0.0009783010397904968,-0.0037943022047359216,0.001837700125154928,0.05,True
49,65536,131072,3000.0,golovin_relative_error_radius_moment_6_um6_m3,0.0033484677999073243,-0.007637270775595887,0.014334206375410535,0.05,True
49,65536,131072,3600.0,ensemble_mean_l1_bins_500,0.005604289643961436,0.0029213884944324056,0.010431692506107617,0.01,False
49,65536,131072,3600.0,golovin_relative_error_radius_moment_0_m3,-0.0008456269565198626,-0.003678625863247919,0.0019873719502081933,0.05,True
49,65536,131072,3600.0,golovin_relative_error_radius_moment_6_um6_m3,0.010087571690162656,-0.0028347166556270675,0.02300986003595238,0.05,True
49,131072,262144,600.0,ensemble_mean_l1_bins_500,0.002497011719437583,0.0012349383203305734,0.004827517067890904,0.01,True
49,131072,262144,600.0,golovin_relative_error_radius_moment_0_m3,0.00016382287507628714,-0.0010148090451719573,0.0013424547953245316,0.05,True
49,131072,262144,600.0,golovin_relative_error_radius_moment_6_um6_m3,0.0008865077998372172,-0.002682027666894125,0.0044550432665685594,0.05,True
49,131072,262144,1200.0,ensemble_mean_l1_bins_500,0.0008464294219957093,0.0003638966887012338,0.003863549256250735,0.01,True
49,131072,262144,1200.0,golovin_relative_error_radius_moment_0_m3,-8.657924200521582e-05,-0.001642443571948922,0.0014692850879384903,0.05,True
49,131072,262144,1200.0,golovin_relative_error_radius_moment_6_um6_m3,7.791571862661006e-06,-0.0052939654479219,0.0053095485916472215,0.05,True
49,131072,262144,1800.0,ensemble_mean_l1_bins_500,0.0012721035654429773,0.00031827559613812684,0.0035150186841439103,0.01,True
49,131072,262144,1800.0,golovin_relative_error_radius_moment_0_m3,0.0002146955392887162,-0.001623851192148651,0.0020532422707260837,0.05,True
49,131072,262144,1800.0,golovin_relative_error_radius_moment_6_um6_m3,0.0013788689827167588,-0.004417145410872347,0.007174883376305865,0.05,True
49,131072,262144,2400.0,ensemble_mean_l1_bins_500,0.001735620714457784,0.000946275275547968,0.004568948382769981,0.01,True
49,131072,262144,2400.0,golovin_relative_error_radius_moment_0_m3,-4.2403988575356226e-07,-0.0018911675303792585,0.0018903194506077515,0.05,True
49,131072,262144,2400.0,golovin_relative_error_radius_moment_6_um6_m3,0.0014596419037190356,-0.0062084474247390865,0.009127731232177158,0.05,True
49,131072,262144,3000.0,ensemble_mean_l1_bins_500,0.0027775652188570202,0.0015207589812773106,0.006191748068338761,0.01,True
49,131072,262144,3000.0,golovin_relative_error_radius_moment_0_m3,-0.00038104480703589957,-0.0022989600372414713,0.001536870423169672,0.05,True
49,131072,262144,3000.0,golovin_relative_error_radius_moment_6_um6_m3,-0.0016255043479852008,-0.009849160334507463,0.00659815163853706,0.05,True
49,131072,262144,3600.0,ensemble_mean_l1_bins_500,0.0017254934217523984,0.0008290462175288946,0.006249900413376817,0.01,True
49,131072,262144,3600.0,golovin_relative_error_radius_moment_0_m3,-0.0005136906947181564,-0.0024754819557173124,0.0014481005662809994,0.05,True
49,131072,262144,3600.0,golovin_relative_error_radius_moment_6_um6_m3,-0.0049779613673325345,-0.014834866106808762,0.004878943372143694,0.05,True
49,262144,524288,600.0,ensemble_mean_l1_bins_500,0.0007355156887138433,0.00020300244743488808,0.002732073011035473,0.01,True
49,262144,524288,600.0,golovin_relative_error_radius_moment_0_m3,0.00040141646928275597,-0.00039157394063025884,0.0011944068791957707,0.05,True
49,262144,524288,600.0,golovin_relative_error_radius_moment_6_um6_m3,-0.0014727588055359676,-0.0038972412800942855,0.0009517236690223503,0.05,True
49,262144,524288,1200.0,ensemble_mean_l1_bins_500,0.0017338786552034127,0.0008876810475767762,0.003188976568990977,0.01,True
49,262144,524288,1200.0,golovin_relative_error_radius_moment_0_m3,0.0004847951379755466,-0.0004740591846196923,0.0014436494605707855,0.05,True
49,262144,524288,1200.0,golovin_relative_error_radius_moment_6_um6_m3,-0.0025171231595888036,-0.006373451027115498,0.0013392047079378907,0.05,True
49,262144,524288,1800.0,ensemble_mean_l1_bins_500,6.46959507032141e-05,-0.00035975005532430524,0.0019129023370022108,0.01,True
49,262144,524288,1800.0,golovin_relative_error_radius_moment_0_m3,0.0003837102741382026,-0.0007169829920901291,0.0014844035403665343,0.05,True
49,262144,524288,1800.0,golovin_relative_error_radius_moment_6_um6_m3,-0.00348228201715288,-0.007876918810438713,0.0009123547761329524,0.05,True
49,262144,524288,2400.0,ensemble_mean_l1_bins_500,0.0006598738745946893,0.0003572278345724558,0.0027692584463618456,0.01,True
49,262144,524288,2400.0,golovin_relative_error_radius_moment_0_m3,0.0004035918554146756,-0.0007605500330401323,0.0015677337438694833,0.05,True
49,262144,524288,2400.0,golovin_relative_error_radius_moment_6_um6_m3,-0.0037443082844848875,-0.009184488900946775,0.0016958723319770003,0.05,True
49,262144,524288,3000.0,ensemble_mean_l1_bins_500,0.001516543545350411,0.0007681885704785309,0.0038499616683207354,0.01,True
49,262144,524288,3000.0,golovin_relative_error_radius_moment_0_m3,0.0007277641279180336,-0.0004480908320021298,0.0019036190878381968,0.05,True
49,262144,524288,3000.0,golovin_relative_error_radius_moment_6_um6_m3,-0.0038374098021472934,-0.009946645703654122,0.002271826099359535,0.05,True
49,262144,524288,3600.0,ensemble_mean_l1_bins_500,0.0032703426268106423,0.0017661862515822298,0.005706800053073248,0.01,True
49,262144,524288,3600.0,golovin_relative_error_radius_moment_0_m3,0.0007689713332399318,-0.00041545842893269953,0.001953401095412563,0.05,True
49,262144,524288,3600.0,golovin_relative_error_radius_moment_6_um6_m3,-0.005357345645719678,-0.01314592621394092,0.0024312349225015647,0.05,True
49,524288,1048576,600.0,ensemble_mean_l1_bins_500,0.0010780850054800933,0.0005554113812077408,0.0023627129061000295,0.01,True
49,524288,1048576,600.0,golovin_relative_error_radius_moment_0_m3,-8.31498148549792e-05,-0.000687272150123181,0.0005209725204132226,0.05,True
49,524288,1048576,600.0,golovin_relative_error_radius_moment_6_um6_m3,0.0012328279854281511,-0.0003358088416773441,0.0028014648125336463,0.05,True
49,524288,1048576,1200.0,ensemble_mean_l1_bins_500,0.0009844293107363067,0.0005168419040823905,0.0022871098321621567,0.01,True
49,524288,1048576,1200.0,golovin_relative_error_radius_moment_0_m3,0.0004598926614633192,-0.0002925931017436307,0.001212378424670269,0.05,True
49,524288,1048576,1200.0,golovin_relative_error_radius_moment_6_um6_m3,0.0014552631040591346,-0.0010768118635913412,0.0039873380717096105,0.05,True
49,524288,1048576,1800.0,ensemble_mean_l1_bins_500,0.0010559623399274479,0.000492896950315698,0.0021043528321054747,0.01,True
49,524288,1048576,1800.0,golovin_relative_error_radius_moment_0_m3,0.00044236324496952587,-0.00037735589766437535,0.001262082387603427,0.05,True
49,524288,1048576,1800.0,golovin_relative_error_radius_moment_6_um6_m3,0.001893796506546459,-0.0008381643395143855,0.004625757352607304,0.05,True
49,524288,1048576,2400.0,ensemble_mean_l1_bins_500,0.0007962183811570352,0.0004907355859956057,0.0017811505431934369,0.01,True
49,524288,1048576,2400.0,golovin_relative_error_radius_moment_0_m3,0.0002887796449694635,-0.0005769261567585722,0.001154485446697499,0.05,True
49,524288,1048576,2400.0,golovin_relative_error_radius_moment_6_um6_m3,0.0021344281150293297,-0.0011791191328581747,0.0054479753629168345,0.05,True
49,524288,1048576,3000.0,ensemble_mean_l1_bins_500,0.0008141929583655801,0.00025700828185780807,0.0024519786623286703,0.01,True
49,524288,1048576,3000.0,golovin_relative_error_radius_moment_0_m3,0.00020163086389133998,-0.0006688614105169598,0.0010721231382996399,0.05,True
49,524288,1048576,3000.0,golovin_relative_error_radius_moment_6_um6_m3,0.0024725315069291432,-0.0016458571237341264,0.006590920137592413,0.05,True
49,524288,1048576,3600.0,ensemble_mean_l1_bins_500,0.0010994792830759216,0.000747646561172203,0.0033070866613935973,0.01,True
49,524288,1048576,3600.0,golovin_relative_error_radius_moment_0_m3,0.00019295888261293247,-0.0006862019801580853,0.0010721197453839502,0.05,True
49,524288,1048576,3600.0,golovin_relative_error_radius_moment_6_um6_m3,0.002438405528546057,-0.0028914987071147315,0.0077683097642068455,0.05,True
50,4096,8192,600.0,ensemble_mean_l1_bins_500,0.010646443679656024,0.0050507964225280965,0.025013140236942295,0.01,False
50,4096,8192,600.0,golovin_relative_error_radius_moment_0_m3,0.002918019986929295,-0.00487396629379745,0.010710006267656039,0.05,True
50,4096,8192,600.0,golovin_relative_error_radius_moment_6_um6_m3,-0.009391378343555325,-0.028219265319386056,0.009436508632275405,0.05,True
50,4096,8192,1200.0,ensemble_mean_l1_bins_500,0.01032932340727128,0.004899473663892123,0.025313261096628535,0.01,False
50,4096,8192,1200.0,golovin_relative_error_radius_moment_0_m3,0.0011462970863592092,-0.007669806306848971,0.009962400479567389,0.05,True
50,4096,8192,1200.0,golovin_relative_error_radius_moment_6_um6_m3,-0.009496849491848577,-0.038682431671329925,0.01968873268763277,0.05,True
50,4096,8192,1800.0,ensemble_mean_l1_bins_500,0.010539323146189473,0.005577558664197941,0.024593091648451984,0.01,False
50,4096,8192,1800.0,golovin_relative_error_radius_moment_0_m3,-0.002686110060303406,-0.012258154903545239,0.006885934782938426,0.05,True
50,4096,8192,1800.0,golovin_relative_error_radius_moment_6_um6_m3,-0.005732354361670149,-0.041443468138940405,0.02997875941560011,0.05,True
50,4096,8192,2400.0,ensemble_mean_l1_bins_500,0.014121665108384713,0.007892665621212687,0.029347302529023567,0.01,False
50,4096,8192,2400.0,golovin_relative_error_radius_moment_0_m3,-0.0015882544173717438,-0.012030389579975707,0.00885388074523222,0.05,True
50,4096,8192,2400.0,golovin_relative_error_radius_moment_6_um6_m3,0.0011396646773432668,-0.03977900949819413,0.042058338852880656,0.05,True
50,4096,8192,3000.0,ensemble_mean_l1_bins_500,0.016170966190678197,0.0067123373766873025,0.03257640088753844,0.01,False
50,4096,8192,3000.0,golovin_relative_error_radius_moment_0_m3,-7.9981786087523e-06,-0.010434151309774587,0.01041815495255708,0.05,True
50,4096,8192,3000.0,golovin_relative_error_radius_moment_6_um6_m3,0.009258408735591106,-0.04284140635990039,0.0613582238310826,0.05,False
50,4096,8192,3600.0,ensemble_mean_l1_bins_500,0.01523766158126355,0.008737626860034669,0.036857507642015994,0.01,False
50,4096,8192,3600.0,golovin_relative_error_radius_moment_0_m3,0.00011808026243442554,-0.010408117233788098,0.01064427775865695,0.05,True
50,4096,8192,3600.0,golovin_relative_error_radius_moment_6_um6_m3,-0.011400566122131662,-0.07082895499574582,0.04802782275148249,0.05,False
50,8192,16384,600.0,ensemble_mean_l1_bins_500,0.00447613162721236,0.001237237582130055,0.016076226999131478,0.01,False
50,8192,16384,600.0,golovin_relative_error_radius_moment_0_m3,-0.0005037539747149311,-0.005549065757625368,0.004541557808195506,0.05,True
50,8192,16384,600.0,golovin_relative_error_radius_moment_6_um6_m3,-0.006482440720361811,-0.02191139703024861,0.008946515589524986,0.05,True
50,8192,16384,1200.0,ensemble_mean_l1_bins_500,0.011324354208979644,0.005570128963006543,0.019866212337086884,0.01,False
50,8192,16384,1200.0,golovin_relative_error_radius_moment_0_m3,-0.0025524423585875965,-0.009011086738858982,0.0039062020216837903,0.05,True
50,8192,16384,1200.0,golovin_relative_error_radius_moment_6_um6_m3,0.0025103638737196702,-0.018718023405977283,0.023738751153416626,0.05,True
50,8192,16384,1800.0,ensemble_mean_l1_bins_500,0.00480244635985496,0.0023815173563904043,0.015703240071900736,0.01,False
50,8192,16384,1800.0,golovin_relative_error_radius_moment_0_m3,-0.0011936271905278305,-0.008101073221161128,0.005713818840105467,0.05,True
50,8192,16384,1800.0,golovin_relative_error_radius_moment_6_um6_m3,-0.0013483605455431504,-0.02783206168799706,0.025135340596910756,0.05,True
50,8192,16384,2400.0,ensemble_mean_l1_bins_500,0.00466168817817194,0.0018955938986153448,0.01678239847405825,0.01,False
50,8192,16384,2400.0,golovin_relative_error_radius_moment_0_m3,0.0016517359100811733,-0.005863803872151247,0.009167275692313594,0.05,True
50,8192,16384,2400.0,golovin_relative_error_radius_moment_6_um6_m3,-0.010217970884599333,-0.04091409454119969,0.020478152772001018,0.05,True
50,8192,16384,3000.0,ensemble_mean_l1_bins_500,0.012827281353564531,0.0073714450024735785,0.02570330533467265,0.01,False
50,8192,16384,3000.0,golovin_relative_error_radius_moment_0_m3,0.000918970439858131,-0.0064232706930028895,0.00826121157271915,0.05,True
50,8192,16384,3000.0,golovin_relative_error_radius_moment_6_um6_m3,-0.006490784661598115,-0.042002320484508124,0.029020751161311892,0.05,True
50,8192,16384,3600.0,ensemble_mean_l1_bins_500,0.013202520108023919,0.007331630904239333,0.027599467494685014,0.01,False
50,8192,16384,3600.0,golovin_relative_error_radius_moment_0_m3,0.0010989830137686663,-0.006317831037370534,0.008515797064907866,0.05,True
50,8192,16384,3600.0,golovin_relative_error_radius_moment_6_um6_m3,0.009531054400332403,-0.03707240110561949,0.0561345099062843,0.05,False
50,16384,32768,600.0,ensemble_mean_l1_bins_500,0.006161136760722852,0.003187309834692194,0.013515873448707817,0.01,False
50,16384,32768,600.0,golovin_relative_error_radius_moment_0_m3,-8.014604561796591e-05,-0.003460765432749099,0.0033004733415131675,0.05,True
50,16384,32768,600.0,golovin_relative_error_radius_moment_6_um6_m3,0.01173651583644503,0.00040468591749869866,0.023068345755391365,0.05,True
50,16384,32768,1200.0,ensemble_mean_l1_bins_500,0.005853257028353542,0.0036500285915613915,0.013370401464224238,0.01,False
50,16384,32768,1200.0,golovin_relative_error_radius_moment_0_m3,0.0040571288564103655,-4.8892034108245774e-05,0.008163149746928977,0.05,True
50,16384,32768,1200.0,golovin_relative_error_radius_moment_6_um6_m3,0.009304513644161018,-0.007138906028811934,0.025747933317133972,0.05,True
50,16384,32768,1800.0,ensemble_mean_l1_bins_500,0.0072090668655704175,0.004118927826743382,0.013292606395219803,0.01,False
50,16384,32768,1800.0,golovin_relative_error_radius_moment_0_m3,0.0034602455734436075,-0.0014734611107081914,0.008393952257595406,0.05,True
50,16384,32768,1800.0,golovin_relative_error_radius_moment_6_um6_m3,0.007117916265123314,-0.012071775335891977,0.026307607866138605,0.05,True
50,16384,32768,2400.0,ensemble_mean_l1_bins_500,0.00751030049743337,0.004480110919410799,0.014905835833420625,0.01,False
50,16384,32768,2400.0,golovin_relative_error_radius_moment_0_m3,0.0024852759826798354,-0.0024901450124075065,0.007460696977767177,0.05,True
50,16384,32768,2400.0,golovin_relative_error_radius_moment_6_um6_m3,0.009559972069699996,-0.01134489914294234,0.030464843282342332,0.05,True
50,16384,32768,3000.0,ensemble_mean_l1_bins_500,0.0021359369937048803,0.000496070864407557,0.013063439219909483,0.01,False
50,16384,32768,3000.0,golovin_relative_error_radius_moment_0_m3,0.002119471252625711,-0.0029753850513990067,0.007214327556650428,0.05,True
50,16384,32768,3000.0,golovin_relative_error_radius_moment_6_um6_m3,0.007043881161207308,-0.017647252794655177,0.03173501511706979,0.05,True
50,16384,32768,3600.0,ensemble_mean_l1_bins_500,0.005348978564942396,0.002753549419594476,0.01703911109638022,0.01,False
50,16384,32768,3600.0,golovin_relative_error_radius_moment_0_m3,0.002085467647579744,-0.0030760779488365145,0.007247013243996002,0.05,True
50,16384,32768,3600.0,golovin_relative_error_radius_moment_6_um6_m3,-0.006194628109735574,-0.03841862911218131,0.026029372892710158,0.05,True
50,32768,65536,600.0,ensemble_mean_l1_bins_500,0.004128061565405553,0.0018343072703734056,0.009133888887862533,0.01,True
50,32768,65536,600.0,golovin_relative_error_radius_moment_0_m3,0.002110027418174125,-0.000377532243064842,0.004597587079413093,0.05,True
50,32768,65536,600.0,golovin_relative_error_radius_moment_6_um6_m3,-0.005308097953690396,-0.012343234670635972,0.0017270387632551789,0.05,True
50,32768,65536,1200.0,ensemble_mean_l1_bins_500,0.0033165862281304154,0.0013635974606815465,0.008619995037653788,0.01,True
50,32768,65536,1200.0,golovin_relative_error_radius_moment_0_m3,-0.00021531732888159017,-0.003446529114225866,0.003015894456462686,0.05,True
50,32768,65536,1200.0,golovin_relative_error_radius_moment_6_um6_m3,-0.005829066211151308,-0.01668820600749657,0.005030073585193954,0.05,True
50,32768,65536,1800.0,ensemble_mean_l1_bins_500,0.0022106959658821177,0.001172763814378104,0.00790528102718271,0.01,True
50,32768,65536,1800.0,golovin_relative_error_radius_moment_0_m3,-0.0005116366193819945,-0.0041830015533602044,0.003159728314596215,0.05,True
50,32768,65536,1800.0,golovin_relative_error_radius_moment_6_um6_m3,-0.004109276868206422,-0.017100465769691237,0.008881912033278394,0.05,True
50,32768,65536,2400.0,ensemble_mean_l1_bins_500,0.0029214316708307247,0.0012770751139086504,0.008631030654901738,0.01,True
50,32768,65536,2400.0,golovin_relative_error_radius_moment_0_m3,-0.0008068765792259502,-0.004570333637517978,0.002956580479066077,0.05,True
50,32768,65536,2400.0,golovin_relative_error_radius_moment_6_um6_m3,-0.006609878357270577,-0.022090228290483238,0.008870471575942084,0.05,True
50,32768,65536,3000.0,ensemble_mean_l1_bins_500,0.005770418455639723,0.0035600089308665205,0.012174538048667862,0.01,False
50,32768,65536,3000.0,golovin_relative_error_radius_moment_0_m3,-0.000476973385106203,-0.0043834512274436846,0.0034295044572312783,0.05,True
50,32768,65536,3000.0,golovin_relative_error_radius_moment_6_um6_m3,-0.0059289581581573264,-0.0241995437862481,0.012341627469933447,0.05,True
50,32768,65536,3600.0,ensemble_mean_l1_bins_500,0.005294262234892724,0.002276930580226808,0.012798450254375019,0.01,False
50,32768,65536,3600.0,golovin_relative_error_radius_moment_0_m3,-0.0006184310353840617,-0.004512869926850135,0.0032760078560820118,0.05,True
50,32768,65536,3600.0,golovin_relative_error_radius_moment_6_um6_m3,-0.005842607661894012,-0.026427369615638296,0.014742154291850273,0.05,True
50,65536,131072,600.0,ensemble_mean_l1_bins_500,0.0022743987140059945,0.0011974864771015145,0.006343502118385312,0.01,True
50,65536,131072,600.0,golovin_relative_error_radius_moment_0_m3,-0.0022571724052171806,-0.004041205187815127,-0.00047313962261923376,0.05,True
50,65536,131072,600.0,golovin_relative_error_radius_moment_6_um6_m3,-0.0003480841588496531,-0.005098931653868199,0.004402763336168893,0.05,True
50,65536,131072,1200.0,ensemble_mean_l1_bins_500,0.0018120146021446447,0.0006162728240034688,0.00594042407490926,0.01,True
50,65536,131072,1200.0,golovin_relative_error_radius_moment_0_m3,-0.002388720251492169,-0.004773550640935105,-3.889862049232754e-06,0.05,True
50,65536,131072,1200.0,golovin_relative_error_radius_moment_6_um6_m3,0.003932841125203463,-0.002981385107886084,0.010847067358293012,0.05,True
50,65536,131072,1800.0,ensemble_mean_l1_bins_500,0.0029760395838790577,0.0019499815426489888,0.00656016783177283,0.01,True
50,65536,131072,1800.0,golovin_relative_error_radius_moment_0_m3,-0.0017948561576964827,-0.004415331662110552,0.0008256193467175866,0.05,True
50,65536,131072,1800.0,golovin_relative_error_radius_moment_6_um6_m3,0.0024392991328900473,-0.005759216755270075,0.010637815021050169,0.05,True
50,65536,131072,2400.0,ensemble_mean_l1_bins_500,0.002915254703770369,0.001527767492167826,0.006602092491291288,0.01,True
50,65536,131072,2400.0,golovin_relative_error_radius_moment_0_m3,-0.0012539710839893203,-0.004007986488919814,0.001500044320941174,0.05,True
50,65536,131072,2400.0,golovin_relative_error_radius_moment_6_um6_m3,0.0016295257509943118,-0.008300414586682145,0.011559466088670768,0.05,True
50,65536,131072,3000.0,ensemble_mean_l1_bins_500,0.00402507820412765,0.002280340797542381,0.008330405151670262,0.01,True
50,65536,131072,3000.0,golovin_relative_error_radius_moment_0_m3,-0.0009783010397904968,-0.003765203952101038,0.0018086018725200445,0.05,True
50,65536,131072,3000.0,golovin_relative_error_radius_moment_6_um6_m3,0.0033484677999073243,-0.007523763212669703,0.014220698812484351,0.05,True
50,65536,131072,3600.0,ensemble_mean_l1_bins_500,0.005604289643961436,0.00294142294599096,0.010345240892888472,0.01,False
50,65536,131072,3600.0,golovin_relative_error_radius_moment_0_m3,-0.0008456269565198626,-0.0036493668446515755,0.0019581129316118507,0.05,True
50,65536,131072,3600.0,golovin_relative_error_radius_moment_6_um6_m3,0.010087571690162656,-0.002701147270108435,0.02287629065043375,0.05,True
50,131072,262144,600.0,ensemble_mean_l1_bins_500,0.002497011719437583,0.0012354672868182643,0.004780651091924592,0.01,True
50,131072,262144,600.0,golovin_relative_error_radius_moment_0_m3,0.00016382287507628714,-0.0010026011708914211,0.0013302469210439954,0.05,True
50,131072,262144,600.0,golovin_relative_error_radius_moment_6_um6_m3,0.0008865077998372172,-0.0026451227094249578,0.004418138309099392,0.05,True
50,131072,262144,1200.0,ensemble_mean_l1_bins_500,0.0008464294219957093,0.00036319222050155937,0.0037969136327741437,0.01,True
50,131072,262144,1200.0,golovin_relative_error_radius_moment_0_m3,-8.657924200521582e-05,-0.001626302607892406,0.0014531441238819743,0.05,True
50,131072,262144,1200.0,golovin_relative_error_radius_moment_6_um6_m3,7.791571862661006e-06,-0.005239210629933785,0.005254793773659106,0.05,True
50,131072,262144,1800.0,ensemble_mean_l1_bins_500,0.0012721035654429773,0.00033239558160320346,0.0035030019812592682,0.01,True
50,131072,262144,1800.0,golovin_relative_error_radius_moment_0_m3,0.0002146955392887162,-0.001604764836059641,0.0020341559146370737,0.05,True
50,131072,262144,1800.0,golovin_relative_error_radius_moment_6_um6_m3,0.0013788689827167588,-0.004357362339601029,0.007115100305034546,0.05,True
50,131072,262144,2400.0,ensemble_mean_l1_bins_500,0.001735620714457784,0.0009629979872659401,0.0045346056548258296,0.01,True
50,131072,262144,2400.0,golovin_relative_error_radius_moment_0_m3,-4.2403988575356226e-07,-0.0018715617023913097,0.0018707136226198027,0.05,True
50,131072,262144,2400.0,golovin_relative_error_radius_moment_6_um6_m3,0.0014596419037190356,-0.006129269444973169,0.00904855325241124,0.05,True
50,131072,262144,3000.0,ensemble_mean_l1_bins_500,0.0027775652188570202,0.0015289447641043735,0.006156715944275025,0.01,True
50,131072,262144,3000.0,golovin_relative_error_radius_moment_0_m3,-0.00038104480703589957,-0.002279066377216385,0.001516976763144586,0.05,True
50,131072,262144,3000.0,golovin_relative_error_radius_moment_6_um6_m3,-0.0016255043479852008,-0.009764262372434876,0.006513253676464473,0.05,True
50,131072,262144,3600.0,ensemble_mean_l1_bins_500,0.0017254934217523984,0.0008644496798846894,0.00618568647066799,0.01,True
50,131072,262144,3600.0,golovin_relative_error_radius_moment_0_m3,-0.0005136906947181564,-0.0024551200926709645,0.0014277387032346515,0.05,True
50,131072,262144,3600.0,golovin_relative_error_radius_moment_6_um6_m3,-0.0049779613673325345,-0.01473319856513346,0.004777275830468392,0.05,True
50,262144,524288,600.0,ensemble_mean_l1_bins_500,0.0007355156887138433,0.00018318092044776205,0.0027219256377417705,0.01,True
50,262144,524288,600.0,golovin_relative_error_radius_moment_0_m3,0.00040141646928275597,-0.00038338718172736824,0.0011862201202928802,0.05,True
50,262144,524288,600.0,golovin_relative_error_radius_moment_6_um6_m3,-0.0014727588055359676,-0.0038721519232165174,0.0009266343121445823,0.05,True
50,262144,524288,1200.0,ensemble_mean_l1_bins_500,0.0017338786552034127,0.0008833385518066981,0.0031902676096791423,0.01,True
50,262144,524288,1200.0,golovin_relative_error_radius_moment_0_m3,0.0004847951379755466,-0.00046415175015874474,0.001433742026109838,0.05,True
50,262144,524288,1200.0,golovin_relative_error_radius_moment_6_um6_m3,-0.0025171231595888036,-0.006333555569714988,0.0012993092505373814,0.05,True
50,262144,524288,1800.0,ensemble_mean_l1_bins_500,6.46959507032141e-05,-0.0003603649622318832,0.0018901329970447806,0.01,True
50,262144,524288,1800.0,golovin_relative_error_radius_moment_0_m3,0.0003837102741382026,-0.0007056089737004084,0.0014730295219768136,0.05,True
50,262144,524288,1800.0,golovin_relative_error_radius_moment_6_um6_m3,-0.00348228201715288,-0.007831354954967208,0.0008667909206614478,0.05,True
50,262144,524288,2400.0,ensemble_mean_l1_bins_500,0.0006598738745946893,0.00035955934412475627,0.00275071628157399,0.01,True
50,262144,524288,2400.0,golovin_relative_error_radius_moment_0_m3,0.0004035918554146756,-0.000748510500767048,0.001555694211596399,0.05,True
50,262144,524288,2400.0,golovin_relative_error_radius_moment_6_um6_m3,-0.0037443082844848875,-0.00912808167411555,0.0016394651051457741,0.05,True
50,262144,524288,3000.0,ensemble_mean_l1_bins_500,0.001516543545350411,0.0007715345821966063,0.003828117994991019,0.01,True
50,262144,524288,3000.0,golovin_relative_error_radius_moment_0_m3,0.0007277641279180336,-0.00043593488840555975,0.0018914631442416268,0.05,True
50,262144,524288,3000.0,golovin_relative_error_radius_moment_6_um6_m3,-0.0038374098021472934,-0.009883445136821415,0.0022086255325268274,0.05,True
50,262144,524288,3600.0,ensemble_mean_l1_bins_500,0.0032703426268106423,0.0017468430223928468,0.005633769175845114,0.01,True
50,262144,524288,3600.0,golovin_relative_error_radius_moment_0_m3,0.0007689713332399318,-0.0004032194827428453,0.0019411621492227088,0.05,True
50,262144,524288,3600.0,golovin_relative_error_radius_moment_6_um6_m3,-0.005357345645719678,-0.013065374322718166,0.0023506830312788104,0.05,True
50,524288,1048576,600.0,ensemble_mean_l1_bins_500,0.0010780850054800933,0.0005672863436890171,0.002346962328753021,0.01,True
50,524288,1048576,600.0,golovin_relative_error_radius_moment_0_m3,-8.31498148549792e-05,-0.0006810302714493224,0.000514730641739364,0.05,True
50,524288,1048576,600.0,golovin_relative_error_radius_moment_6_um6_m3,0.0012328279854281511,-0.0003195538148752896,0.002785209785731592,0.05,True
50,524288,1048576,1200.0,ensemble_mean_l1_bins_500,0.0009844293107363067,0.0005347645419693992,0.002278287888769905,0.01,True
50,524288,1048576,1200.0,golovin_relative_error_radius_moment_0_m3,0.0004598926614633192,-0.00028483315053914735,0.0012046184734657859,0.05,True
50,524288,1048576,1200.0,golovin_relative_error_radius_moment_6_um6_m3,0.0014552631040591346,-0.001050578510455767,0.003961104718574036,0.05,True
50,524288,1048576,1800.0,ensemble_mean_l1_bins_500,0.0010559623399274479,0.0004902351466909694,0.002089885104979747,0.01,True
50,524288,1048576,1800.0,golovin_relative_error_radius_moment_0_m3,0.00044236324496952587,-0.0003688935479145809,0.0012536200378536325,0.05,True
50,524288,1048576,1800.0,golovin_relative_error_radius_moment_6_um6_m3,0.001893796506546459,-0.0008099167967286851,0.0045975098098216035,0.05,True
50,524288,1048576,2400.0,ensemble_mean_l1_bins_500,0.0007962183811570352,0.0004904169921866409,0.0017660361058386353,0.01,True
50,524288,1048576,2400.0,golovin_relative_error_radius_moment_0_m3,0.0002887796449694635,-0.0005679967550591427,0.0011455560449980696,0.05,True
50,524288,1048576,2400.0,golovin_relative_error_radius_moment_6_um6_m3,0.0021344281150293297,-0.0011448250443629356,0.005413681274421595,0.05,True
50,524288,1048576,3000.0,ensemble_mean_l1_bins_500,0.0008141929583655801,0.000252182857432991,0.0024391584964091437,0.01,True
50,524288,1048576,3000.0,golovin_relative_error_radius_moment_0_m3,0.00020163086389133998,-0.000659878380349588,0.0010631401081322679,0.05,True
50,524288,1048576,3000.0,golovin_relative_error_radius_moment_6_um6_m3,0.0024725315069291432,-0.001603252786417412,0.006548315800275699,0.05,True
50,524288,1048576,3600.0,ensemble_mean_l1_bins_500,0.0010994792830759216,0.0007621753194697789,0.0032938711365220604,0.01,True
50,524288,1048576,3600.0,golovin_relative_error_radius_moment_0_m3,0.00019295888261293247,-0.0006771246315159835,0.0010630423967418483,0.05,True
50,524288,1048576,3600.0,golovin_relative_error_radius_moment_6_um6_m3,0.002438405528546057,-0.002836371404218164,0.007713182461310278,0.05,True
