run_label,path,sha256
golovin_fixed50_extended_resolution_convergence_v1_N004096_dt0p1_m000,golovin_fixed50_extended_resolution_convergence_v1_N004096_dt0p1_m000/analysis_stage0_v2/fixed_bin_distributions.npz,22f8806e62ae4d47eadf6d3956cfc77919e24ddc71f886fc6ede79ea05758ac1
golovin_fixed50_extended_resolution_convergence_v1_N004096_dt0p1_m001,golovin_fixed50_extended_resolution_convergence_v1_N004096_dt0p1_m001/analysis_stage0_v2/fixed_bin_distributions.npz,3f309a209628c189db8cf685c55be5ef2b2b87961597389faaa8c451ea9c33ce
golovin_fixed50_extended_resolution_convergence_v1_N004096_dt0p1_m002,golovin_fixed50_extended_resolution_convergence_v1_N004096_dt0p1_m002/analysis_stage0_v2/fixed_bin_distributions.npz,025effc0ac968c23216edd8ace211cc9f00f3ac90b4261499160a5ecfbe5fc01
golovin_fixed50_extended_resolution_convergence_v1_N004096_dt0p1_m003,golovin_fixed50_extended_resolution_convergence_v1_N004096_dt0p1_m003/analysis_stage0_v2/fixed_bin_distributions.npz,318673f1f61cda194ea6514d4a919793ef160056c2e8de792333f9226de0b209
golovin_fixed50_extended_resolution_convergence_v1_N004096_dt0p1_m004,golovin_fixed50_extended_resolution_convergence_v1_N004096_dt0p1_m004/analysis_stage0_v2/fixed_bin_distributions.npz,f26cb7b966e6877b89eca0e7d3a5b179b0e4f681524da9ec7d4f09e328cf4e44
golovin_fixed50_extended_resolution_convergence_v1_N004096_dt0p1_m005,golovin_fixed50_extended_resolution_convergence_v1_N004096_dt0p1_m005/analysis_stage0_v2/fixed_bin_distributions.npz,8dbab21bc75c765182be439690d0a424eb81e9ea534db0f8638406fd0df0ad0d
golovin_fixed50_extended_resolution_convergence_v1_N004096_dt0p1_m006,golovin_fixed50_extended_resolution_convergence_v1_N004096_dt0p1_m006/analysis_stage0_v2/fixed_bin_distributions.npz,a128f25e20c75e669dc9e53e69748e1a412761a92d11bb5795bc67e9c4cae35f
golovin_fixed50_extended_resolution_convergence_v1_N004096_dt0p1_m007,golovin_fixed50_extended_resolution_convergence_v1_N004096_dt0p1_m007/analysis_stage0_v2/fixed_bin_distributions.npz,e9bdbbbfd830e58852cc137cf6742558103522239f4ca411917a30f9df4bd7f5
golovin_fixed50_extended_resolution_convergence_v1_N004096_dt0p1_m008,golovin_fixed50_extended_resolution_convergence_v1_N004096_dt0p1_m008/analysis_stage0_v2/fixed_bin_distributions.npz,acf3153b052600a4239796572592f0d2eabc43c469197d52f7b819423facad8c
golovin_fixed50_extended_resolution_convergence_v1_N004096_dt0p1_m009,golovin_fixed50_extended_resolution_convergence_v1_N004096_dt0p1_m009/analysis_stage0_v2/fixed_bin_distributions.npz,b22795c6327456b8f255770edb59e5c40bf2b46fd259d8d1222a066c5f1a01e7
golovin_fixed50_extended_resolution_convergence_v1_N004096_dt0p1_m010,golovin_fixed50_extended_resolution_convergence_v1_N004096_dt0p1_m010/analysis_stage0_v2/fixed_bin_distributions.npz,425935674c2d9534cfe90ffeb2f39eea3a8050a21f2734990edd6e021a2d202a
golovin_fixed50_extended_resolution_convergence_v1_N004096_dt0p1_m011,golovin_fixed50_extended_resolution_convergence_v1_N004096_dt0p1_m011/analysis_stage0_v2/fixed_bin_distributions.npz,f4a7cd1f6cc8fbc1740b8e4c756eb4462ef69685a075e443d8619cd556384f30
golovin_fixed50_extended_resolution_convergence_v1_N004096_dt0p1_m012,golovin_fixed50_extended_resolution_convergence_v1_N004096_dt0p1_m012/analysis_stage0_v2/fixed_bin_distributions.npz,d7eeff6b942fc10807ac43b2d2b2fa2cd39bdab267c3bcc3f56592aec6d0693f
golovin_fixed50_extended_resolution_convergence_v1_N004096_dt0p1_m013,golovin_fixed50_extended_resolution_convergence_v1_N004096_dt0p1_m013/analysis_stage0_v2/fixed_bin_distributions.npz,6829ddbb54757d0cf6c025d46985fad77af3ae2e4ed15a612f21a9ca64b7ff91
golovin_fixed50_extended_resolution_convergence_v1_N004096_dt0p1_m014,golovin_fixed50_extended_resolution_convergence_v1_N004096_dt0p1_m014/analysis_stage0_v2/fixed_bin_distributions.npz,d71312c37466b4e290d86f2f3eb300f372542b23706cb1077e62ddbaeee89529
golovin_fixed50_extended_resolution_convergence_v1_N004096_dt0p1_m015,golovin_fixed50_extended_resolution_convergence_v1_N004096_dt0p1_m015/analysis_stage0_v2/fixed_bin_distributions.npz,656774143fb97f601817504e478a7cb1213024176945b632311600d48e05a6a4
golovin_fixed50_extended_resolution_convergence_v1_N004096_dt0p1_m016,golovin_fixed50_extended_resolution_convergence_v1_N004096_dt0p1_m016/analysis_stage0_v2/fixed_bin_distributions.npz,5e91ba44f64710fe0c4b6d9e6316711d6823e40afac9c9ae44ba223f997a4a30
golovin_fixed50_extended_resolution_convergence_v1_N004096_dt0p1_m017,golovin_fixed50_extended_resolution_convergence_v1_N004096_dt0p1_m017/analysis_stage0_v2/fixed_bin_distributions.npz,d72966daeab54843e43fabda6719c6c62e38b69547b5ba5df71c39929c491afd
golovin_fixed50_extended_resolution_convergence_v1_N004096_dt0p1_m018,golovin_fixed50_extended_resolution_convergence_v1_N004096_dt0p1_m018/analysis_stage0_v2/fixed_bin_distributions.npz,5e26b68483e565ac8227356bb207558b73dfc852e4379c07cc47c318466a66a9
golovin_fixed50_extended_resolution_convergence_v1_N004096_dt0p1_m019,golovin_fixed50_extended_resolution_convergence_v1_N004096_dt0p1_m019/analysis_stage0_v2/fixed_bin_distributions.npz,640ee81dea0da1e6813606f8f781716d5d46aa8ec81fa4076a2eb09b5197c756
golovin_fixed50_extended_resolution_convergence_v1_N004096_dt0p1_m020,golovin_fixed50_extended_resolution_convergence_v1_N004096_dt0p1_m020/analysis_stage0_v2/fixed_bin_distributions.npz,bc79f6fc093932973394a3e1371b2f109a6ed944610bf049ef5ea5534ddcd744
golovin_fixed50_extended_resolution_convergence_v1_N004096_dt0p1_m021,golovin_fixed50_extended_resolution_convergence_v1_N004096_dt0p1_m021/analysis_stage0_v2/fixed_bin_distributions.npz,8ed3f643d97b9b2263dcd16e657a61325abcf9d41681aa1527831e4e6ef3b288
golovin_fixed50_extended_resolution_convergence_v1_N004096_dt0p1_m022,golovin_fixed50_extended_resolution_convergence_v1_N004096_dt0p1_m022/analysis_stage0_v2/fixed_bin_distributions.npz,a03014823866aa2bfcc043527b617c28b6b35ae21d66467e7e85eababa59dc17
golovin_fixed50_extended_resolution_convergence_v1_N004096_dt0p1_m023,golovin_fixed50_extended_resolution_convergence_v1_N004096_dt0p1_m023/analysis_stage0_v2/fixed_bin_distributions.npz,45776e7dd9e0652305e83e7d618f0367691d96ebf4d79a1455da9ef06d9c152f
golovin_fixed50_extended_resolution_convergence_v1_N004096_dt0p1_m024,golovin_fixed50_extended_resolution_convergence_v1_N004096_dt0p1_m024/analysis_stage0_v2/fixed_bin_distributions.npz,43b8a7ed0b09cbae8fe82bb4be936041e6791396ebd3ebfe99a1f92ef0832964
golovin_fixed50_extended_resolution_convergence_v1_N004096_dt0p1_m025,golovin_fixed50_extended_resolution_convergence_v1_N004096_dt0p1_m025/analysis_stage0_v2/fixed_bin_distributions.npz,fabc6647917af01cb564d04f22394b9b1fc5cb7a533e244c9141b3a90659938e
golovin_fixed50_extended_resolution_convergence_v1_N004096_dt0p1_m026,golovin_fixed50_extended_resolution_convergence_v1_N004096_dt0p1_m026/analysis_stage0_v2/fixed_bin_distributions.npz,6f1fd3606aa38c650d71b418eed517c047bc88bb97cb6cc594339405e7b329fc
golovin_fixed50_extended_resolution_convergence_v1_N004096_dt0p1_m027,golovin_fixed50_extended_resolution_convergence_v1_N004096_dt0p1_m027/analysis_stage0_v2/fixed_bin_distributions.npz,df74c3ee17f8b66c623ddec3671314245ee95cf5ae7c956c6acf17bff3730b09
golovin_fixed50_extended_resolution_convergence_v1_N004096_dt0p1_m028,golovin_fixed50_extended_resolution_convergence_v1_N004096_dt0p1_m028/analysis_stage0_v2/fixed_bin_distributions.npz,2f1cc91a0271ee41bb427577e8d6691bd286166314d8cfa33764c34ff3b12e80
golovin_fixed50_extended_resolution_convergence_v1_N004096_dt0p1_m029,golovin_fixed50_extended_resolution_convergence_v1_N004096_dt0p1_m029/analysis_stage0_v2/fixed_bin_distributions.npz,b5cacb9576cadb41d715e29ed29ef5b11f07037c9576cc2741711ed54ddc1e79
golovin_fixed50_extended_resolution_convergence_v1_N004096_dt0p1_m030,golovin_fixed50_extended_resolution_convergence_v1_N004096_dt0p1_m030/analysis_stage0_v2/fixed_bin_distributions.npz,914b308d5bd1c28c3e1bb3b4644cff043e91117a51f0ee90f9098693c0b6aeb3
golovin_fixed50_extended_resolution_convergence_v1_N004096_dt0p1_m031,golovin_fixed50_extended_resolution_convergence_v1_N004096_dt0p1_m031/analysis_stage0_v2/fixed_bin_distributions.npz,4a3eeae55e0d907f8e4ec2aa4cb248ef7bad3982341ad9d5432e8b90fc6a6563
golovin_fixed50_extended_resolution_convergence_v1_N004096_dt0p1_m032,golovin_fixed50_extended_resolution_convergence_v1_N004096_dt0p1_m032/analysis_stage0_v2/fixed_bin_distributions.npz,dd0573425d0ebbc1dddf5f413d1e619e8b39dcf8a3a2fd2a8faac4665e13a904
golovin_fixed50_extended_resolution_convergence_v1_N004096_dt0p1_m033,golovin_fixed50_extended_resolution_convergence_v1_N004096_dt0p1_m033/analysis_stage0_v2/fixed_bin_distributions.npz,f08f74238bf03d1080826593369ab51123c43853700d9fc664b29bc5a9b988c2
golovin_fixed50_extended_resolution_convergence_v1_N004096_dt0p1_m034,golovin_fixed50_extended_resolution_convergence_v1_N004096_dt0p1_m034/analysis_stage0_v2/fixed_bin_distributions.npz,1552aa50d42d09c8479d788c7f48b90be8177a3e24ccfcc35b9a76a9a31c24c4
golovin_fixed50_extended_resolution_convergence_v1_N004096_dt0p1_m035,golovin_fixed50_extended_resolution_convergence_v1_N004096_dt0p1_m035/analysis_stage0_v2/fixed_bin_distributions.npz,d3f0321aa4a528d613cfe0d4e19044183bc79219c8df5511c5db93b6e43d6fca
golovin_fixed50_extended_resolution_convergence_v1_N004096_dt0p1_m036,golovin_fixed50_extended_resolution_convergence_v1_N004096_dt0p1_m036/analysis_stage0_v2/fixed_bin_distributions.npz,3c4ec3edefa8c9011a2092d126049037038811b954f11ecd783104a699efe1bb
golovin_fixed50_extended_resolution_convergence_v1_N004096_dt0p1_m037,golovin_fixed50_extended_resolution_convergence_v1_N004096_dt0p1_m037/analysis_stage0_v2/fixed_bin_distributions.npz,1ac2356b7072dbf9a850e6d6db51c75fd675cac841c0ef10158adcc38c974072
golovin_fixed50_extended_resolution_convergence_v1_N004096_dt0p1_m038,golovin_fixed50_extended_resolution_convergence_v1_N004096_dt0p1_m038/analysis_stage0_v2/fixed_bin_distributions.npz,c3cf0e4c3d2ff3d98d7b972c2ae33c01b5304bf026bb6230496cb158525cb35b
golovin_fixed50_extended_resolution_convergence_v1_N004096_dt0p1_m039,golovin_fixed50_extended_resolution_convergence_v1_N004096_dt0p1_m039/analysis_stage0_v2/fixed_bin_distributions.npz,726f487f9cf4fadc4e510d2417f473729b13138864ffdb110707c9abda1eef8f
golovin_fixed50_extended_resolution_convergence_v1_N004096_dt0p1_m040,golovin_fixed50_extended_resolution_convergence_v1_N004096_dt0p1_m040/analysis_stage0_v2/fixed_bin_distributions.npz,6b324aa69e36120d51be45adfec6b91612a600a2628f77df7129a1531a108cd1
golovin_fixed50_extended_resolution_convergence_v1_N004096_dt0p1_m041,golovin_fixed50_extended_resolution_convergence_v1_N004096_dt0p1_m041/analysis_stage0_v2/fixed_bin_distributions.npz,de4bbaae67208b69956800b4225c59b518e2de8c37b1db01ec7446208406b0ef
golovin_fixed50_extended_resolution_convergence_v1_N004096_dt0p1_m042,golovin_fixed50_extended_resolution_convergence_v1_N004096_dt0p1_m042/analysis_stage0_v2/fixed_bin_distributions.npz,9156fbec61382301d3603c91c755f8cfba19984ef534782c918ee8339e1569d0
golovin_fixed50_extended_resolution_convergence_v1_N004096_dt0p1_m043,golovin_fixed50_extended_resolution_convergence_v1_N004096_dt0p1_m043/analysis_stage0_v2/fixed_bin_distributions.npz,bf2740f43c48a4e020be792f570e793e1ae4ce07fa3ed4d93f58c89f61d4b09f
golovin_fixed50_extended_resolution_convergence_v1_N004096_dt0p1_m044,golovin_fixed50_extended_resolution_convergence_v1_N004096_dt0p1_m044/analysis_stage0_v2/fixed_bin_distributions.npz,10c3a1a216a2b8d81d717996b0cec26ed8566fd3d964b51d1f25e6934b9243bd
golovin_fixed50_extended_resolution_convergence_v1_N004096_dt0p1_m045,golovin_fixed50_extended_resolution_convergence_v1_N004096_dt0p1_m045/analysis_stage0_v2/fixed_bin_distributions.npz,701bd9774074d74a22446c29c4de60f7d932992ba5929c64156803664c7a296b
golovin_fixed50_extended_resolution_convergence_v1_N004096_dt0p1_m046,golovin_fixed50_extended_resolution_convergence_v1_N004096_dt0p1_m046/analysis_stage0_v2/fixed_bin_distributions.npz,e6300734dedcd2b57aa1f1ed18d0aa87f1da78bab0b0aa1f1338174c36556e7c
golovin_fixed50_extended_resolution_convergence_v1_N004096_dt0p1_m047,golovin_fixed50_extended_resolution_convergence_v1_N004096_dt0p1_m047/analysis_stage0_v2/fixed_bin_distributions.npz,2c67c3255b203eff309732935eb55a9fe8d3ea9ef2f3dbb45d5160b5d88dad61
golovin_fixed50_extended_resolution_convergence_v1_N004096_dt0p1_m048,golovin_fixed50_extended_resolution_convergence_v1_N004096_dt0p1_m048/analysis_stage0_v2/fixed_bin_distributions.npz,5ffe980137640dd6881c13239773113f6440dedf58ee0568907af32f5e55fbe9
golovin_fixed50_extended_resolution_convergence_v1_N004096_dt0p1_m049,golovin_fixed50_extended_resolution_convergence_v1_N004096_dt0p1_m049/analysis_stage0_v2/fixed_bin_distributions.npz,63b896d25768f81affefd6674390fbd40012f80c360922dca5e74e1c01d67ba8
golovin_fixed50_extended_resolution_convergence_v1_N008192_dt0p1_m000,golovin_fixed50_extended_resolution_convergence_v1_N008192_dt0p1_m000/analysis_stage0_v2/fixed_bin_distributions.npz,b1801f441313f299584e68424b320d4939bca345f611e2d208207ea17b08d9e7
golovin_fixed50_extended_resolution_convergence_v1_N008192_dt0p1_m001,golovin_fixed50_extended_resolution_convergence_v1_N008192_dt0p1_m001/analysis_stage0_v2/fixed_bin_distributions.npz,79a39b22391a53fb15f95ef57cef12c5a30ebfb01fbf011a82f976c84fc36ccb
golovin_fixed50_extended_resolution_convergence_v1_N008192_dt0p1_m002,golovin_fixed50_extended_resolution_convergence_v1_N008192_dt0p1_m002/analysis_stage0_v2/fixed_bin_distributions.npz,367a1abb6ad03fb17174fc9198372eaa3f13d2f2a6d6fdb3778b3e2f477e7daf
golovin_fixed50_extended_resolution_convergence_v1_N008192_dt0p1_m003,golovin_fixed50_extended_resolution_convergence_v1_N008192_dt0p1_m003/analysis_stage0_v2/fixed_bin_distributions.npz,6da08cf4f7dbd2e479cc6a175679998432a636272a6c523ceef28bb33aedefe7
golovin_fixed50_extended_resolution_convergence_v1_N008192_dt0p1_m004,golovin_fixed50_extended_resolution_convergence_v1_N008192_dt0p1_m004/analysis_stage0_v2/fixed_bin_distributions.npz,c97248085d8a2717e4204dcf82875f44d8181bcd6253cfebd288e1befcc58b32
golovin_fixed50_extended_resolution_convergence_v1_N008192_dt0p1_m005,golovin_fixed50_extended_resolution_convergence_v1_N008192_dt0p1_m005/analysis_stage0_v2/fixed_bin_distributions.npz,1094727bd07dd6b2b15d378d87a4e1cd47c17f74cbf75224999efdcf8f0a35a4
golovin_fixed50_extended_resolution_convergence_v1_N008192_dt0p1_m006,golovin_fixed50_extended_resolution_convergence_v1_N008192_dt0p1_m006/analysis_stage0_v2/fixed_bin_distributions.npz,ad5b300c268a9986e329715e366fa05ec73260c5a7fcc4d58a68a45a2bd38e6e
golovin_fixed50_extended_resolution_convergence_v1_N008192_dt0p1_m007,golovin_fixed50_extended_resolution_convergence_v1_N008192_dt0p1_m007/analysis_stage0_v2/fixed_bin_distributions.npz,9f44ac8e4d118e0aa5e547da913838f70f45090150f288278b59050c88dff8dd
golovin_fixed50_extended_resolution_convergence_v1_N008192_dt0p1_m008,golovin_fixed50_extended_resolution_convergence_v1_N008192_dt0p1_m008/analysis_stage0_v2/fixed_bin_distributions.npz,8606432cda7eb995ce5d98a5076ab7a3fc4cfff7af632eee3f87c84d62c6dcd9
golovin_fixed50_extended_resolution_convergence_v1_N008192_dt0p1_m009,golovin_fixed50_extended_resolution_convergence_v1_N008192_dt0p1_m009/analysis_stage0_v2/fixed_bin_distributions.npz,2adc41fe7aa80be7467553d26a7a65bfd695545a8a7b328cfab4f822bb7079e0
golovin_fixed50_extended_resolution_convergence_v1_N008192_dt0p1_m010,golovin_fixed50_extended_resolution_convergence_v1_N008192_dt0p1_m010/analysis_stage0_v2/fixed_bin_distributions.npz,0263d9cc815b0e2b39989418b1af3f8badc57671e1eb30a3281f2918795fa98f
golovin_fixed50_extended_resolution_convergence_v1_N008192_dt0p1_m011,golovin_fixed50_extended_resolution_convergence_v1_N008192_dt0p1_m011/analysis_stage0_v2/fixed_bin_distributions.npz,c25d45c8a3f47f8d72e3ce21a7daf07569d18f0f9a791b21fb607b1ca98e4acb
golovin_fixed50_extended_resolution_convergence_v1_N008192_dt0p1_m012,golovin_fixed50_extended_resolution_convergence_v1_N008192_dt0p1_m012/analysis_stage0_v2/fixed_bin_distributions.npz,74613ac8f3240c8fc646f7f4306f01294f40f8a7721a92e75fbc51aa16fb9c39
golovin_fixed50_extended_resolution_convergence_v1_N008192_dt0p1_m013,golovin_fixed50_extended_resolution_convergence_v1_N008192_dt0p1_m013/analysis_stage0_v2/fixed_bin_distributions.npz,0f6020f7ef9bf78951f691b8355296e5e557e1cb1d5141967b43b58719191806
golovin_fixed50_extended_resolution_convergence_v1_N008192_dt0p1_m014,golovin_fixed50_extended_resolution_convergence_v1_N008192_dt0p1_m014/analysis_stage0_v2/fixed_bin_distributions.npz,b5942c1ce9a3ef21808038cfd6f24113c9fcbb70478dc4d1c8301124ea766aa4
golovin_fixed50_extended_resolution_convergence_v1_N008192_dt0p1_m015,golovin_fixed50_extended_resolution_convergence_v1_N008192_dt0p1_m015/analysis_stage0_v2/fixed_bin_distributions.npz,8f8f68a65e8080a6a7863193b89aedf9b6c43d3bea3ba48a710905ecb9a6524d
golovin_fixed50_extended_resolution_convergence_v1_N008192_dt0p1_m016,golovin_fixed50_extended_resolution_convergence_v1_N008192_dt0p1_m016/analysis_stage0_v2/fixed_bin_distributions.npz,0fdb23be23dbc5f4776f82ec551fd8154b95b7545171f081c5f62f044254c6f3
golovin_fixed50_extended_resolution_convergence_v1_N008192_dt0p1_m017,golovin_fixed50_extended_resolution_convergence_v1_N008192_dt0p1_m017/analysis_stage0_v2/fixed_bin_distributions.npz,61843aca0c73b5df98fc37344f5a6c7800c1306939287172ec09305a78b50d04
golovin_fixed50_extended_resolution_convergence_v1_N008192_dt0p1_m018,golovin_fixed50_extended_resolution_convergence_v1_N008192_dt0p1_m018/analysis_stage0_v2/fixed_bin_distributions.npz,580cb7368a005804af128c06dcd4eaf90026c2e86f14fb3f53d7dd200fb9ce66
golovin_fixed50_extended_resolution_convergence_v1_N008192_dt0p1_m019,golovin_fixed50_extended_resolution_convergence_v1_N008192_dt0p1_m019/analysis_stage0_v2/fixed_bin_distributions.npz,0f15833460a0305bddb0f71a1598a5481d04adbe0a2a1685564caf102f884d79
golovin_fixed50_extended_resolution_convergence_v1_N008192_dt0p1_m020,golovin_fixed50_extended_resolution_convergence_v1_N008192_dt0p1_m020/analysis_stage0_v2/fixed_bin_distributions.npz,3cb995949b702a538c9dedafda9e1a7c69f1e2b4672444c8a115c66263a79e14
golovin_fixed50_extended_resolution_convergence_v1_N008192_dt0p1_m021,golovin_fixed50_extended_resolution_convergence_v1_N008192_dt0p1_m021/analysis_stage0_v2/fixed_bin_distributions.npz,7f1b6030305ea0e87c5f69643b584b6ae72d3e4a2d03a20acf43de3285621a4d
golovin_fixed50_extended_resolution_convergence_v1_N008192_dt0p1_m022,golovin_fixed50_extended_resolution_convergence_v1_N008192_dt0p1_m022/analysis_stage0_v2/fixed_bin_distributions.npz,4748e7fb83d3df8334371cf5f102d6d263a5c61675d265c469e4502ca779ab3d
golovin_fixed50_extended_resolution_convergence_v1_N008192_dt0p1_m023,golovin_fixed50_extended_resolution_convergence_v1_N008192_dt0p1_m023/analysis_stage0_v2/fixed_bin_distributions.npz,48baa95f38e87851522eda4204307aabce79be24b4fba188e8bbb2e566e5657f
golovin_fixed50_extended_resolution_convergence_v1_N008192_dt0p1_m024,golovin_fixed50_extended_resolution_convergence_v1_N008192_dt0p1_m024/analysis_stage0_v2/fixed_bin_distributions.npz,0396c58500ce94b776b9e78102864bba90ebd631375cd328adc90432ab2032b4
golovin_fixed50_extended_resolution_convergence_v1_N008192_dt0p1_m025,golovin_fixed50_extended_resolution_convergence_v1_N008192_dt0p1_m025/analysis_stage0_v2/fixed_bin_distributions.npz,3b73b0ab20ddbfd809a54e716993a75b8e1976fe36216c8702fb8eca8d057b81
golovin_fixed50_extended_resolution_convergence_v1_N008192_dt0p1_m026,golovin_fixed50_extended_resolution_convergence_v1_N008192_dt0p1_m026/analysis_stage0_v2/fixed_bin_distributions.npz,34662faccff59ac3644f69ab19ff64c3b04d69b0deb159f355e35220254e9ce0
golovin_fixed50_extended_resolution_convergence_v1_N008192_dt0p1_m027,golovin_fixed50_extended_resolution_convergence_v1_N008192_dt0p1_m027/analysis_stage0_v2/fixed_bin_distributions.npz,45fc393d25b57184db8f4db9b33e8af78e7f39d4a1af1f94cc1296959f72adf0
golovin_fixed50_extended_resolution_convergence_v1_N008192_dt0p1_m028,golovin_fixed50_extended_resolution_convergence_v1_N008192_dt0p1_m028/analysis_stage0_v2/fixed_bin_distributions.npz,e2115060d946e81d660431f69fb19574f93c0c8793dcd0ff3e842f663c51d2b5
golovin_fixed50_extended_resolution_convergence_v1_N008192_dt0p1_m029,golovin_fixed50_extended_resolution_convergence_v1_N008192_dt0p1_m029/analysis_stage0_v2/fixed_bin_distributions.npz,c206331f8d122d59a7aadd57037b73c9de3018ae49501de7ba6cd4ace99f7611
golovin_fixed50_extended_resolution_convergence_v1_N008192_dt0p1_m030,golovin_fixed50_extended_resolution_convergence_v1_N008192_dt0p1_m030/analysis_stage0_v2/fixed_bin_distributions.npz,4a1b80a74be92128e2cfae1ac26786585eeb3eb0739246f039bfa9aa0bc9a66b
golovin_fixed50_extended_resolution_convergence_v1_N008192_dt0p1_m031,golovin_fixed50_extended_resolution_convergence_v1_N008192_dt0p1_m031/analysis_stage0_v2/fixed_bin_distributions.npz,89872933cb6d03a73a6bf8f1098554264e8b164ffd67c1b44774c5d73269ef1b
golovin_fixed50_extended_resolution_convergence_v1_N008192_dt0p1_m032,golovin_fixed50_extended_resolution_convergence_v1_N008192_dt0p1_m032/analysis_stage0_v2/fixed_bin_distributions.npz,48f87005deadc8aadf22e0b0ddd7f56fb02ccb919f6b8ce3b08b520c5c37aa96
golovin_fixed50_extended_resolution_convergence_v1_N008192_dt0p1_m033,golovin_fixed50_extended_resolution_convergence_v1_N008192_dt0p1_m033/analysis_stage0_v2/fixed_bin_distributions.npz,6d145f79d6a9fc827a236bd128c2098841585c7df64b05f9803e3e04485789b0
golovin_fixed50_extended_resolution_convergence_v1_N008192_dt0p1_m034,golovin_fixed50_extended_resolution_convergence_v1_N008192_dt0p1_m034/analysis_stage0_v2/fixed_bin_distributions.npz,f0a946b41fc43db86917eafc1e776c92b22db37b47dac15e981dedac064fe3ce
golovin_fixed50_extended_resolution_convergence_v1_N008192_dt0p1_m035,golovin_fixed50_extended_resolution_convergence_v1_N008192_dt0p1_m035/analysis_stage0_v2/fixed_bin_distributions.npz,269ee38aad8b500d9c1a73577889d2f50cdb535c8b18b9c2f3a3ad63079e5fbf
golovin_fixed50_extended_resolution_convergence_v1_N008192_dt0p1_m036,golovin_fixed50_extended_resolution_convergence_v1_N008192_dt0p1_m036/analysis_stage0_v2/fixed_bin_distributions.npz,188e4566d091038e492b8a530814305e30f8e111ab89d1b26dd7c570da33a1c3
golovin_fixed50_extended_resolution_convergence_v1_N008192_dt0p1_m037,golovin_fixed50_extended_resolution_convergence_v1_N008192_dt0p1_m037/analysis_stage0_v2/fixed_bin_distributions.npz,c32c9e8380260480ff67309ab089a27d3c39499b801728164fd3940ef412111e
golovin_fixed50_extended_resolution_convergence_v1_N008192_dt0p1_m038,golovin_fixed50_extended_resolution_convergence_v1_N008192_dt0p1_m038/analysis_stage0_v2/fixed_bin_distributions.npz,7987a65acefe7d1dd0062b1b4ac5daf41c72fc31f430ba09ff8f6ab25903023c
golovin_fixed50_extended_resolution_convergence_v1_N008192_dt0p1_m039,golovin_fixed50_extended_resolution_convergence_v1_N008192_dt0p1_m039/analysis_stage0_v2/fixed_bin_distributions.npz,6ce403c0ee1490106d7033e218eda302277abf85719ac7fdd14221d41fc097c6
golovin_fixed50_extended_resolution_convergence_v1_N008192_dt0p1_m040,golovin_fixed50_extended_resolution_convergence_v1_N008192_dt0p1_m040/analysis_stage0_v2/fixed_bin_distributions.npz,0ea075304cff36cf867268699bfa6d62c533aa4a49419575ec690dd215026fff
golovin_fixed50_extended_resolution_convergence_v1_N008192_dt0p1_m041,golovin_fixed50_extended_resolution_convergence_v1_N008192_dt0p1_m041/analysis_stage0_v2/fixed_bin_distributions.npz,e24775a144333fd0c552ee27eabede0a2eba811fe49827aa566fc92060cf2d43
golovin_fixed50_extended_resolution_convergence_v1_N008192_dt0p1_m042,golovin_fixed50_extended_resolution_convergence_v1_N008192_dt0p1_m042/analysis_stage0_v2/fixed_bin_distributions.npz,4276f2a7cf2ecd4ff212f2af8ce0a04421c73b931b000e30d2c947b80f5923d4
golovin_fixed50_extended_resolution_convergence_v1_N008192_dt0p1_m043,golovin_fixed50_extended_resolution_convergence_v1_N008192_dt0p1_m043/analysis_stage0_v2/fixed_bin_distributions.npz,0b1bd0ead2886764ac5c08951c3c40e553df2f4967194b89908fddde3cbe5f9e
golovin_fixed50_extended_resolution_convergence_v1_N008192_dt0p1_m044,golovin_fixed50_extended_resolution_convergence_v1_N008192_dt0p1_m044/analysis_stage0_v2/fixed_bin_distributions.npz,040aae307fdd8e5120b5d1ea1470d317c95e23a335ef28ff6fae0c047de5f60b
golovin_fixed50_extended_resolution_convergence_v1_N008192_dt0p1_m045,golovin_fixed50_extended_resolution_convergence_v1_N008192_dt0p1_m045/analysis_stage0_v2/fixed_bin_distributions.npz,0e99b232c71c2e902d2b660600793cb10c55194dd3eb3d72ddb9d8b938490e78
golovin_fixed50_extended_resolution_convergence_v1_N008192_dt0p1_m046,golovin_fixed50_extended_resolution_convergence_v1_N008192_dt0p1_m046/analysis_stage0_v2/fixed_bin_distributions.npz,8b424dde106f6b82b16293e1c5cc8759c9d5087aab645a26786f9e874bfbfbff
golovin_fixed50_extended_resolution_convergence_v1_N008192_dt0p1_m047,golovin_fixed50_extended_resolution_convergence_v1_N008192_dt0p1_m047/analysis_stage0_v2/fixed_bin_distributions.npz,b50002ff0947ed2620791d3d78bee20867a01ef7a1ac6e05fe3b2a0e2b0ca2e6
golovin_fixed50_extended_resolution_convergence_v1_N008192_dt0p1_m048,golovin_fixed50_extended_resolution_convergence_v1_N008192_dt0p1_m048/analysis_stage0_v2/fixed_bin_distributions.npz,f0f374e1553a9aafc9ac4de84ce1413cd5e0b946e2ef55bd460cecc0e894e814
golovin_fixed50_extended_resolution_convergence_v1_N008192_dt0p1_m049,golovin_fixed50_extended_resolution_convergence_v1_N008192_dt0p1_m049/analysis_stage0_v2/fixed_bin_distributions.npz,ed88b27edfbc0750529b3741d64713cab5bcc77f28e20e65424b64292275c59a
golovin_fixed50_extended_resolution_convergence_v1_N016384_dt0p1_m000,golovin_fixed50_extended_resolution_convergence_v1_N016384_dt0p1_m000/analysis_stage0_v2/fixed_bin_distributions.npz,a330fa6eb6bf5b3a8594b778a9473d50f5288d29e096ceefa97167e211977fcc
golovin_fixed50_extended_resolution_convergence_v1_N016384_dt0p1_m001,golovin_fixed50_extended_resolution_convergence_v1_N016384_dt0p1_m001/analysis_stage0_v2/fixed_bin_distributions.npz,b8e805357f562c823c9fa25b83edcfa77baf87f1ada067dcc835457274f0d7ed
golovin_fixed50_extended_resolution_convergence_v1_N016384_dt0p1_m002,golovin_fixed50_extended_resolution_convergence_v1_N016384_dt0p1_m002/analysis_stage0_v2/fixed_bin_distributions.npz,bd9be1458e9f3af7e6672acc7e230e2e9bbf6b0a8ba5057f5f175dd05ff3ab92
golovin_fixed50_extended_resolution_convergence_v1_N016384_dt0p1_m003,golovin_fixed50_extended_resolution_convergence_v1_N016384_dt0p1_m003/analysis_stage0_v2/fixed_bin_distributions.npz,851b56011063aaddea69e09257e23055c559fff061b9cfa19120b595b6cbd718
golovin_fixed50_extended_resolution_convergence_v1_N016384_dt0p1_m004,golovin_fixed50_extended_resolution_convergence_v1_N016384_dt0p1_m004/analysis_stage0_v2/fixed_bin_distributions.npz,3468e0d4bb06138266d06465bd78de69639ddf99c9254905eca0a2b8b80d72ee
golovin_fixed50_extended_resolution_convergence_v1_N016384_dt0p1_m005,golovin_fixed50_extended_resolution_convergence_v1_N016384_dt0p1_m005/analysis_stage0_v2/fixed_bin_distributions.npz,0e90c14d33827e8b7c382ae1f57838265f6fc22da1f830977e1c4a583a458ae3
golovin_fixed50_extended_resolution_convergence_v1_N016384_dt0p1_m006,golovin_fixed50_extended_resolution_convergence_v1_N016384_dt0p1_m006/analysis_stage0_v2/fixed_bin_distributions.npz,3d9bd05f0314265651255f71af5b9f1e657ccc5dd02023083a3cf7231e33f8c4
golovin_fixed50_extended_resolution_convergence_v1_N016384_dt0p1_m007,golovin_fixed50_extended_resolution_convergence_v1_N016384_dt0p1_m007/analysis_stage0_v2/fixed_bin_distributions.npz,299efc94611e0eb34d353ef1402c10c3cc14e76a264f096b4f1a0bef8936a101
golovin_fixed50_extended_resolution_convergence_v1_N016384_dt0p1_m008,golovin_fixed50_extended_resolution_convergence_v1_N016384_dt0p1_m008/analysis_stage0_v2/fixed_bin_distributions.npz,d557d28726d103f281f0362957c519fdea1c7c900056ccbaac56439a174d1043
golovin_fixed50_extended_resolution_convergence_v1_N016384_dt0p1_m009,golovin_fixed50_extended_resolution_convergence_v1_N016384_dt0p1_m009/analysis_stage0_v2/fixed_bin_distributions.npz,52e5101ca0b7a1f2b2cf709e8cb58474f00408ae1b5a7e7c44440d28f0433299
golovin_fixed50_extended_resolution_convergence_v1_N016384_dt0p1_m010,golovin_fixed50_extended_resolution_convergence_v1_N016384_dt0p1_m010/analysis_stage0_v2/fixed_bin_distributions.npz,fe0a88add111475a511c58d223283cd946af4bc6e4d97e62a7fd2db1ccdf74e5
golovin_fixed50_extended_resolution_convergence_v1_N016384_dt0p1_m011,golovin_fixed50_extended_resolution_convergence_v1_N016384_dt0p1_m011/analysis_stage0_v2/fixed_bin_distributions.npz,bc809abc8723f306961a3eb4fbfb65a33c610f6450686238d2ddfcfe381c12ee
golovin_fixed50_extended_resolution_convergence_v1_N016384_dt0p1_m012,golovin_fixed50_extended_resolution_convergence_v1_N016384_dt0p1_m012/analysis_stage0_v2/fixed_bin_distributions.npz,48f57c9bc06232b49c8bc85d486b83548f80a94b23e0c761b5b9de81c4eb58e7
golovin_fixed50_extended_resolution_convergence_v1_N016384_dt0p1_m013,golovin_fixed50_extended_resolution_convergence_v1_N016384_dt0p1_m013/analysis_stage0_v2/fixed_bin_distributions.npz,70316b82bbaeea29d6e8318463ca94d0d9cb86d5a7f82daf5d6923e112f56dff
golovin_fixed50_extended_resolution_convergence_v1_N016384_dt0p1_m014,golovin_fixed50_extended_resolution_convergence_v1_N016384_dt0p1_m014/analysis_stage0_v2/fixed_bin_distributions.npz,2deee27b365cd97ab7e8fc13552ae4f6fb2ceff3057bb30b279236767aec5dfa
golovin_fixed50_extended_resolution_convergence_v1_N016384_dt0p1_m015,golovin_fixed50_extended_resolution_convergence_v1_N016384_dt0p1_m015/analysis_stage0_v2/fixed_bin_distributions.npz,aea7525847597636cb40f0e5a6644fca59ce3c1d78c69349c23504ff2548c55c
golovin_fixed50_extended_resolution_convergence_v1_N016384_dt0p1_m016,golovin_fixed50_extended_resolution_convergence_v1_N016384_dt0p1_m016/analysis_stage0_v2/fixed_bin_distributions.npz,7a42e408adebab429eae3c5732372d48a5d560481dae86cc234cd1598b60be06
golovin_fixed50_extended_resolution_convergence_v1_N016384_dt0p1_m017,golovin_fixed50_extended_resolution_convergence_v1_N016384_dt0p1_m017/analysis_stage0_v2/fixed_bin_distributions.npz,eff9bfa82d7e419fffd24a8dd2b410c00660f401fc5e0e1748e8776f5063a429
golovin_fixed50_extended_resolution_convergence_v1_N016384_dt0p1_m018,golovin_fixed50_extended_resolution_convergence_v1_N016384_dt0p1_m018/analysis_stage0_v2/fixed_bin_distributions.npz,340580053b7a9c4a074fa90780bc0a29f79f38a7e7b71d68e40b0aca5623d7f0
golovin_fixed50_extended_resolution_convergence_v1_N016384_dt0p1_m019,golovin_fixed50_extended_resolution_convergence_v1_N016384_dt0p1_m019/analysis_stage0_v2/fixed_bin_distributions.npz,6c23f498775275413584898b92b8eef81e8f7b99efb1cb626dcb36f69ed4838f
golovin_fixed50_extended_resolution_convergence_v1_N016384_dt0p1_m020,golovin_fixed50_extended_resolution_convergence_v1_N016384_dt0p1_m020/analysis_stage0_v2/fixed_bin_distributions.npz,852733141b2ad61ec247e0d7e36ec7c5bbab6055f3b5e509f15a855dc1e36466
golovin_fixed50_extended_resolution_convergence_v1_N016384_dt0p1_m021,golovin_fixed50_extended_resolution_convergence_v1_N016384_dt0p1_m021/analysis_stage0_v2/fixed_bin_distributions.npz,5d7895d686f1bfa751d177a53bb5be55d1b4056017f44d1736ee199339e186e2
golovin_fixed50_extended_resolution_convergence_v1_N016384_dt0p1_m022,golovin_fixed50_extended_resolution_convergence_v1_N016384_dt0p1_m022/analysis_stage0_v2/fixed_bin_distributions.npz,e160502068c9a29c2a28a27d71ff712bb224e6c1e9989d2bcea07d7691d7b6b2
golovin_fixed50_extended_resolution_convergence_v1_N016384_dt0p1_m023,golovin_fixed50_extended_resolution_convergence_v1_N016384_dt0p1_m023/analysis_stage0_v2/fixed_bin_distributions.npz,1a7771b0a9a79702da8ad1d373b2386d52e6cecc14eb221f8e3d8f60ddd29c40
golovin_fixed50_extended_resolution_convergence_v1_N016384_dt0p1_m024,golovin_fixed50_extended_resolution_convergence_v1_N016384_dt0p1_m024/analysis_stage0_v2/fixed_bin_distributions.npz,2a48607a51fc232f9ee64bc2307a53c7acf62537d9207747288715ad2e463667
golovin_fixed50_extended_resolution_convergence_v1_N016384_dt0p1_m025,golovin_fixed50_extended_resolution_convergence_v1_N016384_dt0p1_m025/analysis_stage0_v2/fixed_bin_distributions.npz,e409a73a5b9fcd22179ee9c8df1f2fdc912bf217212169393104930e414dfd2d
golovin_fixed50_extended_resolution_convergence_v1_N016384_dt0p1_m026,golovin_fixed50_extended_resolution_convergence_v1_N016384_dt0p1_m026/analysis_stage0_v2/fixed_bin_distributions.npz,611228d59a8615451807e2533ce712f1368479ff5866592f3ef45d86744133a0
golovin_fixed50_extended_resolution_convergence_v1_N016384_dt0p1_m027,golovin_fixed50_extended_resolution_convergence_v1_N016384_dt0p1_m027/analysis_stage0_v2/fixed_bin_distributions.npz,3fc1ff0f5c8f12757b28868ef0ebbf2001b031dc7d26bc6123f911687f1b8a05
golovin_fixed50_extended_resolution_convergence_v1_N016384_dt0p1_m028,golovin_fixed50_extended_resolution_convergence_v1_N016384_dt0p1_m028/analysis_stage0_v2/fixed_bin_distributions.npz,9c262d042393f0464323e7e8f67bc40473c3b5bbd7eaec836f539a7eb9d28e1e
golovin_fixed50_extended_resolution_convergence_v1_N016384_dt0p1_m029,golovin_fixed50_extended_resolution_convergence_v1_N016384_dt0p1_m029/analysis_stage0_v2/fixed_bin_distributions.npz,5b9db765f023c1bc3cb4f924d8c4d02b7a74868ea5a689c2f98509503a5c71d9
golovin_fixed50_extended_resolution_convergence_v1_N016384_dt0p1_m030,golovin_fixed50_extended_resolution_convergence_v1_N016384_dt0p1_m030/analysis_stage0_v2/fixed_bin_distributions.npz,ea6452c669b714c9dc22b0b341aa9907ea4dfcd1f005af01e8f99db20d13ccb5
golovin_fixed50_extended_resolution_convergence_v1_N016384_dt0p1_m031,golovin_fixed50_extended_resolution_convergence_v1_N016384_dt0p1_m031/analysis_stage0_v2/fixed_bin_distributions.npz,8e4d888a59713c210b6d59d7538ddffc1defaa6b2dda61b8f8d117b577a2431d
golovin_fixed50_extended_resolution_convergence_v1_N016384_dt0p1_m032,golovin_fixed50_extended_resolution_convergence_v1_N016384_dt0p1_m032/analysis_stage0_v2/fixed_bin_distributions.npz,b163fa57a79491e6de5f9fd8658ec85e7a1a135f68d8fa17cc88108ac631388f
golovin_fixed50_extended_resolution_convergence_v1_N016384_dt0p1_m033,golovin_fixed50_extended_resolution_convergence_v1_N016384_dt0p1_m033/analysis_stage0_v2/fixed_bin_distributions.npz,cccc5ec44c421a439f5b6c63b59d7c41c721040ea4c19efa7a70c7d748210aa1
golovin_fixed50_extended_resolution_convergence_v1_N016384_dt0p1_m034,golovin_fixed50_extended_resolution_convergence_v1_N016384_dt0p1_m034/analysis_stage0_v2/fixed_bin_distributions.npz,69b4da3465c1c6f5989cdeebaff3a0f3e609ddf2df8a0ab981b9aea8cb4196b6
golovin_fixed50_extended_resolution_convergence_v1_N016384_dt0p1_m035,golovin_fixed50_extended_resolution_convergence_v1_N016384_dt0p1_m035/analysis_stage0_v2/fixed_bin_distributions.npz,c17440c2ed17bf7541445822df4068a8c1cd7a6d7708de48c878ad27b4928a46
golovin_fixed50_extended_resolution_convergence_v1_N016384_dt0p1_m036,golovin_fixed50_extended_resolution_convergence_v1_N016384_dt0p1_m036/analysis_stage0_v2/fixed_bin_distributions.npz,63a80b2434a46b9e3a5eaaa068ac13f79acd83cc76e7bd023a719ac36bef105c
golovin_fixed50_extended_resolution_convergence_v1_N016384_dt0p1_m037,golovin_fixed50_extended_resolution_convergence_v1_N016384_dt0p1_m037/analysis_stage0_v2/fixed_bin_distributions.npz,68ca8cfb22770d393040822c974afa2fccfd975cb4244512c75d3794466b762a
golovin_fixed50_extended_resolution_convergence_v1_N016384_dt0p1_m038,golovin_fixed50_extended_resolution_convergence_v1_N016384_dt0p1_m038/analysis_stage0_v2/fixed_bin_distributions.npz,6404114ae46c8c9921b9f3f8ac11965e576839fa5ac76c8052966c7afed22a06
golovin_fixed50_extended_resolution_convergence_v1_N016384_dt0p1_m039,golovin_fixed50_extended_resolution_convergence_v1_N016384_dt0p1_m039/analysis_stage0_v2/fixed_bin_distributions.npz,c6ac0b023d32b7f82253cfb342fbb0b9f1d2d4240d3dec506241de0c5976a0dc
golovin_fixed50_extended_resolution_convergence_v1_N016384_dt0p1_m040,golovin_fixed50_extended_resolution_convergence_v1_N016384_dt0p1_m040/analysis_stage0_v2/fixed_bin_distributions.npz,d62ea449860463d3edd63e76d2ed8b0fe9c71935a5463a66c76aa9b09c1eb656
golovin_fixed50_extended_resolution_convergence_v1_N016384_dt0p1_m041,golovin_fixed50_extended_resolution_convergence_v1_N016384_dt0p1_m041/analysis_stage0_v2/fixed_bin_distributions.npz,643c7ad96e8def501b692a6a208811237687ba6844bfe3cf11df539cd5bf3ed3
golovin_fixed50_extended_resolution_convergence_v1_N016384_dt0p1_m042,golovin_fixed50_extended_resolution_convergence_v1_N016384_dt0p1_m042/analysis_stage0_v2/fixed_bin_distributions.npz,9160d779e033fe45f347f7beedf831bd1bc9b5b669450e5149a812455b42f51b
golovin_fixed50_extended_resolution_convergence_v1_N016384_dt0p1_m043,golovin_fixed50_extended_resolution_convergence_v1_N016384_dt0p1_m043/analysis_stage0_v2/fixed_bin_distributions.npz,2b0b8e33ca0b07f8c5cf552362fcf90f5acc7080748f1acf188544e230d03386
golovin_fixed50_extended_resolution_convergence_v1_N016384_dt0p1_m044,golovin_fixed50_extended_resolution_convergence_v1_N016384_dt0p1_m044/analysis_stage0_v2/fixed_bin_distributions.npz,131ac0d8b94fa5d4acbf88297ab8b7c34256a8322a9cf0b2a303dfede71fd2f8
golovin_fixed50_extended_resolution_convergence_v1_N016384_dt0p1_m045,golovin_fixed50_extended_resolution_convergence_v1_N016384_dt0p1_m045/analysis_stage0_v2/fixed_bin_distributions.npz,ea069e893c6b5e62253abc35b1fedae64f5f4a7cd35bd4a58683053f11a5dbbd
golovin_fixed50_extended_resolution_convergence_v1_N016384_dt0p1_m046,golovin_fixed50_extended_resolution_convergence_v1_N016384_dt0p1_m046/analysis_stage0_v2/fixed_bin_distributions.npz,e2fd8b36adddb196ba3c48db7f8f07a5d8fc5aa418a983458aa0d436e831f186
golovin_fixed50_extended_resolution_convergence_v1_N016384_dt0p1_m047,golovin_fixed50_extended_resolution_convergence_v1_N016384_dt0p1_m047/analysis_stage0_v2/fixed_bin_distributions.npz,288d8bfd3b74a2d474e3cc6bb920952b1db399a7b41553c564107c2ca200ce6c
golovin_fixed50_extended_resolution_convergence_v1_N016384_dt0p1_m048,golovin_fixed50_extended_resolution_convergence_v1_N016384_dt0p1_m048/analysis_stage0_v2/fixed_bin_distributions.npz,896826f79e13e318c6b07be0c9c3f2f3bfdf5cd9cb5d4b2a3f6d85f3e51b8d4d
golovin_fixed50_extended_resolution_convergence_v1_N016384_dt0p1_m049,golovin_fixed50_extended_resolution_convergence_v1_N016384_dt0p1_m049/analysis_stage0_v2/fixed_bin_distributions.npz,d28681946bd80fa71ba30d76b2029bdf114de1873319f3af2678faa279fe3a77
golovin_fixed50_extended_resolution_convergence_v1_N032768_dt0p1_m000,golovin_fixed50_extended_resolution_convergence_v1_N032768_dt0p1_m000/analysis_stage0_v2/fixed_bin_distributions.npz,5723cd2b9112f1fbd912e70301b292722937ea5e423c6dd3f2005db4090238f8
golovin_fixed50_extended_resolution_convergence_v1_N032768_dt0p1_m001,golovin_fixed50_extended_resolution_convergence_v1_N032768_dt0p1_m001/analysis_stage0_v2/fixed_bin_distributions.npz,50c8fe571390d2b2fda5f002543f4f7728c6eb62a8a3237c150d3bbb015433c4
golovin_fixed50_extended_resolution_convergence_v1_N032768_dt0p1_m002,golovin_fixed50_extended_resolution_convergence_v1_N032768_dt0p1_m002/analysis_stage0_v2/fixed_bin_distributions.npz,668f5e9580fa1ac9286fbb52a6d790d1e6d2ff2eed22600c0281e76910c3fca5
golovin_fixed50_extended_resolution_convergence_v1_N032768_dt0p1_m003,golovin_fixed50_extended_resolution_convergence_v1_N032768_dt0p1_m003/analysis_stage0_v2/fixed_bin_distributions.npz,a6d57008f7b51cb276e64b24a5cc4dd6cc2f1afc6304d71bcc75f50687b2886c
golovin_fixed50_extended_resolution_convergence_v1_N032768_dt0p1_m004,golovin_fixed50_extended_resolution_convergence_v1_N032768_dt0p1_m004/analysis_stage0_v2/fixed_bin_distributions.npz,5c80054c531b185bd6cea5e4fc347f3acae2ebb679dde697d8f67aded8e2d7ce
golovin_fixed50_extended_resolution_convergence_v1_N032768_dt0p1_m005,golovin_fixed50_extended_resolution_convergence_v1_N032768_dt0p1_m005/analysis_stage0_v2/fixed_bin_distributions.npz,d17c83d2ecd3b95bb5abbe232f1796c15100bbe4f264ce1fa671325ce862e8a2
golovin_fixed50_extended_resolution_convergence_v1_N032768_dt0p1_m006,golovin_fixed50_extended_resolution_convergence_v1_N032768_dt0p1_m006/analysis_stage0_v2/fixed_bin_distributions.npz,0dac9dba38116b83a5499a0bab63ad7dac44cd76ccf47755eaaf1b084695a56d
golovin_fixed50_extended_resolution_convergence_v1_N032768_dt0p1_m007,golovin_fixed50_extended_resolution_convergence_v1_N032768_dt0p1_m007/analysis_stage0_v2/fixed_bin_distributions.npz,611f05eee6e77493c599c3ceea29998e2995fd95a2d7318ef962c9f5ff131c1c
golovin_fixed50_extended_resolution_convergence_v1_N032768_dt0p1_m008,golovin_fixed50_extended_resolution_convergence_v1_N032768_dt0p1_m008/analysis_stage0_v2/fixed_bin_distributions.npz,e5a1f9175246cbe82ae27cb9fed17c71b0160b478e307aa4f00f87dcc714c536
golovin_fixed50_extended_resolution_convergence_v1_N032768_dt0p1_m009,golovin_fixed50_extended_resolution_convergence_v1_N032768_dt0p1_m009/analysis_stage0_v2/fixed_bin_distributions.npz,3d80c4ee361337972d6ccb20f08eb3bd72fe616da7022a42bf3ffe256799c050
golovin_fixed50_extended_resolution_convergence_v1_N032768_dt0p1_m010,golovin_fixed50_extended_resolution_convergence_v1_N032768_dt0p1_m010/analysis_stage0_v2/fixed_bin_distributions.npz,7f09cfaf56cf1503d969b73bedad75e4036feb82ec1adc74fad3d372f67d3055
golovin_fixed50_extended_resolution_convergence_v1_N032768_dt0p1_m011,golovin_fixed50_extended_resolution_convergence_v1_N032768_dt0p1_m011/analysis_stage0_v2/fixed_bin_distributions.npz,6d63a6aa8a3be65c8e55e24607e9171c90b3e3f08bec3908c919e4af42774e83
golovin_fixed50_extended_resolution_convergence_v1_N032768_dt0p1_m012,golovin_fixed50_extended_resolution_convergence_v1_N032768_dt0p1_m012/analysis_stage0_v2/fixed_bin_distributions.npz,793d75d3be575a363c1d3072a5e53182257f80173100d3b1008cd611a46d37eb
golovin_fixed50_extended_resolution_convergence_v1_N032768_dt0p1_m013,golovin_fixed50_extended_resolution_convergence_v1_N032768_dt0p1_m013/analysis_stage0_v2/fixed_bin_distributions.npz,43789732629e69ec99065390b327bc9a129384c7e7e0b62a66543c39c9158e64
golovin_fixed50_extended_resolution_convergence_v1_N032768_dt0p1_m014,golovin_fixed50_extended_resolution_convergence_v1_N032768_dt0p1_m014/analysis_stage0_v2/fixed_bin_distributions.npz,160d1137e67c83c517480bb2839e1609cade3f2eeb449206d95ff0df9ab74c99
golovin_fixed50_extended_resolution_convergence_v1_N032768_dt0p1_m015,golovin_fixed50_extended_resolution_convergence_v1_N032768_dt0p1_m015/analysis_stage0_v2/fixed_bin_distributions.npz,6ef5cbd38fbb82ea95c4352b797f505ddd51cb948162eaee90fb48746afe31f5
golovin_fixed50_extended_resolution_convergence_v1_N032768_dt0p1_m016,golovin_fixed50_extended_resolution_convergence_v1_N032768_dt0p1_m016/analysis_stage0_v2/fixed_bin_distributions.npz,8f7204087e85ee991e6e0f5850f7e29447039c80c0c3b5fb43f6563922bf4476
golovin_fixed50_extended_resolution_convergence_v1_N032768_dt0p1_m017,golovin_fixed50_extended_resolution_convergence_v1_N032768_dt0p1_m017/analysis_stage0_v2/fixed_bin_distributions.npz,562943dc282649ac574aa604fbf345cad492dbda930146a62ef4d34cc484f167
golovin_fixed50_extended_resolution_convergence_v1_N032768_dt0p1_m018,golovin_fixed50_extended_resolution_convergence_v1_N032768_dt0p1_m018/analysis_stage0_v2/fixed_bin_distributions.npz,b9cdec3ff14ade88ee61fe42969eaeb5d490b9a09831e64bfc696cba13e0a89d
golovin_fixed50_extended_resolution_convergence_v1_N032768_dt0p1_m019,golovin_fixed50_extended_resolution_convergence_v1_N032768_dt0p1_m019/analysis_stage0_v2/fixed_bin_distributions.npz,b563cef67fe7cf65514ee5adbea98c5f46dbdc82e772188d155b881f94a2e92d
golovin_fixed50_extended_resolution_convergence_v1_N032768_dt0p1_m020,golovin_fixed50_extended_resolution_convergence_v1_N032768_dt0p1_m020/analysis_stage0_v2/fixed_bin_distributions.npz,472ffcd7aa07601733a8c0e93b3e94acb43a9abbd4202132c6c544ac3f783144
golovin_fixed50_extended_resolution_convergence_v1_N032768_dt0p1_m021,golovin_fixed50_extended_resolution_convergence_v1_N032768_dt0p1_m021/analysis_stage0_v2/fixed_bin_distributions.npz,1fb60b2b0ab7137b4956cffa59c0d25b30c0ed2860d2537037c1d9528aff67c2
golovin_fixed50_extended_resolution_convergence_v1_N032768_dt0p1_m022,golovin_fixed50_extended_resolution_convergence_v1_N032768_dt0p1_m022/analysis_stage0_v2/fixed_bin_distributions.npz,5d737ddfe7e2c73a27a75a3202b94e5fa8b2686078333146ba1b53334aa20fb7
golovin_fixed50_extended_resolution_convergence_v1_N032768_dt0p1_m023,golovin_fixed50_extended_resolution_convergence_v1_N032768_dt0p1_m023/analysis_stage0_v2/fixed_bin_distributions.npz,e0a36bff04ddd8f1bbb23a4988d1b6eb193f16417c0e1cdc6f7bcc016f5abe63
golovin_fixed50_extended_resolution_convergence_v1_N032768_dt0p1_m024,golovin_fixed50_extended_resolution_convergence_v1_N032768_dt0p1_m024/analysis_stage0_v2/fixed_bin_distributions.npz,3da820aa5ea7b1a400efa64554530256577032b5ca0b018714b6f2fe6f067cc7
golovin_fixed50_extended_resolution_convergence_v1_N032768_dt0p1_m025,golovin_fixed50_extended_resolution_convergence_v1_N032768_dt0p1_m025/analysis_stage0_v2/fixed_bin_distributions.npz,7d733c186135bd2f9a9d520e31246ec1d5d2107b7d4837e60b454bd628b194d9
golovin_fixed50_extended_resolution_convergence_v1_N032768_dt0p1_m026,golovin_fixed50_extended_resolution_convergence_v1_N032768_dt0p1_m026/analysis_stage0_v2/fixed_bin_distributions.npz,adbd3b8f93955cae45a8d60a6bd85394dde53e6d0e027857c83314c13b96a8a7
golovin_fixed50_extended_resolution_convergence_v1_N032768_dt0p1_m027,golovin_fixed50_extended_resolution_convergence_v1_N032768_dt0p1_m027/analysis_stage0_v2/fixed_bin_distributions.npz,4eaa8fda83161368c3a4db4df3ef4efe84ac79f42110790d399e358824cb008d
golovin_fixed50_extended_resolution_convergence_v1_N032768_dt0p1_m028,golovin_fixed50_extended_resolution_convergence_v1_N032768_dt0p1_m028/analysis_stage0_v2/fixed_bin_distributions.npz,875c25ecc742889acec9cd17b5588bd1c391ed6f90900edd0fc28ace87888ef3
golovin_fixed50_extended_resolution_convergence_v1_N032768_dt0p1_m029,golovin_fixed50_extended_resolution_convergence_v1_N032768_dt0p1_m029/analysis_stage0_v2/fixed_bin_distributions.npz,8a57f70612959fed907b0448959f3148e93042b09fbb931e665db02be992c1de
golovin_fixed50_extended_resolution_convergence_v1_N032768_dt0p1_m030,golovin_fixed50_extended_resolution_convergence_v1_N032768_dt0p1_m030/analysis_stage0_v2/fixed_bin_distributions.npz,140cb7e197dfa9206bb9890c37a72202d9158482d74d6e59064302d627185f74
golovin_fixed50_extended_resolution_convergence_v1_N032768_dt0p1_m031,golovin_fixed50_extended_resolution_convergence_v1_N032768_dt0p1_m031/analysis_stage0_v2/fixed_bin_distributions.npz,1a93bc052d138cd462d388d40498e1b84652daf6144eb3275840b62a965cfb97
golovin_fixed50_extended_resolution_convergence_v1_N032768_dt0p1_m032,golovin_fixed50_extended_resolution_convergence_v1_N032768_dt0p1_m032/analysis_stage0_v2/fixed_bin_distributions.npz,319021902fc9e11be425cacd2a48268118a5952e27128897bbf17b80e1d54345
golovin_fixed50_extended_resolution_convergence_v1_N032768_dt0p1_m033,golovin_fixed50_extended_resolution_convergence_v1_N032768_dt0p1_m033/analysis_stage0_v2/fixed_bin_distributions.npz,a25c32dc8d503d21237ce1264c346ea3a6bdcd883628efd31773874955aee082
golovin_fixed50_extended_resolution_convergence_v1_N032768_dt0p1_m034,golovin_fixed50_extended_resolution_convergence_v1_N032768_dt0p1_m034/analysis_stage0_v2/fixed_bin_distributions.npz,4a2301bd7bc79ae7cc437f3636879da5180364a304a114a7ad57fdd95508001e
golovin_fixed50_extended_resolution_convergence_v1_N032768_dt0p1_m035,golovin_fixed50_extended_resolution_convergence_v1_N032768_dt0p1_m035/analysis_stage0_v2/fixed_bin_distributions.npz,79c56bc7aba7b6bf3b00e0359351a98d01acdc711db88426427f490eee54c368
golovin_fixed50_extended_resolution_convergence_v1_N032768_dt0p1_m036,golovin_fixed50_extended_resolution_convergence_v1_N032768_dt0p1_m036/analysis_stage0_v2/fixed_bin_distributions.npz,009e5509a528ea7a2793d84ff21b8364dc43cb5c047452f81df9017140172c38
golovin_fixed50_extended_resolution_convergence_v1_N032768_dt0p1_m037,golovin_fixed50_extended_resolution_convergence_v1_N032768_dt0p1_m037/analysis_stage0_v2/fixed_bin_distributions.npz,c57fc5ea5567170f7cdf5ccd5914f7cf4423c7eb4aef00210889748f6007fa4d
golovin_fixed50_extended_resolution_convergence_v1_N032768_dt0p1_m038,golovin_fixed50_extended_resolution_convergence_v1_N032768_dt0p1_m038/analysis_stage0_v2/fixed_bin_distributions.npz,22b1c0fb26476e3e11ea614963b6ddf9ce08c2d333b0c73a764ed14fb504c64e
golovin_fixed50_extended_resolution_convergence_v1_N032768_dt0p1_m039,golovin_fixed50_extended_resolution_convergence_v1_N032768_dt0p1_m039/analysis_stage0_v2/fixed_bin_distributions.npz,456a8bc3984c7967b34c80b4fb1332e4ea3e7f4379346efef00741a1cb61652d
golovin_fixed50_extended_resolution_convergence_v1_N032768_dt0p1_m040,golovin_fixed50_extended_resolution_convergence_v1_N032768_dt0p1_m040/analysis_stage0_v2/fixed_bin_distributions.npz,0aef89293972ef8af2b7d0e5d5adc049c4993bcfae9afa6953e7e97b484d14df
golovin_fixed50_extended_resolution_convergence_v1_N032768_dt0p1_m041,golovin_fixed50_extended_resolution_convergence_v1_N032768_dt0p1_m041/analysis_stage0_v2/fixed_bin_distributions.npz,ba3ad9c82e52ffbca2383fc7a22fac114a38c03801082889390e0faa82dfc26c
golovin_fixed50_extended_resolution_convergence_v1_N032768_dt0p1_m042,golovin_fixed50_extended_resolution_convergence_v1_N032768_dt0p1_m042/analysis_stage0_v2/fixed_bin_distributions.npz,870641633cba1b99205d4f08a0b110d5e71eaf00e70d9dc93a5eff7191b8abda
golovin_fixed50_extended_resolution_convergence_v1_N032768_dt0p1_m043,golovin_fixed50_extended_resolution_convergence_v1_N032768_dt0p1_m043/analysis_stage0_v2/fixed_bin_distributions.npz,989f932806a375d6a65ac95432387f89011dd7b2ba129cf0e72443a2d551c281
golovin_fixed50_extended_resolution_convergence_v1_N032768_dt0p1_m044,golovin_fixed50_extended_resolution_convergence_v1_N032768_dt0p1_m044/analysis_stage0_v2/fixed_bin_distributions.npz,f07d5bc055e37713918343de88817772562568ccb62073b4a9e0e79924bd37d6
golovin_fixed50_extended_resolution_convergence_v1_N032768_dt0p1_m045,golovin_fixed50_extended_resolution_convergence_v1_N032768_dt0p1_m045/analysis_stage0_v2/fixed_bin_distributions.npz,fbcaf1d3b617e42ce1f4a3f9838f47187d4802ebb75374fbfc8ebec2450c19e8
golovin_fixed50_extended_resolution_convergence_v1_N032768_dt0p1_m046,golovin_fixed50_extended_resolution_convergence_v1_N032768_dt0p1_m046/analysis_stage0_v2/fixed_bin_distributions.npz,3a9c7bda8d80bbcc7a04a0d032379876a4f114ddeff9dbeb22a1efba85b09a15
golovin_fixed50_extended_resolution_convergence_v1_N032768_dt0p1_m047,golovin_fixed50_extended_resolution_convergence_v1_N032768_dt0p1_m047/analysis_stage0_v2/fixed_bin_distributions.npz,5c1ca821ca31bcaf91058c7fb6034337d41dc0afdc738c95f5e2be3474ca0ab1
golovin_fixed50_extended_resolution_convergence_v1_N032768_dt0p1_m048,golovin_fixed50_extended_resolution_convergence_v1_N032768_dt0p1_m048/analysis_stage0_v2/fixed_bin_distributions.npz,adbd484da525a4be94b962a1d6e314f8345f664f65f58e7abf4ea0a6cce8bd6e
golovin_fixed50_extended_resolution_convergence_v1_N032768_dt0p1_m049,golovin_fixed50_extended_resolution_convergence_v1_N032768_dt0p1_m049/analysis_stage0_v2/fixed_bin_distributions.npz,a68a3b2b71c1e2f9baa895ca2592a74836d0f914bf95e509e8fb1cb03283675e
golovin_fixed50_extended_resolution_convergence_v1_N065536_dt0p1_m000,golovin_fixed50_extended_resolution_convergence_v1_N065536_dt0p1_m000/analysis_stage0_v2/fixed_bin_distributions.npz,3b68423fc29e39056cac1a2882a86a6c85073ff831b24c1a9adff34b5cef0948
golovin_fixed50_extended_resolution_convergence_v1_N065536_dt0p1_m001,golovin_fixed50_extended_resolution_convergence_v1_N065536_dt0p1_m001/analysis_stage0_v2/fixed_bin_distributions.npz,c84e8ac7c6744186f56000687b12b126f22f089ffca341895714fb5b3302a29c
golovin_fixed50_extended_resolution_convergence_v1_N065536_dt0p1_m002,golovin_fixed50_extended_resolution_convergence_v1_N065536_dt0p1_m002/analysis_stage0_v2/fixed_bin_distributions.npz,aa4880d552632963086b2fb29f838cb4fa78d171853e3d4cf087991e05f87c0c
golovin_fixed50_extended_resolution_convergence_v1_N065536_dt0p1_m003,golovin_fixed50_extended_resolution_convergence_v1_N065536_dt0p1_m003/analysis_stage0_v2/fixed_bin_distributions.npz,43fe880d9f28471e03d5ec7b09bdff234e78a06cc12e74bc56ee0abbab3c7d90
golovin_fixed50_extended_resolution_convergence_v1_N065536_dt0p1_m004,golovin_fixed50_extended_resolution_convergence_v1_N065536_dt0p1_m004/analysis_stage0_v2/fixed_bin_distributions.npz,7cb29872dd111d4b8a829fe02da9075931f1c7f82ab21a0e9437c79ee4f50a12
golovin_fixed50_extended_resolution_convergence_v1_N065536_dt0p1_m005,golovin_fixed50_extended_resolution_convergence_v1_N065536_dt0p1_m005/analysis_stage0_v2/fixed_bin_distributions.npz,894d4c01f7087dcf8d7321eb9d2f49e271a7a4bf87b17e6b14c4661285203ab4
golovin_fixed50_extended_resolution_convergence_v1_N065536_dt0p1_m006,golovin_fixed50_extended_resolution_convergence_v1_N065536_dt0p1_m006/analysis_stage0_v2/fixed_bin_distributions.npz,de067074975794eb6330ff8bfa8ee5e5db80c094d1da7e2dd5bb90c12cd1ec63
golovin_fixed50_extended_resolution_convergence_v1_N065536_dt0p1_m007,golovin_fixed50_extended_resolution_convergence_v1_N065536_dt0p1_m007/analysis_stage0_v2/fixed_bin_distributions.npz,8fdbd2e9c29babdfc7b732408c6470f17131a2c9b995843e1028820e58f612c2
golovin_fixed50_extended_resolution_convergence_v1_N065536_dt0p1_m008,golovin_fixed50_extended_resolution_convergence_v1_N065536_dt0p1_m008/analysis_stage0_v2/fixed_bin_distributions.npz,a0219c31a397c2c39763b968b229dff7b0408ae504cf89eb122b9a560ecfec41
golovin_fixed50_extended_resolution_convergence_v1_N065536_dt0p1_m009,golovin_fixed50_extended_resolution_convergence_v1_N065536_dt0p1_m009/analysis_stage0_v2/fixed_bin_distributions.npz,a3adb310902cf39e4d39bfd134f353f8369d957c0c01be80c146ff6aacacc3bc
golovin_fixed50_extended_resolution_convergence_v1_N065536_dt0p1_m010,golovin_fixed50_extended_resolution_convergence_v1_N065536_dt0p1_m010/analysis_stage0_v2/fixed_bin_distributions.npz,45a1454dd942dc325a184769b7588efc31b7508956a23629866f0ec2f2b45f8f
golovin_fixed50_extended_resolution_convergence_v1_N065536_dt0p1_m011,golovin_fixed50_extended_resolution_convergence_v1_N065536_dt0p1_m011/analysis_stage0_v2/fixed_bin_distributions.npz,8ca8cf5d085f1b65f15d32abac54cb1d344104cfe3a84e0b52b7b5eb2132c816
golovin_fixed50_extended_resolution_convergence_v1_N065536_dt0p1_m012,golovin_fixed50_extended_resolution_convergence_v1_N065536_dt0p1_m012/analysis_stage0_v2/fixed_bin_distributions.npz,d013e8aaf14edf9502981412c097d4552e2c32bbfa60e8a528ed687eeda056c5
golovin_fixed50_extended_resolution_convergence_v1_N065536_dt0p1_m013,golovin_fixed50_extended_resolution_convergence_v1_N065536_dt0p1_m013/analysis_stage0_v2/fixed_bin_distributions.npz,a364e1678678a3d1551ef58ed66393f70f42c73f4b796eb6608c6aa89070362a
golovin_fixed50_extended_resolution_convergence_v1_N065536_dt0p1_m014,golovin_fixed50_extended_resolution_convergence_v1_N065536_dt0p1_m014/analysis_stage0_v2/fixed_bin_distributions.npz,c4401508dfd4d7e20cb05a5097f02a759e7392800fab023e856517a666863083
golovin_fixed50_extended_resolution_convergence_v1_N065536_dt0p1_m015,golovin_fixed50_extended_resolution_convergence_v1_N065536_dt0p1_m015/analysis_stage0_v2/fixed_bin_distributions.npz,e478c538aa26cb195387ea2e3e2f2125da3679d12aa258bf4fd8d3f59578639a
golovin_fixed50_extended_resolution_convergence_v1_N065536_dt0p1_m016,golovin_fixed50_extended_resolution_convergence_v1_N065536_dt0p1_m016/analysis_stage0_v2/fixed_bin_distributions.npz,d14e9e1f04ca1f6ad96d9605b90b387add827f6be2ddfe9c7ca195fa6476bf16
golovin_fixed50_extended_resolution_convergence_v1_N065536_dt0p1_m017,golovin_fixed50_extended_resolution_convergence_v1_N065536_dt0p1_m017/analysis_stage0_v2/fixed_bin_distributions.npz,66515f183e22bb89e1600cd4954917b0b6893d7a2ea7af53c7b0c7f5683d2c8e
golovin_fixed50_extended_resolution_convergence_v1_N065536_dt0p1_m018,golovin_fixed50_extended_resolution_convergence_v1_N065536_dt0p1_m018/analysis_stage0_v2/fixed_bin_distributions.npz,702df1aacbe6b9b30ee151c5e173178593469f558670148cf1934e18e43e7b92
golovin_fixed50_extended_resolution_convergence_v1_N065536_dt0p1_m019,golovin_fixed50_extended_resolution_convergence_v1_N065536_dt0p1_m019/analysis_stage0_v2/fixed_bin_distributions.npz,0a01f26c4b916aefa37fafa54973dce7fb16b97b0cc72f5edfbe770c19cd3a8c
golovin_fixed50_extended_resolution_convergence_v1_N065536_dt0p1_m020,golovin_fixed50_extended_resolution_convergence_v1_N065536_dt0p1_m020/analysis_stage0_v2/fixed_bin_distributions.npz,dafd9f89cd6519e09ba2bebcbef087f011cb5ca2e0a447b78629bc09f5f93432
golovin_fixed50_extended_resolution_convergence_v1_N065536_dt0p1_m021,golovin_fixed50_extended_resolution_convergence_v1_N065536_dt0p1_m021/analysis_stage0_v2/fixed_bin_distributions.npz,e61ce1624fe1e6be4c0e60882bb9e710550472c1fc7f69b7cbdbb798a2ed106b
golovin_fixed50_extended_resolution_convergence_v1_N065536_dt0p1_m022,golovin_fixed50_extended_resolution_convergence_v1_N065536_dt0p1_m022/analysis_stage0_v2/fixed_bin_distributions.npz,1bb25b5afb0041ec128465f40116bcb35660f43390c702525fbf103e2b11ac98
golovin_fixed50_extended_resolution_convergence_v1_N065536_dt0p1_m023,golovin_fixed50_extended_resolution_convergence_v1_N065536_dt0p1_m023/analysis_stage0_v2/fixed_bin_distributions.npz,0c43d0737b6234012c1929f1ea72eb7d1af72c2282109d83b8026f684781733c
golovin_fixed50_extended_resolution_convergence_v1_N065536_dt0p1_m024,golovin_fixed50_extended_resolution_convergence_v1_N065536_dt0p1_m024/analysis_stage0_v2/fixed_bin_distributions.npz,dc468e5d5297da7bb8161a77cf7c28d6e16c9553bdd3cd8823b71bbd646d1529
golovin_fixed50_extended_resolution_convergence_v1_N065536_dt0p1_m025,golovin_fixed50_extended_resolution_convergence_v1_N065536_dt0p1_m025/analysis_stage0_v2/fixed_bin_distributions.npz,de39d708ce4a4a7fe0fee162364e7a7ad9729c9219bda8faf0bd40d99d0f5b54
golovin_fixed50_extended_resolution_convergence_v1_N065536_dt0p1_m026,golovin_fixed50_extended_resolution_convergence_v1_N065536_dt0p1_m026/analysis_stage0_v2/fixed_bin_distributions.npz,f5d2313e5a80983f887767d245861b0f4d0cf27b06a1591935cec5596c5a52f0
golovin_fixed50_extended_resolution_convergence_v1_N065536_dt0p1_m027,golovin_fixed50_extended_resolution_convergence_v1_N065536_dt0p1_m027/analysis_stage0_v2/fixed_bin_distributions.npz,939b40a2a5cbe792e615d0104ab23b76ef7ca3d4044d129da99d4ab3d2dc537e
golovin_fixed50_extended_resolution_convergence_v1_N065536_dt0p1_m028,golovin_fixed50_extended_resolution_convergence_v1_N065536_dt0p1_m028/analysis_stage0_v2/fixed_bin_distributions.npz,b6b83fd0f8a689c6340f1eb9f92a2c6910bde99441f17b2f01b0a247e1a6d85f
golovin_fixed50_extended_resolution_convergence_v1_N065536_dt0p1_m029,golovin_fixed50_extended_resolution_convergence_v1_N065536_dt0p1_m029/analysis_stage0_v2/fixed_bin_distributions.npz,b27b704e0653c0bafa5b64ecad693134a058071f9a3bc379df5a8b5d362bbad9
golovin_fixed50_extended_resolution_convergence_v1_N065536_dt0p1_m030,golovin_fixed50_extended_resolution_convergence_v1_N065536_dt0p1_m030/analysis_stage0_v2/fixed_bin_distributions.npz,4dc3f6c10388eb5827b07d5fec1efae2caf10b2116d26d570c02f67c2b89921d
golovin_fixed50_extended_resolution_convergence_v1_N065536_dt0p1_m031,golovin_fixed50_extended_resolution_convergence_v1_N065536_dt0p1_m031/analysis_stage0_v2/fixed_bin_distributions.npz,22a5232956c540ecf8bdab4b392eccc1c1b81fe7a9637991c76935f4eda35611
golovin_fixed50_extended_resolution_convergence_v1_N065536_dt0p1_m032,golovin_fixed50_extended_resolution_convergence_v1_N065536_dt0p1_m032/analysis_stage0_v2/fixed_bin_distributions.npz,72ec7138c07bcdbd47575875de13d2669705b84d218f06e9c019d2a7a71fa81a
golovin_fixed50_extended_resolution_convergence_v1_N065536_dt0p1_m033,golovin_fixed50_extended_resolution_convergence_v1_N065536_dt0p1_m033/analysis_stage0_v2/fixed_bin_distributions.npz,145a15dd481e7bcd400a3d9de3cdd5155925ed30b22f0efc03734f66c0e1326c
golovin_fixed50_extended_resolution_convergence_v1_N065536_dt0p1_m034,golovin_fixed50_extended_resolution_convergence_v1_N065536_dt0p1_m034/analysis_stage0_v2/fixed_bin_distributions.npz,2e66764fbad56e3addf2857c01942c64e140d632f323360c7e1b13a9465f23ab
golovin_fixed50_extended_resolution_convergence_v1_N065536_dt0p1_m035,golovin_fixed50_extended_resolution_convergence_v1_N065536_dt0p1_m035/analysis_stage0_v2/fixed_bin_distributions.npz,17b1eaca018658cb590b356abc1f75e82e5e66af7c2c72aca951b882c745795d
golovin_fixed50_extended_resolution_convergence_v1_N065536_dt0p1_m036,golovin_fixed50_extended_resolution_convergence_v1_N065536_dt0p1_m036/analysis_stage0_v2/fixed_bin_distributions.npz,c5ec2e07d048ddb9728e64b620a94893545e7d5f4459fb52f3ed6633ba5d340d
golovin_fixed50_extended_resolution_convergence_v1_N065536_dt0p1_m037,golovin_fixed50_extended_resolution_convergence_v1_N065536_dt0p1_m037/analysis_stage0_v2/fixed_bin_distributions.npz,3b760cbc3653d30cb339faed484067ab698c4bfc7199a49a6f650761a241365d
golovin_fixed50_extended_resolution_convergence_v1_N065536_dt0p1_m038,golovin_fixed50_extended_resolution_convergence_v1_N065536_dt0p1_m038/analysis_stage0_v2/fixed_bin_distributions.npz,4d22ac73025078b24dfea0afc0ebed69d69a608f291aba1aa609ddd53440158b
golovin_fixed50_extended_resolution_convergence_v1_N065536_dt0p1_m039,golovin_fixed50_extended_resolution_convergence_v1_N065536_dt0p1_m039/analysis_stage0_v2/fixed_bin_distributions.npz,ae7aaa32d6290e8dad14baa5e57cc042da9f49a94cd830c5cdbfa9d6d48171e7
golovin_fixed50_extended_resolution_convergence_v1_N065536_dt0p1_m040,golovin_fixed50_extended_resolution_convergence_v1_N065536_dt0p1_m040/analysis_stage0_v2/fixed_bin_distributions.npz,a27a24ea15afec2de74698b1ad9b8a71daba1c7ff71efd2a38a6d163eb1267be
golovin_fixed50_extended_resolution_convergence_v1_N065536_dt0p1_m041,golovin_fixed50_extended_resolution_convergence_v1_N065536_dt0p1_m041/analysis_stage0_v2/fixed_bin_distributions.npz,a71fd7f91eddadf0a53f3033d16bda696679ff363466cf6fc0d19e0f9163405b
golovin_fixed50_extended_resolution_convergence_v1_N065536_dt0p1_m042,golovin_fixed50_extended_resolution_convergence_v1_N065536_dt0p1_m042/analysis_stage0_v2/fixed_bin_distributions.npz,81c5c47806dacd94620cdaf362ab208c27a278d840085482f0779a4c60d0a887
golovin_fixed50_extended_resolution_convergence_v1_N065536_dt0p1_m043,golovin_fixed50_extended_resolution_convergence_v1_N065536_dt0p1_m043/analysis_stage0_v2/fixed_bin_distributions.npz,bc9c72041acfe87b6be0b766c18b012a5695e3d0b64386b28ff7c06993c3f485
golovin_fixed50_extended_resolution_convergence_v1_N065536_dt0p1_m044,golovin_fixed50_extended_resolution_convergence_v1_N065536_dt0p1_m044/analysis_stage0_v2/fixed_bin_distributions.npz,7942d89feded6201e330e9a199fc7c7d75d07f0d63e8dfd123f10cbae38b78b6
golovin_fixed50_extended_resolution_convergence_v1_N065536_dt0p1_m045,golovin_fixed50_extended_resolution_convergence_v1_N065536_dt0p1_m045/analysis_stage0_v2/fixed_bin_distributions.npz,c33c40702a096ef51a7644fae15aa97c86973520bbc051c3e4454953cce27efc
golovin_fixed50_extended_resolution_convergence_v1_N065536_dt0p1_m046,golovin_fixed50_extended_resolution_convergence_v1_N065536_dt0p1_m046/analysis_stage0_v2/fixed_bin_distributions.npz,5ecb2485aa35298672ec66bfd5353b9b0e3c5e97f70023a2b95a1a49e416884b
golovin_fixed50_extended_resolution_convergence_v1_N065536_dt0p1_m047,golovin_fixed50_extended_resolution_convergence_v1_N065536_dt0p1_m047/analysis_stage0_v2/fixed_bin_distributions.npz,697d95846dbc6ea8d801b7b4c0ed68c737a92d9d9acb6d61db7004452a8e9b89
golovin_fixed50_extended_resolution_convergence_v1_N065536_dt0p1_m048,golovin_fixed50_extended_resolution_convergence_v1_N065536_dt0p1_m048/analysis_stage0_v2/fixed_bin_distributions.npz,82a1b4048596ad0db9864b613fadf1f01de3c9490db13bce55a9667e320e695e
golovin_fixed50_extended_resolution_convergence_v1_N065536_dt0p1_m049,golovin_fixed50_extended_resolution_convergence_v1_N065536_dt0p1_m049/analysis_stage0_v2/fixed_bin_distributions.npz,ee0b0a1413023afe2dd909893b380b6933e0af48473cc719cecc493f133af6dc
golovin_fixed50_extended_resolution_convergence_v1_N131072_dt0p1_m000,golovin_fixed50_extended_resolution_convergence_v1_N131072_dt0p1_m000/analysis_stage0_v2/fixed_bin_distributions.npz,db88b457414c38787dcedb526130d4d00d52a20c902f5d0cf2d618e33d8b2ad3
golovin_fixed50_extended_resolution_convergence_v1_N131072_dt0p1_m001,golovin_fixed50_extended_resolution_convergence_v1_N131072_dt0p1_m001/analysis_stage0_v2/fixed_bin_distributions.npz,84179bc117f33de261e329c3a25ae6396363cc2fc8ddfc35332c12f3cfd7e631
golovin_fixed50_extended_resolution_convergence_v1_N131072_dt0p1_m002,golovin_fixed50_extended_resolution_convergence_v1_N131072_dt0p1_m002/analysis_stage0_v2/fixed_bin_distributions.npz,3f8a574987fa7e33443125a51f9b5d3f3634842edbac97328d1857f7db1ae6e6
golovin_fixed50_extended_resolution_convergence_v1_N131072_dt0p1_m003,golovin_fixed50_extended_resolution_convergence_v1_N131072_dt0p1_m003/analysis_stage0_v2/fixed_bin_distributions.npz,31af4c42b114c61b4d227f87391a8311f9fa57de9460a07733902336c97c9c57
golovin_fixed50_extended_resolution_convergence_v1_N131072_dt0p1_m004,golovin_fixed50_extended_resolution_convergence_v1_N131072_dt0p1_m004/analysis_stage0_v2/fixed_bin_distributions.npz,df20ab3dfad222ef960c988bef40283a2bc97fcc1c80b8b921e26f9764af4335
golovin_fixed50_extended_resolution_convergence_v1_N131072_dt0p1_m005,golovin_fixed50_extended_resolution_convergence_v1_N131072_dt0p1_m005/analysis_stage0_v2/fixed_bin_distributions.npz,c2515e30d0f5fd50234ef02b0300d52e14dbf2f32b89af2330cb791e005a0180
golovin_fixed50_extended_resolution_convergence_v1_N131072_dt0p1_m006,golovin_fixed50_extended_resolution_convergence_v1_N131072_dt0p1_m006/analysis_stage0_v2/fixed_bin_distributions.npz,0696d50da5d48e8ff829edd4ea4cc5a7c491182f357e71513b4b3b658715dc24
golovin_fixed50_extended_resolution_convergence_v1_N131072_dt0p1_m007,golovin_fixed50_extended_resolution_convergence_v1_N131072_dt0p1_m007/analysis_stage0_v2/fixed_bin_distributions.npz,acaa37133c469d1a77d2f5a437fc8273a307ac63cfa3eea827ec51395c89111e
golovin_fixed50_extended_resolution_convergence_v1_N131072_dt0p1_m008,golovin_fixed50_extended_resolution_convergence_v1_N131072_dt0p1_m008/analysis_stage0_v2/fixed_bin_distributions.npz,8792e6092df86259c9d9580de08999dcd4ad3d8194e5b86032458c920b6491d0
golovin_fixed50_extended_resolution_convergence_v1_N131072_dt0p1_m009,golovin_fixed50_extended_resolution_convergence_v1_N131072_dt0p1_m009/analysis_stage0_v2/fixed_bin_distributions.npz,4a5821949f1fa29922ab46ad5dd50bb55833b4436157b960475737a1d08c8c63
golovin_fixed50_extended_resolution_convergence_v1_N131072_dt0p1_m010,golovin_fixed50_extended_resolution_convergence_v1_N131072_dt0p1_m010/analysis_stage0_v2/fixed_bin_distributions.npz,0138768bf5d032fb94b5a4f071ac4d4d535b7efb2247d5c480f3f97857b2003c
golovin_fixed50_extended_resolution_convergence_v1_N131072_dt0p1_m011,golovin_fixed50_extended_resolution_convergence_v1_N131072_dt0p1_m011/analysis_stage0_v2/fixed_bin_distributions.npz,383a8b62539214db015d3f6c93575dc3d415ebdacba2cebf439a66fc7d3978ea
golovin_fixed50_extended_resolution_convergence_v1_N131072_dt0p1_m012,golovin_fixed50_extended_resolution_convergence_v1_N131072_dt0p1_m012/analysis_stage0_v2/fixed_bin_distributions.npz,6d18f7e923c9996cfc2ccb2a0e67bede1ef4e81bca989ee754605f94d5405db2
golovin_fixed50_extended_resolution_convergence_v1_N131072_dt0p1_m013,golovin_fixed50_extended_resolution_convergence_v1_N131072_dt0p1_m013/analysis_stage0_v2/fixed_bin_distributions.npz,ef99c9661193aee92d39f54684b203e87c79b11cf00b7a97e957e92d60dcd73f
golovin_fixed50_extended_resolution_convergence_v1_N131072_dt0p1_m014,golovin_fixed50_extended_resolution_convergence_v1_N131072_dt0p1_m014/analysis_stage0_v2/fixed_bin_distributions.npz,8f040b972b7fed5df2277744da9051e9d43425f7ce932fec1a2ee695a1bed6dd
golovin_fixed50_extended_resolution_convergence_v1_N131072_dt0p1_m015,golovin_fixed50_extended_resolution_convergence_v1_N131072_dt0p1_m015/analysis_stage0_v2/fixed_bin_distributions.npz,187b39c6d4c1c62f72b1e93d83fc2c9ad2a3d45115015d58fefff81c86c891fc
golovin_fixed50_extended_resolution_convergence_v1_N131072_dt0p1_m016,golovin_fixed50_extended_resolution_convergence_v1_N131072_dt0p1_m016/analysis_stage0_v2/fixed_bin_distributions.npz,5436ec743acf8b978518a10cf630dc701ccfcd8d485949a30442482288d62ec9
golovin_fixed50_extended_resolution_convergence_v1_N131072_dt0p1_m017,golovin_fixed50_extended_resolution_convergence_v1_N131072_dt0p1_m017/analysis_stage0_v2/fixed_bin_distributions.npz,ca988acf513226c779858d95d7467116fd6a7581dcc68d7b0f4b3ef8eaed98e0
golovin_fixed50_extended_resolution_convergence_v1_N131072_dt0p1_m018,golovin_fixed50_extended_resolution_convergence_v1_N131072_dt0p1_m018/analysis_stage0_v2/fixed_bin_distributions.npz,006702ff1b43da191fffe6e47da082e08c84df04fbc96438f81897e9fef7bfdd
golovin_fixed50_extended_resolution_convergence_v1_N131072_dt0p1_m019,golovin_fixed50_extended_resolution_convergence_v1_N131072_dt0p1_m019/analysis_stage0_v2/fixed_bin_distributions.npz,729815444817ebad78425191938425217187427e00753e18b2a3768296f3fde6
golovin_fixed50_extended_resolution_convergence_v1_N131072_dt0p1_m020,golovin_fixed50_extended_resolution_convergence_v1_N131072_dt0p1_m020/analysis_stage0_v2/fixed_bin_distributions.npz,a2ef61996a1100e5674ec58147a6710dd530fd0ff9ad4525cd94d2630b714ce5
golovin_fixed50_extended_resolution_convergence_v1_N131072_dt0p1_m021,golovin_fixed50_extended_resolution_convergence_v1_N131072_dt0p1_m021/analysis_stage0_v2/fixed_bin_distributions.npz,f59ab10a338a2189afe5abae11e330489648ebc49bb7d5a98674501d6fdbee74
golovin_fixed50_extended_resolution_convergence_v1_N131072_dt0p1_m022,golovin_fixed50_extended_resolution_convergence_v1_N131072_dt0p1_m022/analysis_stage0_v2/fixed_bin_distributions.npz,8a89345019d030cb79f91011723da76cad4e1783c084340a655ff71e1630bcbd
golovin_fixed50_extended_resolution_convergence_v1_N131072_dt0p1_m023,golovin_fixed50_extended_resolution_convergence_v1_N131072_dt0p1_m023/analysis_stage0_v2/fixed_bin_distributions.npz,64e25acb9ffdb5326f36885a667e320addc5fbfb1901e2dcf05dca959c285b62
golovin_fixed50_extended_resolution_convergence_v1_N131072_dt0p1_m024,golovin_fixed50_extended_resolution_convergence_v1_N131072_dt0p1_m024/analysis_stage0_v2/fixed_bin_distributions.npz,b66a9e2e5223f38e1b5e29a013c181a57d16b9b0ef5402a6761c9ec635dacc9c
golovin_fixed50_extended_resolution_convergence_v1_N131072_dt0p1_m025,golovin_fixed50_extended_resolution_convergence_v1_N131072_dt0p1_m025/analysis_stage0_v2/fixed_bin_distributions.npz,abdb17fe3c078cca6b732ff46931b99185534a605e984b88b7b48f416520c074
golovin_fixed50_extended_resolution_convergence_v1_N131072_dt0p1_m026,golovin_fixed50_extended_resolution_convergence_v1_N131072_dt0p1_m026/analysis_stage0_v2/fixed_bin_distributions.npz,b667f95697cb8e382ae90d798f47b1fce9c0bc2be9293160e9a6518a183e683c
golovin_fixed50_extended_resolution_convergence_v1_N131072_dt0p1_m027,golovin_fixed50_extended_resolution_convergence_v1_N131072_dt0p1_m027/analysis_stage0_v2/fixed_bin_distributions.npz,f9e167032d2432a78df60275da51c62de4070ec7f77c01d185d9e76eb6d880fb
golovin_fixed50_extended_resolution_convergence_v1_N131072_dt0p1_m028,golovin_fixed50_extended_resolution_convergence_v1_N131072_dt0p1_m028/analysis_stage0_v2/fixed_bin_distributions.npz,b10dd4e6aac966681daf2c28e884b0473f16808fa1d86e763c31256bba516fea
golovin_fixed50_extended_resolution_convergence_v1_N131072_dt0p1_m029,golovin_fixed50_extended_resolution_convergence_v1_N131072_dt0p1_m029/analysis_stage0_v2/fixed_bin_distributions.npz,5b5d6a221ccada41dd4f4160810b72776168fa8182c5470250c9ff8212cbd588
golovin_fixed50_extended_resolution_convergence_v1_N131072_dt0p1_m030,golovin_fixed50_extended_resolution_convergence_v1_N131072_dt0p1_m030/analysis_stage0_v2/fixed_bin_distributions.npz,f02e562ae4cdac1c72e8c2b13941810c11a2080f0c23beb2f99f1630433bfa9f
golovin_fixed50_extended_resolution_convergence_v1_N131072_dt0p1_m031,golovin_fixed50_extended_resolution_convergence_v1_N131072_dt0p1_m031/analysis_stage0_v2/fixed_bin_distributions.npz,5ca34efb351fbc0c0ccfbdd6482cfcd84f98118a24e149643489d15e5f6cb315
golovin_fixed50_extended_resolution_convergence_v1_N131072_dt0p1_m032,golovin_fixed50_extended_resolution_convergence_v1_N131072_dt0p1_m032/analysis_stage0_v2/fixed_bin_distributions.npz,5dcc08418ce7bc1781885087b2f418697b1ed8d648e7a9687b546d26dd91af96
golovin_fixed50_extended_resolution_convergence_v1_N131072_dt0p1_m033,golovin_fixed50_extended_resolution_convergence_v1_N131072_dt0p1_m033/analysis_stage0_v2/fixed_bin_distributions.npz,2ff015d7431f22f1f2b1368a12c3c4097d5d2a2bd4d8e1dcea15a0d534889174
golovin_fixed50_extended_resolution_convergence_v1_N131072_dt0p1_m034,golovin_fixed50_extended_resolution_convergence_v1_N131072_dt0p1_m034/analysis_stage0_v2/fixed_bin_distributions.npz,33fb2b168b1faf7e7261c984745a7f4c9e0c3b156178077661fa86c3eca62a7e
golovin_fixed50_extended_resolution_convergence_v1_N131072_dt0p1_m035,golovin_fixed50_extended_resolution_convergence_v1_N131072_dt0p1_m035/analysis_stage0_v2/fixed_bin_distributions.npz,f3e5b01ddf1bb3959804f5154d81be328cf3f7cfef8aa8b7f6681862c5318f31
golovin_fixed50_extended_resolution_convergence_v1_N131072_dt0p1_m036,golovin_fixed50_extended_resolution_convergence_v1_N131072_dt0p1_m036/analysis_stage0_v2/fixed_bin_distributions.npz,c52e4390f245417bf94ba6e82050393044ee168c3334ec91eea3344309ea2230
golovin_fixed50_extended_resolution_convergence_v1_N131072_dt0p1_m037,golovin_fixed50_extended_resolution_convergence_v1_N131072_dt0p1_m037/analysis_stage0_v2/fixed_bin_distributions.npz,ac8840df63dd80c64ac47e723f09bccada2444132e3c31ca88c7808950449b4f
golovin_fixed50_extended_resolution_convergence_v1_N131072_dt0p1_m038,golovin_fixed50_extended_resolution_convergence_v1_N131072_dt0p1_m038/analysis_stage0_v2/fixed_bin_distributions.npz,124fc0a5df9b5096c284318dea44f10912b420b84f133c851d667bce9956c496
golovin_fixed50_extended_resolution_convergence_v1_N131072_dt0p1_m039,golovin_fixed50_extended_resolution_convergence_v1_N131072_dt0p1_m039/analysis_stage0_v2/fixed_bin_distributions.npz,2b77e0c205c3cff65849af82570487174d81bd1d5cd8496324888244365e602d
golovin_fixed50_extended_resolution_convergence_v1_N131072_dt0p1_m040,golovin_fixed50_extended_resolution_convergence_v1_N131072_dt0p1_m040/analysis_stage0_v2/fixed_bin_distributions.npz,f77fb259167ecd862711ce5416e9629dce6613b2451a99c24e8966ae319df498
golovin_fixed50_extended_resolution_convergence_v1_N131072_dt0p1_m041,golovin_fixed50_extended_resolution_convergence_v1_N131072_dt0p1_m041/analysis_stage0_v2/fixed_bin_distributions.npz,1aff7b0173109960b22b4af0c36a42910b46945550282f13fcf62c096c9f09ba
golovin_fixed50_extended_resolution_convergence_v1_N131072_dt0p1_m042,golovin_fixed50_extended_resolution_convergence_v1_N131072_dt0p1_m042/analysis_stage0_v2/fixed_bin_distributions.npz,572e3b9a9d6be96818941d9e0f2d67c30e72ddfcbd28640b5bd3c697942412ca
golovin_fixed50_extended_resolution_convergence_v1_N131072_dt0p1_m043,golovin_fixed50_extended_resolution_convergence_v1_N131072_dt0p1_m043/analysis_stage0_v2/fixed_bin_distributions.npz,56cce930a9f3a53c38ec14c280774db63a193eec881b5b22dc03a71ecef1c4f5
golovin_fixed50_extended_resolution_convergence_v1_N131072_dt0p1_m044,golovin_fixed50_extended_resolution_convergence_v1_N131072_dt0p1_m044/analysis_stage0_v2/fixed_bin_distributions.npz,a4d78e95c64922ca6f6cea93f51c1be323181f36f28a2b1f7056d7881aea4928
golovin_fixed50_extended_resolution_convergence_v1_N131072_dt0p1_m045,golovin_fixed50_extended_resolution_convergence_v1_N131072_dt0p1_m045/analysis_stage0_v2/fixed_bin_distributions.npz,5e85939ae63bdcc8a565b69be449f093ba7cd8bc80595f1622ac72d6cc94701f
golovin_fixed50_extended_resolution_convergence_v1_N131072_dt0p1_m046,golovin_fixed50_extended_resolution_convergence_v1_N131072_dt0p1_m046/analysis_stage0_v2/fixed_bin_distributions.npz,8e6ba83c05e07e04962d600ded1fe57dbca1fa4da387252b64adb32f25e49266
golovin_fixed50_extended_resolution_convergence_v1_N131072_dt0p1_m047,golovin_fixed50_extended_resolution_convergence_v1_N131072_dt0p1_m047/analysis_stage0_v2/fixed_bin_distributions.npz,0a707e4f772d9b5f1333e6f9543a69a429336b4a1d12ae1883e92581c2ad9bf7
golovin_fixed50_extended_resolution_convergence_v1_N131072_dt0p1_m048,golovin_fixed50_extended_resolution_convergence_v1_N131072_dt0p1_m048/analysis_stage0_v2/fixed_bin_distributions.npz,bf5e4a0aaaf0b6d8bea8b39ad4d30d001a1cd786ee176b0c1884b0bc82ec7906
golovin_fixed50_extended_resolution_convergence_v1_N131072_dt0p1_m049,golovin_fixed50_extended_resolution_convergence_v1_N131072_dt0p1_m049/analysis_stage0_v2/fixed_bin_distributions.npz,7a467daa85b7b1dc158d3f64487cdb2eceeea9aa6ed3558b38f21a9c1bcf7f98
golovin_fixed50_extended_resolution_convergence_v1_N262144_dt0p1_m000,golovin_fixed50_extended_resolution_convergence_v1_N262144_dt0p1_m000/analysis_stage0_v2/fixed_bin_distributions.npz,1ed914409181ff03768dc860672134755a6355bf9a6958a6a2a25bf7a90da7e9
golovin_fixed50_extended_resolution_convergence_v1_N262144_dt0p1_m001,golovin_fixed50_extended_resolution_convergence_v1_N262144_dt0p1_m001/analysis_stage0_v2/fixed_bin_distributions.npz,3c75eb5074f5d8ac554bea22e100579e95975ca0936ca7bb19d75c17973553a4
golovin_fixed50_extended_resolution_convergence_v1_N262144_dt0p1_m002,golovin_fixed50_extended_resolution_convergence_v1_N262144_dt0p1_m002/analysis_stage0_v2/fixed_bin_distributions.npz,e6758094250409e94e177de3ecb9d3dbdcfd5030ad67fa968f65676f0c2cbdb8
golovin_fixed50_extended_resolution_convergence_v1_N262144_dt0p1_m003,golovin_fixed50_extended_resolution_convergence_v1_N262144_dt0p1_m003/analysis_stage0_v2/fixed_bin_distributions.npz,8265a0baef73fa21bb4c6cbbe12a2b15109ede0bdfc8b74e8cfc4a98ba79b171
golovin_fixed50_extended_resolution_convergence_v1_N262144_dt0p1_m004,golovin_fixed50_extended_resolution_convergence_v1_N262144_dt0p1_m004/analysis_stage0_v2/fixed_bin_distributions.npz,2b035d0b7558ebd819f5f2fb592d95538787350983332a3fd135cd9202cf1fbb
golovin_fixed50_extended_resolution_convergence_v1_N262144_dt0p1_m005,golovin_fixed50_extended_resolution_convergence_v1_N262144_dt0p1_m005/analysis_stage0_v2/fixed_bin_distributions.npz,61061e985d9ca92aec2a8591f853b9e7a3cab02527de10e082afeb2b9316bf1c
golovin_fixed50_extended_resolution_convergence_v1_N262144_dt0p1_m006,golovin_fixed50_extended_resolution_convergence_v1_N262144_dt0p1_m006/analysis_stage0_v2/fixed_bin_distributions.npz,d8862fa0a756160b03b9b7159e8c55890954206ecd78a3d187463a517fbd488b
golovin_fixed50_extended_resolution_convergence_v1_N262144_dt0p1_m007,golovin_fixed50_extended_resolution_convergence_v1_N262144_dt0p1_m007/analysis_stage0_v2/fixed_bin_distributions.npz,3655848ab57eab0a1d6adcdd4fda2905d92140e3c7b33c87074f9c9c4c555f56
golovin_fixed50_extended_resolution_convergence_v1_N262144_dt0p1_m008,golovin_fixed50_extended_resolution_convergence_v1_N262144_dt0p1_m008/analysis_stage0_v2/fixed_bin_distributions.npz,ee738791ba51d87977b41c32bff78818b52d9cad5b9d82ae549e8b9898d3fa85
golovin_fixed50_extended_resolution_convergence_v1_N262144_dt0p1_m009,golovin_fixed50_extended_resolution_convergence_v1_N262144_dt0p1_m009/analysis_stage0_v2/fixed_bin_distributions.npz,c847e8712510835a13d5263de10d750fd7100176fb3f741e4c9c24c3662a5e21
golovin_fixed50_extended_resolution_convergence_v1_N262144_dt0p1_m010,golovin_fixed50_extended_resolution_convergence_v1_N262144_dt0p1_m010/analysis_stage0_v2/fixed_bin_distributions.npz,53ad4e34a884ff9fbf93a09c1f861eb27218737462f969200ba754d1f7854f5f
golovin_fixed50_extended_resolution_convergence_v1_N262144_dt0p1_m011,golovin_fixed50_extended_resolution_convergence_v1_N262144_dt0p1_m011/analysis_stage0_v2/fixed_bin_distributions.npz,da2115111a8e80305bc83440c3f11d965fb48cfb4e9e691e7d028596a664ca76
golovin_fixed50_extended_resolution_convergence_v1_N262144_dt0p1_m012,golovin_fixed50_extended_resolution_convergence_v1_N262144_dt0p1_m012/analysis_stage0_v2/fixed_bin_distributions.npz,c09247acb5ecd49140249ec715d191f7093b29fa676e7ab59272a84d3e22586e
golovin_fixed50_extended_resolution_convergence_v1_N262144_dt0p1_m013,golovin_fixed50_extended_resolution_convergence_v1_N262144_dt0p1_m013/analysis_stage0_v2/fixed_bin_distributions.npz,e685f0025ae02986d24f678ef1259b3c4f9607182af981849e33d16593de06af
golovin_fixed50_extended_resolution_convergence_v1_N262144_dt0p1_m014,golovin_fixed50_extended_resolution_convergence_v1_N262144_dt0p1_m014/analysis_stage0_v2/fixed_bin_distributions.npz,cfc3db129eea7f08a3fd88a66c13727f863f723ae35b22fff0a8e452173b65a5
golovin_fixed50_extended_resolution_convergence_v1_N262144_dt0p1_m015,golovin_fixed50_extended_resolution_convergence_v1_N262144_dt0p1_m015/analysis_stage0_v2/fixed_bin_distributions.npz,9331acff0bda39eeffad21bb569ecdf8e0f8ba074cb21905f02e7960945f12f7
golovin_fixed50_extended_resolution_convergence_v1_N262144_dt0p1_m016,golovin_fixed50_extended_resolution_convergence_v1_N262144_dt0p1_m016/analysis_stage0_v2/fixed_bin_distributions.npz,ba429f0401639ca232454752ef1903fbe3f5efa224dd393e4a8ee111c3704f18
golovin_fixed50_extended_resolution_convergence_v1_N262144_dt0p1_m017,golovin_fixed50_extended_resolution_convergence_v1_N262144_dt0p1_m017/analysis_stage0_v2/fixed_bin_distributions.npz,7ebeb5964e2101ba03e329da4f3d852ffcb770288b9c48f93a4fee1703788fb2
golovin_fixed50_extended_resolution_convergence_v1_N262144_dt0p1_m018,golovin_fixed50_extended_resolution_convergence_v1_N262144_dt0p1_m018/analysis_stage0_v2/fixed_bin_distributions.npz,3a15d3bea53beb57e060a38b1123ee878dbc1c5a90f8c104233f96ac60feea9f
golovin_fixed50_extended_resolution_convergence_v1_N262144_dt0p1_m019,golovin_fixed50_extended_resolution_convergence_v1_N262144_dt0p1_m019/analysis_stage0_v2/fixed_bin_distributions.npz,439484ab204a95af07d45aedfb8666f3e28602791cf598878ee9b746c4cbbb2c
golovin_fixed50_extended_resolution_convergence_v1_N262144_dt0p1_m020,golovin_fixed50_extended_resolution_convergence_v1_N262144_dt0p1_m020/analysis_stage0_v2/fixed_bin_distributions.npz,4dd9ac2da8c678eb7bd89aaa7a128b3f993e232c780a4b41660d3e1b5ef5c55d
golovin_fixed50_extended_resolution_convergence_v1_N262144_dt0p1_m021,golovin_fixed50_extended_resolution_convergence_v1_N262144_dt0p1_m021/analysis_stage0_v2/fixed_bin_distributions.npz,c53690362855a8100940c22fd8e900e434d0201c2f790a9c961b44e448336d47
golovin_fixed50_extended_resolution_convergence_v1_N262144_dt0p1_m022,golovin_fixed50_extended_resolution_convergence_v1_N262144_dt0p1_m022/analysis_stage0_v2/fixed_bin_distributions.npz,3eb6207ae044da2b73784d0a6ef6b8f21bea24f89215082acb603039c78c2243
golovin_fixed50_extended_resolution_convergence_v1_N262144_dt0p1_m023,golovin_fixed50_extended_resolution_convergence_v1_N262144_dt0p1_m023/analysis_stage0_v2/fixed_bin_distributions.npz,3dbc3cdb9cbd7fc266979f88cfb9adec07edd42b511adba992c67c2ce1d63cba
golovin_fixed50_extended_resolution_convergence_v1_N262144_dt0p1_m024,golovin_fixed50_extended_resolution_convergence_v1_N262144_dt0p1_m024/analysis_stage0_v2/fixed_bin_distributions.npz,8a623beba48fb5a89810068013cf5bcf59b78b8f4a4dfed5d011bceb88754dfc
golovin_fixed50_extended_resolution_convergence_v1_N262144_dt0p1_m025,golovin_fixed50_extended_resolution_convergence_v1_N262144_dt0p1_m025/analysis_stage0_v2/fixed_bin_distributions.npz,fb83d763c8d7cb9b86c81443b99257e81ad9943c71684ca80eee32245a66a4d0
golovin_fixed50_extended_resolution_convergence_v1_N262144_dt0p1_m026,golovin_fixed50_extended_resolution_convergence_v1_N262144_dt0p1_m026/analysis_stage0_v2/fixed_bin_distributions.npz,a0b53e3912cc83e5b0460f3302a831bbefb1efc00af66273f1b9f2301dade9be
golovin_fixed50_extended_resolution_convergence_v1_N262144_dt0p1_m027,golovin_fixed50_extended_resolution_convergence_v1_N262144_dt0p1_m027/analysis_stage0_v2/fixed_bin_distributions.npz,1bd20134033c615ef4285851e8a3e95d9bccabd2d55b07c65e8345e7ad5e6162
golovin_fixed50_extended_resolution_convergence_v1_N262144_dt0p1_m028,golovin_fixed50_extended_resolution_convergence_v1_N262144_dt0p1_m028/analysis_stage0_v2/fixed_bin_distributions.npz,2a63ce1d5560b32f133a7cb93e3c0568189dac59c2718a3b62a35f6c1e57728e
golovin_fixed50_extended_resolution_convergence_v1_N262144_dt0p1_m029,golovin_fixed50_extended_resolution_convergence_v1_N262144_dt0p1_m029/analysis_stage0_v2/fixed_bin_distributions.npz,1013b5d077a707c55f7f425e4da0bdd51b128255ddedae08d5d7b6ab30d156a8
golovin_fixed50_extended_resolution_convergence_v1_N262144_dt0p1_m030,golovin_fixed50_extended_resolution_convergence_v1_N262144_dt0p1_m030/analysis_stage0_v2/fixed_bin_distributions.npz,87456a1aab83bf97e563a71430105d21f0483144a3849d2c64b7e249af0cfea9
golovin_fixed50_extended_resolution_convergence_v1_N262144_dt0p1_m031,golovin_fixed50_extended_resolution_convergence_v1_N262144_dt0p1_m031/analysis_stage0_v2/fixed_bin_distributions.npz,ce983ed2ae291adbd8496ddc7f8bec93d3a28a4a0f724bc9b948f0a4dc28e237
golovin_fixed50_extended_resolution_convergence_v1_N262144_dt0p1_m032,golovin_fixed50_extended_resolution_convergence_v1_N262144_dt0p1_m032/analysis_stage0_v2/fixed_bin_distributions.npz,81979e22f2aa973d433f1f80ce268e13fd1091fcced2d9f3b41cd545c7a4075d
golovin_fixed50_extended_resolution_convergence_v1_N262144_dt0p1_m033,golovin_fixed50_extended_resolution_convergence_v1_N262144_dt0p1_m033/analysis_stage0_v2/fixed_bin_distributions.npz,0a1777a717f547007891d9048175b4dbbdb93571165d82c1ed789849f0b76628
golovin_fixed50_extended_resolution_convergence_v1_N262144_dt0p1_m034,golovin_fixed50_extended_resolution_convergence_v1_N262144_dt0p1_m034/analysis_stage0_v2/fixed_bin_distributions.npz,df428259a6a71a9d9e83301c50f71bba86bff604f44b43f62dd1e8e437c1c4c5
golovin_fixed50_extended_resolution_convergence_v1_N262144_dt0p1_m035,golovin_fixed50_extended_resolution_convergence_v1_N262144_dt0p1_m035/analysis_stage0_v2/fixed_bin_distributions.npz,836acf63f54a04fb3f43580ef73166d3f73d623c50517fc15b3ab6c58929b2a7
golovin_fixed50_extended_resolution_convergence_v1_N262144_dt0p1_m036,golovin_fixed50_extended_resolution_convergence_v1_N262144_dt0p1_m036/analysis_stage0_v2/fixed_bin_distributions.npz,6ba1aaf1322328201d7592bdbc6e09c46135290082c5f1338fe5145f89aee765
golovin_fixed50_extended_resolution_convergence_v1_N262144_dt0p1_m037,golovin_fixed50_extended_resolution_convergence_v1_N262144_dt0p1_m037/analysis_stage0_v2/fixed_bin_distributions.npz,6c3e883ef46127d481952333ccd5d9d4627f741ae04c14c8795c4c812192a530
golovin_fixed50_extended_resolution_convergence_v1_N262144_dt0p1_m038,golovin_fixed50_extended_resolution_convergence_v1_N262144_dt0p1_m038/analysis_stage0_v2/fixed_bin_distributions.npz,b4d7076ed4e1ab60159a1e0ce817f447a386191713d65b0f77b87eac8a98d79c
golovin_fixed50_extended_resolution_convergence_v1_N262144_dt0p1_m039,golovin_fixed50_extended_resolution_convergence_v1_N262144_dt0p1_m039/analysis_stage0_v2/fixed_bin_distributions.npz,3d34eda88b25a8717150d01f8d4c2bbd365523167c63db9620c632869f2e021b
golovin_fixed50_extended_resolution_convergence_v1_N262144_dt0p1_m040,golovin_fixed50_extended_resolution_convergence_v1_N262144_dt0p1_m040/analysis_stage0_v2/fixed_bin_distributions.npz,a64925e60c7fe19e0dd8bf6801e57b15aa0caa113fb713d22f5d9bb9302361e8
golovin_fixed50_extended_resolution_convergence_v1_N262144_dt0p1_m041,golovin_fixed50_extended_resolution_convergence_v1_N262144_dt0p1_m041/analysis_stage0_v2/fixed_bin_distributions.npz,89257b951f7de4d06cc735220ab81875318616830d4687351da5766382ff822e
golovin_fixed50_extended_resolution_convergence_v1_N262144_dt0p1_m042,golovin_fixed50_extended_resolution_convergence_v1_N262144_dt0p1_m042/analysis_stage0_v2/fixed_bin_distributions.npz,a842937b3876ea54ac075bce0342c772dc9bffe6cc7e2ea5c9efbbb3dbfcc7b4
golovin_fixed50_extended_resolution_convergence_v1_N262144_dt0p1_m043,golovin_fixed50_extended_resolution_convergence_v1_N262144_dt0p1_m043/analysis_stage0_v2/fixed_bin_distributions.npz,b3f21958900d41bec2f3622074759fa2c0761ada9c1b6274add136c4a2dd4379
golovin_fixed50_extended_resolution_convergence_v1_N262144_dt0p1_m044,golovin_fixed50_extended_resolution_convergence_v1_N262144_dt0p1_m044/analysis_stage0_v2/fixed_bin_distributions.npz,c4678f54685dc862ee207f034e02865b548d52381e4f96f9f8c8fe359852ded3
golovin_fixed50_extended_resolution_convergence_v1_N262144_dt0p1_m045,golovin_fixed50_extended_resolution_convergence_v1_N262144_dt0p1_m045/analysis_stage0_v2/fixed_bin_distributions.npz,e9150ffc668ed844f30d277c46cffdf7a7a6b61619fffb03a8afb78ad205482e
golovin_fixed50_extended_resolution_convergence_v1_N262144_dt0p1_m046,golovin_fixed50_extended_resolution_convergence_v1_N262144_dt0p1_m046/analysis_stage0_v2/fixed_bin_distributions.npz,a5afde2472529253e6e4f0193d4ff96c6d4a7ca75a0c5decde9b3d059d2ebc9c
golovin_fixed50_extended_resolution_convergence_v1_N262144_dt0p1_m047,golovin_fixed50_extended_resolution_convergence_v1_N262144_dt0p1_m047/analysis_stage0_v2/fixed_bin_distributions.npz,e04ee964148e5c9d420241d969b3659c290951d12f42a7fca061d0e7b4a3c3ac
golovin_fixed50_extended_resolution_convergence_v1_N262144_dt0p1_m048,golovin_fixed50_extended_resolution_convergence_v1_N262144_dt0p1_m048/analysis_stage0_v2/fixed_bin_distributions.npz,a0fd5f9c2f5dd58a498e8252ab4d65fcca7a939d2daabbb1e470fe2e10312b96
golovin_fixed50_extended_resolution_convergence_v1_N262144_dt0p1_m049,golovin_fixed50_extended_resolution_convergence_v1_N262144_dt0p1_m049/analysis_stage0_v2/fixed_bin_distributions.npz,5a092cc38bbf2a8cc020cd9e96b72e6d253d9b95660851984741e63f5cec52bc
golovin_fixed50_extended_resolution_convergence_v1_N524288_dt0p1_m000,golovin_fixed50_extended_resolution_convergence_v1_N524288_dt0p1_m000/analysis_stage0_v2/fixed_bin_distributions.npz,4a9393cca250f00af223f643048d2d4ef8992d0e5e7c0ca404d87e1f11f1180c
golovin_fixed50_extended_resolution_convergence_v1_N524288_dt0p1_m001,golovin_fixed50_extended_resolution_convergence_v1_N524288_dt0p1_m001/analysis_stage0_v2/fixed_bin_distributions.npz,9e3e13b31c3ac38b68aa6b32914fbe768bdecabf74d54a9c5584daa6b894cd85
golovin_fixed50_extended_resolution_convergence_v1_N524288_dt0p1_m002,golovin_fixed50_extended_resolution_convergence_v1_N524288_dt0p1_m002/analysis_stage0_v2/fixed_bin_distributions.npz,64b3f213deb5e331cc4efbaa5ac6dc5c7637ce5e02940ae6fefb42889ad248cc
golovin_fixed50_extended_resolution_convergence_v1_N524288_dt0p1_m003,golovin_fixed50_extended_resolution_convergence_v1_N524288_dt0p1_m003/analysis_stage0_v2/fixed_bin_distributions.npz,711e95d187e8d8f165de6b5c28fa7e27e29cf0563768c342385d86d2ab63e775
golovin_fixed50_extended_resolution_convergence_v1_N524288_dt0p1_m004,golovin_fixed50_extended_resolution_convergence_v1_N524288_dt0p1_m004/analysis_stage0_v2/fixed_bin_distributions.npz,0207c23e70d7ef8aecd008f95a74eee4f119507be36263a68fa51a7b24cdbcfe
golovin_fixed50_extended_resolution_convergence_v1_N524288_dt0p1_m005,golovin_fixed50_extended_resolution_convergence_v1_N524288_dt0p1_m005/analysis_stage0_v2/fixed_bin_distributions.npz,c9132de4b0efeefdf8295cc0ed74be7131b3881d7d24081983fcd25f4c5a5153
golovin_fixed50_extended_resolution_convergence_v1_N524288_dt0p1_m006,golovin_fixed50_extended_resolution_convergence_v1_N524288_dt0p1_m006/analysis_stage0_v2/fixed_bin_distributions.npz,b0a6425f7800f5af206c2281646fda5bc5c01bb2dacb7a5989c100fc629ff207
golovin_fixed50_extended_resolution_convergence_v1_N524288_dt0p1_m007,golovin_fixed50_extended_resolution_convergence_v1_N524288_dt0p1_m007/analysis_stage0_v2/fixed_bin_distributions.npz,c69d3256c93243d75e125e625d70dd356127aeff60a02b45cd8c40c9f179406c
golovin_fixed50_extended_resolution_convergence_v1_N524288_dt0p1_m008,golovin_fixed50_extended_resolution_convergence_v1_N524288_dt0p1_m008/analysis_stage0_v2/fixed_bin_distributions.npz,e1fb730be43921390f0777ce9c1931949676381f077501f0325e367bd08ce1c6
golovin_fixed50_extended_resolution_convergence_v1_N524288_dt0p1_m009,golovin_fixed50_extended_resolution_convergence_v1_N524288_dt0p1_m009/analysis_stage0_v2/fixed_bin_distributions.npz,410b503568b7549b33784645503c78ef33e8ad00518f4b3f657d741af8033991
golovin_fixed50_extended_resolution_convergence_v1_N524288_dt0p1_m010,golovin_fixed50_extended_resolution_convergence_v1_N524288_dt0p1_m010/analysis_stage0_v2/fixed_bin_distributions.npz,164ed23ffd23ba909defc73ce33bbbf47be8ea11e684cb4435ca4e16ec99fc30
golovin_fixed50_extended_resolution_convergence_v1_N524288_dt0p1_m011,golovin_fixed50_extended_resolution_convergence_v1_N524288_dt0p1_m011/analysis_stage0_v2/fixed_bin_distributions.npz,22dea157afa83057cc10dd4cd967072a6daad5bad0a67c8032a4fe227b7adf75
golovin_fixed50_extended_resolution_convergence_v1_N524288_dt0p1_m012,golovin_fixed50_extended_resolution_convergence_v1_N524288_dt0p1_m012/analysis_stage0_v2/fixed_bin_distributions.npz,c77d171c67c07411b8c0f6f983377ef0e3fb1f1943d504149bebb993c872bed1
golovin_fixed50_extended_resolution_convergence_v1_N524288_dt0p1_m013,golovin_fixed50_extended_resolution_convergence_v1_N524288_dt0p1_m013/analysis_stage0_v2/fixed_bin_distributions.npz,474a61c18826f57a4a11f4164269ac7ff2772ecaf9025b8eb98d6ffb4ddaf081
golovin_fixed50_extended_resolution_convergence_v1_N524288_dt0p1_m014,golovin_fixed50_extended_resolution_convergence_v1_N524288_dt0p1_m014/analysis_stage0_v2/fixed_bin_distributions.npz,619dd0dfd9b1d555b3fc0c1cfb79122d22499b81b2eb9fced3345bde922c47ec
golovin_fixed50_extended_resolution_convergence_v1_N524288_dt0p1_m015,golovin_fixed50_extended_resolution_convergence_v1_N524288_dt0p1_m015/analysis_stage0_v2/fixed_bin_distributions.npz,de7e7a41b258a737625307d7f021693cbd3711e91896959d46c29a8293c9cc1f
golovin_fixed50_extended_resolution_convergence_v1_N524288_dt0p1_m016,golovin_fixed50_extended_resolution_convergence_v1_N524288_dt0p1_m016/analysis_stage0_v2/fixed_bin_distributions.npz,225db70e4954b1762f13ab684a5e3602926d49b573e75b88bb10fd1eaa259dc6
golovin_fixed50_extended_resolution_convergence_v1_N524288_dt0p1_m017,golovin_fixed50_extended_resolution_convergence_v1_N524288_dt0p1_m017/analysis_stage0_v2/fixed_bin_distributions.npz,811cc5b40f2514f6e37f01acc49354084ae13c2b9cd7e5a173f5125d445fffbb
golovin_fixed50_extended_resolution_convergence_v1_N524288_dt0p1_m018,golovin_fixed50_extended_resolution_convergence_v1_N524288_dt0p1_m018/analysis_stage0_v2/fixed_bin_distributions.npz,10ec7e29c9252e02a30b76682f402f328aa2a88ca8e44c76921f2b14e2ffae42
golovin_fixed50_extended_resolution_convergence_v1_N524288_dt0p1_m019,golovin_fixed50_extended_resolution_convergence_v1_N524288_dt0p1_m019/analysis_stage0_v2/fixed_bin_distributions.npz,969ae13a3da54251c2fdc957069483216fec027c90a31c81e39776844fdd3ae7
golovin_fixed50_extended_resolution_convergence_v1_N524288_dt0p1_m020,golovin_fixed50_extended_resolution_convergence_v1_N524288_dt0p1_m020/analysis_stage0_v2/fixed_bin_distributions.npz,49be1130b3d806a15eea11cfb13a77d3022efdafa5854a10d3c01f66e88f4a86
golovin_fixed50_extended_resolution_convergence_v1_N524288_dt0p1_m021,golovin_fixed50_extended_resolution_convergence_v1_N524288_dt0p1_m021/analysis_stage0_v2/fixed_bin_distributions.npz,ca37252594c1abcfceac2b259de6578c9b85b3a02f3cf920ffdf823e2bd97ebb
golovin_fixed50_extended_resolution_convergence_v1_N524288_dt0p1_m022,golovin_fixed50_extended_resolution_convergence_v1_N524288_dt0p1_m022/analysis_stage0_v2/fixed_bin_distributions.npz,44d31ecd610144708cc90c97393ac6dd7041ab011dba8684158d0fe3339e798c
golovin_fixed50_extended_resolution_convergence_v1_N524288_dt0p1_m023,golovin_fixed50_extended_resolution_convergence_v1_N524288_dt0p1_m023/analysis_stage0_v2/fixed_bin_distributions.npz,2cc0278ce073940c5d881a85f0ae27b0af8e96681e743ab42e3ef345aa709432
golovin_fixed50_extended_resolution_convergence_v1_N524288_dt0p1_m024,golovin_fixed50_extended_resolution_convergence_v1_N524288_dt0p1_m024/analysis_stage0_v2/fixed_bin_distributions.npz,22bbd416401105dea4f54922f889243a6c6d6fbc8c72e76f6e8fc418bc880074
golovin_fixed50_extended_resolution_convergence_v1_N524288_dt0p1_m025,golovin_fixed50_extended_resolution_convergence_v1_N524288_dt0p1_m025/analysis_stage0_v2/fixed_bin_distributions.npz,b3f30609350abfc32fe99d959dd0e6a5afac702e97e9b07ed794947a6c4f37ea
golovin_fixed50_extended_resolution_convergence_v1_N524288_dt0p1_m026,golovin_fixed50_extended_resolution_convergence_v1_N524288_dt0p1_m026/analysis_stage0_v2/fixed_bin_distributions.npz,46ebd3c868a77f4e6d3939c7d95814bb18fa9c928a559e6d63b4511535859655
golovin_fixed50_extended_resolution_convergence_v1_N524288_dt0p1_m027,golovin_fixed50_extended_resolution_convergence_v1_N524288_dt0p1_m027/analysis_stage0_v2/fixed_bin_distributions.npz,06d9e43cd2992a0db550bda5c0a650efa59ad1ef1903cc1e97bda4a24350ee03
golovin_fixed50_extended_resolution_convergence_v1_N524288_dt0p1_m028,golovin_fixed50_extended_resolution_convergence_v1_N524288_dt0p1_m028/analysis_stage0_v2/fixed_bin_distributions.npz,1a432239aa9fe49e98acb7eec573c93c3e6d3a031fc00b7af42d6c26fb1b3678
golovin_fixed50_extended_resolution_convergence_v1_N524288_dt0p1_m029,golovin_fixed50_extended_resolution_convergence_v1_N524288_dt0p1_m029/analysis_stage0_v2/fixed_bin_distributions.npz,3306ec5bde2c2f1960102923629d1234788258758d9a1eeab9fa66da2300d853
golovin_fixed50_extended_resolution_convergence_v1_N524288_dt0p1_m030,golovin_fixed50_extended_resolution_convergence_v1_N524288_dt0p1_m030/analysis_stage0_v2/fixed_bin_distributions.npz,ae9820781223429af2db30dfea4bbf3c4cfe976db42b973a027c241286f5681b
golovin_fixed50_extended_resolution_convergence_v1_N524288_dt0p1_m031,golovin_fixed50_extended_resolution_convergence_v1_N524288_dt0p1_m031/analysis_stage0_v2/fixed_bin_distributions.npz,e899ccb6df49b487f7ace40a893882df9f33b1b8a76701974c87d85807d29b99
golovin_fixed50_extended_resolution_convergence_v1_N524288_dt0p1_m032,golovin_fixed50_extended_resolution_convergence_v1_N524288_dt0p1_m032/analysis_stage0_v2/fixed_bin_distributions.npz,9fb3510de8235500523836d01058d89e3c89e68dff2b19e8e149de55d650f3a9
golovin_fixed50_extended_resolution_convergence_v1_N524288_dt0p1_m033,golovin_fixed50_extended_resolution_convergence_v1_N524288_dt0p1_m033/analysis_stage0_v2/fixed_bin_distributions.npz,92e2e919310baa716e49f4b333d639f8f2a0ff9bc9730a67c1079c8d48d0fb1b
golovin_fixed50_extended_resolution_convergence_v1_N524288_dt0p1_m034,golovin_fixed50_extended_resolution_convergence_v1_N524288_dt0p1_m034/analysis_stage0_v2/fixed_bin_distributions.npz,6b1ba49ecea630929df94321d168ecd5a47ff3a3b11c18213209c90b9c7a4dec
golovin_fixed50_extended_resolution_convergence_v1_N524288_dt0p1_m035,golovin_fixed50_extended_resolution_convergence_v1_N524288_dt0p1_m035/analysis_stage0_v2/fixed_bin_distributions.npz,2581e5ae3c28f9d50a9d97566f757b5949653650e6566112605d7c42fd4922e3
golovin_fixed50_extended_resolution_convergence_v1_N524288_dt0p1_m036,golovin_fixed50_extended_resolution_convergence_v1_N524288_dt0p1_m036/analysis_stage0_v2/fixed_bin_distributions.npz,9739f3751e0e92924df3973bbe5203e9fb829a9c278c61e9757da4164d962099
golovin_fixed50_extended_resolution_convergence_v1_N524288_dt0p1_m037,golovin_fixed50_extended_resolution_convergence_v1_N524288_dt0p1_m037/analysis_stage0_v2/fixed_bin_distributions.npz,c8c47f662e2814465f9ee9ed8341b317628a76ea647c844cf279d6677b964faa
golovin_fixed50_extended_resolution_convergence_v1_N524288_dt0p1_m038,golovin_fixed50_extended_resolution_convergence_v1_N524288_dt0p1_m038/analysis_stage0_v2/fixed_bin_distributions.npz,7208849dfd95187b9e4991f4377dd1b6c4b9eed0ebb4289eecb36d714fec2aa8
golovin_fixed50_extended_resolution_convergence_v1_N524288_dt0p1_m039,golovin_fixed50_extended_resolution_convergence_v1_N524288_dt0p1_m039/analysis_stage0_v2/fixed_bin_distributions.npz,107e2c177a01f4c1837a594b023ed89a6036fc349ba7ad3306239ab17c67ab09
golovin_fixed50_extended_resolution_convergence_v1_N524288_dt0p1_m040,golovin_fixed50_extended_resolution_convergence_v1_N524288_dt0p1_m040/analysis_stage0_v2/fixed_bin_distributions.npz,0db53e63d9e5eb2e2da2e95c25704ad4efb14d9e08226e7b933f2654857d2d69
golovin_fixed50_extended_resolution_convergence_v1_N524288_dt0p1_m041,golovin_fixed50_extended_resolution_convergence_v1_N524288_dt0p1_m041/analysis_stage0_v2/fixed_bin_distributions.npz,e3b4d912b89c0d66a7a2174e20f16b95f1dfda2a4ae63184bcc799a721e3f2b8
golovin_fixed50_extended_resolution_convergence_v1_N524288_dt0p1_m042,golovin_fixed50_extended_resolution_convergence_v1_N524288_dt0p1_m042/analysis_stage0_v2/fixed_bin_distributions.npz,4d4080ca488c41d5650a1602c7e6b1cf3ed43cf968be13c0ae5e7789d3a5f48c
golovin_fixed50_extended_resolution_convergence_v1_N524288_dt0p1_m043,golovin_fixed50_extended_resolution_convergence_v1_N524288_dt0p1_m043/analysis_stage0_v2/fixed_bin_distributions.npz,9a95a8489c9b94c3f28fdc34bcc2f598d6ecbdaa587906b2c804d508b1db9fd3
golovin_fixed50_extended_resolution_convergence_v1_N524288_dt0p1_m044,golovin_fixed50_extended_resolution_convergence_v1_N524288_dt0p1_m044/analysis_stage0_v2/fixed_bin_distributions.npz,0393c482f08b24537994875c88b3368b52538dc7dad511bbc082c035bf8c11e2
golovin_fixed50_extended_resolution_convergence_v1_N524288_dt0p1_m045,golovin_fixed50_extended_resolution_convergence_v1_N524288_dt0p1_m045/analysis_stage0_v2/fixed_bin_distributions.npz,f63232c0c934d579ca4231b5405c79ba42d088630f86aab0c1d6e81078a5a3e8
golovin_fixed50_extended_resolution_convergence_v1_N524288_dt0p1_m046,golovin_fixed50_extended_resolution_convergence_v1_N524288_dt0p1_m046/analysis_stage0_v2/fixed_bin_distributions.npz,113d239d7acda5eb7a5e3234bcdb9173945cd34b699cf0ae2a1c2f6c3cc40cd4
golovin_fixed50_extended_resolution_convergence_v1_N524288_dt0p1_m047,golovin_fixed50_extended_resolution_convergence_v1_N524288_dt0p1_m047/analysis_stage0_v2/fixed_bin_distributions.npz,11bb566cac255c09700506772a9ed9bda8a540494e673ac0dd3e1365314ceddf
golovin_fixed50_extended_resolution_convergence_v1_N524288_dt0p1_m048,golovin_fixed50_extended_resolution_convergence_v1_N524288_dt0p1_m048/analysis_stage0_v2/fixed_bin_distributions.npz,e48e187d99d62f5681966a0d40437c3b57daba5e0b2475b5bb94edeafccc4a17
golovin_fixed50_extended_resolution_convergence_v1_N524288_dt0p1_m049,golovin_fixed50_extended_resolution_convergence_v1_N524288_dt0p1_m049/analysis_stage0_v2/fixed_bin_distributions.npz,41c28f0e9b6182f0c13ead015bb93164fce63fd41e803cfa348eb175b306085a
golovin_fixed50_extended_resolution_convergence_v1_N1048576_dt0p1_m000,golovin_fixed50_extended_resolution_convergence_v1_N1048576_dt0p1_m000/analysis_stage0_v2/fixed_bin_distributions.npz,32fc679e1b668044bad4b19bfc6067897407b925faeadc9f422bad5cfa6e7e74
golovin_fixed50_extended_resolution_convergence_v1_N1048576_dt0p1_m001,golovin_fixed50_extended_resolution_convergence_v1_N1048576_dt0p1_m001/analysis_stage0_v2/fixed_bin_distributions.npz,5482f2650c0a817e3852aef155e0e3579b01793fcdf017c2a4efbadce3cdb836
golovin_fixed50_extended_resolution_convergence_v1_N1048576_dt0p1_m002,golovin_fixed50_extended_resolution_convergence_v1_N1048576_dt0p1_m002/analysis_stage0_v2/fixed_bin_distributions.npz,334048781d42fba0d431cbe82554a99f0e78f99daf4d26db8cc2ff7be88ae671
golovin_fixed50_extended_resolution_convergence_v1_N1048576_dt0p1_m003,golovin_fixed50_extended_resolution_convergence_v1_N1048576_dt0p1_m003/analysis_stage0_v2/fixed_bin_distributions.npz,d92226961d76a8f58455a82c4abd549d523eb370a22e43b0df5e58b6b7b0cc4b
golovin_fixed50_extended_resolution_convergence_v1_N1048576_dt0p1_m004,golovin_fixed50_extended_resolution_convergence_v1_N1048576_dt0p1_m004/analysis_stage0_v2/fixed_bin_distributions.npz,d62c5ad890cd72caa5f6b54d386616efe27a02b6e601507c9bf0f7eeb0bec5b5
golovin_fixed50_extended_resolution_convergence_v1_N1048576_dt0p1_m005,golovin_fixed50_extended_resolution_convergence_v1_N1048576_dt0p1_m005/analysis_stage0_v2/fixed_bin_distributions.npz,5616f03c75333c67b3cd201e1ef1ff7806c07aa347896f722072818d73803e55
golovin_fixed50_extended_resolution_convergence_v1_N1048576_dt0p1_m006,golovin_fixed50_extended_resolution_convergence_v1_N1048576_dt0p1_m006/analysis_stage0_v2/fixed_bin_distributions.npz,6be52307954e7c175cee92aefade20fa2dafe572ace325d230a661af82ca3576
golovin_fixed50_extended_resolution_convergence_v1_N1048576_dt0p1_m007,golovin_fixed50_extended_resolution_convergence_v1_N1048576_dt0p1_m007/analysis_stage0_v2/fixed_bin_distributions.npz,a27ad35fe39cc6d590cff76331baa4e9e6b5a7eafa2424e0ae2f3954e5c1fa51
golovin_fixed50_extended_resolution_convergence_v1_N1048576_dt0p1_m008,golovin_fixed50_extended_resolution_convergence_v1_N1048576_dt0p1_m008/analysis_stage0_v2/fixed_bin_distributions.npz,87f15d97c26626901e406a4a815ea3cb4fde667a2758e68b9f965b2ff20649d7
golovin_fixed50_extended_resolution_convergence_v1_N1048576_dt0p1_m009,golovin_fixed50_extended_resolution_convergence_v1_N1048576_dt0p1_m009/analysis_stage0_v2/fixed_bin_distributions.npz,2a82feac5f3c2199bd5181c70ffa8c63f6260b44d9bf1453c97067af9da51ccd
golovin_fixed50_extended_resolution_convergence_v1_N1048576_dt0p1_m010,golovin_fixed50_extended_resolution_convergence_v1_N1048576_dt0p1_m010/analysis_stage0_v2/fixed_bin_distributions.npz,7958c4c162f26f82ad0a7e3aa043041e29c66dbc211eaf84e4c54123468192e8
golovin_fixed50_extended_resolution_convergence_v1_N1048576_dt0p1_m011,golovin_fixed50_extended_resolution_convergence_v1_N1048576_dt0p1_m011/analysis_stage0_v2/fixed_bin_distributions.npz,775a500f17c6d11a20759cef63e46422c7db444b0d343f9c91e5fb0826f8befa
golovin_fixed50_extended_resolution_convergence_v1_N1048576_dt0p1_m012,golovin_fixed50_extended_resolution_convergence_v1_N1048576_dt0p1_m012/analysis_stage0_v2/fixed_bin_distributions.npz,bef567c0a57bca67b659d39095632362e215f4098f248c7a26926ca4246d9946
golovin_fixed50_extended_resolution_convergence_v1_N1048576_dt0p1_m013,golovin_fixed50_extended_resolution_convergence_v1_N1048576_dt0p1_m013/analysis_stage0_v2/fixed_bin_distributions.npz,0c087f3305d9e71387c921174d9ca8220c8503dadce93a3e0786da09955a7447
golovin_fixed50_extended_resolution_convergence_v1_N1048576_dt0p1_m014,golovin_fixed50_extended_resolution_convergence_v1_N1048576_dt0p1_m014/analysis_stage0_v2/fixed_bin_distributions.npz,6e6fa6c474887603dce40bef3b772f9e4e3aa59fe93a85bf829c287572ca379d
golovin_fixed50_extended_resolution_convergence_v1_N1048576_dt0p1_m015,golovin_fixed50_extended_resolution_convergence_v1_N1048576_dt0p1_m015/analysis_stage0_v2/fixed_bin_distributions.npz,c9b416efc6b70de003006c39a2c3879c08c21c02632484fa2fbeb9abc94da445
golovin_fixed50_extended_resolution_convergence_v1_N1048576_dt0p1_m016,golovin_fixed50_extended_resolution_convergence_v1_N1048576_dt0p1_m016/analysis_stage0_v2/fixed_bin_distributions.npz,5156b893f7a4c8523f78cdcb5b1189218cea11f9c6da642c2df6103c95a35bdb
golovin_fixed50_extended_resolution_convergence_v1_N1048576_dt0p1_m017,golovin_fixed50_extended_resolution_convergence_v1_N1048576_dt0p1_m017/analysis_stage0_v2/fixed_bin_distributions.npz,5d9a8af2980fb1b34cc7879bb4b6b306bc5e64f27ea0a80e2b0adeb7330a78e4
golovin_fixed50_extended_resolution_convergence_v1_N1048576_dt0p1_m018,golovin_fixed50_extended_resolution_convergence_v1_N1048576_dt0p1_m018/analysis_stage0_v2/fixed_bin_distributions.npz,a1027c9320e039307a3a05437350ccf41460b80f4d2abcaacb70906623ac82ab
golovin_fixed50_extended_resolution_convergence_v1_N1048576_dt0p1_m019,golovin_fixed50_extended_resolution_convergence_v1_N1048576_dt0p1_m019/analysis_stage0_v2/fixed_bin_distributions.npz,ed27d3420c5d4311e368c16b2317fb98be8bbcaf2ac4a589caa67af80cc840ce
golovin_fixed50_extended_resolution_convergence_v1_N1048576_dt0p1_m020,golovin_fixed50_extended_resolution_convergence_v1_N1048576_dt0p1_m020/analysis_stage0_v2/fixed_bin_distributions.npz,306ec33f6e3bfe6e563146c22c90c710335fef053398577443f0fc8c5dacc920
golovin_fixed50_extended_resolution_convergence_v1_N1048576_dt0p1_m021,golovin_fixed50_extended_resolution_convergence_v1_N1048576_dt0p1_m021/analysis_stage0_v2/fixed_bin_distributions.npz,5c22bbc509116ab9390897133dfac8b6f986eb2da2ad1eb7f3e2135286a267f8
golovin_fixed50_extended_resolution_convergence_v1_N1048576_dt0p1_m022,golovin_fixed50_extended_resolution_convergence_v1_N1048576_dt0p1_m022/analysis_stage0_v2/fixed_bin_distributions.npz,62db7402eb464461ecf8c380e5ecb83745830cfd5bcb66d1c2793711989658b5
golovin_fixed50_extended_resolution_convergence_v1_N1048576_dt0p1_m023,golovin_fixed50_extended_resolution_convergence_v1_N1048576_dt0p1_m023/analysis_stage0_v2/fixed_bin_distributions.npz,4e66cc2a613e9d69382616b12f487124288830043d14a7c6f522ee61271c360f
golovin_fixed50_extended_resolution_convergence_v1_N1048576_dt0p1_m024,golovin_fixed50_extended_resolution_convergence_v1_N1048576_dt0p1_m024/analysis_stage0_v2/fixed_bin_distributions.npz,35fcf03dcddf9cb503ab1718e2c5904ea9f514e89a3f1770179f5aa40e92a249
golovin_fixed50_extended_resolution_convergence_v1_N1048576_dt0p1_m025,golovin_fixed50_extended_resolution_convergence_v1_N1048576_dt0p1_m025/analysis_stage0_v2/fixed_bin_distributions.npz,b48d0f4dc4c11a67e47eae4be03eb26c46b4178953ff0b75a4cb45c975589bcc
golovin_fixed50_extended_resolution_convergence_v1_N1048576_dt0p1_m026,golovin_fixed50_extended_resolution_convergence_v1_N1048576_dt0p1_m026/analysis_stage0_v2/fixed_bin_distributions.npz,c526b41b777cce9d3609d89cf9698e78ca8c86cacb7ce8cc509c84dc06be4675
golovin_fixed50_extended_resolution_convergence_v1_N1048576_dt0p1_m027,golovin_fixed50_extended_resolution_convergence_v1_N1048576_dt0p1_m027/analysis_stage0_v2/fixed_bin_distributions.npz,423b8b4df85870dfbd46c6496fbe6afe3d419f27c31b6dc7608a107e3a87fe09
golovin_fixed50_extended_resolution_convergence_v1_N1048576_dt0p1_m028,golovin_fixed50_extended_resolution_convergence_v1_N1048576_dt0p1_m028/analysis_stage0_v2/fixed_bin_distributions.npz,27290465b45a332d97d8cd0e0b5a90dce88a093c6c46944c54ce770847ec55c2
golovin_fixed50_extended_resolution_convergence_v1_N1048576_dt0p1_m029,golovin_fixed50_extended_resolution_convergence_v1_N1048576_dt0p1_m029/analysis_stage0_v2/fixed_bin_distributions.npz,fe67ece7a8c5ab19b898ee09c06cde502f9520e132f22083f9cbe2331616e694
golovin_fixed50_extended_resolution_convergence_v1_N1048576_dt0p1_m030,golovin_fixed50_extended_resolution_convergence_v1_N1048576_dt0p1_m030/analysis_stage0_v2/fixed_bin_distributions.npz,ce07a325cd7ec3d26a151536a182ceb38a196a3df98599b1f4ed26c69290121d
golovin_fixed50_extended_resolution_convergence_v1_N1048576_dt0p1_m031,golovin_fixed50_extended_resolution_convergence_v1_N1048576_dt0p1_m031/analysis_stage0_v2/fixed_bin_distributions.npz,8966c86e3ef924e0c4c0854f903d13104198098e6b9e60cc3811ef02d49b96d5
golovin_fixed50_extended_resolution_convergence_v1_N1048576_dt0p1_m032,golovin_fixed50_extended_resolution_convergence_v1_N1048576_dt0p1_m032/analysis_stage0_v2/fixed_bin_distributions.npz,ec60f94b796cfea2f439877797c23b05f7a879e8597a3080c5f7243819c4d228
golovin_fixed50_extended_resolution_convergence_v1_N1048576_dt0p1_m033,golovin_fixed50_extended_resolution_convergence_v1_N1048576_dt0p1_m033/analysis_stage0_v2/fixed_bin_distributions.npz,c4b4fe873ea9d71491496d3772c65d4839f8e0ba1ead4391b9fa4427619063ab
golovin_fixed50_extended_resolution_convergence_v1_N1048576_dt0p1_m034,golovin_fixed50_extended_resolution_convergence_v1_N1048576_dt0p1_m034/analysis_stage0_v2/fixed_bin_distributions.npz,71b4ca6181680c5e13e80267c4994d078eac4264af56e0310c13920345c1e1d1
golovin_fixed50_extended_resolution_convergence_v1_N1048576_dt0p1_m035,golovin_fixed50_extended_resolution_convergence_v1_N1048576_dt0p1_m035/analysis_stage0_v2/fixed_bin_distributions.npz,71df8fcaa3202d9175644f30187845c9a4444f058c190fd3ef6cd6d89fee7c1e
golovin_fixed50_extended_resolution_convergence_v1_N1048576_dt0p1_m036,golovin_fixed50_extended_resolution_convergence_v1_N1048576_dt0p1_m036/analysis_stage0_v2/fixed_bin_distributions.npz,a04675c6244b84050e93b681034b25d1c8b600819b1beb158a8c6567f8d0774a
golovin_fixed50_extended_resolution_convergence_v1_N1048576_dt0p1_m037,golovin_fixed50_extended_resolution_convergence_v1_N1048576_dt0p1_m037/analysis_stage0_v2/fixed_bin_distributions.npz,ffac6625e1524df4d81764e5231e046a1938a2f26c594cb4be36491d5d8f5fb2
golovin_fixed50_extended_resolution_convergence_v1_N1048576_dt0p1_m038,golovin_fixed50_extended_resolution_convergence_v1_N1048576_dt0p1_m038/analysis_stage0_v2/fixed_bin_distributions.npz,5b7c3854a286deed6e1d8f27b51bd30a39733235fa00196225d077fa8c87b4c2
golovin_fixed50_extended_resolution_convergence_v1_N1048576_dt0p1_m039,golovin_fixed50_extended_resolution_convergence_v1_N1048576_dt0p1_m039/analysis_stage0_v2/fixed_bin_distributions.npz,2583245efa8444111a45642313ddc82fadc960541b62b4c7596e25f7924dc461
golovin_fixed50_extended_resolution_convergence_v1_N1048576_dt0p1_m040,golovin_fixed50_extended_resolution_convergence_v1_N1048576_dt0p1_m040/analysis_stage0_v2/fixed_bin_distributions.npz,30ba92abfbb9e57ca8f7c40b70cfe164970a1d4ae6311f9ba11eb30744d5cc49
golovin_fixed50_extended_resolution_convergence_v1_N1048576_dt0p1_m041,golovin_fixed50_extended_resolution_convergence_v1_N1048576_dt0p1_m041/analysis_stage0_v2/fixed_bin_distributions.npz,28bd54a80970dc8b24d4f4958ef74794d741d2d39799f71dd681706986d4741f
golovin_fixed50_extended_resolution_convergence_v1_N1048576_dt0p1_m042,golovin_fixed50_extended_resolution_convergence_v1_N1048576_dt0p1_m042/analysis_stage0_v2/fixed_bin_distributions.npz,041ebcf4995b52f46c48aca7aa51d17813432e839e7da633f6ddd38ad6c7b4b7
golovin_fixed50_extended_resolution_convergence_v1_N1048576_dt0p1_m043,golovin_fixed50_extended_resolution_convergence_v1_N1048576_dt0p1_m043/analysis_stage0_v2/fixed_bin_distributions.npz,961ea63c2ee27abd8357a462011f031b63e20180fb49ce100b94f1606dcbed61
golovin_fixed50_extended_resolution_convergence_v1_N1048576_dt0p1_m044,golovin_fixed50_extended_resolution_convergence_v1_N1048576_dt0p1_m044/analysis_stage0_v2/fixed_bin_distributions.npz,6f6c223f75106793f1fa3c0a81ca5d3e0b870f2b55bcb0e5c1df181df8587cb1
golovin_fixed50_extended_resolution_convergence_v1_N1048576_dt0p1_m045,golovin_fixed50_extended_resolution_convergence_v1_N1048576_dt0p1_m045/analysis_stage0_v2/fixed_bin_distributions.npz,c4d3b991561ade55e64e6e985f1dba8dcf31d2a5d1dd3e2f31f355a4f999ccb3
golovin_fixed50_extended_resolution_convergence_v1_N1048576_dt0p1_m046,golovin_fixed50_extended_resolution_convergence_v1_N1048576_dt0p1_m046/analysis_stage0_v2/fixed_bin_distributions.npz,707535c123305642d1e6fa224c1d19f0fe29074d9500de7e85981392f20d5e3c
golovin_fixed50_extended_resolution_convergence_v1_N1048576_dt0p1_m047,golovin_fixed50_extended_resolution_convergence_v1_N1048576_dt0p1_m047/analysis_stage0_v2/fixed_bin_distributions.npz,4b8587c6754266b17b4761fdc8d4c878490a7850573b9e89193a10237fed0c69
golovin_fixed50_extended_resolution_convergence_v1_N1048576_dt0p1_m048,golovin_fixed50_extended_resolution_convergence_v1_N1048576_dt0p1_m048/analysis_stage0_v2/fixed_bin_distributions.npz,06ac6a69e11e5c0da86f6845cc2a1957359f90ae8755b025865c4cc88789f9a3
golovin_fixed50_extended_resolution_convergence_v1_N1048576_dt0p1_m049,golovin_fixed50_extended_resolution_convergence_v1_N1048576_dt0p1_m049/analysis_stage0_v2/fixed_bin_distributions.npz,ded474954ec90c4a5c5a6830ed48a73a62d0518f37e25887d34bafb923e5ddf2
