case_index	run_label	matrix_stage	initialization_family	kernel	max_superdroplets	collision_timestep_s	observation_timestep_s	end_time_s	model_threads	member_index	initialization_seed	collision_seed	controlled_bundle_label
0	golovin_fixed50_extended_resolution_convergence_v1_N004096_dt0p1_m000	golovin_fixed50_extended_resolution_convergence_v1	controlled	golovin	4096	0.1	300.0	3600.0	1	0	not_applicable	6663760225077556826	golovin_fixed50_extended_N004096_v1
1	golovin_fixed50_extended_resolution_convergence_v1_N004096_dt0p1_m001	golovin_fixed50_extended_resolution_convergence_v1	controlled	golovin	4096	0.1	300.0	3600.0	1	1	not_applicable	5159214854084552935	golovin_fixed50_extended_N004096_v1
2	golovin_fixed50_extended_resolution_convergence_v1_N004096_dt0p1_m002	golovin_fixed50_extended_resolution_convergence_v1	controlled	golovin	4096	0.1	300.0	3600.0	1	2	not_applicable	10167806140147078159	golovin_fixed50_extended_N004096_v1
3	golovin_fixed50_extended_resolution_convergence_v1_N004096_dt0p1_m003	golovin_fixed50_extended_resolution_convergence_v1	controlled	golovin	4096	0.1	300.0	3600.0	1	3	not_applicable	12365403304349526772	golovin_fixed50_extended_N004096_v1
4	golovin_fixed50_extended_resolution_convergence_v1_N004096_dt0p1_m004	golovin_fixed50_extended_resolution_convergence_v1	controlled	golovin	4096	0.1	300.0	3600.0	1	4	not_applicable	11066801166683923404	golovin_fixed50_extended_N004096_v1
5	golovin_fixed50_extended_resolution_convergence_v1_N004096_dt0p1_m005	golovin_fixed50_extended_resolution_convergence_v1	controlled	golovin	4096	0.1	300.0	3600.0	1	5	not_applicable	15414971106163337652	golovin_fixed50_extended_N004096_v1
6	golovin_fixed50_extended_resolution_convergence_v1_N004096_dt0p1_m006	golovin_fixed50_extended_resolution_convergence_v1	controlled	golovin	4096	0.1	300.0	3600.0	1	6	not_applicable	4426894947628385802	golovin_fixed50_extended_N004096_v1
7	golovin_fixed50_extended_resolution_convergence_v1_N004096_dt0p1_m007	golovin_fixed50_extended_resolution_convergence_v1	controlled	golovin	4096	0.1	300.0	3600.0	1	7	not_applicable	1024059266512974336	golovin_fixed50_extended_N004096_v1
8	golovin_fixed50_extended_resolution_convergence_v1_N004096_dt0p1_m008	golovin_fixed50_extended_resolution_convergence_v1	controlled	golovin	4096	0.1	300.0	3600.0	1	8	not_applicable	4708877288800091386	golovin_fixed50_extended_N004096_v1
9	golovin_fixed50_extended_resolution_convergence_v1_N004096_dt0p1_m009	golovin_fixed50_extended_resolution_convergence_v1	controlled	golovin	4096	0.1	300.0	3600.0	1	9	not_applicable	8365459447913219447	golovin_fixed50_extended_N004096_v1
10	golovin_fixed50_extended_resolution_convergence_v1_N004096_dt0p1_m010	golovin_fixed50_extended_resolution_convergence_v1	controlled	golovin	4096	0.1	300.0	3600.0	1	10	not_applicable	1638167887492394093	golovin_fixed50_extended_N004096_v1
11	golovin_fixed50_extended_resolution_convergence_v1_N004096_dt0p1_m011	golovin_fixed50_extended_resolution_convergence_v1	controlled	golovin	4096	0.1	300.0	3600.0	1	11	not_applicable	10870373631946808542	golovin_fixed50_extended_N004096_v1
12	golovin_fixed50_extended_resolution_convergence_v1_N004096_dt0p1_m012	golovin_fixed50_extended_resolution_convergence_v1	controlled	golovin	4096	0.1	300.0	3600.0	1	12	not_applicable	15535028385399854742	golovin_fixed50_extended_N004096_v1
13	golovin_fixed50_extended_resolution_convergence_v1_N004096_dt0p1_m013	golovin_fixed50_extended_resolution_convergence_v1	controlled	golovin	4096	0.1	300.0	3600.0	1	13	not_applicable	8855132476925112230	golovin_fixed50_extended_N004096_v1
14	golovin_fixed50_extended_resolution_convergence_v1_N004096_dt0p1_m014	golovin_fixed50_extended_resolution_convergence_v1	controlled	golovin	4096	0.1	300.0	3600.0	1	14	not_applicable	1294412014270794163	golovin_fixed50_extended_N004096_v1
15	golovin_fixed50_extended_resolution_convergence_v1_N004096_dt0p1_m015	golovin_fixed50_extended_resolution_convergence_v1	controlled	golovin	4096	0.1	300.0	3600.0	1	15	not_applicable	11710185108685380236	golovin_fixed50_extended_N004096_v1
16	golovin_fixed50_extended_resolution_convergence_v1_N004096_dt0p1_m016	golovin_fixed50_extended_resolution_convergence_v1	controlled	golovin	4096	0.1	300.0	3600.0	1	16	not_applicable	15369643069153689814	golovin_fixed50_extended_N004096_v1
17	golovin_fixed50_extended_resolution_convergence_v1_N004096_dt0p1_m017	golovin_fixed50_extended_resolution_convergence_v1	controlled	golovin	4096	0.1	300.0	3600.0	1	17	not_applicable	2244718425609317475	golovin_fixed50_extended_N004096_v1
18	golovin_fixed50_extended_resolution_convergence_v1_N004096_dt0p1_m018	golovin_fixed50_extended_resolution_convergence_v1	controlled	golovin	4096	0.1	300.0	3600.0	1	18	not_applicable	4895341684238566665	golovin_fixed50_extended_N004096_v1
19	golovin_fixed50_extended_resolution_convergence_v1_N004096_dt0p1_m019	golovin_fixed50_extended_resolution_convergence_v1	controlled	golovin	4096	0.1	300.0	3600.0	1	19	not_applicable	3471418653233903340	golovin_fixed50_extended_N004096_v1
20	golovin_fixed50_extended_resolution_convergence_v1_N004096_dt0p1_m020	golovin_fixed50_extended_resolution_convergence_v1	controlled	golovin	4096	0.1	300.0	3600.0	1	20	not_applicable	13485690562139386416	golovin_fixed50_extended_N004096_v1
21	golovin_fixed50_extended_resolution_convergence_v1_N004096_dt0p1_m021	golovin_fixed50_extended_resolution_convergence_v1	controlled	golovin	4096	0.1	300.0	3600.0	1	21	not_applicable	5546457945046689010	golovin_fixed50_extended_N004096_v1
22	golovin_fixed50_extended_resolution_convergence_v1_N004096_dt0p1_m022	golovin_fixed50_extended_resolution_convergence_v1	controlled	golovin	4096	0.1	300.0	3600.0	1	22	not_applicable	14566308647128915821	golovin_fixed50_extended_N004096_v1
23	golovin_fixed50_extended_resolution_convergence_v1_N004096_dt0p1_m023	golovin_fixed50_extended_resolution_convergence_v1	controlled	golovin	4096	0.1	300.0	3600.0	1	23	not_applicable	8520564036830922155	golovin_fixed50_extended_N004096_v1
24	golovin_fixed50_extended_resolution_convergence_v1_N004096_dt0p1_m024	golovin_fixed50_extended_resolution_convergence_v1	controlled	golovin	4096	0.1	300.0	3600.0	1	24	not_applicable	4440072815583003537	golovin_fixed50_extended_N004096_v1
25	golovin_fixed50_extended_resolution_convergence_v1_N004096_dt0p1_m025	golovin_fixed50_extended_resolution_convergence_v1	controlled	golovin	4096	0.1	300.0	3600.0	1	25	not_applicable	510806955840218787	golovin_fixed50_extended_N004096_v1
26	golovin_fixed50_extended_resolution_convergence_v1_N004096_dt0p1_m026	golovin_fixed50_extended_resolution_convergence_v1	controlled	golovin	4096	0.1	300.0	3600.0	1	26	not_applicable	14587926284877347501	golovin_fixed50_extended_N004096_v1
27	golovin_fixed50_extended_resolution_convergence_v1_N004096_dt0p1_m027	golovin_fixed50_extended_resolution_convergence_v1	controlled	golovin	4096	0.1	300.0	3600.0	1	27	not_applicable	16713091813376009825	golovin_fixed50_extended_N004096_v1
28	golovin_fixed50_extended_resolution_convergence_v1_N004096_dt0p1_m028	golovin_fixed50_extended_resolution_convergence_v1	controlled	golovin	4096	0.1	300.0	3600.0	1	28	not_applicable	17060215013715808684	golovin_fixed50_extended_N004096_v1
29	golovin_fixed50_extended_resolution_convergence_v1_N004096_dt0p1_m029	golovin_fixed50_extended_resolution_convergence_v1	controlled	golovin	4096	0.1	300.0	3600.0	1	29	not_applicable	693751958510520992	golovin_fixed50_extended_N004096_v1
30	golovin_fixed50_extended_resolution_convergence_v1_N004096_dt0p1_m030	golovin_fixed50_extended_resolution_convergence_v1	controlled	golovin	4096	0.1	300.0	3600.0	1	30	not_applicable	6346056341304774612	golovin_fixed50_extended_N004096_v1
31	golovin_fixed50_extended_resolution_convergence_v1_N004096_dt0p1_m031	golovin_fixed50_extended_resolution_convergence_v1	controlled	golovin	4096	0.1	300.0	3600.0	1	31	not_applicable	12085745963305987005	golovin_fixed50_extended_N004096_v1
32	golovin_fixed50_extended_resolution_convergence_v1_N004096_dt0p1_m032	golovin_fixed50_extended_resolution_convergence_v1	controlled	golovin	4096	0.1	300.0	3600.0	1	32	not_applicable	12473166422133546161	golovin_fixed50_extended_N004096_v1
33	golovin_fixed50_extended_resolution_convergence_v1_N004096_dt0p1_m033	golovin_fixed50_extended_resolution_convergence_v1	controlled	golovin	4096	0.1	300.0	3600.0	1	33	not_applicable	8243433904919711483	golovin_fixed50_extended_N004096_v1
34	golovin_fixed50_extended_resolution_convergence_v1_N004096_dt0p1_m034	golovin_fixed50_extended_resolution_convergence_v1	controlled	golovin	4096	0.1	300.0	3600.0	1	34	not_applicable	10202766634113669266	golovin_fixed50_extended_N004096_v1
35	golovin_fixed50_extended_resolution_convergence_v1_N004096_dt0p1_m035	golovin_fixed50_extended_resolution_convergence_v1	controlled	golovin	4096	0.1	300.0	3600.0	1	35	not_applicable	6369740795736515575	golovin_fixed50_extended_N004096_v1
36	golovin_fixed50_extended_resolution_convergence_v1_N004096_dt0p1_m036	golovin_fixed50_extended_resolution_convergence_v1	controlled	golovin	4096	0.1	300.0	3600.0	1	36	not_applicable	13078196594412458928	golovin_fixed50_extended_N004096_v1
37	golovin_fixed50_extended_resolution_convergence_v1_N004096_dt0p1_m037	golovin_fixed50_extended_resolution_convergence_v1	controlled	golovin	4096	0.1	300.0	3600.0	1	37	not_applicable	18146176670886127000	golovin_fixed50_extended_N004096_v1
38	golovin_fixed50_extended_resolution_convergence_v1_N004096_dt0p1_m038	golovin_fixed50_extended_resolution_convergence_v1	controlled	golovin	4096	0.1	300.0	3600.0	1	38	not_applicable	8445733109823099535	golovin_fixed50_extended_N004096_v1
39	golovin_fixed50_extended_resolution_convergence_v1_N004096_dt0p1_m039	golovin_fixed50_extended_resolution_convergence_v1	controlled	golovin	4096	0.1	300.0	3600.0	1	39	not_applicable	14153594394619826383	golovin_fixed50_extended_N004096_v1
40	golovin_fixed50_extended_resolution_convergence_v1_N004096_dt0p1_m040	golovin_fixed50_extended_resolution_convergence_v1	controlled	golovin	4096	0.1	300.0	3600.0	1	40	not_applicable	7576497094873744482	golovin_fixed50_extended_N004096_v1
41	golovin_fixed50_extended_resolution_convergence_v1_N004096_dt0p1_m041	golovin_fixed50_extended_resolution_convergence_v1	controlled	golovin	4096	0.1	300.0	3600.0	1	41	not_applicable	18220713510992543917	golovin_fixed50_extended_N004096_v1
42	golovin_fixed50_extended_resolution_convergence_v1_N004096_dt0p1_m042	golovin_fixed50_extended_resolution_convergence_v1	controlled	golovin	4096	0.1	300.0	3600.0	1	42	not_applicable	4757282410519051060	golovin_fixed50_extended_N004096_v1
43	golovin_fixed50_extended_resolution_convergence_v1_N004096_dt0p1_m043	golovin_fixed50_extended_resolution_convergence_v1	controlled	golovin	4096	0.1	300.0	3600.0	1	43	not_applicable	15044435523158403193	golovin_fixed50_extended_N004096_v1
44	golovin_fixed50_extended_resolution_convergence_v1_N004096_dt0p1_m044	golovin_fixed50_extended_resolution_convergence_v1	controlled	golovin	4096	0.1	300.0	3600.0	1	44	not_applicable	18007327228119437686	golovin_fixed50_extended_N004096_v1
45	golovin_fixed50_extended_resolution_convergence_v1_N004096_dt0p1_m045	golovin_fixed50_extended_resolution_convergence_v1	controlled	golovin	4096	0.1	300.0	3600.0	1	45	not_applicable	12656145116572885923	golovin_fixed50_extended_N004096_v1
46	golovin_fixed50_extended_resolution_convergence_v1_N004096_dt0p1_m046	golovin_fixed50_extended_resolution_convergence_v1	controlled	golovin	4096	0.1	300.0	3600.0	1	46	not_applicable	5948997545010801808	golovin_fixed50_extended_N004096_v1
47	golovin_fixed50_extended_resolution_convergence_v1_N004096_dt0p1_m047	golovin_fixed50_extended_resolution_convergence_v1	controlled	golovin	4096	0.1	300.0	3600.0	1	47	not_applicable	6620175583045088661	golovin_fixed50_extended_N004096_v1
48	golovin_fixed50_extended_resolution_convergence_v1_N004096_dt0p1_m048	golovin_fixed50_extended_resolution_convergence_v1	controlled	golovin	4096	0.1	300.0	3600.0	1	48	not_applicable	16962957170608238170	golovin_fixed50_extended_N004096_v1
49	golovin_fixed50_extended_resolution_convergence_v1_N004096_dt0p1_m049	golovin_fixed50_extended_resolution_convergence_v1	controlled	golovin	4096	0.1	300.0	3600.0	1	49	not_applicable	5688804727959204695	golovin_fixed50_extended_N004096_v1
50	golovin_fixed50_extended_resolution_convergence_v1_N008192_dt0p1_m000	golovin_fixed50_extended_resolution_convergence_v1	controlled	golovin	8192	0.1	300.0	3600.0	1	0	not_applicable	347117171565605676	golovin_fixed50_extended_N008192_v1
51	golovin_fixed50_extended_resolution_convergence_v1_N008192_dt0p1_m001	golovin_fixed50_extended_resolution_convergence_v1	controlled	golovin	8192	0.1	300.0	3600.0	1	1	not_applicable	2521724225271477303	golovin_fixed50_extended_N008192_v1
52	golovin_fixed50_extended_resolution_convergence_v1_N008192_dt0p1_m002	golovin_fixed50_extended_resolution_convergence_v1	controlled	golovin	8192	0.1	300.0	3600.0	1	2	not_applicable	3165443171997614964	golovin_fixed50_extended_N008192_v1
53	golovin_fixed50_extended_resolution_convergence_v1_N008192_dt0p1_m003	golovin_fixed50_extended_resolution_convergence_v1	controlled	golovin	8192	0.1	300.0	3600.0	1	3	not_applicable	4908680263860981937	golovin_fixed50_extended_N008192_v1
54	golovin_fixed50_extended_resolution_convergence_v1_N008192_dt0p1_m004	golovin_fixed50_extended_resolution_convergence_v1	controlled	golovin	8192	0.1	300.0	3600.0	1	4	not_applicable	8592294487676474240	golovin_fixed50_extended_N008192_v1
55	golovin_fixed50_extended_resolution_convergence_v1_N008192_dt0p1_m005	golovin_fixed50_extended_resolution_convergence_v1	controlled	golovin	8192	0.1	300.0	3600.0	1	5	not_applicable	14080016714996352675	golovin_fixed50_extended_N008192_v1
56	golovin_fixed50_extended_resolution_convergence_v1_N008192_dt0p1_m006	golovin_fixed50_extended_resolution_convergence_v1	controlled	golovin	8192	0.1	300.0	3600.0	1	6	not_applicable	9709199483643167327	golovin_fixed50_extended_N008192_v1
57	golovin_fixed50_extended_resolution_convergence_v1_N008192_dt0p1_m007	golovin_fixed50_extended_resolution_convergence_v1	controlled	golovin	8192	0.1	300.0	3600.0	1	7	not_applicable	7906345550721303510	golovin_fixed50_extended_N008192_v1
58	golovin_fixed50_extended_resolution_convergence_v1_N008192_dt0p1_m008	golovin_fixed50_extended_resolution_convergence_v1	controlled	golovin	8192	0.1	300.0	3600.0	1	8	not_applicable	6464867589916620262	golovin_fixed50_extended_N008192_v1
59	golovin_fixed50_extended_resolution_convergence_v1_N008192_dt0p1_m009	golovin_fixed50_extended_resolution_convergence_v1	controlled	golovin	8192	0.1	300.0	3600.0	1	9	not_applicable	1799827505970016512	golovin_fixed50_extended_N008192_v1
60	golovin_fixed50_extended_resolution_convergence_v1_N008192_dt0p1_m010	golovin_fixed50_extended_resolution_convergence_v1	controlled	golovin	8192	0.1	300.0	3600.0	1	10	not_applicable	3412684305496616958	golovin_fixed50_extended_N008192_v1
61	golovin_fixed50_extended_resolution_convergence_v1_N008192_dt0p1_m011	golovin_fixed50_extended_resolution_convergence_v1	controlled	golovin	8192	0.1	300.0	3600.0	1	11	not_applicable	2797561212367046014	golovin_fixed50_extended_N008192_v1
62	golovin_fixed50_extended_resolution_convergence_v1_N008192_dt0p1_m012	golovin_fixed50_extended_resolution_convergence_v1	controlled	golovin	8192	0.1	300.0	3600.0	1	12	not_applicable	15763899594511928235	golovin_fixed50_extended_N008192_v1
63	golovin_fixed50_extended_resolution_convergence_v1_N008192_dt0p1_m013	golovin_fixed50_extended_resolution_convergence_v1	controlled	golovin	8192	0.1	300.0	3600.0	1	13	not_applicable	18239892804247151006	golovin_fixed50_extended_N008192_v1
64	golovin_fixed50_extended_resolution_convergence_v1_N008192_dt0p1_m014	golovin_fixed50_extended_resolution_convergence_v1	controlled	golovin	8192	0.1	300.0	3600.0	1	14	not_applicable	17102070563107282091	golovin_fixed50_extended_N008192_v1
65	golovin_fixed50_extended_resolution_convergence_v1_N008192_dt0p1_m015	golovin_fixed50_extended_resolution_convergence_v1	controlled	golovin	8192	0.1	300.0	3600.0	1	15	not_applicable	6435081886431983816	golovin_fixed50_extended_N008192_v1
66	golovin_fixed50_extended_resolution_convergence_v1_N008192_dt0p1_m016	golovin_fixed50_extended_resolution_convergence_v1	controlled	golovin	8192	0.1	300.0	3600.0	1	16	not_applicable	4725322734014307058	golovin_fixed50_extended_N008192_v1
67	golovin_fixed50_extended_resolution_convergence_v1_N008192_dt0p1_m017	golovin_fixed50_extended_resolution_convergence_v1	controlled	golovin	8192	0.1	300.0	3600.0	1	17	not_applicable	11546253753896749629	golovin_fixed50_extended_N008192_v1
68	golovin_fixed50_extended_resolution_convergence_v1_N008192_dt0p1_m018	golovin_fixed50_extended_resolution_convergence_v1	controlled	golovin	8192	0.1	300.0	3600.0	1	18	not_applicable	3095315290620759043	golovin_fixed50_extended_N008192_v1
69	golovin_fixed50_extended_resolution_convergence_v1_N008192_dt0p1_m019	golovin_fixed50_extended_resolution_convergence_v1	controlled	golovin	8192	0.1	300.0	3600.0	1	19	not_applicable	8378324175846099489	golovin_fixed50_extended_N008192_v1
70	golovin_fixed50_extended_resolution_convergence_v1_N008192_dt0p1_m020	golovin_fixed50_extended_resolution_convergence_v1	controlled	golovin	8192	0.1	300.0	3600.0	1	20	not_applicable	4665821239352824273	golovin_fixed50_extended_N008192_v1
71	golovin_fixed50_extended_resolution_convergence_v1_N008192_dt0p1_m021	golovin_fixed50_extended_resolution_convergence_v1	controlled	golovin	8192	0.1	300.0	3600.0	1	21	not_applicable	14892939731190570527	golovin_fixed50_extended_N008192_v1
72	golovin_fixed50_extended_resolution_convergence_v1_N008192_dt0p1_m022	golovin_fixed50_extended_resolution_convergence_v1	controlled	golovin	8192	0.1	300.0	3600.0	1	22	not_applicable	16330635444942504916	golovin_fixed50_extended_N008192_v1
73	golovin_fixed50_extended_resolution_convergence_v1_N008192_dt0p1_m023	golovin_fixed50_extended_resolution_convergence_v1	controlled	golovin	8192	0.1	300.0	3600.0	1	23	not_applicable	17210025896744573020	golovin_fixed50_extended_N008192_v1
74	golovin_fixed50_extended_resolution_convergence_v1_N008192_dt0p1_m024	golovin_fixed50_extended_resolution_convergence_v1	controlled	golovin	8192	0.1	300.0	3600.0	1	24	not_applicable	4571503402153044758	golovin_fixed50_extended_N008192_v1
75	golovin_fixed50_extended_resolution_convergence_v1_N008192_dt0p1_m025	golovin_fixed50_extended_resolution_convergence_v1	controlled	golovin	8192	0.1	300.0	3600.0	1	25	not_applicable	10723438845599780647	golovin_fixed50_extended_N008192_v1
76	golovin_fixed50_extended_resolution_convergence_v1_N008192_dt0p1_m026	golovin_fixed50_extended_resolution_convergence_v1	controlled	golovin	8192	0.1	300.0	3600.0	1	26	not_applicable	15335139263259041527	golovin_fixed50_extended_N008192_v1
77	golovin_fixed50_extended_resolution_convergence_v1_N008192_dt0p1_m027	golovin_fixed50_extended_resolution_convergence_v1	controlled	golovin	8192	0.1	300.0	3600.0	1	27	not_applicable	13008368334509330299	golovin_fixed50_extended_N008192_v1
78	golovin_fixed50_extended_resolution_convergence_v1_N008192_dt0p1_m028	golovin_fixed50_extended_resolution_convergence_v1	controlled	golovin	8192	0.1	300.0	3600.0	1	28	not_applicable	7455182070709438040	golovin_fixed50_extended_N008192_v1
79	golovin_fixed50_extended_resolution_convergence_v1_N008192_dt0p1_m029	golovin_fixed50_extended_resolution_convergence_v1	controlled	golovin	8192	0.1	300.0	3600.0	1	29	not_applicable	3894474991722800960	golovin_fixed50_extended_N008192_v1
80	golovin_fixed50_extended_resolution_convergence_v1_N008192_dt0p1_m030	golovin_fixed50_extended_resolution_convergence_v1	controlled	golovin	8192	0.1	300.0	3600.0	1	30	not_applicable	16841799446481930647	golovin_fixed50_extended_N008192_v1
81	golovin_fixed50_extended_resolution_convergence_v1_N008192_dt0p1_m031	golovin_fixed50_extended_resolution_convergence_v1	controlled	golovin	8192	0.1	300.0	3600.0	1	31	not_applicable	5135575648441472339	golovin_fixed50_extended_N008192_v1
82	golovin_fixed50_extended_resolution_convergence_v1_N008192_dt0p1_m032	golovin_fixed50_extended_resolution_convergence_v1	controlled	golovin	8192	0.1	300.0	3600.0	1	32	not_applicable	8123953563248506499	golovin_fixed50_extended_N008192_v1
83	golovin_fixed50_extended_resolution_convergence_v1_N008192_dt0p1_m033	golovin_fixed50_extended_resolution_convergence_v1	controlled	golovin	8192	0.1	300.0	3600.0	1	33	not_applicable	14465708237883217560	golovin_fixed50_extended_N008192_v1
84	golovin_fixed50_extended_resolution_convergence_v1_N008192_dt0p1_m034	golovin_fixed50_extended_resolution_convergence_v1	controlled	golovin	8192	0.1	300.0	3600.0	1	34	not_applicable	3890946254820902955	golovin_fixed50_extended_N008192_v1
85	golovin_fixed50_extended_resolution_convergence_v1_N008192_dt0p1_m035	golovin_fixed50_extended_resolution_convergence_v1	controlled	golovin	8192	0.1	300.0	3600.0	1	35	not_applicable	9653576894523116350	golovin_fixed50_extended_N008192_v1
86	golovin_fixed50_extended_resolution_convergence_v1_N008192_dt0p1_m036	golovin_fixed50_extended_resolution_convergence_v1	controlled	golovin	8192	0.1	300.0	3600.0	1	36	not_applicable	9041787149561035965	golovin_fixed50_extended_N008192_v1
87	golovin_fixed50_extended_resolution_convergence_v1_N008192_dt0p1_m037	golovin_fixed50_extended_resolution_convergence_v1	controlled	golovin	8192	0.1	300.0	3600.0	1	37	not_applicable	518964725975251139	golovin_fixed50_extended_N008192_v1
88	golovin_fixed50_extended_resolution_convergence_v1_N008192_dt0p1_m038	golovin_fixed50_extended_resolution_convergence_v1	controlled	golovin	8192	0.1	300.0	3600.0	1	38	not_applicable	746320663017384972	golovin_fixed50_extended_N008192_v1
89	golovin_fixed50_extended_resolution_convergence_v1_N008192_dt0p1_m039	golovin_fixed50_extended_resolution_convergence_v1	controlled	golovin	8192	0.1	300.0	3600.0	1	39	not_applicable	858454537246668868	golovin_fixed50_extended_N008192_v1
90	golovin_fixed50_extended_resolution_convergence_v1_N008192_dt0p1_m040	golovin_fixed50_extended_resolution_convergence_v1	controlled	golovin	8192	0.1	300.0	3600.0	1	40	not_applicable	6051245703229750335	golovin_fixed50_extended_N008192_v1
91	golovin_fixed50_extended_resolution_convergence_v1_N008192_dt0p1_m041	golovin_fixed50_extended_resolution_convergence_v1	controlled	golovin	8192	0.1	300.0	3600.0	1	41	not_applicable	9673929662783893873	golovin_fixed50_extended_N008192_v1
92	golovin_fixed50_extended_resolution_convergence_v1_N008192_dt0p1_m042	golovin_fixed50_extended_resolution_convergence_v1	controlled	golovin	8192	0.1	300.0	3600.0	1	42	not_applicable	4293694423679481275	golovin_fixed50_extended_N008192_v1
93	golovin_fixed50_extended_resolution_convergence_v1_N008192_dt0p1_m043	golovin_fixed50_extended_resolution_convergence_v1	controlled	golovin	8192	0.1	300.0	3600.0	1	43	not_applicable	4521625152759942270	golovin_fixed50_extended_N008192_v1
94	golovin_fixed50_extended_resolution_convergence_v1_N008192_dt0p1_m044	golovin_fixed50_extended_resolution_convergence_v1	controlled	golovin	8192	0.1	300.0	3600.0	1	44	not_applicable	3901263688590140019	golovin_fixed50_extended_N008192_v1
95	golovin_fixed50_extended_resolution_convergence_v1_N008192_dt0p1_m045	golovin_fixed50_extended_resolution_convergence_v1	controlled	golovin	8192	0.1	300.0	3600.0	1	45	not_applicable	9285121542628642272	golovin_fixed50_extended_N008192_v1
96	golovin_fixed50_extended_resolution_convergence_v1_N008192_dt0p1_m046	golovin_fixed50_extended_resolution_convergence_v1	controlled	golovin	8192	0.1	300.0	3600.0	1	46	not_applicable	4575981434913073451	golovin_fixed50_extended_N008192_v1
97	golovin_fixed50_extended_resolution_convergence_v1_N008192_dt0p1_m047	golovin_fixed50_extended_resolution_convergence_v1	controlled	golovin	8192	0.1	300.0	3600.0	1	47	not_applicable	13648229973586253056	golovin_fixed50_extended_N008192_v1
98	golovin_fixed50_extended_resolution_convergence_v1_N008192_dt0p1_m048	golovin_fixed50_extended_resolution_convergence_v1	controlled	golovin	8192	0.1	300.0	3600.0	1	48	not_applicable	14998243314116925332	golovin_fixed50_extended_N008192_v1
99	golovin_fixed50_extended_resolution_convergence_v1_N008192_dt0p1_m049	golovin_fixed50_extended_resolution_convergence_v1	controlled	golovin	8192	0.1	300.0	3600.0	1	49	not_applicable	9724180376106121302	golovin_fixed50_extended_N008192_v1
100	golovin_fixed50_extended_resolution_convergence_v1_N016384_dt0p1_m000	golovin_fixed50_extended_resolution_convergence_v1	controlled	golovin	16384	0.1	300.0	3600.0	1	0	not_applicable	14294365132109960958	golovin_fixed50_extended_N016384_v1
101	golovin_fixed50_extended_resolution_convergence_v1_N016384_dt0p1_m001	golovin_fixed50_extended_resolution_convergence_v1	controlled	golovin	16384	0.1	300.0	3600.0	1	1	not_applicable	4225947012803137997	golovin_fixed50_extended_N016384_v1
102	golovin_fixed50_extended_resolution_convergence_v1_N016384_dt0p1_m002	golovin_fixed50_extended_resolution_convergence_v1	controlled	golovin	16384	0.1	300.0	3600.0	1	2	not_applicable	7414553973803860590	golovin_fixed50_extended_N016384_v1
103	golovin_fixed50_extended_resolution_convergence_v1_N016384_dt0p1_m003	golovin_fixed50_extended_resolution_convergence_v1	controlled	golovin	16384	0.1	300.0	3600.0	1	3	not_applicable	18161131123807123478	golovin_fixed50_extended_N016384_v1
104	golovin_fixed50_extended_resolution_convergence_v1_N016384_dt0p1_m004	golovin_fixed50_extended_resolution_convergence_v1	controlled	golovin	16384	0.1	300.0	3600.0	1	4	not_applicable	15244715683384969085	golovin_fixed50_extended_N016384_v1
105	golovin_fixed50_extended_resolution_convergence_v1_N016384_dt0p1_m005	golovin_fixed50_extended_resolution_convergence_v1	controlled	golovin	16384	0.1	300.0	3600.0	1	5	not_applicable	6398820697647020562	golovin_fixed50_extended_N016384_v1
106	golovin_fixed50_extended_resolution_convergence_v1_N016384_dt0p1_m006	golovin_fixed50_extended_resolution_convergence_v1	controlled	golovin	16384	0.1	300.0	3600.0	1	6	not_applicable	7701225355783712350	golovin_fixed50_extended_N016384_v1
107	golovin_fixed50_extended_resolution_convergence_v1_N016384_dt0p1_m007	golovin_fixed50_extended_resolution_convergence_v1	controlled	golovin	16384	0.1	300.0	3600.0	1	7	not_applicable	13525986518671430142	golovin_fixed50_extended_N016384_v1
108	golovin_fixed50_extended_resolution_convergence_v1_N016384_dt0p1_m008	golovin_fixed50_extended_resolution_convergence_v1	controlled	golovin	16384	0.1	300.0	3600.0	1	8	not_applicable	4078531263311287428	golovin_fixed50_extended_N016384_v1
109	golovin_fixed50_extended_resolution_convergence_v1_N016384_dt0p1_m009	golovin_fixed50_extended_resolution_convergence_v1	controlled	golovin	16384	0.1	300.0	3600.0	1	9	not_applicable	14350137393218026358	golovin_fixed50_extended_N016384_v1
110	golovin_fixed50_extended_resolution_convergence_v1_N016384_dt0p1_m010	golovin_fixed50_extended_resolution_convergence_v1	controlled	golovin	16384	0.1	300.0	3600.0	1	10	not_applicable	304756715266581461	golovin_fixed50_extended_N016384_v1
111	golovin_fixed50_extended_resolution_convergence_v1_N016384_dt0p1_m011	golovin_fixed50_extended_resolution_convergence_v1	controlled	golovin	16384	0.1	300.0	3600.0	1	11	not_applicable	13170186683232267167	golovin_fixed50_extended_N016384_v1
112	golovin_fixed50_extended_resolution_convergence_v1_N016384_dt0p1_m012	golovin_fixed50_extended_resolution_convergence_v1	controlled	golovin	16384	0.1	300.0	3600.0	1	12	not_applicable	14616633741681752942	golovin_fixed50_extended_N016384_v1
113	golovin_fixed50_extended_resolution_convergence_v1_N016384_dt0p1_m013	golovin_fixed50_extended_resolution_convergence_v1	controlled	golovin	16384	0.1	300.0	3600.0	1	13	not_applicable	6647039546591631440	golovin_fixed50_extended_N016384_v1
114	golovin_fixed50_extended_resolution_convergence_v1_N016384_dt0p1_m014	golovin_fixed50_extended_resolution_convergence_v1	controlled	golovin	16384	0.1	300.0	3600.0	1	14	not_applicable	2476991962036605704	golovin_fixed50_extended_N016384_v1
115	golovin_fixed50_extended_resolution_convergence_v1_N016384_dt0p1_m015	golovin_fixed50_extended_resolution_convergence_v1	controlled	golovin	16384	0.1	300.0	3600.0	1	15	not_applicable	2001971363823990937	golovin_fixed50_extended_N016384_v1
116	golovin_fixed50_extended_resolution_convergence_v1_N016384_dt0p1_m016	golovin_fixed50_extended_resolution_convergence_v1	controlled	golovin	16384	0.1	300.0	3600.0	1	16	not_applicable	17013753639637730758	golovin_fixed50_extended_N016384_v1
117	golovin_fixed50_extended_resolution_convergence_v1_N016384_dt0p1_m017	golovin_fixed50_extended_resolution_convergence_v1	controlled	golovin	16384	0.1	300.0	3600.0	1	17	not_applicable	16749109178984888006	golovin_fixed50_extended_N016384_v1
118	golovin_fixed50_extended_resolution_convergence_v1_N016384_dt0p1_m018	golovin_fixed50_extended_resolution_convergence_v1	controlled	golovin	16384	0.1	300.0	3600.0	1	18	not_applicable	5715108307274831596	golovin_fixed50_extended_N016384_v1
119	golovin_fixed50_extended_resolution_convergence_v1_N016384_dt0p1_m019	golovin_fixed50_extended_resolution_convergence_v1	controlled	golovin	16384	0.1	300.0	3600.0	1	19	not_applicable	9660263261446645013	golovin_fixed50_extended_N016384_v1
120	golovin_fixed50_extended_resolution_convergence_v1_N016384_dt0p1_m020	golovin_fixed50_extended_resolution_convergence_v1	controlled	golovin	16384	0.1	300.0	3600.0	1	20	not_applicable	4544442922474960456	golovin_fixed50_extended_N016384_v1
121	golovin_fixed50_extended_resolution_convergence_v1_N016384_dt0p1_m021	golovin_fixed50_extended_resolution_convergence_v1	controlled	golovin	16384	0.1	300.0	3600.0	1	21	not_applicable	15389640115021812574	golovin_fixed50_extended_N016384_v1
122	golovin_fixed50_extended_resolution_convergence_v1_N016384_dt0p1_m022	golovin_fixed50_extended_resolution_convergence_v1	controlled	golovin	16384	0.1	300.0	3600.0	1	22	not_applicable	6264588893701977379	golovin_fixed50_extended_N016384_v1
123	golovin_fixed50_extended_resolution_convergence_v1_N016384_dt0p1_m023	golovin_fixed50_extended_resolution_convergence_v1	controlled	golovin	16384	0.1	300.0	3600.0	1	23	not_applicable	13258750250432510448	golovin_fixed50_extended_N016384_v1
124	golovin_fixed50_extended_resolution_convergence_v1_N016384_dt0p1_m024	golovin_fixed50_extended_resolution_convergence_v1	controlled	golovin	16384	0.1	300.0	3600.0	1	24	not_applicable	17621562544192901868	golovin_fixed50_extended_N016384_v1
125	golovin_fixed50_extended_resolution_convergence_v1_N016384_dt0p1_m025	golovin_fixed50_extended_resolution_convergence_v1	controlled	golovin	16384	0.1	300.0	3600.0	1	25	not_applicable	5839107769243016075	golovin_fixed50_extended_N016384_v1
126	golovin_fixed50_extended_resolution_convergence_v1_N016384_dt0p1_m026	golovin_fixed50_extended_resolution_convergence_v1	controlled	golovin	16384	0.1	300.0	3600.0	1	26	not_applicable	14334292777584758235	golovin_fixed50_extended_N016384_v1
127	golovin_fixed50_extended_resolution_convergence_v1_N016384_dt0p1_m027	golovin_fixed50_extended_resolution_convergence_v1	controlled	golovin	16384	0.1	300.0	3600.0	1	27	not_applicable	7723069513487952106	golovin_fixed50_extended_N016384_v1
128	golovin_fixed50_extended_resolution_convergence_v1_N016384_dt0p1_m028	golovin_fixed50_extended_resolution_convergence_v1	controlled	golovin	16384	0.1	300.0	3600.0	1	28	not_applicable	11950159760134268179	golovin_fixed50_extended_N016384_v1
129	golovin_fixed50_extended_resolution_convergence_v1_N016384_dt0p1_m029	golovin_fixed50_extended_resolution_convergence_v1	controlled	golovin	16384	0.1	300.0	3600.0	1	29	not_applicable	2940817112848401840	golovin_fixed50_extended_N016384_v1
130	golovin_fixed50_extended_resolution_convergence_v1_N016384_dt0p1_m030	golovin_fixed50_extended_resolution_convergence_v1	controlled	golovin	16384	0.1	300.0	3600.0	1	30	not_applicable	16584595364069835660	golovin_fixed50_extended_N016384_v1
131	golovin_fixed50_extended_resolution_convergence_v1_N016384_dt0p1_m031	golovin_fixed50_extended_resolution_convergence_v1	controlled	golovin	16384	0.1	300.0	3600.0	1	31	not_applicable	6197096106537659769	golovin_fixed50_extended_N016384_v1
132	golovin_fixed50_extended_resolution_convergence_v1_N016384_dt0p1_m032	golovin_fixed50_extended_resolution_convergence_v1	controlled	golovin	16384	0.1	300.0	3600.0	1	32	not_applicable	10187379038134347448	golovin_fixed50_extended_N016384_v1
133	golovin_fixed50_extended_resolution_convergence_v1_N016384_dt0p1_m033	golovin_fixed50_extended_resolution_convergence_v1	controlled	golovin	16384	0.1	300.0	3600.0	1	33	not_applicable	10417055500761753877	golovin_fixed50_extended_N016384_v1
134	golovin_fixed50_extended_resolution_convergence_v1_N016384_dt0p1_m034	golovin_fixed50_extended_resolution_convergence_v1	controlled	golovin	16384	0.1	300.0	3600.0	1	34	not_applicable	10351288416987204309	golovin_fixed50_extended_N016384_v1
135	golovin_fixed50_extended_resolution_convergence_v1_N016384_dt0p1_m035	golovin_fixed50_extended_resolution_convergence_v1	controlled	golovin	16384	0.1	300.0	3600.0	1	35	not_applicable	4276565280594451337	golovin_fixed50_extended_N016384_v1
136	golovin_fixed50_extended_resolution_convergence_v1_N016384_dt0p1_m036	golovin_fixed50_extended_resolution_convergence_v1	controlled	golovin	16384	0.1	300.0	3600.0	1	36	not_applicable	7147835816886771728	golovin_fixed50_extended_N016384_v1
137	golovin_fixed50_extended_resolution_convergence_v1_N016384_dt0p1_m037	golovin_fixed50_extended_resolution_convergence_v1	controlled	golovin	16384	0.1	300.0	3600.0	1	37	not_applicable	16164170159161906284	golovin_fixed50_extended_N016384_v1
138	golovin_fixed50_extended_resolution_convergence_v1_N016384_dt0p1_m038	golovin_fixed50_extended_resolution_convergence_v1	controlled	golovin	16384	0.1	300.0	3600.0	1	38	not_applicable	10443987473183593652	golovin_fixed50_extended_N016384_v1
139	golovin_fixed50_extended_resolution_convergence_v1_N016384_dt0p1_m039	golovin_fixed50_extended_resolution_convergence_v1	controlled	golovin	16384	0.1	300.0	3600.0	1	39	not_applicable	11793363558861147899	golovin_fixed50_extended_N016384_v1
140	golovin_fixed50_extended_resolution_convergence_v1_N016384_dt0p1_m040	golovin_fixed50_extended_resolution_convergence_v1	controlled	golovin	16384	0.1	300.0	3600.0	1	40	not_applicable	7636296350170990075	golovin_fixed50_extended_N016384_v1
141	golovin_fixed50_extended_resolution_convergence_v1_N016384_dt0p1_m041	golovin_fixed50_extended_resolution_convergence_v1	controlled	golovin	16384	0.1	300.0	3600.0	1	41	not_applicable	1910612115751693335	golovin_fixed50_extended_N016384_v1
142	golovin_fixed50_extended_resolution_convergence_v1_N016384_dt0p1_m042	golovin_fixed50_extended_resolution_convergence_v1	controlled	golovin	16384	0.1	300.0	3600.0	1	42	not_applicable	10162724522529845572	golovin_fixed50_extended_N016384_v1
143	golovin_fixed50_extended_resolution_convergence_v1_N016384_dt0p1_m043	golovin_fixed50_extended_resolution_convergence_v1	controlled	golovin	16384	0.1	300.0	3600.0	1	43	not_applicable	3572382643034017293	golovin_fixed50_extended_N016384_v1
144	golovin_fixed50_extended_resolution_convergence_v1_N016384_dt0p1_m044	golovin_fixed50_extended_resolution_convergence_v1	controlled	golovin	16384	0.1	300.0	3600.0	1	44	not_applicable	6464213274583190244	golovin_fixed50_extended_N016384_v1
145	golovin_fixed50_extended_resolution_convergence_v1_N016384_dt0p1_m045	golovin_fixed50_extended_resolution_convergence_v1	controlled	golovin	16384	0.1	300.0	3600.0	1	45	not_applicable	14353689221330772116	golovin_fixed50_extended_N016384_v1
146	golovin_fixed50_extended_resolution_convergence_v1_N016384_dt0p1_m046	golovin_fixed50_extended_resolution_convergence_v1	controlled	golovin	16384	0.1	300.0	3600.0	1	46	not_applicable	6163779422628044522	golovin_fixed50_extended_N016384_v1
147	golovin_fixed50_extended_resolution_convergence_v1_N016384_dt0p1_m047	golovin_fixed50_extended_resolution_convergence_v1	controlled	golovin	16384	0.1	300.0	3600.0	1	47	not_applicable	1036610575236468255	golovin_fixed50_extended_N016384_v1
148	golovin_fixed50_extended_resolution_convergence_v1_N016384_dt0p1_m048	golovin_fixed50_extended_resolution_convergence_v1	controlled	golovin	16384	0.1	300.0	3600.0	1	48	not_applicable	12015777411698200319	golovin_fixed50_extended_N016384_v1
149	golovin_fixed50_extended_resolution_convergence_v1_N016384_dt0p1_m049	golovin_fixed50_extended_resolution_convergence_v1	controlled	golovin	16384	0.1	300.0	3600.0	1	49	not_applicable	14265451781758248183	golovin_fixed50_extended_N016384_v1
150	golovin_fixed50_extended_resolution_convergence_v1_N032768_dt0p1_m000	golovin_fixed50_extended_resolution_convergence_v1	controlled	golovin	32768	0.1	300.0	3600.0	1	0	not_applicable	783719640993638495	golovin_fixed50_extended_N032768_v1
151	golovin_fixed50_extended_resolution_convergence_v1_N032768_dt0p1_m001	golovin_fixed50_extended_resolution_convergence_v1	controlled	golovin	32768	0.1	300.0	3600.0	1	1	not_applicable	4088492435386502471	golovin_fixed50_extended_N032768_v1
152	golovin_fixed50_extended_resolution_convergence_v1_N032768_dt0p1_m002	golovin_fixed50_extended_resolution_convergence_v1	controlled	golovin	32768	0.1	300.0	3600.0	1	2	not_applicable	1716031386765111254	golovin_fixed50_extended_N032768_v1
153	golovin_fixed50_extended_resolution_convergence_v1_N032768_dt0p1_m003	golovin_fixed50_extended_resolution_convergence_v1	controlled	golovin	32768	0.1	300.0	3600.0	1	3	not_applicable	83810456327246945	golovin_fixed50_extended_N032768_v1
154	golovin_fixed50_extended_resolution_convergence_v1_N032768_dt0p1_m004	golovin_fixed50_extended_resolution_convergence_v1	controlled	golovin	32768	0.1	300.0	3600.0	1	4	not_applicable	16752559799013743038	golovin_fixed50_extended_N032768_v1
155	golovin_fixed50_extended_resolution_convergence_v1_N032768_dt0p1_m005	golovin_fixed50_extended_resolution_convergence_v1	controlled	golovin	32768	0.1	300.0	3600.0	1	5	not_applicable	8300107410481405970	golovin_fixed50_extended_N032768_v1
156	golovin_fixed50_extended_resolution_convergence_v1_N032768_dt0p1_m006	golovin_fixed50_extended_resolution_convergence_v1	controlled	golovin	32768	0.1	300.0	3600.0	1	6	not_applicable	10911347556609582359	golovin_fixed50_extended_N032768_v1
157	golovin_fixed50_extended_resolution_convergence_v1_N032768_dt0p1_m007	golovin_fixed50_extended_resolution_convergence_v1	controlled	golovin	32768	0.1	300.0	3600.0	1	7	not_applicable	3554237785139771727	golovin_fixed50_extended_N032768_v1
158	golovin_fixed50_extended_resolution_convergence_v1_N032768_dt0p1_m008	golovin_fixed50_extended_resolution_convergence_v1	controlled	golovin	32768	0.1	300.0	3600.0	1	8	not_applicable	4796083547544015492	golovin_fixed50_extended_N032768_v1
159	golovin_fixed50_extended_resolution_convergence_v1_N032768_dt0p1_m009	golovin_fixed50_extended_resolution_convergence_v1	controlled	golovin	32768	0.1	300.0	3600.0	1	9	not_applicable	566254336827433479	golovin_fixed50_extended_N032768_v1
160	golovin_fixed50_extended_resolution_convergence_v1_N032768_dt0p1_m010	golovin_fixed50_extended_resolution_convergence_v1	controlled	golovin	32768	0.1	300.0	3600.0	1	10	not_applicable	14243523380999670466	golovin_fixed50_extended_N032768_v1
161	golovin_fixed50_extended_resolution_convergence_v1_N032768_dt0p1_m011	golovin_fixed50_extended_resolution_convergence_v1	controlled	golovin	32768	0.1	300.0	3600.0	1	11	not_applicable	1684604595077431635	golovin_fixed50_extended_N032768_v1
162	golovin_fixed50_extended_resolution_convergence_v1_N032768_dt0p1_m012	golovin_fixed50_extended_resolution_convergence_v1	controlled	golovin	32768	0.1	300.0	3600.0	1	12	not_applicable	879047121681248571	golovin_fixed50_extended_N032768_v1
163	golovin_fixed50_extended_resolution_convergence_v1_N032768_dt0p1_m013	golovin_fixed50_extended_resolution_convergence_v1	controlled	golovin	32768	0.1	300.0	3600.0	1	13	not_applicable	14182538526324558955	golovin_fixed50_extended_N032768_v1
164	golovin_fixed50_extended_resolution_convergence_v1_N032768_dt0p1_m014	golovin_fixed50_extended_resolution_convergence_v1	controlled	golovin	32768	0.1	300.0	3600.0	1	14	not_applicable	6219179096909226622	golovin_fixed50_extended_N032768_v1
165	golovin_fixed50_extended_resolution_convergence_v1_N032768_dt0p1_m015	golovin_fixed50_extended_resolution_convergence_v1	controlled	golovin	32768	0.1	300.0	3600.0	1	15	not_applicable	9913670812177111011	golovin_fixed50_extended_N032768_v1
166	golovin_fixed50_extended_resolution_convergence_v1_N032768_dt0p1_m016	golovin_fixed50_extended_resolution_convergence_v1	controlled	golovin	32768	0.1	300.0	3600.0	1	16	not_applicable	5007223643987432322	golovin_fixed50_extended_N032768_v1
167	golovin_fixed50_extended_resolution_convergence_v1_N032768_dt0p1_m017	golovin_fixed50_extended_resolution_convergence_v1	controlled	golovin	32768	0.1	300.0	3600.0	1	17	not_applicable	7138006146177072147	golovin_fixed50_extended_N032768_v1
168	golovin_fixed50_extended_resolution_convergence_v1_N032768_dt0p1_m018	golovin_fixed50_extended_resolution_convergence_v1	controlled	golovin	32768	0.1	300.0	3600.0	1	18	not_applicable	14670681443091484090	golovin_fixed50_extended_N032768_v1
169	golovin_fixed50_extended_resolution_convergence_v1_N032768_dt0p1_m019	golovin_fixed50_extended_resolution_convergence_v1	controlled	golovin	32768	0.1	300.0	3600.0	1	19	not_applicable	9729146777976855886	golovin_fixed50_extended_N032768_v1
170	golovin_fixed50_extended_resolution_convergence_v1_N032768_dt0p1_m020	golovin_fixed50_extended_resolution_convergence_v1	controlled	golovin	32768	0.1	300.0	3600.0	1	20	not_applicable	5627340175584043896	golovin_fixed50_extended_N032768_v1
171	golovin_fixed50_extended_resolution_convergence_v1_N032768_dt0p1_m021	golovin_fixed50_extended_resolution_convergence_v1	controlled	golovin	32768	0.1	300.0	3600.0	1	21	not_applicable	16783202729554538915	golovin_fixed50_extended_N032768_v1
172	golovin_fixed50_extended_resolution_convergence_v1_N032768_dt0p1_m022	golovin_fixed50_extended_resolution_convergence_v1	controlled	golovin	32768	0.1	300.0	3600.0	1	22	not_applicable	18201526532877575072	golovin_fixed50_extended_N032768_v1
173	golovin_fixed50_extended_resolution_convergence_v1_N032768_dt0p1_m023	golovin_fixed50_extended_resolution_convergence_v1	controlled	golovin	32768	0.1	300.0	3600.0	1	23	not_applicable	15414331683813264379	golovin_fixed50_extended_N032768_v1
174	golovin_fixed50_extended_resolution_convergence_v1_N032768_dt0p1_m024	golovin_fixed50_extended_resolution_convergence_v1	controlled	golovin	32768	0.1	300.0	3600.0	1	24	not_applicable	14145053240072128428	golovin_fixed50_extended_N032768_v1
175	golovin_fixed50_extended_resolution_convergence_v1_N032768_dt0p1_m025	golovin_fixed50_extended_resolution_convergence_v1	controlled	golovin	32768	0.1	300.0	3600.0	1	25	not_applicable	956248355486865883	golovin_fixed50_extended_N032768_v1
176	golovin_fixed50_extended_resolution_convergence_v1_N032768_dt0p1_m026	golovin_fixed50_extended_resolution_convergence_v1	controlled	golovin	32768	0.1	300.0	3600.0	1	26	not_applicable	13124272551300491013	golovin_fixed50_extended_N032768_v1
177	golovin_fixed50_extended_resolution_convergence_v1_N032768_dt0p1_m027	golovin_fixed50_extended_resolution_convergence_v1	controlled	golovin	32768	0.1	300.0	3600.0	1	27	not_applicable	17150416825671878290	golovin_fixed50_extended_N032768_v1
178	golovin_fixed50_extended_resolution_convergence_v1_N032768_dt0p1_m028	golovin_fixed50_extended_resolution_convergence_v1	controlled	golovin	32768	0.1	300.0	3600.0	1	28	not_applicable	1408472197599029945	golovin_fixed50_extended_N032768_v1
179	golovin_fixed50_extended_resolution_convergence_v1_N032768_dt0p1_m029	golovin_fixed50_extended_resolution_convergence_v1	controlled	golovin	32768	0.1	300.0	3600.0	1	29	not_applicable	2119209751609191820	golovin_fixed50_extended_N032768_v1
180	golovin_fixed50_extended_resolution_convergence_v1_N032768_dt0p1_m030	golovin_fixed50_extended_resolution_convergence_v1	controlled	golovin	32768	0.1	300.0	3600.0	1	30	not_applicable	110867563839105916	golovin_fixed50_extended_N032768_v1
181	golovin_fixed50_extended_resolution_convergence_v1_N032768_dt0p1_m031	golovin_fixed50_extended_resolution_convergence_v1	controlled	golovin	32768	0.1	300.0	3600.0	1	31	not_applicable	9871009123689056480	golovin_fixed50_extended_N032768_v1
182	golovin_fixed50_extended_resolution_convergence_v1_N032768_dt0p1_m032	golovin_fixed50_extended_resolution_convergence_v1	controlled	golovin	32768	0.1	300.0	3600.0	1	32	not_applicable	2595784432101639450	golovin_fixed50_extended_N032768_v1
183	golovin_fixed50_extended_resolution_convergence_v1_N032768_dt0p1_m033	golovin_fixed50_extended_resolution_convergence_v1	controlled	golovin	32768	0.1	300.0	3600.0	1	33	not_applicable	6102689744184909596	golovin_fixed50_extended_N032768_v1
184	golovin_fixed50_extended_resolution_convergence_v1_N032768_dt0p1_m034	golovin_fixed50_extended_resolution_convergence_v1	controlled	golovin	32768	0.1	300.0	3600.0	1	34	not_applicable	15149153721610523171	golovin_fixed50_extended_N032768_v1
185	golovin_fixed50_extended_resolution_convergence_v1_N032768_dt0p1_m035	golovin_fixed50_extended_resolution_convergence_v1	controlled	golovin	32768	0.1	300.0	3600.0	1	35	not_applicable	16848677581147118069	golovin_fixed50_extended_N032768_v1
186	golovin_fixed50_extended_resolution_convergence_v1_N032768_dt0p1_m036	golovin_fixed50_extended_resolution_convergence_v1	controlled	golovin	32768	0.1	300.0	3600.0	1	36	not_applicable	3657678888855440344	golovin_fixed50_extended_N032768_v1
187	golovin_fixed50_extended_resolution_convergence_v1_N032768_dt0p1_m037	golovin_fixed50_extended_resolution_convergence_v1	controlled	golovin	32768	0.1	300.0	3600.0	1	37	not_applicable	5256863954287438616	golovin_fixed50_extended_N032768_v1
188	golovin_fixed50_extended_resolution_convergence_v1_N032768_dt0p1_m038	golovin_fixed50_extended_resolution_convergence_v1	controlled	golovin	32768	0.1	300.0	3600.0	1	38	not_applicable	3656781537476878586	golovin_fixed50_extended_N032768_v1
189	golovin_fixed50_extended_resolution_convergence_v1_N032768_dt0p1_m039	golovin_fixed50_extended_resolution_convergence_v1	controlled	golovin	32768	0.1	300.0	3600.0	1	39	not_applicable	8778763233334988908	golovin_fixed50_extended_N032768_v1
190	golovin_fixed50_extended_resolution_convergence_v1_N032768_dt0p1_m040	golovin_fixed50_extended_resolution_convergence_v1	controlled	golovin	32768	0.1	300.0	3600.0	1	40	not_applicable	16458203813214780330	golovin_fixed50_extended_N032768_v1
191	golovin_fixed50_extended_resolution_convergence_v1_N032768_dt0p1_m041	golovin_fixed50_extended_resolution_convergence_v1	controlled	golovin	32768	0.1	300.0	3600.0	1	41	not_applicable	16552338794340497	golovin_fixed50_extended_N032768_v1
192	golovin_fixed50_extended_resolution_convergence_v1_N032768_dt0p1_m042	golovin_fixed50_extended_resolution_convergence_v1	controlled	golovin	32768	0.1	300.0	3600.0	1	42	not_applicable	4352390560987396449	golovin_fixed50_extended_N032768_v1
193	golovin_fixed50_extended_resolution_convergence_v1_N032768_dt0p1_m043	golovin_fixed50_extended_resolution_convergence_v1	controlled	golovin	32768	0.1	300.0	3600.0	1	43	not_applicable	15594864009023594085	golovin_fixed50_extended_N032768_v1
194	golovin_fixed50_extended_resolution_convergence_v1_N032768_dt0p1_m044	golovin_fixed50_extended_resolution_convergence_v1	controlled	golovin	32768	0.1	300.0	3600.0	1	44	not_applicable	15817443634491142670	golovin_fixed50_extended_N032768_v1
195	golovin_fixed50_extended_resolution_convergence_v1_N032768_dt0p1_m045	golovin_fixed50_extended_resolution_convergence_v1	controlled	golovin	32768	0.1	300.0	3600.0	1	45	not_applicable	16259599289772737666	golovin_fixed50_extended_N032768_v1
196	golovin_fixed50_extended_resolution_convergence_v1_N032768_dt0p1_m046	golovin_fixed50_extended_resolution_convergence_v1	controlled	golovin	32768	0.1	300.0	3600.0	1	46	not_applicable	3277850692117362973	golovin_fixed50_extended_N032768_v1
197	golovin_fixed50_extended_resolution_convergence_v1_N032768_dt0p1_m047	golovin_fixed50_extended_resolution_convergence_v1	controlled	golovin	32768	0.1	300.0	3600.0	1	47	not_applicable	17971752108792472684	golovin_fixed50_extended_N032768_v1
198	golovin_fixed50_extended_resolution_convergence_v1_N032768_dt0p1_m048	golovin_fixed50_extended_resolution_convergence_v1	controlled	golovin	32768	0.1	300.0	3600.0	1	48	not_applicable	14275610231703258113	golovin_fixed50_extended_N032768_v1
199	golovin_fixed50_extended_resolution_convergence_v1_N032768_dt0p1_m049	golovin_fixed50_extended_resolution_convergence_v1	controlled	golovin	32768	0.1	300.0	3600.0	1	49	not_applicable	16233209513538560320	golovin_fixed50_extended_N032768_v1
200	golovin_fixed50_extended_resolution_convergence_v1_N065536_dt0p1_m000	golovin_fixed50_extended_resolution_convergence_v1	controlled	golovin	65536	0.1	300.0	3600.0	1	0	not_applicable	3130450209232787094	golovin_fixed50_extended_N065536_v1
201	golovin_fixed50_extended_resolution_convergence_v1_N065536_dt0p1_m001	golovin_fixed50_extended_resolution_convergence_v1	controlled	golovin	65536	0.1	300.0	3600.0	1	1	not_applicable	5601304761797734375	golovin_fixed50_extended_N065536_v1
202	golovin_fixed50_extended_resolution_convergence_v1_N065536_dt0p1_m002	golovin_fixed50_extended_resolution_convergence_v1	controlled	golovin	65536	0.1	300.0	3600.0	1	2	not_applicable	16258159192934723794	golovin_fixed50_extended_N065536_v1
203	golovin_fixed50_extended_resolution_convergence_v1_N065536_dt0p1_m003	golovin_fixed50_extended_resolution_convergence_v1	controlled	golovin	65536	0.1	300.0	3600.0	1	3	not_applicable	3668380921707313393	golovin_fixed50_extended_N065536_v1
204	golovin_fixed50_extended_resolution_convergence_v1_N065536_dt0p1_m004	golovin_fixed50_extended_resolution_convergence_v1	controlled	golovin	65536	0.1	300.0	3600.0	1	4	not_applicable	3671428882071230523	golovin_fixed50_extended_N065536_v1
205	golovin_fixed50_extended_resolution_convergence_v1_N065536_dt0p1_m005	golovin_fixed50_extended_resolution_convergence_v1	controlled	golovin	65536	0.1	300.0	3600.0	1	5	not_applicable	16941028236001822181	golovin_fixed50_extended_N065536_v1
206	golovin_fixed50_extended_resolution_convergence_v1_N065536_dt0p1_m006	golovin_fixed50_extended_resolution_convergence_v1	controlled	golovin	65536	0.1	300.0	3600.0	1	6	not_applicable	5262236921404725185	golovin_fixed50_extended_N065536_v1
207	golovin_fixed50_extended_resolution_convergence_v1_N065536_dt0p1_m007	golovin_fixed50_extended_resolution_convergence_v1	controlled	golovin	65536	0.1	300.0	3600.0	1	7	not_applicable	8945716612779448643	golovin_fixed50_extended_N065536_v1
208	golovin_fixed50_extended_resolution_convergence_v1_N065536_dt0p1_m008	golovin_fixed50_extended_resolution_convergence_v1	controlled	golovin	65536	0.1	300.0	3600.0	1	8	not_applicable	11366962738242265138	golovin_fixed50_extended_N065536_v1
209	golovin_fixed50_extended_resolution_convergence_v1_N065536_dt0p1_m009	golovin_fixed50_extended_resolution_convergence_v1	controlled	golovin	65536	0.1	300.0	3600.0	1	9	not_applicable	796991909557040467	golovin_fixed50_extended_N065536_v1
210	golovin_fixed50_extended_resolution_convergence_v1_N065536_dt0p1_m010	golovin_fixed50_extended_resolution_convergence_v1	controlled	golovin	65536	0.1	300.0	3600.0	1	10	not_applicable	9501924492171479499	golovin_fixed50_extended_N065536_v1
211	golovin_fixed50_extended_resolution_convergence_v1_N065536_dt0p1_m011	golovin_fixed50_extended_resolution_convergence_v1	controlled	golovin	65536	0.1	300.0	3600.0	1	11	not_applicable	4225312666066826573	golovin_fixed50_extended_N065536_v1
212	golovin_fixed50_extended_resolution_convergence_v1_N065536_dt0p1_m012	golovin_fixed50_extended_resolution_convergence_v1	controlled	golovin	65536	0.1	300.0	3600.0	1	12	not_applicable	13482983334303665194	golovin_fixed50_extended_N065536_v1
213	golovin_fixed50_extended_resolution_convergence_v1_N065536_dt0p1_m013	golovin_fixed50_extended_resolution_convergence_v1	controlled	golovin	65536	0.1	300.0	3600.0	1	13	not_applicable	4280519639366164057	golovin_fixed50_extended_N065536_v1
214	golovin_fixed50_extended_resolution_convergence_v1_N065536_dt0p1_m014	golovin_fixed50_extended_resolution_convergence_v1	controlled	golovin	65536	0.1	300.0	3600.0	1	14	not_applicable	996081067055139792	golovin_fixed50_extended_N065536_v1
215	golovin_fixed50_extended_resolution_convergence_v1_N065536_dt0p1_m015	golovin_fixed50_extended_resolution_convergence_v1	controlled	golovin	65536	0.1	300.0	3600.0	1	15	not_applicable	1787164418361875805	golovin_fixed50_extended_N065536_v1
216	golovin_fixed50_extended_resolution_convergence_v1_N065536_dt0p1_m016	golovin_fixed50_extended_resolution_convergence_v1	controlled	golovin	65536	0.1	300.0	3600.0	1	16	not_applicable	4598034355520654952	golovin_fixed50_extended_N065536_v1
217	golovin_fixed50_extended_resolution_convergence_v1_N065536_dt0p1_m017	golovin_fixed50_extended_resolution_convergence_v1	controlled	golovin	65536	0.1	300.0	3600.0	1	17	not_applicable	15417501578578954435	golovin_fixed50_extended_N065536_v1
218	golovin_fixed50_extended_resolution_convergence_v1_N065536_dt0p1_m018	golovin_fixed50_extended_resolution_convergence_v1	controlled	golovin	65536	0.1	300.0	3600.0	1	18	not_applicable	17233107555756305347	golovin_fixed50_extended_N065536_v1
219	golovin_fixed50_extended_resolution_convergence_v1_N065536_dt0p1_m019	golovin_fixed50_extended_resolution_convergence_v1	controlled	golovin	65536	0.1	300.0	3600.0	1	19	not_applicable	6620138346242612427	golovin_fixed50_extended_N065536_v1
220	golovin_fixed50_extended_resolution_convergence_v1_N065536_dt0p1_m020	golovin_fixed50_extended_resolution_convergence_v1	controlled	golovin	65536	0.1	300.0	3600.0	1	20	not_applicable	4347912288286696042	golovin_fixed50_extended_N065536_v1
221	golovin_fixed50_extended_resolution_convergence_v1_N065536_dt0p1_m021	golovin_fixed50_extended_resolution_convergence_v1	controlled	golovin	65536	0.1	300.0	3600.0	1	21	not_applicable	3350194813590597244	golovin_fixed50_extended_N065536_v1
222	golovin_fixed50_extended_resolution_convergence_v1_N065536_dt0p1_m022	golovin_fixed50_extended_resolution_convergence_v1	controlled	golovin	65536	0.1	300.0	3600.0	1	22	not_applicable	9804301220262853785	golovin_fixed50_extended_N065536_v1
223	golovin_fixed50_extended_resolution_convergence_v1_N065536_dt0p1_m023	golovin_fixed50_extended_resolution_convergence_v1	controlled	golovin	65536	0.1	300.0	3600.0	1	23	not_applicable	8991807450150650823	golovin_fixed50_extended_N065536_v1
224	golovin_fixed50_extended_resolution_convergence_v1_N065536_dt0p1_m024	golovin_fixed50_extended_resolution_convergence_v1	controlled	golovin	65536	0.1	300.0	3600.0	1	24	not_applicable	14912224988468598558	golovin_fixed50_extended_N065536_v1
225	golovin_fixed50_extended_resolution_convergence_v1_N065536_dt0p1_m025	golovin_fixed50_extended_resolution_convergence_v1	controlled	golovin	65536	0.1	300.0	3600.0	1	25	not_applicable	17272637378232316244	golovin_fixed50_extended_N065536_v1
226	golovin_fixed50_extended_resolution_convergence_v1_N065536_dt0p1_m026	golovin_fixed50_extended_resolution_convergence_v1	controlled	golovin	65536	0.1	300.0	3600.0	1	26	not_applicable	18026146322230622196	golovin_fixed50_extended_N065536_v1
227	golovin_fixed50_extended_resolution_convergence_v1_N065536_dt0p1_m027	golovin_fixed50_extended_resolution_convergence_v1	controlled	golovin	65536	0.1	300.0	3600.0	1	27	not_applicable	10588647882856614164	golovin_fixed50_extended_N065536_v1
228	golovin_fixed50_extended_resolution_convergence_v1_N065536_dt0p1_m028	golovin_fixed50_extended_resolution_convergence_v1	controlled	golovin	65536	0.1	300.0	3600.0	1	28	not_applicable	6225164654601029809	golovin_fixed50_extended_N065536_v1
229	golovin_fixed50_extended_resolution_convergence_v1_N065536_dt0p1_m029	golovin_fixed50_extended_resolution_convergence_v1	controlled	golovin	65536	0.1	300.0	3600.0	1	29	not_applicable	12021352796256187604	golovin_fixed50_extended_N065536_v1
230	golovin_fixed50_extended_resolution_convergence_v1_N065536_dt0p1_m030	golovin_fixed50_extended_resolution_convergence_v1	controlled	golovin	65536	0.1	300.0	3600.0	1	30	not_applicable	16705361149179412739	golovin_fixed50_extended_N065536_v1
231	golovin_fixed50_extended_resolution_convergence_v1_N065536_dt0p1_m031	golovin_fixed50_extended_resolution_convergence_v1	controlled	golovin	65536	0.1	300.0	3600.0	1	31	not_applicable	16490939270056795661	golovin_fixed50_extended_N065536_v1
232	golovin_fixed50_extended_resolution_convergence_v1_N065536_dt0p1_m032	golovin_fixed50_extended_resolution_convergence_v1	controlled	golovin	65536	0.1	300.0	3600.0	1	32	not_applicable	14339450741183931783	golovin_fixed50_extended_N065536_v1
233	golovin_fixed50_extended_resolution_convergence_v1_N065536_dt0p1_m033	golovin_fixed50_extended_resolution_convergence_v1	controlled	golovin	65536	0.1	300.0	3600.0	1	33	not_applicable	17698055210941406576	golovin_fixed50_extended_N065536_v1
234	golovin_fixed50_extended_resolution_convergence_v1_N065536_dt0p1_m034	golovin_fixed50_extended_resolution_convergence_v1	controlled	golovin	65536	0.1	300.0	3600.0	1	34	not_applicable	15840613564515207359	golovin_fixed50_extended_N065536_v1
235	golovin_fixed50_extended_resolution_convergence_v1_N065536_dt0p1_m035	golovin_fixed50_extended_resolution_convergence_v1	controlled	golovin	65536	0.1	300.0	3600.0	1	35	not_applicable	6840005886248125362	golovin_fixed50_extended_N065536_v1
236	golovin_fixed50_extended_resolution_convergence_v1_N065536_dt0p1_m036	golovin_fixed50_extended_resolution_convergence_v1	controlled	golovin	65536	0.1	300.0	3600.0	1	36	not_applicable	3950058742162219083	golovin_fixed50_extended_N065536_v1
237	golovin_fixed50_extended_resolution_convergence_v1_N065536_dt0p1_m037	golovin_fixed50_extended_resolution_convergence_v1	controlled	golovin	65536	0.1	300.0	3600.0	1	37	not_applicable	3292616496937374111	golovin_fixed50_extended_N065536_v1
238	golovin_fixed50_extended_resolution_convergence_v1_N065536_dt0p1_m038	golovin_fixed50_extended_resolution_convergence_v1	controlled	golovin	65536	0.1	300.0	3600.0	1	38	not_applicable	4479291998832838166	golovin_fixed50_extended_N065536_v1
239	golovin_fixed50_extended_resolution_convergence_v1_N065536_dt0p1_m039	golovin_fixed50_extended_resolution_convergence_v1	controlled	golovin	65536	0.1	300.0	3600.0	1	39	not_applicable	10786734338530147999	golovin_fixed50_extended_N065536_v1
240	golovin_fixed50_extended_resolution_convergence_v1_N065536_dt0p1_m040	golovin_fixed50_extended_resolution_convergence_v1	controlled	golovin	65536	0.1	300.0	3600.0	1	40	not_applicable	12034775113184519060	golovin_fixed50_extended_N065536_v1
241	golovin_fixed50_extended_resolution_convergence_v1_N065536_dt0p1_m041	golovin_fixed50_extended_resolution_convergence_v1	controlled	golovin	65536	0.1	300.0	3600.0	1	41	not_applicable	1375341455575464515	golovin_fixed50_extended_N065536_v1
242	golovin_fixed50_extended_resolution_convergence_v1_N065536_dt0p1_m042	golovin_fixed50_extended_resolution_convergence_v1	controlled	golovin	65536	0.1	300.0	3600.0	1	42	not_applicable	922904485627526418	golovin_fixed50_extended_N065536_v1
243	golovin_fixed50_extended_resolution_convergence_v1_N065536_dt0p1_m043	golovin_fixed50_extended_resolution_convergence_v1	controlled	golovin	65536	0.1	300.0	3600.0	1	43	not_applicable	542880135742375611	golovin_fixed50_extended_N065536_v1
244	golovin_fixed50_extended_resolution_convergence_v1_N065536_dt0p1_m044	golovin_fixed50_extended_resolution_convergence_v1	controlled	golovin	65536	0.1	300.0	3600.0	1	44	not_applicable	13161398262536957509	golovin_fixed50_extended_N065536_v1
245	golovin_fixed50_extended_resolution_convergence_v1_N065536_dt0p1_m045	golovin_fixed50_extended_resolution_convergence_v1	controlled	golovin	65536	0.1	300.0	3600.0	1	45	not_applicable	1832357462205958364	golovin_fixed50_extended_N065536_v1
246	golovin_fixed50_extended_resolution_convergence_v1_N065536_dt0p1_m046	golovin_fixed50_extended_resolution_convergence_v1	controlled	golovin	65536	0.1	300.0	3600.0	1	46	not_applicable	5109259608772615995	golovin_fixed50_extended_N065536_v1
247	golovin_fixed50_extended_resolution_convergence_v1_N065536_dt0p1_m047	golovin_fixed50_extended_resolution_convergence_v1	controlled	golovin	65536	0.1	300.0	3600.0	1	47	not_applicable	4241127598414198605	golovin_fixed50_extended_N065536_v1
248	golovin_fixed50_extended_resolution_convergence_v1_N065536_dt0p1_m048	golovin_fixed50_extended_resolution_convergence_v1	controlled	golovin	65536	0.1	300.0	3600.0	1	48	not_applicable	14176078851045066019	golovin_fixed50_extended_N065536_v1
249	golovin_fixed50_extended_resolution_convergence_v1_N065536_dt0p1_m049	golovin_fixed50_extended_resolution_convergence_v1	controlled	golovin	65536	0.1	300.0	3600.0	1	49	not_applicable	9229726872098211721	golovin_fixed50_extended_N065536_v1
250	golovin_fixed50_extended_resolution_convergence_v1_N131072_dt0p1_m000	golovin_fixed50_extended_resolution_convergence_v1	controlled	golovin	131072	0.1	300.0	3600.0	1	0	not_applicable	12189675844350781059	golovin_fixed50_extended_N131072_v1
251	golovin_fixed50_extended_resolution_convergence_v1_N131072_dt0p1_m001	golovin_fixed50_extended_resolution_convergence_v1	controlled	golovin	131072	0.1	300.0	3600.0	1	1	not_applicable	2671466148732907538	golovin_fixed50_extended_N131072_v1
252	golovin_fixed50_extended_resolution_convergence_v1_N131072_dt0p1_m002	golovin_fixed50_extended_resolution_convergence_v1	controlled	golovin	131072	0.1	300.0	3600.0	1	2	not_applicable	9223000074962463407	golovin_fixed50_extended_N131072_v1
253	golovin_fixed50_extended_resolution_convergence_v1_N131072_dt0p1_m003	golovin_fixed50_extended_resolution_convergence_v1	controlled	golovin	131072	0.1	300.0	3600.0	1	3	not_applicable	14095827374661106991	golovin_fixed50_extended_N131072_v1
254	golovin_fixed50_extended_resolution_convergence_v1_N131072_dt0p1_m004	golovin_fixed50_extended_resolution_convergence_v1	controlled	golovin	131072	0.1	300.0	3600.0	1	4	not_applicable	1449902611169055744	golovin_fixed50_extended_N131072_v1
255	golovin_fixed50_extended_resolution_convergence_v1_N131072_dt0p1_m005	golovin_fixed50_extended_resolution_convergence_v1	controlled	golovin	131072	0.1	300.0	3600.0	1	5	not_applicable	8883127077934015302	golovin_fixed50_extended_N131072_v1
256	golovin_fixed50_extended_resolution_convergence_v1_N131072_dt0p1_m006	golovin_fixed50_extended_resolution_convergence_v1	controlled	golovin	131072	0.1	300.0	3600.0	1	6	not_applicable	8292047584950691141	golovin_fixed50_extended_N131072_v1
257	golovin_fixed50_extended_resolution_convergence_v1_N131072_dt0p1_m007	golovin_fixed50_extended_resolution_convergence_v1	controlled	golovin	131072	0.1	300.0	3600.0	1	7	not_applicable	5979162724731573685	golovin_fixed50_extended_N131072_v1
258	golovin_fixed50_extended_resolution_convergence_v1_N131072_dt0p1_m008	golovin_fixed50_extended_resolution_convergence_v1	controlled	golovin	131072	0.1	300.0	3600.0	1	8	not_applicable	4445092103591124126	golovin_fixed50_extended_N131072_v1
259	golovin_fixed50_extended_resolution_convergence_v1_N131072_dt0p1_m009	golovin_fixed50_extended_resolution_convergence_v1	controlled	golovin	131072	0.1	300.0	3600.0	1	9	not_applicable	4776490002980327979	golovin_fixed50_extended_N131072_v1
260	golovin_fixed50_extended_resolution_convergence_v1_N131072_dt0p1_m010	golovin_fixed50_extended_resolution_convergence_v1	controlled	golovin	131072	0.1	300.0	3600.0	1	10	not_applicable	16036852859744905314	golovin_fixed50_extended_N131072_v1
261	golovin_fixed50_extended_resolution_convergence_v1_N131072_dt0p1_m011	golovin_fixed50_extended_resolution_convergence_v1	controlled	golovin	131072	0.1	300.0	3600.0	1	11	not_applicable	10863959289265909749	golovin_fixed50_extended_N131072_v1
262	golovin_fixed50_extended_resolution_convergence_v1_N131072_dt0p1_m012	golovin_fixed50_extended_resolution_convergence_v1	controlled	golovin	131072	0.1	300.0	3600.0	1	12	not_applicable	18373127231548593750	golovin_fixed50_extended_N131072_v1
263	golovin_fixed50_extended_resolution_convergence_v1_N131072_dt0p1_m013	golovin_fixed50_extended_resolution_convergence_v1	controlled	golovin	131072	0.1	300.0	3600.0	1	13	not_applicable	3606136805968713539	golovin_fixed50_extended_N131072_v1
264	golovin_fixed50_extended_resolution_convergence_v1_N131072_dt0p1_m014	golovin_fixed50_extended_resolution_convergence_v1	controlled	golovin	131072	0.1	300.0	3600.0	1	14	not_applicable	13017947259033345343	golovin_fixed50_extended_N131072_v1
265	golovin_fixed50_extended_resolution_convergence_v1_N131072_dt0p1_m015	golovin_fixed50_extended_resolution_convergence_v1	controlled	golovin	131072	0.1	300.0	3600.0	1	15	not_applicable	8865116082735552054	golovin_fixed50_extended_N131072_v1
266	golovin_fixed50_extended_resolution_convergence_v1_N131072_dt0p1_m016	golovin_fixed50_extended_resolution_convergence_v1	controlled	golovin	131072	0.1	300.0	3600.0	1	16	not_applicable	1108862520808423339	golovin_fixed50_extended_N131072_v1
267	golovin_fixed50_extended_resolution_convergence_v1_N131072_dt0p1_m017	golovin_fixed50_extended_resolution_convergence_v1	controlled	golovin	131072	0.1	300.0	3600.0	1	17	not_applicable	6942295587758425524	golovin_fixed50_extended_N131072_v1
268	golovin_fixed50_extended_resolution_convergence_v1_N131072_dt0p1_m018	golovin_fixed50_extended_resolution_convergence_v1	controlled	golovin	131072	0.1	300.0	3600.0	1	18	not_applicable	17975081209679245462	golovin_fixed50_extended_N131072_v1
269	golovin_fixed50_extended_resolution_convergence_v1_N131072_dt0p1_m019	golovin_fixed50_extended_resolution_convergence_v1	controlled	golovin	131072	0.1	300.0	3600.0	1	19	not_applicable	1506176421385098584	golovin_fixed50_extended_N131072_v1
270	golovin_fixed50_extended_resolution_convergence_v1_N131072_dt0p1_m020	golovin_fixed50_extended_resolution_convergence_v1	controlled	golovin	131072	0.1	300.0	3600.0	1	20	not_applicable	16117612894892859041	golovin_fixed50_extended_N131072_v1
271	golovin_fixed50_extended_resolution_convergence_v1_N131072_dt0p1_m021	golovin_fixed50_extended_resolution_convergence_v1	controlled	golovin	131072	0.1	300.0	3600.0	1	21	not_applicable	16746495567727206965	golovin_fixed50_extended_N131072_v1
272	golovin_fixed50_extended_resolution_convergence_v1_N131072_dt0p1_m022	golovin_fixed50_extended_resolution_convergence_v1	controlled	golovin	131072	0.1	300.0	3600.0	1	22	not_applicable	12743490581799873313	golovin_fixed50_extended_N131072_v1
273	golovin_fixed50_extended_resolution_convergence_v1_N131072_dt0p1_m023	golovin_fixed50_extended_resolution_convergence_v1	controlled	golovin	131072	0.1	300.0	3600.0	1	23	not_applicable	5627889914011904696	golovin_fixed50_extended_N131072_v1
274	golovin_fixed50_extended_resolution_convergence_v1_N131072_dt0p1_m024	golovin_fixed50_extended_resolution_convergence_v1	controlled	golovin	131072	0.1	300.0	3600.0	1	24	not_applicable	6815234496498708228	golovin_fixed50_extended_N131072_v1
275	golovin_fixed50_extended_resolution_convergence_v1_N131072_dt0p1_m025	golovin_fixed50_extended_resolution_convergence_v1	controlled	golovin	131072	0.1	300.0	3600.0	1	25	not_applicable	4024522262020100039	golovin_fixed50_extended_N131072_v1
276	golovin_fixed50_extended_resolution_convergence_v1_N131072_dt0p1_m026	golovin_fixed50_extended_resolution_convergence_v1	controlled	golovin	131072	0.1	300.0	3600.0	1	26	not_applicable	11729146005542541866	golovin_fixed50_extended_N131072_v1
277	golovin_fixed50_extended_resolution_convergence_v1_N131072_dt0p1_m027	golovin_fixed50_extended_resolution_convergence_v1	controlled	golovin	131072	0.1	300.0	3600.0	1	27	not_applicable	10102922036235004458	golovin_fixed50_extended_N131072_v1
278	golovin_fixed50_extended_resolution_convergence_v1_N131072_dt0p1_m028	golovin_fixed50_extended_resolution_convergence_v1	controlled	golovin	131072	0.1	300.0	3600.0	1	28	not_applicable	10958261785126661494	golovin_fixed50_extended_N131072_v1
279	golovin_fixed50_extended_resolution_convergence_v1_N131072_dt0p1_m029	golovin_fixed50_extended_resolution_convergence_v1	controlled	golovin	131072	0.1	300.0	3600.0	1	29	not_applicable	16898114261215185143	golovin_fixed50_extended_N131072_v1
280	golovin_fixed50_extended_resolution_convergence_v1_N131072_dt0p1_m030	golovin_fixed50_extended_resolution_convergence_v1	controlled	golovin	131072	0.1	300.0	3600.0	1	30	not_applicable	14801180331562547106	golovin_fixed50_extended_N131072_v1
281	golovin_fixed50_extended_resolution_convergence_v1_N131072_dt0p1_m031	golovin_fixed50_extended_resolution_convergence_v1	controlled	golovin	131072	0.1	300.0	3600.0	1	31	not_applicable	11238109350757500236	golovin_fixed50_extended_N131072_v1
282	golovin_fixed50_extended_resolution_convergence_v1_N131072_dt0p1_m032	golovin_fixed50_extended_resolution_convergence_v1	controlled	golovin	131072	0.1	300.0	3600.0	1	32	not_applicable	12070405449872008880	golovin_fixed50_extended_N131072_v1
283	golovin_fixed50_extended_resolution_convergence_v1_N131072_dt0p1_m033	golovin_fixed50_extended_resolution_convergence_v1	controlled	golovin	131072	0.1	300.0	3600.0	1	33	not_applicable	11966171135861486585	golovin_fixed50_extended_N131072_v1
284	golovin_fixed50_extended_resolution_convergence_v1_N131072_dt0p1_m034	golovin_fixed50_extended_resolution_convergence_v1	controlled	golovin	131072	0.1	300.0	3600.0	1	34	not_applicable	3878364013266557393	golovin_fixed50_extended_N131072_v1
285	golovin_fixed50_extended_resolution_convergence_v1_N131072_dt0p1_m035	golovin_fixed50_extended_resolution_convergence_v1	controlled	golovin	131072	0.1	300.0	3600.0	1	35	not_applicable	18358153231307725849	golovin_fixed50_extended_N131072_v1
286	golovin_fixed50_extended_resolution_convergence_v1_N131072_dt0p1_m036	golovin_fixed50_extended_resolution_convergence_v1	controlled	golovin	131072	0.1	300.0	3600.0	1	36	not_applicable	14158127512461695052	golovin_fixed50_extended_N131072_v1
287	golovin_fixed50_extended_resolution_convergence_v1_N131072_dt0p1_m037	golovin_fixed50_extended_resolution_convergence_v1	controlled	golovin	131072	0.1	300.0	3600.0	1	37	not_applicable	17457655518378592935	golovin_fixed50_extended_N131072_v1
288	golovin_fixed50_extended_resolution_convergence_v1_N131072_dt0p1_m038	golovin_fixed50_extended_resolution_convergence_v1	controlled	golovin	131072	0.1	300.0	3600.0	1	38	not_applicable	10391331811560662891	golovin_fixed50_extended_N131072_v1
289	golovin_fixed50_extended_resolution_convergence_v1_N131072_dt0p1_m039	golovin_fixed50_extended_resolution_convergence_v1	controlled	golovin	131072	0.1	300.0	3600.0	1	39	not_applicable	9428120237217502653	golovin_fixed50_extended_N131072_v1
290	golovin_fixed50_extended_resolution_convergence_v1_N131072_dt0p1_m040	golovin_fixed50_extended_resolution_convergence_v1	controlled	golovin	131072	0.1	300.0	3600.0	1	40	not_applicable	5592676361668245744	golovin_fixed50_extended_N131072_v1
291	golovin_fixed50_extended_resolution_convergence_v1_N131072_dt0p1_m041	golovin_fixed50_extended_resolution_convergence_v1	controlled	golovin	131072	0.1	300.0	3600.0	1	41	not_applicable	7650143062435407563	golovin_fixed50_extended_N131072_v1
292	golovin_fixed50_extended_resolution_convergence_v1_N131072_dt0p1_m042	golovin_fixed50_extended_resolution_convergence_v1	controlled	golovin	131072	0.1	300.0	3600.0	1	42	not_applicable	5254461301676984863	golovin_fixed50_extended_N131072_v1
293	golovin_fixed50_extended_resolution_convergence_v1_N131072_dt0p1_m043	golovin_fixed50_extended_resolution_convergence_v1	controlled	golovin	131072	0.1	300.0	3600.0	1	43	not_applicable	5339229029245283054	golovin_fixed50_extended_N131072_v1
294	golovin_fixed50_extended_resolution_convergence_v1_N131072_dt0p1_m044	golovin_fixed50_extended_resolution_convergence_v1	controlled	golovin	131072	0.1	300.0	3600.0	1	44	not_applicable	13026991262062873511	golovin_fixed50_extended_N131072_v1
295	golovin_fixed50_extended_resolution_convergence_v1_N131072_dt0p1_m045	golovin_fixed50_extended_resolution_convergence_v1	controlled	golovin	131072	0.1	300.0	3600.0	1	45	not_applicable	351201313130629779	golovin_fixed50_extended_N131072_v1
296	golovin_fixed50_extended_resolution_convergence_v1_N131072_dt0p1_m046	golovin_fixed50_extended_resolution_convergence_v1	controlled	golovin	131072	0.1	300.0	3600.0	1	46	not_applicable	8571675349278488432	golovin_fixed50_extended_N131072_v1
297	golovin_fixed50_extended_resolution_convergence_v1_N131072_dt0p1_m047	golovin_fixed50_extended_resolution_convergence_v1	controlled	golovin	131072	0.1	300.0	3600.0	1	47	not_applicable	11783815489798244859	golovin_fixed50_extended_N131072_v1
298	golovin_fixed50_extended_resolution_convergence_v1_N131072_dt0p1_m048	golovin_fixed50_extended_resolution_convergence_v1	controlled	golovin	131072	0.1	300.0	3600.0	1	48	not_applicable	11858828908512827423	golovin_fixed50_extended_N131072_v1
299	golovin_fixed50_extended_resolution_convergence_v1_N131072_dt0p1_m049	golovin_fixed50_extended_resolution_convergence_v1	controlled	golovin	131072	0.1	300.0	3600.0	1	49	not_applicable	8907335050756477058	golovin_fixed50_extended_N131072_v1
300	golovin_fixed50_extended_resolution_convergence_v1_N262144_dt0p1_m000	golovin_fixed50_extended_resolution_convergence_v1	controlled	golovin	262144	0.1	300.0	3600.0	1	0	not_applicable	5591278692765831949	golovin_fixed50_extended_N262144_v1
301	golovin_fixed50_extended_resolution_convergence_v1_N262144_dt0p1_m001	golovin_fixed50_extended_resolution_convergence_v1	controlled	golovin	262144	0.1	300.0	3600.0	1	1	not_applicable	13017081286885925571	golovin_fixed50_extended_N262144_v1
302	golovin_fixed50_extended_resolution_convergence_v1_N262144_dt0p1_m002	golovin_fixed50_extended_resolution_convergence_v1	controlled	golovin	262144	0.1	300.0	3600.0	1	2	not_applicable	272126711292039104	golovin_fixed50_extended_N262144_v1
303	golovin_fixed50_extended_resolution_convergence_v1_N262144_dt0p1_m003	golovin_fixed50_extended_resolution_convergence_v1	controlled	golovin	262144	0.1	300.0	3600.0	1	3	not_applicable	13152442823664181957	golovin_fixed50_extended_N262144_v1
304	golovin_fixed50_extended_resolution_convergence_v1_N262144_dt0p1_m004	golovin_fixed50_extended_resolution_convergence_v1	controlled	golovin	262144	0.1	300.0	3600.0	1	4	not_applicable	17662801029897547938	golovin_fixed50_extended_N262144_v1
305	golovin_fixed50_extended_resolution_convergence_v1_N262144_dt0p1_m005	golovin_fixed50_extended_resolution_convergence_v1	controlled	golovin	262144	0.1	300.0	3600.0	1	5	not_applicable	5040283524778812581	golovin_fixed50_extended_N262144_v1
306	golovin_fixed50_extended_resolution_convergence_v1_N262144_dt0p1_m006	golovin_fixed50_extended_resolution_convergence_v1	controlled	golovin	262144	0.1	300.0	3600.0	1	6	not_applicable	3441542755134819449	golovin_fixed50_extended_N262144_v1
307	golovin_fixed50_extended_resolution_convergence_v1_N262144_dt0p1_m007	golovin_fixed50_extended_resolution_convergence_v1	controlled	golovin	262144	0.1	300.0	3600.0	1	7	not_applicable	15367658163413211471	golovin_fixed50_extended_N262144_v1
308	golovin_fixed50_extended_resolution_convergence_v1_N262144_dt0p1_m008	golovin_fixed50_extended_resolution_convergence_v1	controlled	golovin	262144	0.1	300.0	3600.0	1	8	not_applicable	1871312966347647571	golovin_fixed50_extended_N262144_v1
309	golovin_fixed50_extended_resolution_convergence_v1_N262144_dt0p1_m009	golovin_fixed50_extended_resolution_convergence_v1	controlled	golovin	262144	0.1	300.0	3600.0	1	9	not_applicable	13607697403369123976	golovin_fixed50_extended_N262144_v1
310	golovin_fixed50_extended_resolution_convergence_v1_N262144_dt0p1_m010	golovin_fixed50_extended_resolution_convergence_v1	controlled	golovin	262144	0.1	300.0	3600.0	1	10	not_applicable	10808719402106699723	golovin_fixed50_extended_N262144_v1
311	golovin_fixed50_extended_resolution_convergence_v1_N262144_dt0p1_m011	golovin_fixed50_extended_resolution_convergence_v1	controlled	golovin	262144	0.1	300.0	3600.0	1	11	not_applicable	404140738634894490	golovin_fixed50_extended_N262144_v1
312	golovin_fixed50_extended_resolution_convergence_v1_N262144_dt0p1_m012	golovin_fixed50_extended_resolution_convergence_v1	controlled	golovin	262144	0.1	300.0	3600.0	1	12	not_applicable	2421226087050317676	golovin_fixed50_extended_N262144_v1
313	golovin_fixed50_extended_resolution_convergence_v1_N262144_dt0p1_m013	golovin_fixed50_extended_resolution_convergence_v1	controlled	golovin	262144	0.1	300.0	3600.0	1	13	not_applicable	4931990683570528042	golovin_fixed50_extended_N262144_v1
314	golovin_fixed50_extended_resolution_convergence_v1_N262144_dt0p1_m014	golovin_fixed50_extended_resolution_convergence_v1	controlled	golovin	262144	0.1	300.0	3600.0	1	14	not_applicable	4791590488979124910	golovin_fixed50_extended_N262144_v1
315	golovin_fixed50_extended_resolution_convergence_v1_N262144_dt0p1_m015	golovin_fixed50_extended_resolution_convergence_v1	controlled	golovin	262144	0.1	300.0	3600.0	1	15	not_applicable	2531854089944883272	golovin_fixed50_extended_N262144_v1
316	golovin_fixed50_extended_resolution_convergence_v1_N262144_dt0p1_m016	golovin_fixed50_extended_resolution_convergence_v1	controlled	golovin	262144	0.1	300.0	3600.0	1	16	not_applicable	6760940469197726071	golovin_fixed50_extended_N262144_v1
317	golovin_fixed50_extended_resolution_convergence_v1_N262144_dt0p1_m017	golovin_fixed50_extended_resolution_convergence_v1	controlled	golovin	262144	0.1	300.0	3600.0	1	17	not_applicable	12191880625134477129	golovin_fixed50_extended_N262144_v1
318	golovin_fixed50_extended_resolution_convergence_v1_N262144_dt0p1_m018	golovin_fixed50_extended_resolution_convergence_v1	controlled	golovin	262144	0.1	300.0	3600.0	1	18	not_applicable	4330481918836509307	golovin_fixed50_extended_N262144_v1
319	golovin_fixed50_extended_resolution_convergence_v1_N262144_dt0p1_m019	golovin_fixed50_extended_resolution_convergence_v1	controlled	golovin	262144	0.1	300.0	3600.0	1	19	not_applicable	17502144403672792820	golovin_fixed50_extended_N262144_v1
320	golovin_fixed50_extended_resolution_convergence_v1_N262144_dt0p1_m020	golovin_fixed50_extended_resolution_convergence_v1	controlled	golovin	262144	0.1	300.0	3600.0	1	20	not_applicable	3318031013524670807	golovin_fixed50_extended_N262144_v1
321	golovin_fixed50_extended_resolution_convergence_v1_N262144_dt0p1_m021	golovin_fixed50_extended_resolution_convergence_v1	controlled	golovin	262144	0.1	300.0	3600.0	1	21	not_applicable	1571099361552027075	golovin_fixed50_extended_N262144_v1
322	golovin_fixed50_extended_resolution_convergence_v1_N262144_dt0p1_m022	golovin_fixed50_extended_resolution_convergence_v1	controlled	golovin	262144	0.1	300.0	3600.0	1	22	not_applicable	10489511885006599344	golovin_fixed50_extended_N262144_v1
323	golovin_fixed50_extended_resolution_convergence_v1_N262144_dt0p1_m023	golovin_fixed50_extended_resolution_convergence_v1	controlled	golovin	262144	0.1	300.0	3600.0	1	23	not_applicable	13782884976707421512	golovin_fixed50_extended_N262144_v1
324	golovin_fixed50_extended_resolution_convergence_v1_N262144_dt0p1_m024	golovin_fixed50_extended_resolution_convergence_v1	controlled	golovin	262144	0.1	300.0	3600.0	1	24	not_applicable	14668729244262825739	golovin_fixed50_extended_N262144_v1
325	golovin_fixed50_extended_resolution_convergence_v1_N262144_dt0p1_m025	golovin_fixed50_extended_resolution_convergence_v1	controlled	golovin	262144	0.1	300.0	3600.0	1	25	not_applicable	636925598791868270	golovin_fixed50_extended_N262144_v1
326	golovin_fixed50_extended_resolution_convergence_v1_N262144_dt0p1_m026	golovin_fixed50_extended_resolution_convergence_v1	controlled	golovin	262144	0.1	300.0	3600.0	1	26	not_applicable	4928336498135655914	golovin_fixed50_extended_N262144_v1
327	golovin_fixed50_extended_resolution_convergence_v1_N262144_dt0p1_m027	golovin_fixed50_extended_resolution_convergence_v1	controlled	golovin	262144	0.1	300.0	3600.0	1	27	not_applicable	17842292215158996625	golovin_fixed50_extended_N262144_v1
328	golovin_fixed50_extended_resolution_convergence_v1_N262144_dt0p1_m028	golovin_fixed50_extended_resolution_convergence_v1	controlled	golovin	262144	0.1	300.0	3600.0	1	28	not_applicable	18145023407960494597	golovin_fixed50_extended_N262144_v1
329	golovin_fixed50_extended_resolution_convergence_v1_N262144_dt0p1_m029	golovin_fixed50_extended_resolution_convergence_v1	controlled	golovin	262144	0.1	300.0	3600.0	1	29	not_applicable	4080283418020874622	golovin_fixed50_extended_N262144_v1
330	golovin_fixed50_extended_resolution_convergence_v1_N262144_dt0p1_m030	golovin_fixed50_extended_resolution_convergence_v1	controlled	golovin	262144	0.1	300.0	3600.0	1	30	not_applicable	10319245934310796107	golovin_fixed50_extended_N262144_v1
331	golovin_fixed50_extended_resolution_convergence_v1_N262144_dt0p1_m031	golovin_fixed50_extended_resolution_convergence_v1	controlled	golovin	262144	0.1	300.0	3600.0	1	31	not_applicable	17223790296522930911	golovin_fixed50_extended_N262144_v1
332	golovin_fixed50_extended_resolution_convergence_v1_N262144_dt0p1_m032	golovin_fixed50_extended_resolution_convergence_v1	controlled	golovin	262144	0.1	300.0	3600.0	1	32	not_applicable	16826654469383874608	golovin_fixed50_extended_N262144_v1
333	golovin_fixed50_extended_resolution_convergence_v1_N262144_dt0p1_m033	golovin_fixed50_extended_resolution_convergence_v1	controlled	golovin	262144	0.1	300.0	3600.0	1	33	not_applicable	4356612598512821032	golovin_fixed50_extended_N262144_v1
334	golovin_fixed50_extended_resolution_convergence_v1_N262144_dt0p1_m034	golovin_fixed50_extended_resolution_convergence_v1	controlled	golovin	262144	0.1	300.0	3600.0	1	34	not_applicable	8332383980240918692	golovin_fixed50_extended_N262144_v1
335	golovin_fixed50_extended_resolution_convergence_v1_N262144_dt0p1_m035	golovin_fixed50_extended_resolution_convergence_v1	controlled	golovin	262144	0.1	300.0	3600.0	1	35	not_applicable	12663395747809422107	golovin_fixed50_extended_N262144_v1
336	golovin_fixed50_extended_resolution_convergence_v1_N262144_dt0p1_m036	golovin_fixed50_extended_resolution_convergence_v1	controlled	golovin	262144	0.1	300.0	3600.0	1	36	not_applicable	1525313481256170677	golovin_fixed50_extended_N262144_v1
337	golovin_fixed50_extended_resolution_convergence_v1_N262144_dt0p1_m037	golovin_fixed50_extended_resolution_convergence_v1	controlled	golovin	262144	0.1	300.0	3600.0	1	37	not_applicable	11852631346158412483	golovin_fixed50_extended_N262144_v1
338	golovin_fixed50_extended_resolution_convergence_v1_N262144_dt0p1_m038	golovin_fixed50_extended_resolution_convergence_v1	controlled	golovin	262144	0.1	300.0	3600.0	1	38	not_applicable	2152224541114746368	golovin_fixed50_extended_N262144_v1
339	golovin_fixed50_extended_resolution_convergence_v1_N262144_dt0p1_m039	golovin_fixed50_extended_resolution_convergence_v1	controlled	golovin	262144	0.1	300.0	3600.0	1	39	not_applicable	15234674343821680172	golovin_fixed50_extended_N262144_v1
340	golovin_fixed50_extended_resolution_convergence_v1_N262144_dt0p1_m040	golovin_fixed50_extended_resolution_convergence_v1	controlled	golovin	262144	0.1	300.0	3600.0	1	40	not_applicable	18190887267237980109	golovin_fixed50_extended_N262144_v1
341	golovin_fixed50_extended_resolution_convergence_v1_N262144_dt0p1_m041	golovin_fixed50_extended_resolution_convergence_v1	controlled	golovin	262144	0.1	300.0	3600.0	1	41	not_applicable	14940307653738311330	golovin_fixed50_extended_N262144_v1
342	golovin_fixed50_extended_resolution_convergence_v1_N262144_dt0p1_m042	golovin_fixed50_extended_resolution_convergence_v1	controlled	golovin	262144	0.1	300.0	3600.0	1	42	not_applicable	17761146291064706230	golovin_fixed50_extended_N262144_v1
343	golovin_fixed50_extended_resolution_convergence_v1_N262144_dt0p1_m043	golovin_fixed50_extended_resolution_convergence_v1	controlled	golovin	262144	0.1	300.0	3600.0	1	43	not_applicable	16414662511168706326	golovin_fixed50_extended_N262144_v1
344	golovin_fixed50_extended_resolution_convergence_v1_N262144_dt0p1_m044	golovin_fixed50_extended_resolution_convergence_v1	controlled	golovin	262144	0.1	300.0	3600.0	1	44	not_applicable	12971271561239347643	golovin_fixed50_extended_N262144_v1
345	golovin_fixed50_extended_resolution_convergence_v1_N262144_dt0p1_m045	golovin_fixed50_extended_resolution_convergence_v1	controlled	golovin	262144	0.1	300.0	3600.0	1	45	not_applicable	12630969205317355038	golovin_fixed50_extended_N262144_v1
346	golovin_fixed50_extended_resolution_convergence_v1_N262144_dt0p1_m046	golovin_fixed50_extended_resolution_convergence_v1	controlled	golovin	262144	0.1	300.0	3600.0	1	46	not_applicable	15279681077187700060	golovin_fixed50_extended_N262144_v1
347	golovin_fixed50_extended_resolution_convergence_v1_N262144_dt0p1_m047	golovin_fixed50_extended_resolution_convergence_v1	controlled	golovin	262144	0.1	300.0	3600.0	1	47	not_applicable	4581207798057294971	golovin_fixed50_extended_N262144_v1
348	golovin_fixed50_extended_resolution_convergence_v1_N262144_dt0p1_m048	golovin_fixed50_extended_resolution_convergence_v1	controlled	golovin	262144	0.1	300.0	3600.0	1	48	not_applicable	9642149397398762655	golovin_fixed50_extended_N262144_v1
349	golovin_fixed50_extended_resolution_convergence_v1_N262144_dt0p1_m049	golovin_fixed50_extended_resolution_convergence_v1	controlled	golovin	262144	0.1	300.0	3600.0	1	49	not_applicable	919856780678640343	golovin_fixed50_extended_N262144_v1
350	golovin_fixed50_extended_resolution_convergence_v1_N524288_dt0p1_m000	golovin_fixed50_extended_resolution_convergence_v1	controlled	golovin	524288	0.1	300.0	3600.0	1	0	not_applicable	15520794597756216664	golovin_fixed50_extended_N524288_v1
351	golovin_fixed50_extended_resolution_convergence_v1_N524288_dt0p1_m001	golovin_fixed50_extended_resolution_convergence_v1	controlled	golovin	524288	0.1	300.0	3600.0	1	1	not_applicable	12978066829562768165	golovin_fixed50_extended_N524288_v1
352	golovin_fixed50_extended_resolution_convergence_v1_N524288_dt0p1_m002	golovin_fixed50_extended_resolution_convergence_v1	controlled	golovin	524288	0.1	300.0	3600.0	1	2	not_applicable	11097777122493069143	golovin_fixed50_extended_N524288_v1
353	golovin_fixed50_extended_resolution_convergence_v1_N524288_dt0p1_m003	golovin_fixed50_extended_resolution_convergence_v1	controlled	golovin	524288	0.1	300.0	3600.0	1	3	not_applicable	12327036412686409197	golovin_fixed50_extended_N524288_v1
354	golovin_fixed50_extended_resolution_convergence_v1_N524288_dt0p1_m004	golovin_fixed50_extended_resolution_convergence_v1	controlled	golovin	524288	0.1	300.0	3600.0	1	4	not_applicable	5607454223894056157	golovin_fixed50_extended_N524288_v1
355	golovin_fixed50_extended_resolution_convergence_v1_N524288_dt0p1_m005	golovin_fixed50_extended_resolution_convergence_v1	controlled	golovin	524288	0.1	300.0	3600.0	1	5	not_applicable	14489889360292791524	golovin_fixed50_extended_N524288_v1
356	golovin_fixed50_extended_resolution_convergence_v1_N524288_dt0p1_m006	golovin_fixed50_extended_resolution_convergence_v1	controlled	golovin	524288	0.1	300.0	3600.0	1	6	not_applicable	11772119117651522348	golovin_fixed50_extended_N524288_v1
357	golovin_fixed50_extended_resolution_convergence_v1_N524288_dt0p1_m007	golovin_fixed50_extended_resolution_convergence_v1	controlled	golovin	524288	0.1	300.0	3600.0	1	7	not_applicable	10391425226631582582	golovin_fixed50_extended_N524288_v1
358	golovin_fixed50_extended_resolution_convergence_v1_N524288_dt0p1_m008	golovin_fixed50_extended_resolution_convergence_v1	controlled	golovin	524288	0.1	300.0	3600.0	1	8	not_applicable	15508779741698849246	golovin_fixed50_extended_N524288_v1
359	golovin_fixed50_extended_resolution_convergence_v1_N524288_dt0p1_m009	golovin_fixed50_extended_resolution_convergence_v1	controlled	golovin	524288	0.1	300.0	3600.0	1	9	not_applicable	5129914907496122489	golovin_fixed50_extended_N524288_v1
360	golovin_fixed50_extended_resolution_convergence_v1_N524288_dt0p1_m010	golovin_fixed50_extended_resolution_convergence_v1	controlled	golovin	524288	0.1	300.0	3600.0	1	10	not_applicable	14578687881158368686	golovin_fixed50_extended_N524288_v1
361	golovin_fixed50_extended_resolution_convergence_v1_N524288_dt0p1_m011	golovin_fixed50_extended_resolution_convergence_v1	controlled	golovin	524288	0.1	300.0	3600.0	1	11	not_applicable	5752271913316161397	golovin_fixed50_extended_N524288_v1
362	golovin_fixed50_extended_resolution_convergence_v1_N524288_dt0p1_m012	golovin_fixed50_extended_resolution_convergence_v1	controlled	golovin	524288	0.1	300.0	3600.0	1	12	not_applicable	4750946099112805605	golovin_fixed50_extended_N524288_v1
363	golovin_fixed50_extended_resolution_convergence_v1_N524288_dt0p1_m013	golovin_fixed50_extended_resolution_convergence_v1	controlled	golovin	524288	0.1	300.0	3600.0	1	13	not_applicable	7941391994228390773	golovin_fixed50_extended_N524288_v1
364	golovin_fixed50_extended_resolution_convergence_v1_N524288_dt0p1_m014	golovin_fixed50_extended_resolution_convergence_v1	controlled	golovin	524288	0.1	300.0	3600.0	1	14	not_applicable	14050550701197021075	golovin_fixed50_extended_N524288_v1
365	golovin_fixed50_extended_resolution_convergence_v1_N524288_dt0p1_m015	golovin_fixed50_extended_resolution_convergence_v1	controlled	golovin	524288	0.1	300.0	3600.0	1	15	not_applicable	6565969323765004316	golovin_fixed50_extended_N524288_v1
366	golovin_fixed50_extended_resolution_convergence_v1_N524288_dt0p1_m016	golovin_fixed50_extended_resolution_convergence_v1	controlled	golovin	524288	0.1	300.0	3600.0	1	16	not_applicable	10368559742855536649	golovin_fixed50_extended_N524288_v1
367	golovin_fixed50_extended_resolution_convergence_v1_N524288_dt0p1_m017	golovin_fixed50_extended_resolution_convergence_v1	controlled	golovin	524288	0.1	300.0	3600.0	1	17	not_applicable	3801360260692877341	golovin_fixed50_extended_N524288_v1
368	golovin_fixed50_extended_resolution_convergence_v1_N524288_dt0p1_m018	golovin_fixed50_extended_resolution_convergence_v1	controlled	golovin	524288	0.1	300.0	3600.0	1	18	not_applicable	13611284536712849534	golovin_fixed50_extended_N524288_v1
369	golovin_fixed50_extended_resolution_convergence_v1_N524288_dt0p1_m019	golovin_fixed50_extended_resolution_convergence_v1	controlled	golovin	524288	0.1	300.0	3600.0	1	19	not_applicable	6356659594498304360	golovin_fixed50_extended_N524288_v1
370	golovin_fixed50_extended_resolution_convergence_v1_N524288_dt0p1_m020	golovin_fixed50_extended_resolution_convergence_v1	controlled	golovin	524288	0.1	300.0	3600.0	1	20	not_applicable	3833722094638915201	golovin_fixed50_extended_N524288_v1
371	golovin_fixed50_extended_resolution_convergence_v1_N524288_dt0p1_m021	golovin_fixed50_extended_resolution_convergence_v1	controlled	golovin	524288	0.1	300.0	3600.0	1	21	not_applicable	2871515096651184911	golovin_fixed50_extended_N524288_v1
372	golovin_fixed50_extended_resolution_convergence_v1_N524288_dt0p1_m022	golovin_fixed50_extended_resolution_convergence_v1	controlled	golovin	524288	0.1	300.0	3600.0	1	22	not_applicable	6285698115493561445	golovin_fixed50_extended_N524288_v1
373	golovin_fixed50_extended_resolution_convergence_v1_N524288_dt0p1_m023	golovin_fixed50_extended_resolution_convergence_v1	controlled	golovin	524288	0.1	300.0	3600.0	1	23	not_applicable	289559058827856009	golovin_fixed50_extended_N524288_v1
374	golovin_fixed50_extended_resolution_convergence_v1_N524288_dt0p1_m024	golovin_fixed50_extended_resolution_convergence_v1	controlled	golovin	524288	0.1	300.0	3600.0	1	24	not_applicable	7566260817942332748	golovin_fixed50_extended_N524288_v1
375	golovin_fixed50_extended_resolution_convergence_v1_N524288_dt0p1_m025	golovin_fixed50_extended_resolution_convergence_v1	controlled	golovin	524288	0.1	300.0	3600.0	1	25	not_applicable	7386082604246905508	golovin_fixed50_extended_N524288_v1
376	golovin_fixed50_extended_resolution_convergence_v1_N524288_dt0p1_m026	golovin_fixed50_extended_resolution_convergence_v1	controlled	golovin	524288	0.1	300.0	3600.0	1	26	not_applicable	17316138105589442011	golovin_fixed50_extended_N524288_v1
377	golovin_fixed50_extended_resolution_convergence_v1_N524288_dt0p1_m027	golovin_fixed50_extended_resolution_convergence_v1	controlled	golovin	524288	0.1	300.0	3600.0	1	27	not_applicable	6606987910326216990	golovin_fixed50_extended_N524288_v1
378	golovin_fixed50_extended_resolution_convergence_v1_N524288_dt0p1_m028	golovin_fixed50_extended_resolution_convergence_v1	controlled	golovin	524288	0.1	300.0	3600.0	1	28	not_applicable	271823389452449313	golovin_fixed50_extended_N524288_v1
379	golovin_fixed50_extended_resolution_convergence_v1_N524288_dt0p1_m029	golovin_fixed50_extended_resolution_convergence_v1	controlled	golovin	524288	0.1	300.0	3600.0	1	29	not_applicable	16596603400891723671	golovin_fixed50_extended_N524288_v1
380	golovin_fixed50_extended_resolution_convergence_v1_N524288_dt0p1_m030	golovin_fixed50_extended_resolution_convergence_v1	controlled	golovin	524288	0.1	300.0	3600.0	1	30	not_applicable	6001032625665155475	golovin_fixed50_extended_N524288_v1
381	golovin_fixed50_extended_resolution_convergence_v1_N524288_dt0p1_m031	golovin_fixed50_extended_resolution_convergence_v1	controlled	golovin	524288	0.1	300.0	3600.0	1	31	not_applicable	13164458839575838740	golovin_fixed50_extended_N524288_v1
382	golovin_fixed50_extended_resolution_convergence_v1_N524288_dt0p1_m032	golovin_fixed50_extended_resolution_convergence_v1	controlled	golovin	524288	0.1	300.0	3600.0	1	32	not_applicable	6762946868674533666	golovin_fixed50_extended_N524288_v1
383	golovin_fixed50_extended_resolution_convergence_v1_N524288_dt0p1_m033	golovin_fixed50_extended_resolution_convergence_v1	controlled	golovin	524288	0.1	300.0	3600.0	1	33	not_applicable	6832982612206827114	golovin_fixed50_extended_N524288_v1
384	golovin_fixed50_extended_resolution_convergence_v1_N524288_dt0p1_m034	golovin_fixed50_extended_resolution_convergence_v1	controlled	golovin	524288	0.1	300.0	3600.0	1	34	not_applicable	7382663060285088283	golovin_fixed50_extended_N524288_v1
385	golovin_fixed50_extended_resolution_convergence_v1_N524288_dt0p1_m035	golovin_fixed50_extended_resolution_convergence_v1	controlled	golovin	524288	0.1	300.0	3600.0	1	35	not_applicable	4333035323039426592	golovin_fixed50_extended_N524288_v1
386	golovin_fixed50_extended_resolution_convergence_v1_N524288_dt0p1_m036	golovin_fixed50_extended_resolution_convergence_v1	controlled	golovin	524288	0.1	300.0	3600.0	1	36	not_applicable	4234321655192127882	golovin_fixed50_extended_N524288_v1
387	golovin_fixed50_extended_resolution_convergence_v1_N524288_dt0p1_m037	golovin_fixed50_extended_resolution_convergence_v1	controlled	golovin	524288	0.1	300.0	3600.0	1	37	not_applicable	11889589946418358736	golovin_fixed50_extended_N524288_v1
388	golovin_fixed50_extended_resolution_convergence_v1_N524288_dt0p1_m038	golovin_fixed50_extended_resolution_convergence_v1	controlled	golovin	524288	0.1	300.0	3600.0	1	38	not_applicable	4860934671709779873	golovin_fixed50_extended_N524288_v1
389	golovin_fixed50_extended_resolution_convergence_v1_N524288_dt0p1_m039	golovin_fixed50_extended_resolution_convergence_v1	controlled	golovin	524288	0.1	300.0	3600.0	1	39	not_applicable	10850277372129167857	golovin_fixed50_extended_N524288_v1
390	golovin_fixed50_extended_resolution_convergence_v1_N524288_dt0p1_m040	golovin_fixed50_extended_resolution_convergence_v1	controlled	golovin	524288	0.1	300.0	3600.0	1	40	not_applicable	15941732785722622836	golovin_fixed50_extended_N524288_v1
391	golovin_fixed50_extended_resolution_convergence_v1_N524288_dt0p1_m041	golovin_fixed50_extended_resolution_convergence_v1	controlled	golovin	524288	0.1	300.0	3600.0	1	41	not_applicable	7512756898952616796	golovin_fixed50_extended_N524288_v1
392	golovin_fixed50_extended_resolution_convergence_v1_N524288_dt0p1_m042	golovin_fixed50_extended_resolution_convergence_v1	controlled	golovin	524288	0.1	300.0	3600.0	1	42	not_applicable	18261569595971907841	golovin_fixed50_extended_N524288_v1
393	golovin_fixed50_extended_resolution_convergence_v1_N524288_dt0p1_m043	golovin_fixed50_extended_resolution_convergence_v1	controlled	golovin	524288	0.1	300.0	3600.0	1	43	not_applicable	1546187441119219244	golovin_fixed50_extended_N524288_v1
394	golovin_fixed50_extended_resolution_convergence_v1_N524288_dt0p1_m044	golovin_fixed50_extended_resolution_convergence_v1	controlled	golovin	524288	0.1	300.0	3600.0	1	44	not_applicable	3700898562800853372	golovin_fixed50_extended_N524288_v1
395	golovin_fixed50_extended_resolution_convergence_v1_N524288_dt0p1_m045	golovin_fixed50_extended_resolution_convergence_v1	controlled	golovin	524288	0.1	300.0	3600.0	1	45	not_applicable	17425840200439382184	golovin_fixed50_extended_N524288_v1
396	golovin_fixed50_extended_resolution_convergence_v1_N524288_dt0p1_m046	golovin_fixed50_extended_resolution_convergence_v1	controlled	golovin	524288	0.1	300.0	3600.0	1	46	not_applicable	13774420231497293251	golovin_fixed50_extended_N524288_v1
397	golovin_fixed50_extended_resolution_convergence_v1_N524288_dt0p1_m047	golovin_fixed50_extended_resolution_convergence_v1	controlled	golovin	524288	0.1	300.0	3600.0	1	47	not_applicable	3518144838295368037	golovin_fixed50_extended_N524288_v1
398	golovin_fixed50_extended_resolution_convergence_v1_N524288_dt0p1_m048	golovin_fixed50_extended_resolution_convergence_v1	controlled	golovin	524288	0.1	300.0	3600.0	1	48	not_applicable	795929338179705826	golovin_fixed50_extended_N524288_v1
399	golovin_fixed50_extended_resolution_convergence_v1_N524288_dt0p1_m049	golovin_fixed50_extended_resolution_convergence_v1	controlled	golovin	524288	0.1	300.0	3600.0	1	49	not_applicable	13134003774894387000	golovin_fixed50_extended_N524288_v1
400	golovin_fixed50_extended_resolution_convergence_v1_N1048576_dt0p1_m000	golovin_fixed50_extended_resolution_convergence_v1	controlled	golovin	1048576	0.1	300.0	3600.0	1	0	not_applicable	13910846996858361844	golovin_fixed50_extended_N1048576_v1
401	golovin_fixed50_extended_resolution_convergence_v1_N1048576_dt0p1_m001	golovin_fixed50_extended_resolution_convergence_v1	controlled	golovin	1048576	0.1	300.0	3600.0	1	1	not_applicable	495944160367686182	golovin_fixed50_extended_N1048576_v1
402	golovin_fixed50_extended_resolution_convergence_v1_N1048576_dt0p1_m002	golovin_fixed50_extended_resolution_convergence_v1	controlled	golovin	1048576	0.1	300.0	3600.0	1	2	not_applicable	2690807823890602539	golovin_fixed50_extended_N1048576_v1
403	golovin_fixed50_extended_resolution_convergence_v1_N1048576_dt0p1_m003	golovin_fixed50_extended_resolution_convergence_v1	controlled	golovin	1048576	0.1	300.0	3600.0	1	3	not_applicable	14508966104318419374	golovin_fixed50_extended_N1048576_v1
404	golovin_fixed50_extended_resolution_convergence_v1_N1048576_dt0p1_m004	golovin_fixed50_extended_resolution_convergence_v1	controlled	golovin	1048576	0.1	300.0	3600.0	1	4	not_applicable	6804690699192755028	golovin_fixed50_extended_N1048576_v1
405	golovin_fixed50_extended_resolution_convergence_v1_N1048576_dt0p1_m005	golovin_fixed50_extended_resolution_convergence_v1	controlled	golovin	1048576	0.1	300.0	3600.0	1	5	not_applicable	14126184707268681129	golovin_fixed50_extended_N1048576_v1
406	golovin_fixed50_extended_resolution_convergence_v1_N1048576_dt0p1_m006	golovin_fixed50_extended_resolution_convergence_v1	controlled	golovin	1048576	0.1	300.0	3600.0	1	6	not_applicable	9521280372271374325	golovin_fixed50_extended_N1048576_v1
407	golovin_fixed50_extended_resolution_convergence_v1_N1048576_dt0p1_m007	golovin_fixed50_extended_resolution_convergence_v1	controlled	golovin	1048576	0.1	300.0	3600.0	1	7	not_applicable	10400091062021647071	golovin_fixed50_extended_N1048576_v1
408	golovin_fixed50_extended_resolution_convergence_v1_N1048576_dt0p1_m008	golovin_fixed50_extended_resolution_convergence_v1	controlled	golovin	1048576	0.1	300.0	3600.0	1	8	not_applicable	9966940794071667778	golovin_fixed50_extended_N1048576_v1
409	golovin_fixed50_extended_resolution_convergence_v1_N1048576_dt0p1_m009	golovin_fixed50_extended_resolution_convergence_v1	controlled	golovin	1048576	0.1	300.0	3600.0	1	9	not_applicable	11793694514874667676	golovin_fixed50_extended_N1048576_v1
410	golovin_fixed50_extended_resolution_convergence_v1_N1048576_dt0p1_m010	golovin_fixed50_extended_resolution_convergence_v1	controlled	golovin	1048576	0.1	300.0	3600.0	1	10	not_applicable	17167061187583471698	golovin_fixed50_extended_N1048576_v1
411	golovin_fixed50_extended_resolution_convergence_v1_N1048576_dt0p1_m011	golovin_fixed50_extended_resolution_convergence_v1	controlled	golovin	1048576	0.1	300.0	3600.0	1	11	not_applicable	17560421507550372583	golovin_fixed50_extended_N1048576_v1
412	golovin_fixed50_extended_resolution_convergence_v1_N1048576_dt0p1_m012	golovin_fixed50_extended_resolution_convergence_v1	controlled	golovin	1048576	0.1	300.0	3600.0	1	12	not_applicable	15753054021231631435	golovin_fixed50_extended_N1048576_v1
413	golovin_fixed50_extended_resolution_convergence_v1_N1048576_dt0p1_m013	golovin_fixed50_extended_resolution_convergence_v1	controlled	golovin	1048576	0.1	300.0	3600.0	1	13	not_applicable	5484601699228277891	golovin_fixed50_extended_N1048576_v1
414	golovin_fixed50_extended_resolution_convergence_v1_N1048576_dt0p1_m014	golovin_fixed50_extended_resolution_convergence_v1	controlled	golovin	1048576	0.1	300.0	3600.0	1	14	not_applicable	3431168130640308884	golovin_fixed50_extended_N1048576_v1
415	golovin_fixed50_extended_resolution_convergence_v1_N1048576_dt0p1_m015	golovin_fixed50_extended_resolution_convergence_v1	controlled	golovin	1048576	0.1	300.0	3600.0	1	15	not_applicable	12098976224651857	golovin_fixed50_extended_N1048576_v1
416	golovin_fixed50_extended_resolution_convergence_v1_N1048576_dt0p1_m016	golovin_fixed50_extended_resolution_convergence_v1	controlled	golovin	1048576	0.1	300.0	3600.0	1	16	not_applicable	14235357081470431030	golovin_fixed50_extended_N1048576_v1
417	golovin_fixed50_extended_resolution_convergence_v1_N1048576_dt0p1_m017	golovin_fixed50_extended_resolution_convergence_v1	controlled	golovin	1048576	0.1	300.0	3600.0	1	17	not_applicable	7465342837958269709	golovin_fixed50_extended_N1048576_v1
418	golovin_fixed50_extended_resolution_convergence_v1_N1048576_dt0p1_m018	golovin_fixed50_extended_resolution_convergence_v1	controlled	golovin	1048576	0.1	300.0	3600.0	1	18	not_applicable	10020569865061156873	golovin_fixed50_extended_N1048576_v1
419	golovin_fixed50_extended_resolution_convergence_v1_N1048576_dt0p1_m019	golovin_fixed50_extended_resolution_convergence_v1	controlled	golovin	1048576	0.1	300.0	3600.0	1	19	not_applicable	11682449547349413943	golovin_fixed50_extended_N1048576_v1
420	golovin_fixed50_extended_resolution_convergence_v1_N1048576_dt0p1_m020	golovin_fixed50_extended_resolution_convergence_v1	controlled	golovin	1048576	0.1	300.0	3600.0	1	20	not_applicable	16494935736074536556	golovin_fixed50_extended_N1048576_v1
421	golovin_fixed50_extended_resolution_convergence_v1_N1048576_dt0p1_m021	golovin_fixed50_extended_resolution_convergence_v1	controlled	golovin	1048576	0.1	300.0	3600.0	1	21	not_applicable	319990388203585078	golovin_fixed50_extended_N1048576_v1
422	golovin_fixed50_extended_resolution_convergence_v1_N1048576_dt0p1_m022	golovin_fixed50_extended_resolution_convergence_v1	controlled	golovin	1048576	0.1	300.0	3600.0	1	22	not_applicable	18058631997988701375	golovin_fixed50_extended_N1048576_v1
423	golovin_fixed50_extended_resolution_convergence_v1_N1048576_dt0p1_m023	golovin_fixed50_extended_resolution_convergence_v1	controlled	golovin	1048576	0.1	300.0	3600.0	1	23	not_applicable	14703651268575241596	golovin_fixed50_extended_N1048576_v1
424	golovin_fixed50_extended_resolution_convergence_v1_N1048576_dt0p1_m024	golovin_fixed50_extended_resolution_convergence_v1	controlled	golovin	1048576	0.1	300.0	3600.0	1	24	not_applicable	15425995748495756419	golovin_fixed50_extended_N1048576_v1
425	golovin_fixed50_extended_resolution_convergence_v1_N1048576_dt0p1_m025	golovin_fixed50_extended_resolution_convergence_v1	controlled	golovin	1048576	0.1	300.0	3600.0	1	25	not_applicable	2374998700083254357	golovin_fixed50_extended_N1048576_v1
426	golovin_fixed50_extended_resolution_convergence_v1_N1048576_dt0p1_m026	golovin_fixed50_extended_resolution_convergence_v1	controlled	golovin	1048576	0.1	300.0	3600.0	1	26	not_applicable	13113293849959368136	golovin_fixed50_extended_N1048576_v1
427	golovin_fixed50_extended_resolution_convergence_v1_N1048576_dt0p1_m027	golovin_fixed50_extended_resolution_convergence_v1	controlled	golovin	1048576	0.1	300.0	3600.0	1	27	not_applicable	3198935326365604307	golovin_fixed50_extended_N1048576_v1
428	golovin_fixed50_extended_resolution_convergence_v1_N1048576_dt0p1_m028	golovin_fixed50_extended_resolution_convergence_v1	controlled	golovin	1048576	0.1	300.0	3600.0	1	28	not_applicable	15044578169866198681	golovin_fixed50_extended_N1048576_v1
429	golovin_fixed50_extended_resolution_convergence_v1_N1048576_dt0p1_m029	golovin_fixed50_extended_resolution_convergence_v1	controlled	golovin	1048576	0.1	300.0	3600.0	1	29	not_applicable	14678538023570250990	golovin_fixed50_extended_N1048576_v1
430	golovin_fixed50_extended_resolution_convergence_v1_N1048576_dt0p1_m030	golovin_fixed50_extended_resolution_convergence_v1	controlled	golovin	1048576	0.1	300.0	3600.0	1	30	not_applicable	11630910247067649062	golovin_fixed50_extended_N1048576_v1
431	golovin_fixed50_extended_resolution_convergence_v1_N1048576_dt0p1_m031	golovin_fixed50_extended_resolution_convergence_v1	controlled	golovin	1048576	0.1	300.0	3600.0	1	31	not_applicable	10115522257061448712	golovin_fixed50_extended_N1048576_v1
432	golovin_fixed50_extended_resolution_convergence_v1_N1048576_dt0p1_m032	golovin_fixed50_extended_resolution_convergence_v1	controlled	golovin	1048576	0.1	300.0	3600.0	1	32	not_applicable	9761195010231701360	golovin_fixed50_extended_N1048576_v1
433	golovin_fixed50_extended_resolution_convergence_v1_N1048576_dt0p1_m033	golovin_fixed50_extended_resolution_convergence_v1	controlled	golovin	1048576	0.1	300.0	3600.0	1	33	not_applicable	7882501970078840281	golovin_fixed50_extended_N1048576_v1
434	golovin_fixed50_extended_resolution_convergence_v1_N1048576_dt0p1_m034	golovin_fixed50_extended_resolution_convergence_v1	controlled	golovin	1048576	0.1	300.0	3600.0	1	34	not_applicable	4746011524096967719	golovin_fixed50_extended_N1048576_v1
435	golovin_fixed50_extended_resolution_convergence_v1_N1048576_dt0p1_m035	golovin_fixed50_extended_resolution_convergence_v1	controlled	golovin	1048576	0.1	300.0	3600.0	1	35	not_applicable	6746711591743223260	golovin_fixed50_extended_N1048576_v1
436	golovin_fixed50_extended_resolution_convergence_v1_N1048576_dt0p1_m036	golovin_fixed50_extended_resolution_convergence_v1	controlled	golovin	1048576	0.1	300.0	3600.0	1	36	not_applicable	1618927790440520748	golovin_fixed50_extended_N1048576_v1
437	golovin_fixed50_extended_resolution_convergence_v1_N1048576_dt0p1_m037	golovin_fixed50_extended_resolution_convergence_v1	controlled	golovin	1048576	0.1	300.0	3600.0	1	37	not_applicable	12556875456762406554	golovin_fixed50_extended_N1048576_v1
438	golovin_fixed50_extended_resolution_convergence_v1_N1048576_dt0p1_m038	golovin_fixed50_extended_resolution_convergence_v1	controlled	golovin	1048576	0.1	300.0	3600.0	1	38	not_applicable	6645922759128026882	golovin_fixed50_extended_N1048576_v1
439	golovin_fixed50_extended_resolution_convergence_v1_N1048576_dt0p1_m039	golovin_fixed50_extended_resolution_convergence_v1	controlled	golovin	1048576	0.1	300.0	3600.0	1	39	not_applicable	9186952987203064887	golovin_fixed50_extended_N1048576_v1
440	golovin_fixed50_extended_resolution_convergence_v1_N1048576_dt0p1_m040	golovin_fixed50_extended_resolution_convergence_v1	controlled	golovin	1048576	0.1	300.0	3600.0	1	40	not_applicable	15440624052048661374	golovin_fixed50_extended_N1048576_v1
441	golovin_fixed50_extended_resolution_convergence_v1_N1048576_dt0p1_m041	golovin_fixed50_extended_resolution_convergence_v1	controlled	golovin	1048576	0.1	300.0	3600.0	1	41	not_applicable	11693068580402487116	golovin_fixed50_extended_N1048576_v1
442	golovin_fixed50_extended_resolution_convergence_v1_N1048576_dt0p1_m042	golovin_fixed50_extended_resolution_convergence_v1	controlled	golovin	1048576	0.1	300.0	3600.0	1	42	not_applicable	1830928116586651260	golovin_fixed50_extended_N1048576_v1
443	golovin_fixed50_extended_resolution_convergence_v1_N1048576_dt0p1_m043	golovin_fixed50_extended_resolution_convergence_v1	controlled	golovin	1048576	0.1	300.0	3600.0	1	43	not_applicable	3681467842646318232	golovin_fixed50_extended_N1048576_v1
444	golovin_fixed50_extended_resolution_convergence_v1_N1048576_dt0p1_m044	golovin_fixed50_extended_resolution_convergence_v1	controlled	golovin	1048576	0.1	300.0	3600.0	1	44	not_applicable	3733899832644749236	golovin_fixed50_extended_N1048576_v1
445	golovin_fixed50_extended_resolution_convergence_v1_N1048576_dt0p1_m045	golovin_fixed50_extended_resolution_convergence_v1	controlled	golovin	1048576	0.1	300.0	3600.0	1	45	not_applicable	15585562795452410585	golovin_fixed50_extended_N1048576_v1
446	golovin_fixed50_extended_resolution_convergence_v1_N1048576_dt0p1_m046	golovin_fixed50_extended_resolution_convergence_v1	controlled	golovin	1048576	0.1	300.0	3600.0	1	46	not_applicable	10395975882487669663	golovin_fixed50_extended_N1048576_v1
447	golovin_fixed50_extended_resolution_convergence_v1_N1048576_dt0p1_m047	golovin_fixed50_extended_resolution_convergence_v1	controlled	golovin	1048576	0.1	300.0	3600.0	1	47	not_applicable	3874977873758639280	golovin_fixed50_extended_N1048576_v1
448	golovin_fixed50_extended_resolution_convergence_v1_N1048576_dt0p1_m048	golovin_fixed50_extended_resolution_convergence_v1	controlled	golovin	1048576	0.1	300.0	3600.0	1	48	not_applicable	10441127799796216944	golovin_fixed50_extended_N1048576_v1
449	golovin_fixed50_extended_resolution_convergence_v1_N1048576_dt0p1_m049	golovin_fixed50_extended_resolution_convergence_v1	controlled	golovin	1048576	0.1	300.0	3600.0	1	49	not_applicable	18000777787195859700	golovin_fixed50_extended_N1048576_v1
