run_label,kernel,matrix_stage,initialization_family,matrix_case_index,member_index,initialization_seed,collision_seed,max_superdroplets,collision_timestep_s,observation_timestep_s,end_time_s,time_s,n_superdroplet_records,number_concentration_cm3,liquid_water_gm3,relative_liquid_mass_drift,radius_moment_0_m3,radius_moment_3_um3_m3,radius_moment_6_um6_m3,max_radius_um,mass_fraction_r_ge_cloud_threshold,mass_fraction_r_ge_large_threshold,mass_fraction_r_ge_onset_threshold,mass_weighted_radius_q99_um,golovin_l1_relative,golovin_fixed_bin_l1_relative_bins_250,fixed_bin_mass_below_range_fraction_bins_250,fixed_bin_mass_above_range_fraction_bins_250,golovin_fixed_bin_l1_relative_bins_500,fixed_bin_mass_below_range_fraction_bins_500,fixed_bin_mass_above_range_fraction_bins_500,golovin_fixed_bin_l1_relative_bins_1000,fixed_bin_mass_below_range_fraction_bins_1000,fixed_bin_mass_above_range_fraction_bins_1000,golovin_fixed_bin_l1_relative,fixed_bin_mass_below_range_fraction,fixed_bin_mass_above_range_fraction,golovin_analytical_radius_moment_0_m3,golovin_relative_error_radius_moment_0_m3,golovin_analytical_radius_moment_3_um3_m3,golovin_relative_error_radius_moment_3_um3_m3,golovin_analytical_radius_moment_6_um6_m3,golovin_relative_error_radius_moment_6_um6_m3
golovin_controlled_timestep_screen_v1_N016384_dt0p1_m000,golovin,golovin_controlled_timestep_screen_v1,controlled,20,0,not_applicable,1944431086028390590,16384,0.1,300.0,3600.0,0.0,16384,8.388608,0.9982363474162836,0.0,8388608.0,238740390078.92203,1.3588188114267852e+16,74.99010467529297,0.3426337917221375,0.0,0.0,57.375732421875,0.06296949743579318,0.0033285650941950098,0.0,0.0,0.007120967653698126,0.0,0.0,0.01348464728023573,0.0,0.0,0.007120967653698126,0.0,0.0,8388608.0,0.0,238733292669.84543,2.972944827761559e-05,1.3588329560514944e+16,-1.0409391858035022e-05
golovin_controlled_timestep_screen_v1_N016384_dt0p1_m000,golovin,golovin_controlled_timestep_screen_v1,controlled,20,0,not_applicable,1944431086028390590,16384,0.1,300.0,3600.0,300.00001192092896,16384,5.321467669898661,0.998236347416615,3.319566843629218e-13,5321467.669898661,238740390079.00122,3.3118642593113604e+16,115.80176544189453,0.6354335810412806,0.0,0.0,87.73458862304688,0.021211162805303836,0.06140588199302502,0.0,0.0,0.10608902763829409,0.0,0.0,0.15111682871235285,0.0,0.0,0.10608902763829409,0.0,0.0,5348803.665523084,-0.005110674710426033,238733292669.84543,2.972944860935023e-05,3.3422009487832736e+16,-0.00907685981088513
golovin_controlled_timestep_screen_v1_N016384_dt0p1_m000,golovin,golovin_controlled_timestep_screen_v1,controlled,20,0,not_applicable,1944431086028390590,16384,0.1,300.0,3600.0,600.0000238418579,16384,3.390438452139213,0.9982363469434883,-4.736306902231036e-10,3390438.4521392127,238740389965.84723,7.982387668874547e+16,165.2733917236328,0.7911517789475221,0.0,0.0,121.38885498046875,0.02540569862786984,0.08453291827232184,0.0,0.0,0.13023539112308638,0.0,0.0,0.17507691481558216,0.0,0.0,0.13023539112308638,0.0,0.0,3410542.089022777,-0.0058945576271497435,238733292669.84543,2.9728974632936556e-05,8.220515356432454e+16,-0.028967488926539775
golovin_controlled_timestep_screen_v1_N016384_dt0p1_m000,golovin,golovin_controlled_timestep_screen_v1,controlled,20,0,not_applicable,1944431086028390590,16384,0.1,300.0,3600.0,899.9999761581421,16384,2.153020523286078,0.9982363454337847,-1.9860015854078483e-09,2153020.523286078,238740389604.78314,2.0020831824881302e+17,212.4148406982422,0.8757069864554108,0.0,0.0,168.6792449951172,0.01844740056114103,0.07198022529872215,0.0,0.0,0.12302315073209713,0.0,0.0,0.1815106627206867,0.0,0.0,0.12302315073209713,0.0,0.0,2174654.2046287498,-0.009948101770214435,238733292669.84543,2.972746221674427e-05,2.021926918134987e+17,-0.009814269481688509
golovin_controlled_timestep_screen_v1_N016384_dt0p1_m000,golovin,golovin_controlled_timestep_screen_v1,controlled,20,0,not_applicable,1944431086028390590,16384,0.1,300.0,3600.0,1200.0000476837158,16384,1.3693082297207881,0.998236346780486,-6.36920960417342e-10,1369308.229720788,238740389926.86322,4.75758190112587e+17,289.78753662109375,0.9244393719815529,0.0,0.0,227.31813049316406,0.028960864136119455,0.08375756103748451,0.0,0.0,0.12454513536837558,0.0,0.0,0.18047595881296905,0.0,0.0,0.12454513536837558,0.0,0.0,1386618.2972187817,-0.012483657205961673,238733292669.84543,2.9728811337559335e-05,4.97315526712769e+17,-0.04334740309170504
golovin_controlled_timestep_screen_v1_N016384_dt0p1_m000,golovin,golovin_controlled_timestep_screen_v1,controlled,20,0,not_applicable,1944431086028390590,16384,0.1,300.0,3600.0,1500.0,16384,0.8733212096431504,0.9982363480840436,6.689397924475315e-10,873321.2096431504,238740390238.62488,1.1548199959706412e+18,372.89080810546875,0.9531638271189157,0.0,0.0,305.8265380859375,0.02388684466777828,0.10317289395690833,0.0,0.0,0.1203620409248074,0.0,0.0,0.17587620986023206,0.0,0.0,0.1203620409248074,0.0,0.0,884145.4617925527,-0.012242614611691516,238733292669.84543,2.973011723694796e-05,1.2232026906685448e+18,-0.055904630703950464
golovin_controlled_timestep_screen_v1_N016384_dt0p1_m000,golovin,golovin_controlled_timestep_screen_v1,controlled,20,0,not_applicable,1944431086028390590,16384,0.1,300.0,3600.0,1799.9999523162842,16384,0.5577038858039701,0.9982363487444832,1.330546117728204e-09,557703.8858039702,238740390396.5771,2.9331197965180155e+18,537.5928344726562,0.970902314823892,0.0,0.0,429.6936950683594,0.022683848959798587,0.08865390420109787,0.0,0.0,0.12749023786821084,0.0,0.0,0.18731897404474704,0.0,0.0,0.12749023786821084,0.0,0.0,563755.1438462138,-0.010733840938388584,238733292669.84543,2.9730778863257257e-05,3.0086026719268946e+18,-0.025089014283343425
golovin_controlled_timestep_screen_v1_N016384_dt0p1_m000,golovin,golovin_controlled_timestep_screen_v1,controlled,20,0,not_applicable,1944431086028390590,16384,0.1,300.0,3600.0,2099.9999046325684,16384,0.3551154654028592,0.9982363458054575,-1.6136720848436426e-09,355115.4654028592,238740389693.67334,7.204384517944742e+18,671.4076538085938,0.9816098045800309,0.0,0.0,593.8451538085938,0.027962310617296426,0.09000256359346968,0.0,0.0,0.12340061625218998,0.0,0.0,0.17033196733555298,0.0,0.0,0.12340061625218998,0.0,0.0,359465.58111456485,-0.012101619571525002,238733292669.84543,2.9727834557791155e-05,7.39999192822117e+18,-0.026433462654255724
golovin_controlled_timestep_screen_v1_N016384_dt0p1_m000,golovin,golovin_controlled_timestep_screen_v1,controlled,20,0,not_applicable,1944431086028390590,16384,0.1,300.0,3600.0,2400.0000953674316,16384,0.22643211830123094,0.9982363473082716,-1.0820289109148007e-10,226432.11830123095,238740390053.08957,1.7621818147791421e+19,923.0505981445312,0.9883967823655876,0.0,0.0,766.599365234375,0.03614837128982769,0.09076568720331446,0.0,0.0,0.13535812003299919,0.0,0.0,0.19581118414053983,0.0,0.0,0.13535812003299919,0.0,0.0,229204.92913507385,-0.012097518340056457,238733292669.84543,2.9729340071282806e-05,1.8201113831406539e+19,-0.03182748533859103
golovin_controlled_timestep_screen_v1_N016384_dt0p1_m000,golovin,golovin_controlled_timestep_screen_v1,controlled,20,0,not_applicable,1944431086028390590,16384,0.1,300.0,3600.0,2700.000047683716,16384,0.14473135440753207,0.9982363482394584,8.246290317259763e-10,144731.35440753208,238740390275.79425,4.225528915665153e+19,1176.8138427734375,0.9925934273574041,0.014497430035476716,0.014497430035476716,1015.823974609375,0.0322733748009231,0.10071637157372576,0.0,0.0,0.14050010485313924,0.0,0.0,0.2061744336139119,0.0,0.0,0.14050010485313924,0.0,0.0,146147.28387886327,-0.009688373493857094,238733292669.84543,2.973027293107222e-05,4.476765798748041e+19,-0.05612017567529404
golovin_controlled_timestep_screen_v1_N016384_dt0p1_m000,golovin,golovin_controlled_timestep_screen_v1,controlled,20,0,not_applicable,1944431086028390590,16384,0.1,300.0,3600.0,3000.0,16384,0.09214794935118285,0.9982363517713345,4.362745276154101e-09,92147.94935118285,238740391120.4855,1.052225882542443e+20,1768.4444580078125,0.995297091221768,0.13486553470113527,0.13486553470113527,1410.3170166015625,0.03076677439889832,0.10188871048910411,0.0,0.0,0.14829221803235948,0.0,0.0,0.23143238458859916,0.0,0.0,0.14829221803235948,0.0,0.0,93187.47491936282,-0.011155206953289643,238733292669.84543,2.9733811152565792e-05,1.1011101959187887e+20,-0.044395477907236636
golovin_controlled_timestep_screen_v1_N016384_dt0p1_m000,golovin,golovin_controlled_timestep_screen_v1,controlled,20,0,not_applicable,1944431086028390590,16384,0.1,300.0,3600.0,3299.999952316284,16384,0.05872139242591893,0.9982363486606576,1.246572400859236e-09,58721.39242591893,238740390376.52917,2.518393684068533e+20,2250.15576171875,0.99702628569366,0.3376228807013211,0.3376228807013211,1898.4876708984375,0.04384895302814917,0.11407566942700988,0.0,0.0,0.16484961942179993,0.0,0.0,0.2438552012117944,0.0,0.0,0.16484961942179993,0.0,0.0,59418.863295774216,-0.011738206205383461,238733292669.84543,2.9730694887097897e-05,2.7083026409274727e+20,-0.07012102487700722
golovin_controlled_timestep_screen_v1_N016384_dt0p1_m000,golovin,golovin_controlled_timestep_screen_v1,controlled,20,0,not_applicable,1944431086028390590,16384,0.1,300.0,3600.0,3599.9999046325684,16384,0.03746299053775304,0.9982363484475718,1.033110264003767e-09,37462.99053775304,238740390325.5671,5.924488880676623e+20,3140.3388671875,0.9981121065466007,0.5363158896050192,0.5363158896050192,2582.7314453125,0.06538382073984168,0.15792337096513145,0.0,0.0,0.1845030821756329,0.0,0.0,0.27211839416308703,0.0,0.0,0.1845030821756329,0.0,0.0,37887.079979546696,-0.011193510875543877,238733292669.84543,2.9730481418521748e-05,6.661370698447075e+20,-0.11062014878442916
golovin_controlled_timestep_screen_v1_N016384_dt0p1_m001,golovin,golovin_controlled_timestep_screen_v1,controlled,21,1,not_applicable,15564717190483251341,16384,0.1,300.0,3600.0,0.0,16384,8.388608,0.9982363474162836,0.0,8388608.0,238740390078.92203,1.3588188114267852e+16,74.99010467529297,0.3426337917221375,0.0,0.0,57.375732421875,0.06297453437164252,0.0033285650941950098,0.0,0.0,0.007120967653698126,0.0,0.0,0.01348464728023573,0.0,0.0,0.007120967653698126,0.0,0.0,8388608.0,0.0,238733292669.84543,2.972944827761559e-05,1.3588329560514944e+16,-1.0409391858035022e-05
golovin_controlled_timestep_screen_v1_N016384_dt0p1_m001,golovin,golovin_controlled_timestep_screen_v1,controlled,21,1,not_applicable,15564717190483251341,16384,0.1,300.0,3600.0,300.00001192092896,16384,5.358247689762945,0.9982363471740879,-2.4262358788718075e-10,5358247.689762945,238740390020.9979,3.28451230068592e+16,116.71804809570312,0.6339377832646025,0.0,0.0,87.35118865966797,0.03204945602972449,0.08449768702343269,0.0,0.0,0.12173683139588147,0.0,0.0,0.16708756972069994,0.0,0.0,0.12173683139588147,0.0,0.0,5348803.665523084,0.0017656329957920214,238733292669.84543,2.9729205646589207e-05,3.3422009487832736e+16,-0.017260676117740625
golovin_controlled_timestep_screen_v1_N016384_dt0p1_m001,golovin,golovin_controlled_timestep_screen_v1,controlled,21,1,not_applicable,15564717190483251341,16384,0.1,300.0,3600.0,600.0000238418579,16384,3.435933041383563,0.9982363470364716,-3.804830894793554e-10,3435933.041383563,238740389988.0853,7.8753999234144e+16,156.51145935058594,0.7855043206959078,0.0,0.0,122.84552001953125,0.03390752536536523,0.0886212309719876,0.0,0.0,0.12941035692281805,0.0,0.0,0.17586759425223375,0.0,0.0,0.12941035692281805,0.0,0.0,3410542.089022777,0.007444843575603377,238733292669.84543,2.9729067783090812e-05,8.220515356432454e+16,-0.04198221377300948
golovin_controlled_timestep_screen_v1_N016384_dt0p1_m001,golovin,golovin_controlled_timestep_screen_v1,controlled,21,1,not_applicable,15564717190483251341,16384,0.1,300.0,3600.0,899.9999761581421,16384,2.174547965830719,0.9982363475250742,1.0898282276627924e-10,2174547.965830719,238740390104.94055,1.9379730586745658e+17,223.82484436035156,0.8731593114748583,0.0,0.0,168.81529235839844,0.031493031549376826,0.08466079205534824,0.0,0.0,0.11176979377402241,0.0,0.0,0.17340144126270296,0.0,0.0,0.11176979377402241,0.0,0.0,2174654.2046287498,-4.885319137382105e-05,238733292669.84543,2.972955726354698e-05,2.021926918134987e+17,-0.04152170818214318
golovin_controlled_timestep_screen_v1_N016384_dt0p1_m001,golovin,golovin_controlled_timestep_screen_v1,controlled,21,1,not_applicable,15564717190483251341,16384,0.1,300.0,3600.0,1200.0000476837158,16384,1.3813103924495012,0.998236348447073,1.0326104415980808e-09,1381310.3924495012,238740390325.44778,4.823991768490093e+17,310.8060607910156,0.9245707032549668,0.0,0.0,237.60755920410156,0.03618362928854285,0.09046493824783632,0.0,0.0,0.13410692406420138,0.0,0.0,0.19405472138947633,0.0,0.0,0.13410692406420138,0.0,0.0,1386618.2972187817,-0.003827949465203817,238733292669.84543,2.9730480918699342e-05,4.97315526712769e+17,-0.02999373448554099
golovin_controlled_timestep_screen_v1_N016384_dt0p1_m001,golovin,golovin_controlled_timestep_screen_v1,controlled,21,1,not_applicable,15564717190483251341,16384,0.1,300.0,3600.0,1500.0,16384,0.8827581718084668,0.9982363481261465,7.111169431084363e-10,882758.1718084668,238740390248.69434,1.1938400397253512e+18,384.94219970703125,0.9533130229578696,0.0,0.0,321.4662170410156,0.03137600549218476,0.08777963966173608,0.0,0.0,0.11759153825142478,0.0,0.0,0.16808078437072327,0.0,0.0,0.11759153825142478,0.0,0.0,884145.4617925527,-0.0015690743707187371,238733292669.84543,2.9730159415652935e-05,1.2232026906685448e+18,-0.024004730505575833
golovin_controlled_timestep_screen_v1_N016384_dt0p1_m001,golovin,golovin_controlled_timestep_screen_v1,controlled,21,1,not_applicable,15564717190483251341,16384,0.1,300.0,3600.0,1799.9999523162842,16384,0.5634949225779675,0.9982363479853126,5.700342420311699e-10,563494.9225779675,238740390215.0122,2.8804651282487997e+18,507.4912109375,0.9711069556395873,0.0,0.0,434.8883361816406,0.02421797036110078,0.09107997843411617,0.0,0.0,0.12517786403310113,0.0,0.0,0.18941720390521374,0.0,0.0,0.12517786403310113,0.0,0.0,563755.1438462138,-0.0004615856211456215,238733292669.84543,2.973001832873301e-05,3.0086026719268946e+18,-0.04259038419188388
golovin_controlled_timestep_screen_v1_N016384_dt0p1_m001,golovin,golovin_controlled_timestep_screen_v1,controlled,21,1,not_applicable,15564717190483251341,16384,0.1,300.0,3600.0,2099.9999046325684,16384,0.3597931465654323,0.9982363481477298,7.327383144684063e-10,359793.1465654323,238740390253.85626,7.150088620800361e+18,772.5812377929688,0.9817192807154611,0.0,0.0,597.7840576171875,0.04923520903906259,0.09741974261996232,0.0,0.0,0.12969629351492593,0.0,0.0,0.18227844368040444,0.0,0.0,0.12969629351492593,0.0,0.0,359465.58111456485,0.0009112567880680267,238733292669.84543,2.9730181037912473e-05,7.39999192822117e+18,-0.033770754055522434
golovin_controlled_timestep_screen_v1_N016384_dt0p1_m001,golovin,golovin_controlled_timestep_screen_v1,controlled,21,1,not_applicable,15564717190483251341,16384,0.1,300.0,3600.0,2400.0000953674316,16384,0.22921680592295382,0.9982363449532617,-2.4673735277147557e-09,229216.80592295382,238740389489.86023,1.7736279864469352e+19,1006.4970092773438,0.9884043016239688,0.0015549429515101972,0.0015549429515101972,792.2158813476562,0.0447276407732679,0.09090661250080426,0.0,0.0,0.12965156167961545,0.0,0.0,0.20003431167188793,0.0,0.0,0.12965156167961545,0.0,0.0,229204.92913507385,5.1817331873316164e-05,238733292669.84543,2.9726980830480088e-05,1.8201113831406539e+19,-0.025538764893338728
golovin_controlled_timestep_screen_v1_N016384_dt0p1_m001,golovin,golovin_controlled_timestep_screen_v1,controlled,21,1,not_applicable,15564717190483251341,16384,0.1,300.0,3600.0,2700.000047683716,16384,0.14601510543962737,0.9982363494864718,2.0738457617852646e-09,146015.10543962737,238740390574.0327,4.361118819604045e+19,1381.5828857421875,0.9926570188127892,0.021989512545375244,0.021989512545375244,1127.3375244140625,0.04544336865951023,0.08984856100185798,0.0,0.0,0.13656743418028444,0.0,0.0,0.19257026281380182,0.0,0.0,0.13656743418028444,0.0,0.0,146147.28387886327,-0.000904419403000678,238733292669.84543,2.973152218488373e-05,4.476765798748041e+19,-0.025832706990465693
golovin_controlled_timestep_screen_v1_N016384_dt0p1_m001,golovin,golovin_controlled_timestep_screen_v1,controlled,21,1,not_applicable,15564717190483251341,16384,0.1,300.0,3600.0,3000.0,16384,0.09306650206111952,0.998236347688604,2.728015591202393e-10,93066.50206111952,238740390144.05072,1.0264847044582621e+20,1840.6273193359375,0.9953473158597664,0.11207466636057553,0.11207466636057553,1435.0618896484375,0.060787194727523836,0.11765565311267698,0.0,0.0,0.17209244231019546,0.0,0.0,0.2481245097748017,0.0,0.0,0.17209244231019546,0.0,0.0,93187.47491936282,-0.0012981665008948706,238733292669.84543,2.9729721087168315e-05,1.1011101959187887e+20,-0.06777295472980116
golovin_controlled_timestep_screen_v1_N016384_dt0p1_m001,golovin,golovin_controlled_timestep_screen_v1,controlled,21,1,not_applicable,15564717190483251341,16384,0.1,300.0,3600.0,3299.999952316284,16384,0.05939484118400599,0.9982363473676065,-4.8763215687586126e-11,59394.841184005985,238740390067.28024,2.6079365716213295e+20,2410.646240234375,0.9970285411698034,0.31931516780548863,0.31931516780548863,1985.341552734375,0.06498668338482885,0.13147115214829191,0.0,0.0,0.1701921609990007,0.0,0.0,0.23652724322598148,0.0,0.0,0.1701921609990007,0.0,0.0,59418.863295774216,-0.0004042842699405469,238733292669.84543,2.972939951284559e-05,2.7083026409274727e+20,-0.037058660944839006
golovin_controlled_timestep_screen_v1_N016384_dt0p1_m001,golovin,golovin_controlled_timestep_screen_v1,controlled,21,1,not_applicable,15564717190483251341,16384,0.1,300.0,3600.0,3599.9999046325684,16384,0.03790237754178061,0.9982363471226314,-2.9417102087592184e-10,37902.37754178061,238740390008.69147,6.165821717555032e+20,2876.23974609375,0.9981072149897745,0.5413927250172244,0.5413927250172244,2482.6103515625,0.05064618727736433,0.12870548221211514,0.0,0.0,0.1851118437930755,0.0,0.0,0.2600426044720537,0.0,0.0,0.1851118437930755,0.0,0.0,37887.079979546696,0.0004037672536962855,238733292669.84543,2.972915409782395e-05,6.661370698447075e+20,-0.07439144334176873
golovin_controlled_timestep_screen_v1_N016384_dt0p1_m002,golovin,golovin_controlled_timestep_screen_v1,controlled,22,2,not_applicable,10837499897406224020,16384,0.1,300.0,3600.0,0.0,16384,8.388608,0.9982363474162836,0.0,8388608.0,238740390078.92203,1.3588188114267852e+16,74.99010467529297,0.3426337917221375,0.0,0.0,57.375732421875,0.06298323525714776,0.0033285650941950098,0.0,0.0,0.007120967653698126,0.0,0.0,0.01348464728023573,0.0,0.0,0.007120967653698126,0.0,0.0,8388608.0,0.0,238733292669.84543,2.972944827761559e-05,1.3588329560514944e+16,-1.0409391858035022e-05
golovin_controlled_timestep_screen_v1_N016384_dt0p1_m002,golovin,golovin_controlled_timestep_screen_v1,controlled,22,2,not_applicable,10837499897406224020,16384,0.1,300.0,3600.0,300.00001192092896,16384,5.32686079952323,0.9982363493638364,1.950993588906158e-09,5326860.79952323,238740390544.70297,3.4154220703568116e+16,129.42506408691406,0.6381584862818249,0.0,0.0,88.99411010742188,0.040977583479989414,0.07385761123013333,0.0,0.0,0.11181610692298474,0.0,0.0,0.15929486558508252,0.0,0.0,0.11181610692298474,0.0,0.0,5348803.665523084,-0.004102387631329973,238733292669.84543,2.9731399329158137e-05,3.3422009487832736e+16,0.02190805481046687
golovin_controlled_timestep_screen_v1_N016384_dt0p1_m002,golovin,golovin_controlled_timestep_screen_v1,controlled,22,2,not_applicable,10837499897406224020,16384,0.1,300.0,3600.0,600.0000238418579,16384,3.383737260939186,0.9982363483515928,9.369616194021546e-10,3383737.260939186,238740390302.61255,8.368185812628613e+16,168.26976013183594,0.7887507942127523,0.0,0.0,128.2451934814453,0.034787438013515144,0.09051823333842896,0.0,0.0,0.13694112815603268,0.0,0.0,0.1954936049276428,0.0,0.0,0.13694112815603268,0.0,0.0,3410542.089022777,-0.0078594039844474,238733292669.84543,2.9730385266990567e-05,8.220515356432454e+16,0.017963649454241004
golovin_controlled_timestep_screen_v1_N016384_dt0p1_m002,golovin,golovin_controlled_timestep_screen_v1,controlled,22,2,not_applicable,10837499897406224020,16384,0.1,300.0,3600.0,899.9999761581421,16384,2.162221060771805,0.9982363477780445,3.623998878765633e-10,2162221.0607718052,238740390165.44147,2.0878919519187405e+17,217.64198303222656,0.8756187665181098,0.0,0.0,171.14276123046875,0.042999797957370856,0.08241085112958424,0.0,0.0,0.12395731167080948,0.0,0.0,0.17677658835678403,0.0,0.0,0.12395731167080948,0.0,0.0,2174654.2046287498,-0.0057172969525364215,238733292669.84543,2.9729810688161606e-05,2.021926918134987e+17,0.03262483583956599
golovin_controlled_timestep_screen_v1_N016384_dt0p1_m002,golovin,golovin_controlled_timestep_screen_v1,controlled,22,2,not_applicable,10837499897406224020,16384,0.1,300.0,3600.0,1200.0000476837158,16384,1.3716900572348079,0.9982363469312774,-4.858631275084235e-10,1371690.0572348079,238740389962.92682,5.1339342909770394e+17,289.7630920410156,0.9257935794219164,0.0,0.0,234.11041259765625,0.05546837213191876,0.11728936644550875,0.0,0.0,0.1449409289192304,0.0,0.0,0.18733987869642676,0.0,0.0,0.1449409289192304,0.0,0.0,1386618.2972187817,-0.010765933216023593,238733292669.84543,2.9728962399833136e-05,4.97315526712769e+17,0.03232937948108927
golovin_controlled_timestep_screen_v1_N016384_dt0p1_m002,golovin,golovin_controlled_timestep_screen_v1,controlled,22,2,not_applicable,10837499897406224020,16384,0.1,300.0,3600.0,1500.0,16384,0.8683102212328363,0.9982363476084892,1.925450909823212e-10,868310.2212328363,238740390124.8903,1.3005491741207867e+18,381.8004455566406,0.954393906360843,0.0,0.0,335.1459045410156,0.05007874790940975,0.09843563767861603,0.0,0.0,0.13506729422418573,0.0,0.0,0.18957697946897284,0.0,0.0,0.13506729422418573,0.0,0.0,884145.4617925527,-0.017910220935378085,238733292669.84543,2.972964082847973e-05,1.2232026906685448e+18,0.0632327610479404
golovin_controlled_timestep_screen_v1_N016384_dt0p1_m002,golovin,golovin_controlled_timestep_screen_v1,controlled,22,2,not_applicable,10837499897406224020,16384,0.1,300.0,3600.0,1799.9999523162842,16384,0.5512872546165084,0.9982363479374646,5.221016952106083e-10,551287.2546165084,238740390203.56876,3.0960212205769247e+18,545.8416137695312,0.9718174056735871,0.0,0.0,436.7922668457031,0.04685471269731612,0.09362327433965359,0.0,0.0,0.1372616422793205,0.0,0.0,0.1921040394165924,0.0,0.0,0.1372616422793205,0.0,0.0,563755.1438462138,-0.022115787972493473,238733292669.84543,2.9729970394853922e-05,3.0086026719268946e+18,0.02905619590972508
golovin_controlled_timestep_screen_v1_N016384_dt0p1_m002,golovin,golovin_controlled_timestep_screen_v1,controlled,22,2,not_applicable,10837499897406224020,16384,0.1,300.0,3600.0,2099.9999046325684,16384,0.3519411836163641,0.9982363484922613,1.077878675204147e-09,351941.18361636414,238740390336.25513,7.490491973212661e+18,736.5670776367188,0.9822094456287849,0.0,0.0,594.1207275390625,0.04097762506683262,0.10879428196459408,0.0,0.0,0.14845216155299498,0.0,0.0,0.19135744260771928,0.0,0.0,0.14845216155299498,0.0,0.0,359465.58111456485,-0.020932177914977146,238733292669.84543,2.973052618804317e-05,7.39999192822117e+18,0.012229749149637925
golovin_controlled_timestep_screen_v1_N016384_dt0p1_m002,golovin,golovin_controlled_timestep_screen_v1,controlled,22,2,not_applicable,10837499897406224020,16384,0.1,300.0,3600.0,2400.0000953674316,16384,0.22498367307599448,0.9982363475117381,9.562306502175488e-11,224983.67307599448,238740390101.75107,1.8778652652241347e+19,1045.6116943359375,0.9886755209329554,0.002332436223283164,0.002332436223283164,810.8089599609375,0.03155808465727409,0.09236723887071914,0.0,0.0,0.14652173694203183,0.0,0.0,0.19024366609883486,0.0,0.0,0.14652173694203183,0.0,0.0,229204.92913507385,-0.018416951480968002,238733292669.84543,2.9729543903345146e-05,1.8201113831406539e+19,0.03173096032388134
golovin_controlled_timestep_screen_v1_N016384_dt0p1_m002,golovin,golovin_controlled_timestep_screen_v1,controlled,22,2,not_applicable,10837499897406224020,16384,0.1,300.0,3600.0,2700.000047683716,16384,0.14304148681942666,0.998236347187794,-2.2889334871933897e-10,143041.48681942667,238740390024.27588,4.554180812218319e+19,1289.02197265625,0.9929017124591772,0.02060788221780406,0.02060788221780406,1051.9664306640625,0.028496794133128164,0.10906494767308156,0.0,0.0,0.16228154605631875,0.0,0.0,0.21668680793904996,0.0,0.0,0.16228154605631875,0.0,0.0,146147.28387886327,-0.021251144578306902,238733292669.84543,2.9729219377383487e-05,4.476765798748041e+19,0.0172926208228108
golovin_controlled_timestep_screen_v1_N016384_dt0p1_m002,golovin,golovin_controlled_timestep_screen_v1,controlled,22,2,not_applicable,10837499897406224020,16384,0.1,300.0,3600.0,3000.0,16384,0.09142850524444847,0.9982363455394201,-1.880179567592677e-09,91428.50524444848,238740389630.04715,1.0610943382431744e+20,1769.13720703125,0.9955105337096338,0.13375599399999114,0.13375599399999114,1409.1986083984375,0.03088159403134436,0.08872277440258719,0.0,0.0,0.145061214076668,0.0,0.0,0.20178847549111492,0.0,0.0,0.145061214076668,0.0,0.0,93187.47491936282,-0.0188756018599755,238733292669.84543,2.972756804187071e-05,1.1011101959187887e+20,-0.03634137420934902
golovin_controlled_timestep_screen_v1_N016384_dt0p1_m002,golovin,golovin_controlled_timestep_screen_v1,controlled,22,2,not_applicable,10837499897406224020,16384,0.1,300.0,3600.0,3299.999952316284,16384,0.05832310200850713,0.9982363472119036,-2.0474111295243347e-10,58323.10200850713,238740390030.04202,2.7064821537483083e+20,2356.5830078125,0.9971440348249763,0.3573958263671103,0.3573958263671103,1927.640869140625,0.03576286054687281,0.10556994582403587,0.0,0.0,0.16125514511992206,0.0,0.0,0.23714962546601662,0.0,0.0,0.16125514511992206,0.0,0.0,59418.863295774216,-0.018441303426028566,238733292669.84543,2.9729243530285387e-05,2.7083026409274727e+20,-0.0006721874991566512
golovin_controlled_timestep_screen_v1_N016384_dt0p1_m002,golovin,golovin_controlled_timestep_screen_v1,controlled,22,2,not_applicable,10837499897406224020,16384,0.1,300.0,3600.0,3599.9999046325684,16384,0.03721346831777883,0.9982363481667794,7.518217159940832e-10,37213.46831777883,238740390258.4122,6.786333564457744e+20,3039.77294921875,0.9981768268340415,0.5509317933685172,0.5509317933685172,2658.286865234375,0.05224046223794891,0.14122363033279478,0.0,0.0,0.19449392842183078,0.0,0.0,0.27572759321215023,0.0,0.0,0.19449392842183078,0.0,0.0,37887.079979546696,-0.01777945574405604,238733292669.84543,2.9730200121536043e-05,6.661370698447075e+20,0.01875933222569337
golovin_controlled_timestep_screen_v1_N016384_dt0p1_m003,golovin,golovin_controlled_timestep_screen_v1,controlled,23,3,not_applicable,10689183209771867904,16384,0.1,300.0,3600.0,0.0,16384,8.388608,0.9982363474162836,0.0,8388608.0,238740390078.92203,1.3588188114267852e+16,74.99010467529297,0.3426337917221375,0.0,0.0,57.375732421875,0.0629647478773507,0.0033285650941950098,0.0,0.0,0.007120967653698126,0.0,0.0,0.01348464728023573,0.0,0.0,0.007120967653698126,0.0,0.0,8388608.0,0.0,238733292669.84543,2.972944827761559e-05,1.3588329560514944e+16,-1.0409391858035022e-05
golovin_controlled_timestep_screen_v1_N016384_dt0p1_m003,golovin,golovin_controlled_timestep_screen_v1,controlled,23,3,not_applicable,10689183209771867904,16384,0.1,300.0,3600.0,300.00001192092896,16384,5.3650147840659805,0.9982363499757448,2.563983247938495e-09,5365014.78406598,238740390691.0483,3.3006349455746508e+16,124.82492065429688,0.6300579157309351,0.0,0.0,88.7115249633789,0.03855001306132797,0.08107408795233108,0.0,0.0,0.1167776031374504,0.0,0.0,0.15911171101283558,0.0,0.0,0.1167776031374504,0.0,0.0,5348803.665523084,0.0030307933430775424,238733292669.84543,2.9732012336802782e-05,3.3422009487832736e+16,-0.012436715758744166
golovin_controlled_timestep_screen_v1_N016384_dt0p1_m003,golovin,golovin_controlled_timestep_screen_v1,controlled,23,3,not_applicable,10689183209771867904,16384,0.1,300.0,3600.0,600.0000238418579,16384,3.4234898910401728,0.9982363491469287,1.7337027369279667e-09,3423489.891040173,238740390492.8268,8.051998644959672e+16,163.7314910888672,0.789255470212238,0.0,0.0,121.88862609863281,0.0279865495718793,0.08894465443611889,0.0,0.0,0.12932080775618504,0.0,0.0,0.16388909915053082,0.0,0.0,0.12932080775618504,0.0,0.0,3410542.089022777,0.0037964058731512207,238733292669.84543,2.973118203164482e-05,8.220515356432454e+16,-0.02049953125395232
golovin_controlled_timestep_screen_v1_N016384_dt0p1_m003,golovin,golovin_controlled_timestep_screen_v1,controlled,23,3,not_applicable,10689183209771867904,16384,0.1,300.0,3600.0,899.9999761581421,16384,2.1696579553645328,0.9982363460583431,-1.3603397297501374e-09,2169657.955364533,238740389754.154,2.0200971402038854e+17,207.384765625,0.8764924749727984,0.0,0.0,173.44769287109375,0.025481410908854325,0.07978142209352564,0.0,0.0,0.12462164070385935,0.0,0.0,0.17298668950945148,0.0,0.0,0.12462164070385935,0.0,0.0,2174654.2046287498,-0.002297491368320803,238733292669.84543,2.9728087897584743e-05,2.021926918134987e+17,-0.0009049673925847213
golovin_controlled_timestep_screen_v1_N016384_dt0p1_m003,golovin,golovin_controlled_timestep_screen_v1,controlled,23,3,not_applicable,10689183209771867904,16384,0.1,300.0,3600.0,1200.0000476837158,16384,1.3854034532461066,0.998236348107879,6.928171369935399e-10,1385403.4532461066,238740390244.3254,4.9590539969099456e+17,287.066162109375,0.9238164838505708,0.0,0.0,232.79397583007812,0.024565582940062218,0.08380535776879473,0.0,0.0,0.12007514819126452,0.0,0.0,0.17029130830298206,0.0,0.0,0.12007514819126452,0.0,0.0,1386618.2972187817,-0.0008761199640244799,238733292669.84543,2.9730141115180686e-05,4.97315526712769e+17,-0.0028354775711414426
golovin_controlled_timestep_screen_v1_N016384_dt0p1_m003,golovin,golovin_controlled_timestep_screen_v1,controlled,23,3,not_applicable,10689183209771867904,16384,0.1,300.0,3600.0,1500.0,16384,0.8856253908305215,0.9982363461489597,-1.2695630102754762e-09,885625.3908305215,238740389775.82602,1.2187891281972987e+18,387.0679626464844,0.9522644904327047,0.0,0.0,320.905029296875,0.029544829643857646,0.09204619543946581,0.0,0.0,0.12366629802306951,0.0,0.0,0.18364472093016843,0.0,0.0,0.12366629802306951,0.0,0.0,884145.4617925527,0.0016738524393580256,238733292669.84543,2.9728178676746708e-05,1.2232026906685448e+18,-0.00360820206243484
golovin_controlled_timestep_screen_v1_N016384_dt0p1_m003,golovin,golovin_controlled_timestep_screen_v1,controlled,23,3,not_applicable,10689183209771867904,16384,0.1,300.0,3600.0,1799.9999523162842,16384,0.5675171242366578,0.9982363478719262,4.564475464263751e-10,567517.1242366577,238740390187.8944,3.0693329293712317e+18,543.3068237304688,0.9700614727487085,0.0,0.0,427.1152038574219,0.03696820477812446,0.08316263432510902,0.0,0.0,0.13415768258561622,0.0,0.0,0.18231864319708616,0.0,0.0,0.13415768258561622,0.0,0.0,563755.1438462138,0.006673075060172229,238733292669.84543,2.972990473848469e-05,3.0086026719268946e+18,0.02018553596691519
golovin_controlled_timestep_screen_v1_N016384_dt0p1_m003,golovin,golovin_controlled_timestep_screen_v1,controlled,23,3,not_applicable,10689183209771867904,16384,0.1,300.0,3600.0,2099.9999046325684,16384,0.3627338639033496,0.9982363474526273,3.640798773574261e-11,362733.8639033496,238740390087.614,7.57728898424792e+18,716.3276977539062,0.9811061421955496,0.0,0.0,574.9046020507812,0.033789030249079664,0.08673245949174821,0.0,0.0,0.13909586753068218,0.0,0.0,0.1828192209658269,0.0,0.0,0.13909586753068218,0.0,0.0,359465.58111456485,0.009092060437750682,238733292669.84543,2.9729484686491503e-05,7.39999192822117e+18,0.023959087759352293
golovin_controlled_timestep_screen_v1_N016384_dt0p1_m003,golovin,golovin_controlled_timestep_screen_v1,controlled,23,3,not_applicable,10689183209771867904,16384,0.1,300.0,3600.0,2400.0000953674316,16384,0.2316017916386109,0.9982363464223791,-9.956605540040186e-10,231601.79163861088,238740389841.21762,1.8195371324036766e+19,933.6478271484375,0.988019760137604,0.0,0.0,767.9945068359375,0.032353554059344466,0.10205386158530122,0.0,0.0,0.1376676244874369,0.0,0.0,0.190271713334707,0.0,0.0,0.1376676244874369,0.0,0.0,229204.92913507385,0.010457290393281804,238733292669.84543,2.972845258741863e-05,1.8201113831406539e+19,-0.00031550307431538194
golovin_controlled_timestep_screen_v1_N016384_dt0p1_m003,golovin,golovin_controlled_timestep_screen_v1,controlled,23,3,not_applicable,10689183209771867904,16384,0.1,300.0,3600.0,2700.000047683716,16384,0.14753505944029394,0.9982363477035159,2.8773960991657077e-10,147535.05944029393,238740390147.6171,4.317284802779226e+19,1257.913330078125,0.9924130088144324,0.009902443623455983,0.009902443623455983,997.8162231445312,0.02664395519455786,0.11801970292450925,0.0,0.0,0.17157291759281681,0.0,0.0,0.22215806515263004,0.0,0.0,0.17157291759281681,0.0,0.0,146147.28387886327,0.009495732829225556,238733292669.84543,2.9729736025885245e-05,4.476765798748041e+19,-0.035624154386949436
golovin_controlled_timestep_screen_v1_N016384_dt0p1_m003,golovin,golovin_controlled_timestep_screen_v1,controlled,23,3,not_applicable,10689183209771867904,16384,0.1,300.0,3600.0,3000.0,16384,0.09405363047895078,0.9982363474843603,6.819700359983472e-11,94053.63047895078,238740390095.20337,1.0408387736023525e+20,1486.7996826171875,0.9951751933282338,0.13848598102743812,0.13848598102743812,1344.4501953125,0.04276782032015583,0.11859040956429952,0.0,0.0,0.16696731485437388,0.0,0.0,0.2216556736505164,0.0,0.0,0.16696731485437388,0.0,0.0,93187.47491936282,0.009294763704429831,238733292669.84543,2.972951647661759e-05,1.1011101959187887e+20,-0.05473695779026411
golovin_controlled_timestep_screen_v1_N016384_dt0p1_m003,golovin,golovin_controlled_timestep_screen_v1,controlled,23,3,not_applicable,10689183209771867904,16384,0.1,300.0,3600.0,3299.999952316284,16384,0.0600826952033102,0.9982363456547599,-1.7646358818623753e-09,60082.6952033102,238740389657.6321,2.4143887473429876e+20,2007.82666015625,0.9969262817064797,0.361085092833852,0.361085092833852,1744.1856689453125,0.061287864283619826,0.12723617649115085,0.0,0.0,0.1834934456732797,0.0,0.0,0.236681441838095,0.0,0.0,0.1834934456732797,0.0,0.0,59418.863295774216,0.011172073491739098,238733292669.84543,2.9727683589220177e-05,2.7083026409274727e+20,-0.10852328286466273
golovin_controlled_timestep_screen_v1_N016384_dt0p1_m003,golovin,golovin_controlled_timestep_screen_v1,controlled,23,3,not_applicable,10689183209771867904,16384,0.1,300.0,3600.0,3599.9999046325684,16384,0.03820916333324269,0.9982363467429687,-6.745045633138602e-10,38209.163333242686,238740389917.8905,5.992803723389959e+20,3041.263671875,0.9980491890113345,0.5626920122300385,0.5626920122300385,2417.825927734375,0.06903990595311725,0.15066785371293662,0.0,0.0,0.1813749087098841,0.0,0.0,0.2525982497529823,0.0,0.0,0.1813749087098841,0.0,0.0,37887.079979546696,0.008501139540705305,238733292669.84543,2.9728773752957238e-05,6.661370698447075e+20,-0.10036477555782553
golovin_controlled_timestep_screen_v1_N016384_dt0p1_m004,golovin,golovin_controlled_timestep_screen_v1,controlled,24,4,not_applicable,7649767742560776063,16384,0.1,300.0,3600.0,0.0,16384,8.388608,0.9982363474162836,0.0,8388608.0,238740390078.92203,1.3588188114267852e+16,74.99010467529297,0.3426337917221375,0.0,0.0,57.375732421875,0.06294597654090782,0.0033285650941950098,0.0,0.0,0.007120967653698126,0.0,0.0,0.01348464728023573,0.0,0.0,0.007120967653698126,0.0,0.0,8388608.0,0.0,238733292669.84543,2.972944827761559e-05,1.3588329560514944e+16,-1.0409391858035022e-05
golovin_controlled_timestep_screen_v1_N016384_dt0p1_m004,golovin,golovin_controlled_timestep_screen_v1,controlled,24,4,not_applicable,7649767742560776063,16384,0.1,300.0,3600.0,300.00001192092896,16384,5.352187674946353,0.9982363483866242,9.720548810321361e-10,5352187.674946353,238740390310.99075,3.4916143382275304e+16,116.05728912353516,0.6354070013359179,0.0,0.0,88.48918914794922,0.06644246515259845,0.08251692046015516,0.0,0.0,0.1129886241494444,0.0,0.0,0.17913657927826857,0.0,0.0,0.1129886241494444,0.0,0.0,5348803.665523084,0.0006326665989033753,238733292669.84543,2.973042036136242e-05,3.3422009487832736e+16,0.044705088573040674
golovin_controlled_timestep_screen_v1_N016384_dt0p1_m004,golovin,golovin_controlled_timestep_screen_v1,controlled,24,4,not_applicable,7649767742560776063,16384,0.1,300.0,3600.0,600.0000238418579,16384,3.4281742589592494,0.9982363470562737,-3.606459575422605e-10,3428174.2589592496,238740389992.8212,8.45198283827144e+16,160.90969848632812,0.7937347957632397,0.0,0.0,128.11300659179688,0.04360431253702373,0.07250462216409131,0.0,0.0,0.11182064831295135,0.0,0.0,0.16600623031041511,0.0,0.0,0.11182064831295135,0.0,0.0,3410542.089022777,0.0051699024601465915,238733292669.84543,2.972908762077786e-05,8.220515356432454e+16,0.028157295717216257
golovin_controlled_timestep_screen_v1_N016384_dt0p1_m004,golovin,golovin_controlled_timestep_screen_v1,controlled,24,4,not_applicable,7649767742560776063,16384,0.1,300.0,3600.0,899.9999761581421,16384,2.168938212235484,0.9982363470949212,-3.21930260227532e-10,2168938.2122354843,238740390002.06424,2.097557676739659e+17,237.06661987304688,0.8780508241141405,0.0,0.0,181.65802001953125,0.03669989382369629,0.08496994599038758,0.0,0.0,0.13209178937784985,0.0,0.0,0.18595365376348882,0.0,0.0,0.13209178937784985,0.0,0.0,2174654.2046287498,-0.0026284603690549524,238733292669.84543,2.9729126337807443e-05,2.021926918134987e+17,0.037405287958890865
golovin_controlled_timestep_screen_v1_N016384_dt0p1_m004,golovin,golovin_controlled_timestep_screen_v1,controlled,24,4,not_applicable,7649767742560776063,16384,0.1,300.0,3600.0,1200.0000476837158,16384,1.3743294045464391,0.9982363462466133,-1.1717369297059577e-09,1374329.4045464392,238740389799.18103,5.237068906884218e+17,307.0650939941406,0.9264412624785692,0.0,0.0,245.31265258789062,0.052188274350410596,0.08875665854167894,0.0,0.0,0.1228948798989706,0.0,0.0,0.1791581130576711,0.0,0.0,0.1228948798989706,0.0,0.0,1386618.2972187817,-0.00886249135540118,238733292669.84543,2.9728276505602835e-05,4.97315526712769e+17,0.05306764530377417
golovin_controlled_timestep_screen_v1_N016384_dt0p1_m004,golovin,golovin_controlled_timestep_screen_v1,controlled,24,4,not_applicable,7649767742560776063,16384,0.1,300.0,3600.0,1500.0,16384,0.8754911974957597,0.9982363456584965,-1.7608927649348516e-09,875491.1974957597,238740389658.52573,1.2500397999658296e+18,459.7801818847656,0.9546146663762717,0.0,0.0,327.6606140136719,0.028983630736104545,0.10416977671276723,0.0,0.0,0.13665187366829562,0.0,0.0,0.18451943862833214,0.0,0.0,0.13665187366829562,0.0,0.0,884145.4617925527,-0.009788281081313244,238733292669.84543,2.9727687332226083e-05,1.2232026906685448e+18,0.02194003455193272
golovin_controlled_timestep_screen_v1_N016384_dt0p1_m004,golovin,golovin_controlled_timestep_screen_v1,controlled,24,4,not_applicable,7649767742560776063,16384,0.1,300.0,3600.0,1799.9999523162842,16384,0.5548116877143321,0.9982363464251303,-9.929045363676892e-10,554811.6877143321,238740389841.87555,2.980091200234627e+18,544.567138671875,0.971921098988573,0.0,0.0,433.2756042480469,0.02494235135212874,0.09669803792679697,0.0,0.0,0.1332016830741154,0.0,0.0,0.1844561916857219,0.0,0.0,0.1332016830741154,0.0,0.0,563755.1438462138,-0.015864078988024888,238733292669.84543,2.9728455343436266e-05,3.0086026719268946e+18,-0.009476649063137055
golovin_controlled_timestep_screen_v1_N016384_dt0p1_m004,golovin,golovin_controlled_timestep_screen_v1,controlled,24,4,not_applicable,7649767742560776063,16384,0.1,300.0,3600.0,2099.9999046325684,16384,0.35274302423263976,0.9982363467239936,-6.935131358076774e-10,352743.02423263976,238740389913.35242,7.354234004790816e+18,733.2758178710938,0.9823196118814413,0.0,0.0,584.5325317382812,0.02449999241645969,0.09463088801013125,0.0,0.0,0.12958459862821103,0.0,0.0,0.19480539321360923,0.0,0.0,0.12958459862821103,0.0,0.0,359465.58111456485,-0.018701531482043454,238733292669.84543,2.9728754743940655e-05,7.39999192822117e+18,-0.006183509911118712
golovin_controlled_timestep_screen_v1_N016384_dt0p1_m004,golovin,golovin_controlled_timestep_screen_v1,controlled,24,4,not_applicable,7649767742560776063,16384,0.1,300.0,3600.0,2400.0000953674316,16384,0.22389393986664988,0.9982363480114297,5.961975357848814e-10,223893.9398666499,238740390221.2584,1.851313037621501e+19,1020.5552978515625,0.9888727374888261,0.001652874504140455,0.001652874504140455,785.6755981445312,0.023416606073735153,0.11294171945733823,0.0,0.0,0.15924470392374973,0.0,0.0,0.21855715374854248,0.0,0.0,0.15924470392374973,0.0,0.0,229204.92913507385,-0.02317135712772611,238733292669.84543,2.9730044492692898e-05,1.8201113831406539e+19,0.017142717072077263
golovin_controlled_timestep_screen_v1_N016384_dt0p1_m004,golovin,golovin_controlled_timestep_screen_v1,controlled,24,4,not_applicable,7649767742560776063,16384,0.1,300.0,3600.0,2700.000047683716,16384,0.14251293133412626,0.9982363483746551,9.600646944107893e-10,142512.93133412628,238740390308.1282,4.526532668415766e+19,1259.4815673828125,0.9928918572794408,0.02108255483702368,0.02108255483702368,1072.35888671875,0.02232848428672481,0.10918798039763798,0.0,0.0,0.15959732341521163,0.0,0.0,0.21956701425692515,0.0,0.0,0.15959732341521163,0.0,0.0,146147.28387886327,-0.024867739230442276,238733292669.84543,2.973040837073171e-05,4.476765798748041e+19,0.011116701633496762
golovin_controlled_timestep_screen_v1_N016384_dt0p1_m004,golovin,golovin_controlled_timestep_screen_v1,controlled,24,4,not_applicable,7649767742560776063,16384,0.1,300.0,3600.0,3000.0,16384,0.090671891935099,0.9982363471706593,-2.460582848584636e-10,90671.891935099,238740390020.1779,1.0709822287691188e+20,1608.423095703125,0.9954991656450026,0.14280646290503543,0.14280646290503543,1383.891845703125,0.01983510962931067,0.10812540242750396,0.0,0.0,0.15022897748600153,0.0,0.0,0.21394080667445886,0.0,0.0,0.15022897748600153,0.0,0.0,93187.47491936282,-0.026994861556669636,238733292669.84543,2.9729202211781214e-05,1.1011101959187887e+20,-0.027361445985458865
golovin_controlled_timestep_screen_v1_N016384_dt0p1_m004,golovin,golovin_controlled_timestep_screen_v1,controlled,24,4,not_applicable,7649767742560776063,16384,0.1,300.0,3600.0,3299.999952316284,16384,0.0578507475167759,0.9982363472406142,-1.759798973210991e-10,57850.747516775904,238740390036.9085,2.7018197955169105e+20,2268.905029296875,0.9971431905884246,0.3508267485060447,0.3508267485060447,1913.9534912109375,0.027381920874191674,0.10352349666129326,0.0,0.0,0.15971841189082953,0.0,0.0,0.22829049886969252,0.0,0.0,0.15971841189082953,0.0,0.0,59418.863295774216,-0.0263908747495315,238733292669.84543,2.9729272292611242e-05,2.7083026409274727e+20,-0.002393693124466356
golovin_controlled_timestep_screen_v1_N016384_dt0p1_m004,golovin,golovin_controlled_timestep_screen_v1,controlled,24,4,not_applicable,7649767742560776063,16384,0.1,300.0,3600.0,3599.9999046325684,16384,0.03676899839396467,0.998236347613588,1.9765300507401662e-10,36768.99839396467,238740390126.10974,6.411277512027919e+20,2913.52392578125,0.9981845340019645,0.550060534744182,0.550060534744182,2520.408935546875,0.02353099232846736,0.14740981083202567,0.0,0.0,0.18667262506272278,0.0,0.0,0.2522695802960911,0.0,0.0,0.18667262506272278,0.0,0.0,37887.079979546696,-0.029510893586563558,238733292669.84543,2.9729645936393823e-05,6.661370698447075e+20,-0.037543802580669916
golovin_controlled_timestep_screen_v1_N016384_dt0p25_m000,golovin,golovin_controlled_timestep_screen_v1,controlled,15,0,not_applicable,1944431086028390590,16384,0.25,300.0,3600.0,0.0,16384,8.388608,0.9982363474162836,0.0,8388608.0,238740390078.92203,1.3588188114267852e+16,74.99010467529297,0.3426337917221375,0.0,0.0,57.375732421875,0.06296996748479068,0.0033285650941950098,0.0,0.0,0.007120967653698126,0.0,0.0,0.01348464728023573,0.0,0.0,0.007120967653698126,0.0,0.0,8388608.0,0.0,238733292669.84543,2.972944827761559e-05,1.3588329560514944e+16,-1.0409391858035022e-05
golovin_controlled_timestep_screen_v1_N016384_dt0p25_m000,golovin,golovin_controlled_timestep_screen_v1,controlled,15,0,not_applicable,1944431086028390590,16384,0.25,300.0,3600.0,300.00001192092896,16384,5.362484834634848,0.9982363460958132,-1.3228033113321658e-09,5362484.834634848,238740389763.11536,3.3604743756032016e+16,117.86222839355469,0.6342912640488855,0.0,0.0,88.96936798095703,0.037902188972818496,0.07039338734368619,0.0,0.0,0.10457136674023026,0.0,0.0,0.1740677817876599,0.0,0.0,0.10457136674023026,0.0,0.0,5348803.665523084,0.0025577998310069017,238733292669.84543,2.9728125434669295e-05,3.3422009487832736e+16,0.005467482985001437
golovin_controlled_timestep_screen_v1_N016384_dt0p25_m000,golovin,golovin_controlled_timestep_screen_v1,controlled,15,0,not_applicable,1944431086028390590,16384,0.25,300.0,3600.0,600.0000238418579,16384,3.3957015152251278,0.9982363448504948,-2.57032195527529e-09,3395701.515225128,238740389465.28235,8.476601867609325e+16,158.34213256835938,0.7933765682722769,0.0,0.0,126.22639465332031,0.04180031725743646,0.09502068191438205,0.0,0.0,0.13888543882292131,0.0,0.0,0.1849460052659035,0.0,0.0,0.13888543882292131,0.0,0.0,3410542.089022777,-0.004351382686469507,238733292669.84543,2.972687787927697e-05,8.220515356432454e+16,0.03115212368972542
golovin_controlled_timestep_screen_v1_N016384_dt0p25_m000,golovin,golovin_controlled_timestep_screen_v1,controlled,15,0,not_applicable,1944431086028390590,16384,0.25,300.0,3600.0,899.9999761581421,16384,2.1638981818264598,0.9982363463660744,-1.052064768636285e-09,2163898.1818264597,238740389827.75162,2.1433976170784973e+17,219.6609344482422,0.8756608195393357,0.0,0.0,177.3208770751953,0.04833523371677123,0.10281842508551457,0.0,0.0,0.14405087815864134,0.0,0.0,0.19669168249210797,0.0,0.0,0.14405087815864134,0.0,0.0,2174654.2046287498,-0.00494608420014353,238733292669.84543,2.972839618142764e-05,2.021926918134987e+17,0.06007670101922091
golovin_controlled_timestep_screen_v1_N016384_dt0p25_m000,golovin,golovin_controlled_timestep_screen_v1,controlled,15,0,not_applicable,1944431086028390590,16384,0.25,300.0,3600.0,1200.0000476837158,16384,1.376683265906088,0.9982363476355091,2.1961277241189237e-10,1376683.2659060878,238740390131.3524,5.293082392067017e+17,324.6458435058594,0.9244346560798454,0.0,0.0,242.59878540039062,0.042609768649680246,0.09578582430395485,0.0,0.0,0.1302808573939844,0.0,0.0,0.17796033309483694,0.0,0.0,0.1302808573939844,0.0,0.0,1386618.2972187817,-0.0071649359687674385,238733292669.84543,2.972966789660525e-05,4.97315526712769e+17,0.06433081368965676
golovin_controlled_timestep_screen_v1_N016384_dt0p25_m000,golovin,golovin_controlled_timestep_screen_v1,controlled,15,0,not_applicable,1944431086028390590,16384,0.25,300.0,3600.0,1500.0,16384,0.8741574097242537,0.9982363465655267,-8.522600403182423e-10,874157.4097242537,238740389875.4531,1.3431677200161044e+18,448.2950439453125,0.9533722841017495,0.0,0.0,330.61859130859375,0.05049431613201268,0.09784076450620975,0.0,0.0,0.12693493562874933,0.0,0.0,0.17414179878449546,0.0,0.0,0.12693493562874933,0.0,0.0,884145.4617925527,-0.01129684254449359,238733292669.84543,2.9728595992262186e-05,1.2232026906685448e+18,0.0980745302988113
golovin_controlled_timestep_screen_v1_N016384_dt0p25_m000,golovin,golovin_controlled_timestep_screen_v1,controlled,15,0,not_applicable,1944431086028390590,16384,0.25,300.0,3600.0,1799.9999523162842,16384,0.5524755670633371,0.9982363458918134,-1.5271636177871528e-09,552475.5670633371,238740389714.32635,3.1881681967658644e+18,572.3142700195312,0.9713760343071167,0.0,0.0,446.958251953125,0.03561175231824161,0.09466580143156526,0.0,0.0,0.13149622898027155,0.0,0.0,0.18936388297968687,0.0,0.0,0.13149622898027155,0.0,0.0,563755.1438462138,-0.020007935902672136,238733292669.84543,2.972792106858968e-05,3.0086026719268946e+18,0.0596840275768169
golovin_controlled_timestep_screen_v1_N016384_dt0p25_m000,golovin,golovin_controlled_timestep_screen_v1,controlled,15,0,not_applicable,1944431086028390590,16384,0.25,300.0,3600.0,2099.9999046325684,16384,0.3523814133592841,0.9982363470945341,-3.223179501077311e-10,352381.41335928405,238740390001.97168,7.496820482701278e+18,694.6754150390625,0.981888356430735,0.0,0.0,596.5399169921875,0.0382938709863894,0.09306005473933691,0.0,0.0,0.1328933846926974,0.0,0.0,0.19248325140446862,0.0,0.0,0.1328933846926974,0.0,0.0,359465.58111456485,-0.019707499486642077,238733292669.84543,2.9729125950117563e-05,7.39999192822117e+18,0.013084954067427601
golovin_controlled_timestep_screen_v1_N016384_dt0p25_m000,golovin,golovin_controlled_timestep_screen_v1,controlled,15,0,not_applicable,1944431086028390590,16384,0.25,300.0,3600.0,2400.0000953674316,16384,0.22472052373724236,0.998236348815222,1.4014100990777933e-09,224720.52373724236,238740390413.49515,1.855836040100064e+19,975.13134765625,0.9885867705134597,0.0,0.0,782.052490234375,0.029096684271141596,0.09245811792203427,0.0,0.0,0.1381619082722771,0.0,0.0,0.18527626608315728,0.0,0.0,0.1381619082722771,0.0,0.0,229204.92913507385,-0.019565047814433245,238733292669.84543,2.9730849729237008e-05,1.8201113831406539e+19,0.019627731187399133
golovin_controlled_timestep_screen_v1_N016384_dt0p25_m000,golovin,golovin_controlled_timestep_screen_v1,controlled,15,0,not_applicable,1944431086028390590,16384,0.25,300.0,3600.0,2700.000047683716,16384,0.14257455159235113,0.9982363487856211,1.3717567082238702e-09,142574.55159235114,238740390406.41574,4.567468892128867e+19,1274.3624267578125,0.9927695330076097,0.02027894121947749,0.02027894121947749,1077.380615234375,0.032925724586707214,0.10214679305177951,0.0,0.0,0.13984890716532727,0.0,0.0,0.2273844637698883,0.0,0.0,0.13984890716532727,0.0,0.0,146147.28387886327,-0.024446108006177192,238733292669.84543,2.973082007518002e-05,4.476765798748041e+19,0.020260852914439242
golovin_controlled_timestep_screen_v1_N016384_dt0p25_m000,golovin,golovin_controlled_timestep_screen_v1,controlled,15,0,not_applicable,1944431086028390590,16384,0.25,300.0,3600.0,3000.0,16384,0.09085141571885538,0.9982363477108599,2.9509661381155183e-10,90851.41571885538,238740390149.37344,1.0971436367402498e+20,1705.52392578125,0.9953878399567735,0.135624031303043,0.135624031303043,1433.593994140625,0.02258599234953652,0.09536089692342806,0.0,0.0,0.16842943882976708,0.0,0.0,0.2289103843238355,0.0,0.0,0.16842943882976708,0.0,0.0,93187.47491936282,-0.025068381802692774,238733292669.84543,2.972974338288914e-05,1.1011101959187887e+20,-0.003602327172376296
golovin_controlled_timestep_screen_v1_N016384_dt0p25_m000,golovin,golovin_controlled_timestep_screen_v1,controlled,15,0,not_applicable,1944431086028390590,16384,0.25,300.0,3600.0,3299.999952316284,16384,0.0578697115481249,0.9982363473669873,-4.938338626914174e-11,57869.7115481249,238740390067.13214,2.839571349175614e+20,2317.147216796875,0.9970685441283162,0.3485396968150974,0.3485396968150974,1969.5408935546875,0.03826400595697666,0.11164907450114438,0.0,0.0,0.16968493539450877,0.0,0.0,0.24667779586914054,0.0,0.0,0.16968493539450877,0.0,0.0,59418.863295774216,-0.026071716315708926,238733292669.84543,2.9729398892452963e-05,2.7083026409274727e+20,0.048468995401188764
golovin_controlled_timestep_screen_v1_N016384_dt0p25_m000,golovin,golovin_controlled_timestep_screen_v1,controlled,15,0,not_applicable,1944431086028390590,16384,0.25,300.0,3600.0,3599.9999046325684,16384,0.03695856232998819,0.99823634556348,-1.856077180839577e-09,36958.56232998819,238740389635.8014,6.784616742195108e+20,2886.365234375,0.9981294647040065,0.5570758902646058,0.5570758902646058,2671.489501953125,0.044394574569222266,0.1376448216147936,0.0,0.0,0.20445697783357344,0.0,0.0,0.26764192529198644,0.0,0.0,0.20445697783357344,0.0,0.0,37887.079979546696,-0.024507500975524232,238733292669.84543,2.9727592145256665e-05,6.661370698447075e+20,0.01850160414834212
golovin_controlled_timestep_screen_v1_N016384_dt0p25_m001,golovin,golovin_controlled_timestep_screen_v1,controlled,16,1,not_applicable,15564717190483251341,16384,0.25,300.0,3600.0,0.0,16384,8.388608,0.9982363474162836,0.0,8388608.0,238740390078.92203,1.3588188114267852e+16,74.99010467529297,0.3426337917221375,0.0,0.0,57.375732421875,0.06298703278425995,0.0033285650941950098,0.0,0.0,0.007120967653698126,0.0,0.0,0.01348464728023573,0.0,0.0,0.007120967653698126,0.0,0.0,8388608.0,0.0,238733292669.84543,2.972944827761559e-05,1.3588329560514944e+16,-1.0409391858035022e-05
golovin_controlled_timestep_screen_v1_N016384_dt0p25_m001,golovin,golovin_controlled_timestep_screen_v1,controlled,16,1,not_applicable,15564717190483251341,16384,0.25,300.0,3600.0,300.00001192092896,16384,5.336625036808941,0.9982363484720927,1.0576743925128085e-09,5336625.0368089415,238740390331.43158,3.3607109855348724e+16,120.6602554321289,0.6385020167230869,0.0,0.0,86.88639831542969,0.042618162992363616,0.07645593517788218,0.0,0.0,0.1131686536639778,0.0,0.0,0.16493354551894948,0.0,0.0,0.1131686536639778,0.0,0.0,5348803.665523084,-0.002276888342834904,238733292669.84543,2.973050598331639e-05,3.3422009487832736e+16,0.005538277630594779
golovin_controlled_timestep_screen_v1_N016384_dt0p25_m001,golovin,golovin_controlled_timestep_screen_v1,controlled,16,1,not_applicable,15564717190483251341,16384,0.25,300.0,3600.0,600.0000238418579,16384,3.402628194964913,0.9982363460595961,-1.3590845115984962e-09,3402628.194964913,238740389754.45364,8.157773848978562e+16,166.42579650878906,0.7931528000793228,0.0,0.0,126.4755630493164,0.03654918433218263,0.09072515709982813,0.0,0.0,0.12383312420825636,0.0,0.0,0.17766583291198595,0.0,0.0,0.12383312420825636,0.0,0.0,3410542.089022777,-0.002320421168041209,238733292669.84543,2.9728089152802895e-05,8.220515356432454e+16,-0.007632308284029721
golovin_controlled_timestep_screen_v1_N016384_dt0p25_m001,golovin,golovin_controlled_timestep_screen_v1,controlled,16,1,not_applicable,15564717190483251341,16384,0.25,300.0,3600.0,899.9999761581421,16384,2.187934115334627,0.9982363474118437,-4.447775481253302e-12,2187934.115334627,238740390077.86014,2.054328988952946e+17,228.7797393798828,0.876375923540545,0.0,0.0,172.09030151367188,0.0404823213867631,0.09225089565709955,0.0,0.0,0.12616672993276273,0.0,0.0,0.17639584225745916,0.0,0.0,0.12616672993276273,0.0,0.0,2174654.2046287498,0.006106676950115242,238733292669.84543,2.9729443829618063e-05,2.021926918134987e+17,0.016025342225448158
golovin_controlled_timestep_screen_v1_N016384_dt0p25_m001,golovin,golovin_controlled_timestep_screen_v1,controlled,16,1,not_applicable,15564717190483251341,16384,0.25,300.0,3600.0,1200.0000476837158,16384,1.3963455243694776,0.998236347953834,5.385001333735318e-10,1396345.5243694775,238740390207.4837,5.013441100055952e+17,312.0153503417969,0.9252393259418157,0.0,0.0,235.66017150878906,0.03910934893160697,0.10380007437461534,0.0,0.0,0.1397240599853308,0.0,0.0,0.20028339122129274,0.0,0.0,0.1397240599853308,0.0,0.0,1386618.2972187817,0.007015071970567721,238733292669.84543,2.9729986793736174e-05,4.97315526712769e+17,0.008100658588833687
golovin_controlled_timestep_screen_v1_N016384_dt0p25_m001,golovin,golovin_controlled_timestep_screen_v1,controlled,16,1,not_applicable,15564717190483251341,16384,0.25,300.0,3600.0,1500.0,16384,0.8912473021389418,0.9982363475314908,1.1541079203425397e-10,891247.3021389417,238740390106.4752,1.2475854143937324e+18,455.3703308105469,0.9533684431298027,0.0,0.0,314.90679931640625,0.03997620388364773,0.09777291914151602,0.0,0.0,0.13178906906777865,0.0,0.0,0.173612692369027,0.0,0.0,0.13178906906777865,0.0,0.0,884145.4617925527,0.008032434314587222,238733292669.84543,2.9729563691738292e-05,1.2232026906685448e+18,0.019933510538520105
golovin_controlled_timestep_screen_v1_N016384_dt0p25_m001,golovin,golovin_controlled_timestep_screen_v1,controlled,16,1,not_applicable,15564717190483251341,16384,0.25,300.0,3600.0,1799.9999523162842,16384,0.5688643739920641,0.9982363490666145,1.653246650690221e-09,568864.3739920642,238740390473.6187,3.066603272110052e+18,520.697021484375,0.9709266700116009,0.0,0.0,447.65472412109375,0.03514965533532753,0.0848448405158819,0.0,0.0,0.12538262485192664,0.0,0.0,0.1855056594840154,0.0,0.0,0.12538262485192664,0.0,0.0,563755.1438462138,0.009062853264615311,238733292669.84543,2.9731101573338137e-05,3.0086026719268946e+18,0.01927825190223942
golovin_controlled_timestep_screen_v1_N016384_dt0p25_m001,golovin,golovin_controlled_timestep_screen_v1,controlled,16,1,not_applicable,15564717190483251341,16384,0.25,300.0,3600.0,2099.9999046325684,16384,0.36314804674734574,0.9982363484490662,1.0346072887301716e-09,363148.04674734577,238740390325.92453,7.415789464656462e+18,805.612060546875,0.981681417754067,0.0,0.0,581.51171875,0.026525800043648618,0.09769809772823357,0.0,0.0,0.12896667591271932,0.0,0.0,0.18121683554965512,0.0,0.0,0.12896667591271932,0.0,0.0,359465.58111456485,0.010244278802334916,238733292669.84543,2.9730482915546474e-05,7.39999192822117e+18,0.002134804549589475
golovin_controlled_timestep_screen_v1_N016384_dt0p25_m001,golovin,golovin_controlled_timestep_screen_v1,controlled,16,1,not_applicable,15564717190483251341,16384,0.25,300.0,3600.0,2400.0000953674316,16384,0.23119481094641683,0.9982363480715781,6.564522259111527e-10,231194.81094641684,238740390235.64365,1.854004263561364e+19,991.865966796875,0.9884584520632679,0.0,0.0,797.3457641601562,0.03370593582907814,0.10306077092881223,0.0,0.0,0.13901264469711067,0.0,0.0,0.19731757031354377,0.0,0.0,0.13901264469711067,0.0,0.0,229204.92913507385,0.008681671109133537,238733292669.84543,2.9730104749381425e-05,1.8201113831406539e+19,0.018621322153497433
golovin_controlled_timestep_screen_v1_N016384_dt0p25_m001,golovin,golovin_controlled_timestep_screen_v1,controlled,16,1,not_applicable,15564717190483251341,16384,0.25,300.0,3600.0,2700.000047683716,16384,0.14739434323752648,0.9982363488757939,1.4620888943994714e-09,147394.34323752648,238740390427.9817,4.604174413895519e+19,1235.174072265625,0.992719379094814,0.030813225311592564,0.030813225311592564,1100.322021484375,0.04575543072918283,0.10324692589323838,0.0,0.0,0.1646602645172375,0.0,0.0,0.21558519732861206,0.0,0.0,0.1646602645172375,0.0,0.0,146147.28387886327,0.008532894526434465,238733292669.84543,2.973091041003073e-05,4.476765798748041e+19,0.02845996884248625
golovin_controlled_timestep_screen_v1_N016384_dt0p25_m001,golovin,golovin_controlled_timestep_screen_v1,controlled,16,1,not_applicable,15564717190483251341,16384,0.25,300.0,3600.0,3000.0,16384,0.09408134550014784,0.9982363456520518,-1.7673488228453493e-09,94081.34550014784,238740389656.9844,1.0918765802166968e+20,1714.2576904296875,0.9953351054579919,0.13987409614978905,0.13987409614978905,1411.7891845703125,0.038535237369804534,0.11487351141929143,0.0,0.0,0.15271979452658838,0.0,0.0,0.21875486846006287,0.0,0.0,0.15271979452658838,0.0,0.0,93187.47491936282,0.009592175145409998,238733292669.84543,2.972768087605715e-05,1.1011101959187887e+20,-0.008385732632679055
golovin_controlled_timestep_screen_v1_N016384_dt0p25_m001,golovin,golovin_controlled_timestep_screen_v1,controlled,16,1,not_applicable,15564717190483251341,16384,0.25,300.0,3600.0,3299.999952316284,16384,0.05999312925740764,0.9982363467979939,-6.193821011635237e-10,59993.12925740764,238740389931.0504,2.7413900332625612e+20,2342.873779296875,0.9970279077332699,0.3470685279148125,0.3470685279148125,1921.88037109375,0.03598186712872158,0.1239050007694233,0.0,0.0,0.1680744733158773,0.0,0.0,0.2544241768158783,0.0,0.0,0.1680744733158773,0.0,0.0,59418.863295774216,0.00966470796950225,238733292669.84543,2.972882887686268e-05,2.7083026409274727e+20,0.012217021774109327
golovin_controlled_timestep_screen_v1_N016384_dt0p25_m001,golovin,golovin_controlled_timestep_screen_v1,controlled,16,1,not_applicable,15564717190483251341,16384,0.25,300.0,3600.0,3599.9999046325684,16384,0.03824007595551877,0.9982363467099382,-7.075934282951835e-10,38240.07595551877,238740389909.99084,6.747416260640933e+20,2984.833740234375,0.998100924147082,0.5521022042422257,0.5521022042422257,2628.844970703125,0.047844382777979595,0.14020612607378422,0.0,0.0,0.1846895996412559,0.0,0.0,0.26707479404970047,0.0,0.0,0.1846895996412559,0.0,0.0,37887.079979546696,0.009317054155734361,238733292669.84543,2.9728740662982034e-05,6.661370698447075e+20,0.012917095608253382
golovin_controlled_timestep_screen_v1_N016384_dt0p25_m002,golovin,golovin_controlled_timestep_screen_v1,controlled,17,2,not_applicable,10837499897406224020,16384,0.25,300.0,3600.0,0.0,16384,8.388608,0.9982363474162836,0.0,8388608.0,238740390078.92203,1.3588188114267852e+16,74.99010467529297,0.3426337917221375,0.0,0.0,57.375732421875,0.06293944273449754,0.0033285650941950098,0.0,0.0,0.007120967653698126,0.0,0.0,0.01348464728023573,0.0,0.0,0.007120967653698126,0.0,0.0,8388608.0,0.0,238733292669.84543,2.972944827761559e-05,1.3588329560514944e+16,-1.0409391858035022e-05
golovin_controlled_timestep_screen_v1_N016384_dt0p25_m002,golovin,golovin_controlled_timestep_screen_v1,controlled,17,2,not_applicable,10837499897406224020,16384,0.25,300.0,3600.0,300.00001192092896,16384,5.382016456544134,0.9982363487392951,1.3253489417053288e-09,5382016.456544134,238740390395.3363,3.287626805435369e+16,116.99537658691406,0.6266995071436766,0.0,0.0,86.95756530761719,0.037085928836188414,0.08736983742784649,0.0,0.0,0.12427008791359706,0.0,0.0,0.1688110672177781,0.0,0.0,0.12427008791359706,0.0,0.0,5348803.665523084,0.006209386827026542,238733292669.84543,2.973077366585919e-05,3.3422009487832736e+16,-0.016328803738677844
golovin_controlled_timestep_screen_v1_N016384_dt0p25_m002,golovin,golovin_controlled_timestep_screen_v1,controlled,17,2,not_applicable,10837499897406224020,16384,0.25,300.0,3600.0,600.0000238418579,16384,3.4536487889706398,0.998236347819151,4.03579170082935e-10,3453648.78897064,238740390175.27264,7.975450986309062e+16,158.55091857910156,0.7830975134836131,0.0,0.0,126.08612823486328,0.04282925129976665,0.07865050149709277,0.0,0.0,0.12862514558437513,0.0,0.0,0.1736463030704597,0.0,0.0,0.12862514558437513,0.0,0.0,3410542.089022777,0.012639251715029998,238733292669.84543,2.972985186877608e-05,8.220515356432454e+16,-0.029811314680123102
golovin_controlled_timestep_screen_v1_N016384_dt0p25_m002,golovin,golovin_controlled_timestep_screen_v1,controlled,17,2,not_applicable,10837499897406224020,16384,0.25,300.0,3600.0,899.9999761581421,16384,2.2310525432077912,0.9982363478100857,3.944977677861061e-10,2231052.543207791,238740390173.1045,1.9093023176141136e+17,221.50770568847656,0.870392062934888,0.0,0.0,171.91343688964844,0.057743656542947164,0.10104898954016005,0.0,0.0,0.1486407070275507,0.0,0.0,0.18988217783523395,0.0,0.0,0.1486407070275507,0.0,0.0,2174654.2046287498,0.025934393826382962,238733292669.84543,2.9729842786929694e-05,2.021926918134987e+17,-0.055701617853110896
golovin_controlled_timestep_screen_v1_N016384_dt0p25_m002,golovin,golovin_controlled_timestep_screen_v1,controlled,17,2,not_applicable,10837499897406224020,16384,0.25,300.0,3600.0,1200.0000476837158,16384,1.4155014472692704,0.9982363468378614,-5.794441593209854e-10,1415501.4472692704,238740389940.58524,4.7982283421609126e+17,308.39617919921875,0.921971203065909,0.0,0.0,236.59848022460938,0.05366856866665848,0.09322549569527819,0.0,0.0,0.13484947247760445,0.0,0.0,0.17706487906033155,0.0,0.0,0.13484947247760445,0.0,0.0,1386618.2972187817,0.020829921333377355,238733292669.84543,2.9728868816025766e-05,4.97315526712769e+17,-0.03517423357421312
golovin_controlled_timestep_screen_v1_N016384_dt0p25_m002,golovin,golovin_controlled_timestep_screen_v1,controlled,17,2,not_applicable,10837499897406224020,16384,0.25,300.0,3600.0,1500.0,16384,0.9087138037296648,0.9982363464905024,-9.274169210371497e-10,908713.8037296648,238740389857.51016,1.2091435522772628e+18,468.08526611328125,0.9517579016670114,0.0,0.0,318.6636962890625,0.0597806667639346,0.09553230913252204,0.0,0.0,0.13239377830598933,0.0,0.0,0.19412308090416697,0.0,0.0,0.13239377830598933,0.0,0.0,884145.4617925527,0.02778766956208889,238733292669.84543,2.9728520833272043e-05,1.2232026906685448e+18,-0.01149371113923714
golovin_controlled_timestep_screen_v1_N016384_dt0p25_m002,golovin,golovin_controlled_timestep_screen_v1,controlled,17,2,not_applicable,10837499897406224020,16384,0.25,300.0,3600.0,1799.9999523162842,16384,0.5806303200036593,0.9982363474465542,3.032396556079675e-11,580630.3200036593,238740390086.16156,2.8360852214246666e+18,536.5325927734375,0.969914576472457,0.0,0.0,423.1717834472656,0.035884423200978545,0.09473720164482463,0.0,0.0,0.13350130980784572,0.0,0.0,0.18828906303184653,0.0,0.0,0.13350130980784572,0.0,0.0,563755.1438462138,0.029933520503803823,238733292669.84543,2.9729478602469328e-05,3.0086026719268946e+18,-0.057341387120332876
golovin_controlled_timestep_screen_v1_N016384_dt0p25_m002,golovin,golovin_controlled_timestep_screen_v1,controlled,17,2,not_applicable,10837499897406224020,16384,0.25,300.0,3600.0,2099.9999046325684,16384,0.3686761532459908,0.9982363477904995,3.7487701831651066e-10,368676.1532459908,238740390168.4203,7.440109240039703e+18,720.7960205078125,0.9813353141181422,0.0,0.0,618.6036987304688,0.047497228516474144,0.09058040134956442,0.0,0.0,0.1253163778292429,0.0,0.0,0.18886985413673185,0.0,0.0,0.1253163778292429,0.0,0.0,359465.58111456485,0.02562295979177609,238733292669.84543,2.9729823165736136e-05,7.39999192822117e+18,0.005421264267267523
golovin_controlled_timestep_screen_v1_N016384_dt0p25_m002,golovin,golovin_controlled_timestep_screen_v1,controlled,17,2,not_applicable,10837499897406224020,16384,0.25,300.0,3600.0,2400.0000953674316,16384,0.23590977743412547,0.9982363510952745,3.6854908014305465e-09,235909.77743412548,238740390958.7975,1.864052166814201e+19,1010.001953125,0.9882369162368941,0.0009539676036969593,0.0009539676036969593,820.1317749023438,0.0631573097783006,0.10570906940739169,0.0,0.0,0.1414280564724319,0.0,0.0,0.1908158626779423,0.0,0.0,0.1414280564724319,0.0,0.0,229204.92913507385,0.029252635728005627,238733292669.84543,2.973313387788501e-05,1.8201113831406539e+19,0.024141810265329022
golovin_controlled_timestep_screen_v1_N016384_dt0p25_m002,golovin,golovin_controlled_timestep_screen_v1,controlled,17,2,not_applicable,10837499897406224020,16384,0.25,300.0,3600.0,2700.000047683716,16384,0.15066774750753875,0.9982363474480974,3.1870062144889744e-11,150667.74750753876,238740390086.53064,4.511977310848984e+19,1269.254638671875,0.9925252008266383,0.022466964519084327,0.022466964519084327,1060.3929443359375,0.07403657535966252,0.11596525028514355,0.0,0.0,0.14445437580621623,0.0,0.0,0.20675166521545144,0.0,0.0,0.14445437580621623,0.0,0.0,146147.28387886327,0.030930876775119298,238733292669.84543,2.9729480148565912e-05,4.476765798748041e+19,0.007865390704778319
golovin_controlled_timestep_screen_v1_N016384_dt0p25_m002,golovin,golovin_controlled_timestep_screen_v1,controlled,17,2,not_applicable,10837499897406224020,16384,0.25,300.0,3600.0,3000.0,16384,0.09604538011957807,0.9982363452754661,-2.144599831055416e-09,96045.38011957807,238740389566.91937,1.1041071174294297e+20,1757.847412109375,0.9952754079587866,0.14616376459607672,0.14616376459607672,1438.3282470703125,0.06337304257548071,0.13373482809938184,0.0,0.0,0.1786679891582702,0.0,0.0,0.23604846122069054,0.0,0.0,0.1786679891582702,0.0,0.0,93187.47491936282,0.030668340382527415,238733292669.84543,2.9727303613835687e-05,1.1011101959187887e+20,0.0027217271457016246
golovin_controlled_timestep_screen_v1_N016384_dt0p25_m002,golovin,golovin_controlled_timestep_screen_v1,controlled,17,2,not_applicable,10837499897406224020,16384,0.25,300.0,3600.0,3299.999952316284,16384,0.061193248534095565,0.9982363484541864,1.0397365191039398e-09,61193.24853409557,238740390327.14908,2.8546779065530512e+20,2312.87255859375,0.9969935549889785,0.358132013564391,0.358132013564391,2049.130859375,0.06688900265634577,0.12211185730176086,0.0,0.0,0.17891033127768693,0.0,0.0,0.2569214368349307,0.0,0.0,0.17891033127768693,0.0,0.0,59418.863295774216,0.02986232216339868,238733292669.84543,2.9730488044998893e-05,2.7083026409274727e+20,0.05404686441373907
golovin_controlled_timestep_screen_v1_N016384_dt0p25_m002,golovin,golovin_controlled_timestep_screen_v1,controlled,17,2,not_applicable,10837499897406224020,16384,0.25,300.0,3600.0,3599.9999046325684,16384,0.03902728285367744,0.9982363467119446,-7.055834805314021e-10,39027.28285367744,238740389910.4707,7.262445174539228e+20,3305.218017578125,0.9980705809337173,0.5589068670413266,0.5589068670413266,2783.259033203125,0.05177104105107835,0.1295504263389195,0.0,0.0,0.19325828925693564,0.0,0.0,0.2681756267539611,0.0,0.0,0.19325828925693564,0.0,0.0,37887.079979546696,0.03009476778749587,238733292669.84543,2.9728742673151842e-05,6.661370698447075e+20,0.0902328519612754
golovin_controlled_timestep_screen_v1_N016384_dt0p25_m003,golovin,golovin_controlled_timestep_screen_v1,controlled,18,3,not_applicable,10689183209771867904,16384,0.25,300.0,3600.0,0.0,16384,8.388608,0.9982363474162836,0.0,8388608.0,238740390078.92203,1.3588188114267852e+16,74.99010467529297,0.3426337917221375,0.0,0.0,57.375732421875,0.06298226571038221,0.0033285650941950098,0.0,0.0,0.007120967653698126,0.0,0.0,0.01348464728023573,0.0,0.0,0.007120967653698126,0.0,0.0,8388608.0,0.0,238733292669.84543,2.972944827761559e-05,1.3588329560514944e+16,-1.0409391858035022e-05
golovin_controlled_timestep_screen_v1_N016384_dt0p25_m003,golovin,golovin_controlled_timestep_screen_v1,controlled,18,3,not_applicable,10689183209771867904,16384,0.25,300.0,3600.0,300.00001192092896,16384,5.396291857776756,0.9982363489640473,1.5504981742964219e-09,5396291.857776756,238740390449.08853,3.2286811697401708e+16,110.89936065673828,0.6294934262462164,0.0,0.0,86.4991455078125,0.03655572762923982,0.07180194718356978,0.0,0.0,0.11191737712297334,0.0,0.0,0.16196005545946882,0.0,0.0,0.11191737712297334,0.0,0.0,5348803.665523084,0.008878282925164793,238733292669.84543,2.973099882175312e-05,3.3422009487832736e+16,-0.03396557561400659
golovin_controlled_timestep_screen_v1_N016384_dt0p25_m003,golovin,golovin_controlled_timestep_screen_v1,controlled,18,3,not_applicable,10689183209771867904,16384,0.25,300.0,3600.0,600.0000238418579,16384,3.410520383330154,0.9982363483461428,9.31501986656258e-10,3410520.3833301538,238740390301.30914,7.96056477268831e+16,148.3369598388672,0.7899672786656358,0.0,0.0,122.08338928222656,0.024676874420877296,0.07502188589641844,0.0,0.0,0.12925326475153304,0.0,0.0,0.17882378446676958,0.0,0.0,0.12925326475153304,0.0,0.0,3410542.089022777,-6.364294020344552e-06,238733292669.84543,2.973037980735782e-05,8.220515356432454e+16,-0.031622176040427386
golovin_controlled_timestep_screen_v1_N016384_dt0p25_m003,golovin,golovin_controlled_timestep_screen_v1,controlled,18,3,not_applicable,10689183209771867904,16384,0.25,300.0,3600.0,899.9999761581421,16384,2.198808444699727,0.9982363491434025,1.7301702293082144e-09,2198808.444699727,238740390491.98352,1.9343582867706838e+17,202.7262725830078,0.8730529444269275,0.0,0.0,165.14663696289062,0.03195827248632674,0.0686467517185118,0.0,0.0,0.1158631935396804,0.0,0.0,0.17254670792954593,0.0,0.0,0.1158631935396804,0.0,0.0,2174654.2046287498,0.011107163621492111,238733292669.84543,2.9731178499359245e-05,2.021926918134987e+17,-0.04330949381942839
golovin_controlled_timestep_screen_v1_N016384_dt0p25_m003,golovin,golovin_controlled_timestep_screen_v1,controlled,18,3,not_applicable,10689183209771867904,16384,0.25,300.0,3600.0,1200.0000476837158,16384,1.399589008997946,0.998236347790698,3.750759702825235e-10,1399589.0089979458,238740390168.46774,4.678039097050633e+17,284.8895263671875,0.9238161269481346,0.0,0.0,230.6240997314453,0.03244844659175014,0.10326895551891728,0.0,0.0,0.13123341028673174,0.0,0.0,0.1914501952586806,0.0,0.0,0.13123341028673174,0.0,0.0,1386618.2972187817,0.009354204978529568,238733292669.84543,2.9729823364466057e-05,4.97315526712769e+17,-0.05934183716880115
golovin_controlled_timestep_screen_v1_N016384_dt0p25_m003,golovin,golovin_controlled_timestep_screen_v1,controlled,18,3,not_applicable,10689183209771867904,16384,0.25,300.0,3600.0,1500.0,16384,0.8882178559887414,0.9982363482406763,8.258491668300394e-10,888217.8559887414,238740390276.08554,1.1684065568021117e+18,443.21124267578125,0.952779961690554,0.0,0.0,315.99444580078125,0.025936185336735678,0.07603894089310913,0.0,0.0,0.11589685075489194,0.0,0.0,0.17674734851001098,0.0,0.0,0.11589685075489194,0.0,0.0,884145.4617925527,0.004606022845982993,238733292669.84543,2.9730274151207325e-05,1.2232026906685448e+18,-0.044797264005758564
golovin_controlled_timestep_screen_v1_N016384_dt0p25_m003,golovin,golovin_controlled_timestep_screen_v1,controlled,18,3,not_applicable,10689183209771867904,16384,0.25,300.0,3600.0,1799.9999523162842,16384,0.5712453387054549,0.9982363483842525,9.696790037594383e-10,571245.338705455,238740390310.42352,2.8291834605993057e+18,573.7147827148438,0.9701946707891494,0.0,0.0,422.07330322265625,0.03762363975012114,0.09228446945153951,0.0,0.0,0.13433930613837192,0.0,0.0,0.18628251718328198,0.0,0.0,0.13433930613837192,0.0,0.0,563755.1438462138,0.013286255462148677,238733292669.84543,2.9730417985263102e-05,3.0086026719268946e+18,-0.05963539586058986
golovin_controlled_timestep_screen_v1_N016384_dt0p25_m003,golovin,golovin_controlled_timestep_screen_v1,controlled,18,3,not_applicable,10689183209771867904,16384,0.25,300.0,3600.0,2099.9999046325684,16384,0.36250056618150645,0.9982363465688484,-8.489324798688358e-10,362500.56618150644,238740389876.24756,6.873388431530534e+18,778.4922485351562,0.9813688791036755,0.0,0.0,580.26611328125,0.04409143496195579,0.1072141269314488,0.0,0.0,0.14251770576570136,0.0,0.0,0.19192500892247547,0.0,0.0,0.14251770576570136,0.0,0.0,359465.58111456485,0.008443047753087463,238733292669.84543,2.972859932004468e-05,7.39999192822117e+18,-0.0711627123108528
golovin_controlled_timestep_screen_v1_N016384_dt0p25_m003,golovin,golovin_controlled_timestep_screen_v1,controlled,18,3,not_applicable,10689183209771867904,16384,0.25,300.0,3600.0,2400.0000953674316,16384,0.23106520697958366,0.9982363474073465,-8.952949492879725e-12,231065.20697958366,238740390076.78455,1.7073377171855477e+19,960.80859375,0.9882609860697054,0.0,0.0,799.0357055664062,0.03914480068942229,0.08293748109136985,0.0,0.0,0.1178166169401955,0.0,0.0,0.17092256893614025,0.0,0.0,0.1178166169401955,0.0,0.0,229204.92913507385,0.00811622093612785,238733292669.84543,2.972943932433303e-05,1.8201113831406539e+19,-0.0619597608144794
golovin_controlled_timestep_screen_v1_N016384_dt0p25_m003,golovin,golovin_controlled_timestep_screen_v1,controlled,18,3,not_applicable,10689183209771867904,16384,0.25,300.0,3600.0,2700.000047683716,16384,0.14733056488622306,0.9982363473191311,-9.732414874008555e-11,147330.56488622306,238740390055.6868,4.246885094144688e+19,1310.76220703125,0.9925639543907108,0.018020975578380647,0.018020975578380647,1052.146484375,0.05790101967746986,0.11680649657885671,0.0,0.0,0.16936689929398743,0.0,0.0,0.21267069519480508,0.0,0.0,0.16936689929398743,0.0,0.0,146147.28387886327,0.008096496739142811,238733292669.84543,2.972935095058027e-05,4.476765798748041e+19,-0.051349727668943634
golovin_controlled_timestep_screen_v1_N016384_dt0p25_m003,golovin,golovin_controlled_timestep_screen_v1,controlled,18,3,not_applicable,10689183209771867904,16384,0.25,300.0,3600.0,3000.0,16384,0.0943489362469342,0.998236346024989,-1.3937527798546512e-09,94348.9362469342,238740389746.1769,1.0663410407062151e+20,1650.86279296875,0.9952570780205077,0.1311931201792544,0.1311931201792544,1444.360107421875,0.048111441932320566,0.11736884776049696,0.0,0.0,0.16125866370117783,0.0,0.0,0.2397256054568312,0.0,0.0,0.16125866370117783,0.0,0.0,93187.47491936282,0.012463706400204666,238733292669.84543,2.9728054483424415e-05,1.1011101959187887e+20,-0.03157645378404794
golovin_controlled_timestep_screen_v1_N016384_dt0p25_m003,golovin,golovin_controlled_timestep_screen_v1,controlled,18,3,not_applicable,10689183209771867904,16384,0.25,300.0,3600.0,3299.999952316284,16384,0.060194208467494154,0.9982363475108713,9.475487061649801e-11,60194.20846749415,238740390101.5438,2.5234781725363736e+20,2226.65625,0.9969829370214931,0.3261078946726238,0.3261078946726238,1849.540771484375,0.056170827032462914,0.1371251197211009,0.0,0.0,0.1726854192958522,0.0,0.0,0.25127909267598125,0.0,0.0,0.1726854192958522,0.0,0.0,59418.863295774216,0.013048805189362689,238733292669.84543,2.972954303515074e-05,2.7083026409274727e+20,-0.0682436540134248
golovin_controlled_timestep_screen_v1_N016384_dt0p25_m003,golovin,golovin_controlled_timestep_screen_v1,controlled,18,3,not_applicable,10689183209771867904,16384,0.25,300.0,3600.0,3599.9999046325684,16384,0.03850038299949088,0.9982363489804855,1.566965446286872e-09,38500.38299949088,238740390453.01993,6.336218904808026e+20,3118.52001953125,0.9980768610323743,0.5306310746635143,0.5306310746635143,2687.179931640625,0.0631760905013274,0.13870012667836976,0.0,0.0,0.1869267608326995,0.0,0.0,0.2693684951217902,0.0,0.0,0.1869267608326995,0.0,0.0,37887.079979546696,0.01618765606310313,238733292669.84543,2.9731015289691243e-05,6.661370698447075e+20,-0.04881154470428284
golovin_controlled_timestep_screen_v1_N016384_dt0p25_m004,golovin,golovin_controlled_timestep_screen_v1,controlled,19,4,not_applicable,7649767742560776063,16384,0.25,300.0,3600.0,0.0,16384,8.388608,0.9982363474162836,0.0,8388608.0,238740390078.92203,1.3588188114267852e+16,74.99010467529297,0.3426337917221375,0.0,0.0,57.375732421875,0.06294383956657063,0.0033285650941950098,0.0,0.0,0.007120967653698126,0.0,0.0,0.01348464728023573,0.0,0.0,0.007120967653698126,0.0,0.0,8388608.0,0.0,238733292669.84543,2.972944827761559e-05,1.3588329560514944e+16,-1.0409391858035022e-05
golovin_controlled_timestep_screen_v1_N016384_dt0p25_m004,golovin,golovin_controlled_timestep_screen_v1,controlled,19,4,not_applicable,7649767742560776063,16384,0.25,300.0,3600.0,300.00001192092896,16384,5.364073639392137,0.998236346709244,-7.082888719978087e-10,5364073.639392137,238740389909.82483,3.3475324449840156e+16,114.79657745361328,0.6251775149023311,0.0,0.0,88.47279357910156,0.04063592869424521,0.06780201069340977,0.0,0.0,0.10781104682126466,0.0,0.0,0.1512650822243678,0.0,0.0,0.10781104682126466,0.0,0.0,5348803.665523084,0.0028548391049532107,238733292669.84543,2.972873996753833e-05,3.3422009487832736e+16,0.001595205160444646
golovin_controlled_timestep_screen_v1_N016384_dt0p25_m004,golovin,golovin_controlled_timestep_screen_v1,controlled,19,4,not_applicable,7649767742560776063,16384,0.25,300.0,3600.0,600.0000238418579,16384,3.418271964806754,0.998236347491611,7.546052671614234e-11,3418271.9648067537,238740390096.93747,8.377588210839758e+16,163.77589416503906,0.7889621402920799,0.0,0.0,123.03544616699219,0.03849384172089113,0.07716633762399706,0.0,0.0,0.12097690535929696,0.0,0.0,0.18868149887236615,0.0,0.0,0.12097690535929696,0.0,0.0,3410542.089022777,0.0022664654422110964,238733292669.84543,2.972952374036275e-05,8.220515356432454e+16,0.019107421809557934
golovin_controlled_timestep_screen_v1_N016384_dt0p25_m004,golovin,golovin_controlled_timestep_screen_v1,controlled,19,4,not_applicable,7649767742560776063,16384,0.25,300.0,3600.0,899.9999761581421,16384,2.1623861437538263,0.9982363491022183,1.688913231490119e-09,2162386.143753826,238740390482.1338,2.0798108310804083e+17,222.69351196289062,0.875927950390174,0.0,0.0,173.36328125,0.0298036649598972,0.08286228589976136,0.0,0.0,0.12062432898843141,0.0,0.0,0.1811348136959458,0.0,0.0,0.12062432898843141,0.0,0.0,2174654.2046287498,-0.005641384661897564,238733292669.84543,2.973113724102916e-05,2.021926918134987e+17,0.028628093540993715
golovin_controlled_timestep_screen_v1_N016384_dt0p25_m004,golovin,golovin_controlled_timestep_screen_v1,controlled,19,4,not_applicable,7649767742560776063,16384,0.25,300.0,3600.0,1200.0000476837158,16384,1.388107730803025,0.9982363472809621,-1.3556056277508333e-10,1388107.730803025,238740390046.55826,5.003479948049367e+17,286.34832763671875,0.9246320855340647,0.0,0.0,234.15255737304688,0.030542798708929092,0.07877334059815509,0.0,0.0,0.1305064295228739,0.0,0.0,0.1931552110064733,0.0,0.0,0.1305064295228739,0.0,0.0,1386618.2972187817,0.0010741482261056312,238733292669.84543,2.9729312713167033e-05,4.97315526712769e+17,0.0060976742717286925
golovin_controlled_timestep_screen_v1_N016384_dt0p25_m004,golovin,golovin_controlled_timestep_screen_v1,controlled,19,4,not_applicable,7649767742560776063,16384,0.25,300.0,3600.0,1500.0,16384,0.8908282075436001,0.9982363469583321,-4.587606960981816e-10,890828.2075436001,238740389969.39725,1.2207424780321697e+18,424.23291015625,0.9529322029530802,0.0,0.0,320.9754333496094,0.02294837404482707,0.0865010693884135,0.0,0.0,0.13287752331315553,0.0,0.0,0.17604387074906533,0.0,0.0,0.13287752331315553,0.0,0.0,884145.4617925527,0.007558423404106618,238733292669.84543,2.9728989503041703e-05,1.2232026906685448e+18,-0.002011287789949523
golovin_controlled_timestep_screen_v1_N016384_dt0p25_m004,golovin,golovin_controlled_timestep_screen_v1,controlled,19,4,not_applicable,7649767742560776063,16384,0.25,300.0,3600.0,1799.9999523162842,16384,0.5697240539775297,0.9982363471721954,-2.4451940472403066e-10,569724.0539775296,238740390020.54535,2.93941095640556e+18,521.9362182617188,0.9703488340474747,0.0,0.0,421.0179748535156,0.021969792787881182,0.0923080780820219,0.0,0.0,0.121218369361604,0.0,0.0,0.17900421726143229,0.0,0.0,0.121218369361604,0.0,0.0,563755.1438462138,0.010587770588828649,238733292669.84543,2.9729203750994415e-05,3.0086026719268946e+18,-0.022997957213479525
golovin_controlled_timestep_screen_v1_N016384_dt0p25_m004,golovin,golovin_controlled_timestep_screen_v1,controlled,19,4,not_applicable,7649767742560776063,16384,0.25,300.0,3600.0,2099.9999046325684,16384,0.3618603870424693,0.9982363469891044,-4.279340215518346e-10,361860.3870424693,238740389976.75684,7.432315289025569e+18,694.996337890625,0.9814340188961618,0.0,0.0,591.7825927734375,0.03434623874199534,0.10958184900219453,0.0,0.0,0.13900486518037286,0.0,0.0,0.18907615288939006,0.0,0.0,0.13900486518037286,0.0,0.0,359465.58111456485,0.00666212859790094,238733292669.84543,2.9729020330826472e-05,7.39999192822117e+18,0.004368026494884214
golovin_controlled_timestep_screen_v1_N016384_dt0p25_m004,golovin,golovin_controlled_timestep_screen_v1,controlled,19,4,not_applicable,7649767742560776063,16384,0.25,300.0,3600.0,2400.0000953674316,16384,0.23121667256076317,0.9982363489963894,1.582897368734848e-09,231216.67256076317,238740390456.82352,1.8359479661971737e+19,939.649658203125,0.9883370776141438,0.0,0.0,794.0075073242188,0.03854521441780605,0.09102915590435119,0.0,0.0,0.14067583321002133,0.0,0.0,0.20303960305720561,0.0,0.0,0.14067583321002133,0.0,0.0,229204.92913507385,0.008777051319449392,238733292669.84543,2.973103122205778e-05,1.8201113831406539e+19,0.008700886771661809
golovin_controlled_timestep_screen_v1_N016384_dt0p25_m004,golovin,golovin_controlled_timestep_screen_v1,controlled,19,4,not_applicable,7649767742560776063,16384,0.25,300.0,3600.0,2700.000047683716,16384,0.1472428952216596,0.9982363512206099,3.811047699642245e-09,147242.8952216596,238740390988.773,4.870893313146189e+19,1393.78271484375,0.9926680389313816,0.029228639087525352,0.029228639087525352,1153.0760498046875,0.05362737010482686,0.10146201624336132,0.0,0.0,0.14442701014261472,0.0,0.0,0.22100250241033187,0.0,0.0,0.14442701014261472,0.0,0.0,146147.28387886327,0.00749662473169499,238733292669.84543,2.973325943855798e-05,4.476765798748041e+19,0.08803844831649843
golovin_controlled_timestep_screen_v1_N016384_dt0p25_m004,golovin,golovin_controlled_timestep_screen_v1,controlled,19,4,not_applicable,7649767742560776063,16384,0.25,300.0,3600.0,3000.0,16384,0.09409340748604793,0.998236349094603,1.6812846670433146e-09,94093.40748604793,238740390480.31253,1.1641736008272018e+20,1825.530517578125,0.9953290644557669,0.15238773061960612,0.15238773061960612,1529.501708984375,0.041003669473354695,0.1048924720803022,0.0,0.0,0.16578241211149425,0.0,0.0,0.23052883436334207,0.0,0.0,0.16578241211149425,0.0,0.0,93187.47491936282,0.00972161299003993,238733292669.84543,2.9731129612242668e-05,1.1011101959187887e+20,0.05727256467350372
golovin_controlled_timestep_screen_v1_N016384_dt0p25_m004,golovin,golovin_controlled_timestep_screen_v1,controlled,19,4,not_applicable,7649767742560776063,16384,0.25,300.0,3600.0,3299.999952316284,16384,0.06012638609129568,0.9982363463623352,-1.0558105500990678e-09,60126.38609129568,238740389826.8574,2.7401152123152286e+20,2244.09814453125,0.9970244912601781,0.35041647132179465,0.35041647132179465,1933.630615234375,0.035267375325287675,0.11571379771060265,0.0,0.0,0.16258390767008987,0.0,0.0,0.23042957796062258,0.0,0.0,0.16258390767008987,0.0,0.0,59418.863295774216,0.011907376820717186,238733292669.84543,2.97283924357572e-05,2.7083026409274727e+20,0.01174631332075271
golovin_controlled_timestep_screen_v1_N016384_dt0p25_m004,golovin,golovin_controlled_timestep_screen_v1,controlled,19,4,not_applicable,7649767742560776063,16384,0.25,300.0,3600.0,3599.9999046325684,16384,0.03830333060777044,0.998236346410761,-1.007299244015769e-09,38303.33060777044,238740389838.439,6.989709417499422e+20,3193.209716796875,0.9981066835881727,0.5580563406287544,0.5580563406287544,2637.433837890625,0.03741436703912086,0.13125925737431085,0.0,0.0,0.19074607327548998,0.0,0.0,0.26942628454515755,0.0,0.0,0.19074607327548998,0.0,0.0,37887.079979546696,0.010986611489944842,238733292669.84543,2.9728440948506574e-05,6.661370698447075e+20,0.04928996356994353
golovin_controlled_timestep_screen_v1_N016384_dt0p5_m000,golovin,golovin_controlled_timestep_screen_v1,controlled,10,0,not_applicable,1944431086028390590,16384,0.5,300.0,3600.0,0.0,16384,8.388608,0.9982363474162836,0.0,8388608.0,238740390078.92203,1.3588188114267852e+16,74.99010467529297,0.3426337917221375,0.0,0.0,57.375732421875,0.06298840378647116,0.0033285650941950098,0.0,0.0,0.007120967653698126,0.0,0.0,0.01348464728023573,0.0,0.0,0.007120967653698126,0.0,0.0,8388608.0,0.0,238733292669.84543,2.972944827761559e-05,1.3588329560514944e+16,-1.0409391858035022e-05
golovin_controlled_timestep_screen_v1_N016384_dt0p5_m000,golovin,golovin_controlled_timestep_screen_v1,controlled,10,0,not_applicable,1944431086028390590,16384,0.5,300.0,3600.0,300.00001192092896,16384,5.314104816865797,0.9982363495180346,2.1054642473927743e-09,5314104.816865797,238740390581.5814,3.427685824097345e+16,118.17140197753906,0.6393581771817348,0.0,0.0,87.8241195678711,0.05359307304539623,0.07290945597282389,0.0,0.0,0.13081003001833943,0.0,0.0,0.17045397570350868,0.0,0.0,0.13081003001833943,0.0,0.0,5348803.665523084,-0.006487216736135948,238733292669.84543,2.9731553804701605e-05,3.3422009487832736e+16,0.025577419378446375
golovin_controlled_timestep_screen_v1_N016384_dt0p5_m000,golovin,golovin_controlled_timestep_screen_v1,controlled,10,0,not_applicable,1944431086028390590,16384,0.5,300.0,3600.0,600.0000238418579,16384,3.3964413743893496,0.9982363473292448,-8.719258648426376e-11,3396441.3743893495,238740390058.1056,8.295108563362995e+16,164.03790283203125,0.7901921669928231,0.0,0.0,127.90914916992188,0.032526572907667035,0.0968084164964322,0.0,0.0,0.14257138000382055,0.0,0.0,0.18845976983342763,0.0,0.0,0.14257138000382055,0.0,0.0,3410542.089022777,-0.004134449675555207,238733292669.84543,2.9729361082253547e-05,8.220515356432454e+16,0.009074030483036788
golovin_controlled_timestep_screen_v1_N016384_dt0p5_m000,golovin,golovin_controlled_timestep_screen_v1,controlled,10,0,not_applicable,1944431086028390590,16384,0.5,300.0,3600.0,899.9999761581421,16384,2.148172213116312,0.9982363486018833,1.1876943872835e-09,2148172.213116312,238740390362.47256,2.1349776074223594e+17,232.56094360351562,0.8764389655633911,0.0,0.0,175.38548278808594,0.044307801634614584,0.09856673979328921,0.0,0.0,0.15025576841912905,0.0,0.0,0.19773126522104903,0.0,0.0,0.15025576841912905,0.0,0.0,2174654.2046287498,-0.012177564348424208,238733292669.84543,2.973063600708592e-05,2.021926918134987e+17,0.055912351862672516
golovin_controlled_timestep_screen_v1_N016384_dt0p5_m000,golovin,golovin_controlled_timestep_screen_v1,controlled,10,0,not_applicable,1944431086028390590,16384,0.5,300.0,3600.0,1200.0000476837158,16384,1.3685340752741981,0.9982363476696337,2.5379764956312556e-10,1368534.075274198,238740390139.51376,5.1597592637149894e+17,315.44476318359375,0.9268717854562802,0.0,0.0,237.32054138183594,0.03749114988910217,0.09189380524434361,0.0,0.0,0.12959952204779204,0.0,0.0,0.1745122910793776,0.0,0.0,0.12959952204779204,0.0,0.0,1386618.2972187817,-0.013041961137290725,238733292669.84543,2.972970208281467e-05,4.97315526712769e+17,0.0375222542961291
golovin_controlled_timestep_screen_v1_N016384_dt0p5_m000,golovin,golovin_controlled_timestep_screen_v1,controlled,10,0,not_applicable,1944431086028390590,16384,0.5,300.0,3600.0,1500.0,16384,0.8770904124837657,0.9982363477589414,3.432631956457044e-10,877090.4124837657,238740390160.87277,1.2950762960665667e+18,409.2500305175781,0.9547668387346973,0.0,0.0,325.8918151855469,0.04243533868965095,0.09233647376759453,0.0,0.0,0.11562001678511419,0.0,0.0,0.1797896186997429,0.0,0.0,0.11562001678511419,0.0,0.0,884145.4617925527,-0.00797951198492075,238733292669.84543,2.9729791551025286e-05,1.2232026906685448e+18,0.05875854095672328
golovin_controlled_timestep_screen_v1_N016384_dt0p5_m000,golovin,golovin_controlled_timestep_screen_v1,controlled,10,0,not_applicable,1944431086028390590,16384,0.5,300.0,3600.0,1799.9999523162842,16384,0.561040600986858,0.9982363471086496,-3.081775945545928e-10,561040.600986858,238740390005.34753,3.206130730021847e+18,560.1322631835938,0.9711874411472712,0.0,0.0,441.2063293457031,0.03740574513785246,0.0891785221790134,0.0,0.0,0.1280876698490709,0.0,0.0,0.18174347640048635,0.0,0.0,0.1280876698490709,0.0,0.0,563755.1438462138,-0.0048151096960923345,238733292669.84543,2.9729140090806183e-05,3.0086026719268946e+18,0.06565441822480445
golovin_controlled_timestep_screen_v1_N016384_dt0p5_m000,golovin,golovin_controlled_timestep_screen_v1,controlled,10,0,not_applicable,1944431086028390590,16384,0.5,300.0,3600.0,2099.9999046325684,16384,0.35727001459658236,0.9982363467712742,-6.461490231757239e-10,357270.0145965824,238740389924.6601,7.749492635349057e+18,732.0398559570312,0.9817695978995935,0.0,0.0,583.1382446289062,0.03483977156486479,0.09064969922293459,0.0,0.0,0.12604539966007527,0.0,0.0,0.1912019888418589,0.0,0.0,0.12604539966007527,0.0,0.0,359465.58111456485,-0.00610786298697874,238733292669.84543,2.972880210916351e-05,7.39999192822117e+18,0.04722987680500079
golovin_controlled_timestep_screen_v1_N016384_dt0p5_m000,golovin,golovin_controlled_timestep_screen_v1,controlled,10,0,not_applicable,1944431086028390590,16384,0.5,300.0,3600.0,2400.0000953674316,16384,0.2282381015979389,0.9982363476447397,2.2885959793939037e-10,228238.1015979389,238740390133.56006,1.911444233712173e+19,1028.376220703125,0.9884856210290206,0.0010565033481847483,0.0010565033481847483,825.791748046875,0.02850423518088778,0.1076114499847606,0.0,0.0,0.15945125021740897,0.0,0.0,0.20476614413581865,0.0,0.0,0.15945125021740897,0.0,0.0,229204.92913507385,-0.004218179516397691,238733292669.84543,2.972967714409691e-05,1.8201113831406539e+19,0.05017981394848592
golovin_controlled_timestep_screen_v1_N016384_dt0p5_m000,golovin,golovin_controlled_timestep_screen_v1,controlled,10,0,not_applicable,1944431086028390590,16384,0.5,300.0,3600.0,2700.000047683716,16384,0.1456763689564873,0.9982363462595218,-1.1588054960043337e-09,145676.3689564873,238740389802.26828,4.536960380054741e+19,1244.5924072265625,0.9926883008746745,0.01924938956157808,0.01924938956157808,1065.035888671875,0.031042578042923236,0.09574586044058976,0.0,0.0,0.14582147478855484,0.0,0.0,0.20869099338701988,0.0,0.0,0.14582147478855484,0.0,0.0,146147.28387886327,-0.003222194144684165,238733292669.84543,2.9728289437480626e-05,4.476765798748041e+19,0.013445997403646492
golovin_controlled_timestep_screen_v1_N016384_dt0p5_m000,golovin,golovin_controlled_timestep_screen_v1,controlled,10,0,not_applicable,1944431086028390590,16384,0.5,300.0,3600.0,3000.0,16384,0.09289152679676063,0.9982363438051386,-3.6175250572867412e-09,92891.52679676063,238740389215.2726,1.1627058712275224e+20,1794.876953125,0.9953523695417941,0.15342128923073858,0.15342128923073858,1487.04150390625,0.034662166637862986,0.0927446284488008,0.0,0.0,0.14976314738428434,0.0,0.0,0.2211392314383286,0.0,0.0,0.14976314738428434,0.0,0.0,93187.47491936282,-0.0031758358390789887,238733292669.84543,2.9725830644755646e-05,1.1011101959187887e+20,0.05593961034693451
golovin_controlled_timestep_screen_v1_N016384_dt0p5_m000,golovin,golovin_controlled_timestep_screen_v1,controlled,10,0,not_applicable,1944431086028390590,16384,0.5,300.0,3600.0,3299.999952316284,16384,0.05921438099949824,0.9982363493771693,1.9643500159816085e-09,59214.38099949824,238740390547.8917,2.9832889591549506e+20,2329.804931640625,0.9970372241258012,0.35820728745666314,0.35820728745666314,2191.166748046875,0.04309347632267265,0.13578240038042416,0.0,0.0,0.17715220682086275,0.0,0.0,0.24647746655505964,0.0,0.0,0.17715220682086275,0.0,0.0,59418.863295774216,-0.003441370045369485,238733292669.84543,2.97314126860293e-05,2.7083026409274727e+20,0.10153456045566145
golovin_controlled_timestep_screen_v1_N016384_dt0p5_m000,golovin,golovin_controlled_timestep_screen_v1,controlled,10,0,not_applicable,1944431086028390590,16384,0.5,300.0,3600.0,3599.9999046325684,16384,0.03760247425396739,0.9982363468711878,-5.460588647920872e-10,37602.47425396739,238740389948.5556,7.455798235768512e+20,3265.44384765625,0.9981219655915625,0.5545145962759778,0.5545145962759778,2983.9951171875,0.04506310770717562,0.15561941314394037,0.0,0.0,0.20177428822229834,0.0,0.0,0.28227076115337585,0.0,0.0,0.20177428822229834,0.0,0.0,37887.079979546696,-0.007511946704072958,238733292669.84543,2.9728902202208474e-05,6.661370698447075e+20,0.11925886927545348
golovin_controlled_timestep_screen_v1_N016384_dt0p5_m001,golovin,golovin_controlled_timestep_screen_v1,controlled,11,1,not_applicable,15564717190483251341,16384,0.5,300.0,3600.0,0.0,16384,8.388608,0.9982363474162836,0.0,8388608.0,238740390078.92203,1.3588188114267852e+16,74.99010467529297,0.3426337917221375,0.0,0.0,57.375732421875,0.06301722961929253,0.0033285650941950098,0.0,0.0,0.007120967653698126,0.0,0.0,0.01348464728023573,0.0,0.0,0.007120967653698126,0.0,0.0,8388608.0,0.0,238733292669.84543,2.972944827761559e-05,1.3588329560514944e+16,-1.0409391858035022e-05
golovin_controlled_timestep_screen_v1_N016384_dt0p5_m001,golovin,golovin_controlled_timestep_screen_v1,controlled,11,1,not_applicable,15564717190483251341,16384,0.5,300.0,3600.0,300.00001192092896,16384,5.35326387621904,0.9982363483931184,9.785605659118346e-10,5353263.87621904,238740390312.5439,3.281746101360484e+16,121.71112823486328,0.6358534547340724,0.0,0.0,85.33087921142578,0.031221432148636964,0.0870156995200334,0.0,0.0,0.12121941527022345,0.0,0.0,0.16862657300767164,0.0,0.0,0.12121941527022345,0.0,0.0,5348803.665523084,0.0008338707073332063,238733292669.84543,2.9730426867269344e-05,3.3422009487832736e+16,-0.018088334109532922
golovin_controlled_timestep_screen_v1_N016384_dt0p5_m001,golovin,golovin_controlled_timestep_screen_v1,controlled,11,1,not_applicable,15564717190483251341,16384,0.5,300.0,3600.0,600.0000238418579,16384,3.358595250081803,0.998236348208118,7.932332568572065e-10,3358595.250081803,238740390268.29886,8.191047988992094e+16,162.95904541015625,0.7934903471464775,0.0,0.0,121.35418701171875,0.03031036606209807,0.08312003497794272,0.0,0.0,0.1212736209877044,0.0,0.0,0.1727685215316776,0.0,0.0,0.1212736209877044,0.0,0.0,3410542.089022777,-0.015231255790148612,238733292669.84543,2.973024153463122e-05,8.220515356432454e+16,-0.003584613149259841
golovin_controlled_timestep_screen_v1_N016384_dt0p5_m001,golovin,golovin_controlled_timestep_screen_v1,controlled,11,1,not_applicable,15564717190483251341,16384,0.5,300.0,3600.0,899.9999761581421,16384,2.141004646933795,0.9982363478801314,4.646671936114899e-10,2141004.646933795,238740390189.8568,2.020123518679894e+17,202.74847412109375,0.8767450676442858,0.0,0.0,168.8450927734375,0.024340469472296664,0.09892868424692079,0.0,0.0,0.12432834468677602,0.0,0.0,0.17520916184764554,0.0,0.0,0.12432834468677602,0.0,0.0,2174654.2046287498,-0.01547352108824096,238733292669.84543,2.9729912958575966e-05,2.021926918134987e+17,-0.0008919211861307952
golovin_controlled_timestep_screen_v1_N016384_dt0p5_m001,golovin,golovin_controlled_timestep_screen_v1,controlled,11,1,not_applicable,15564717190483251341,16384,0.5,300.0,3600.0,1200.0000476837158,16384,1.3601858948603183,0.9982363478163155,4.0073855345212905e-10,1360185.8948603182,238740390174.59448,4.859906544096394e+17,282.2104187011719,0.9258144813068558,0.0,0.0,228.74285888671875,0.023208467193517626,0.09991955559408205,0.0,0.0,0.13468678052723523,0.0,0.0,0.17969813678343097,0.0,0.0,0.13468678052723523,0.0,0.0,1386618.2972187817,-0.01906249355823475,238733292669.84543,2.972984902815945e-05,4.97315526712769e+17,-0.02277200629143117
golovin_controlled_timestep_screen_v1_N016384_dt0p5_m001,golovin,golovin_controlled_timestep_screen_v1,controlled,11,1,not_applicable,15564717190483251341,16384,0.5,300.0,3600.0,1500.0,16384,0.8755533661851728,0.9982363496130505,2.2006481081859874e-09,875553.3661851728,238740390604.30554,1.1696450744415767e+18,400.30389404296875,0.9537802000792037,0.0,0.0,304.8004455566406,0.025352920025254234,0.09920714843211734,0.0,0.0,0.1332914775763695,0.0,0.0,0.18757461383508883,0.0,0.0,0.1332914775763695,0.0,0.0,884145.4617925527,-0.00971796607988007,238733292669.84543,2.973164899100489e-05,1.2232026906685448e+18,-0.04378474363696505
golovin_controlled_timestep_screen_v1_N016384_dt0p5_m001,golovin,golovin_controlled_timestep_screen_v1,controlled,11,1,not_applicable,15564717190483251341,16384,0.5,300.0,3600.0,1799.9999523162842,16384,0.5590158433186059,0.9982363468198107,-5.975268058122651e-10,559015.8433186059,238740389936.26822,2.943476558330563e+18,504.44073486328125,0.9710539064133132,0.0,0.0,426.6461181640625,0.02060527770016868,0.10606039085125811,0.0,0.0,0.1324657950356461,0.0,0.0,0.17450961868100423,0.0,0.0,0.1324657950356461,0.0,0.0,563755.1438462138,-0.008406664807125486,238733292669.84543,2.972885073315723e-05,3.0086026719268946e+18,-0.021646631575521602
golovin_controlled_timestep_screen_v1_N016384_dt0p5_m001,golovin,golovin_controlled_timestep_screen_v1,controlled,11,1,not_applicable,15564717190483251341,16384,0.5,300.0,3600.0,2099.9999046325684,16384,0.3561424222160119,0.998236346110493,-1.3080977412371908e-09,356142.4222160119,238740389766.6262,7.010243129871691e+18,696.2429809570312,0.9818112344291909,0.0,0.0,558.5877075195312,0.02976651716149158,0.1064385494321832,0.0,0.0,0.14503162235731,0.0,0.0,0.1900586454558153,0.0,0.0,0.14503162235731,0.0,0.0,359465.58111456485,-0.009244720699681741,238733292669.84543,2.972814014068348e-05,7.39999192822117e+18,-0.052668813983850926
golovin_controlled_timestep_screen_v1_N016384_dt0p5_m001,golovin,golovin_controlled_timestep_screen_v1,controlled,11,1,not_applicable,15564717190483251341,16384,0.5,300.0,3600.0,2400.0000953674316,16384,0.22644011957887494,0.9982363476262383,2.10325534766298e-10,226440.11957887493,238740390129.1352,1.7177130862637208e+19,882.599609375,0.9885321335155522,0.0,0.0,766.0217895507812,0.023918207536748053,0.1117984310105149,0.0,0.0,0.1445904287791127,0.0,0.0,0.19573637771006674,0.0,0.0,0.1445904287791127,0.0,0.0,229204.92913507385,-0.012062609502475286,238733292669.84543,2.9729658609367604e-05,1.8201113831406539e+19,-0.05625935743572019
golovin_controlled_timestep_screen_v1_N016384_dt0p5_m001,golovin,golovin_controlled_timestep_screen_v1,controlled,11,1,not_applicable,15564717190483251341,16384,0.5,300.0,3600.0,2700.000047683716,16384,0.14471138617636733,0.998236347502679,8.654787997386393e-11,144711.38617636735,238740390099.58444,4.278223216778417e+19,1190.8477783203125,0.9926551382502649,0.015041717961665122,0.015041717961665122,1037.8792724609375,0.02775630272078,0.1369179831494764,0.0,0.0,0.1597261580600327,0.0,0.0,0.20789088995264945,0.0,0.0,0.1597261580600327,0.0,0.0,146147.28387886327,-0.009825004368100965,238733292669.84543,2.9729534827938053e-05,4.476765798748041e+19,-0.044349557447286636
golovin_controlled_timestep_screen_v1_N016384_dt0p5_m001,golovin,golovin_controlled_timestep_screen_v1,controlled,11,1,not_applicable,15564717190483251341,16384,0.5,300.0,3600.0,3000.0,16384,0.09230524640284553,0.9982363462593847,-1.1589428305924798e-09,92305.24640284553,238740389802.23547,9.950940006665606e+19,1702.306884765625,0.9953097397488463,0.11934429240898893,0.11934429240898893,1336.572509765625,0.04616378542710771,0.11857223166224215,0.0,0.0,0.16711616947143929,0.0,0.0,0.23048294950764084,0.0,0.0,0.16711616947143929,0.0,0.0,93187.47491936282,-0.009467243503278766,238733292669.84543,2.9728289300035016e-05,1.1011101959187887e+20,-0.09628118570254995
golovin_controlled_timestep_screen_v1_N016384_dt0p5_m001,golovin,golovin_controlled_timestep_screen_v1,controlled,11,1,not_applicable,15564717190483251341,16384,0.5,300.0,3600.0,3299.999952316284,16384,0.05890057479535211,0.9982363480209975,6.057823132010753e-10,58900.574795352106,238740390223.54663,2.4186610304307026e+20,2154.100830078125,0.9970240924336683,0.3348187318664234,0.3348187318664234,1863.1358642578125,0.061185069868650556,0.14363834632876094,0.0,0.0,0.18046961748454277,0.0,0.0,0.2455781998392807,0.0,0.0,0.18046961748454277,0.0,0.0,59418.863295774216,-0.008722625638968973,238733292669.84543,2.9730054077692358e-05,2.7083026409274727e+20,-0.10694580661693731
golovin_controlled_timestep_screen_v1_N016384_dt0p5_m001,golovin,golovin_controlled_timestep_screen_v1,controlled,11,1,not_applicable,15564717190483251341,16384,0.5,300.0,3600.0,3599.9999046325684,16384,0.037570071357964085,0.9982363489240503,1.5104306694269098e-09,37570.07135796409,238740390439.52274,6.015664521432539e+20,2869.038818359375,0.998102832234886,0.5502988654099444,0.5502988654099444,2568.519287109375,0.07133268366176326,0.13218265326890286,0.0,0.0,0.18944762386879696,0.0,0.0,0.2577310232932772,0.0,0.0,0.18944762386879696,0.0,0.0,37887.079979546696,-0.008367195934702476,238733292669.84543,2.973095875291598e-05,6.661370698447075e+20,-0.09693292960937694
golovin_controlled_timestep_screen_v1_N016384_dt0p5_m002,golovin,golovin_controlled_timestep_screen_v1,controlled,12,2,not_applicable,10837499897406224020,16384,0.5,300.0,3600.0,0.0,16384,8.388608,0.9982363474162836,0.0,8388608.0,238740390078.92203,1.3588188114267852e+16,74.99010467529297,0.3426337917221375,0.0,0.0,57.375732421875,0.06295030676139454,0.0033285650941950098,0.0,0.0,0.007120967653698126,0.0,0.0,0.01348464728023573,0.0,0.0,0.007120967653698126,0.0,0.0,8388608.0,0.0,238733292669.84543,2.972944827761559e-05,1.3588329560514944e+16,-1.0409391858035022e-05
golovin_controlled_timestep_screen_v1_N016384_dt0p5_m002,golovin,golovin_controlled_timestep_screen_v1,controlled,12,2,not_applicable,10837499897406224020,16384,0.5,300.0,3600.0,300.00001192092896,16384,5.373115929326868,0.9982363472310173,-1.855936515582357e-10,5373115.929326869,238740390034.61328,3.305731519392292e+16,117.71321868896484,0.6323132722866701,0.0,0.0,86.40339660644531,0.03857731045536452,0.05990163533188012,0.0,0.0,0.09641633766184404,0.0,0.0,0.152167086144865,0.0,0.0,0.09641633766184404,0.0,0.0,5348803.665523084,0.004545364781380012,238733292669.84543,2.9729262678301893e-05,3.3422009487832736e+16,-0.010911800322556342
golovin_controlled_timestep_screen_v1_N016384_dt0p5_m002,golovin,golovin_controlled_timestep_screen_v1,controlled,12,2,not_applicable,10837499897406224020,16384,0.5,300.0,3600.0,600.0000238418579,16384,3.4281300915978425,0.9982363463598222,-1.0583279808074053e-09,3428130.0915978425,238740389826.25635,8.006468873850747e+16,165.48995971679688,0.7865073006400582,0.0,0.0,121.02488708496094,0.020988814358360083,0.07721012876416995,0.0,0.0,0.12008285965849563,0.0,0.0,0.17801868200082985,0.0,0.0,0.12008285965849563,0.0,0.0,3410542.089022777,0.005156952213454469,238733292669.84543,2.9728389917993425e-05,8.220515356432454e+16,-0.02603808560666676
golovin_controlled_timestep_screen_v1_N016384_dt0p5_m002,golovin,golovin_controlled_timestep_screen_v1,controlled,12,2,not_applicable,10837499897406224020,16384,0.5,300.0,3600.0,899.9999761581421,16384,2.2153114611428633,0.9982363487876953,1.3738346016367586e-09,2215311.461142863,238740390406.91177,2.001342366756744e+17,217.4613800048828,0.868938003855764,0.0,0.0,169.6212615966797,0.03847148925971522,0.09666894262590232,0.0,0.0,0.13818846968024934,0.0,0.0,0.18374875352815434,0.0,0.0,0.13818846968024934,0.0,0.0,2174654.2046287498,0.01869596390431849,238733292669.84543,2.9730822152851388e-05,2.021926918134987e+17,-0.010180660435160527
golovin_controlled_timestep_screen_v1_N016384_dt0p5_m002,golovin,golovin_controlled_timestep_screen_v1,controlled,12,2,not_applicable,10837499897406224020,16384,0.5,300.0,3600.0,1200.0000476837158,16384,1.4118129853298944,0.9982363475423941,1.2633316615051626e-10,1411812.9853298943,238740390109.08282,4.89483064301515e+17,282.6708679199219,0.9216315789852776,0.0,0.0,229.85140991210938,0.03792006812964278,0.08831842280856605,0.0,0.0,0.13716569808019854,0.0,0.0,0.19069805532501807,0.0,0.0,0.13716569808019854,0.0,0.0,1386618.2972187817,0.01816988003233999,238733292669.84543,2.9729574614556498e-05,4.97315526712769e+17,-0.01574948295506917
golovin_controlled_timestep_screen_v1_N016384_dt0p5_m002,golovin,golovin_controlled_timestep_screen_v1,controlled,12,2,not_applicable,10837499897406224020,16384,0.5,300.0,3600.0,1500.0,16384,0.906326364198617,0.9982363488796447,1.465946475320834e-09,906326.364198617,238740390428.90262,1.2274246585696612e+18,396.2131652832031,0.9513227154432071,0.0,0.0,317.19073486328125,0.045322220253989735,0.0990074420507093,0.0,0.0,0.1436306847101059,0.0,0.0,0.18431070658788246,0.0,0.0,0.1436306847101059,0.0,0.0,884145.4617925527,0.025087390440362345,238733292669.84543,2.9730914267611652e-05,1.2232026906685448e+18,0.003451568520348003
golovin_controlled_timestep_screen_v1_N016384_dt0p5_m002,golovin,golovin_controlled_timestep_screen_v1,controlled,12,2,not_applicable,10837499897406224020,16384,0.5,300.0,3600.0,1799.9999523162842,16384,0.5783697874012672,0.9982363469787199,-4.383368112925723e-10,578369.7874012672,238740389974.2733,3.00640176130745e+18,488.9732666015625,0.9694685650181886,0.0,0.0,429.7984619140625,0.043551387808995895,0.08959216543542829,0.0,0.0,0.13512094072070566,0.0,0.0,0.18495029384137712,0.0,0.0,0.13512094072070566,0.0,0.0,563755.1438462138,0.025923743161517132,238733292669.84543,2.9729009927814687e-05,3.0086026719268946e+18,-0.0007315391427327178
golovin_controlled_timestep_screen_v1_N016384_dt0p5_m002,golovin,golovin_controlled_timestep_screen_v1,controlled,12,2,not_applicable,10837499897406224020,16384,0.5,300.0,3600.0,2099.9999046325684,16384,0.3688391415195211,0.9982363470077371,-4.0926828592802167e-10,368839.1415195211,238740389981.2131,7.429304658137629e+18,688.8716430664062,0.9808839369005413,0.0,0.0,583.8048706054688,0.04446584951458529,0.089039306657236,0.0,0.0,0.12676807531468304,0.0,0.0,0.1748195773304542,0.0,0.0,0.12676807531468304,0.0,0.0,359465.58111456485,0.02607637809409291,238733292669.84543,2.9729038997006185e-05,7.39999192822117e+18,0.003961184039224408
golovin_controlled_timestep_screen_v1_N016384_dt0p5_m002,golovin,golovin_controlled_timestep_screen_v1,controlled,12,2,not_applicable,10837499897406224020,16384,0.5,300.0,3600.0,2400.0000953674316,16384,0.23556944228914048,0.9982363476807483,2.6493185423248633e-10,235569.44228914048,238740390142.17194,1.7814345757798537e+19,1042.5595703125,0.9879972838184358,0.001404220890506013,0.001404220890506013,771.9706420898438,0.03015940018531311,0.10461862591799721,0.0,0.0,0.14069586307708326,0.0,0.0,0.19550578233000165,0.0,0.0,0.14069586307708326,0.0,0.0,229204.92913507385,0.027767784829426212,238733292669.84543,2.9729713217241382e-05,1.8201113831406539e+19,-0.021249692584231927
golovin_controlled_timestep_screen_v1_N016384_dt0p5_m002,golovin,golovin_controlled_timestep_screen_v1,controlled,12,2,not_applicable,10837499897406224020,16384,0.5,300.0,3600.0,2700.000047683716,16384,0.1508721271199143,0.9982363458189223,-1.6001835412282617e-09,150872.1271199143,238740389696.89352,4.412495562314111e+19,1370.31884765625,0.9923752667821724,0.018873119776931173,0.018873119776931173,1071.4222412109375,0.024940399771901347,0.1006384490289095,0.0,0.0,0.1439038008045152,0.0,0.0,0.20666117195153424,0.0,0.0,0.1439038008045152,0.0,0.0,146147.28387886327,0.03232932638671082,238733292669.84543,2.972784804633477e-05,4.476765798748041e+19,-0.014356399088802818
golovin_controlled_timestep_screen_v1_N016384_dt0p5_m002,golovin,golovin_controlled_timestep_screen_v1,controlled,12,2,not_applicable,10837499897406224020,16384,0.5,300.0,3600.0,3000.0,16384,0.09620072363778387,0.9982363481060529,6.909879335381675e-10,96200.72363778387,238740390243.88867,1.056998079002741e+20,1622.7020263671875,0.9951984237045668,0.1345157203654651,0.1345157203654651,1378.382080078125,0.021784064004680706,0.112855108636803,0.0,0.0,0.1545635983139649,0.0,0.0,0.23401464779678066,0.0,0.0,0.1545635983139649,0.0,0.0,93187.47491936282,0.03233534035586305,238733292669.84543,2.9730139285755186e-05,1.1011101959187887e+20,-0.040061491646837144
golovin_controlled_timestep_screen_v1_N016384_dt0p5_m002,golovin,golovin_controlled_timestep_screen_v1,controlled,12,2,not_applicable,10837499897406224020,16384,0.5,300.0,3600.0,3299.999952316284,16384,0.06146314986251575,0.99823634645797,-9.60006740768904e-10,61463.14986251575,238740389849.72955,2.5169715362770934e+20,2015.6375732421875,0.9969461876875823,0.34372607499677565,0.34372607499677565,1750.85791015625,0.04632342394706435,0.15210875531923548,0.0,0.0,0.17949419684056236,0.0,0.0,0.2525410150401127,0.0,0.0,0.17949419684056236,0.0,0.0,59418.863295774216,0.03440467308446338,238733292669.84543,2.972848824200902e-05,2.7083026409274727e+20,-0.070646131550814
golovin_controlled_timestep_screen_v1_N016384_dt0p5_m002,golovin,golovin_controlled_timestep_screen_v1,controlled,12,2,not_applicable,10837499897406224020,16384,0.5,300.0,3600.0,3599.9999046325684,16384,0.03926788426557162,0.9982363495680873,2.155605471898525e-09,39267.88426557162,238740390593.55206,6.06044193182305e+20,2726.96923828125,0.9980489156628589,0.5567303009726196,0.5567303009726196,2497.16796875,0.054376552393138225,0.1447878517981731,0.0,0.0,0.1824220919196903,0.0,0.0,0.2461714186065903,0.0,0.0,0.1824220919196903,0.0,0.0,37887.079979546696,0.03644525486710393,238733292669.84543,2.9731603947036334e-05,6.661370698447075e+20,-0.09021097816461654
golovin_controlled_timestep_screen_v1_N016384_dt0p5_m003,golovin,golovin_controlled_timestep_screen_v1,controlled,13,3,not_applicable,10689183209771867904,16384,0.5,300.0,3600.0,0.0,16384,8.388608,0.9982363474162836,0.0,8388608.0,238740390078.92203,1.3588188114267852e+16,74.99010467529297,0.3426337917221375,0.0,0.0,57.375732421875,0.06299033983607945,0.0033285650941950098,0.0,0.0,0.007120967653698126,0.0,0.0,0.01348464728023573,0.0,0.0,0.007120967653698126,0.0,0.0,8388608.0,0.0,238733292669.84543,2.972944827761559e-05,1.3588329560514944e+16,-1.0409391858035022e-05
golovin_controlled_timestep_screen_v1_N016384_dt0p5_m003,golovin,golovin_controlled_timestep_screen_v1,controlled,13,3,not_applicable,10689183209771867904,16384,0.5,300.0,3600.0,300.00001192092896,16384,5.379809254644723,0.9982363477993799,3.837730133682271e-10,5379809.254644723,238740390170.54413,3.2510727764051988e+16,118.74592590332031,0.6261748120722069,0.0,0.0,89.11148834228516,0.05340147684830719,0.08873083615955253,0.0,0.0,0.11556677999567279,0.0,0.0,0.1607407485079082,0.0,0.0,0.11556677999567279,0.0,0.0,5348803.665523084,0.00579673344929299,238733292669.84543,2.9729832062175277e-05,3.3422009487832736e+16,-0.02726591661439448
golovin_controlled_timestep_screen_v1_N016384_dt0p5_m003,golovin,golovin_controlled_timestep_screen_v1,controlled,13,3,not_applicable,10689183209771867904,16384,0.5,300.0,3600.0,600.0000238418579,16384,3.436200437001793,0.9982363481598931,7.449232342082723e-10,3436200.4370017927,238740390256.7653,8.060743770445629e+16,154.66513061523438,0.7827726362620935,0.0,0.0,124.28960418701172,0.04458564406513271,0.09280885290738973,0.0,0.0,0.12296186924656247,0.0,0.0,0.18612316369869278,0.0,0.0,0.12296186924656247,0.0,0.0,3410542.089022777,0.007523246249210747,238733292669.84543,2.9730193223054258e-05,8.220515356432454e+16,-0.01943571407135758
golovin_controlled_timestep_screen_v1_N016384_dt0p5_m003,golovin,golovin_controlled_timestep_screen_v1,controlled,13,3,not_applicable,10689183209771867904,16384,0.5,300.0,3600.0,899.9999761581421,16384,2.1688637951264824,0.9982363477091601,2.933939757809867e-10,2168863.7951264824,238740390148.96698,1.9311534430473043e+17,230.05589294433594,0.8754321239871311,0.0,0.0,167.8180694580078,0.02535778577450609,0.07558314402243323,0.0,0.0,0.12387197366837815,0.0,0.0,0.19707132954629208,0.0,0.0,0.12387197366837815,0.0,0.0,2174654.2046287498,-0.0026626805723606317,238733292669.84543,2.972974168025111e-05,2.021926918134987e+17,-0.04489453811288657
golovin_controlled_timestep_screen_v1_N016384_dt0p5_m003,golovin,golovin_controlled_timestep_screen_v1,controlled,13,3,not_applicable,10689183209771867904,16384,0.5,300.0,3600.0,1200.0000476837158,16384,1.3805319722510991,0.9982363458033792,-1.6157540860817221e-09,1380531.972251099,238740389693.1762,4.640639158241579e+17,292.0152282714844,0.9255771517397379,0.0,0.0,226.23731994628906,0.02907808033566038,0.09785794379037682,0.0,0.0,0.12763876363474538,0.0,0.0,0.17969297228193484,0.0,0.0,0.12763876363474538,0.0,0.0,1386618.2972187817,-0.004389329767168326,238733292669.84543,2.972783247545685e-05,4.97315526712769e+17,-0.06686220136419752
golovin_controlled_timestep_screen_v1_N016384_dt0p5_m003,golovin,golovin_controlled_timestep_screen_v1,controlled,13,3,not_applicable,10689183209771867904,16384,0.5,300.0,3600.0,1500.0,16384,0.8828061430147187,0.9982363475992738,1.8331358653256302e-10,882806.1430147187,238740390122.6863,1.15802983768165e+18,416.8466491699219,0.9536757120034917,0.0,0.0,313.3557434082031,0.028053127846149713,0.096019823797831,0.0,0.0,0.14615402507185443,0.0,0.0,0.193461414780614,0.0,0.0,0.14615402507185443,0.0,0.0,884145.4617925527,-0.0015148172282858363,238733292669.84543,2.9729631596531192e-05,1.2232026906685448e+18,-0.05328050165690401
golovin_controlled_timestep_screen_v1_N016384_dt0p5_m003,golovin,golovin_controlled_timestep_screen_v1,controlled,13,3,not_applicable,10689183209771867904,16384,0.5,300.0,3600.0,1799.9999523162842,16384,0.5671491884408141,0.9982363482959049,8.811753549053947e-10,567149.188440814,238740390289.29416,2.838941453180337e+18,597.6193237304688,0.9709621275826658,0.0,0.0,423.9013977050781,0.03554621981373154,0.09804519103318522,0.0,0.0,0.13187610838209907,0.0,0.0,0.19911120471065624,0.0,0.0,0.13187610838209907,0.0,0.0,563755.1438462138,0.006020423284201604,238733292669.84543,2.9730329479171758e-05,3.0086026719268946e+18,-0.05639203219808875
golovin_controlled_timestep_screen_v1_N016384_dt0p5_m003,golovin,golovin_controlled_timestep_screen_v1,controlled,13,3,not_applicable,10689183209771867904,16384,0.5,300.0,3600.0,2099.9999046325684,16384,0.35972761339869247,0.9982363463253091,-1.0929019911287696e-09,359727.61339869245,238740389818.0021,7.317250427234848e+18,757.366455078125,0.981792015492157,0.0,0.0,592.844482421875,0.03980834869158014,0.09433001489331634,0.0,0.0,0.14021823454558344,0.0,0.0,0.1939779711914845,0.0,0.0,0.14021823454558344,0.0,0.0,359465.58111456485,0.0007289495793036949,238733292669.84543,2.9728355342983903e-05,7.39999192822117e+18,-0.011181296113415007
golovin_controlled_timestep_screen_v1_N016384_dt0p5_m003,golovin,golovin_controlled_timestep_screen_v1,controlled,13,3,not_applicable,10689183209771867904,16384,0.5,300.0,3600.0,2400.0000953674316,16384,0.22873256430664182,0.9982363475839457,1.679583139235774e-10,228732.5643066418,238740390119.0204,1.7857474251363723e+19,934.4968872070312,0.9886118845477142,0.0,0.0,800.114501953125,0.024372609119172165,0.08656284175419444,0.0,0.0,0.1500802968744381,0.0,0.0,0.20394545207851106,0.0,0.0,0.1500802968744381,0.0,0.0,229204.92913507385,-0.002060884249804551,238733292669.84543,2.9729616240814494e-05,1.8201113831406539e+19,-0.01888014015108541
golovin_controlled_timestep_screen_v1_N016384_dt0p5_m003,golovin,golovin_controlled_timestep_screen_v1,controlled,13,3,not_applicable,10689183209771867904,16384,0.5,300.0,3600.0,2700.000047683716,16384,0.1457926362981148,0.9982363473535505,-6.284395226430206e-11,145792.6362981148,238740390063.91858,4.533010875055819e+19,1344.2130126953125,0.9927392419257411,0.02012301943383164,0.02012301943383164,1103.8743896484375,0.03481295269996239,0.09515430161924182,0.0,0.0,0.14079875543560655,0.0,0.0,0.20866598302513484,0.0,0.0,0.14079875543560655,0.0,0.0,146147.28387886327,-0.0024266450346241975,238733292669.84543,2.9729385431664923e-05,4.476765798748041e+19,0.012563774572149189
golovin_controlled_timestep_screen_v1_N016384_dt0p5_m003,golovin,golovin_controlled_timestep_screen_v1,controlled,13,3,not_applicable,10689183209771867904,16384,0.5,300.0,3600.0,3000.0,16384,0.09270836242958796,0.9982363465908958,-8.268461471061528e-10,92708.36242958797,238740389881.5204,1.1093276042542373e+20,1921.5220947265625,0.9954146021281441,0.1472010510276277,0.1472010510276277,1473.7177734375,0.026004667008014563,0.11764972562563407,0.0,0.0,0.1630433821802785,0.0,0.0,0.23236419446632237,0.0,0.0,0.1630433821802785,0.0,0.0,93187.47491936282,-0.005141382897105418,238733292669.84543,2.9728621406599487e-05,1.1011101959187887e+20,0.007462839201658467
golovin_controlled_timestep_screen_v1_N016384_dt0p5_m003,golovin,golovin_controlled_timestep_screen_v1,controlled,13,3,not_applicable,10689183209771867904,16384,0.5,300.0,3600.0,3299.999952316284,16384,0.058912785620120096,0.9982363489927681,1.5792698260241878e-09,58912.7856201201,238740390455.9575,2.839900517099149e+20,2313.36962890625,0.9970899577670315,0.36083162797753027,0.36083162797753027,2163.215576171875,0.04361082162694911,0.138711237305159,0.0,0.0,0.19344585346276508,0.0,0.0,0.26254021844255365,0.0,0.0,0.19344585346276508,0.0,0.0,59418.863295774216,-0.00851712145913952,238733292669.84543,2.9731027594293025e-05,2.7083026409274727e+20,0.04859053570416716
golovin_controlled_timestep_screen_v1_N016384_dt0p5_m003,golovin,golovin_controlled_timestep_screen_v1,controlled,13,3,not_applicable,10689183209771867904,16384,0.5,300.0,3600.0,3599.9999046325684,16384,0.03749520068108942,0.9982363485270439,1.1127228027874025e-09,37495.20068108942,238740390344.57388,6.95724864885075e+20,3062.104736328125,0.9981477879212278,0.5650394904733586,0.5650394904733586,2753.34814453125,0.05387939370838576,0.14924410725286796,0.0,0.0,0.18136767206490353,0.0,0.0,0.2687147934226595,0.0,0.0,0.18136767206490353,0.0,0.0,37887.079979546696,-0.01034334920159663,238733292669.84543,2.9730561033503022e-05,6.661370698447075e+20,0.044416977195496754
golovin_controlled_timestep_screen_v1_N016384_dt0p5_m004,golovin,golovin_controlled_timestep_screen_v1,controlled,14,4,not_applicable,7649767742560776063,16384,0.5,300.0,3600.0,0.0,16384,8.388608,0.9982363474162836,0.0,8388608.0,238740390078.92203,1.3588188114267852e+16,74.99010467529297,0.3426337917221375,0.0,0.0,57.375732421875,0.06300940000062047,0.0033285650941950098,0.0,0.0,0.007120967653698126,0.0,0.0,0.01348464728023573,0.0,0.0,0.007120967653698126,0.0,0.0,8388608.0,0.0,238733292669.84543,2.972944827761559e-05,1.3588329560514944e+16,-1.0409391858035022e-05
golovin_controlled_timestep_screen_v1_N016384_dt0p5_m004,golovin,golovin_controlled_timestep_screen_v1,controlled,14,4,not_applicable,7649767742560776063,16384,0.5,300.0,3600.0,300.00001192092896,16384,5.436703440009842,0.9982363496913355,2.2790713760656445e-09,5436703.440009843,238740390623.02832,3.2964030053490936e+16,113.46790313720703,0.6261699381765247,0.0,0.0,87.73643493652344,0.03852666816958812,0.07893805411665447,0.0,0.0,0.12021825668094709,0.0,0.0,0.15303811111536558,0.0,0.0,0.12021825668094709,0.0,0.0,5348803.665523084,0.016433539158174026,238733292669.84543,2.9731727416493214e-05,3.3422009487832736e+16,-0.013702929337882197
golovin_controlled_timestep_screen_v1_N016384_dt0p5_m004,golovin,golovin_controlled_timestep_screen_v1,controlled,14,4,not_applicable,7649767742560776063,16384,0.5,300.0,3600.0,600.0000238418579,16384,3.486915915887438,0.9982363505633535,3.1526299348882958e-09,3486915.915887438,238740390831.58206,8.174165755031818e+16,157.82957458496094,0.7830309176841703,0.0,0.0,123.65586853027344,0.03317296014357722,0.07662825126470978,0.0,0.0,0.11448184297523385,0.0,0.0,0.16696436984037014,0.0,0.0,0.11448184297523385,0.0,0.0,3410542.089022777,0.022393456779342902,238733292669.84543,2.9732601001031256e-05,8.220515356432454e+16,-0.005638284145332628
golovin_controlled_timestep_screen_v1_N016384_dt0p5_m004,golovin,golovin_controlled_timestep_screen_v1,controlled,14,4,not_applicable,7649767742560776063,16384,0.5,300.0,3600.0,899.9999761581421,16384,2.2209841300189295,0.9982363494860458,2.0734189920545987e-09,2220984.1300189295,238740390573.93082,1.9701929404870563e+17,208.88368225097656,0.8728635284438304,0.0,0.0,167.19070434570312,0.02929810017633225,0.0925316499639739,0.0,0.0,0.11716122357549986,0.0,0.0,0.1800049836461719,0.0,0.0,0.11716122357549986,0.0,0.0,2174654.2046287498,0.02130450224756042,238733292669.84543,2.9731521758114e-05,2.021926918134987e+17,-0.025586472579162134
golovin_controlled_timestep_screen_v1_N016384_dt0p5_m004,golovin,golovin_controlled_timestep_screen_v1,controlled,14,4,not_applicable,7649767742560776063,16384,0.5,300.0,3600.0,1200.0000476837158,16384,1.4131466178179937,0.9982363484765232,1.062112842120655e-09,1413146.6178179937,238740390332.4912,4.874387801412243e+17,292.8841552734375,0.9241028338767631,0.0,0.0,237.709228515625,0.034651652860050626,0.08469707503400327,0.0,0.0,0.12869332783068332,0.0,0.0,0.18224620939516617,0.0,0.0,0.12869332783068332,0.0,0.0,1386618.2972187817,0.019131667779389128,238733292669.84543,2.9730510421988043e-05,4.97315526712769e+17,-0.01986012107208779
golovin_controlled_timestep_screen_v1_N016384_dt0p5_m004,golovin,golovin_controlled_timestep_screen_v1,controlled,14,4,not_applicable,7649767742560776063,16384,0.5,300.0,3600.0,1500.0,16384,0.9027769836315441,0.9982363477014241,2.8564417497989325e-10,902776.9836315442,238740390147.11682,1.1710376535862884e+18,411.9272155761719,0.9530047607180897,0.0,0.0,313.6896057128906,0.02906147351214363,0.09240294987587906,0.0,0.0,0.12084958496185663,0.0,0.0,0.17979889281564254,0.0,0.0,0.12084958496185663,0.0,0.0,884145.4617925527,0.021072914632414896,238733292669.84543,2.972973393045031e-05,1.2232026906685448e+18,-0.04264627398239729
golovin_controlled_timestep_screen_v1_N016384_dt0p5_m004,golovin,golovin_controlled_timestep_screen_v1,controlled,14,4,not_applicable,7649767742560776063,16384,0.5,300.0,3600.0,1799.9999523162842,16384,0.5741226940985087,0.9982363481141288,6.99078128718611e-10,574122.6940985087,238740390245.82016,2.8542945145035187e+18,496.6138610839844,0.9707766029540136,0.0,0.0,415.3984680175781,0.02234281523605798,0.07989430508374447,0.0,0.0,0.11494619332242134,0.0,0.0,0.17569177263800004,0.0,0.0,0.11494619332242134,0.0,0.0,563755.1438462138,0.01839016524365933,238733292669.84543,2.9730147376394456e-05,3.0086026719268946e+18,-0.05128897838960811
golovin_controlled_timestep_screen_v1_N016384_dt0p5_m004,golovin,golovin_controlled_timestep_screen_v1,controlled,14,4,not_applicable,7649767742560776063,16384,0.5,300.0,3600.0,2099.9999046325684,16384,0.36628862284372093,0.9982363474822555,6.608846803146662e-11,366288.62284372095,238740390094.69992,6.841887008292952e+18,689.084716796875,0.9814909468977911,0.0,0.0,558.3218383789062,0.028476933345059473,0.0949483680691547,0.0,0.0,0.13199085715912054,0.0,0.0,0.18800935957051865,0.0,0.0,0.13199085715912054,0.0,0.0,359465.58111456485,0.018981071033283614,238733292669.84543,2.9729514367859977e-05,7.39999192822117e+18,-0.07541966604041639
golovin_controlled_timestep_screen_v1_N016384_dt0p5_m004,golovin,golovin_controlled_timestep_screen_v1,controlled,14,4,not_applicable,7649767742560776063,16384,0.5,300.0,3600.0,2400.0000953674316,16384,0.23391822160444903,0.9982363465093959,-9.084900609579449e-10,233918.22160444903,238740389862.02875,1.6449490823355965e+19,897.781494140625,0.9882726112688442,0.0,0.0,751.8037719726562,0.03951970974239402,0.0981046274342715,0.0,0.0,0.1298724104562253,0.0,0.0,0.19717917257786266,0.0,0.0,0.1298724104562253,0.0,0.0,229204.92913507385,0.020563661031031133,238733292669.84543,2.972853976057621e-05,1.8201113831406539e+19,-0.09623713275327683
golovin_controlled_timestep_screen_v1_N016384_dt0p5_m004,golovin,golovin_controlled_timestep_screen_v1,controlled,14,4,not_applicable,7649767742560776063,16384,0.5,300.0,3600.0,2700.000047683716,16384,0.1488624977102015,0.9982363460176567,-1.4010980153855712e-09,148862.49771020148,238740389744.42328,3.966894103604518e+19,1217.0682373046875,0.9925506638010091,0.013916709870726069,0.013916709870726069,1062.6226806640625,0.06240041062078747,0.1230521192641404,0.0,0.0,0.1602837372112321,0.0,0.0,0.2139747838209385,0.0,0.0,0.1602837372112321,0.0,0.0,146147.28387886327,0.01857861302156505,238733292669.84543,2.9728047137744795e-05,4.476765798748041e+19,-0.11389286776764429
golovin_controlled_timestep_screen_v1_N016384_dt0p5_m004,golovin,golovin_controlled_timestep_screen_v1,controlled,14,4,not_applicable,7649767742560776063,16384,0.5,300.0,3600.0,3000.0,16384,0.0946769930865835,0.9982363483143103,8.996132727645545e-10,94676.9930865835,238740390293.696,9.774473042904842e+19,1670.4141845703125,0.9952883330269415,0.11561548616139067,0.11561548616139067,1418.7393798828125,0.06471791680151784,0.11116286926742085,0.0,0.0,0.16719869375998855,0.0,0.0,0.23327789236182825,0.0,0.0,0.16719869375998855,0.0,0.0,93187.47491936282,0.015984102675918654,238733292669.84543,2.9730347917533706e-05,1.1011101959187887e+20,-0.1123074621292719
golovin_controlled_timestep_screen_v1_N016384_dt0p5_m004,golovin,golovin_controlled_timestep_screen_v1,controlled,14,4,not_applicable,7649767742560776063,16384,0.5,300.0,3600.0,3299.999952316284,16384,0.06032241650372309,0.9982363481976143,7.827110071190191e-10,60322.416503723085,238740390265.7867,2.3520183464006494e+20,2108.072998046875,0.9970092957472322,0.32139026860208925,0.32139026860208925,1887.525634765625,0.05708970096074594,0.14637642590497146,0.0,0.0,0.17934700068612044,0.0,0.0,0.2433172764972979,0.0,0.0,0.17934700068612044,0.0,0.0,59418.863295774216,0.015206504430271162,238733292669.84543,2.9730231011715347e-05,2.7083026409274727e+20,-0.1315526149635965
golovin_controlled_timestep_screen_v1_N016384_dt0p5_m004,golovin,golovin_controlled_timestep_screen_v1,controlled,14,4,not_applicable,7649767742560776063,16384,0.5,300.0,3600.0,3599.9999046325684,16384,0.03841206550976195,0.9982363452000045,-2.2201948057798404e-09,38412.06550976195,238740389548.8718,5.7669771258437665e+20,2954.03759765625,0.9981034867077179,0.5328847053935043,0.5328847053935043,2500.3125,0.05828185868994637,0.13237434998949507,0.0,0.0,0.1913148213135649,0.0,0.0,0.25500340978515157,0.0,0.0,0.1913148213135649,0.0,0.0,37887.079979546696,0.013856584632509827,238733292669.84543,2.972722801675154e-05,6.661370698447075e+20,-0.13426569591928184
golovin_controlled_timestep_screen_v1_N016384_dt1_m000,golovin,golovin_controlled_timestep_screen_v1,controlled,5,0,not_applicable,1944431086028390590,16384,1.0,300.0,3600.0,0.0,16384,8.388608,0.9982363474162836,0.0,8388608.0,238740390078.92203,1.3588188114267852e+16,74.99010467529297,0.3426337917221375,0.0,0.0,57.375732421875,0.0629917307179291,0.0033285650941950098,0.0,0.0,0.007120967653698126,0.0,0.0,0.01348464728023573,0.0,0.0,0.007120967653698126,0.0,0.0,8388608.0,0.0,238733292669.84543,2.972944827761559e-05,1.3588329560514944e+16,-1.0409391858035022e-05
golovin_controlled_timestep_screen_v1_N016384_dt1_m000,golovin,golovin_controlled_timestep_screen_v1,controlled,5,0,not_applicable,1944431086028390590,16384,1.0,300.0,3600.0,300.00001192092896,16384,5.370492256565143,0.9982363486874672,1.2734295840033383e-09,5370492.256565143,238740390382.94107,3.28355146299984e+16,117.6738052368164,0.6312621335634709,0.0,0.0,85.17337799072266,0.026322633609423916,0.07429709384577467,0.0,0.0,0.10855528929684154,0.0,0.0,0.17114703910407184,0.0,0.0,0.10855528929684154,0.0,0.0,5348803.665523084,0.004054848971529523,238733292669.84543,2.9730721744947175e-05,3.3422009487832736e+16,-0.0175481626276196
golovin_controlled_timestep_screen_v1_N016384_dt1_m000,golovin,golovin_controlled_timestep_screen_v1,controlled,5,0,not_applicable,1944431086028390590,16384,1.0,300.0,3600.0,600.0000238418579,16384,3.418061082363476,0.9982363464895289,-9.283921409419804e-10,3418061.082363476,238740389857.27728,8.381530357137994e+16,157.6703643798828,0.7896179519366586,0.0,0.0,123.39431762695312,0.033068484555551954,0.08189576995039362,0.0,0.0,0.11191289806845053,0.0,0.0,0.16881565835097512,0.0,0.0,0.11191289806845053,0.0,0.0,3410542.089022777,0.002204632913019866,238733292669.84543,2.9728519857830094e-05,8.220515356432454e+16,0.019586971585613178
golovin_controlled_timestep_screen_v1_N016384_dt1_m000,golovin,golovin_controlled_timestep_screen_v1,controlled,5,0,not_applicable,1944431086028390590,16384,1.0,300.0,3600.0,899.9999761581421,16384,2.1751683267919377,0.9982363497360132,2.3238280189019633e-09,2175168.326791938,238740390633.71356,2.044842697209694e+17,206.7511749267578,0.8740671337464725,0.0,0.0,170.99981689453125,0.03307805106366426,0.0943665182151983,0.0,0.0,0.13079537181711753,0.0,0.0,0.180308511568395,0.0,0.0,0.13079537181711753,0.0,0.0,2174654.2046287498,0.00023641559292220116,238733292669.84543,2.973177217446832e-05,2.021926918134987e+17,0.011333633708108692
golovin_controlled_timestep_screen_v1_N016384_dt1_m000,golovin,golovin_controlled_timestep_screen_v1,controlled,5,0,not_applicable,1944431086028390590,16384,1.0,300.0,3600.0,1200.0000476837158,16384,1.3960186886799193,0.9982363461383222,-1.2802192639327359e-09,1396018.6886799193,238740389773.28192,4.979843697074703e+17,300.1554260253906,0.9220967972487687,0.0,0.0,237.778076171875,0.02990605415910743,0.09943856486016045,0.0,0.0,0.14163856282424853,0.0,0.0,0.19416094166409523,0.0,0.0,0.14163856282424853,0.0,0.0,1386618.2972187817,0.006779364934093701,238733292669.84543,2.9728168020159984e-05,4.97315526712769e+17,0.0013449067217392585
golovin_controlled_timestep_screen_v1_N016384_dt1_m000,golovin,golovin_controlled_timestep_screen_v1,controlled,5,0,not_applicable,1944431086028390590,16384,1.0,300.0,3600.0,1500.0,16384,0.8863170075064277,0.9982363469627717,-4.543131426615332e-10,886317.0075064277,238740389970.45908,1.2420448062273388e+18,401.09112548828125,0.9523853624519504,0.0,0.0,316.7645568847656,0.04198852512213353,0.09642070573406719,0.0,0.0,0.1303149965333016,0.0,0.0,0.17417936405460432,0.0,0.0,0.1303149965333016,0.0,0.0,884145.4617925527,0.002456095526942148,238733292669.84543,2.9728993950817184e-05,1.2232026906685448e+18,0.015403919319778359
golovin_controlled_timestep_screen_v1_N016384_dt1_m000,golovin,golovin_controlled_timestep_screen_v1,controlled,5,0,not_applicable,1944431086028390590,16384,1.0,300.0,3600.0,1799.9999523162842,16384,0.5613161843998759,0.9982363485390413,1.1247414111181797e-09,561316.1843998758,238740390347.44318,2.975201178203655e+18,537.8658447265625,0.9706286265256782,0.0,0.0,434.6167907714844,0.026230868917388826,0.09049197334291727,0.0,0.0,0.12902123468799268,0.0,0.0,0.1887088695279945,0.0,0.0,0.12902123468799268,0.0,0.0,563755.1438462138,-0.004326274399375274,238733292669.84543,2.9730573052333398e-05,3.0086026719268946e+18,-0.01110199563236014
golovin_controlled_timestep_screen_v1_N016384_dt1_m000,golovin,golovin_controlled_timestep_screen_v1,controlled,5,0,not_applicable,1944431086028390590,16384,1.0,300.0,3600.0,2099.9999046325684,16384,0.3566048049343176,0.9982363479274207,5.120401880276404e-10,356604.8049343176,238740390201.1666,7.268148069141293e+18,729.2139892578125,0.9816552921047705,0.0,0.0,585.4791870117188,0.027057495548896006,0.07392344573951558,0.0,0.0,0.12127328189612024,0.0,0.0,0.17274034310033196,0.0,0.0,0.12127328189612024,0.0,0.0,359465.58111456485,-0.007958414742733066,238733292669.84543,2.9729960332680605e-05,7.39999192822117e+18,-0.01781675714767561
golovin_controlled_timestep_screen_v1_N016384_dt1_m000,golovin,golovin_controlled_timestep_screen_v1,controlled,5,0,not_applicable,1944431086028390590,16384,1.0,300.0,3600.0,2400.0000953674316,16384,0.2262734395378357,0.998236347923906,5.085192267273442e-10,226273.43953783571,238740390200.32605,1.8318012154883224e+19,984.5267944335938,0.9885682806136575,0.0,0.0,819.62744140625,0.029670273231099095,0.10389791449678358,0.0,0.0,0.1340641172323816,0.0,0.0,0.202902279312735,0.0,0.0,0.1340641172323816,0.0,0.0,229204.92913507385,-0.012789819173175676,238733292669.84543,2.972995681194135e-05,1.8201113831406539e+19,0.0064225917468287985
golovin_controlled_timestep_screen_v1_N016384_dt1_m000,golovin,golovin_controlled_timestep_screen_v1,controlled,5,0,not_applicable,1944431086028390590,16384,1.0,300.0,3600.0,2700.000047683716,16384,0.1444022067362717,0.9982363459811284,-1.437690855254914e-09,144402.20673627168,238740389735.6871,4.427267688968062e+19,1399.3436279296875,0.9926981482404293,0.016160951734393244,0.016160951734393244,1080.0579833984375,0.02386279853810195,0.10578022512988397,0.0,0.0,0.13402298190755157,0.0,0.0,0.19732791174499958,0.0,0.0,0.13402298190755157,0.0,0.0,146147.28387886327,-0.01194053762940972,238733292669.84543,2.9728010543905725e-05,4.476765798748041e+19,-0.011056667247105523
golovin_controlled_timestep_screen_v1_N016384_dt1_m000,golovin,golovin_controlled_timestep_screen_v1,controlled,5,0,not_applicable,1944431086028390590,16384,1.0,300.0,3600.0,3000.0,16384,0.0917915527845911,0.9982363473185688,-9.788747590278035e-11,91791.5527845911,238740390055.55228,1.1030671683972496e+20,1806.722900390625,0.9953778061531188,0.13932894070582785,0.13932894070582785,1485.4866943359375,0.037192035758371544,0.10874402355998934,0.0,0.0,0.16766398185669973,0.0,0.0,0.24703339641155553,0.0,0.0,0.16766398185669973,0.0,0.0,93187.47491936282,-0.014979718422241217,238733292669.84543,2.972935038703106e-05,1.1011101959187887e+20,0.0017772721438003014
golovin_controlled_timestep_screen_v1_N016384_dt1_m000,golovin,golovin_controlled_timestep_screen_v1,controlled,5,0,not_applicable,1944431086028390590,16384,1.0,300.0,3600.0,3299.999952316284,16384,0.05858464594190853,0.9982363453771135,-2.042772950794358e-09,58584.64594190853,238740389591.2296,2.687260863622299e+20,2520.4970703125,0.997060333605445,0.34091009007813516,0.34091009007813516,1893.9256591796875,0.03835261682904366,0.10964785378061527,0.0,0.0,0.17145170438408805,0.0,0.0,0.24096236822064182,0.0,0.0,0.17145170438408805,0.0,0.0,59418.863295774216,-0.0140396047247342,238733292669.84543,2.9727405443935595e-05,2.7083026409274727e+20,-0.007769359667266662
golovin_controlled_timestep_screen_v1_N016384_dt1_m000,golovin,golovin_controlled_timestep_screen_v1,controlled,5,0,not_applicable,1944431086028390590,16384,1.0,300.0,3600.0,3599.9999046325684,16384,0.03735480729176145,0.9982363482168962,8.020271113906574e-10,37354.807291761455,238740390270.39825,6.091919413699162e+20,3057.90283203125,0.9981229698421493,0.5377210967360501,0.5377210967360501,2372.4375,0.06111864589857611,0.1353149804617307,0.0,0.0,0.18384076425239784,0.0,0.0,0.26503152117303685,0.0,0.0,0.18384076425239784,0.0,0.0,37887.079979546696,-0.0140489234871779,238733292669.84543,2.9730250328485752e-05,6.661370698447075e+20,-0.08548560206695399
golovin_controlled_timestep_screen_v1_N016384_dt1_m001,golovin,golovin_controlled_timestep_screen_v1,controlled,6,1,not_applicable,15564717190483251341,16384,1.0,300.0,3600.0,0.0,16384,8.388608,0.9982363474162836,0.0,8388608.0,238740390078.92203,1.3588188114267852e+16,74.99010467529297,0.3426337917221375,0.0,0.0,57.375732421875,0.06299715881880101,0.0033285650941950098,0.0,0.0,0.007120967653698126,0.0,0.0,0.01348464728023573,0.0,0.0,0.007120967653698126,0.0,0.0,8388608.0,0.0,238733292669.84543,2.972944827761559e-05,1.3588329560514944e+16,-1.0409391858035022e-05
golovin_controlled_timestep_screen_v1_N016384_dt1_m001,golovin,golovin_controlled_timestep_screen_v1,controlled,6,1,not_applicable,15564717190483251341,16384,1.0,300.0,3600.0,300.00001192092896,16384,5.332068052713755,0.9982363493015168,1.888563971874646e-09,5332068.052713755,238740390529.79846,3.295983608768098e+16,117.9291763305664,0.6344941324107882,0.0,0.0,86.97626495361328,0.027129883673408694,0.06223015732852675,0.0,0.0,0.10687084249449885,0.0,0.0,0.152329779011387,0.0,0.0,0.10687084249449885,0.0,0.0,5348803.665523084,-0.0031288515817475826,238733292669.84543,2.9731336897542704e-05,3.3422009487832736e+16,-0.013828414485969498
golovin_controlled_timestep_screen_v1_N016384_dt1_m001,golovin,golovin_controlled_timestep_screen_v1,controlled,6,1,not_applicable,15564717190483251341,16384,1.0,300.0,3600.0,600.0000238418579,16384,3.404898605052628,0.9982363483005676,8.858462852145976e-10,3404898.605052628,238740390290.40927,8.48682496475002e+16,165.18577575683594,0.7891432820178217,0.0,0.0,132.32843017578125,0.035948218453922945,0.08860434375732373,0.0,0.0,0.13338343212395476,0.0,0.0,0.17941906004051647,0.0,0.0,0.13338343212395476,0.0,0.0,3410542.089022777,-0.001654717585310883,238733292669.84543,2.9730334150102067e-05,8.220515356432454e+16,0.03239573150473851
golovin_controlled_timestep_screen_v1_N016384_dt1_m001,golovin,golovin_controlled_timestep_screen_v1,controlled,6,1,not_applicable,15564717190483251341,16384,1.0,300.0,3600.0,899.9999761581421,16384,2.1543384570004784,0.9982363466811426,-7.36439909054809e-10,2154338.4570004786,238740389903.10406,2.0993235555777037e+17,243.5355224609375,0.8758708271290414,0.0,0.0,177.63633728027344,0.02702372221491577,0.07504860208632784,0.0,0.0,0.13920207689027375,0.0,0.0,0.18353620393821313,0.0,0.0,0.13920207689027375,0.0,0.0,2174654.2046287498,-0.009342058882294557,238733292669.84543,2.972871181583514e-05,2.021926918134987e+17,0.03827865228388516
golovin_controlled_timestep_screen_v1_N016384_dt1_m001,golovin,golovin_controlled_timestep_screen_v1,controlled,6,1,not_applicable,15564717190483251341,16384,1.0,300.0,3600.0,1200.0000476837158,16384,1.3652562841871516,0.9982363467147404,-7.027827209071802e-10,1365256.2841871516,238740389911.13934,5.1696291469654944e+17,296.228515625,0.925261314940217,0.0,0.0,242.47885131835938,0.033947742677496805,0.09519626250966036,0.0,0.0,0.12702633084665457,0.0,0.0,0.18838564995302395,0.0,0.0,0.12702633084665457,0.0,0.0,1386618.2972187817,-0.015405835242818466,238733292669.84543,2.9728745473800444e-05,4.97315526712769e+17,0.039506886329587765
golovin_controlled_timestep_screen_v1_N016384_dt1_m001,golovin,golovin_controlled_timestep_screen_v1,controlled,6,1,not_applicable,15564717190483251341,16384,1.0,300.0,3600.0,1500.0,16384,0.8753166376687506,0.99823634793404,5.186711060645166e-10,875316.6376687506,238740390202.74973,1.2902713260530534e+18,425.0863952636719,0.953118800094642,0.0,0.0,333.24462890625,0.04197681243802617,0.09794892102829675,0.0,0.0,0.1408462014547357,0.0,0.0,0.2026777112666469,0.0,0.0,0.1408462014547357,0.0,0.0,884145.4617925527,-0.009985714461398953,238733292669.84543,2.972996696404273e-05,1.2232026906685448e+18,0.05483035305281425
golovin_controlled_timestep_screen_v1_N016384_dt1_m001,golovin,golovin_controlled_timestep_screen_v1,controlled,6,1,not_applicable,15564717190483251341,16384,1.0,300.0,3600.0,1799.9999523162842,16384,0.5524433477192195,0.9982363490882802,1.6749506226432231e-09,552443.3477192195,238740390478.80032,3.216839303935431e+18,601.04296875,0.9710918236922449,0.0,0.0,451.0666198730469,0.03865725044911512,0.08350297355298213,0.0,0.0,0.12863018667176115,0.0,0.0,0.17654333774734338,0.0,0.0,0.12863018667176115,0.0,0.0,563755.1438462138,-0.020065087211124433,238733292669.84543,2.973112327775418e-05,3.0086026719268946e+18,0.06921373631406413
golovin_controlled_timestep_screen_v1_N016384_dt1_m001,golovin,golovin_controlled_timestep_screen_v1,controlled,6,1,not_applicable,15564717190483251341,16384,1.0,300.0,3600.0,2099.9999046325684,16384,0.35233653808220217,0.9982363470731841,-3.4370573054332e-10,352336.53808220214,238740389996.86554,8.145622534027398e+18,758.7281494140625,0.9817768380567762,0.0,0.0,628.2109985351562,0.056373288306924146,0.09611218828280688,0.0,0.0,0.13472732435567292,0.0,0.0,0.19760561988627035,0.0,0.0,0.13472732435567292,0.0,0.0,359465.58111456485,-0.019832338357008372,238733292669.84543,2.9729104561670994e-05,7.39999192822117e+18,0.10076100258469678
golovin_controlled_timestep_screen_v1_N016384_dt1_m001,golovin,golovin_controlled_timestep_screen_v1,controlled,6,1,not_applicable,15564717190483251341,16384,1.0,300.0,3600.0,2400.0000953674316,16384,0.22357814657756286,0.9982363475041994,8.807110596364964e-11,223578.14657756287,238740390099.94812,1.999310587811969e+19,956.36181640625,0.9886017972352795,0.0,0.0,826.0895385742188,0.06635163891976423,0.09753057668471228,0.0,0.0,0.14300777548530785,0.0,0.0,0.204209169406951,0.0,0.0,0.14300777548530785,0.0,0.0,229204.92913507385,-0.024549134168903586,238733292669.84543,2.9729536351386088e-05,1.8201113831406539e+19,0.09845507606358783
golovin_controlled_timestep_screen_v1_N016384_dt1_m001,golovin,golovin_controlled_timestep_screen_v1,controlled,6,1,not_applicable,15564717190483251341,16384,1.0,300.0,3600.0,2700.000047683716,16384,0.14266328555453073,0.9982363482318862,8.170435439325274e-10,142663.28555453074,238740390273.98328,4.9953859422465335e+19,1302.8880615234375,0.9927303656142805,0.03260500464927903,0.03260500464927903,1171.984130859375,0.06695800162998693,0.12823291006832982,0.0,0.0,0.1648726693856576,0.0,0.0,0.23580428348297983,0.0,0.0,0.1648726693856576,0.0,0.0,146147.28387886327,-0.02383895363543187,238733292669.84543,2.9730265345362383e-05,4.476765798748041e+19,0.11584705718658062
golovin_controlled_timestep_screen_v1_N016384_dt1_m001,golovin,golovin_controlled_timestep_screen_v1,controlled,6,1,not_applicable,15564717190483251341,16384,1.0,300.0,3600.0,3000.0,16384,0.09096239738139898,0.9982363487000876,1.2860721376739548e-09,90962.39738139899,238740390385.95938,1.22358675120959e+20,1852.75537109375,0.9953864192314,0.16095121275535554,0.16095121275535554,1479.3350830078125,0.058182018764043025,0.1450034572307944,0.0,0.0,0.18233870902766774,0.0,0.0,0.24296679808837254,0.0,0.0,0.18233870902766774,0.0,0.0,93187.47491936282,-0.02387743138108689,238733292669.84543,2.9730734387944935e-05,1.1011101959187887e+20,0.1112300619363571
golovin_controlled_timestep_screen_v1_N016384_dt1_m001,golovin,golovin_controlled_timestep_screen_v1,controlled,6,1,not_applicable,15564717190483251341,16384,1.0,300.0,3600.0,3299.999952316284,16384,0.05799137716913951,0.9982363492685886,1.8555774694561933e-09,57991.37716913951,238740390521.92328,2.956564225168147e+20,2483.340576171875,0.9970725651154774,0.3600875285467734,0.3600875285467734,2023.1497802734375,0.048872919725013134,0.12668010280872605,0.0,0.0,0.16611595074064622,0.0,0.0,0.24248984566986248,0.0,0.0,0.16611595074064622,0.0,0.0,59418.863295774216,-0.024024123779160633,238733292669.84543,2.9731303910152107e-05,2.7083026409274727e+20,0.09166685454165346
golovin_controlled_timestep_screen_v1_N016384_dt1_m001,golovin,golovin_controlled_timestep_screen_v1,controlled,6,1,not_applicable,15564717190483251341,16384,1.0,300.0,3600.0,3599.9999046325684,16384,0.03699066637588862,0.9982363476229924,2.0707391357177585e-10,36990.66637588862,238740390128.35892,7.160243094506724e+20,2978.863037109375,0.9981337376251502,0.5675787232332486,0.5675787232332486,2642.28466796875,0.06268667112830122,0.1621976553816978,0.0,0.0,0.20408005372621854,0.0,0.0,0.2846237375155292,0.0,0.0,0.20408005372621854,0.0,0.0,37887.079979546696,-0.02366013966085545,238733292669.84543,2.972965535774641e-05,6.661370698447075e+20,0.07489035194752747
golovin_controlled_timestep_screen_v1_N016384_dt1_m002,golovin,golovin_controlled_timestep_screen_v1,controlled,7,2,not_applicable,10837499897406224020,16384,1.0,300.0,3600.0,0.0,16384,8.388608,0.9982363474162836,0.0,8388608.0,238740390078.92203,1.3588188114267852e+16,74.99010467529297,0.3426337917221375,0.0,0.0,57.375732421875,0.06299614102759349,0.0033285650941950098,0.0,0.0,0.007120967653698126,0.0,0.0,0.01348464728023573,0.0,0.0,0.007120967653698126,0.0,0.0,8388608.0,0.0,238733292669.84543,2.972944827761559e-05,1.3588329560514944e+16,-1.0409391858035022e-05
golovin_controlled_timestep_screen_v1_N016384_dt1_m002,golovin,golovin_controlled_timestep_screen_v1,controlled,7,2,not_applicable,10837499897406224020,16384,1.0,300.0,3600.0,300.00001192092896,16384,5.305889844179687,0.9982363480835656,6.684608422347083e-10,5305889.844179687,238740390238.51065,3.365723284753434e+16,127.6388931274414,0.6398164470035622,0.0,0.0,88.3211441040039,0.034481309896063614,0.07383465399742034,0.0,0.0,0.1178216435713622,0.0,0.0,0.15487867848733466,0.0,0.0,0.1178216435713622,0.0,0.0,5348803.665523084,-0.008023069087393808,238733292669.84543,2.9730116758441838e-05,3.3422009487832736e+16,0.007037977766933379
golovin_controlled_timestep_screen_v1_N016384_dt1_m002,golovin,golovin_controlled_timestep_screen_v1,controlled,7,2,not_applicable,10837499897406224020,16384,1.0,300.0,3600.0,600.0000238418579,16384,3.4050232489605023,0.9982363478774239,4.6195491876233064e-10,3405023.2489605024,238740390189.2092,8.185859777098523e+16,163.6493682861328,0.7886290822177854,0.0,0.0,119.91959381103516,0.025835547814997573,0.08173545461230906,0.0,0.0,0.12836237597741462,0.0,0.0,0.16687104824987217,0.0,0.0,0.12836237597741462,0.0,0.0,3410542.089022777,-0.0016181709294946778,238733292669.84543,2.9729910245857027e-05,8.220515356432454e+16,-0.004215742910426368
golovin_controlled_timestep_screen_v1_N016384_dt1_m002,golovin,golovin_controlled_timestep_screen_v1,controlled,7,2,not_applicable,10837499897406224020,16384,1.0,300.0,3600.0,899.9999761581421,16384,2.1718761773756254,0.9982363471708343,-2.458829806428753e-10,2171876.1773756254,238740390020.2198,1.982433581055885e+17,223.11279296875,0.8735748890908578,0.0,0.0,168.91094970703125,0.023956737706642178,0.08636725030506053,0.0,0.0,0.12228939455592931,0.0,0.0,0.18412171259969293,0.0,0.0,0.12228939455592931,0.0,0.0,2174654.2046287498,-0.0012774570077446201,238733292669.84543,2.9729202387196452e-05,2.021926918134987e+17,-0.01953252450663756
golovin_controlled_timestep_screen_v1_N016384_dt1_m002,golovin,golovin_controlled_timestep_screen_v1,controlled,7,2,not_applicable,10837499897406224020,16384,1.0,300.0,3600.0,1200.0000476837158,16384,1.3695572925469721,0.998236347811284,3.9569814092033084e-10,1369557.2925469722,238740390173.39114,4.74578102814922e+17,282.3196716308594,0.9246574526706041,0.0,0.0,226.7139892578125,0.020049071992647174,0.09534093467609064,0.0,0.0,0.13613925381570943,0.0,0.0,0.1863660087199522,0.0,0.0,0.13613925381570943,0.0,0.0,1386618.2972187817,-0.012304038325492872,238733292669.84543,2.9729843987524873e-05,4.97315526712769e+17,-0.0457203177390022
golovin_controlled_timestep_screen_v1_N016384_dt1_m002,golovin,golovin_controlled_timestep_screen_v1,controlled,7,2,not_applicable,10837499897406224020,16384,1.0,300.0,3600.0,1500.0,16384,0.8766344095965081,0.9982363478076917,3.9209946400831086e-10,876634.409596508,238740390172.53198,1.161841492956834e+18,381.4926452636719,0.953052721736581,0.0,0.0,313.76776123046875,0.031630473421898536,0.10051595853157033,0.0,0.0,0.1383413942869109,0.0,0.0,0.1876590071116287,0.0,0.0,0.1383413942869109,0.0,0.0,884145.4617925527,-0.008495267487791502,238733292669.84543,2.972984038884796e-05,1.2232026906685448e+18,-0.0501643743754141
golovin_controlled_timestep_screen_v1_N016384_dt1_m002,golovin,golovin_controlled_timestep_screen_v1,controlled,7,2,not_applicable,10837499897406224020,16384,1.0,300.0,3600.0,1799.9999523162842,16384,0.5588241506858159,0.9982363466718894,-7.457093831320094e-10,558824.150685816,238740389900.89105,2.8701246413043773e+18,507.23638916015625,0.9706190458515382,0.0,0.0,417.2221984863281,0.032187184021483906,0.09432021239209293,0.0,0.0,0.13335124940041604,0.0,0.0,0.1684586130808021,0.0,0.0,0.13335124940041604,0.0,0.0,563755.1438462138,-0.008746692982269266,238733292669.84543,2.972870254613902e-05,3.0086026719268946e+18,-0.046027357455555085
golovin_controlled_timestep_screen_v1_N016384_dt1_m002,golovin,golovin_controlled_timestep_screen_v1,controlled,7,2,not_applicable,10837499897406224020,16384,1.0,300.0,3600.0,2099.9999046325684,16384,0.35649926346476213,0.9982363484668411,1.0524134896883197e-09,356499.26346476213,238740390330.1756,7.082304007811905e+18,767.0870361328125,0.9814886145937002,0.0,0.0,579.7927856445312,0.03494267927476785,0.08803762074475738,0.0,0.0,0.11868162047909055,0.0,0.0,0.17480846914360604,0.0,0.0,0.11868162047909055,0.0,0.0,359465.58111456485,-0.008252021349597127,238733292669.84543,2.9730500722413566e-05,7.39999192822117e+18,-0.04293084688345494
golovin_controlled_timestep_screen_v1_N016384_dt1_m002,golovin,golovin_controlled_timestep_screen_v1,controlled,7,2,not_applicable,10837499897406224020,16384,1.0,300.0,3600.0,2400.0000953674316,16384,0.22733445344215958,0.9982363485311502,1.1168361790936387e-09,227334.45344215957,238740390345.55588,1.7247088472519623e+19,1001.375,0.9883338673888973,0.0003593453068102286,0.0003593453068102286,765.0578002929688,0.03968935714392572,0.09489901519147406,0.0,0.0,0.12365705267894564,0.0,0.0,0.1865938238322195,0.0,0.0,0.12365705267894564,0.0,0.0,229204.92913507385,-0.008160713209670933,238733292669.84543,2.973056514687933e-05,1.8201113831406539e+19,-0.052415767942768365
golovin_controlled_timestep_screen_v1_N016384_dt1_m002,golovin,golovin_controlled_timestep_screen_v1,controlled,7,2,not_applicable,10837499897406224020,16384,1.0,300.0,3600.0,2700.000047683716,16384,0.14487154597309126,0.998236347231806,-1.8480361685391244e-10,144871.54597309127,238740390034.8019,4.3088232425459196e+19,1270.6319580078125,0.9925576512139669,0.015801782030679497,0.015801782030679497,1037.0682373046875,0.03781861644467543,0.11345048483915018,0.0,0.0,0.15183717756790993,0.0,0.0,0.2231418981268902,0.0,0.0,0.15183717756790993,0.0,0.0,146147.28387886327,-0.008729124975250357,238733292669.84543,2.9729263468558642e-05,4.476765798748041e+19,-0.03751426001536373
golovin_controlled_timestep_screen_v1_N016384_dt1_m002,golovin,golovin_controlled_timestep_screen_v1,controlled,7,2,not_applicable,10837499897406224020,16384,1.0,300.0,3600.0,3000.0,16384,0.0920607670907175,0.9982363485385923,1.1242915487486016e-09,92060.7670907175,238740390347.33575,1.102273176500871e+20,1760.0146484375,0.9952673099813928,0.13686196114963128,0.13686196114963128,1463.6695556640625,0.042219302519392765,0.10228886172896748,0.0,0.0,0.14949785808185942,0.0,0.0,0.20412841135412807,0.0,0.0,0.14949785808185942,0.0,0.0,93187.47491936282,-0.012090764661455644,238733292669.84543,2.9730572602471028e-05,1.1011101959187887e+20,0.001056189095689719
golovin_controlled_timestep_screen_v1_N016384_dt1_m002,golovin,golovin_controlled_timestep_screen_v1,controlled,7,2,not_applicable,10837499897406224020,16384,1.0,300.0,3600.0,3299.999952316284,16384,0.05864418033864781,0.9982363516889735,4.280238830034477e-09,58644.180338647806,238740391100.78784,2.699873632600727e+20,2319.525390625,0.9969841648150546,0.33262867500541976,0.33262867500541976,1994.576904296875,0.05039953528115686,0.13901339765445417,0.0,0.0,0.17592699803751055,0.0,0.0,0.25657411001817415,0.0,0.0,0.17592699803751055,0.0,0.0,59418.863295774216,-0.013037660334735857,238733292669.84543,2.9733728643455137e-05,2.7083026409274727e+20,-0.0031122844985519427
golovin_controlled_timestep_screen_v1_N016384_dt1_m002,golovin,golovin_controlled_timestep_screen_v1,controlled,7,2,not_applicable,10837499897406224020,16384,1.0,300.0,3600.0,3599.9999046325684,16384,0.03751569443636903,0.9982363498556313,2.4436572765296205e-09,37515.694436369035,238740390662.32166,6.634573333077455e+20,2970.933349609375,0.99808523418581,0.5330183561868168,0.5330183561868168,2552.82421875,0.059869499329688214,0.11431067861894759,0.0,0.0,0.17998128684478856,0.0,0.0,0.24858370681465758,0.0,0.0,0.17998128684478856,0.0,0.0,37887.079979546696,-0.009802432475085276,238733292669.84543,2.973189200727866e-05,6.661370698447075e+20,-0.004022800498982515
golovin_controlled_timestep_screen_v1_N016384_dt1_m003,golovin,golovin_controlled_timestep_screen_v1,controlled,8,3,not_applicable,10689183209771867904,16384,1.0,300.0,3600.0,0.0,16384,8.388608,0.9982363474162836,0.0,8388608.0,238740390078.92203,1.3588188114267852e+16,74.99010467529297,0.3426337917221375,0.0,0.0,57.375732421875,0.06294271543675625,0.0033285650941950098,0.0,0.0,0.007120967653698126,0.0,0.0,0.01348464728023573,0.0,0.0,0.007120967653698126,0.0,0.0,8388608.0,0.0,238733292669.84543,2.972944827761559e-05,1.3588329560514944e+16,-1.0409391858035022e-05
golovin_controlled_timestep_screen_v1_N016384_dt1_m003,golovin,golovin_controlled_timestep_screen_v1,controlled,8,3,not_applicable,10689183209771867904,16384,1.0,300.0,3600.0,300.00001192092896,16384,5.411769163844581,0.998236349529088,2.1165371677511757e-09,5411769.163844581,238740390584.22488,3.331940838760775e+16,122.20405578613281,0.6171931954471548,0.0,0.0,90.57601165771484,0.06612762949053755,0.09104148369169192,0.0,0.0,0.11922818635444285,0.0,0.0,0.15981178840579913,0.0,0.0,0.11922818635444285,0.0,0.0,5348803.665523084,0.011771884379932596,238733292669.84543,2.9731564877621963e-05,3.3422009487832736e+16,-0.003069866288630374
golovin_controlled_timestep_screen_v1_N016384_dt1_m003,golovin,golovin_controlled_timestep_screen_v1,controlled,8,3,not_applicable,10689183209771867904,16384,1.0,300.0,3600.0,600.0000238418579,16384,3.468260520304733,0.998236349334736,1.9218417968147605e-09,3468260.520304733,238740390537.74326,8.203590932016744e+16,162.14178466796875,0.7762228675215889,0.0,0.0,125.50248718261719,0.060404330903089415,0.09721693757001781,0.0,0.0,0.1247448546689219,0.0,0.0,0.1714118053309238,0.0,0.0,0.1247448546689219,0.0,0.0,3410542.089022777,0.016923535841334214,238733292669.84543,2.9731370176477867e-05,8.220515356432454e+16,-0.0020588033331105926
golovin_controlled_timestep_screen_v1_N016384_dt1_m003,golovin,golovin_controlled_timestep_screen_v1,controlled,8,3,not_applicable,10689183209771867904,16384,1.0,300.0,3600.0,899.9999761581421,16384,2.1757626208810903,0.9982363491655464,1.7523533735186447e-09,2175762.6208810904,238740390497.2795,2.0530707475201773e+17,227.7898406982422,0.8713693124048317,0.0,0.0,169.99330139160156,0.050516041097569575,0.0825460571698111,0.0,0.0,0.1317536380161423,0.0,0.0,0.19367127659980649,0.0,0.0,0.1317536380161423,0.0,0.0,2174654.2046287498,0.0005096977027343463,238733292669.84543,2.9731200682947545e-05,2.021926918134987e+17,0.015403044049642212
golovin_controlled_timestep_screen_v1_N016384_dt1_m003,golovin,golovin_controlled_timestep_screen_v1,controlled,8,3,not_applicable,10689183209771867904,16384,1.0,300.0,3600.0,1200.0000476837158,16384,1.3913429018365957,0.9982363466018432,-8.158793640689055e-10,1391342.9018365957,238740389884.13867,5.04581881967349e+17,333.9605712890625,0.920151039066692,0.0,0.0,234.01068115234375,0.03594295907439467,0.11878842406571977,0.0,0.0,0.1569245355246732,0.0,0.0,0.2026882649643644,0.0,0.0,0.1569245355246732,0.0,0.0,1386618.2972187817,0.0034072856439948396,238733292669.84543,2.9728632374048658e-05,4.97315526712769e+17,0.014611157030648636
golovin_controlled_timestep_screen_v1_N016384_dt1_m003,golovin,golovin_controlled_timestep_screen_v1,controlled,8,3,not_applicable,10689183209771867904,16384,1.0,300.0,3600.0,1500.0,16384,0.8918704635670778,0.9982363494248323,2.0120973776016626e-09,891870.4635670778,238740390559.29083,1.281666945294552e+18,390.4276123046875,0.9505164513455554,0.0,0.0,327.8251953125,0.05161826843923269,0.09359529512896682,0.0,0.0,0.13616520983191321,0.0,0.0,0.19213526031084197,0.0,0.0,0.13616520983191321,0.0,0.0,884145.4617925527,0.00873725207938425,238733292669.84543,2.9731460434501145e-05,1.2232026906685448e+18,0.047796048089179255
golovin_controlled_timestep_screen_v1_N016384_dt1_m003,golovin,golovin_controlled_timestep_screen_v1,controlled,8,3,not_applicable,10689183209771867904,16384,1.0,300.0,3600.0,1799.9999523162842,16384,0.5665551430310655,0.998236347490305,7.415201785931913e-11,566555.1430310655,238740390096.62506,3.0652021758162355e+18,521.7715454101562,0.969279130991313,0.0,0.0,438.3729553222656,0.030689636833378817,0.08623492614907653,0.0,0.0,0.12300526740503284,0.0,0.0,0.17407265070173186,0.0,0.0,0.12300526740503284,0.0,0.0,563755.1438462138,0.004966693812758383,238733292669.84543,2.9729522431853894e-05,3.0086026719268946e+18,0.01881255521623637
golovin_controlled_timestep_screen_v1_N016384_dt1_m003,golovin,golovin_controlled_timestep_screen_v1,controlled,8,3,not_applicable,10689183209771867904,16384,1.0,300.0,3600.0,2099.9999046325684,16384,0.36024942919574043,0.998236346780063,-6.373447325458415e-10,360249.42919574043,238740389926.7621,7.721677732689279e+18,722.43994140625,0.9808811200575188,0.0,0.0,602.1148071289062,0.03402715491776511,0.0967675356566092,0.0,0.0,0.14722867918668164,0.0,0.0,0.19374979081785434,0.0,0.0,0.14722867918668164,0.0,0.0,359465.58111456485,0.002180592864399422,238733292669.84543,2.972881091389823e-05,7.39999192822117e+18,0.04347110207530136
golovin_controlled_timestep_screen_v1_N016384_dt1_m003,golovin,golovin_controlled_timestep_screen_v1,controlled,8,3,not_applicable,10689183209771867904,16384,1.0,300.0,3600.0,2400.0000953674316,16384,0.23086858844095276,0.9982363477479834,3.322857544674207e-10,230868.58844095276,238740390158.252,1.8713429729789702e+19,900.4988403320312,0.9878370866744043,0.0,0.0,785.2225341796875,0.04537020114440405,0.1012473163109608,0.0,0.0,0.14361456933248354,0.0,0.0,0.203727087153779,0.0,0.0,0.14361456933248354,0.0,0.0,229204.92913507385,0.0072583923572537845,238733292669.84543,2.972978057314002e-05,1.8201113831406539e+19,0.028147502572021033
golovin_controlled_timestep_screen_v1_N016384_dt1_m003,golovin,golovin_controlled_timestep_screen_v1,controlled,8,3,not_applicable,10689183209771867904,16384,1.0,300.0,3600.0,2700.000047683716,16384,0.14722127183774392,0.9982363477385415,3.2282732043142914e-10,147221.27183774393,238740390155.99387,4.666641227102155e+19,1280.159423828125,0.9923025326758049,0.021919432599330872,0.021919432599330872,1082.494873046875,0.04985867269208182,0.11530056082348857,0.0,0.0,0.1643405717840601,0.0,0.0,0.20888232607814095,0.0,0.0,0.1643405717840601,0.0,0.0,146147.28387886327,0.007348668619602039,238733292669.84543,2.9729771114261894e-05,4.476765798748041e+19,0.04241352728508008
golovin_controlled_timestep_screen_v1_N016384_dt1_m003,golovin,golovin_controlled_timestep_screen_v1,controlled,8,3,not_applicable,10689183209771867904,16384,1.0,300.0,3600.0,3000.0,16384,0.09433619793760979,0.9982363439735693,-3.4487968036955863e-09,94336.19793760979,238740389255.5549,1.1259979445853874e+20,1871.0211181640625,0.9950653033437156,0.13126438326569034,0.13126438326569034,1440.4605712890625,0.052448087118944726,0.127253270239238,0.0,0.0,0.16935365417588052,0.0,0.0,0.2232129970933359,0.0,0.0,0.16935365417588052,0.0,0.0,93187.47491936282,0.012327010891119983,238733292669.84543,2.9725999378227286e-05,1.1011101959187887e+20,0.02260241414423736
golovin_controlled_timestep_screen_v1_N016384_dt1_m003,golovin,golovin_controlled_timestep_screen_v1,controlled,8,3,not_applicable,10689183209771867904,16384,1.0,300.0,3600.0,3299.999952316284,16384,0.06027939540740189,0.9982363490157188,1.6022609905519403e-09,60279.39540740189,238740390461.44638,2.7204538573092926e+20,2299.625244140625,0.9968438306203184,0.35147634198366723,0.35147634198366723,2008.001953125,0.04550091909074012,0.1357015506506967,0.0,0.0,0.17202046602690443,0.0,0.0,0.25358576008987027,0.0,0.0,0.17202046602690443,0.0,0.0,59418.863295774216,0.014482473475538216,238733292669.84543,2.9731050586123686e-05,2.7083026409274727e+20,0.004486653817115105
golovin_controlled_timestep_screen_v1_N016384_dt1_m003,golovin,golovin_controlled_timestep_screen_v1,controlled,8,3,not_applicable,10689183209771867904,16384,1.0,300.0,3600.0,3599.9999046325684,16384,0.03836998548607893,0.9982363443770015,-3.0446518639593023e-09,38369.98548607893,238740389352.04062,6.684631001367244e+20,3108.724609375,0.9980025095253883,0.5531852019514082,0.5531852019514082,2684.802490234375,0.03397605162868892,0.14049751547007014,0.0,0.0,0.203017390005945,0.0,0.0,0.2884261899540749,0.0,0.0,0.203017390005945,0.0,0.0,37887.079979546696,0.012745915145556896,238733292669.84543,2.972640353515743e-05,6.661370698447075e+20,0.0034918193226494143
golovin_controlled_timestep_screen_v1_N016384_dt1_m004,golovin,golovin_controlled_timestep_screen_v1,controlled,9,4,not_applicable,7649767742560776063,16384,1.0,300.0,3600.0,0.0,16384,8.388608,0.9982363474162836,0.0,8388608.0,238740390078.92203,1.3588188114267852e+16,74.99010467529297,0.3426337917221375,0.0,0.0,57.375732421875,0.06298102013791641,0.0033285650941950098,0.0,0.0,0.007120967653698126,0.0,0.0,0.01348464728023573,0.0,0.0,0.007120967653698126,0.0,0.0,8388608.0,0.0,238733292669.84543,2.972944827761559e-05,1.3588329560514944e+16,-1.0409391858035022e-05
golovin_controlled_timestep_screen_v1_N016384_dt1_m004,golovin,golovin_controlled_timestep_screen_v1,controlled,9,4,not_applicable,7649767742560776063,16384,1.0,300.0,3600.0,300.00001192092896,16384,5.42184596084032,0.9982363480206592,6.054432510893548e-10,5421845.960840319,238740390223.46576,3.2763663209133156e+16,113.95340728759766,0.6287150663028712,0.0,0.0,88.31031036376953,0.03443894559331469,0.07476861061255549,0.0,0.0,0.11924754365765469,0.0,0.0,0.17600782067841286,0.0,0.0,0.11924754365765469,0.0,0.0,5348803.665523084,0.0136558191111118,238733292669.84543,2.973005373885229e-05,3.3422009487832736e+16,-0.019697986111195664
golovin_controlled_timestep_screen_v1_N016384_dt1_m004,golovin,golovin_controlled_timestep_screen_v1,controlled,9,4,not_applicable,7649767742560776063,16384,1.0,300.0,3600.0,600.0000238418579,16384,3.4584658797987933,0.9982363487431596,1.3292202893921967e-09,3458465.8797987932,238740390396.26053,8.125330269562347e+16,155.32769775390625,0.7842542608730888,0.0,0.0,123.80978393554688,0.02596990824853916,0.07993712310350036,0.0,0.0,0.11536719766547125,0.0,0.0,0.17492625237842915,0.0,0.0,0.11536719766547125,0.0,0.0,3410542.089022777,0.014051663789831137,238733292669.84543,2.9730777537206876e-05,8.220515356432454e+16,-0.011578968318041727
golovin_controlled_timestep_screen_v1_N016384_dt1_m004,golovin,golovin_controlled_timestep_screen_v1,controlled,9,4,not_applicable,7649767742560776063,16384,1.0,300.0,3600.0,899.9999761581421,16384,2.198733675267404,0.9982363486974809,1.2834608931200364e-09,2198733.675267404,238740390385.33594,1.9252842519094493e+17,214.37747192382812,0.872386700078985,0.0,0.0,162.14724731445312,0.03210956599347064,0.09095297404076745,0.0,0.0,0.1277597778595166,0.0,0.0,0.18761570650599016,0.0,0.0,0.1277597778595166,0.0,0.0,2174654.2046287498,0.011072781404694698,238733292669.84543,2.9730731776478336e-05,2.021926918134987e+17,-0.04779730926906112
golovin_controlled_timestep_screen_v1_N016384_dt1_m004,golovin,golovin_controlled_timestep_screen_v1,controlled,9,4,not_applicable,7649767742560776063,16384,1.0,300.0,3600.0,1200.0000476837158,16384,1.3962900293549267,0.9982363486358464,1.2217173939177428e-09,1396290.0293549267,238740390370.59528,4.728426466278463e+17,295.2426452636719,0.9237989125696209,0.0,0.0,226.09823608398438,0.02734507203529776,0.10153637901742725,0.0,0.0,0.13019939277285233,0.0,0.0,0.17663682217884039,0.0,0.0,0.13019939277285233,0.0,0.0,1386618.2972187817,0.006975050131347693,238733292669.84543,2.9730670031202777e-05,4.97315526712769e+17,-0.04920996584741133
golovin_controlled_timestep_screen_v1_N016384_dt1_m004,golovin,golovin_controlled_timestep_screen_v1,controlled,9,4,not_applicable,7649767742560776063,16384,1.0,300.0,3600.0,1500.0,16384,0.8927924607340945,0.998236345801365,-1.6177718054066759e-09,892792.4607340945,238740389692.6945,1.1488182125668122e+18,366.58929443359375,0.952537968546937,0.0,0.0,311.6723937988281,0.028738921581665904,0.09408978973784467,0.0,0.0,0.1294446188893768,0.0,0.0,0.16512135847392254,0.0,0.0,0.1294446188893768,0.0,0.0,884145.4617925527,0.009780063705818742,238733292669.84543,2.972783045751548e-05,1.2232026906685448e+18,-0.060811244668761755
golovin_controlled_timestep_screen_v1_N016384_dt1_m004,golovin,golovin_controlled_timestep_screen_v1,controlled,9,4,not_applicable,7649767742560776063,16384,1.0,300.0,3600.0,1799.9999523162842,16384,0.5705650153659746,0.9982363480879636,6.728666512856307e-10,570565.0153659746,238740390239.56244,2.788463207718615e+18,522.053955078125,0.9698823468417953,0.0,0.0,409.6973571777344,0.03375079581832769,0.09556904842752134,0.0,0.0,0.1324830184077813,0.0,0.0,0.179875506700623,0.0,0.0,0.1324830184077813,0.0,0.0,563755.1438462138,0.012079484496231085,238733292669.84543,2.973012116425089e-05,3.0086026719268946e+18,-0.0731700022280738
golovin_controlled_timestep_screen_v1_N016384_dt1_m004,golovin,golovin_controlled_timestep_screen_v1,controlled,9,4,not_applicable,7649767742560776063,16384,1.0,300.0,3600.0,2099.9999046325684,16384,0.3623569290641495,0.9982363485238142,1.109487168804435e-09,362356.9290641495,238740390343.80142,6.917065797692574e+18,718.7796020507812,0.9810814697555053,0.0,0.0,587.0007934570312,0.044938915353274815,0.08850215074318872,0.0,0.0,0.1234799572792067,0.0,0.0,0.19227054187275516,0.0,0.0,0.1234799572792067,0.0,0.0,359465.58111456485,0.008043462577473237,238733292669.84543,2.973055779786904e-05,7.39999192822117e+18,-0.0652603590940245
golovin_controlled_timestep_screen_v1_N016384_dt1_m004,golovin,golovin_controlled_timestep_screen_v1,controlled,9,4,not_applicable,7649767742560776063,16384,1.0,300.0,3600.0,2400.0000953674316,16384,0.2301446415115513,0.9982363480928169,6.777285399550692e-10,230144.6415115513,238740390240.72318,1.7160342573616759e+19,905.1201782226562,0.9881003804837319,0.0,0.0,783.162109375,0.0611910046164617,0.09982825952309562,0.0,0.0,0.14477476547920506,0.0,0.0,0.19565212607756977,0.0,0.0,0.14477476547920506,0.0,0.0,229204.92913507385,0.0040998785672872184,238733292669.84543,2.9730126026361603e-05,1.8201113831406539e+19,-0.05718173444934449
golovin_controlled_timestep_screen_v1_N016384_dt1_m004,golovin,golovin_controlled_timestep_screen_v1,controlled,9,4,not_applicable,7649767742560776063,16384,1.0,300.0,3600.0,2700.000047683716,16384,0.14624927998510195,0.9982363484174069,1.0028919916749146e-09,146249.27998510195,238740390318.3528,4.108301649827081e+19,1173.1236572265625,0.9924600155322197,0.010445448045706403,0.010445448045706403,1021.496826171875,0.04605682166320003,0.09967570584111375,0.0,0.0,0.15862914572858453,0.0,0.0,0.2187514565425645,0.0,0.0,0.15862914572858453,0.0,0.0,146147.28387886327,0.0006978994308455277,238733292669.84543,2.973045119936124e-05,4.476765798748041e+19,-0.08230588006725836
golovin_controlled_timestep_screen_v1_N016384_dt1_m004,golovin,golovin_controlled_timestep_screen_v1,controlled,9,4,not_applicable,7649767742560776063,16384,1.0,300.0,3600.0,3000.0,16384,0.09331564362123637,0.998236347121727,-2.9507696286401597e-10,93315.64362123638,238740390008.4752,1.0438848939726134e+20,1890.6881103515625,0.9952004654015384,0.1247653160023995,0.1247653160023995,1416.0599365234375,0.04190617877344167,0.11871302647076154,0.0,0.0,0.17278251908600864,0.0,0.0,0.2297389392678357,0.0,0.0,0.17278251908600864,0.0,0.0,93187.47491936282,0.0013753855009426275,238733292669.84543,2.9729153191881963e-05,1.1011101959187887e+20,-0.051970549503835395
golovin_controlled_timestep_screen_v1_N016384_dt1_m004,golovin,golovin_controlled_timestep_screen_v1,controlled,9,4,not_applicable,7649767742560776063,16384,1.0,300.0,3600.0,3299.999952316284,16384,0.059446409963384524,0.9982363494571289,2.044451052896079e-09,59446.409963384525,238740390567.015,2.559199744442152e+20,2132.152587890625,0.9969578681332234,0.3286748289967287,0.3286748289967287,1842.897705078125,0.06055357535676416,0.1297961293038727,0.0,0.0,0.19618023865477344,0.0,0.0,0.2606331959558258,0.0,0.0,0.19618023865477344,0.0,0.0,59418.863295774216,0.0004636013899017577,238733292669.84543,2.9731492789286662e-05,2.7083026409274727e+20,-0.05505400106771652
golovin_controlled_timestep_screen_v1_N016384_dt1_m004,golovin,golovin_controlled_timestep_screen_v1,controlled,9,4,not_applicable,7649767742560776063,16384,1.0,300.0,3600.0,3599.9999046325684,16384,0.0378287037474191,0.9982363467077413,-7.097941123745954e-10,37828.703747419095,238740389909.46545,6.49259811444458e+20,2957.380615234375,0.9980679485241895,0.5337749397414697,0.5337749397414697,2591.5126953125,0.08396148991188128,0.17665102039785568,0.0,0.0,0.21251978735482213,0.0,0.0,0.2904249408096374,0.0,0.0,0.21251978735482213,0.0,0.0,37887.079979546696,-0.0015407952304351547,238733292669.84543,2.9728738462297954e-05,6.661370698447075e+20,-0.025336014409442886
golovin_controlled_timestep_screen_v1_N016384_dt2_m000,golovin,golovin_controlled_timestep_screen_v1,controlled,0,0,not_applicable,1944431086028390590,16384,2.0,300.0,3600.0,0.0,16384,8.388608,0.9982363474162836,0.0,8388608.0,238740390078.92203,1.3588188114267852e+16,74.99010467529297,0.3426337917221375,0.0,0.0,57.375732421875,0.06297348356500876,0.0033285650941950098,0.0,0.0,0.007120967653698126,0.0,0.0,0.01348464728023573,0.0,0.0,0.007120967653698126,0.0,0.0,8388608.0,0.0,238733292669.84543,2.972944827761559e-05,1.3588329560514944e+16,-1.0409391858035022e-05
golovin_controlled_timestep_screen_v1_N016384_dt2_m000,golovin,golovin_controlled_timestep_screen_v1,controlled,0,0,not_applicable,1944431086028390590,16384,2.0,300.0,3600.0,300.00001192092896,16384,5.3008717677497135,0.998236346280186,-1.1381048325986853e-09,5300871.767749714,238740389807.2104,3.3633028690324944e+16,114.96080017089844,0.6333979737572061,0.0,0.0,86.54844665527344,0.03664947516875847,0.06742818026778091,0.0,0.0,0.1147942609571973,0.0,0.0,0.15322467705574594,0.0,0.0,0.1147942609571973,0.0,0.0,5348803.665523084,-0.008961237086028362,238733292669.84543,2.9728310138921188e-05,3.3422009487832736e+16,0.006313779623844162
golovin_controlled_timestep_screen_v1_N016384_dt2_m000,golovin,golovin_controlled_timestep_screen_v1,controlled,0,0,not_applicable,1944431086028390590,16384,2.0,300.0,3600.0,600.0000238418579,16384,3.3826651684835225,0.9982363471253786,-2.91419000042481e-10,3382665.1684835227,238740390009.34845,8.27240997000334e+16,157.64239501953125,0.7903225374064942,0.0,0.0,123.03297424316406,0.03183443273358456,0.08982508051920685,0.0,0.0,0.11868046763970162,0.0,0.0,0.17655561070777598,0.0,0.0,0.11868046763970162,0.0,0.0,3410542.089022777,-0.008173750627203602,238733292669.84543,2.972915684962274e-05,8.220515356432454e+16,0.006312817544982696
golovin_controlled_timestep_screen_v1_N016384_dt2_m000,golovin,golovin_controlled_timestep_screen_v1,controlled,0,0,not_applicable,1944431086028390590,16384,2.0,300.0,3600.0,899.9999761581421,16384,2.132153003762653,0.998236347858257,4.4275427768525333e-10,2132153.003762653,238740390184.6253,1.9934218886771958e+17,219.4456787109375,0.8771816141168801,0.0,0.0,167.0594940185547,0.0347431722423283,0.0962459694688913,0.0,0.0,0.1385345033481099,0.0,0.0,0.19086279077996174,0.0,0.0,0.1385345033481099,0.0,0.0,2174654.2046287498,-0.019543889219551747,238733292669.84543,2.9729891044993906e-05,2.021926918134987e+17,-0.014097952404770298
golovin_controlled_timestep_screen_v1_N016384_dt2_m000,golovin,golovin_controlled_timestep_screen_v1,controlled,0,0,not_applicable,1944431086028390590,16384,2.0,300.0,3600.0,1200.0000476837158,16384,1.3671508491470572,0.9982363453150633,-2.1049326726085837e-09,1367150.8491470572,238740389576.38956,4.818719569099199e+17,319.310302734375,0.9255513817128243,0.0,0.0,230.03189086914062,0.028295973525805734,0.0923122103904842,0.0,0.0,0.137118392969764,0.0,0.0,0.18001461834093566,0.0,0.0,0.137118392969764,0.0,0.0,1386618.2972187817,-0.014039514775458728,238733292669.84543,2.97273432823264e-05,4.97315526712769e+17,-0.031053866154009624
golovin_controlled_timestep_screen_v1_N016384_dt2_m000,golovin,golovin_controlled_timestep_screen_v1,controlled,0,0,not_applicable,1944431086028390590,16384,2.0,300.0,3600.0,1500.0,16384,0.8673623654188143,0.9982363468800596,-5.371714184576604e-10,867362.3654188142,238740389950.67743,1.195976750346324e+18,395.2581787109375,0.9544233913055877,0.0,0.0,315.8752136230469,0.035895748397697234,0.10191993951516862,0.0,0.0,0.14371359457193697,0.0,0.0,0.18047062168022257,0.0,0.0,0.14371359457193697,0.0,0.0,884145.4617925527,-0.018982279612352215,238733292669.84543,2.9728911089987875e-05,1.2232026906685448e+18,-0.0222579140235053
golovin_controlled_timestep_screen_v1_N016384_dt2_m000,golovin,golovin_controlled_timestep_screen_v1,controlled,0,0,not_applicable,1944431086028390590,16384,2.0,300.0,3600.0,1799.9999523162842,16384,0.5537168542217855,0.9982363460031211,-1.4156593675096474e-09,553716.8542217856,238740389740.94696,2.939923156010128e+18,562.325439453125,0.9713429253513706,0.0,0.0,427.3827819824219,0.03403506918436504,0.09562079161676845,0.0,0.0,0.1351112935876271,0.0,0.0,0.18504666813452902,0.0,0.0,0.1351112935876271,0.0,0.0,563755.1438462138,-0.017806116243910708,238733292669.84543,2.972803257628165e-05,3.0086026719268946e+18,-0.022827712199291583
golovin_controlled_timestep_screen_v1_N016384_dt2_m000,golovin,golovin_controlled_timestep_screen_v1,controlled,0,0,not_applicable,1944431086028390590,16384,2.0,300.0,3600.0,2099.9999046325684,16384,0.35370707735464185,0.998236347241708,-1.7488410719579406e-10,353707.07735464186,238740390037.1701,7.103810300848413e+18,750.4926147460938,0.9818643241750911,0.0,0.0,577.274658203125,0.0392029092582808,0.09341139673928567,0.0,0.0,0.1351604833518691,0.0,0.0,0.1907286294294644,0.0,0.0,0.1351604833518691,0.0,0.0,359465.58111456485,-0.016019624861073112,238733292669.84543,2.9729273388401367e-05,7.39999192822117e+18,-0.040024587897618646
golovin_controlled_timestep_screen_v1_N016384_dt2_m000,golovin,golovin_controlled_timestep_screen_v1,controlled,0,0,not_applicable,1944431086028390590,16384,2.0,300.0,3600.0,2400.0000953674316,16384,0.2259625339027524,0.9982363455454858,-1.8741030949342985e-09,225962.5339027524,238740389631.49786,1.7608501661119724e+19,1028.5372314453125,0.9884912972907092,0.0011792982859978875,0.0011792982859978875,796.6932983398438,0.03920828989110451,0.10269436719234351,0.0,0.0,0.14926730890339224,0.0,0.0,0.2019141084265774,0.0,0.0,0.14926730890339224,0.0,0.0,229204.92913507385,-0.01414627183000361,238733292669.84543,2.9727574118565414e-05,1.8201113831406539e+19,-0.03255911565501257
golovin_controlled_timestep_screen_v1_N016384_dt2_m000,golovin,golovin_controlled_timestep_screen_v1,controlled,0,0,not_applicable,1944431086028390590,16384,2.0,300.0,3600.0,2700.000047683716,16384,0.14378542448339052,0.9982363473276165,-8.88238371743455e-11,143785.42448339052,238740390057.71613,4.233660237531575e+19,1267.9349365234375,0.992721423865751,0.016384709439646927,0.016384709439646927,1048.677978515625,0.03755406599123026,0.09266194338365294,0.0,0.0,0.13639154438624793,0.0,0.0,0.1802241267054652,0.0,0.0,0.13639154438624793,0.0,0.0,146147.28387886327,-0.016160816217634322,238733292669.84543,2.9729359450891835e-05,4.476765798748041e+19,-0.054303837222052675
golovin_controlled_timestep_screen_v1_N016384_dt2_m000,golovin,golovin_controlled_timestep_screen_v1,controlled,0,0,not_applicable,1944431086028390590,16384,2.0,300.0,3600.0,3000.0,16384,0.09130181782256819,0.9982363482879363,8.731926293137349e-10,91301.81782256819,238740390287.38834,1.075020244870769e+20,1611.6318359375,0.9953911469380622,0.1277166379964673,0.1277166379964673,1464.9984130859375,0.05288476949218022,0.13525265513853416,0.0,0.0,0.18792584326939502,0.0,0.0,0.2393413312329507,0.0,0.0,0.18792584326939502,0.0,0.0,93187.47491936282,-0.020235091662547222,238733292669.84543,2.973032149622412e-05,1.1011101959187887e+20,-0.023694223470748677
golovin_controlled_timestep_screen_v1_N016384_dt2_m000,golovin,golovin_controlled_timestep_screen_v1,controlled,0,0,not_applicable,1944431086028390590,16384,2.0,300.0,3600.0,3299.999952316284,16384,0.057806402594885384,0.9982363474889416,7.278644353903019e-11,57806.40259488538,238740390096.29904,2.5738508137141105e+20,2180.84619140625,0.9970858619900334,0.3300148631342964,0.3300148631342964,1926.2237548828125,0.04399536785732882,0.14403617802182223,0.0,0.0,0.18568376450317362,0.0,0.0,0.2530859763073675,0.0,0.0,0.18568376450317362,0.0,0.0,59418.863295774216,-0.027137185254829888,238733292669.84543,2.972952106605753e-05,2.7083026409274727e+20,-0.049644314184665306
golovin_controlled_timestep_screen_v1_N016384_dt2_m000,golovin,golovin_controlled_timestep_screen_v1,controlled,0,0,not_applicable,1944431086028390590,16384,2.0,300.0,3600.0,3599.9999046325684,16384,0.03689857728522575,0.9982363483067493,8.920388872013518e-10,36898.57728522575,238740390291.88773,6.095865468929077e+20,2890.73291015625,0.9981410889448498,0.5351178066404811,0.5351178066404811,2526.31884765625,0.04576418601668477,0.13904087980611826,0.0,0.0,0.1760964588673358,0.0,0.0,0.26804535051647327,0.0,0.0,0.1760964588673358,0.0,0.0,37887.079979546696,-0.026090759563803467,238733292669.84543,2.9730340343148143e-05,6.661370698447075e+20,-0.0848932231995182
golovin_controlled_timestep_screen_v1_N016384_dt2_m001,golovin,golovin_controlled_timestep_screen_v1,controlled,1,1,not_applicable,15564717190483251341,16384,2.0,300.0,3600.0,0.0,16384,8.388608,0.9982363474162836,0.0,8388608.0,238740390078.92203,1.3588188114267852e+16,74.99010467529297,0.3426337917221375,0.0,0.0,57.375732421875,0.06300120528900595,0.0033285650941950098,0.0,0.0,0.007120967653698126,0.0,0.0,0.01348464728023573,0.0,0.0,0.007120967653698126,0.0,0.0,8388608.0,0.0,238733292669.84543,2.972944827761559e-05,1.3588329560514944e+16,-1.0409391858035022e-05
golovin_controlled_timestep_screen_v1_N016384_dt2_m001,golovin,golovin_controlled_timestep_screen_v1,controlled,1,1,not_applicable,15564717190483251341,16384,2.0,300.0,3600.0,300.00001192092896,16384,5.309629247378659,0.9982363489820725,1.5685552856581353e-09,5309629.247378659,238740390453.3995,3.3086557262543224e+16,110.88067626953125,0.6359167089512413,0.0,0.0,86.80207061767578,0.027425219828367712,0.07149422288457985,0.0,0.0,0.09509945723359514,0.0,0.0,0.15242002881963268,0.0,0.0,0.09509945723359514,0.0,0.0,5348803.665523084,-0.007323958887654025,238733292669.84543,2.9731016879530614e-05,3.3422009487832736e+16,-0.010036865838711218
golovin_controlled_timestep_screen_v1_N016384_dt2_m001,golovin,golovin_controlled_timestep_screen_v1,controlled,1,1,not_applicable,15564717190483251341,16384,2.0,300.0,3600.0,600.0000238418579,16384,3.387204533679675,0.9982363474429904,2.6753932402812097e-11,3387204.533679675,238740390085.30923,8.385358633877954e+16,157.35125732421875,0.7939590783339393,0.0,0.0,124.46755981445312,0.037619549798808244,0.08468713958818518,0.0,0.0,0.10997366378118822,0.0,0.0,0.16106486994353425,0.0,0.0,0.10997366378118822,0.0,0.0,3410542.089022777,-0.006842770074064419,238733292669.84543,2.9729475032214125e-05,8.220515356432454e+16,0.020052669485801866
golovin_controlled_timestep_screen_v1_N016384_dt2_m001,golovin,golovin_controlled_timestep_screen_v1,controlled,1,1,not_applicable,15564717190483251341,16384,2.0,300.0,3600.0,899.9999761581421,16384,2.1502251438833024,0.9982363474719029,5.5717652713838106e-11,2150225.1438833023,238740390092.22403,2.0743871258803827e+17,217.2054443359375,0.8803708022308314,0.0,0.0,173.62818908691406,0.042228522222387196,0.0903258125222414,0.0,0.0,0.12685832756674595,0.0,0.0,0.18106624844307526,0.0,0.0,0.12685832756674595,0.0,0.0,2174654.2046287498,-0.01123353804639382,238733292669.84543,2.9729503996822615e-05,2.021926918134987e+17,0.0259456498031021
golovin_controlled_timestep_screen_v1_N016384_dt2_m001,golovin,golovin_controlled_timestep_screen_v1,controlled,1,1,not_applicable,15564717190483251341,16384,2.0,300.0,3600.0,1200.0000476837158,16384,1.3790297292019744,0.9982363461652378,-1.2532561655120844e-09,1379029.7292019743,238740389779.71912,5.129464359423557e+17,316.3350830078125,0.9275922927757192,0.0,0.0,231.319580078125,0.03930655237292325,0.1159121549260942,0.0,0.0,0.15035587975004003,0.0,0.0,0.194446102514397,0.0,0.0,0.15035587975004003,0.0,0.0,1386618.2972187817,-0.005472715910375681,238733292669.84543,2.9728194984146583e-05,4.97315526712769e+17,0.03143056749686912
golovin_controlled_timestep_screen_v1_N016384_dt2_m001,golovin,golovin_controlled_timestep_screen_v1,controlled,1,1,not_applicable,15564717190483251341,16384,2.0,300.0,3600.0,1500.0,16384,0.8640125856498716,0.9982363507655238,3.3551574851742316e-09,864012.5856498716,238740390879.93356,1.2561165433506186e+18,417.6586608886719,0.9564733766396675,0.0,0.0,315.5956115722656,0.041196396263948984,0.10599699665452231,0.0,0.0,0.13157512265376106,0.0,0.0,0.18921131860466966,0.0,0.0,0.13157512265376106,0.0,0.0,884145.4617925527,-0.022770999810215464,238733292669.84543,2.9732803534576746e-05,1.2232026906685448e+18,0.026907930249961076
golovin_controlled_timestep_screen_v1_N016384_dt2_m001,golovin,golovin_controlled_timestep_screen_v1,controlled,1,1,not_applicable,15564717190483251341,16384,2.0,300.0,3600.0,1799.9999523162842,16384,0.551782478729444,0.9982363481538254,7.388447631484496e-10,551782.478729444,238740390255.31406,3.173096448700982e+18,546.3519897460938,0.9726115898950469,0.0,0.0,450.8923645019531,0.04101647775474062,0.08744808822669659,0.0,0.0,0.12803612428463892,0.0,0.0,0.17685281686900262,0.0,0.0,0.12803612428463892,0.0,0.0,563755.1438462138,-0.02123734966759938,238733292669.84543,2.973018714413911e-05,3.0086026719268946e+18,0.054674476729336785
golovin_controlled_timestep_screen_v1_N016384_dt2_m001,golovin,golovin_controlled_timestep_screen_v1,controlled,1,1,not_applicable,15564717190483251341,16384,2.0,300.0,3600.0,2099.9999046325684,16384,0.348901760657602,0.9982363488491081,1.4353558341895223e-09,348901.760657602,238740390421.5994,7.844685295864265e+18,768.2662963867188,0.982952543081852,0.0,0.0,600.2701416015625,0.03939021549117799,0.09921255062117551,0.0,0.0,0.141234748967162,0.0,0.0,0.1959274396307301,0.0,0.0,0.141234748967162,0.0,0.0,359465.58111456485,-0.029387571472652585,238733292669.84543,2.9730883676082343e-05,7.39999192822117e+18,0.060093763879279116
golovin_controlled_timestep_screen_v1_N016384_dt2_m001,golovin,golovin_controlled_timestep_screen_v1,controlled,1,1,not_applicable,15564717190483251341,16384,2.0,300.0,3600.0,2400.0000953674316,16384,0.222182695974531,0.9982363471564893,-2.6025326338441346e-10,222182.695974531,238740390016.78903,1.9727801129766e+19,986.4053344726562,0.9892399362496629,0.0,0.0,854.8258666992188,0.042729272029333576,0.09063318444480047,0.0,0.0,0.1315803524293438,0.0,0.0,0.19211360394537014,0.0,0.0,0.1315803524293438,0.0,0.0,229204.92913507385,-0.030637356653026138,238733292669.84543,2.9729188016691666e-05,1.8201113831406539e+19,0.08387878415029282
golovin_controlled_timestep_screen_v1_N016384_dt2_m001,golovin,golovin_controlled_timestep_screen_v1,controlled,1,1,not_applicable,15564717190483251341,16384,2.0,300.0,3600.0,2700.000047683716,16384,0.14136632844465236,0.9982363461638187,-1.2546776950728145e-09,141366.32844465235,238740389779.37973,4.981170742871609e+19,1527.8624267578125,0.9931925918027459,0.03239458338083992,0.03239458338083992,1119.1337890625,0.042544944640005716,0.11102285667444972,0.0,0.0,0.14646274887724156,0.0,0.0,0.20462805732643458,0.0,0.0,0.14646274887724156,0.0,0.0,146147.28387886327,-0.032713269157801816,238733292669.84543,2.9728193562394978e-05,4.476765798748041e+19,0.11267172927934466
golovin_controlled_timestep_screen_v1_N016384_dt2_m001,golovin,golovin_controlled_timestep_screen_v1,controlled,1,1,not_applicable,15564717190483251341,16384,2.0,300.0,3600.0,3000.0,16384,0.09004820348427005,0.9982363461770304,-1.241442726396258e-09,90048.20348427005,238740389782.5395,1.1702832685593403e+20,1741.7432861328125,0.9957050811031972,0.15417655523422213,0.15417655523422213,1468.4949951171875,0.05304570500222206,0.11946040001206223,0.0,0.0,0.1736500441663736,0.0,0.0,0.23191021616248964,0.0,0.0,0.1736500441663736,0.0,0.0,93187.47491936282,-0.03368769716970277,238733292669.84543,2.9728206798029788e-05,1.1011101959187887e+20,0.06282120799256807
golovin_controlled_timestep_screen_v1_N016384_dt2_m001,golovin,golovin_controlled_timestep_screen_v1,controlled,1,1,not_applicable,15564717190483251341,16384,2.0,300.0,3600.0,3299.999952316284,16384,0.05740276315302376,0.9982363491179302,1.7046530853548347e-09,57402.76315302376,238740390485.89148,2.8291101239084925e+20,2197.574462890625,0.9972686482012014,0.38118813001835955,0.38118813001835955,1957.709716796875,0.06173543341185666,0.139425600671779,0.0,0.0,0.19412097324489327,0.0,0.0,0.26309711294674193,0.0,0.0,0.19412097324489327,0.0,0.0,59418.863295774216,-0.033930304804296596,238733292669.84543,2.973115298110507e-05,2.7083026409274727e+20,0.044606345374920364
golovin_controlled_timestep_screen_v1_N016384_dt2_m001,golovin,golovin_controlled_timestep_screen_v1,controlled,1,1,not_applicable,15564717190483251341,16384,2.0,300.0,3600.0,3599.9999046325684,16384,0.0364900772953245,0.998236348094878,6.797933327362671e-10,36490.077295324496,238740390241.2161,6.814437689054548e+20,2878.819091796875,0.9982640721130803,0.5721570306090509,0.5721570306090509,2544.071533203125,0.052758825008103326,0.14051111029723806,0.0,0.0,0.22087034196963037,0.0,0.0,0.2780406060085947,0.0,0.0,0.22087034196963037,0.0,0.0,37887.079979546696,-0.03687279898520468,238733292669.84543,2.973012809093234e-05,6.661370698447075e+20,0.022978302445044285
golovin_controlled_timestep_screen_v1_N016384_dt2_m002,golovin,golovin_controlled_timestep_screen_v1,controlled,2,2,not_applicable,10837499897406224020,16384,2.0,300.0,3600.0,0.0,16384,8.388608,0.9982363474162836,0.0,8388608.0,238740390078.92203,1.3588188114267852e+16,74.99010467529297,0.3426337917221375,0.0,0.0,57.375732421875,0.06295351615286422,0.0033285650941950098,0.0,0.0,0.007120967653698126,0.0,0.0,0.01348464728023573,0.0,0.0,0.007120967653698126,0.0,0.0,8388608.0,0.0,238733292669.84543,2.972944827761559e-05,1.3588329560514944e+16,-1.0409391858035022e-05
golovin_controlled_timestep_screen_v1_N016384_dt2_m002,golovin,golovin_controlled_timestep_screen_v1,controlled,2,2,not_applicable,10837499897406224020,16384,2.0,300.0,3600.0,300.00001192092896,16384,5.308788907404756,0.9982363483866871,9.721179416999348e-10,5308788.907404755,238740390311.0058,3.3893104145245068e+16,117.3416976928711,0.6358289570023056,0.0,0.0,88.16993713378906,0.04075166927204789,0.07438300862895744,0.0,0.0,0.10478647581437484,0.0,0.0,0.15017785231042918,0.0,0.0,0.10478647581437484,0.0,0.0,5348803.665523084,-0.007481066911513845,238733292669.84543,2.9730420424423087e-05,3.3422009487832736e+16,0.014095342100355568
golovin_controlled_timestep_screen_v1_N016384_dt2_m002,golovin,golovin_controlled_timestep_screen_v1,controlled,2,2,not_applicable,10837499897406224020,16384,2.0,300.0,3600.0,600.0000238418579,16384,3.356708332080618,0.9982363482186035,8.0373729893779e-10,3356708.332080618,238740390270.80655,8.198238806387032e+16,171.57403564453125,0.7899405694156884,0.0,0.0,122.03217315673828,0.026324318350861693,0.08952034820675145,0.0,0.0,0.13047317689781457,0.0,0.0,0.18229312811589943,0.0,0.0,0.13047317689781457,0.0,0.0,3410542.089022777,-0.01578451622556698,238733292669.84543,2.97302520386733e-05,8.220515356432454e+16,-0.0027098726879685175
golovin_controlled_timestep_screen_v1_N016384_dt2_m002,golovin,golovin_controlled_timestep_screen_v1,controlled,2,2,not_applicable,10837499897406224020,16384,2.0,300.0,3600.0,899.9999761581421,16384,2.1517494502648566,0.9982363475985659,1.8260437606443247e-10,2151749.4502648567,238740390122.51703,1.9462365552577002e+17,212.28109741210938,0.8749388541534401,0.0,0.0,167.96737670898438,0.02478304141718492,0.08028648323258204,0.0,0.0,0.11102661422899757,0.0,0.0,0.17605537037720834,0.0,0.0,0.11102661422899757,0.0,0.0,2174654.2046287498,-0.010532596085915835,238733292669.84543,2.9729630887320724e-05,2.021926918134987e+17,-0.03743476690399028
golovin_controlled_timestep_screen_v1_N016384_dt2_m002,golovin,golovin_controlled_timestep_screen_v1,controlled,2,2,not_applicable,10837499897406224020,16384,2.0,300.0,3600.0,1200.0000476837158,16384,1.3688480272449697,0.9982363494157,2.0029489178341464e-09,1368848.0272449697,238740390557.10678,4.844668334511086e+17,291.4977722167969,0.9250515589508174,0.0,0.0,241.99122619628906,0.048900490561392604,0.10385122129170318,0.0,0.0,0.13375804764190546,0.0,0.0,0.18796596302687757,0.0,0.0,0.13375804764190546,0.0,0.0,1386618.2972187817,-0.012815545568275577,238733292669.84543,2.9731451286041377e-05,4.97315526712769e+17,-0.025836099159400105
golovin_controlled_timestep_screen_v1_N016384_dt2_m002,golovin,golovin_controlled_timestep_screen_v1,controlled,2,2,not_applicable,10837499897406224020,16384,2.0,300.0,3600.0,1500.0,16384,0.8676903455710541,0.9982363479181801,5.027831484483158e-10,867690.345571054,238740390198.95663,1.2032535818824988e+18,408.11846923828125,0.9539151585405645,0.0,0.0,328.4640808105469,0.03985202858460782,0.11194674956484778,0.0,0.0,0.14745709293694303,0.0,0.0,0.193170103663053,0.0,0.0,0.14745709293694303,0.0,0.0,884145.4617925527,-0.01861132238142904,238733292669.84543,2.9729951075641026e-05,1.2232026906685448e+18,-0.01630891506226384
golovin_controlled_timestep_screen_v1_N016384_dt2_m002,golovin,golovin_controlled_timestep_screen_v1,controlled,2,2,not_applicable,10837499897406224020,16384,2.0,300.0,3600.0,1799.9999523162842,16384,0.5503332667700709,0.9982363481874346,7.725133865932321e-10,550333.2667700709,238740390263.35208,2.9218866832600274e+18,541.69970703125,0.9711906770728094,0.0,0.0,428.87384033203125,0.04252113103211295,0.10671467205483644,0.0,0.0,0.14195817318628165,0.0,0.0,0.19770212757415895,0.0,0.0,0.14195817318628165,0.0,0.0,563755.1438462138,-0.023807990441687688,238733292669.84543,2.9730220813650732e-05,3.0086026719268946e+18,-0.028822678872158614
golovin_controlled_timestep_screen_v1_N016384_dt2_m002,golovin,golovin_controlled_timestep_screen_v1,controlled,2,2,not_applicable,10837499897406224020,16384,2.0,300.0,3600.0,2099.9999046325684,16384,0.35029157084332185,0.9982363483906258,9.760636743294526e-10,350291.57084332185,238740390311.94778,7.117212513424407e+18,696.112060546875,0.9818988387304748,0.0,0.0,586.3668212890625,0.04245288310434512,0.10127155145102248,0.0,0.0,0.13854518072495256,0.0,0.0,0.17709257867217754,0.0,0.0,0.13854518072495256,0.0,0.0,359465.58111456485,-0.025521248078322012,238733292669.84543,2.9730424370155717e-05,7.39999192822117e+18,-0.038213476114525746
golovin_controlled_timestep_screen_v1_N016384_dt2_m002,golovin,golovin_controlled_timestep_screen_v1,controlled,2,2,not_applicable,10837499897406224020,16384,2.0,300.0,3600.0,2400.0000953674316,16384,0.222797755179423,0.9982363458854587,-1.533529525588051e-09,222797.755179423,238740389712.80655,1.7859655138034223e+19,940.3475341796875,0.9885935515184533,0.0,0.0,769.6837158203125,0.03615981193145095,0.1049105823240293,0.0,0.0,0.136087900620654,0.0,0.0,0.19716411017431326,0.0,0.0,0.136087900620654,0.0,0.0,229204.92913507385,-0.02795390997841507,238733292669.84543,2.9727914702348812e-05,1.8201113831406539e+19,-0.01876031854617155
golovin_controlled_timestep_screen_v1_N016384_dt2_m002,golovin,golovin_controlled_timestep_screen_v1,controlled,2,2,not_applicable,10837499897406224020,16384,2.0,300.0,3600.0,2700.000047683716,16384,0.14195876244495817,0.9982363482203447,8.05481681354081e-10,141958.76244495818,238740390271.223,4.512485829700099e+19,1315.919921875,0.9927785263379095,0.02183478751069583,0.02183478751069583,1091.992919921875,0.038801668367150946,0.11613184148707119,0.0,0.0,0.16246236747886694,0.0,0.0,0.21936630722261205,0.0,0.0,0.16246236747886694,0.0,0.0,146147.28387886327,-0.028659591357009573,238733292669.84543,2.9730253783055716e-05,4.476765798748041e+19,0.007978981380273975
golovin_controlled_timestep_screen_v1_N016384_dt2_m002,golovin,golovin_controlled_timestep_screen_v1,controlled,2,2,not_applicable,10837499897406224020,16384,2.0,300.0,3600.0,3000.0,16384,0.09072852554888976,0.9982363477113516,2.955893307898805e-10,90728.52554888975,238740390149.49106,1.0564988322525392e+20,1918.5406494140625,0.9954244994481738,0.13449468753223268,0.13449468753223268,1384.32080078125,0.033183208304551556,0.12347756343104693,0.0,0.0,0.16654784201068965,0.0,0.0,0.23174903876733552,0.0,0.0,0.16654784201068965,0.0,0.0,93187.47491936282,-0.02638712308280544,238733292669.84543,2.972974387560612e-05,1.1011101959187887e+20,-0.0405148947231615
golovin_controlled_timestep_screen_v1_N016384_dt2_m002,golovin,golovin_controlled_timestep_screen_v1,controlled,2,2,not_applicable,10837499897406224020,16384,2.0,300.0,3600.0,3299.999952316284,16384,0.057649492386987584,0.9982363489229176,1.509295799451138e-09,57649.492386987586,238740390439.25186,2.5156453662580028e+20,2331.947021484375,0.9970918754970582,0.343511668466686,0.343511668466686,1943.1839599609375,0.047110530181145,0.13461028928810623,0.0,0.0,0.18041475810134971,0.0,0.0,0.2652018591759937,0.0,0.0,0.18041475810134971,0.0,0.0,59418.863295774216,-0.02977793264033146,238733292669.84543,2.973095761826805e-05,2.7083026409274727e+20,-0.07113579987629937
golovin_controlled_timestep_screen_v1_N016384_dt2_m002,golovin,golovin_controlled_timestep_screen_v1,controlled,2,2,not_applicable,10837499897406224020,16384,2.0,300.0,3600.0,3599.9999046325684,16384,0.03684829671304267,0.9982363466105979,-8.071091572858791e-10,36848.29671304267,238740389886.2324,6.39771796667178e+20,2916.36572265625,0.998150755905378,0.5507725435659201,0.5507725435659201,2632.4267578125,0.04395060080526667,0.13459630583239457,0.0,0.0,0.19394210462336164,0.0,0.0,0.2692971261830199,0.0,0.0,0.19394210462336164,0.0,0.0,37887.079979546696,-0.027417876148407627,238733292669.84543,2.972864114414442e-05,6.661370698447075e+20,-0.039579351414380626
golovin_controlled_timestep_screen_v1_N016384_dt2_m003,golovin,golovin_controlled_timestep_screen_v1,controlled,3,3,not_applicable,10689183209771867904,16384,2.0,300.0,3600.0,0.0,16384,8.388608,0.9982363474162836,0.0,8388608.0,238740390078.92203,1.3588188114267852e+16,74.99010467529297,0.3426337917221375,0.0,0.0,57.375732421875,0.06294190809914849,0.0033285650941950098,0.0,0.0,0.007120967653698126,0.0,0.0,0.01348464728023573,0.0,0.0,0.007120967653698126,0.0,0.0,8388608.0,0.0,238733292669.84543,2.972944827761559e-05,1.3588329560514944e+16,-1.0409391858035022e-05
golovin_controlled_timestep_screen_v1_N016384_dt2_m003,golovin,golovin_controlled_timestep_screen_v1,controlled,3,3,not_applicable,10689183209771867904,16384,2.0,300.0,3600.0,300.00001192092896,16384,5.296406081912097,0.9982363488677533,1.454034004311211e-09,5296406.081912097,238740390426.05862,3.274546976478809e+16,119.60467529296875,0.6336776875994968,0.0,0.0,85.43983459472656,0.021370935813582178,0.09430875780351207,0.0,0.0,0.12054369265078914,0.0,0.0,0.1560389523187194,0.0,0.0,0.12054369265078914,0.0,0.0,5348803.665523084,-0.009796131413221887,238733292669.84543,2.9730902354696553e-05,3.3422009487832736e+16,-0.02024234130179825
golovin_controlled_timestep_screen_v1_N016384_dt2_m003,golovin,golovin_controlled_timestep_screen_v1,controlled,3,3,not_applicable,10689183209771867904,16384,2.0,300.0,3600.0,600.0000238418579,16384,3.418765217743086,0.9982363501011516,2.689611644512979e-09,3418765.2177430857,238740390721.04092,7.927357061668226e+16,151.29537963867188,0.7880109387355108,0.0,0.0,122.47515869140625,0.029122273027563542,0.07400300038269449,0.0,0.0,0.12067034632849995,0.0,0.0,0.17418369534728834,0.0,0.0,0.12067034632849995,0.0,0.0,3410542.089022777,0.0024110914059016775,238733292669.84543,2.973213796919616e-05,8.220515356432454e+16,-0.035661790295767326
golovin_controlled_timestep_screen_v1_N016384_dt2_m003,golovin,golovin_controlled_timestep_screen_v1,controlled,3,3,not_applicable,10689183209771867904,16384,2.0,300.0,3600.0,899.9999761581421,16384,2.1808756536508693,0.998236349058952,1.6455705686979627e-09,2180875.653650869,238740390471.78616,1.9256427301931286e+17,219.00001525878906,0.8731139559038364,0.0,0.0,167.2764892578125,0.044484760183537475,0.09357089749116418,0.0,0.0,0.1352691520546766,0.0,0.0,0.1812367674734285,0.0,0.0,0.1352691520546766,0.0,0.0,2174654.2046287498,0.0028608911747334265,238733292669.84543,2.97310938970341e-05,2.021926918134987e+17,-0.04762001389776749
golovin_controlled_timestep_screen_v1_N016384_dt2_m003,golovin,golovin_controlled_timestep_screen_v1,controlled,3,3,not_applicable,10689183209771867904,16384,2.0,300.0,3600.0,1200.0000476837158,16384,1.3996273686161582,0.9982363485807595,1.1665333143895396e-09,1399627.3686161581,238740390357.42056,4.6931592969488326e+17,287.3540344238281,0.9221372908945028,0.0,0.0,226.99093627929688,0.048933014393328436,0.09152657311610311,0.0,0.0,0.1321256762613366,0.0,0.0,0.19910484100322667,0.0,0.0,0.1321256762613366,0.0,0.0,1386618.2972187817,0.009381869129716058,238733292669.84543,2.9730614845346892e-05,4.97315526712769e+17,-0.05630147363980709
golovin_controlled_timestep_screen_v1_N016384_dt2_m003,golovin,golovin_controlled_timestep_screen_v1,controlled,3,3,not_applicable,10689183209771867904,16384,2.0,300.0,3600.0,1500.0,16384,0.8935654528934072,0.9982363467247637,-6.927417528501678e-10,893565.4528934072,238740389913.53653,1.163338027220202e+18,382.2969970703125,0.9518648157526539,0.0,0.0,318.79840087890625,0.04240170010829539,0.09972849856757889,0.0,0.0,0.13606976444875693,0.0,0.0,0.1842892880022271,0.0,0.0,0.13606976444875693,0.0,0.0,884145.4617925527,0.010654345362759665,238733292669.84543,2.9728755515101568e-05,1.2232026906685448e+18,-0.04894091870875761
golovin_controlled_timestep_screen_v1_N016384_dt2_m003,golovin,golovin_controlled_timestep_screen_v1,controlled,3,3,not_applicable,10689183209771867904,16384,2.0,300.0,3600.0,1799.9999523162842,16384,0.5669121261663744,0.9982363497302041,2.318008673896088e-09,566912.1261663744,238740390632.32428,2.923528945929744e+18,545.3316040039062,0.9699961356688025,0.0,0.0,425.34259033203125,0.03359695845698558,0.10435670358266577,0.0,0.0,0.1501019218737845,0.0,0.0,0.20095315077696324,0.0,0.0,0.1501019218737845,0.0,0.0,563755.1438462138,0.005599917543318789,238733292669.84543,2.9731766355123312e-05,3.0086026719268946e+18,-0.02827682325451908
golovin_controlled_timestep_screen_v1_N016384_dt2_m003,golovin,golovin_controlled_timestep_screen_v1,controlled,3,3,not_applicable,10689183209771867904,16384,2.0,300.0,3600.0,2099.9999046325684,16384,0.36100714580546733,0.9982363490944162,1.6810974834413628e-09,361007.1458054673,238740390480.2678,7.124889185367583e+18,699.4463500976562,0.9812173178909701,0.0,0.0,575.5152587890625,0.03861490134828107,0.10682409873287539,0.0,0.0,0.13595780167314558,0.0,0.0,0.1942784592366384,0.0,0.0,0.13595780167314558,0.0,0.0,359465.58111456485,0.004288490392105659,238733292669.84543,2.9731129424837022e-05,7.39999192822117e+18,-0.037176086882532156
golovin_controlled_timestep_screen_v1_N016384_dt2_m003,golovin,golovin_controlled_timestep_screen_v1,controlled,3,3,not_applicable,10689183209771867904,16384,2.0,300.0,3600.0,2400.0000953674316,16384,0.23124377296547924,0.9982363474046304,-1.1673773059328596e-11,231243.77296547923,238740390076.13498,1.7442187472167604e+19,969.4771728515625,0.9880193192214193,0.0,0.0,811.9863891601562,0.03704933881510011,0.11503082542331783,0.0,0.0,0.15656699772194102,0.0,0.0,0.20707991410261375,0.0,0.0,0.15656699772194102,0.0,0.0,229204.92913507385,0.008895287889746362,238733292669.84543,2.972943660339844e-05,1.8201113831406539e+19,-0.04169669868936188
golovin_controlled_timestep_screen_v1_N016384_dt2_m003,golovin,golovin_controlled_timestep_screen_v1,controlled,3,3,not_applicable,10689183209771867904,16384,2.0,300.0,3600.0,2700.000047683716,16384,0.1476290939738764,0.9982363468925408,-5.246681977766343e-10,147629.0939738764,238740389953.66248,4.3467192001413505e+19,1230.7977294921875,0.9924309120090337,0.019428304071836967,0.019428304071836967,1066.63720703125,0.03948203764366496,0.11397018961832425,0.0,0.0,0.15499688733740072,0.0,0.0,0.20619925067137693,0.0,0.0,0.15499688733740072,0.0,0.0,146147.28387886327,0.010139155895920515,238733292669.84543,2.9728923593763668e-05,4.476765798748041e+19,-0.029049229835310775
golovin_controlled_timestep_screen_v1_N016384_dt2_m003,golovin,golovin_controlled_timestep_screen_v1,controlled,3,3,not_applicable,10689183209771867904,16384,2.0,300.0,3600.0,3000.0,16384,0.09373389202112624,0.9982363472399959,-1.76599179724235e-10,93733.89202112624,238740390036.7606,1.0662903561692512e+20,1627.22314453125,0.9952120731249346,0.12791566294617945,0.12791566294617945,1503.9718017578125,0.045112857854175764,0.1251797860175575,0.0,0.0,0.16016557854241767,0.0,0.0,0.23383356770180153,0.0,0.0,0.16016557854241767,0.0,0.0,93187.47491936282,0.005863632448848355,238733292669.84543,2.972927167288475e-05,1.1011101959187887e+20,-0.031622484178781995
golovin_controlled_timestep_screen_v1_N016384_dt2_m003,golovin,golovin_controlled_timestep_screen_v1,controlled,3,3,not_applicable,10689183209771867904,16384,2.0,300.0,3600.0,3299.999952316284,16384,0.05978157247956427,0.9982363494008584,1.9880810331329712e-09,59781.57247956427,238740390553.55722,2.6622524262423904e+20,2332.177734375,0.9969650032807659,0.34158365463784535,0.34158365463784535,2024.7945556640625,0.05016012739553482,0.15756358279862576,0.0,0.0,0.2085806724171361,0.0,0.0,0.2641399667118464,0.0,0.0,0.2085806724171361,0.0,0.0,59418.863295774216,0.006104276717388002,238733292669.84543,2.9731436417712587e-05,2.7083026409274727e+20,-0.01700334888323707
golovin_controlled_timestep_screen_v1_N016384_dt2_m003,golovin,golovin_controlled_timestep_screen_v1,controlled,3,3,not_applicable,10689183209771867904,16384,2.0,300.0,3600.0,3599.9999046325684,16384,0.03819275054312654,0.9982363500846223,2.6730528901453e-09,38192.75054312654,238740390717.0877,6.292274988946966e+20,2934.59716796875,0.9980700461598115,0.5361611660924893,0.5361611660924893,2607.7294921875,0.038997737839966344,0.12960002869294968,0.0,0.0,0.1752283907020054,0.0,0.0,0.2691079647468059,0.0,0.0,0.1752283907020054,0.0,0.0,37887.079979546696,0.008067936714702073,238733292669.84543,2.9732121409997703e-05,6.661370698447075e+20,-0.055408372572052444
golovin_controlled_timestep_screen_v1_N016384_dt2_m004,golovin,golovin_controlled_timestep_screen_v1,controlled,4,4,not_applicable,7649767742560776063,16384,2.0,300.0,3600.0,0.0,16384,8.388608,0.9982363474162836,0.0,8388608.0,238740390078.92203,1.3588188114267852e+16,74.99010467529297,0.3426337917221375,0.0,0.0,57.375732421875,0.06294697577720455,0.0033285650941950098,0.0,0.0,0.007120967653698126,0.0,0.0,0.01348464728023573,0.0,0.0,0.007120967653698126,0.0,0.0,8388608.0,0.0,238733292669.84543,2.972944827761559e-05,1.3588329560514944e+16,-1.0409391858035022e-05
golovin_controlled_timestep_screen_v1_N016384_dt2_m004,golovin,golovin_controlled_timestep_screen_v1,controlled,4,4,not_applicable,7649767742560776063,16384,2.0,300.0,3600.0,300.00001192092896,16384,5.396822539996738,0.9982363471454151,-2.7134716695798033e-10,5396822.539996739,238740390014.14044,3.273997020912349e+16,115.99938201904297,0.6282618596631987,0.0,0.0,88.15398406982422,0.03181989915450596,0.07994075280997669,0.0,0.0,0.11907372142931649,0.0,0.0,0.16093635048683783,0.0,0.0,0.11907372142931649,0.0,0.0,5348803.665523084,0.00897749804936221,238733292669.84543,2.972917692223298e-05,3.3422009487832736e+16,-0.020406890224764718
golovin_controlled_timestep_screen_v1_N016384_dt2_m004,golovin,golovin_controlled_timestep_screen_v1,controlled,4,4,not_applicable,7649767742560776063,16384,2.0,300.0,3600.0,600.0000238418579,16384,3.447601044134198,0.9982363469659707,-4.511084839009527e-10,3447601.044134198,238740389971.22412,8.19085144834034e+16,164.9905242919922,0.786083020922757,0.0,0.0,127.79005432128906,0.04212145470049759,0.08257845722822368,0.0,0.0,0.1387616921609817,0.0,0.0,0.18359790368909693,0.0,0.0,0.1387616921609817,0.0,0.0,3410542.089022777,0.010866001399220337,238733292669.84543,2.9728997155364922e-05,8.220515356432454e+16,-0.0036085217052607144
golovin_controlled_timestep_screen_v1_N016384_dt2_m004,golovin,golovin_controlled_timestep_screen_v1,controlled,4,4,not_applicable,7649767742560776063,16384,2.0,300.0,3600.0,899.9999761581421,16384,2.232530122417592,0.9982363473320329,-8.439959842121425e-11,2232530.122417592,238740390058.7724,1.9603010305868858e+17,232.79644775390625,0.8694328572291505,0.0,0.0,172.70277404785156,0.05566772447248952,0.09408682170975065,0.0,0.0,0.12120638022104925,0.0,0.0,0.17764651865037417,0.0,0.0,0.12120638022104925,0.0,0.0,2174654.2046287498,0.026613848613564972,238733292669.84543,2.9729363875574677e-05,2.021926918134987e+17,-0.030478790798702304
golovin_controlled_timestep_screen_v1_N016384_dt2_m004,golovin,golovin_controlled_timestep_screen_v1,controlled,4,4,not_applicable,7649767742560776063,16384,2.0,300.0,3600.0,1200.0000476837158,16384,1.4199822331864447,0.998236347418974,2.69517741458003e-12,1419982.2331864447,238740390079.5654,4.829962466826803e+17,292.88397216796875,0.9213201163875706,0.0,0.0,235.73292541503906,0.0528071487033266,0.09576281890253613,0.0,0.0,0.1307584577605647,0.0,0.0,0.17952140354593366,0.0,0.0,0.1307584577605647,0.0,0.0,1386618.2972187817,0.024061370050130648,238733292669.84543,2.972945097257096e-05,4.97315526712769e+17,-0.028793148938538904
golovin_controlled_timestep_screen_v1_N016384_dt2_m004,golovin,golovin_controlled_timestep_screen_v1,controlled,4,4,not_applicable,7649767742560776063,16384,2.0,300.0,3600.0,1500.0,16384,0.9081396470351861,0.9982363477746309,3.589804009607178e-10,908139.6470351862,238740390164.6251,1.1322112758696731e+18,370.9859924316406,0.9515234146687616,0.0,0.0,307.7538757324219,0.040487503890387085,0.077317727307075,0.0,0.0,0.12176397160683339,0.0,0.0,0.18566760229972243,0.0,0.0,0.12176397160683339,0.0,0.0,884145.4617925527,0.027138277896022522,238733292669.84543,2.9729807268452646e-05,1.2232026906685448e+18,-0.07438784715977043
golovin_controlled_timestep_screen_v1_N016384_dt2_m004,golovin,golovin_controlled_timestep_screen_v1,controlled,4,4,not_applicable,7649767742560776063,16384,2.0,300.0,3600.0,1799.9999523162842,16384,0.5784317071007954,0.9982363479221796,5.067897212995831e-10,578431.7071007953,238740390199.91318,2.8119315668767836e+18,537.6566772460938,0.9698821316474443,0.0,0.0,413.9045715332031,0.032231661170734976,0.09734254173997024,0.0,0.0,0.13452747299599202,0.0,0.0,0.194086808648924,0.0,0.0,0.13452747299599202,0.0,0.0,563755.1438462138,0.026033577546540565,238733292669.84543,2.972995508243592e-05,3.0086026719268946e+18,-0.06536958398835391
golovin_controlled_timestep_screen_v1_N016384_dt2_m004,golovin,golovin_controlled_timestep_screen_v1,controlled,4,4,not_applicable,7649767742560776063,16384,2.0,300.0,3600.0,2099.9999046325684,16384,0.3697527274384758,0.9982363458198203,-1.599283927511408e-09,369752.7274384758,238740389697.1083,6.71931553382604e+18,681.0227661132812,0.9811721726125483,0.0,0.0,551.6575317382812,0.038456955982706834,0.10361974384176816,0.0,0.0,0.12952351465024867,0.0,0.0,0.1856760183343451,0.0,0.0,0.12952351465024867,0.0,0.0,359465.58111456485,0.028617889623853587,238733292669.84543,2.972784894605951e-05,7.39999192822117e+18,-0.09198339687361701
golovin_controlled_timestep_screen_v1_N016384_dt2_m004,golovin,golovin_controlled_timestep_screen_v1,controlled,4,4,not_applicable,7649767742560776063,16384,2.0,300.0,3600.0,2400.0000953674316,16384,0.2361339232215618,0.9982363484186945,1.0041818487849241e-09,236133.9232215618,238740390318.66074,1.6423738785017418e+19,957.732666015625,0.9880847574425559,0.0,0.0,767.286376953125,0.0503161663434701,0.1012836982623267,0.0,0.0,0.14350896763812068,0.0,0.0,0.200599183607507,0.0,0.0,0.14350896763812068,0.0,0.0,229204.92913507385,0.030230563158633483,238733292669.84543,2.973045248921835e-05,1.8201113831406539e+19,-0.09765199332593644
golovin_controlled_timestep_screen_v1_N016384_dt2_m004,golovin,golovin_controlled_timestep_screen_v1,controlled,4,4,not_applicable,7649767742560776063,16384,2.0,300.0,3600.0,2700.000047683716,16384,0.15039462394280972,0.9982363480368845,6.21697360259077e-10,150394.62394280973,238740390227.34625,3.944337677505268e+19,1126.265380859375,0.9925115316639348,0.01476012424524489,0.01476012424524489,1076.973876953125,0.07488418746559479,0.11996673682710848,0.0,0.0,0.1580775398942256,0.0,0.0,0.21629050745783374,0.0,0.0,0.1580775398942256,0.0,0.0,146147.28387886327,0.029062052685610906,238733292669.84543,2.973006999340555e-05,4.476765798748041e+19,-0.11893142174014781
golovin_controlled_timestep_screen_v1_N016384_dt2_m004,golovin,golovin_controlled_timestep_screen_v1,controlled,4,4,not_applicable,7649767742560776063,16384,2.0,300.0,3600.0,3000.0,16384,0.09578276297432387,0.998236346824168,-5.931618529686489e-10,95782.76297432386,238740389937.31027,9.796353704895814e+19,1606.0277099609375,0.9952207893137957,0.1218955525368393,0.1218955525368393,1348.791015625,0.0705399478504685,0.1154933967849335,0.0,0.0,0.15943763896388982,0.0,0.0,0.2362027932329417,0.0,0.0,0.15943763896388982,0.0,0.0,93187.47491936282,0.027850181123662887,238733292669.84543,2.972885509788803e-05,1.1011101959187887e+20,-0.11032031660359498
golovin_controlled_timestep_screen_v1_N016384_dt2_m004,golovin,golovin_controlled_timestep_screen_v1,controlled,4,4,not_applicable,7649767742560776063,16384,2.0,300.0,3600.0,3299.999952316284,16384,0.060959794042590686,0.9982363487760327,1.3621515027040232e-09,60959.794042590685,238740390404.12253,2.390028875556824e+20,2095.20166015625,0.9969525954423885,0.3240143059837814,0.3240143059837814,1928.4569091796875,0.060824551504992906,0.12062036218856659,0.0,0.0,0.17258794139051295,0.0,0.0,0.249449485148042,0.0,0.0,0.17258794139051295,0.0,0.0,59418.863295774216,0.025933359565396774,238733292669.84543,2.9730810469308366e-05,2.7083026409274727e+20,-0.11751779899370995
golovin_controlled_timestep_screen_v1_N016384_dt2_m004,golovin,golovin_controlled_timestep_screen_v1,controlled,4,4,not_applicable,7649767742560776063,16384,2.0,300.0,3600.0,3599.9999046325684,16384,0.03886705832642241,0.99823634947597,2.0633252884039166e-09,38867.05832642241,238740390571.5211,6.032949491860443e+20,3111.19384765625,0.9980689784756553,0.5234226247051084,0.5234226247051084,2477.658203125,0.061481684823482805,0.13513181721465242,0.0,0.0,0.1923941488746458,0.0,0.0,0.2584316940505286,0.0,0.0,0.1923941488746458,0.0,0.0,37887.079979546696,0.02586576604490909,238733292669.84543,2.9731511664188304e-05,6.661370698447075e+20,-0.09433812274298625
