matrix_stage,initialization_family,kernel,max_superdroplets,collision_timestep_s,observation_timestep_s,end_time_s,time_s,metric,n_total,n_valid,mean,sample_standard_deviation,standard_error,student_ci_low,student_ci_high,bootstrap_ci_low,bootstrap_ci_high,coefficient_of_variation
golovin_controlled_timestep_screen_v1,controlled,golovin,16384,0.1,300.0,3600.0,0.0,golovin_fixed_bin_l1_relative,5,5,0.007120967653698127,9.69739903612216e-19,4.336808689942018e-19,0.007120967653698126,0.0071209676536981275,0.007120967653698127,0.007120967653698127,1.3618091680399668e-16
golovin_controlled_timestep_screen_v1,controlled,golovin,16384,0.1,300.0,3600.0,0.0,golovin_fixed_bin_l1_relative_bins_250,5,5,0.00332856509419501,4.84869951806108e-19,2.168404344971009e-19,0.0033285650941950098,0.0033285650941950106,0.00332856509419501,0.00332856509419501,1.4566936144698421e-16
golovin_controlled_timestep_screen_v1,controlled,golovin,16384,0.1,300.0,3600.0,0.0,golovin_fixed_bin_l1_relative_bins_500,5,5,0.007120967653698127,9.69739903612216e-19,4.336808689942018e-19,0.007120967653698126,0.0071209676536981275,0.007120967653698127,0.007120967653698127,1.3618091680399668e-16
golovin_controlled_timestep_screen_v1,controlled,golovin,16384,0.1,300.0,3600.0,0.0,golovin_fixed_bin_l1_relative_bins_1000,5,5,0.01348464728023573,0.0,0.0,0.01348464728023573,0.01348464728023573,0.01348464728023573,0.01348464728023573,0.0
golovin_controlled_timestep_screen_v1,controlled,golovin,16384,0.1,300.0,3600.0,0.0,radius_moment_0_m3,5,5,8388608.0,0.0,0.0,8388608.0,8388608.0,8388608.0,8388608.0,0.0
golovin_controlled_timestep_screen_v1,controlled,golovin,16384,0.1,300.0,3600.0,0.0,radius_moment_3_um3_m3,5,5,238740390078.92203,0.0,0.0,238740390078.92203,238740390078.92203,238740390078.92203,238740390078.92203,0.0
golovin_controlled_timestep_screen_v1,controlled,golovin,16384,0.1,300.0,3600.0,0.0,radius_moment_6_um6_m3,5,5,1.3588188114267852e+16,0.0,0.0,1.3588188114267852e+16,1.3588188114267852e+16,1.3588188114267852e+16,1.3588188114267852e+16,0.0
golovin_controlled_timestep_screen_v1,controlled,golovin,16384,0.1,300.0,3600.0,0.0,golovin_relative_error_radius_moment_0_m3,5,5,0.0,0.0,0.0,0.0,0.0,0.0,0.0,nan
golovin_controlled_timestep_screen_v1,controlled,golovin,16384,0.1,300.0,3600.0,0.0,golovin_relative_error_radius_moment_3_um3_m3,5,5,2.972944827761559e-05,0.0,0.0,2.972944827761559e-05,2.972944827761559e-05,2.972944827761559e-05,2.972944827761559e-05,0.0
golovin_controlled_timestep_screen_v1,controlled,golovin,16384,0.1,300.0,3600.0,0.0,golovin_relative_error_radius_moment_6_um6_m3,5,5,-1.0409391858035022e-05,0.0,0.0,-1.0409391858035022e-05,-1.0409391858035022e-05,-1.0409391858035022e-05,-1.0409391858035022e-05,0.0
golovin_controlled_timestep_screen_v1,controlled,golovin,16384,0.1,300.0,3600.0,0.0,liquid_water_gm3,5,5,0.9982363474162836,0.0,0.0,0.9982363474162836,0.9982363474162836,0.9982363474162836,0.9982363474162836,0.0
golovin_controlled_timestep_screen_v1,controlled,golovin,16384,0.1,300.0,3600.0,0.0,relative_liquid_mass_drift,5,5,0.0,0.0,0.0,0.0,0.0,0.0,0.0,nan
golovin_controlled_timestep_screen_v1,controlled,golovin,16384,0.1,300.0,3600.0,0.0,mass_fraction_r_ge_cloud_threshold,5,5,0.3426337917221375,0.0,0.0,0.3426337917221375,0.3426337917221375,0.3426337917221375,0.3426337917221375,0.0
golovin_controlled_timestep_screen_v1,controlled,golovin,16384,0.1,300.0,3600.0,0.0,mass_fraction_r_ge_large_threshold,5,5,0.0,0.0,0.0,0.0,0.0,0.0,0.0,nan
golovin_controlled_timestep_screen_v1,controlled,golovin,16384,0.1,300.0,3600.0,0.0,mass_fraction_r_ge_onset_threshold,5,5,0.0,0.0,0.0,0.0,0.0,0.0,0.0,nan
golovin_controlled_timestep_screen_v1,controlled,golovin,16384,0.1,300.0,3600.0,0.0,mass_weighted_radius_q99_um,5,5,57.375732421875,0.0,0.0,57.375732421875,57.375732421875,57.375732421875,57.375732421875,0.0
golovin_controlled_timestep_screen_v1,controlled,golovin,16384,0.1,300.0,3600.0,0.0,fixed_bin_mass_below_range_fraction,5,5,0.0,0.0,0.0,0.0,0.0,0.0,0.0,nan
golovin_controlled_timestep_screen_v1,controlled,golovin,16384,0.1,300.0,3600.0,0.0,fixed_bin_mass_above_range_fraction,5,5,0.0,0.0,0.0,0.0,0.0,0.0,0.0,nan
golovin_controlled_timestep_screen_v1,controlled,golovin,16384,0.1,300.0,3600.0,0.0,fixed_bin_mass_below_range_fraction_bins_250,5,5,0.0,0.0,0.0,0.0,0.0,0.0,0.0,nan
golovin_controlled_timestep_screen_v1,controlled,golovin,16384,0.1,300.0,3600.0,0.0,fixed_bin_mass_below_range_fraction_bins_500,5,5,0.0,0.0,0.0,0.0,0.0,0.0,0.0,nan
golovin_controlled_timestep_screen_v1,controlled,golovin,16384,0.1,300.0,3600.0,0.0,fixed_bin_mass_below_range_fraction_bins_1000,5,5,0.0,0.0,0.0,0.0,0.0,0.0,0.0,nan
golovin_controlled_timestep_screen_v1,controlled,golovin,16384,0.1,300.0,3600.0,0.0,fixed_bin_mass_above_range_fraction_bins_250,5,5,0.0,0.0,0.0,0.0,0.0,0.0,0.0,nan
golovin_controlled_timestep_screen_v1,controlled,golovin,16384,0.1,300.0,3600.0,0.0,fixed_bin_mass_above_range_fraction_bins_500,5,5,0.0,0.0,0.0,0.0,0.0,0.0,0.0,nan
golovin_controlled_timestep_screen_v1,controlled,golovin,16384,0.1,300.0,3600.0,0.0,fixed_bin_mass_above_range_fraction_bins_1000,5,5,0.0,0.0,0.0,0.0,0.0,0.0,0.0,nan
golovin_controlled_timestep_screen_v1,controlled,golovin,16384,0.1,300.0,3600.0,1200.0000476837158,golovin_fixed_bin_l1_relative,5,5,0.1293126032884085,0.010203878849092594,0.004563313348148672,0.11664281427945736,0.14198239229735962,0.12209703830976917,0.13836491814417262,0.07890861826000578
golovin_controlled_timestep_screen_v1,controlled,golovin,16384,0.1,300.0,3600.0,1200.0000476837158,golovin_fixed_bin_l1_relative_bins_250,5,5,0.09281477640826064,0.014001771244956825,0.006261782461825064,0.07542928114231305,0.11020027167420822,0.08477649923084749,0.10522767907063146,0.15085713489593292
golovin_controlled_timestep_screen_v1,controlled,golovin,16384,0.1,300.0,3600.0,1200.0000476837158,golovin_fixed_bin_l1_relative_bins_500,5,5,0.1293126032884085,0.010203878849092594,0.004563313348148672,0.11664281427945736,0.14198239229735962,0.12209703830976917,0.13836491814417265,0.07890861826000578
golovin_controlled_timestep_screen_v1,controlled,golovin,16384,0.1,300.0,3600.0,1200.0000476837158,golovin_fixed_bin_l1_relative_bins_1000,5,5,0.18226399605190508,0.00895788237924994,0.004006086786890083,0.17114131600144655,0.1933866761023636,0.1754743833326088,0.18973243118450536,0.04914784364049013
golovin_controlled_timestep_screen_v1,controlled,golovin,16384,0.1,300.0,3600.0,1200.0000476837158,radius_moment_0_m3,5,5,1376408.3074395284,6744.218104643316,3016.106027413449,1368034.2546229588,1384782.360256098,1371265.1956915264,1381842.1618845258,0.004899867334562436
golovin_controlled_timestep_screen_v1,controlled,golovin,16384,0.1,300.0,3600.0,1200.0000476837158,radius_moment_3_um3_m3,5,5,238740390051.74884,223.2000868405343,99.81811335185819,238740389774.6093,238740390328.88837,238740389883.00308,238740390229.5064,9.349071047096553e-10
golovin_controlled_timestep_screen_v1,controlled,golovin,16384,0.1,300.0,3600.0,1200.0000476837158,radius_moment_6_um6_m3,5,5,4.9823261728774336e+17,2.0248472008712892e+16,9055391970396748.0,4.7309081857588794e+17,5.233744159995988e+17,4.824440267228375e+17,5.140212078526493e+17,0.04064059900160818
golovin_controlled_timestep_screen_v1,controlled,golovin,16384,0.1,300.0,3600.0,1200.0000476837158,golovin_relative_error_radius_moment_0_m3,5,5,-0.007363230241322949,0.004863788483226115,0.0021751523353348377,-0.013402421295822909,-0.0013240391868229893,-0.011072334439874343,-0.00344444851466017,0.660550916353288
golovin_controlled_timestep_screen_v1,controlled,golovin,16384,0.1,300.0,3600.0,1200.0000476837158,golovin_relative_error_radius_moment_3_um3_m3,5,5,2.9729334455375066e-05,9.349349565467058e-10,4.181156234758492e-10,2.972817358029886e-05,2.9730495330451272e-05,2.9728627617231495e-05,2.973007904176761e-05,3.1448230297589776e-05
golovin_controlled_timestep_screen_v1,controlled,golovin,16384,0.1,300.0,3600.0,1200.0000476837158,golovin_relative_error_radius_moment_6_um6_m3,5,5,0.0018440819272951936,0.040715543595741525,0.018208544644186853,-0.04871094272283289,0.052399106577423284,-0.0299035505451267,0.03359171439971709,22.079031844024975
golovin_controlled_timestep_screen_v1,controlled,golovin,16384,0.1,300.0,3600.0,1200.0000476837158,liquid_water_gm3,5,5,0.9982363473026657,9.332582818519262e-10,4.17365791757113e-10,0.9982363461438726,0.9982363484614589,0.9982363465970951,0.9982363480459167,9.349071333393973e-10
golovin_controlled_timestep_screen_v1,controlled,golovin,16384,0.1,300.0,3600.0,1200.0000476837158,relative_liquid_mass_drift,5,5,-1.1381868780802051e-10,9.349071025863441e-10,4.1810316680608695e-10,-1.2746591787544772e-09,1.0470218031384363e-09,-8.206357815510046e-10,6.307455002740881e-10,8.214003522543365
golovin_controlled_timestep_screen_v1,controlled,golovin,16384,0.1,300.0,3600.0,1200.0000476837158,mass_fraction_r_ge_cloud_threshold,5,5,0.9250122801975152,0.001073028629754259,0.00047987299158679526,0.9236799391789074,0.926344621216123,0.9242164829838428,0.9259113477678353,0.0011600155508477553
golovin_controlled_timestep_screen_v1,controlled,golovin,16384,0.1,300.0,3600.0,1200.0000476837158,mass_fraction_r_ge_large_threshold,5,5,0.0,0.0,0.0,0.0,0.0,0.0,0.0,nan
golovin_controlled_timestep_screen_v1,controlled,golovin,16384,0.1,300.0,3600.0,1200.0000476837158,mass_fraction_r_ge_onset_threshold,5,5,0.0,0.0,0.0,0.0,0.0,0.0,0.0,nan
golovin_controlled_timestep_screen_v1,controlled,golovin,16384,0.1,300.0,3600.0,1200.0000476837158,mass_weighted_radius_q99_um,5,5,235.4285461425781,6.650205578111346,2.9740623474010515,227.1712252955834,243.68586698957282,230.47118530273437,240.6895965576172,0.028247235465167036
golovin_controlled_timestep_screen_v1,controlled,golovin,16384,0.1,300.0,3600.0,1200.0000476837158,fixed_bin_mass_below_range_fraction,5,5,0.0,0.0,0.0,0.0,0.0,0.0,0.0,nan
golovin_controlled_timestep_screen_v1,controlled,golovin,16384,0.1,300.0,3600.0,1200.0000476837158,fixed_bin_mass_above_range_fraction,5,5,0.0,0.0,0.0,0.0,0.0,0.0,0.0,nan
golovin_controlled_timestep_screen_v1,controlled,golovin,16384,0.1,300.0,3600.0,1200.0000476837158,fixed_bin_mass_below_range_fraction_bins_250,5,5,0.0,0.0,0.0,0.0,0.0,0.0,0.0,nan
golovin_controlled_timestep_screen_v1,controlled,golovin,16384,0.1,300.0,3600.0,1200.0000476837158,fixed_bin_mass_below_range_fraction_bins_500,5,5,0.0,0.0,0.0,0.0,0.0,0.0,0.0,nan
golovin_controlled_timestep_screen_v1,controlled,golovin,16384,0.1,300.0,3600.0,1200.0000476837158,fixed_bin_mass_below_range_fraction_bins_1000,5,5,0.0,0.0,0.0,0.0,0.0,0.0,0.0,nan
golovin_controlled_timestep_screen_v1,controlled,golovin,16384,0.1,300.0,3600.0,1200.0000476837158,fixed_bin_mass_above_range_fraction_bins_250,5,5,0.0,0.0,0.0,0.0,0.0,0.0,0.0,nan
golovin_controlled_timestep_screen_v1,controlled,golovin,16384,0.1,300.0,3600.0,1200.0000476837158,fixed_bin_mass_above_range_fraction_bins_500,5,5,0.0,0.0,0.0,0.0,0.0,0.0,0.0,nan
golovin_controlled_timestep_screen_v1,controlled,golovin,16384,0.1,300.0,3600.0,1200.0000476837158,fixed_bin_mass_above_range_fraction_bins_1000,5,5,0.0,0.0,0.0,0.0,0.0,0.0,0.0,nan
golovin_controlled_timestep_screen_v1,controlled,golovin,16384,0.1,300.0,3600.0,1500.0,golovin_fixed_bin_l1_relative,5,5,0.12666780901835661,0.008680198286851199,0.0038819026855153,0.11588991930830349,0.13744569872840973,0.12002144216008268,0.13342092676160644,0.06852726319433906
golovin_controlled_timestep_screen_v1,controlled,golovin,16384,0.1,300.0,3600.0,1500.0,golovin_fixed_bin_l1_relative_bins_250,5,5,0.09712082868989869,0.0070896685392958115,0.0031705961583614146,0.08831784250545721,0.10592381487434016,0.09161746157620396,0.10262419580359343,0.07299843540187165
golovin_controlled_timestep_screen_v1,controlled,golovin,16384,0.1,300.0,3600.0,1500.0,golovin_fixed_bin_l1_relative_bins_500,5,5,0.12666780901835661,0.008680198286851199,0.0038819026855153,0.11588991930830349,0.13744569872840973,0.11991469127510676,0.13342092676160644,0.06852726319433906
golovin_controlled_timestep_screen_v1,controlled,golovin,16384,0.1,300.0,3600.0,1500.0,golovin_fixed_bin_l1_relative_bins_1000,5,5,0.18033962665168576,0.008425029183103188,0.00376778759316765,0.16987857123121047,0.19080068207216105,0.1729276003201468,0.18636751142495567,0.046717570284070635
golovin_controlled_timestep_screen_v1,controlled,golovin,16384,0.1,300.0,3600.0,1500.0,radius_moment_0_m3,5,5,877101.238202147,7050.264218380343,3152.9740103265735,868347.1789443599,885855.297459934,871750.8118495466,882591.1107886363,0.008038141905752796
golovin_controlled_timestep_screen_v1,controlled,golovin,16384,0.1,300.0,3600.0,1500.0,radius_moment_3_um3_m3,5,5,238740390009.31226,274.23227048203995,122.64039968439006,238740389668.80792,238740390349.8166,238740389798.0056,238740390219.90576,1.1486630748627968e-09
golovin_controlled_timestep_screen_v1,controlled,golovin,16384,0.1,300.0,3600.0,1500.0,radius_moment_6_um6_m3,5,5,1.2236076275959813e+18,5.536182530980272e+16,2.475856095023745e+16,1.1548668422339533e+18,1.2923484129580093e+18,1.1816679655206208e+18,1.269105472410708e+18,0.04524475335167038
golovin_controlled_timestep_screen_v1,controlled,golovin,16384,0.1,300.0,3600.0,1500.0,golovin_relative_error_radius_moment_0_m3,5,5,-0.007967267711948712,0.007974099877283043,0.003566125876995523,-0.01786842044765212,0.001933885023754696,-0.01401879043509049,-0.0017580263328672353,1.0008575292787119
golovin_controlled_timestep_screen_v1,controlled,golovin,16384,0.1,300.0,3600.0,1500.0,golovin_relative_error_radius_moment_3_um3_m3,5,5,2.9729156698010683e-05,1.1486972439368916e-09,5.137130246019095e-10,2.972773040199805e-05,2.9730582994023315e-05,2.9728271582074582e-05,2.9730038826736305e-05,3.863874295545545e-05
golovin_controlled_timestep_screen_v1,controlled,golovin,16384,0.1,300.0,3600.0,1500.0,golovin_relative_error_radius_moment_6_um6_m3,5,5,0.00033104646558239635,0.04525973146735357,0.020240767240877776,-0.05586633266580055,0.05652842559696534,-0.0339557176130989,0.0364963758037903,136.7171565711478
golovin_controlled_timestep_screen_v1,controlled,golovin,16384,0.1,300.0,3600.0,1500.0,liquid_water_gm3,5,5,0.9982363471252272,1.1466372120700349e-09,5.12791750343888e-10,0.9982363457014891,0.9982363485489654,0.9982363462446804,0.9982363480057739,1.1486630549690764e-09
golovin_controlled_timestep_screen_v1,controlled,golovin,16384,0.1,300.0,3600.0,1500.0,relative_liquid_mass_drift,5,5,-2.915707897344078e-10,1.1486630602884522e-09,5.136977372095836e-10,-1.7178243577611386e-09,1.1346827782923229e-09,-1.1766603025265e-09,5.905317124188514e-10,3.9395683680617353
golovin_controlled_timestep_screen_v1,controlled,golovin,16384,0.1,300.0,3600.0,1500.0,mass_fraction_r_ge_cloud_threshold,5,5,0.953549982649321,0.0009622259216679795,0.000430320514112398,0.9523552213642474,0.9547447439343946,0.9528339316122221,0.9542803465217148,0.0010090985676435686
golovin_controlled_timestep_screen_v1,controlled,golovin,16384,0.1,300.0,3600.0,1500.0,mass_fraction_r_ge_large_threshold,5,5,0.0,0.0,0.0,0.0,0.0,0.0,0.0,nan
golovin_controlled_timestep_screen_v1,controlled,golovin,16384,0.1,300.0,3600.0,1500.0,mass_fraction_r_ge_onset_threshold,5,5,0.0,0.0,0.0,0.0,0.0,0.0,0.0,nan
golovin_controlled_timestep_screen_v1,controlled,golovin,16384,0.1,300.0,3600.0,1500.0,mass_weighted_radius_q99_um,5,5,322.20086059570315,10.813422072734156,4.835909364806049,308.7742237106072,335.6274974807991,313.3212890625,330.65473022460935,0.03356112101234519
golovin_controlled_timestep_screen_v1,controlled,golovin,16384,0.1,300.0,3600.0,1500.0,fixed_bin_mass_below_range_fraction,5,5,0.0,0.0,0.0,0.0,0.0,0.0,0.0,nan
golovin_controlled_timestep_screen_v1,controlled,golovin,16384,0.1,300.0,3600.0,1500.0,fixed_bin_mass_above_range_fraction,5,5,0.0,0.0,0.0,0.0,0.0,0.0,0.0,nan
golovin_controlled_timestep_screen_v1,controlled,golovin,16384,0.1,300.0,3600.0,1500.0,fixed_bin_mass_below_range_fraction_bins_250,5,5,0.0,0.0,0.0,0.0,0.0,0.0,0.0,nan
golovin_controlled_timestep_screen_v1,controlled,golovin,16384,0.1,300.0,3600.0,1500.0,fixed_bin_mass_below_range_fraction_bins_500,5,5,0.0,0.0,0.0,0.0,0.0,0.0,0.0,nan
golovin_controlled_timestep_screen_v1,controlled,golovin,16384,0.1,300.0,3600.0,1500.0,fixed_bin_mass_below_range_fraction_bins_1000,5,5,0.0,0.0,0.0,0.0,0.0,0.0,0.0,nan
golovin_controlled_timestep_screen_v1,controlled,golovin,16384,0.1,300.0,3600.0,1500.0,fixed_bin_mass_above_range_fraction_bins_250,5,5,0.0,0.0,0.0,0.0,0.0,0.0,0.0,nan
golovin_controlled_timestep_screen_v1,controlled,golovin,16384,0.1,300.0,3600.0,1500.0,fixed_bin_mass_above_range_fraction_bins_500,5,5,0.0,0.0,0.0,0.0,0.0,0.0,0.0,nan
golovin_controlled_timestep_screen_v1,controlled,golovin,16384,0.1,300.0,3600.0,1500.0,fixed_bin_mass_above_range_fraction_bins_1000,5,5,0.0,0.0,0.0,0.0,0.0,0.0,0.0,nan
golovin_controlled_timestep_screen_v1,controlled,golovin,16384,0.1,300.0,3600.0,1799.9999523162842,golovin_fixed_bin_l1_relative,5,5,0.13145782196807282,0.004979814865310567,0.0022270409108396776,0.12527456513209675,0.13764107880404888,0.12743630251062613,0.13520806656079776,0.03788146487411008
golovin_controlled_timestep_screen_v1,controlled,golovin,16384,0.1,300.0,3600.0,1799.9999523162842,golovin_fixed_bin_l1_relative_bins_250,5,5,0.09064356584535473,0.005139281095465164,0.002298356376987939,0.08426230553246643,0.09702482615824302,0.08635301630321571,0.09447425846422848,0.056697693295001156
golovin_controlled_timestep_screen_v1,controlled,golovin,16384,0.1,300.0,3600.0,1799.9999523162842,golovin_fixed_bin_l1_relative_bins_500,5,5,0.13145782196807282,0.004979814865310567,0.0022270409108396776,0.12527456513209675,0.13764107880404888,0.12743630251062613,0.13520806656079776,0.03788146487411008
golovin_controlled_timestep_screen_v1,controlled,golovin,16384,0.1,300.0,3600.0,1799.9999523162842,golovin_fixed_bin_l1_relative_bins_1000,5,5,0.18712301044987226,0.003882854682087044,0.0017364654031799928,0.18230180958086786,0.19194421131887665,0.1841658650364388,0.19007229213767188,0.02075027904239072
golovin_controlled_timestep_screen_v1,controlled,golovin,16384,0.1,300.0,3600.0,1799.9999523162842,radius_moment_0_m3,5,5,558962.9749898872,6546.892261785617,2927.8592277439975,550833.9345683092,567092.0154114652,553980.3540931302,564171.5966004545,0.011712568729447714
golovin_controlled_timestep_screen_v1,controlled,golovin,16384,0.1,300.0,3600.0,1799.9999523162842,radius_moment_3_um3_m3,5,5,238740390168.9856,201.53836899069475,90.13069862752582,238740389918.74265,238740390419.22855,238740389986.55283,238740390318.52753,8.441737439066826e-10
golovin_controlled_timestep_screen_v1,controlled,golovin,16384,0.1,300.0,3600.0,1799.9999523162842,radius_moment_6_um6_m3,5,5,2.9918060549899197e+18,9.062192575834338e+16,4.052735724951899e+16,2.8792840723278904e+18,3.104328037651949e+18,2.9214522099536517e+18,3.062159900026188e+18,0.030290040227440047
golovin_controlled_timestep_screen_v1,controlled,golovin,16384,0.1,300.0,3600.0,1799.9999523162842,golovin_relative_error_radius_moment_0_m3,5,5,-0.008500443691976067,0.011613006698474655,0.005193494480189946,-0.0229198960203712,0.005919008636419067,-0.01733871497188506,0.0007387121142692354,1.3661647696621613
golovin_controlled_timestep_screen_v1,controlled,golovin,16384,0.1,300.0,3600.0,1799.9999523162842,golovin_relative_error_radius_moment_3_um3_m3,5,5,2.972982553375303e-05,8.441988332372526e-10,3.7753719552890113e-10,2.9728777322454475e-05,2.9730873745051586e-05,2.972906136400333e-05,2.9730442344622077e-05,2.839568743108876e-05
golovin_controlled_timestep_screen_v1,controlled,golovin,16384,0.1,300.0,3600.0,1799.9999523162842,golovin_relative_error_radius_moment_6_um6_m3,5,5,-0.005582863132344818,0.030120935078577056,0.013470491676311253,-0.042982943811646815,0.03181721754695718,-0.028967089202718333,0.017801362938028698,5.395248703853892
golovin_controlled_timestep_screen_v1,controlled,golovin,16384,0.1,300.0,3600.0,1799.9999523162842,liquid_water_gm3,5,5,0.9982363477928633,8.426848895789811e-10,3.7686013934210116e-10,0.9982363467465318,0.9982363488391948,0.998236347030064,0.9982363484085681,8.441737184206805e-10
golovin_controlled_timestep_screen_v1,controlled,golovin,16384,0.1,300.0,3600.0,1799.9999523162842,relative_liquid_mass_drift,5,5,3.7724501300573365e-10,8.441737040475068e-10,3.7752595741360287e-10,-6.709350835403746e-10,1.4254251095518419e-09,-3.8690204373637014e-10,9.940375189643191e-10,2.237733236872972
golovin_controlled_timestep_screen_v1,controlled,golovin,16384,0.1,300.0,3600.0,1799.9999523162842,mass_fraction_r_ge_cloud_threshold,5,5,0.9711618495748697,0.000756210000830286,0.0003381873934243384,0.9702228908417572,0.9721008083079823,0.9705659779938186,0.9717167929927815,0.0007786652669288031
golovin_controlled_timestep_screen_v1,controlled,golovin,16384,0.1,300.0,3600.0,1799.9999523162842,mass_fraction_r_ge_large_threshold,5,5,0.0,0.0,0.0,0.0,0.0,0.0,0.0,nan
golovin_controlled_timestep_screen_v1,controlled,golovin,16384,0.1,300.0,3600.0,1799.9999523162842,mass_fraction_r_ge_onset_threshold,5,5,0.0,0.0,0.0,0.0,0.0,0.0,0.0,nan
golovin_controlled_timestep_screen_v1,controlled,golovin,16384,0.1,300.0,3600.0,1799.9999523162842,mass_weighted_radius_q99_um,5,5,432.3530212402344,3.9208618130523254,1.7534627088736143,427.4846282850354,437.2214141954334,429.18552856445314,435.3273620605469,0.009068658296419587
golovin_controlled_timestep_screen_v1,controlled,golovin,16384,0.1,300.0,3600.0,1799.9999523162842,fixed_bin_mass_below_range_fraction,5,5,0.0,0.0,0.0,0.0,0.0,0.0,0.0,nan
golovin_controlled_timestep_screen_v1,controlled,golovin,16384,0.1,300.0,3600.0,1799.9999523162842,fixed_bin_mass_above_range_fraction,5,5,0.0,0.0,0.0,0.0,0.0,0.0,0.0,nan
golovin_controlled_timestep_screen_v1,controlled,golovin,16384,0.1,300.0,3600.0,1799.9999523162842,fixed_bin_mass_below_range_fraction_bins_250,5,5,0.0,0.0,0.0,0.0,0.0,0.0,0.0,nan
golovin_controlled_timestep_screen_v1,controlled,golovin,16384,0.1,300.0,3600.0,1799.9999523162842,fixed_bin_mass_below_range_fraction_bins_500,5,5,0.0,0.0,0.0,0.0,0.0,0.0,0.0,nan
golovin_controlled_timestep_screen_v1,controlled,golovin,16384,0.1,300.0,3600.0,1799.9999523162842,fixed_bin_mass_below_range_fraction_bins_1000,5,5,0.0,0.0,0.0,0.0,0.0,0.0,0.0,nan
golovin_controlled_timestep_screen_v1,controlled,golovin,16384,0.1,300.0,3600.0,1799.9999523162842,fixed_bin_mass_above_range_fraction_bins_250,5,5,0.0,0.0,0.0,0.0,0.0,0.0,0.0,nan
golovin_controlled_timestep_screen_v1,controlled,golovin,16384,0.1,300.0,3600.0,1799.9999523162842,fixed_bin_mass_above_range_fraction_bins_500,5,5,0.0,0.0,0.0,0.0,0.0,0.0,0.0,nan
golovin_controlled_timestep_screen_v1,controlled,golovin,16384,0.1,300.0,3600.0,1799.9999523162842,fixed_bin_mass_above_range_fraction_bins_1000,5,5,0.0,0.0,0.0,0.0,0.0,0.0,0.0,nan
golovin_controlled_timestep_screen_v1,controlled,golovin,16384,0.1,300.0,3600.0,2099.9999046325684,golovin_fixed_bin_l1_relative,5,5,0.1340459074958008,0.009813089429051859,0.004388547006528911,0.12186134764059318,0.14623046735100842,0.1271333446551456,0.14280739016357563,0.07320693046417152
golovin_controlled_timestep_screen_v1,controlled,golovin,16384,0.1,300.0,3600.0,2099.9999046325684,golovin_fixed_bin_l1_relative_bins_250,5,5,0.09551598713598111,0.008489243134653723,0.0037965049453218247,0.08497519956368312,0.10605677470827911,0.08952393693773533,0.10276103042144284,0.08887771973259337
golovin_controlled_timestep_screen_v1,controlled,golovin,16384,0.1,300.0,3600.0,2099.9999046325684,golovin_fixed_bin_l1_relative_bins_500,5,5,0.1340459074958008,0.009813089429051859,0.004388547006528911,0.12186134764059318,0.14623046735100842,0.1271333446551456,0.14280739016357563,0.07320693046417152
golovin_controlled_timestep_screen_v1,controlled,golovin,16384,0.1,300.0,3600.0,2099.9999046325684,golovin_fixed_bin_l1_relative_bins_1000,5,5,0.18431849356062258,0.009507292013124431,0.00425179024465741,0.1725136313475158,0.19612335577372936,0.17692635765895653,0.19161041318579028,0.0515807818817566
golovin_controlled_timestep_screen_v1,controlled,golovin,16384,0.1,300.0,3600.0,2099.9999046325684,radius_moment_0_m3,5,5,356465.33674412896,4650.657898278604,2079.8374401294523,350690.7822638744,362239.8912243835,352896.7762201734,360147.55250162416,0.013046592245845349
golovin_controlled_timestep_screen_v1,controlled,golovin,16384,0.1,300.0,3600.0,2099.9999046325684,radius_moment_3_um3_m3,5,5,238740390056.9502,259.9586070092781,116.25702332177983,238740389734.16895,238740390379.73145,238740389849.64575,238740390253.56732,1.088875690230993e-09
golovin_controlled_timestep_screen_v1,controlled,golovin,16384,0.1,300.0,3600.0,2099.9999046325684,radius_moment_6_um6_m3,5,5,7.355297620199299e+18,1.8196449375016365e+17,8.13769955033403e+16,7.129358859358347e+18,7.581236381040251e+18,7.212636056456204e+18,7.497959183942396e+18,0.024739242807857057
golovin_controlled_timestep_screen_v1,controlled,golovin,16384,0.1,300.0,3600.0,2099.9999046325684,golovin_relative_error_radius_moment_0_m3,5,5,-0.00834640234854538,0.012937700137684137,0.005785915396074023,-0.024410678829063653,0.007717874131972894,-0.018273807673113242,0.0018971813238553236,1.5500930337894547
golovin_controlled_timestep_screen_v1,controlled,golovin,16384,0.1,300.0,3600.0,2099.9999046325684,golovin_relative_error_radius_moment_3_um3_m3,5,5,2.972935624283579e-05,1.0889080281872242e-09,4.86974474454378e-10,2.9728004184939837e-05,2.9730708300731745e-05,2.9728487891045317e-05,2.973017982768056e-05,3.662736654277976e-05
golovin_controlled_timestep_screen_v1,controlled,golovin,16384,0.1,300.0,3600.0,2099.9999046325684,golovin_relative_error_radius_moment_6_um6_m3,5,5,-0.006039777942381331,0.02458982327483493,0.010996903279447478,-0.03657207622493684,0.024492520340174184,-0.025318388666135005,0.013238832781372344,4.071312473640345
golovin_controlled_timestep_screen_v1,controlled,golovin,16384,0.1,300.0,3600.0,2099.9999046325684,liquid_water_gm3,5,5,0.9982363473244138,1.086955408615321e-09,4.861012364349836e-10,0.9982363459747804,0.9982363486740472,0.9982363464576192,0.998236348146522,1.0888758073463283e-09
golovin_controlled_timestep_screen_v1,controlled,golovin,16384,0.1,300.0,3600.0,2099.9999046325684,relative_liquid_mass_drift,5,5,-9.203204864860481e-11,1.088875795783195e-09,4.869600596850806e-10,-1.444049922788072e-09,1.2599858254908624e-09,-9.536400558118885e-10,7.315283934161698e-10,11.831484920440289
golovin_controlled_timestep_screen_v1,controlled,golovin,16384,0.1,300.0,3600.0,2099.9999046325684,mass_fraction_r_ge_cloud_threshold,5,5,0.9817928570002536,0.0004902845274709387,0.00021926190634827638,0.9811840883536166,0.9824016256468907,0.9814275353590929,0.9821556171706278,0.0004993767513943239
golovin_controlled_timestep_screen_v1,controlled,golovin,16384,0.1,300.0,3600.0,2099.9999046325684,mass_fraction_r_ge_large_threshold,5,5,0.0,0.0,0.0,0.0,0.0,0.0,0.0,nan
golovin_controlled_timestep_screen_v1,controlled,golovin,16384,0.1,300.0,3600.0,2099.9999046325684,mass_fraction_r_ge_onset_threshold,5,5,0.0,0.0,0.0,0.0,0.0,0.0,0.0,nan
golovin_controlled_timestep_screen_v1,controlled,golovin,16384,0.1,300.0,3600.0,2099.9999046325684,mass_weighted_radius_q99_um,5,5,589.0374145507812,9.293661159004655,4.156251622276778,577.4978100781404,600.577019023422,581.4060791015625,595.5309448242188,0.01577770941102663
golovin_controlled_timestep_screen_v1,controlled,golovin,16384,0.1,300.0,3600.0,2099.9999046325684,fixed_bin_mass_below_range_fraction,5,5,0.0,0.0,0.0,0.0,0.0,0.0,0.0,nan
golovin_controlled_timestep_screen_v1,controlled,golovin,16384,0.1,300.0,3600.0,2099.9999046325684,fixed_bin_mass_above_range_fraction,5,5,0.0,0.0,0.0,0.0,0.0,0.0,0.0,nan
golovin_controlled_timestep_screen_v1,controlled,golovin,16384,0.1,300.0,3600.0,2099.9999046325684,fixed_bin_mass_below_range_fraction_bins_250,5,5,0.0,0.0,0.0,0.0,0.0,0.0,0.0,nan
golovin_controlled_timestep_screen_v1,controlled,golovin,16384,0.1,300.0,3600.0,2099.9999046325684,fixed_bin_mass_below_range_fraction_bins_500,5,5,0.0,0.0,0.0,0.0,0.0,0.0,0.0,nan
golovin_controlled_timestep_screen_v1,controlled,golovin,16384,0.1,300.0,3600.0,2099.9999046325684,fixed_bin_mass_below_range_fraction_bins_1000,5,5,0.0,0.0,0.0,0.0,0.0,0.0,0.0,nan
golovin_controlled_timestep_screen_v1,controlled,golovin,16384,0.1,300.0,3600.0,2099.9999046325684,fixed_bin_mass_above_range_fraction_bins_250,5,5,0.0,0.0,0.0,0.0,0.0,0.0,0.0,nan
golovin_controlled_timestep_screen_v1,controlled,golovin,16384,0.1,300.0,3600.0,2099.9999046325684,fixed_bin_mass_above_range_fraction_bins_500,5,5,0.0,0.0,0.0,0.0,0.0,0.0,0.0,nan
golovin_controlled_timestep_screen_v1,controlled,golovin,16384,0.1,300.0,3600.0,2099.9999046325684,fixed_bin_mass_above_range_fraction_bins_1000,5,5,0.0,0.0,0.0,0.0,0.0,0.0,0.0,nan
golovin_controlled_timestep_screen_v1,controlled,golovin,16384,0.1,300.0,3600.0,2400.0000953674316,golovin_fixed_bin_l1_relative,5,5,0.14168874941316661,0.011540250319879859,0.005160956838523011,0.12735963606071232,0.1560178627656209,0.13353739758253322,0.151610923734719,0.08144789454121236
golovin_controlled_timestep_screen_v1,controlled,golovin,16384,0.1,300.0,3600.0,2400.0000953674316,golovin_fixed_bin_l1_relative_bins_250,5,5,0.09780702392349547,0.009668014287557158,0.004323667430883401,0.08580259864851614,0.1098114491984748,0.09114236765579131,0.10635712649162403,0.0988478526360179
golovin_controlled_timestep_screen_v1,controlled,golovin,16384,0.1,300.0,3600.0,2400.0000953674316,golovin_fixed_bin_l1_relative_bins_500,5,5,0.14168874941316661,0.011540250319879859,0.005160956838523011,0.12735963606071232,0.1560178627656209,0.13353739758253322,0.1507814820785793,0.08144789454121236
golovin_controlled_timestep_screen_v1,controlled,golovin,16384,0.1,300.0,3600.0,2400.0000953674316,golovin_fixed_bin_l1_relative_bins_1000,5,5,0.19898360579890242,0.011689478577072579,0.00522769374397236,0.18446920109197723,0.21349801050582762,0.19136838860152472,0.20919549725044448,0.05874593803916813
golovin_controlled_timestep_screen_v1,controlled,golovin,16384,0.1,300.0,3600.0,2400.0000953674316,radius_moment_0_m3,5,5,227225.66576108802,3157.2045802754196,1411.944812073906,223305.478498796,231145.85302338004,224837.46883730395,229801.1707829562,0.013894577312384247
golovin_controlled_timestep_screen_v1,controlled,golovin,16384,0.1,300.0,3600.0,2400.0000953674316,radius_moment_3_um3_m3,5,5,238740389941.4354,287.41625381776595,128.5364562749716,238740389584.56097,238740390298.3098,238740389700.67465,238740390139.8217,1.203886170615165e-09
golovin_controlled_timestep_screen_v1,controlled,golovin,16384,0.1,300.0,3600.0,2400.0000953674316,radius_moment_6_um6_m3,5,5,1.816905047295078e+19,4.943309117617278e+17,2.2107150441573472e+17,1.7555257576617e+19,1.878284336928456e+19,1.7782313469711663e+19,1.8555787476189897e+19,0.027207305769647357
golovin_controlled_timestep_screen_v1,controlled,golovin,16384,0.1,300.0,3600.0,2400.0000953674316,golovin_relative_error_radius_moment_0_m3,5,5,-0.00863534384471909,0.013774592859714788,0.006160185199341098,-0.025738759888541574,0.008468072199103394,-0.019054827111488936,0.0021329119441550136,1.5951412135300882
golovin_controlled_timestep_screen_v1,controlled,golovin,16384,0.1,300.0,3600.0,2400.0000953674316,golovin_relative_error_radius_moment_3_um3_m3,5,5,2.9728872377043912e-05,1.2039219556880125e-09,5.384102665045771e-10,2.972737751049489e-05,2.9730367243592936e-05,2.9727863884643212e-05,2.972970337267178e-05,4.0496724545047284e-05
golovin_controlled_timestep_screen_v1,controlled,golovin,16384,0.1,300.0,3600.0,2400.0000953674316,golovin_relative_error_radius_moment_6_um6_m3,5,5,-0.0017616151820573078,0.02715937696674073,0.012146042624834864,-0.03548443577530382,0.03196120541118921,-0.02300960070763498,0.019486370343520364,15.417315451960722
golovin_controlled_timestep_screen_v1,controlled,golovin,16384,0.1,300.0,3600.0,2400.0000953674316,liquid_water_gm3,5,5,0.998236346841416,1.2017628964078076e-09,5.37444705840979e-10,0.9982363453492303,0.9982363483336018,0.9982363458587187,0.9982363476709214,1.2038861339905955e-09
golovin_controlled_timestep_screen_v1,controlled,golovin,16384,0.1,300.0,3600.0,2400.0000953674316,relative_liquid_mass_drift,5,5,-5.758832744007237e-10,1.2038861525571394e-09,5.383942548576891e-10,-2.070705367966968e-09,9.189388191655206e-10,-1.5603167202726808e-09,2.550876621043585e-10,2.0905037636488553
golovin_controlled_timestep_screen_v1,controlled,golovin,16384,0.1,300.0,3600.0,2400.0000953674316,mass_fraction_r_ge_cloud_threshold,5,5,0.9884738205097884,0.00032278335985847314,0.00014435310692986457,0.9880730320326329,0.9888746089869439,0.988226316742271,0.9887149642441295,0.00032654720151516323
golovin_controlled_timestep_screen_v1,controlled,golovin,16384,0.1,300.0,3600.0,2400.0000953674316,mass_fraction_r_ge_large_threshold,5,5,0.001108050735786763,0.0010548955255360944,0.00047176362085181445,-0.00020177506013764482,0.002417876531711171,0.00031098859030203945,0.0019051128812714868,0.9520281801781159
golovin_controlled_timestep_screen_v1,controlled,golovin,16384,0.1,300.0,3600.0,2400.0000953674316,mass_fraction_r_ge_onset_threshold,5,5,0.001108050735786763,0.0010548955255360944,0.00047176362085181445,-0.00020177506013764482,0.002417876531711171,0.00031098859030203945,0.0019051128812714872,0.9520281801781159
golovin_controlled_timestep_screen_v1,controlled,golovin,16384,0.1,300.0,3600.0,2400.0000953674316,mass_weighted_radius_q99_um,5,5,784.6588623046875,18.34268296649042,8.203097200560014,761.8834132347309,807.4343113746442,770.9726684570312,798.5274536132813,0.023376633907650747
golovin_controlled_timestep_screen_v1,controlled,golovin,16384,0.1,300.0,3600.0,2400.0000953674316,fixed_bin_mass_below_range_fraction,5,5,0.0,0.0,0.0,0.0,0.0,0.0,0.0,nan
golovin_controlled_timestep_screen_v1,controlled,golovin,16384,0.1,300.0,3600.0,2400.0000953674316,fixed_bin_mass_above_range_fraction,5,5,0.0,0.0,0.0,0.0,0.0,0.0,0.0,nan
golovin_controlled_timestep_screen_v1,controlled,golovin,16384,0.1,300.0,3600.0,2400.0000953674316,fixed_bin_mass_below_range_fraction_bins_250,5,5,0.0,0.0,0.0,0.0,0.0,0.0,0.0,nan
golovin_controlled_timestep_screen_v1,controlled,golovin,16384,0.1,300.0,3600.0,2400.0000953674316,fixed_bin_mass_below_range_fraction_bins_500,5,5,0.0,0.0,0.0,0.0,0.0,0.0,0.0,nan
golovin_controlled_timestep_screen_v1,controlled,golovin,16384,0.1,300.0,3600.0,2400.0000953674316,fixed_bin_mass_below_range_fraction_bins_1000,5,5,0.0,0.0,0.0,0.0,0.0,0.0,0.0,nan
golovin_controlled_timestep_screen_v1,controlled,golovin,16384,0.1,300.0,3600.0,2400.0000953674316,fixed_bin_mass_above_range_fraction_bins_250,5,5,0.0,0.0,0.0,0.0,0.0,0.0,0.0,nan
golovin_controlled_timestep_screen_v1,controlled,golovin,16384,0.1,300.0,3600.0,2400.0000953674316,fixed_bin_mass_above_range_fraction_bins_500,5,5,0.0,0.0,0.0,0.0,0.0,0.0,0.0,nan
golovin_controlled_timestep_screen_v1,controlled,golovin,16384,0.1,300.0,3600.0,2400.0000953674316,fixed_bin_mass_above_range_fraction_bins_1000,5,5,0.0,0.0,0.0,0.0,0.0,0.0,0.0,nan
golovin_controlled_timestep_screen_v1,controlled,golovin,16384,0.1,300.0,3600.0,2700.000047683716,golovin_fixed_bin_l1_relative,5,5,0.15410386521955416,0.014956679505634935,0.006688830418455532,0.1355326947447352,0.17267503569437312,0.14249679069006227,0.16546125014269655,0.09705583623308814
golovin_controlled_timestep_screen_v1,controlled,golovin,16384,0.1,300.0,3600.0,2700.000047683716,golovin_fixed_bin_l1_relative_bins_250,5,5,0.10536751271416252,0.010616212741272356,0.004747714670616875,0.09218574355605254,0.1185492818722725,0.09589000699538755,0.11276808560406701,0.100754136334903
golovin_controlled_timestep_screen_v1,controlled,golovin,16384,0.1,300.0,3600.0,2700.000047683716,golovin_fixed_bin_l1_relative_bins_500,5,5,0.15410386521955416,0.014956679505634935,0.006688830418455532,0.1355326947447352,0.17267503569437312,0.14249679069006227,0.16546125014269655,0.09705583623308814
golovin_controlled_timestep_screen_v1,controlled,golovin,16384,0.1,300.0,3600.0,2700.000047683716,golovin_fixed_bin_l1_relative_bins_1000,5,5,0.21143131675526378,0.01216806341151253,0.005441723388534003,0.1963226704893282,0.22653996302119936,0.20073276529386788,0.22002739335163204,0.0575509039921334
golovin_controlled_timestep_screen_v1,controlled,golovin,16384,0.1,300.0,3600.0,2700.000047683716,radius_moment_0_m3,5,5,144767.18748820125,2078.4256044381927,929.5001875399774,142186.48124222545,147347.89373417705,143168.0381429276,146366.33683347495,0.014357021369967471
golovin_controlled_timestep_screen_v1,controlled,golovin,16384,0.1,300.0,3600.0,2700.000047683716,radius_moment_3_um3_m3,5,5,238740390265.96964,205.6695920867496,91.97823776212498,238740390010.5971,238740390521.34216,238740390105.7146,238740390435.56866,8.614779922979208e-10
golovin_controlled_timestep_screen_v1,controlled,golovin,16384,0.1,300.0,3600.0,2700.000047683716,radius_moment_6_um6_m3,5,5,4.3969292037365015e+19,1.401149522655296e+18,6.266131158597247e+17,4.2229535118983545e+19,4.5709048955746484e+19,4.2893492512985604e+19,4.5045091561744425e+19,0.03186654725904165
golovin_controlled_timestep_screen_v1,controlled,golovin,16384,0.1,300.0,3600.0,2700.000047683716,golovin_relative_error_radius_moment_0_m3,5,5,-0.009443188775276279,0.014221445306920195,0.006360023688913783,-0.027101445415302964,0.008215067864750406,-0.02038522822227109,0.0014988506717185323,1.5060003188916573
golovin_controlled_timestep_screen_v1,controlled,golovin,16384,0.1,300.0,3600.0,2700.000047683716,golovin_relative_error_radius_moment_3_um3_m3,5,5,2.973023177799128e-05,8.615035782605755e-10,3.852761127699914e-10,2.9729162080013828e-05,2.973130147596873e-05,2.9729560505753484e-05,2.9730942190253627e-05,2.897735828949474e-05
golovin_controlled_timestep_screen_v1,controlled,golovin,16384,0.1,300.0,3600.0,2700.000047683716,golovin_relative_error_radius_moment_6_um6_m3,5,5,-0.01783354291928032,0.03129825382080828,0.013997004624073967,-0.05669545789522137,0.021028372056660728,-0.041864273422990525,0.006197187584429886,1.7550216444636417
golovin_controlled_timestep_screen_v1,controlled,golovin,16384,0.1,300.0,3600.0,2700.000047683716,liquid_water_gm3,5,5,0.9982363481983789,8.599586322204982e-10,3.8458519189655494e-10,0.9982363471305993,0.9982363492661586,0.9982363476003716,0.9982363489075172,8.614779794109432e-10
golovin_controlled_timestep_screen_v1,controlled,golovin,16384,0.1,300.0,3600.0,2700.000047683716,relative_liquid_mass_drift,5,5,7.834771498238524e-10,8.614780217475756e-10,3.852646835499242e-10,-2.8618909502391144e-10,1.8531433946716163e-09,1.8260831402551682e-10,1.4938683179366307e-09,1.0995573029044432
golovin_controlled_timestep_screen_v1,controlled,golovin,16384,0.1,300.0,3600.0,2700.000047683716,mass_fraction_r_ge_cloud_threshold,5,5,0.9926914049446488,0.00020778402740390372,9.292384198276157e-05,0.9924334069984196,0.992949402890878,0.9925339782312925,0.9928488316580051,0.0002093138173342898
golovin_controlled_timestep_screen_v1,controlled,golovin,16384,0.1,300.0,3600.0,2700.000047683716,mass_fraction_r_ge_large_threshold,5,5,0.017615964651827135,0.005227819914155451,0.0023379521404357406,0.01112476887532762,0.02410716042832665,0.013057463148573669,0.021350403396520383,0.2967660311246832
golovin_controlled_timestep_screen_v1,controlled,golovin,16384,0.1,300.0,3600.0,2700.000047683716,mass_fraction_r_ge_onset_threshold,5,5,0.017615964651827135,0.005227819914155451,0.0023379521404357406,0.01112476887532762,0.02410716042832665,0.013057463148573669,0.021350403396520383,0.2967660311246832
golovin_controlled_timestep_screen_v1,controlled,golovin,16384,0.1,300.0,3600.0,2700.000047683716,mass_weighted_radius_q99_um,5,5,1053.0606079101562,50.816311411439585,22.725745336355438,989.9638235090606,1116.157392311252,1015.849365234375,1094.0390869140624,0.048255827850485
golovin_controlled_timestep_screen_v1,controlled,golovin,16384,0.1,300.0,3600.0,2700.000047683716,fixed_bin_mass_below_range_fraction,5,5,0.0,0.0,0.0,0.0,0.0,0.0,0.0,nan
golovin_controlled_timestep_screen_v1,controlled,golovin,16384,0.1,300.0,3600.0,2700.000047683716,fixed_bin_mass_above_range_fraction,5,5,0.0,0.0,0.0,0.0,0.0,0.0,0.0,nan
golovin_controlled_timestep_screen_v1,controlled,golovin,16384,0.1,300.0,3600.0,2700.000047683716,fixed_bin_mass_below_range_fraction_bins_250,5,5,0.0,0.0,0.0,0.0,0.0,0.0,0.0,nan
golovin_controlled_timestep_screen_v1,controlled,golovin,16384,0.1,300.0,3600.0,2700.000047683716,fixed_bin_mass_below_range_fraction_bins_500,5,5,0.0,0.0,0.0,0.0,0.0,0.0,0.0,nan
golovin_controlled_timestep_screen_v1,controlled,golovin,16384,0.1,300.0,3600.0,2700.000047683716,fixed_bin_mass_below_range_fraction_bins_1000,5,5,0.0,0.0,0.0,0.0,0.0,0.0,0.0,nan
golovin_controlled_timestep_screen_v1,controlled,golovin,16384,0.1,300.0,3600.0,2700.000047683716,fixed_bin_mass_above_range_fraction_bins_250,5,5,0.0,0.0,0.0,0.0,0.0,0.0,0.0,nan
golovin_controlled_timestep_screen_v1,controlled,golovin,16384,0.1,300.0,3600.0,2700.000047683716,fixed_bin_mass_above_range_fraction_bins_500,5,5,0.0,0.0,0.0,0.0,0.0,0.0,0.0,nan
golovin_controlled_timestep_screen_v1,controlled,golovin,16384,0.1,300.0,3600.0,2700.000047683716,fixed_bin_mass_above_range_fraction_bins_1000,5,5,0.0,0.0,0.0,0.0,0.0,0.0,0.0,nan
golovin_controlled_timestep_screen_v1,controlled,golovin,16384,0.1,300.0,3600.0,300.00001192092896,golovin_fixed_bin_l1_relative,5,5,0.11388163864881103,0.005828364821731569,0.002606523987812046,0.10664476788126964,0.12111850941635241,0.10952527520910846,0.11823754849730665,0.05117914433691212
golovin_controlled_timestep_screen_v1,controlled,golovin,16384,0.1,300.0,3600.0,300.00001192092896,golovin_fixed_bin_l1_relative_bins_250,5,5,0.07667043773181545,0.009430773852947454,0.004217570283123622,0.06496058536340919,0.0883802901002217,0.06851458884652821,0.08302066058390134,0.12300404343503604
golovin_controlled_timestep_screen_v1,controlled,golovin,16384,0.1,300.0,3600.0,300.00001192092896,golovin_fixed_bin_l1_relative_bins_500,5,5,0.11388163864881103,0.005828364821731569,0.002606523987812046,0.10664476788126964,0.12111850941635241,0.10937215859506348,0.11876084084961591,0.05117914433691212
golovin_controlled_timestep_screen_v1,controlled,golovin,16384,0.1,300.0,3600.0,300.00001192092896,golovin_fixed_bin_l1_relative_bins_1000,5,5,0.1631495108618479,0.01057168649823963,0.004727801929376105,0.15002302833668693,0.17627599338700886,0.1559137580926425,0.17190717354372737,0.06479753719391501
golovin_controlled_timestep_screen_v1,controlled,golovin,16384,0.1,300.0,3600.0,300.00001192092896,radius_moment_0_m3,5,5,5344755.723639434,19431.021175112604,8689.816843957926,5320628.924197962,5368882.523080907,5329768.922758026,5359742.524520841,0.003635530261779921
golovin_controlled_timestep_screen_v1,controlled,golovin,16384,0.1,300.0,3600.0,300.00001192092896,radius_moment_3_um3_m3,5,5,238740390329.34824,289.52338593691815,129.47879440617112,238740389969.85748,238740390688.839,238740390102.1978,238740390556.4987,1.2127122081752213e-09
golovin_controlled_timestep_screen_v1,controlled,golovin,16384,0.1,300.0,3600.0,300.00001192092896,radius_moment_6_um6_m3,5,5,3.3608095828312544e+16,893452779309074.9,399564229844241.8,3.2498727678149372e+16,3.4717463978475716e+16,3.2964317503665004e+16,3.4381800061228104e+16,0.026584451076112483
golovin_controlled_timestep_screen_v1,controlled,golovin,16384,0.1,300.0,3600.0,300.00001192092896,golovin_relative_error_radius_moment_0_m3,5,5,-0.0007567938807966135,0.003632778914724305,0.0016246281201102914,-0.0052674846726435244,0.0037538969110502978,-0.0035586916169217274,0.0020451038553285007,4.8002223682099325
golovin_controlled_timestep_screen_v1,controlled,golovin,16384,0.1,300.0,3600.0,300.00001192092896,golovin_relative_error_radius_moment_3_um3_m3,5,5,2.9730497256652556e-05,1.212748250153506e-09,5.423575053874318e-10,2.9728991430811455e-05,2.9732003082493658e-05,2.972954577464826e-05,2.9731448738656853e-05,4.079138803782163e-05
golovin_controlled_timestep_screen_v1,controlled,golovin,16384,0.1,300.0,3600.0,300.00001192092896,golovin_relative_error_radius_moment_6_um6_m3,5,5,0.005567778339227525,0.02673246740697431,0.011955122865658419,-0.02762496402316801,0.03876052070162306,-0.013694328712770942,0.027752528882369655,4.801280830206897
golovin_controlled_timestep_screen_v1,controlled,golovin,16384,0.1,300.0,3600.0,300.00001192092896,liquid_water_gm3,5,5,0.9982363484633817,1.2105733706543183e-09,5.41384869706821e-10,0.9982363469602563,0.9982363499665071,0.9982363475136061,0.9982363494131572,1.2127121723405423e-09
golovin_controlled_timestep_screen_v1,controlled,golovin,16384,0.1,300.0,3600.0,300.00001192092896,relative_liquid_mass_drift,5,5,1.0489480173347943e-09,1.212712184696154e-09,5.423413764245761e-10,-4.568330425854538e-10,2.5547290772550425e-09,9.74943237253001e-11,2.0004017109442885e-09,1.1561222907665698
golovin_controlled_timestep_screen_v1,controlled,golovin,16384,0.1,300.0,3600.0,300.00001192092896,mass_fraction_r_ge_cloud_threshold,5,5,0.6345989535309122,0.0029613336591361905,0.0013243486731773426,0.6309219721396938,0.6382759349221306,0.6321975499729282,0.636764048689199,0.004666464769062907
golovin_controlled_timestep_screen_v1,controlled,golovin,16384,0.1,300.0,3600.0,300.00001192092896,mass_fraction_r_ge_large_threshold,5,5,0.0,0.0,0.0,0.0,0.0,0.0,0.0,nan
golovin_controlled_timestep_screen_v1,controlled,golovin,16384,0.1,300.0,3600.0,300.00001192092896,mass_fraction_r_ge_onset_threshold,5,5,0.0,0.0,0.0,0.0,0.0,0.0,0.0,nan
golovin_controlled_timestep_screen_v1,controlled,golovin,16384,0.1,300.0,3600.0,300.00001192092896,mass_weighted_radius_q99_um,5,5,88.25612030029296,0.6887016797768404,0.30799675443986146,87.4009842190116,89.11125638157432,87.69993591308594,88.78009185791015,0.00780344385673788
golovin_controlled_timestep_screen_v1,controlled,golovin,16384,0.1,300.0,3600.0,300.00001192092896,fixed_bin_mass_below_range_fraction,5,5,0.0,0.0,0.0,0.0,0.0,0.0,0.0,nan
golovin_controlled_timestep_screen_v1,controlled,golovin,16384,0.1,300.0,3600.0,300.00001192092896,fixed_bin_mass_above_range_fraction,5,5,0.0,0.0,0.0,0.0,0.0,0.0,0.0,nan
golovin_controlled_timestep_screen_v1,controlled,golovin,16384,0.1,300.0,3600.0,300.00001192092896,fixed_bin_mass_below_range_fraction_bins_250,5,5,0.0,0.0,0.0,0.0,0.0,0.0,0.0,nan
golovin_controlled_timestep_screen_v1,controlled,golovin,16384,0.1,300.0,3600.0,300.00001192092896,fixed_bin_mass_below_range_fraction_bins_500,5,5,0.0,0.0,0.0,0.0,0.0,0.0,0.0,nan
golovin_controlled_timestep_screen_v1,controlled,golovin,16384,0.1,300.0,3600.0,300.00001192092896,fixed_bin_mass_below_range_fraction_bins_1000,5,5,0.0,0.0,0.0,0.0,0.0,0.0,0.0,nan
golovin_controlled_timestep_screen_v1,controlled,golovin,16384,0.1,300.0,3600.0,300.00001192092896,fixed_bin_mass_above_range_fraction_bins_250,5,5,0.0,0.0,0.0,0.0,0.0,0.0,0.0,nan
golovin_controlled_timestep_screen_v1,controlled,golovin,16384,0.1,300.0,3600.0,300.00001192092896,fixed_bin_mass_above_range_fraction_bins_500,5,5,0.0,0.0,0.0,0.0,0.0,0.0,0.0,nan
golovin_controlled_timestep_screen_v1,controlled,golovin,16384,0.1,300.0,3600.0,300.00001192092896,fixed_bin_mass_above_range_fraction_bins_1000,5,5,0.0,0.0,0.0,0.0,0.0,0.0,0.0,nan
golovin_controlled_timestep_screen_v1,controlled,golovin,16384,0.1,300.0,3600.0,3000.0,golovin_fixed_bin_l1_relative,5,5,0.15652843335191968,0.012147264370827304,0.005432421774766213,0.14144561250600013,0.17161125419783924,0.1473871683408113,0.16630737196346396,0.07760420334315145
golovin_controlled_timestep_screen_v1,controlled,golovin,16384,0.1,300.0,3600.0,3000.0,golovin_fixed_bin_l1_relative_bins_250,5,5,0.10699658999923436,0.01234229785749123,0.00551964340158008,0.09167160309448005,0.12232157690398868,0.09714253736190853,0.11612350555629139,0.11535225428753895
golovin_controlled_timestep_screen_v1,controlled,golovin,16384,0.1,300.0,3600.0,3000.0,golovin_fixed_bin_l1_relative_bins_500,5,5,0.15652843335191968,0.012147264370827304,0.005432421774766213,0.14144561250600013,0.17161125419783924,0.1473871683408113,0.16630737196346396,0.07760420334315145
golovin_controlled_timestep_screen_v1,controlled,golovin,16384,0.1,300.0,3600.0,3000.0,golovin_fixed_bin_l1_relative_bins_1000,5,5,0.2233883700358982,0.017574106761687133,0.007859379472594224,0.20156723436932195,0.24520950570247446,0.21014772354728053,0.2379493441174926,0.07867064323385768
golovin_controlled_timestep_screen_v1,controlled,golovin,16384,0.1,300.0,3600.0,3000.0,radius_moment_0_m3,5,5,92273.69581416014,1331.6009251270946,595.5100374971582,90620.29488545499,93927.09674286528,91269.74874205557,93331.17974848408,0.014430991555913703
golovin_controlled_timestep_screen_v1,controlled,golovin,16384,0.1,300.0,3600.0,3000.0,radius_moment_3_um3_m3,5,5,238740390201.99292,551.9439745748904,246.8368493841741,238740389516.66397,238740390887.32187,238740389816.10962,238740390705.13702,2.311900278406611e-09
golovin_controlled_timestep_screen_v1,controlled,golovin,16384,0.1,300.0,3600.0,3000.0,radius_moment_6_um6_m3,5,5,1.05032518552307e+20,1.7354115388492938e+18,7.760996339609076e+17,1.0287772052245045e+20,1.0718731658216356e+20,1.0367811756919344e+20,1.063275803313406e+20,0.016522611880291582
golovin_controlled_timestep_screen_v1,controlled,golovin,16384,0.1,300.0,3600.0,3000.0,golovin_relative_error_radius_moment_0_m3,5,5,-0.009805814633279963,0.014289483927741991,0.006390451485164357,-0.02754855237926851,0.007936923112708584,-0.020579226757315983,0.0011147754413420418,1.4572459772230346
golovin_controlled_timestep_screen_v1,controlled,golovin,16384,0.1,300.0,3600.0,3000.0,golovin_relative_error_radius_moment_3_um3_m3,5,5,2.9729963794000723e-05,2.311969026689746e-09,1.0339439811104594e-09,2.972709310529532e-05,2.9732834482706127e-05,2.9728347415769463e-05,2.9732071351329382e-05,7.776561864351424e-05
golovin_controlled_timestep_screen_v1,controlled,golovin,16384,0.1,300.0,3600.0,3000.0,golovin_relative_error_radius_moment_6_um6_m3,5,5,-0.046121642124421956,0.015760561888188022,0.007048337549116171,-0.06569096441244736,-0.02655231983639655,-0.058879439237803324,-0.034360223659370484,0.3417172754966289
golovin_controlled_timestep_screen_v1,controlled,golovin,16384,0.1,300.0,3600.0,3000.0,liquid_water_gm3,5,5,0.9982363479308758,2.3078228022278406e-09,1.0320897331611008e-09,0.9982363450653353,0.9982363507964163,0.9982363463173961,0.9982363500346534,2.311900189781157e-09
golovin_controlled_timestep_screen_v1,controlled,golovin,16384,0.1,300.0,3600.0,3000.0,relative_liquid_mass_drift,5,5,5.155011972846069e-10,2.3119002103515685e-09,1.033913205508434e-09,-2.3551020613486447e-09,3.3861044559178584e-09,-1.1008289391156722e-09,2.6229958205448156e-09,4.484762057837035
golovin_controlled_timestep_screen_v1,controlled,golovin,16384,0.1,300.0,3600.0,3000.0,mass_fraction_r_ge_cloud_threshold,5,5,0.9953658599528807,0.00014153417164036283,6.329600578539484e-05,0.9951901220674393,0.9955415978383222,0.9952583769919539,0.9954733429138078,0.0001421931144464437
golovin_controlled_timestep_screen_v1,controlled,golovin,16384,0.1,300.0,3600.0,3000.0,mass_fraction_r_ge_large_threshold,5,5,0.1323977277988351,0.011899268654944287,0.005321514718997583,0.11762283430503626,0.14717262129263395,0.12191510296205998,0.13963009162347534,0.08987517272973157
golovin_controlled_timestep_screen_v1,controlled,golovin,16384,0.1,300.0,3600.0,3000.0,mass_fraction_r_ge_onset_threshold,5,5,0.1323977277988351,0.011899268654944287,0.005321514718997583,0.11762283430503626,0.14717262129263395,0.12191510296205998,0.13963009162347534,0.08987517272973157
golovin_controlled_timestep_screen_v1,controlled,golovin,16384,0.1,300.0,3600.0,3000.0,mass_weighted_radius_q99_um,5,5,1396.5839111328125,34.30487011224736,15.341604306057185,1353.9887889513786,1439.1790333142465,1368.115185546875,1419.9912841796875,0.024563414943267973
golovin_controlled_timestep_screen_v1,controlled,golovin,16384,0.1,300.0,3600.0,3000.0,fixed_bin_mass_below_range_fraction,5,5,0.0,0.0,0.0,0.0,0.0,0.0,0.0,nan
golovin_controlled_timestep_screen_v1,controlled,golovin,16384,0.1,300.0,3600.0,3000.0,fixed_bin_mass_above_range_fraction,5,5,0.0,0.0,0.0,0.0,0.0,0.0,0.0,nan
golovin_controlled_timestep_screen_v1,controlled,golovin,16384,0.1,300.0,3600.0,3000.0,fixed_bin_mass_below_range_fraction_bins_250,5,5,0.0,0.0,0.0,0.0,0.0,0.0,0.0,nan
golovin_controlled_timestep_screen_v1,controlled,golovin,16384,0.1,300.0,3600.0,3000.0,fixed_bin_mass_below_range_fraction_bins_500,5,5,0.0,0.0,0.0,0.0,0.0,0.0,0.0,nan
golovin_controlled_timestep_screen_v1,controlled,golovin,16384,0.1,300.0,3600.0,3000.0,fixed_bin_mass_below_range_fraction_bins_1000,5,5,0.0,0.0,0.0,0.0,0.0,0.0,0.0,nan
golovin_controlled_timestep_screen_v1,controlled,golovin,16384,0.1,300.0,3600.0,3000.0,fixed_bin_mass_above_range_fraction_bins_250,5,5,0.0,0.0,0.0,0.0,0.0,0.0,0.0,nan
golovin_controlled_timestep_screen_v1,controlled,golovin,16384,0.1,300.0,3600.0,3000.0,fixed_bin_mass_above_range_fraction_bins_500,5,5,0.0,0.0,0.0,0.0,0.0,0.0,0.0,nan
golovin_controlled_timestep_screen_v1,controlled,golovin,16384,0.1,300.0,3600.0,3000.0,fixed_bin_mass_above_range_fraction_bins_1000,5,5,0.0,0.0,0.0,0.0,0.0,0.0,0.0,nan
golovin_controlled_timestep_screen_v1,controlled,golovin,16384,0.1,300.0,3600.0,3299.999952316284,golovin_fixed_bin_l1_relative,5,5,0.16790175662096635,0.00960217210608561,0.004294221912171949,0.15597908521228343,0.17982442802964926,0.16135934668866062,0.17607818198193387,0.05718922957883194
golovin_controlled_timestep_screen_v1,controlled,golovin,16384,0.1,300.0,3600.0,3299.999952316284,golovin_fixed_bin_l1_relative_bins_250,5,5,0.11637528811035633,0.012580304238525653,0.005626083090994417,0.10075477725092881,0.13199579896978386,0.10645251087953363,0.12629806534117907,0.10810116514251725
golovin_controlled_timestep_screen_v1,controlled,golovin,16384,0.1,300.0,3600.0,3299.999952316284,golovin_fixed_bin_l1_relative_bins_500,5,5,0.16790175662096635,0.00960217210608561,0.004294221912171949,0.15597908521228343,0.17982442802964926,0.16135934668866062,0.1760858656480792,0.05718922957883194
golovin_controlled_timestep_screen_v1,controlled,golovin,16384,0.1,300.0,3600.0,3299.999952316284,golovin_fixed_bin_l1_relative_bins_1000,5,5,0.236500802122316,0.005521561532700037,0.002469317385813042,0.22964487795329558,0.24335672629133642,0.23170967306021514,0.24095485773989195,0.023346904040707387
golovin_controlled_timestep_screen_v1,controlled,golovin,16384,0.1,300.0,3600.0,3299.999952316284,radius_moment_0_m3,5,5,58874.55566770362,881.1982470975137,394.0838364327394,57780.403529002375,59968.70780640487,58213.818295297,59593.20576048874,0.01496738679559846
golovin_controlled_timestep_screen_v1,controlled,golovin,16384,0.1,300.0,3600.0,3299.999952316284,radius_moment_3_um3_m3,5,5,238740390033.6784,255.00500301268363,114.04170426777985,238740389717.04788,238740390350.30893,238740389815.417,238740390240.6809,1.0681267756021963e-09
golovin_controlled_timestep_screen_v1,controlled,golovin,16384,0.1,300.0,3600.0,3299.999952316284,radius_moment_6_um6_m3,5,5,2.589804190459614e+20,1.248599858311069e+19,5.583908319760312e+18,2.4347700412368965e+20,2.7448383396823315e+20,2.4926759443228813e+20,2.684908094030353e+20,0.04821213367831795
golovin_controlled_timestep_screen_v1,controlled,golovin,16384,0.1,300.0,3600.0,3299.999952316284,golovin_relative_error_radius_moment_0_m3,5,5,-0.009160519031828995,0.01483027776400066,0.006632301841101812,-0.02757474101475043,0.009253702951092442,-0.020280512511300718,0.0020079616128900746,1.6189342233198372
golovin_controlled_timestep_screen_v1,controlled,golovin,16384,0.1,300.0,3600.0,3299.999952316284,golovin_relative_error_radius_moment_3_um3_m3,5,5,2.9729258762412057e-05,1.0681585165844765e-09,4.776950107656452e-10,2.972793246843764e-05,2.9730585056386474e-05,2.9728338762158303e-05,2.9730120096838065e-05,3.592953746747948e-05
golovin_controlled_timestep_screen_v1,controlled,golovin,16384,0.1,300.0,3600.0,3299.999952316284,golovin_relative_error_radius_moment_6_um6_m3,5,5,-0.04375376986202639,0.04610267107679959,0.020617741294407462,-0.10099779675911841,0.013490257035065623,-0.07961691331909235,-0.008638084438417005,1.0536845447187808
golovin_controlled_timestep_screen_v1,controlled,golovin,16384,0.1,300.0,3600.0,3299.999952316284,liquid_water_gm3,5,5,0.9982363472271084,1.0662429644564823e-09,4.768383498111173e-10,0.9982363459031929,0.9982363485510239,0.9982363463145001,0.9982363480868981,1.0681267691947723e-09
golovin_controlled_timestep_screen_v1,controlled,golovin,16384,0.1,300.0,3600.0,3299.999952316284,relative_liquid_mass_drift,5,5,-1.8950954139285158e-10,1.0681267379791428e-09,4.776807989412939e-10,-1.5157640574603783e-09,1.1367449746746753e-09,-1.109482394845429e-09,6.77551481587102e-10,5.636268918855783
golovin_controlled_timestep_screen_v1,controlled,golovin,16384,0.1,300.0,3600.0,3299.999952316284,mass_fraction_r_ge_cloud_threshold,5,5,0.9970536667966687,9.190874952957387e-05,4.1102842335025794e-05,0.996939547011258,0.9971677865820795,0.9969867351940165,0.997120598399321,9.218034353642973e-05
golovin_controlled_timestep_screen_v1,controlled,golovin,16384,0.1,300.0,3600.0,3299.999952316284,mass_fraction_r_ge_large_threshold,5,5,0.3452491432427634,0.017030559688248306,0.007616297831558167,0.32410291040860517,0.36639537607692163,0.3313306953903278,0.35755771738159386,0.0493283184667404
golovin_controlled_timestep_screen_v1,controlled,golovin,16384,0.1,300.0,3600.0,3299.999952316284,mass_fraction_r_ge_onset_threshold,5,5,0.3452491432427634,0.017030559688248306,0.007616297831558167,0.32410291040860517,0.36639537607692163,0.3305928420969795,0.35755771738159386,0.0493283184667404
golovin_controlled_timestep_screen_v1,controlled,golovin,16384,0.1,300.0,3600.0,3299.999952316284,mass_weighted_radius_q99_um,5,5,1893.9218505859376,89.91325206382236,40.210428738556004,1782.279802536869,2005.5638986350061,1814.8302734375,1956.4306396484376,0.04747463684206673
golovin_controlled_timestep_screen_v1,controlled,golovin,16384,0.1,300.0,3600.0,3299.999952316284,fixed_bin_mass_below_range_fraction,5,5,0.0,0.0,0.0,0.0,0.0,0.0,0.0,nan
golovin_controlled_timestep_screen_v1,controlled,golovin,16384,0.1,300.0,3600.0,3299.999952316284,fixed_bin_mass_above_range_fraction,5,5,0.0,0.0,0.0,0.0,0.0,0.0,0.0,nan
golovin_controlled_timestep_screen_v1,controlled,golovin,16384,0.1,300.0,3600.0,3299.999952316284,fixed_bin_mass_below_range_fraction_bins_250,5,5,0.0,0.0,0.0,0.0,0.0,0.0,0.0,nan
golovin_controlled_timestep_screen_v1,controlled,golovin,16384,0.1,300.0,3600.0,3299.999952316284,fixed_bin_mass_below_range_fraction_bins_500,5,5,0.0,0.0,0.0,0.0,0.0,0.0,0.0,nan
golovin_controlled_timestep_screen_v1,controlled,golovin,16384,0.1,300.0,3600.0,3299.999952316284,fixed_bin_mass_below_range_fraction_bins_1000,5,5,0.0,0.0,0.0,0.0,0.0,0.0,0.0,nan
golovin_controlled_timestep_screen_v1,controlled,golovin,16384,0.1,300.0,3600.0,3299.999952316284,fixed_bin_mass_above_range_fraction_bins_250,5,5,0.0,0.0,0.0,0.0,0.0,0.0,0.0,nan
golovin_controlled_timestep_screen_v1,controlled,golovin,16384,0.1,300.0,3600.0,3299.999952316284,fixed_bin_mass_above_range_fraction_bins_500,5,5,0.0,0.0,0.0,0.0,0.0,0.0,0.0,nan
golovin_controlled_timestep_screen_v1,controlled,golovin,16384,0.1,300.0,3600.0,3299.999952316284,fixed_bin_mass_above_range_fraction_bins_1000,5,5,0.0,0.0,0.0,0.0,0.0,0.0,0.0,nan
golovin_controlled_timestep_screen_v1,controlled,golovin,16384,0.1,300.0,3600.0,3599.9999046325684,golovin_fixed_bin_l1_relative,5,5,0.18643127763262918,0.004901282903252693,0.002191920349726109,0.1803455311066487,0.19251702415860966,0.18306008667360163,0.19074109457032865,0.02629002475062624
golovin_controlled_timestep_screen_v1,controlled,golovin,16384,0.1,300.0,3600.0,3599.9999046325684,golovin_fixed_bin_l1_relative_bins_250,5,5,0.14518602961100074,0.011006185917269873,0.004922115976803262,0.13152004479998947,0.15885201442201202,0.13618721366007938,0.15313231938822514,0.07580747229439998
golovin_controlled_timestep_screen_v1,controlled,golovin,16384,0.1,300.0,3600.0,3599.9999046325684,golovin_fixed_bin_l1_relative_bins_500,5,5,0.18643127763262918,0.004901282903252693,0.002191920349726109,0.1803455311066487,0.19251702415860966,0.18318183899709012,0.19061934224684016,0.02629002475062624
golovin_controlled_timestep_screen_v1,controlled,golovin,16384,0.1,300.0,3600.0,3599.9999046325684,golovin_fixed_bin_l1_relative_bins_1000,5,5,0.2625512843792729,0.010911169919835088,0.0048796235309604375,0.2490032775115298,0.276099291247016,0.2539556529140401,0.2711469158445056,0.04155824240445601
golovin_controlled_timestep_screen_v1,controlled,golovin,16384,0.1,300.0,3600.0,3599.9999046325684,radius_moment_0_m3,5,5,37511.39962490396,566.1280807697278,253.18017451452056,36808.45876864,38214.34048116793,37084.568208290686,37948.6671718575,0.015092160954556151
golovin_controlled_timestep_screen_v1,controlled,golovin,16384,0.1,300.0,3600.0,3599.9999046325684,radius_moment_3_um3_m3,5,5,238740390127.33417,169.13159652352104,75.63794939393203,238740389917.32956,238740390337.33878,238740389995.85474,238740390258.81366,7.084331077506965e-10
golovin_controlled_timestep_screen_v1,controlled,golovin,16384,0.1,300.0,3600.0,3599.9999046325684,radius_moment_6_um6_m3,5,5,6.256145079621456e+20,3.5095181826452533e+19,1.5695042449332617e+19,5.8203808417782445e+20,6.691909317464667e+20,6.000081385137639e+20,6.552616385758222e+20,0.05609713550405077
golovin_controlled_timestep_screen_v1,controlled,golovin,16384,0.1,300.0,3600.0,3599.9999046325684,golovin_relative_error_radius_moment_0_m3,5,5,-0.009915790682352377,0.014942510245586365,0.006682493732723637,-0.02846936769708785,0.008637786332383098,-0.021908486961109787,0.001330817679744235,1.5069408708052188
golovin_controlled_timestep_screen_v1,controlled,golovin,16384,0.1,300.0,3600.0,3599.9999046325684,golovin_relative_error_radius_moment_3_um3_m3,5,5,2.972965106544656e-05,7.084541530502675e-10,3.1683032903248763e-10,2.972877140343034e-05,2.973053072746278e-05,2.972910032759124e-05,2.973020180330188e-05,2.3829884565099118e-05
golovin_controlled_timestep_screen_v1,controlled,golovin,16384,0.1,300.0,3600.0,3599.9999046325684,golovin_relative_error_radius_moment_6_um6_m3,5,5,-0.06083216760779999,0.05268462515475086,0.02356128064302366,-0.12624876992131454,0.0045844347057145615,-0.09927225840525562,-0.016326116292283067,0.8660652287523544
golovin_controlled_timestep_screen_v1,controlled,golovin,16384,0.1,300.0,3600.0,3599.9999046325684,liquid_water_gm3,5,5,0.9982363476187078,7.071836789344253e-10,3.162621557351522e-10,0.9982363467406233,0.9982363484967923,0.9982363470689577,0.9982363481684582,7.084331086735236e-10
golovin_controlled_timestep_screen_v1,controlled,golovin,16384,0.1,300.0,3600.0,3599.9999046325684,relative_liquid_mass_drift,5,5,2.0278188017641697e-10,7.08433123424505e-10,3.1682092429793835e-10,-6.768540243148347e-10,1.0824177846676686e-09,-3.479396326611095e-10,7.535033930139434e-10,3.493572121967602
golovin_controlled_timestep_screen_v1,controlled,golovin,16384,0.1,300.0,3600.0,3599.9999046325684,mass_fraction_r_ge_cloud_threshold,5,5,0.9981259742767431,5.580193942088875e-05,2.49553859642865e-05,0.9980566870175342,0.998195261535952,0.9980849829097638,0.998167528765942,5.5906710033594376e-05
golovin_controlled_timestep_screen_v1,controlled,golovin,16384,0.1,300.0,3600.0,3599.9999046325684,mass_fraction_r_ge_large_threshold,5,5,0.5482785909929964,0.01010547986080426,0.0045193079828026875,0.5357309804652626,0.5608262015207301,0.5410955527977338,0.5560801110151714,0.018431286624746846
golovin_controlled_timestep_screen_v1,controlled,golovin,16384,0.1,300.0,3600.0,3599.9999046325684,mass_fraction_r_ge_onset_threshold,5,5,0.5482785909929964,0.01010547986080426,0.0045193079828026875,0.5357309804652626,0.5608262015207301,0.5402544374401599,0.5559058592903044,0.018431286624746846
golovin_controlled_timestep_screen_v1,controlled,golovin,16384,0.1,300.0,3600.0,3599.9999046325684,mass_weighted_radius_q99_um,5,5,2532.372705078125,92.37256932457895,41.31026885321407,2417.6770113262137,2647.068398830036,2463.763916015625,2608.040478515625,0.036476688103352944
golovin_controlled_timestep_screen_v1,controlled,golovin,16384,0.1,300.0,3600.0,3599.9999046325684,fixed_bin_mass_below_range_fraction,5,5,0.0,0.0,0.0,0.0,0.0,0.0,0.0,nan
golovin_controlled_timestep_screen_v1,controlled,golovin,16384,0.1,300.0,3600.0,3599.9999046325684,fixed_bin_mass_above_range_fraction,5,5,0.0,0.0,0.0,0.0,0.0,0.0,0.0,nan
golovin_controlled_timestep_screen_v1,controlled,golovin,16384,0.1,300.0,3600.0,3599.9999046325684,fixed_bin_mass_below_range_fraction_bins_250,5,5,0.0,0.0,0.0,0.0,0.0,0.0,0.0,nan
golovin_controlled_timestep_screen_v1,controlled,golovin,16384,0.1,300.0,3600.0,3599.9999046325684,fixed_bin_mass_below_range_fraction_bins_500,5,5,0.0,0.0,0.0,0.0,0.0,0.0,0.0,nan
golovin_controlled_timestep_screen_v1,controlled,golovin,16384,0.1,300.0,3600.0,3599.9999046325684,fixed_bin_mass_below_range_fraction_bins_1000,5,5,0.0,0.0,0.0,0.0,0.0,0.0,0.0,nan
golovin_controlled_timestep_screen_v1,controlled,golovin,16384,0.1,300.0,3600.0,3599.9999046325684,fixed_bin_mass_above_range_fraction_bins_250,5,5,0.0,0.0,0.0,0.0,0.0,0.0,0.0,nan
golovin_controlled_timestep_screen_v1,controlled,golovin,16384,0.1,300.0,3600.0,3599.9999046325684,fixed_bin_mass_above_range_fraction_bins_500,5,5,0.0,0.0,0.0,0.0,0.0,0.0,0.0,nan
golovin_controlled_timestep_screen_v1,controlled,golovin,16384,0.1,300.0,3600.0,3599.9999046325684,fixed_bin_mass_above_range_fraction_bins_1000,5,5,0.0,0.0,0.0,0.0,0.0,0.0,0.0,nan
golovin_controlled_timestep_screen_v1,controlled,golovin,16384,0.1,300.0,3600.0,600.0000238418579,golovin_fixed_bin_l1_relative,5,5,0.1275456664542147,0.00934630558179792,0.004179794923877174,0.11594069529708534,0.13915063761134405,0.1190036287636251,0.13391090982942022,0.07327811160995408
golovin_controlled_timestep_screen_v1,controlled,golovin,16384,0.1,300.0,3600.0,600.0000238418579,golovin_fixed_bin_l1_relative_bins_250,5,5,0.08502433183658972,0.007339519465900222,0.003282332889587169,0.0759111147516657,0.09413754892151374,0.07851300362060495,0.08950940130421665,0.08632257740062244
golovin_controlled_timestep_screen_v1,controlled,golovin,16384,0.1,300.0,3600.0,600.0000238418579,golovin_fixed_bin_l1_relative_bins_500,5,5,0.1275456664542147,0.00934630558179792,0.004179794923877174,0.11594069529708534,0.13915063761134405,0.1190036287636251,0.13391090982942022,0.07327811160995408
golovin_controlled_timestep_screen_v1,controlled,golovin,16384,0.1,300.0,3600.0,600.0000238418579,golovin_fixed_bin_l1_relative_bins_1000,5,5,0.17526668869128095,0.012497308462539202,0.005588966251604208,0.1597492306988988,0.19078414668366311,0.1667082244028483,0.18551279198178516,0.07130452772204915
golovin_controlled_timestep_screen_v1,controlled,golovin,16384,0.1,300.0,3600.0,600.0000238418579,radius_moment_0_m3,5,5,3412354.580892277,23608.62578693483,10558.098422988149,3383040.600205575,3441668.561578979,3393964.898783204,3430340.89834516,0.006918573444604208
golovin_controlled_timestep_screen_v1,controlled,golovin,16384,0.1,300.0,3600.0,600.0000238418579,radius_moment_3_um3_m3,5,5,238740390148.43863,237.5091651893651,106.21732772852941,238740389853.53204,238740390443.3452,238740389980.13727,238740390353.83563,9.948428292409675e-10
golovin_controlled_timestep_screen_v1,controlled,golovin,16384,0.1,300.0,3600.0,600.0000238418579,radius_moment_6_um6_m3,5,5,8.145990977629734e+16,2509091884212905.0,1122100002978617.4,7.834446071548493e+16,8.457535883710976e+16,7.953514765907514e+16,8.341304399263496e+16,0.030801554913371432
golovin_controlled_timestep_screen_v1,controlled,golovin,16384,0.1,300.0,3600.0,600.0000238418579,golovin_relative_error_radius_moment_0_m3,5,5,0.0005314380594608093,0.006922250237849851,0.0030957244178192707,-0.008063670847434793,0.009126546966356413,-0.00486057342406907,0.0058051795889302316,13.02550713976542
golovin_controlled_timestep_screen_v1,controlled,golovin,16384,0.1,300.0,3600.0,600.0000238418579,golovin_relative_error_radius_moment_3_um3_m3,5,5,2.9729739467088124e-05,9.94872391074032e-10,4.449204590758581e-10,2.972850416985732e-05,2.973097476431893e-05,2.972903449056652e-05,2.9730599829003167e-05,3.346387855754306e-05
golovin_controlled_timestep_screen_v1,controlled,golovin,16384,0.1,300.0,3600.0,600.0000238418579,golovin_relative_error_radius_moment_6_um6_m3,5,5,-0.009065657756408862,0.03052231855816157,0.013649995825390527,-0.0469641218517847,0.028832806338966975,-0.03247978733061017,0.014348471817792441,3.3668068416308974
golovin_controlled_timestep_screen_v1,controlled,golovin,16384,0.1,300.0,3600.0,600.0000238418579,liquid_water_gm3,5,5,0.998236347706951,9.930883350718725e-10,4.441226049765591e-10,0.9982363464738689,0.9982363489400331,0.9982363470032387,0.9982363485471735,9.948428920196064e-10
golovin_controlled_timestep_screen_v1,controlled,golovin,16384,0.1,300.0,3600.0,600.0000238418579,relative_liquid_mass_drift,5,5,2.911809238170804e-10,9.94842892506391e-10,4.449072669153613e-10,-9.440796796770027e-10,1.5264415273111633e-09,-4.137747033894357e-10,1.1328878279925903e-09,3.416579903192252
golovin_controlled_timestep_screen_v1,controlled,golovin,16384,0.1,300.0,3600.0,600.0000238418579,mass_fraction_r_ge_cloud_threshold,5,5,0.789679431966332,0.0030449731905642556,0.0013617534087532193,0.7858985983801127,0.7934602655525512,0.7873840422494967,0.7921849856738092,0.003855961124607432
golovin_controlled_timestep_screen_v1,controlled,golovin,16384,0.1,300.0,3600.0,600.0000238418579,mass_fraction_r_ge_large_threshold,5,5,0.0,0.0,0.0,0.0,0.0,0.0,0.0,nan
golovin_controlled_timestep_screen_v1,controlled,golovin,16384,0.1,300.0,3600.0,600.0000238418579,mass_fraction_r_ge_onset_threshold,5,5,0.0,0.0,0.0,0.0,0.0,0.0,0.0,nan
golovin_controlled_timestep_screen_v1,controlled,golovin,16384,0.1,300.0,3600.0,600.0000238418579,mass_weighted_radius_q99_um,5,5,124.496240234375,3.4027937477059944,1.5217756266563744,120.2711137445356,128.7213667242144,121.88009643554688,127.11238403320313,0.027332502100464555
golovin_controlled_timestep_screen_v1,controlled,golovin,16384,0.1,300.0,3600.0,600.0000238418579,fixed_bin_mass_below_range_fraction,5,5,0.0,0.0,0.0,0.0,0.0,0.0,0.0,nan
golovin_controlled_timestep_screen_v1,controlled,golovin,16384,0.1,300.0,3600.0,600.0000238418579,fixed_bin_mass_above_range_fraction,5,5,0.0,0.0,0.0,0.0,0.0,0.0,0.0,nan
golovin_controlled_timestep_screen_v1,controlled,golovin,16384,0.1,300.0,3600.0,600.0000238418579,fixed_bin_mass_below_range_fraction_bins_250,5,5,0.0,0.0,0.0,0.0,0.0,0.0,0.0,nan
golovin_controlled_timestep_screen_v1,controlled,golovin,16384,0.1,300.0,3600.0,600.0000238418579,fixed_bin_mass_below_range_fraction_bins_500,5,5,0.0,0.0,0.0,0.0,0.0,0.0,0.0,nan
golovin_controlled_timestep_screen_v1,controlled,golovin,16384,0.1,300.0,3600.0,600.0000238418579,fixed_bin_mass_below_range_fraction_bins_1000,5,5,0.0,0.0,0.0,0.0,0.0,0.0,0.0,nan
golovin_controlled_timestep_screen_v1,controlled,golovin,16384,0.1,300.0,3600.0,600.0000238418579,fixed_bin_mass_above_range_fraction_bins_250,5,5,0.0,0.0,0.0,0.0,0.0,0.0,0.0,nan
golovin_controlled_timestep_screen_v1,controlled,golovin,16384,0.1,300.0,3600.0,600.0000238418579,fixed_bin_mass_above_range_fraction_bins_500,5,5,0.0,0.0,0.0,0.0,0.0,0.0,0.0,nan
golovin_controlled_timestep_screen_v1,controlled,golovin,16384,0.1,300.0,3600.0,600.0000238418579,fixed_bin_mass_above_range_fraction_bins_1000,5,5,0.0,0.0,0.0,0.0,0.0,0.0,0.0,nan
golovin_controlled_timestep_screen_v1,controlled,golovin,16384,0.1,300.0,3600.0,899.9999761581421,golovin_fixed_bin_l1_relative,5,5,0.12309273725172765,0.007284947926096613,0.0032579277550596284,0.11404727968310431,0.132138194820351,0.11664480093273724,0.1287840319139012,0.05918259751750193
golovin_controlled_timestep_screen_v1,controlled,golovin,16384,0.1,300.0,3600.0,899.9999761581421,golovin_fixed_bin_l1_relative_bins_250,5,5,0.08076064731351357,0.005331678670509465,0.002384399188288973,0.07414049385835106,0.08738080076867608,0.07613840879601594,0.08433446544421117,0.06601827558181697
golovin_controlled_timestep_screen_v1,controlled,golovin,16384,0.1,300.0,3600.0,899.9999761581421,golovin_fixed_bin_l1_relative_bins_500,5,5,0.12309273725172765,0.007284947926096613,0.0032579277550596284,0.11404727968310431,0.132138194820351,0.11664480093273724,0.12865116610729124,0.05918259751750193
golovin_controlled_timestep_screen_v1,controlled,golovin,16384,0.1,300.0,3600.0,899.9999761581421,golovin_fixed_bin_l1_relative_bins_1000,5,5,0.1781258071226228,0.005551643548336323,0.0024827704721856313,0.1712325311977934,0.1850190830474522,0.1739105699802186,0.18247166270412093,0.031166980450589847
golovin_controlled_timestep_screen_v1,controlled,golovin,16384,0.1,300.0,3600.0,899.9999761581421,radius_moment_0_m3,5,5,2165677.143497724,8326.275642283355,3723.6236671092606,2155338.7067935797,2176015.5802018684,2158540.8457775144,2171470.0109251975,0.003844652314534669
golovin_controlled_timestep_screen_v1,controlled,golovin,16384,0.1,300.0,3600.0,899.9999761581421,radius_moment_3_um3_m3,5,5,238740389926.27667,238.66746922747208,106.73533704209335,238740389629.93185,238740390222.6215,238740389734.6888,238740390108.5656,9.99694560694874e-10
golovin_controlled_timestep_screen_v1,controlled,golovin,16384,0.1,300.0,3600.0,899.9999761581421,radius_moment_6_um6_m3,5,5,2.0291206020049962e+17,6568489997918353.0,2937518028974577.5,1.9475620264752288e+17,2.1106791775347635e+17,1.9800419245058554e+17,2.0781992795041366e+17,0.03237111678540919
golovin_controlled_timestep_screen_v1,controlled,golovin,16384,0.1,300.0,3600.0,899.9999761581421,golovin_relative_error_radius_moment_0_m3,5,5,-0.004128040730300086,0.0038287814331864115,0.001712283111118777,-0.008882100792878664,0.0006260193322784914,-0.007122091090910709,-0.0014642298976888402,0.9275057305231772
golovin_controlled_timestep_screen_v1,controlled,golovin,16384,0.1,300.0,3600.0,899.9999761581421,golovin_relative_error_radius_moment_3_um3_m3,5,5,2.972880888076901e-05,9.997242811138061e-10,4.470902902655159e-10,2.972756755912102e-05,2.9730050202417e-05,2.972800636227291e-05,2.9729572448244924e-05,3.362813105373045e-05
golovin_controlled_timestep_screen_v1,controlled,golovin,16384,0.1,300.0,3600.0,899.9999761581421,golovin_relative_error_radius_moment_6_um6_m3,5,5,0.003557835748408089,0.03248628790192419,0.014528309617066302,-0.036779218374693674,0.04389488987150985,-0.02071538454404962,0.027831056040865797,9.130912779337773
golovin_controlled_timestep_screen_v1,controlled,golovin,16384,0.1,300.0,3600.0,899.9999761581421,liquid_water_gm3,5,5,0.9982363467780335,9.979314388742608e-10,4.462885068414047e-10,0.998236345538938,0.998236348017129,0.9982363459769543,0.9982363475402316,9.996945533943372e-10
golovin_controlled_timestep_screen_v1,controlled,golovin,16384,0.1,300.0,3600.0,899.9999761581421,relative_liquid_mass_drift,5,5,-6.39377772948535e-10,9.996945560666569e-10,4.4707699682030387e-10,-1.880662512416797e-09,6.019069665197271e-10,-1.4418723326414807e-09,1.241670322116306e-10,1.5635428667726372
golovin_controlled_timestep_screen_v1,controlled,golovin,16384,0.1,300.0,3600.0,899.9999761581421,mass_fraction_r_ge_cloud_threshold,5,5,0.8758056727070634,0.001772025879041529,0.0007924740646851358,0.8736054119691722,0.8780059334449547,0.8743178351830967,0.8771132890506486,0.002023309432975356
golovin_controlled_timestep_screen_v1,controlled,golovin,16384,0.1,300.0,3600.0,899.9999761581421,mass_fraction_r_ge_large_threshold,5,5,0.0,0.0,0.0,0.0,0.0,0.0,0.0,nan
golovin_controlled_timestep_screen_v1,controlled,golovin,16384,0.1,300.0,3600.0,899.9999761581421,mass_fraction_r_ge_onset_threshold,5,5,0.0,0.0,0.0,0.0,0.0,0.0,0.0,nan
golovin_controlled_timestep_screen_v1,controlled,golovin,16384,0.1,300.0,3600.0,899.9999761581421,mass_weighted_radius_q99_um,5,5,172.74860229492188,5.349667588733613,2.3924440770871493,166.1061126476338,179.39109194220995,169.2263671875,177.42087982177733,0.030967935587695762
golovin_controlled_timestep_screen_v1,controlled,golovin,16384,0.1,300.0,3600.0,899.9999761581421,fixed_bin_mass_below_range_fraction,5,5,0.0,0.0,0.0,0.0,0.0,0.0,0.0,nan
golovin_controlled_timestep_screen_v1,controlled,golovin,16384,0.1,300.0,3600.0,899.9999761581421,fixed_bin_mass_above_range_fraction,5,5,0.0,0.0,0.0,0.0,0.0,0.0,0.0,nan
golovin_controlled_timestep_screen_v1,controlled,golovin,16384,0.1,300.0,3600.0,899.9999761581421,fixed_bin_mass_below_range_fraction_bins_250,5,5,0.0,0.0,0.0,0.0,0.0,0.0,0.0,nan
golovin_controlled_timestep_screen_v1,controlled,golovin,16384,0.1,300.0,3600.0,899.9999761581421,fixed_bin_mass_below_range_fraction_bins_500,5,5,0.0,0.0,0.0,0.0,0.0,0.0,0.0,nan
golovin_controlled_timestep_screen_v1,controlled,golovin,16384,0.1,300.0,3600.0,899.9999761581421,fixed_bin_mass_below_range_fraction_bins_1000,5,5,0.0,0.0,0.0,0.0,0.0,0.0,0.0,nan
golovin_controlled_timestep_screen_v1,controlled,golovin,16384,0.1,300.0,3600.0,899.9999761581421,fixed_bin_mass_above_range_fraction_bins_250,5,5,0.0,0.0,0.0,0.0,0.0,0.0,0.0,nan
golovin_controlled_timestep_screen_v1,controlled,golovin,16384,0.1,300.0,3600.0,899.9999761581421,fixed_bin_mass_above_range_fraction_bins_500,5,5,0.0,0.0,0.0,0.0,0.0,0.0,0.0,nan
golovin_controlled_timestep_screen_v1,controlled,golovin,16384,0.1,300.0,3600.0,899.9999761581421,fixed_bin_mass_above_range_fraction_bins_1000,5,5,0.0,0.0,0.0,0.0,0.0,0.0,0.0,nan
golovin_controlled_timestep_screen_v1,controlled,golovin,16384,0.25,300.0,3600.0,0.0,golovin_fixed_bin_l1_relative,5,5,0.007120967653698127,9.69739903612216e-19,4.336808689942018e-19,0.007120967653698126,0.0071209676536981275,0.007120967653698127,0.007120967653698127,1.3618091680399668e-16
golovin_controlled_timestep_screen_v1,controlled,golovin,16384,0.25,300.0,3600.0,0.0,golovin_fixed_bin_l1_relative_bins_250,5,5,0.00332856509419501,4.84869951806108e-19,2.168404344971009e-19,0.0033285650941950098,0.0033285650941950106,0.00332856509419501,0.00332856509419501,1.4566936144698421e-16
golovin_controlled_timestep_screen_v1,controlled,golovin,16384,0.25,300.0,3600.0,0.0,golovin_fixed_bin_l1_relative_bins_500,5,5,0.007120967653698127,9.69739903612216e-19,4.336808689942018e-19,0.007120967653698126,0.0071209676536981275,0.007120967653698127,0.007120967653698127,1.3618091680399668e-16
golovin_controlled_timestep_screen_v1,controlled,golovin,16384,0.25,300.0,3600.0,0.0,golovin_fixed_bin_l1_relative_bins_1000,5,5,0.01348464728023573,0.0,0.0,0.01348464728023573,0.01348464728023573,0.01348464728023573,0.01348464728023573,0.0
golovin_controlled_timestep_screen_v1,controlled,golovin,16384,0.25,300.0,3600.0,0.0,radius_moment_0_m3,5,5,8388608.0,0.0,0.0,8388608.0,8388608.0,8388608.0,8388608.0,0.0
golovin_controlled_timestep_screen_v1,controlled,golovin,16384,0.25,300.0,3600.0,0.0,radius_moment_3_um3_m3,5,5,238740390078.92203,0.0,0.0,238740390078.92203,238740390078.92203,238740390078.92203,238740390078.92203,0.0
golovin_controlled_timestep_screen_v1,controlled,golovin,16384,0.25,300.0,3600.0,0.0,radius_moment_6_um6_m3,5,5,1.3588188114267852e+16,0.0,0.0,1.3588188114267852e+16,1.3588188114267852e+16,1.3588188114267852e+16,1.3588188114267852e+16,0.0
golovin_controlled_timestep_screen_v1,controlled,golovin,16384,0.25,300.0,3600.0,0.0,golovin_relative_error_radius_moment_0_m3,5,5,0.0,0.0,0.0,0.0,0.0,0.0,0.0,nan
golovin_controlled_timestep_screen_v1,controlled,golovin,16384,0.25,300.0,3600.0,0.0,golovin_relative_error_radius_moment_3_um3_m3,5,5,2.972944827761559e-05,0.0,0.0,2.972944827761559e-05,2.972944827761559e-05,2.972944827761559e-05,2.972944827761559e-05,0.0
golovin_controlled_timestep_screen_v1,controlled,golovin,16384,0.25,300.0,3600.0,0.0,golovin_relative_error_radius_moment_6_um6_m3,5,5,-1.0409391858035022e-05,0.0,0.0,-1.0409391858035022e-05,-1.0409391858035022e-05,-1.0409391858035022e-05,-1.0409391858035022e-05,0.0
golovin_controlled_timestep_screen_v1,controlled,golovin,16384,0.25,300.0,3600.0,0.0,liquid_water_gm3,5,5,0.9982363474162836,0.0,0.0,0.9982363474162836,0.9982363474162836,0.9982363474162836,0.9982363474162836,0.0
golovin_controlled_timestep_screen_v1,controlled,golovin,16384,0.25,300.0,3600.0,0.0,relative_liquid_mass_drift,5,5,0.0,0.0,0.0,0.0,0.0,0.0,0.0,nan
golovin_controlled_timestep_screen_v1,controlled,golovin,16384,0.25,300.0,3600.0,0.0,mass_fraction_r_ge_cloud_threshold,5,5,0.3426337917221375,0.0,0.0,0.3426337917221375,0.3426337917221375,0.3426337917221375,0.3426337917221375,0.0
golovin_controlled_timestep_screen_v1,controlled,golovin,16384,0.25,300.0,3600.0,0.0,mass_fraction_r_ge_large_threshold,5,5,0.0,0.0,0.0,0.0,0.0,0.0,0.0,nan
golovin_controlled_timestep_screen_v1,controlled,golovin,16384,0.25,300.0,3600.0,0.0,mass_fraction_r_ge_onset_threshold,5,5,0.0,0.0,0.0,0.0,0.0,0.0,0.0,nan
golovin_controlled_timestep_screen_v1,controlled,golovin,16384,0.25,300.0,3600.0,0.0,mass_weighted_radius_q99_um,5,5,57.375732421875,0.0,0.0,57.375732421875,57.375732421875,57.375732421875,57.375732421875,0.0
golovin_controlled_timestep_screen_v1,controlled,golovin,16384,0.25,300.0,3600.0,0.0,fixed_bin_mass_below_range_fraction,5,5,0.0,0.0,0.0,0.0,0.0,0.0,0.0,nan
golovin_controlled_timestep_screen_v1,controlled,golovin,16384,0.25,300.0,3600.0,0.0,fixed_bin_mass_above_range_fraction,5,5,0.0,0.0,0.0,0.0,0.0,0.0,0.0,nan
golovin_controlled_timestep_screen_v1,controlled,golovin,16384,0.25,300.0,3600.0,0.0,fixed_bin_mass_below_range_fraction_bins_250,5,5,0.0,0.0,0.0,0.0,0.0,0.0,0.0,nan
golovin_controlled_timestep_screen_v1,controlled,golovin,16384,0.25,300.0,3600.0,0.0,fixed_bin_mass_below_range_fraction_bins_500,5,5,0.0,0.0,0.0,0.0,0.0,0.0,0.0,nan
golovin_controlled_timestep_screen_v1,controlled,golovin,16384,0.25,300.0,3600.0,0.0,fixed_bin_mass_below_range_fraction_bins_1000,5,5,0.0,0.0,0.0,0.0,0.0,0.0,0.0,nan
golovin_controlled_timestep_screen_v1,controlled,golovin,16384,0.25,300.0,3600.0,0.0,fixed_bin_mass_above_range_fraction_bins_250,5,5,0.0,0.0,0.0,0.0,0.0,0.0,0.0,nan
golovin_controlled_timestep_screen_v1,controlled,golovin,16384,0.25,300.0,3600.0,0.0,fixed_bin_mass_above_range_fraction_bins_500,5,5,0.0,0.0,0.0,0.0,0.0,0.0,0.0,nan
golovin_controlled_timestep_screen_v1,controlled,golovin,16384,0.25,300.0,3600.0,0.0,fixed_bin_mass_above_range_fraction_bins_1000,5,5,0.0,0.0,0.0,0.0,0.0,0.0,0.0,nan
golovin_controlled_timestep_screen_v1,controlled,golovin,16384,0.25,300.0,3600.0,1200.0000476837158,golovin_fixed_bin_l1_relative,5,5,0.13331884593330506,0.004026713515296525,0.0018008010292240339,0.12831902073028084,0.13831867113632929,0.1305615968240897,0.13686050196551625,0.03020363315559268
golovin_controlled_timestep_screen_v1,controlled,golovin,16384,0.25,300.0,3600.0,1200.0000476837158,golovin_fixed_bin_l1_relative_bins_250,5,5,0.09497073809818415,0.010159767637423467,0.004543586214576261,0.08235572039267973,0.10758575580368858,0.08656289460173215,0.10198477681820402,0.10697787382593504
golovin_controlled_timestep_screen_v1,controlled,golovin,16384,0.25,300.0,3600.0,1200.0000476837158,golovin_fixed_bin_l1_relative_bins_500,5,5,0.13331884593330506,0.004026713515296525,0.0018008010292240339,0.12831902073028084,0.13831867113632929,0.1305615968240897,0.13686050196551625,0.03020363315559268
golovin_controlled_timestep_screen_v1,controlled,golovin,16384,0.25,300.0,3600.0,1200.0000476837158,golovin_fixed_bin_l1_relative_bins_1000,5,5,0.187982801928323,0.010120919553122033,0.0045262128231175315,0.17541602049049485,0.20054958336615117,0.1803001239138035,0.1956654799428425,0.05383960367279287
golovin_controlled_timestep_screen_v1,controlled,golovin,16384,0.25,300.0,3600.0,1200.0000476837158,radius_moment_0_m3,5,5,1395245.3954691612,14369.097113388796,6426.05558416667,1377403.8048967726,1413086.9860415498,1384446.9021787245,1406840.2163217564,0.010298616401136435
golovin_controlled_timestep_screen_v1,controlled,golovin,16384,0.25,300.0,3600.0,1200.0000476837158,radius_moment_3_um3_m3,5,5,238740390098.88947,106.63778757598519,47.689868398017076,238740389966.48117,238740390231.29776,238740390007.35635,238740390176.65106,4.4666839796908427e-10
golovin_controlled_timestep_screen_v1,controlled,golovin,16384,0.25,300.0,3600.0,1200.0000476837158,radius_moment_6_um6_m3,5,5,4.957254175876777e+17,2.3522577414268544e+16,1.0519616420861138e+16,4.6651828006741946e+17,5.2493255510793594e+17,4.7912029652944915e+17,5.138183323683583e+17,0.04745081970727911
golovin_controlled_timestep_screen_v1,controlled,golovin,16384,0.25,300.0,3600.0,1200.0000476837158,golovin_relative_error_radius_moment_0_m3,5,5,0.006221682107962567,0.010362691118536209,0.0046343363541760585,-0.006645298378429738,0.01908866259435487,-0.0015659645083384798,0.014583623440953453,1.6655770800751681
golovin_controlled_timestep_screen_v1,controlled,golovin,16384,0.25,300.0,3600.0,1200.0000476837158,golovin_relative_error_radius_moment_3_um3_m3,5,5,2.9729531916800055e-05,4.466816948465346e-10,1.9976212679633374e-10,2.9728977288220907e-05,2.9730086545379202e-05,2.9729181190996102e-05,2.9729857642601942e-05,1.5024847888510357e-05
golovin_controlled_timestep_screen_v1,controlled,golovin,16384,0.25,300.0,3600.0,1200.0000476837158,golovin_relative_error_radius_moment_6_um6_m3,5,5,-0.0031973848385590253,0.04729910117576985,0.021152801100732324,-0.06192697591590978,0.05553220623879173,-0.036586893442859966,0.03318377321671817,14.79305856628953
golovin_controlled_timestep_screen_v1,controlled,golovin,16384,0.25,300.0,3600.0,1200.0000476837158,liquid_water_gm3,5,5,0.998236347499773,4.4588062825464656e-10,1.9940387892554061e-10,0.998236346946139,0.9982363480534069,0.9982363471170489,0.9982363478249147,4.466683960881799e-10
golovin_controlled_timestep_screen_v1,controlled,golovin,16384,0.25,300.0,3600.0,1200.0000476837158,relative_liquid_mass_drift,5,5,8.363683079437578e-11,4.4666843115380084e-10,1.997561950926167e-10,-4.709752793034553e-10,6.382489408922068e-10,-2.9976341409110317e-10,4.0935299594480057e-10,5.34057097706095
golovin_controlled_timestep_screen_v1,controlled,golovin,16384,0.25,300.0,3600.0,1200.0000476837158,mass_fraction_r_ge_cloud_threshold,5,5,0.924018679513954,0.0012522448340829288,0.0005600209146964749,0.9224638121865366,0.9255735468413714,0.9229565842714835,0.9248354958063212,0.0013552159299870714
golovin_controlled_timestep_screen_v1,controlled,golovin,16384,0.25,300.0,3600.0,1200.0000476837158,mass_fraction_r_ge_large_threshold,5,5,0.0,0.0,0.0,0.0,0.0,0.0,0.0,nan
golovin_controlled_timestep_screen_v1,controlled,golovin,16384,0.25,300.0,3600.0,1200.0000476837158,mass_fraction_r_ge_onset_threshold,5,5,0.0,0.0,0.0,0.0,0.0,0.0,0.0,nan
golovin_controlled_timestep_screen_v1,controlled,golovin,16384,0.25,300.0,3600.0,1200.0000476837158,mass_weighted_radius_q99_um,5,5,235.92681884765625,4.367613802041501,1.9532562721662212,230.50371003160345,241.34992766370905,232.74117431640624,239.70947875976563,0.0185125787028976
golovin_controlled_timestep_screen_v1,controlled,golovin,16384,0.25,300.0,3600.0,1200.0000476837158,fixed_bin_mass_below_range_fraction,5,5,0.0,0.0,0.0,0.0,0.0,0.0,0.0,nan
golovin_controlled_timestep_screen_v1,controlled,golovin,16384,0.25,300.0,3600.0,1200.0000476837158,fixed_bin_mass_above_range_fraction,5,5,0.0,0.0,0.0,0.0,0.0,0.0,0.0,nan
golovin_controlled_timestep_screen_v1,controlled,golovin,16384,0.25,300.0,3600.0,1200.0000476837158,fixed_bin_mass_below_range_fraction_bins_250,5,5,0.0,0.0,0.0,0.0,0.0,0.0,0.0,nan
golovin_controlled_timestep_screen_v1,controlled,golovin,16384,0.25,300.0,3600.0,1200.0000476837158,fixed_bin_mass_below_range_fraction_bins_500,5,5,0.0,0.0,0.0,0.0,0.0,0.0,0.0,nan
golovin_controlled_timestep_screen_v1,controlled,golovin,16384,0.25,300.0,3600.0,1200.0000476837158,fixed_bin_mass_below_range_fraction_bins_1000,5,5,0.0,0.0,0.0,0.0,0.0,0.0,0.0,nan
golovin_controlled_timestep_screen_v1,controlled,golovin,16384,0.25,300.0,3600.0,1200.0000476837158,fixed_bin_mass_above_range_fraction_bins_250,5,5,0.0,0.0,0.0,0.0,0.0,0.0,0.0,nan
golovin_controlled_timestep_screen_v1,controlled,golovin,16384,0.25,300.0,3600.0,1200.0000476837158,fixed_bin_mass_above_range_fraction_bins_500,5,5,0.0,0.0,0.0,0.0,0.0,0.0,0.0,nan
golovin_controlled_timestep_screen_v1,controlled,golovin,16384,0.25,300.0,3600.0,1200.0000476837158,fixed_bin_mass_above_range_fraction_bins_1000,5,5,0.0,0.0,0.0,0.0,0.0,0.0,0.0,nan
golovin_controlled_timestep_screen_v1,controlled,golovin,16384,0.25,300.0,3600.0,1500.0,golovin_fixed_bin_l1_relative,5,5,0.12797843141411297,0.0071601470588552995,0.0032021151104991274,0.11908793458928778,0.13686892823893818,0.12150060224131613,0.13246633446121367,0.055948076404269055
golovin_controlled_timestep_screen_v1,controlled,golovin,16384,0.25,300.0,3600.0,1500.0,golovin_fixed_bin_l1_relative_bins_250,5,5,0.0907372006123541,0.009446410263384355,0.004224563098455821,0.07900793307604721,0.10246646814866099,0.08247816224185138,0.09735193528559472,0.10410735838921398
golovin_controlled_timestep_screen_v1,controlled,golovin,16384,0.25,300.0,3600.0,1500.0,golovin_fixed_bin_l1_relative_bins_500,5,5,0.12797843141411297,0.0071601470588552995,0.0032021151104991274,0.11908793458928778,0.13686892823893818,0.12150060224131613,0.13246633446121364,0.055948076404269055
golovin_controlled_timestep_screen_v1,controlled,golovin,16384,0.25,300.0,3600.0,1500.0,golovin_fixed_bin_l1_relative_bins_1000,5,5,0.17893375826335314,0.008589586393422282,0.003841379814859895,0.16826837807917977,0.18959913844752652,0.17431057061122204,0.18665167800140145,0.0480042808958397
golovin_controlled_timestep_screen_v1,controlled,golovin,16384,0.25,300.0,3600.0,1500.0,radius_moment_0_m3,5,5,890632.9158250403,12294.398441034067,5498.222131323922,875367.4039012358,905898.4277488448,880907.4522980838,901121.3138633355,0.013804114155881064
golovin_controlled_timestep_screen_v1,controlled,golovin,16384,0.25,300.0,3600.0,1500.0,radius_moment_3_um3_m3,5,5,238740390016.98428,175.26386002066698,78.38038100104382,238740389799.36545,238740390234.60312,238740389887.06476,238740390162.03696,7.341190152541783e-10
golovin_controlled_timestep_screen_v1,controlled,golovin,16384,0.25,300.0,3600.0,1500.0,radius_moment_6_um6_m3,5,5,1.2378091443042762e+18,6.543262058939956e+16,2.926235751676995e+16,1.1565638150102925e+18,1.31905447359826e+18,1.1928487540872023e+18,1.2942738432755628e+18,0.052861639365393974
golovin_controlled_timestep_screen_v1,controlled,golovin,16384,0.25,300.0,3600.0,1500.0,golovin_relative_error_radius_moment_0_m3,5,5,0.0073375415164544265,0.01390540241659768,0.006218685011600452,-0.00992829604477053,0.024603379077679385,-0.003754736165053507,0.019200293169367378,1.8951037463181415
golovin_controlled_timestep_screen_v1,controlled,golovin,16384,0.25,300.0,3600.0,1500.0,golovin_relative_error_radius_moment_3_um3_m3,5,5,2.972918883430431e-05,7.341408063265569e-10,3.2831774960053775e-10,2.972827727809548e-05,2.9730100390513138e-05,2.9728644630822033e-05,2.9729781395726464e-05,2.4694276403513465e-05
golovin_controlled_timestep_screen_v1,controlled,golovin,16384,0.25,300.0,3600.0,1500.0,golovin_relative_error_radius_moment_6_um6_m3,5,5,0.011941155580477236,0.053492868425295236,0.023922738022082453,-0.054479013303862726,0.0783613244648172,-0.02481513228584571,0.05804020306330697,4.4797061779139264
golovin_controlled_timestep_screen_v1,controlled,golovin,16384,0.25,300.0,3600.0,1500.0,liquid_water_gm3,5,5,0.9982363471573056,7.328243052171746e-10,3.2772899240593124e-10,0.998236346247384,0.9982363480672272,0.998236346614078,0.9982363477638092,7.341190363424961e-10
golovin_controlled_timestep_screen_v1,controlled,golovin,16384,0.25,300.0,3600.0,1500.0,relative_liquid_mass_drift,5,5,-2.5943553971785606e-10,7.341190637359403e-10,3.2830802601841264e-10,-1.1709647515538277e-09,6.520936721181155e-10,-8.036229237617931e-10,3.48139650441226e-10,2.829678094737201
golovin_controlled_timestep_screen_v1,controlled,golovin,16384,0.25,300.0,3600.0,1500.0,mass_fraction_r_ge_cloud_threshold,5,5,0.9528421587084395,0.0006606054025882163,0.0002954317172981734,0.9520219087630267,0.9536624086538522,0.9522844219642781,0.953282731483237,0.000693299930687004
golovin_controlled_timestep_screen_v1,controlled,golovin,16384,0.25,300.0,3600.0,1500.0,mass_fraction_r_ge_large_threshold,5,5,0.0,0.0,0.0,0.0,0.0,0.0,0.0,nan
golovin_controlled_timestep_screen_v1,controlled,golovin,16384,0.25,300.0,3600.0,1500.0,mass_fraction_r_ge_onset_threshold,5,5,0.0,0.0,0.0,0.0,0.0,0.0,0.0,nan
golovin_controlled_timestep_screen_v1,controlled,golovin,16384,0.25,300.0,3600.0,1500.0,mass_weighted_radius_q99_um,5,5,320.23179321289064,6.2691342381716915,2.8036420633246517,312.4476349294463,328.015951496335,316.0932373046875,325.7651306152344,0.019576863918705164
golovin_controlled_timestep_screen_v1,controlled,golovin,16384,0.25,300.0,3600.0,1500.0,fixed_bin_mass_below_range_fraction,5,5,0.0,0.0,0.0,0.0,0.0,0.0,0.0,nan
golovin_controlled_timestep_screen_v1,controlled,golovin,16384,0.25,300.0,3600.0,1500.0,fixed_bin_mass_above_range_fraction,5,5,0.0,0.0,0.0,0.0,0.0,0.0,0.0,nan
golovin_controlled_timestep_screen_v1,controlled,golovin,16384,0.25,300.0,3600.0,1500.0,fixed_bin_mass_below_range_fraction_bins_250,5,5,0.0,0.0,0.0,0.0,0.0,0.0,0.0,nan
golovin_controlled_timestep_screen_v1,controlled,golovin,16384,0.25,300.0,3600.0,1500.0,fixed_bin_mass_below_range_fraction_bins_500,5,5,0.0,0.0,0.0,0.0,0.0,0.0,0.0,nan
golovin_controlled_timestep_screen_v1,controlled,golovin,16384,0.25,300.0,3600.0,1500.0,fixed_bin_mass_below_range_fraction_bins_1000,5,5,0.0,0.0,0.0,0.0,0.0,0.0,0.0,nan
golovin_controlled_timestep_screen_v1,controlled,golovin,16384,0.25,300.0,3600.0,1500.0,fixed_bin_mass_above_range_fraction_bins_250,5,5,0.0,0.0,0.0,0.0,0.0,0.0,0.0,nan
golovin_controlled_timestep_screen_v1,controlled,golovin,16384,0.25,300.0,3600.0,1500.0,fixed_bin_mass_above_range_fraction_bins_500,5,5,0.0,0.0,0.0,0.0,0.0,0.0,0.0,nan
golovin_controlled_timestep_screen_v1,controlled,golovin,16384,0.25,300.0,3600.0,1500.0,fixed_bin_mass_above_range_fraction_bins_1000,5,5,0.0,0.0,0.0,0.0,0.0,0.0,0.0,nan
golovin_controlled_timestep_screen_v1,controlled,golovin,16384,0.25,300.0,3600.0,1799.9999523162842,golovin_fixed_bin_l1_relative,5,5,0.12918756782800397,0.005667107045292666,0.002534407317808476,0.12215092503589717,0.13622421062011078,0.12467540781502211,0.13343549217454137,0.04386727872172393
golovin_controlled_timestep_screen_v1,controlled,golovin,16384,0.25,300.0,3600.0,1799.9999523162842,golovin_fixed_bin_l1_relative_bins_250,5,5,0.09176807822516664,0.004052837702937397,0.0018124841211084235,0.08673581555886643,0.09680034089146684,0.08830168021224657,0.09422281684696035,0.04416391605143083
golovin_controlled_timestep_screen_v1,controlled,golovin,16384,0.25,300.0,3600.0,1799.9999523162842,golovin_fixed_bin_l1_relative_bins_500,5,5,0.12918756782800397,0.005667107045292666,0.002534407317808476,0.12215092503589717,0.13622421062011078,0.12450780854891688,0.13326789290843613,0.04386727872172393
golovin_controlled_timestep_screen_v1,controlled,golovin,16384,0.25,300.0,3600.0,1799.9999523162842,golovin_fixed_bin_l1_relative_bins_1000,5,5,0.18568906798805265,0.0040415742389061935,0.0018074469468612447,0.18067079075953504,0.19070734521657026,0.18231684639988507,0.1883176818412698,0.021765278283190213
golovin_controlled_timestep_screen_v1,controlled,golovin,16384,0.25,300.0,3600.0,1799.9999523162842,radius_moment_0_m3,5,5,568587.930748409,10161.894710189075,4544.537470435659,555970.27193323,581205.589563588,559507.2827775062,576267.8135932075,0.017872160418201964
golovin_controlled_timestep_screen_v1,controlled,golovin,16384,0.25,300.0,3600.0,1799.9999523162842,radius_moment_3_um3_m3,5,5,238740390121.01514,290.21954373614125,129.790125638597,238740389760.65997,238740390481.3703,238740389898.05777,238740390343.24515,1.2156281707884948e-09
golovin_controlled_timestep_screen_v1,controlled,golovin,16384,0.25,300.0,3600.0,1799.9999523162842,radius_moment_6_um6_m3,5,5,2.9718902214610893e+18,1.546042082660335e+17,6.914110385807716e+16,2.7799237420863585e+18,3.16385670083582e+18,2.853989664090701e+18,3.093438616766462e+18,0.05202218007569084
golovin_controlled_timestep_screen_v1,controlled,golovin,16384,0.25,300.0,3600.0,1799.9999523162842,golovin_relative_error_radius_moment_0_m3,5,5,0.008572492783344866,0.018025369384409785,0.008061190252616764,-0.01380895943560111,0.03095394500229084,-0.007534939796250484,0.021890237072971087,2.102698694530314
golovin_controlled_timestep_screen_v1,controlled,golovin,16384,0.25,300.0,3600.0,1799.9999523162842,golovin_relative_error_radius_moment_3_um3_m3,5,5,2.9729624596130932e-05,1.2156643088874155e-09,5.436616064985125e-10,2.9728115149524685e-05,2.973113404273718e-05,2.9728690678032522e-05,2.9730554702878108e-05,4.089067135565594e-05
golovin_controlled_timestep_screen_v1,controlled,golovin,16384,0.25,300.0,3600.0,1799.9999523162842,golovin_relative_error_radius_moment_6_um6_m3,5,5,-0.012202492143069187,0.05138737983205186,0.022981134898013938,-0.07600835164255018,0.0516033673564118,-0.051390304635065,0.028197789502471447,4.21122007124086
golovin_controlled_timestep_screen_v1,controlled,golovin,16384,0.25,300.0,3600.0,1799.9999523162842,liquid_water_gm3,5,5,0.998236347592286,1.2134842647530941e-09,5.426866611228541e-10,0.9982363460855462,0.9982363490990257,0.9982363466600427,0.9982363485512582,1.215628210373204e-09
golovin_controlled_timestep_screen_v1,controlled,golovin,16384,0.25,300.0,3600.0,1799.9999523162842,relative_liquid_mass_drift,5,5,1.763133194998545e-10,1.2156282247105518e-09,5.436454691640367e-10,-1.333088482323593e-09,1.6857151213233019e-09,-7.712662508652101e-10,1.136979910221214e-09,6.894704428224181
golovin_controlled_timestep_screen_v1,controlled,golovin,16384,0.25,300.0,3600.0,1799.9999523162842,mass_fraction_r_ge_cloud_threshold,5,5,0.9705521571255599,0.0005904827169600407,0.0002640718989322838,0.9698189759943491,0.9712853382567707,0.9701134657141376,0.9710498887444201,0.0006083987476869317
golovin_controlled_timestep_screen_v1,controlled,golovin,16384,0.25,300.0,3600.0,1799.9999523162842,mass_fraction_r_ge_large_threshold,5,5,0.0,0.0,0.0,0.0,0.0,0.0,0.0,nan
golovin_controlled_timestep_screen_v1,controlled,golovin,16384,0.25,300.0,3600.0,1799.9999523162842,mass_fraction_r_ge_onset_threshold,5,5,0.0,0.0,0.0,0.0,0.0,0.0,0.0,nan
golovin_controlled_timestep_screen_v1,controlled,golovin,16384,0.25,300.0,3600.0,1799.9999523162842,mass_weighted_radius_q99_um,5,5,432.1752075195312,13.836074164620685,6.187680474764093,414.9954523528445,449.35496268621796,421.87086791992186,442.47954711914065,0.03201496505094035
golovin_controlled_timestep_screen_v1,controlled,golovin,16384,0.25,300.0,3600.0,1799.9999523162842,fixed_bin_mass_below_range_fraction,5,5,0.0,0.0,0.0,0.0,0.0,0.0,0.0,nan
golovin_controlled_timestep_screen_v1,controlled,golovin,16384,0.25,300.0,3600.0,1799.9999523162842,fixed_bin_mass_above_range_fraction,5,5,0.0,0.0,0.0,0.0,0.0,0.0,0.0,nan
golovin_controlled_timestep_screen_v1,controlled,golovin,16384,0.25,300.0,3600.0,1799.9999523162842,fixed_bin_mass_below_range_fraction_bins_250,5,5,0.0,0.0,0.0,0.0,0.0,0.0,0.0,nan
golovin_controlled_timestep_screen_v1,controlled,golovin,16384,0.25,300.0,3600.0,1799.9999523162842,fixed_bin_mass_below_range_fraction_bins_500,5,5,0.0,0.0,0.0,0.0,0.0,0.0,0.0,nan
golovin_controlled_timestep_screen_v1,controlled,golovin,16384,0.25,300.0,3600.0,1799.9999523162842,fixed_bin_mass_below_range_fraction_bins_1000,5,5,0.0,0.0,0.0,0.0,0.0,0.0,0.0,nan
golovin_controlled_timestep_screen_v1,controlled,golovin,16384,0.25,300.0,3600.0,1799.9999523162842,fixed_bin_mass_above_range_fraction_bins_250,5,5,0.0,0.0,0.0,0.0,0.0,0.0,0.0,nan
golovin_controlled_timestep_screen_v1,controlled,golovin,16384,0.25,300.0,3600.0,1799.9999523162842,fixed_bin_mass_above_range_fraction_bins_500,5,5,0.0,0.0,0.0,0.0,0.0,0.0,0.0,nan
golovin_controlled_timestep_screen_v1,controlled,golovin,16384,0.25,300.0,3600.0,1799.9999523162842,fixed_bin_mass_above_range_fraction_bins_1000,5,5,0.0,0.0,0.0,0.0,0.0,0.0,0.0,nan
golovin_controlled_timestep_screen_v1,controlled,golovin,16384,0.25,300.0,3600.0,2099.9999046325684,golovin_fixed_bin_l1_relative,5,5,0.13373980187614679,0.0070573669749579345,0.0031561504596335993,0.12497692338122932,0.14250268037106426,0.12829189843532438,0.13918770531696917,0.05276938410222555
golovin_controlled_timestep_screen_v1,controlled,golovin,16384,0.25,300.0,3600.0,2099.9999046325684,golovin_fixed_bin_l1_relative_bins_250,5,5,0.09962690595015565,0.008446151414384189,0.0037772337421638083,0.089139623815537,0.1101141880847743,0.09299580198120724,0.10625800991910406,0.08477781512767127
golovin_controlled_timestep_screen_v1,controlled,golovin,16384,0.25,300.0,3600.0,2099.9999046325684,golovin_fixed_bin_l1_relative_bins_500,5,5,0.13373980187614679,0.0070573669749579345,0.0031561504596335993,0.12497692338122932,0.14250268037106426,0.12829189843532438,0.13918770531696917,0.05276938410222555
golovin_controlled_timestep_screen_v1,controlled,golovin,16384,0.25,300.0,3600.0,2099.9999046325684,golovin_fixed_bin_l1_relative_bins_1000,5,5,0.1887142205805442,0.004496686397497936,0.002010979291660805,0.18313084696955845,0.19429759419152998,0.18493033369216616,0.19164892345452264,0.023828020928495567
golovin_controlled_timestep_screen_v1,controlled,golovin,16384,0.25,300.0,3600.0,2099.9999046325684,radius_moment_0_m3,5,5,361713.3133153193,5879.314468267459,2629.3093624288135,354413.1802059531,369013.44642468554,356430.53477353347,366205.9184201971,0.016254072636641484
golovin_controlled_timestep_screen_v1,controlled,golovin,16384,0.25,300.0,3600.0,2099.9999046325684,radius_moment_3_um3_m3,5,5,238740390069.86417,177.5147701601197,79.38701861765577,238740389849.45047,238740390290.27786,238740389941.5961,238740390224.59015,7.435472904612931e-10
golovin_controlled_timestep_screen_v1,controlled,golovin,16384,0.25,300.0,3600.0,2099.9999046325684,radius_moment_6_um6_m3,5,5,7.331684581590709e+18,2.5800256984655376e+17,1.1538225690930634e+17,7.011332079168191e+18,7.652037084013227e+18,7.096959174528547e+18,7.46927203056e+18,0.035190080393580785
golovin_controlled_timestep_screen_v1,controlled,golovin,16384,0.25,300.0,3600.0,2099.9999046325684,golovin_relative_error_radius_moment_0_m3,5,5,0.006252983091691466,0.01635570907800949,0.007314495463727926,-0.014055312035567397,0.02656127821895033,-0.008443218211938075,0.018750994976300638,2.615665009512313
golovin_controlled_timestep_screen_v1,controlled,golovin,16384,0.25,300.0,3600.0,2099.9999046325684,golovin_relative_error_radius_moment_3_um3_m3,5,5,2.9729410336454264e-05,7.435693511442312e-10,3.325343230287824e-10,2.972848707316078e-05,2.973033359974775e-05,2.9728873050371974e-05,2.9730058448640406e-05,2.5011237785381332e-05
golovin_controlled_timestep_screen_v1,controlled,golovin,16384,0.25,300.0,3600.0,2099.9999046325684,golovin_relative_error_radius_moment_6_um6_m3,5,5,-0.009230732586336799,0.03486525017177598,0.015592213887325462,-0.052521658512998635,0.03406019334032504,-0.04118641362314028,0.0091515386493513,3.7770837629272282
golovin_controlled_timestep_screen_v1,controlled,golovin,16384,0.25,300.0,3600.0,2099.9999046325684,liquid_water_gm3,5,5,0.9982363473784105,7.42235942211158e-10,3.31938004425551e-10,0.9982363464568028,0.9982363483000182,0.9982363468420881,0.9982363480253605,7.435473013584747e-10
golovin_controlled_timestep_screen_v1,controlled,golovin,16384,0.25,300.0,3600.0,2099.9999046325684,relative_liquid_mass_drift,5,5,-3.794002889634385e-11,7.435473311988323e-10,3.3252447540982786e-10,-9.611759810064245e-10,8.852959232137367e-10,-5.752101905898144e-10,6.101529725910382e-10,19.597964282796987
golovin_controlled_timestep_screen_v1,controlled,golovin,16384,0.25,300.0,3600.0,2099.9999046325684,mass_fraction_r_ge_cloud_threshold,5,5,0.9815415972605563,0.00023651062003371553,0.0001057707647592023,0.9812479305384676,0.9818352639826451,0.9813747960293501,0.9817430732299895,0.00024095832585578367
golovin_controlled_timestep_screen_v1,controlled,golovin,16384,0.25,300.0,3600.0,2099.9999046325684,mass_fraction_r_ge_large_threshold,5,5,0.0,0.0,0.0,0.0,0.0,0.0,0.0,nan
golovin_controlled_timestep_screen_v1,controlled,golovin,16384,0.25,300.0,3600.0,2099.9999046325684,mass_fraction_r_ge_onset_threshold,5,5,0.0,0.0,0.0,0.0,0.0,0.0,0.0,nan
golovin_controlled_timestep_screen_v1,controlled,golovin,16384,0.25,300.0,3600.0,2099.9999046325684,mass_weighted_radius_q99_um,5,5,593.7408081054688,15.499604633238953,6.9316339168585985,574.4955070459837,612.9861091649539,583.0676513671875,606.5234252929688,0.02610500141079353
golovin_controlled_timestep_screen_v1,controlled,golovin,16384,0.25,300.0,3600.0,2099.9999046325684,fixed_bin_mass_below_range_fraction,5,5,0.0,0.0,0.0,0.0,0.0,0.0,0.0,nan
golovin_controlled_timestep_screen_v1,controlled,golovin,16384,0.25,300.0,3600.0,2099.9999046325684,fixed_bin_mass_above_range_fraction,5,5,0.0,0.0,0.0,0.0,0.0,0.0,0.0,nan
golovin_controlled_timestep_screen_v1,controlled,golovin,16384,0.25,300.0,3600.0,2099.9999046325684,fixed_bin_mass_below_range_fraction_bins_250,5,5,0.0,0.0,0.0,0.0,0.0,0.0,0.0,nan
golovin_controlled_timestep_screen_v1,controlled,golovin,16384,0.25,300.0,3600.0,2099.9999046325684,fixed_bin_mass_below_range_fraction_bins_500,5,5,0.0,0.0,0.0,0.0,0.0,0.0,0.0,nan
golovin_controlled_timestep_screen_v1,controlled,golovin,16384,0.25,300.0,3600.0,2099.9999046325684,fixed_bin_mass_below_range_fraction_bins_1000,5,5,0.0,0.0,0.0,0.0,0.0,0.0,0.0,nan
golovin_controlled_timestep_screen_v1,controlled,golovin,16384,0.25,300.0,3600.0,2099.9999046325684,fixed_bin_mass_above_range_fraction_bins_250,5,5,0.0,0.0,0.0,0.0,0.0,0.0,0.0,nan
golovin_controlled_timestep_screen_v1,controlled,golovin,16384,0.25,300.0,3600.0,2099.9999046325684,fixed_bin_mass_above_range_fraction_bins_500,5,5,0.0,0.0,0.0,0.0,0.0,0.0,0.0,nan
golovin_controlled_timestep_screen_v1,controlled,golovin,16384,0.25,300.0,3600.0,2099.9999046325684,fixed_bin_mass_above_range_fraction_bins_1000,5,5,0.0,0.0,0.0,0.0,0.0,0.0,0.0,nan
golovin_controlled_timestep_screen_v1,controlled,golovin,16384,0.25,300.0,3600.0,2400.0000953674316,golovin_fixed_bin_l1_relative,5,5,0.13541901191840727,0.009925028620480631,0.004438607734805131,0.1230954611992145,0.14774256263760005,0.126457518460577,0.14064408481240345,0.07329124972836654
golovin_controlled_timestep_screen_v1,controlled,golovin,16384,0.25,300.0,3600.0,2400.0000953674316,golovin_fixed_bin_l1_relative_bins_250,5,5,0.09503891905079184,0.009319143627874782,0.004167647728802403,0.08346767391396971,0.10661016418761397,0.08807827838269526,0.1022434270110677,0.09805607766744835
golovin_controlled_timestep_screen_v1,controlled,golovin,16384,0.25,300.0,3600.0,2400.0000953674316,golovin_fixed_bin_l1_relative_bins_500,5,5,0.13541901191840727,0.009925028620480631,0.004438607734805131,0.1230954611992145,0.14774256263760005,0.126457518460577,0.14064408481240345,0.07329124972836654
golovin_controlled_timestep_screen_v1,controlled,golovin,16384,0.25,300.0,3600.0,2400.0000953674316,golovin_fixed_bin_l1_relative_bins_1000,5,5,0.18947437421359783,0.012340222251535821,0.0055187151623779206,0.1741519645140328,0.20479678391316286,0.17953478722435046,0.19830604188388823,0.06512871359387348
golovin_controlled_timestep_screen_v1,controlled,golovin,16384,0.25,300.0,3600.0,2400.0000953674316,radius_moment_0_m3,5,5,230821.39833162626,3983.3212919959483,1781.3954370250458,225875.45169007638,235767.34497317614,227310.23862091213,234002.24236854463,0.017257157788607716
golovin_controlled_timestep_screen_v1,controlled,golovin,16384,0.25,300.0,3600.0,2400.0000953674316,radius_moment_3_um3_m3,5,5,238740390428.3089,332.84378518760485,148.8522659135644,238740390015.02875,238740390841.58905,238740390203.87183,238740390713.7719,1.3941662095402921e-09
golovin_controlled_timestep_screen_v1,controlled,golovin,16384,0.25,300.0,3600.0,2400.0000953674316,radius_moment_6_um6_m3,5,5,1.8234356307716698e+19,6.570619246354162e+17,2.9384702578232685e+17,1.7418506171306426e+19,1.905020644412697e+19,1.7644026569136036e+19,1.8587561354779787e+19,0.03603428130651097
golovin_controlled_timestep_screen_v1,controlled,golovin,16384,0.25,300.0,3600.0,2400.0000953674316,golovin_relative_error_radius_moment_0_m3,5,5,0.007052506255656632,0.01737886400186677,0.007772064255979626,-0.014526203505140733,0.028631216016453995,-0.008266360245006533,0.020911159845855655,2.4642110721883634
golovin_controlled_timestep_screen_v1,controlled,golovin,16384,0.25,300.0,3600.0,2400.0000953674316,golovin_relative_error_radius_moment_3_um3_m3,5,5,2.973091178057885e-05,1.3942076444551928e-09,6.235086135503338e-10,2.9729180643140708e-05,2.973264291801699e-05,2.9729987575333183e-05,2.9732107521018848e-05,4.689421080472656e-05
golovin_controlled_timestep_screen_v1,controlled,golovin,16384,0.25,300.0,3600.0,2400.0000953674316,golovin_relative_error_radius_moment_6_um6_m3,5,5,0.0018263979126815987,0.036100094242674144,0.016144452944153634,-0.04299778944020986,0.04665058526557306,-0.030607317081289477,0.02123208101179075,19.76573341001599
golovin_controlled_timestep_screen_v1,controlled,golovin,16384,0.25,300.0,3600.0,2400.0000953674316,liquid_water_gm3,5,5,0.998236348877162,1.391707407023961e-09,6.22390473379109e-10,0.998236347149129,0.9982363506051949,0.9982363479387317,0.9982363500707582,1.3941662298606777e-09
golovin_controlled_timestep_screen_v1,controlled,golovin,16384,0.25,300.0,3600.0,2400.0000953674316,relative_liquid_mass_drift,5,5,1.4634595091322922e-09,1.3941662202759208e-09,6.234900880941809e-10,-2.676264940961373e-10,3.1945455123607217e-09,5.233711908303462e-10,2.622866945856117e-09,0.9526510378838863
golovin_controlled_timestep_screen_v1,controlled,golovin,16384,0.25,300.0,3600.0,2400.0000953674316,mass_fraction_r_ge_cloud_threshold,5,5,0.9883760404994941,0.00014603937253561451,6.531079287620997e-05,0.9881947086682964,0.9885573723306919,0.9882665764454686,0.9884911359681083,0.0001477568926719539
golovin_controlled_timestep_screen_v1,controlled,golovin,16384,0.25,300.0,3600.0,2400.0000953674316,mass_fraction_r_ge_large_threshold,5,5,0.00019079352073939185,0.0004266272820397961,0.00019079352073939182,-0.00033893421602094624,0.0007205212574997299,0.0,0.0005723805622181756,2.23606797749979
golovin_controlled_timestep_screen_v1,controlled,golovin,16384,0.25,300.0,3600.0,2400.0000953674316,mass_fraction_r_ge_onset_threshold,5,5,0.00019079352073939185,0.0004266272820397961,0.00019079352073939182,-0.00033893421602094624,0.0007205212574997299,0.0,0.0005723805622181756,2.23606797749979
golovin_controlled_timestep_screen_v1,controlled,golovin,16384,0.25,300.0,3600.0,2400.0000953674316,mass_weighted_radius_q99_um,5,5,798.5146484375,13.786360300149921,6.165447758687925,781.3966211865383,815.6326756884617,788.5077880859375,810.6877075195313,0.017265006129977067
golovin_controlled_timestep_screen_v1,controlled,golovin,16384,0.25,300.0,3600.0,2400.0000953674316,fixed_bin_mass_below_range_fraction,5,5,0.0,0.0,0.0,0.0,0.0,0.0,0.0,nan
golovin_controlled_timestep_screen_v1,controlled,golovin,16384,0.25,300.0,3600.0,2400.0000953674316,fixed_bin_mass_above_range_fraction,5,5,0.0,0.0,0.0,0.0,0.0,0.0,0.0,nan
golovin_controlled_timestep_screen_v1,controlled,golovin,16384,0.25,300.0,3600.0,2400.0000953674316,fixed_bin_mass_below_range_fraction_bins_250,5,5,0.0,0.0,0.0,0.0,0.0,0.0,0.0,nan
golovin_controlled_timestep_screen_v1,controlled,golovin,16384,0.25,300.0,3600.0,2400.0000953674316,fixed_bin_mass_below_range_fraction_bins_500,5,5,0.0,0.0,0.0,0.0,0.0,0.0,0.0,nan
golovin_controlled_timestep_screen_v1,controlled,golovin,16384,0.25,300.0,3600.0,2400.0000953674316,fixed_bin_mass_below_range_fraction_bins_1000,5,5,0.0,0.0,0.0,0.0,0.0,0.0,0.0,nan
golovin_controlled_timestep_screen_v1,controlled,golovin,16384,0.25,300.0,3600.0,2400.0000953674316,fixed_bin_mass_above_range_fraction_bins_250,5,5,0.0,0.0,0.0,0.0,0.0,0.0,0.0,nan
golovin_controlled_timestep_screen_v1,controlled,golovin,16384,0.25,300.0,3600.0,2400.0000953674316,fixed_bin_mass_above_range_fraction_bins_500,5,5,0.0,0.0,0.0,0.0,0.0,0.0,0.0,nan
golovin_controlled_timestep_screen_v1,controlled,golovin,16384,0.25,300.0,3600.0,2400.0000953674316,fixed_bin_mass_above_range_fraction_bins_1000,5,5,0.0,0.0,0.0,0.0,0.0,0.0,0.0,nan
golovin_controlled_timestep_screen_v1,controlled,golovin,16384,0.25,300.0,3600.0,2700.000047683716,golovin_fixed_bin_l1_relative,5,5,0.15255149138507662,0.013437879779987295,0.0060096025323043015,0.13586615985007608,0.16923682292007716,0.14260124208442004,0.16343759450836287,0.08808750185251783
golovin_controlled_timestep_screen_v1,controlled,golovin,16384,0.25,300.0,3600.0,2700.000047683716,golovin_fixed_bin_l1_relative_bins_250,5,5,0.10792549641047589,0.007755140501939184,0.0034682042674795705,0.09829621764820613,0.11755477517274564,0.10209290889670401,0.11375808392424777,0.07185642651523097
golovin_controlled_timestep_screen_v1,controlled,golovin,16384,0.25,300.0,3600.0,2700.000047683716,golovin_fixed_bin_l1_relative_bins_500,5,5,0.15255149138507662,0.013437879779987295,0.0060096025323043015,0.13586615985007608,0.16923682292007716,0.14260124208442004,0.16343759450836287,0.08808750185251783
golovin_controlled_timestep_screen_v1,controlled,golovin,16384,0.25,300.0,3600.0,2700.000047683716,golovin_fixed_bin_l1_relative_bins_1000,5,5,0.21667890478381774,0.007891680986884192,0.0035292670286831357,0.20688008861709448,0.226477720950541,0.21078563865029826,0.22316531778296037,0.03642108582170371
golovin_controlled_timestep_screen_v1,controlled,golovin,16384,0.25,300.0,3600.0,2700.000047683716,radius_moment_0_m3,5,5,147042.0204890598,2887.555826387002,1291.3542233253834,143456.64637663154,150627.39460148805,144476.95690989992,149315.34052609978,0.019637623427527926
golovin_controlled_timestep_screen_v1,controlled,golovin,16384,0.25,300.0,3600.0,2700.000047683716,radius_moment_3_um3_m3,5,5,238740390393.07758,375.5172483964537,167.93641882762887,238740389926.81134,238740390859.3438,238740390136.31454,238740390696.16626,1.5729104228160885e-09
golovin_controlled_timestep_screen_v1,controlled,golovin,16384,0.25,300.0,3600.0,2700.000047683716,radius_moment_6_um6_m3,5,5,4.56027980483285e+19,2.230518699988933e+18,9.975182876519428e+17,4.283324328123198e+19,4.837235281542502e+19,4.382276190082858e+19,4.745766332836614e+19,0.0489118825039002
golovin_controlled_timestep_screen_v1,controlled,golovin,16384,0.25,300.0,3600.0,2700.000047683716,golovin_relative_error_radius_moment_0_m3,5,5,0.0061221569532428745,0.01975784804033995,0.008835978261462228,-0.01841045164042804,0.030654765546913786,-0.01134178655059086,0.021677150359239138,3.2272691130328375
golovin_controlled_timestep_screen_v1,controlled,golovin,16384,0.25,300.0,3600.0,2700.000047683716,golovin_relative_error_radius_moment_3_um3_m3,5,5,2.973076420458298e-05,1.5729571575304472e-09,7.03447825986585e-10,2.972881112030976e-05,2.9732717288856203e-05,2.972968868206749e-05,2.9732033774854115e-05,5.290671799441929e-05
golovin_controlled_timestep_screen_v1,controlled,golovin,16384,0.25,300.0,3600.0,2700.000047683716,golovin_relative_error_radius_moment_6_um6_m3,5,5,0.01865498662185172,0.04982433301766003,0.02228211911221501,-0.04321009392069185,0.08052006716439529,-0.02347209247185522,0.06008814089935197,2.6708318814497436
golovin_controlled_timestep_screen_v1,controlled,golovin,16384,0.25,300.0,3600.0,2700.000047683716,liquid_water_gm3,5,5,0.9982363487298507,1.5701363420394545e-09,7.021863189486162e-10,0.998236346780269,0.9982363506794324,0.9982363476562568,0.9982363499971442,1.5729104074774332e-09
golovin_controlled_timestep_screen_v1,controlled,golovin,16384,0.25,300.0,3600.0,2700.000047683716,relative_liquid_mass_drift,5,5,1.3158878431340781e-09,1.5729104061325874e-09,7.034269181258535e-10,-6.371383805608168e-10,3.268914066828973e-09,2.403973020648209e-10,2.5854204110942192e-09,1.1953225454126495
golovin_controlled_timestep_screen_v1,controlled,golovin,16384,0.25,300.0,3600.0,2700.000047683716,mass_fraction_r_ge_cloud_threshold,5,5,0.9926492212502309,0.00010295951879807925,4.604489659263452e-05,0.9925213801224669,0.9927770623779949,0.992569269873216,0.9927291726272458,0.00010372195594774442
golovin_controlled_timestep_screen_v1,controlled,golovin,16384,0.25,300.0,3600.0,2700.000047683716,mass_fraction_r_ge_large_threshold,5,5,0.024161749143212074,0.00560297022113372,0.0025057244580724055,0.01720474273662255,0.031118755549801598,0.01981335962296012,0.02851013866346403,0.23189423033587786
golovin_controlled_timestep_screen_v1,controlled,golovin,16384,0.25,300.0,3600.0,2700.000047683716,mass_fraction_r_ge_onset_threshold,5,5,0.024161749143212074,0.00560297022113372,0.0025057244580724055,0.01720474273662255,0.031118755549801598,0.01981335962296012,0.02851013866346403,0.23189423033587786
golovin_controlled_timestep_screen_v1,controlled,golovin,16384,0.25,300.0,3600.0,2700.000047683716,mass_weighted_radius_q99_um,5,5,1088.663623046875,40.450333533275725,18.089939098588754,1038.4379001832722,1138.889345910478,1060.49189453125,1122.7978759765624,0.03715595219399927
golovin_controlled_timestep_screen_v1,controlled,golovin,16384,0.25,300.0,3600.0,2700.000047683716,fixed_bin_mass_below_range_fraction,5,5,0.0,0.0,0.0,0.0,0.0,0.0,0.0,nan
golovin_controlled_timestep_screen_v1,controlled,golovin,16384,0.25,300.0,3600.0,2700.000047683716,fixed_bin_mass_above_range_fraction,5,5,0.0,0.0,0.0,0.0,0.0,0.0,0.0,nan
golovin_controlled_timestep_screen_v1,controlled,golovin,16384,0.25,300.0,3600.0,2700.000047683716,fixed_bin_mass_below_range_fraction_bins_250,5,5,0.0,0.0,0.0,0.0,0.0,0.0,0.0,nan
golovin_controlled_timestep_screen_v1,controlled,golovin,16384,0.25,300.0,3600.0,2700.000047683716,fixed_bin_mass_below_range_fraction_bins_500,5,5,0.0,0.0,0.0,0.0,0.0,0.0,0.0,nan
golovin_controlled_timestep_screen_v1,controlled,golovin,16384,0.25,300.0,3600.0,2700.000047683716,fixed_bin_mass_below_range_fraction_bins_1000,5,5,0.0,0.0,0.0,0.0,0.0,0.0,0.0,nan
golovin_controlled_timestep_screen_v1,controlled,golovin,16384,0.25,300.0,3600.0,2700.000047683716,fixed_bin_mass_above_range_fraction_bins_250,5,5,0.0,0.0,0.0,0.0,0.0,0.0,0.0,nan
golovin_controlled_timestep_screen_v1,controlled,golovin,16384,0.25,300.0,3600.0,2700.000047683716,fixed_bin_mass_above_range_fraction_bins_500,5,5,0.0,0.0,0.0,0.0,0.0,0.0,0.0,nan
golovin_controlled_timestep_screen_v1,controlled,golovin,16384,0.25,300.0,3600.0,2700.000047683716,fixed_bin_mass_above_range_fraction_bins_1000,5,5,0.0,0.0,0.0,0.0,0.0,0.0,0.0,nan
golovin_controlled_timestep_screen_v1,controlled,golovin,16384,0.25,300.0,3600.0,300.00001192092896,golovin_fixed_bin_l1_relative,5,5,0.11234770645240862,0.007484234384526226,0.003347051368668388,0.1030548020630237,0.12164061084179353,0.10693876014118664,0.11850773753700583,0.06661670826094351
golovin_controlled_timestep_screen_v1,controlled,golovin,16384,0.25,300.0,3600.0,300.00001192092896,golovin_fixed_bin_l1_relative_bins_250,5,5,0.07476462356527888,0.00771548907949476,0.003450471612281512,0.06518457854673594,0.08434466858382182,0.06963854865155235,0.08127349163096628,0.1031970564629162
golovin_controlled_timestep_screen_v1,controlled,golovin,16384,0.25,300.0,3600.0,300.00001192092896,golovin_fixed_bin_l1_relative_bins_500,5,5,0.11234770645240862,0.007484234384526226,0.003347051368668388,0.1030548020630237,0.12164061084179353,0.10733644084919262,0.11875799284520672,0.06661670826094351
golovin_controlled_timestep_screen_v1,controlled,golovin,16384,0.25,300.0,3600.0,300.00001192092896,golovin_fixed_bin_l1_relative_bins_1000,5,5,0.16420750644164483,0.00853671943719895,0.00381773699328412,0.1536077692537086,0.17480724362958108,0.1574931044316689,0.17041860743837242,0.05198738853167278
golovin_controlled_timestep_screen_v1,controlled,golovin,16384,0.25,300.0,3600.0,300.00001192092896,radius_moment_0_m3,5,5,5368298.365031363,22509.258283661475,10066.44632907346,5340349.429394271,5396247.300668456,5350875.280321161,5384871.536790659,0.004192996877797415
golovin_controlled_timestep_screen_v1,controlled,golovin,16384,0.25,300.0,3600.0,300.00001192092896,radius_moment_3_um3_m3,5,5,238740390169.75934,311.4373757872706,139.27902859889682,238740389783.05875,238740390556.45993,238740389918.90146,238740390404.05624,1.3045022485127848e-09
golovin_controlled_timestep_screen_v1,controlled,golovin,16384,0.25,300.0,3600.0,300.00001192092896,radius_moment_6_um6_m3,5,5,3.3170051562595256e+16,578703334872047.2,258803999115944.44,3.2451496466044176e+16,3.3888606659146336e+16,3.266828938051817e+16,3.357980633452033e+16,0.01744656120838327
golovin_controlled_timestep_screen_v1,controlled,golovin,16384,0.25,300.0,3600.0,300.00001192092896,golovin_relative_error_radius_moment_0_m3,5,5,0.0036446840690633085,0.004208279026719549,0.0018819995944063129,-0.001580584492810331,0.008869952630936949,0.0003873043259057463,0.006647248671564854,1.1546347905543115
golovin_controlled_timestep_screen_v1,controlled,golovin,16384,0.25,300.0,3600.0,300.00001192092896,golovin_relative_error_radius_moment_3_um3_m3,5,5,2.9729828774627264e-05,1.304541031823417e-09,5.834084853189753e-10,2.9728208972993868e-05,2.973144857626066e-05,2.9728777987481082e-05,2.9730810191708202e-05,4.387987033873432e-05
golovin_controlled_timestep_screen_v1,controlled,golovin,16384,0.25,300.0,3600.0,300.00001192092896,golovin_relative_error_radius_moment_6_um6_m3,5,5,-0.007538682715328715,0.017315037118959747,0.007743520006185221,-0.02903814093350286,0.01396077550284543,-0.02255160951913924,0.004721345278327416,2.2968252906774236
golovin_controlled_timestep_screen_v1,controlled,golovin,16384,0.25,300.0,3600.0,300.00001192092896,liquid_water_gm3,5,5,0.9982363477960986,1.3022015254482097e-09,5.823622262612238e-10,0.9982363461792019,0.9982363494129953,0.9982363467921462,0.9982363487674778,1.3045022136523119e-09
golovin_controlled_timestep_screen_v1,controlled,golovin,16384,0.25,300.0,3600.0,300.00001192092896,relative_liquid_mass_drift,5,5,3.8048586503691695e-10,1.304502183359243e-09,5.833911117576324e-10,-1.2392675316184605e-09,2.0002392616922946e-09,-6.702699728577955e-10,1.361873724903262e-09,3.428516807668197
golovin_controlled_timestep_screen_v1,controlled,golovin,16384,0.25,300.0,3600.0,300.00001192092896,mass_fraction_r_ge_cloud_threshold,5,5,0.6308327458128394,0.005514484113060864,0.002466152267529345,0.6239856094209851,0.6376798822046937,0.6266494940676465,0.6352993642723646,0.008741594582182557
golovin_controlled_timestep_screen_v1,controlled,golovin,16384,0.25,300.0,3600.0,300.00001192092896,mass_fraction_r_ge_large_threshold,5,5,0.0,0.0,0.0,0.0,0.0,0.0,0.0,nan
golovin_controlled_timestep_screen_v1,controlled,golovin,16384,0.25,300.0,3600.0,300.00001192092896,mass_fraction_r_ge_onset_threshold,5,5,0.0,0.0,0.0,0.0,0.0,0.0,0.0,nan
golovin_controlled_timestep_screen_v1,controlled,golovin,16384,0.25,300.0,3600.0,300.00001192092896,mass_weighted_radius_q99_um,5,5,87.55705413818359,1.0910483347363062,0.48793164864166516,86.20233870064135,88.91176957572583,86.74573059082032,88.45345916748047,0.012460998665103565
golovin_controlled_timestep_screen_v1,controlled,golovin,16384,0.25,300.0,3600.0,300.00001192092896,fixed_bin_mass_below_range_fraction,5,5,0.0,0.0,0.0,0.0,0.0,0.0,0.0,nan
golovin_controlled_timestep_screen_v1,controlled,golovin,16384,0.25,300.0,3600.0,300.00001192092896,fixed_bin_mass_above_range_fraction,5,5,0.0,0.0,0.0,0.0,0.0,0.0,0.0,nan
golovin_controlled_timestep_screen_v1,controlled,golovin,16384,0.25,300.0,3600.0,300.00001192092896,fixed_bin_mass_below_range_fraction_bins_250,5,5,0.0,0.0,0.0,0.0,0.0,0.0,0.0,nan
golovin_controlled_timestep_screen_v1,controlled,golovin,16384,0.25,300.0,3600.0,300.00001192092896,fixed_bin_mass_below_range_fraction_bins_500,5,5,0.0,0.0,0.0,0.0,0.0,0.0,0.0,nan
golovin_controlled_timestep_screen_v1,controlled,golovin,16384,0.25,300.0,3600.0,300.00001192092896,fixed_bin_mass_below_range_fraction_bins_1000,5,5,0.0,0.0,0.0,0.0,0.0,0.0,0.0,nan
golovin_controlled_timestep_screen_v1,controlled,golovin,16384,0.25,300.0,3600.0,300.00001192092896,fixed_bin_mass_above_range_fraction_bins_250,5,5,0.0,0.0,0.0,0.0,0.0,0.0,0.0,nan
golovin_controlled_timestep_screen_v1,controlled,golovin,16384,0.25,300.0,3600.0,300.00001192092896,fixed_bin_mass_above_range_fraction_bins_500,5,5,0.0,0.0,0.0,0.0,0.0,0.0,0.0,nan
golovin_controlled_timestep_screen_v1,controlled,golovin,16384,0.25,300.0,3600.0,300.00001192092896,fixed_bin_mass_above_range_fraction_bins_1000,5,5,0.0,0.0,0.0,0.0,0.0,0.0,0.0,nan
golovin_controlled_timestep_screen_v1,controlled,golovin,16384,0.25,300.0,3600.0,3000.0,golovin_fixed_bin_l1_relative,5,5,0.16537165966545955,0.00953018279291332,0.0042620273125905965,0.15353837479519808,0.17720494453572103,0.1579094334529247,0.1731384140011511,0.057628875541265716
golovin_controlled_timestep_screen_v1,controlled,golovin,16384,0.25,300.0,3600.0,3000.0,golovin_fixed_bin_l1_relative_bins_250,5,5,0.11324611125658009,0.014397022996656818,0.006438544418830475,0.09536984612031965,0.13112237639284052,0.10298615704892736,0.12469316082778892,0.12713039623972333
golovin_controlled_timestep_screen_v1,controlled,golovin,16384,0.25,300.0,3600.0,3000.0,golovin_fixed_bin_l1_relative_bins_500,5,5,0.16537165966545955,0.00953018279291332,0.0042620273125905965,0.15353837479519808,0.17720494453572103,0.15784311603134205,0.1731384140011511,0.057628875541265716
golovin_controlled_timestep_screen_v1,controlled,golovin,16384,0.25,300.0,3600.0,3000.0,golovin_fixed_bin_l1_relative_bins_1000,5,5,0.23079363076495243,0.007999092872645476,0.00357730308431387,0.22086144512670022,0.24072581640320465,0.22424469018494292,0.23682713238300393,0.03465907116298199
golovin_controlled_timestep_screen_v1,controlled,golovin,16384,0.25,300.0,3600.0,3000.0,radius_moment_0_m3,5,5,93884.0970143127,1881.960005675508,841.6381007252652,91547.33502920608,96220.85899941933,92196.90578072965,95262.178668986,0.020045567519157176
golovin_controlled_timestep_screen_v1,controlled,golovin,16384,0.25,300.0,3600.0,3000.0,radius_moment_3_um3_m3,5,5,238740389919.9533,384.25899354783945,171.8458461077244,238740389442.83276,238740390397.07385,238740389638.79688,238740390249.45908,1.6095265391695001e-09
golovin_controlled_timestep_screen_v1,controlled,golovin,16384,0.25,300.0,3600.0,3000.0,radius_moment_6_um6_m3,5,5,1.1047283951839586e+20,3.616077001536963e+18,1.617158797462052e+18,1.059828868908548e+20,1.1496279214593692e+20,1.0790013639529544e+20,1.137361615192421e+20,0.03273272432664154
golovin_controlled_timestep_screen_v1,controlled,golovin,16384,0.25,300.0,3600.0,3000.0,golovin_relative_error_radius_moment_0_m3,5,5,0.007475490623097847,0.020195417971181347,0.009031665483516476,-0.017600432800395333,0.03255141404659103,-0.010629852772492732,0.022263761856606435,2.701550839858101
golovin_controlled_timestep_screen_v1,controlled,golovin,16384,0.25,300.0,3600.0,3000.0,golovin_relative_error_radius_moment_3_um3_m3,5,5,2.972878239368981e-05,1.6095744377473287e-09,7.19823571529806e-10,2.972678384305803e-05,2.973078094432159e-05,2.9727604692642017e-05,2.9730087166690568e-05,5.4141956318028506e-05
golovin_controlled_timestep_screen_v1,controlled,golovin,16384,0.25,300.0,3600.0,3000.0,golovin_relative_error_radius_moment_6_um6_m3,5,5,0.003285955646020411,0.03284028260695233,0.014686620861889882,-0.037490640957869546,0.04406255224991037,-0.020078673367824252,0.031965926843091165,9.994134475529174
golovin_controlled_timestep_screen_v1,controlled,golovin,16384,0.25,300.0,3600.0,3000.0,liquid_water_gm3,5,5,0.998236346751594,1.6066878780574605e-09,7.185326627922749e-10,0.9982363447566275,0.9982363487465605,0.9982363455760049,0.998236348129344,1.609526524741216e-09
golovin_controlled_timestep_screen_v1,controlled,golovin,16384,0.25,300.0,3600.0,3000.0,relative_liquid_mass_drift,5,5,-6.6586403058011e-10,1.609526538717549e-09,7.198021504324773e-10,-2.6643551878592073e-09,1.3326271266989873e-09,-1.8435300175312363e-09,7.143203584192292e-10,2.417200006006192
golovin_controlled_timestep_screen_v1,controlled,golovin,16384,0.25,300.0,3600.0,3000.0,mass_fraction_r_ge_cloud_threshold,5,5,0.9953168991699654,5.19907416344888e-05,2.3250966499069097e-05,0.9952523441378379,0.9953814542020928,0.995278807282871,0.9953549910570596,5.2235365116221745e-05
golovin_controlled_timestep_screen_v1,controlled,golovin,16384,0.25,300.0,3600.0,3000.0,mass_fraction_r_ge_large_threshold,5,5,0.14104854856955387,0.008406495693502578,0.0037594991646462002,0.13061050551587675,0.151486591623231,0.13470167982287679,0.14739541731623093,0.05960001558865504
golovin_controlled_timestep_screen_v1,controlled,golovin,16384,0.25,300.0,3600.0,3000.0,mass_fraction_r_ge_onset_threshold,5,5,0.14104854856955387,0.008406495693502578,0.0037594991646462002,0.13061050551587675,0.151486591623231,0.13470167982287679,0.1477901975515876,0.05960001558865504
golovin_controlled_timestep_screen_v1,controlled,golovin,16384,0.25,300.0,3600.0,3000.0,mass_weighted_radius_q99_um,5,5,1451.5146484375,45.29435003616371,20.256249135506422,1395.2742846755561,1507.7550121994439,1423.611181640625,1493.03232421875,0.031204886623032946
golovin_controlled_timestep_screen_v1,controlled,golovin,16384,0.25,300.0,3600.0,3000.0,fixed_bin_mass_below_range_fraction,5,5,0.0,0.0,0.0,0.0,0.0,0.0,0.0,nan
golovin_controlled_timestep_screen_v1,controlled,golovin,16384,0.25,300.0,3600.0,3000.0,fixed_bin_mass_above_range_fraction,5,5,0.0,0.0,0.0,0.0,0.0,0.0,0.0,nan
golovin_controlled_timestep_screen_v1,controlled,golovin,16384,0.25,300.0,3600.0,3000.0,fixed_bin_mass_below_range_fraction_bins_250,5,5,0.0,0.0,0.0,0.0,0.0,0.0,0.0,nan
golovin_controlled_timestep_screen_v1,controlled,golovin,16384,0.25,300.0,3600.0,3000.0,fixed_bin_mass_below_range_fraction_bins_500,5,5,0.0,0.0,0.0,0.0,0.0,0.0,0.0,nan
golovin_controlled_timestep_screen_v1,controlled,golovin,16384,0.25,300.0,3600.0,3000.0,fixed_bin_mass_below_range_fraction_bins_1000,5,5,0.0,0.0,0.0,0.0,0.0,0.0,0.0,nan
golovin_controlled_timestep_screen_v1,controlled,golovin,16384,0.25,300.0,3600.0,3000.0,fixed_bin_mass_above_range_fraction_bins_250,5,5,0.0,0.0,0.0,0.0,0.0,0.0,0.0,nan
golovin_controlled_timestep_screen_v1,controlled,golovin,16384,0.25,300.0,3600.0,3000.0,fixed_bin_mass_above_range_fraction_bins_500,5,5,0.0,0.0,0.0,0.0,0.0,0.0,0.0,nan
golovin_controlled_timestep_screen_v1,controlled,golovin,16384,0.25,300.0,3600.0,3000.0,fixed_bin_mass_above_range_fraction_bins_1000,5,5,0.0,0.0,0.0,0.0,0.0,0.0,0.0,nan
golovin_controlled_timestep_screen_v1,controlled,golovin,16384,0.25,300.0,3600.0,3299.999952316284,golovin_fixed_bin_l1_relative,5,5,0.17038781339080303,0.006013709926178776,0.002689412838380197,0.16292080627982622,0.17785482050177984,0.16584919239160928,0.17549817728895806,0.035294249080981374
golovin_controlled_timestep_screen_v1,controlled,golovin,16384,0.25,300.0,3600.0,3299.999952316284,golovin_fixed_bin_l1_relative_bins_250,5,5,0.12210097000080641,0.009734189870834981,0.004353262051415383,0.11001437688651086,0.13418756311510197,0.11491320439669181,0.12984020283513326,0.07972246142492309
golovin_controlled_timestep_screen_v1,controlled,golovin,16384,0.25,300.0,3600.0,3299.999952316284,golovin_fixed_bin_l1_relative_bins_500,5,5,0.17038781339080303,0.006013709926178776,0.002689412838380197,0.16292080627982622,0.17785482050177984,0.16584919239160928,0.1751753840885861,0.035294249080981374
golovin_controlled_timestep_screen_v1,controlled,golovin,16384,0.25,300.0,3600.0,3299.999952316284,golovin_fixed_bin_l1_relative_bins_1000,5,5,0.24794641603131068,0.010512708142243837,0.004701426006734549,0.23489316480746292,0.26099966725515844,0.23876938384676602,0.25479406399551985,0.042399113124975726
golovin_controlled_timestep_screen_v1,controlled,golovin,16384,0.25,300.0,3600.0,3299.999952316284,radius_moment_0_m3,5,5,59875.33677968358,1218.400995140613,544.8854897975604,58362.49212864184,61388.18143072532,58772.38136539321,60753.416665437704,0.02034896270602742
golovin_controlled_timestep_screen_v1,controlled,golovin,16384,0.25,300.0,3600.0,3299.999952316284,radius_moment_3_um3_m3,5,5,238740390050.74658,189.53939249907742,84.76459320839017,238740389815.40234,238740390286.09082,238740389910.21182,238740390202.8083,7.939142281655357e-10
golovin_controlled_timestep_screen_v1,controlled,golovin,16384,0.25,300.0,3600.0,3299.999952316284,radius_moment_6_um6_m3,5,5,2.7398465347685653e+20,1.322393713164626e+19,5.913924471308924e+18,2.575649668259814e+20,2.9040434012773165e+20,2.630024215819993e+20,2.8287440562299994e+20,0.048265247574398484
golovin_controlled_timestep_screen_v1,controlled,golovin,16384,0.25,300.0,3600.0,3299.999952316284,golovin_relative_error_radius_moment_0_m3,5,5,0.007682299165454376,0.020505289525241787,0.009170244255351005,-0.017778380610783108,0.03314297894169186,-0.01088007906113848,0.022231810256083097,2.6691605056790295
golovin_controlled_timestep_screen_v1,controlled,golovin,16384,0.25,300.0,3600.0,3299.999952316284,golovin_relative_error_radius_moment_3_um3_m3,5,5,2.9729330257044496e-05,7.939378349031652e-10,3.550597937504965e-10,2.9728344453018084e-05,2.973031606107091e-05,2.9728768303538544e-05,2.972996720940202e-05,2.670554055670454e-05
golovin_controlled_timestep_screen_v1,controlled,golovin,16384,0.25,300.0,3600.0,3299.999952316284,golovin_relative_error_radius_moment_6_um6_m3,5,5,0.011647108179273013,0.04882739813419689,0.02183627627850213,-0.04898011420992092,0.07227433056846694,-0.028903130663666586,0.04447118039263174,4.192233589887081
golovin_controlled_timestep_screen_v1,controlled,golovin,16384,0.25,300.0,3600.0,3299.999952316284,liquid_water_gm3,5,5,0.9982363472984748,7.925140579286054e-10,3.5442306133051354e-10,0.9982363463144386,0.998236348282511,0.9982363467108621,0.998236347934285,7.939142469349916e-10
golovin_controlled_timestep_screen_v1,controlled,golovin,16384,0.25,300.0,3600.0,3299.999952316284,relative_liquid_mass_drift,5,5,-1.1801692956225907e-10,7.939142523171277e-10,3.550492472974035e-10,-1.103791674325296e-09,8.677578152007778e-10,-7.384117761688458e-10,5.189164653529588e-10,6.727121738057957
golovin_controlled_timestep_screen_v1,controlled,golovin,16384,0.25,300.0,3600.0,3299.999952316284,mass_fraction_r_ge_cloud_threshold,5,5,0.9970194870264472,3.3581703842428475e-05,1.5018194518387191e-05,0.9969777898337877,0.9970611842191066,0.9969940547573456,0.9970454190214394,3.368209375985615e-05
golovin_controlled_timestep_screen_v1,controlled,golovin,16384,0.25,300.0,3600.0,3299.999952316284,mass_fraction_r_ge_large_threshold,5,5,0.3460529208577438,0.01193696606292464,0.005338373512361505,0.33123121984963017,0.36087462186585745,0.33516173665089577,0.3540008530846166,0.0344946259472022
golovin_controlled_timestep_screen_v1,controlled,golovin,16384,0.25,300.0,3600.0,3299.999952316284,mass_fraction_r_ge_onset_threshold,5,5,0.3460529208577438,0.01193696606292464,0.005338373512361505,0.33123121984963017,0.36087462186585745,0.3354559704309527,0.3542950868646736,0.0344946259472022
golovin_controlled_timestep_screen_v1,controlled,golovin,16384,0.25,300.0,3600.0,3299.999952316284,mass_weighted_radius_q99_um,5,5,1944.7447021484375,72.83785057438082,32.57407704385752,1854.3045653836834,2035.1848389131915,1888.0087158203125,2002.93076171875,0.03745368247766091
golovin_controlled_timestep_screen_v1,controlled,golovin,16384,0.25,300.0,3600.0,3299.999952316284,fixed_bin_mass_below_range_fraction,5,5,0.0,0.0,0.0,0.0,0.0,0.0,0.0,nan
golovin_controlled_timestep_screen_v1,controlled,golovin,16384,0.25,300.0,3600.0,3299.999952316284,fixed_bin_mass_above_range_fraction,5,5,0.0,0.0,0.0,0.0,0.0,0.0,0.0,nan
golovin_controlled_timestep_screen_v1,controlled,golovin,16384,0.25,300.0,3600.0,3299.999952316284,fixed_bin_mass_below_range_fraction_bins_250,5,5,0.0,0.0,0.0,0.0,0.0,0.0,0.0,nan
golovin_controlled_timestep_screen_v1,controlled,golovin,16384,0.25,300.0,3600.0,3299.999952316284,fixed_bin_mass_below_range_fraction_bins_500,5,5,0.0,0.0,0.0,0.0,0.0,0.0,0.0,nan
golovin_controlled_timestep_screen_v1,controlled,golovin,16384,0.25,300.0,3600.0,3299.999952316284,fixed_bin_mass_below_range_fraction_bins_1000,5,5,0.0,0.0,0.0,0.0,0.0,0.0,0.0,nan
golovin_controlled_timestep_screen_v1,controlled,golovin,16384,0.25,300.0,3600.0,3299.999952316284,fixed_bin_mass_above_range_fraction_bins_250,5,5,0.0,0.0,0.0,0.0,0.0,0.0,0.0,nan
golovin_controlled_timestep_screen_v1,controlled,golovin,16384,0.25,300.0,3600.0,3299.999952316284,fixed_bin_mass_above_range_fraction_bins_500,5,5,0.0,0.0,0.0,0.0,0.0,0.0,0.0,nan
golovin_controlled_timestep_screen_v1,controlled,golovin,16384,0.25,300.0,3600.0,3299.999952316284,fixed_bin_mass_above_range_fraction_bins_1000,5,5,0.0,0.0,0.0,0.0,0.0,0.0,0.0,nan
golovin_controlled_timestep_screen_v1,controlled,golovin,16384,0.25,300.0,3600.0,3599.9999046325684,golovin_fixed_bin_l1_relative,5,5,0.19201554016799088,0.0077056865755160365,0.0034460877992322845,0.18244766656573058,0.20158341377025119,0.18679575884468017,0.19871119671807108,0.040130536147097634
golovin_controlled_timestep_screen_v1,controlled,golovin,16384,0.25,300.0,3600.0,3599.9999046325684,golovin_fixed_bin_l1_relative_bins_250,5,5,0.1354721516160356,0.004753055339535926,0.002125630968004135,0.12957045391946367,0.14137384931260752,0.13172213261388782,0.1390914654238203,0.03508510998634878
golovin_controlled_timestep_screen_v1,controlled,golovin,16384,0.25,300.0,3600.0,3599.9999046325684,golovin_fixed_bin_l1_relative_bins_500,5,5,0.19201554016799088,0.0077056865755160365,0.0034460877992322845,0.18244766656573058,0.20158341377025119,0.18679575884468017,0.19827495028573944,0.040130536147097634
golovin_controlled_timestep_screen_v1,controlled,golovin,16384,0.25,300.0,3600.0,3599.9999046325684,golovin_fixed_bin_l1_relative_bins_1000,5,5,0.2683374251525191,0.0010431749778981821,0.00046652203260143515,0.26704215233863593,0.2696326979664023,0.267521813087467,0.26915303721757133,0.0038875493319847445
golovin_controlled_timestep_screen_v1,controlled,golovin,16384,0.25,300.0,3600.0,3599.9999046325684,radius_moment_0_m3,5,5,38205.92694928915,762.8731886705916,341.16726161589304,37258.69477572197,39153.15912285633,37523.22918899485,38725.051024864304,0.01996740426382419
golovin_controlled_timestep_screen_v1,controlled,golovin,16384,0.25,300.0,3600.0,3599.9999046325684,radius_moment_3_um3_m3,5,5,238740389949.54437,303.0502974154268,135.52821312448464,238740389573.25772,238740390325.83102,238740389745.57315,238740390221.5939,1.2693717115879462e-09
golovin_controlled_timestep_screen_v1,controlled,golovin,16384,0.25,300.0,3600.0,3599.9999046325684,radius_moment_6_um6_m3,5,5,6.824081299936544e+20,3.4096930068283232e+19,1.524861069134757e+19,6.400711994785957e+20,7.247450605087131e+20,6.549156478512886e+20,7.077199920592987e+20,0.049965597667484256
golovin_controlled_timestep_screen_v1,controlled,golovin,16384,0.25,300.0,3600.0,3599.9999046325684,golovin_relative_error_radius_moment_0_m3,5,5,0.008415717704150793,0.020135444301393187,0.009004844443015185,-0.01658573857272627,0.03341717398102785,-0.009269647074704946,0.022451505268475457,2.392599776898648
golovin_controlled_timestep_screen_v1,controlled,golovin,16384,0.25,300.0,3600.0,3599.9999046325684,golovin_relative_error_radius_moment_3_um3_m3,5,5,2.9728906343917673e-05,1.2694094667548393e-09,5.67697171789116e-10,2.9727330163883824e-05,2.973048252395152e-05,2.9728051954380774e-05,2.9730045496112467e-05,4.269950101997451e-05
golovin_controlled_timestep_screen_v1,controlled,golovin,16384,0.25,300.0,3600.0,3599.9999046325684,golovin_relative_error_radius_moment_6_um6_m3,5,5,0.024425994116706318,0.051186057062147926,0.022891100618229188,-0.039129890147366286,0.08798187838077892,-0.01684551498693032,0.06242397262816375,2.0955567588194453
golovin_controlled_timestep_screen_v1,controlled,golovin,16384,0.25,300.0,3600.0,3599.9999046325684,liquid_water_gm3,5,5,0.9982363468753219,1.2671329761374572e-09,5.666790942349946e-10,0.9982363453019685,0.9982363484486754,0.9982363460220632,0.9982363480128325,1.2693717075157954e-09
golovin_controlled_timestep_screen_v1,controlled,golovin,16384,0.25,300.0,3600.0,3599.9999046325684,relative_liquid_mass_drift,5,5,-5.419175774790119e-10,1.2693717128905625e-09,5.676802877477287e-10,-2.118050733713468e-09,1.0342155787554444e-09,-1.3962816902690634e-09,5.97602722862689e-10,2.3423704372086442
golovin_controlled_timestep_screen_v1,controlled,golovin,16384,0.25,300.0,3600.0,3599.9999046325684,mass_fraction_r_ge_cloud_threshold,5,5,0.9980969028810704,2.380454650010057e-05,1.0645716829555916e-05,0.9980673456326877,0.9981264601294532,0.9980791616158531,0.9981146441462881,2.384993524314846e-05
golovin_controlled_timestep_screen_v1,controlled,golovin,16384,0.25,300.0,3600.0,3599.9999046325684,mass_fraction_r_ge_large_threshold,5,5,0.5513544753680855,0.01188177850331939,0.0053136928854035734,0.5366012987658824,0.5661076519702886,0.540580459054819,0.5582004611209536,0.021550162434769555
golovin_controlled_timestep_screen_v1,controlled,golovin,16384,0.25,300.0,3600.0,3599.9999046325684,mass_fraction_r_ge_onset_threshold,5,5,0.5513544753680855,0.01188177850331939,0.0053136928854035734,0.5366012987658824,0.5661076519702886,0.540580459054819,0.5582004611209536,0.021550162434769555
golovin_controlled_timestep_screen_v1,controlled,golovin,16384,0.25,300.0,3600.0,3599.9999046325684,mass_weighted_radius_q99_um,5,5,2681.641455078125,61.6474882672283,27.569594881528637,2605.095988317019,2758.186921839231,2640.809423828125,2734.878173828125,0.02298871392761651
golovin_controlled_timestep_screen_v1,controlled,golovin,16384,0.25,300.0,3600.0,3599.9999046325684,fixed_bin_mass_below_range_fraction,5,5,0.0,0.0,0.0,0.0,0.0,0.0,0.0,nan
golovin_controlled_timestep_screen_v1,controlled,golovin,16384,0.25,300.0,3600.0,3599.9999046325684,fixed_bin_mass_above_range_fraction,5,5,0.0,0.0,0.0,0.0,0.0,0.0,0.0,nan
golovin_controlled_timestep_screen_v1,controlled,golovin,16384,0.25,300.0,3600.0,3599.9999046325684,fixed_bin_mass_below_range_fraction_bins_250,5,5,0.0,0.0,0.0,0.0,0.0,0.0,0.0,nan
golovin_controlled_timestep_screen_v1,controlled,golovin,16384,0.25,300.0,3600.0,3599.9999046325684,fixed_bin_mass_below_range_fraction_bins_500,5,5,0.0,0.0,0.0,0.0,0.0,0.0,0.0,nan
golovin_controlled_timestep_screen_v1,controlled,golovin,16384,0.25,300.0,3600.0,3599.9999046325684,fixed_bin_mass_below_range_fraction_bins_1000,5,5,0.0,0.0,0.0,0.0,0.0,0.0,0.0,nan
golovin_controlled_timestep_screen_v1,controlled,golovin,16384,0.25,300.0,3600.0,3599.9999046325684,fixed_bin_mass_above_range_fraction_bins_250,5,5,0.0,0.0,0.0,0.0,0.0,0.0,0.0,nan
golovin_controlled_timestep_screen_v1,controlled,golovin,16384,0.25,300.0,3600.0,3599.9999046325684,fixed_bin_mass_above_range_fraction_bins_500,5,5,0.0,0.0,0.0,0.0,0.0,0.0,0.0,nan
golovin_controlled_timestep_screen_v1,controlled,golovin,16384,0.25,300.0,3600.0,3599.9999046325684,fixed_bin_mass_above_range_fraction_bins_1000,5,5,0.0,0.0,0.0,0.0,0.0,0.0,0.0,nan
golovin_controlled_timestep_screen_v1,controlled,golovin,16384,0.25,300.0,3600.0,600.0000238418579,golovin_fixed_bin_l1_relative,5,5,0.12831477574527655,0.006830914127217533,0.00305487766738441,0.11983307559868905,0.13679647589186406,0.12326188043846449,0.13394854108571067,0.05323560040176424
golovin_controlled_timestep_screen_v1,controlled,golovin,16384,0.25,300.0,3600.0,600.0000238418579,golovin_fixed_bin_l1_relative_bins_250,5,5,0.0833169128063437,0.008948082697754378,0.0040017042360936984,0.07220640066759207,0.09442742494509532,0.07660538970758476,0.09059070809339428,0.10739815478464389
golovin_controlled_timestep_screen_v1,controlled,golovin,16384,0.25,300.0,3600.0,600.0000238418579,golovin_fixed_bin_l1_relative_bins_500,5,5,0.12831477574527655,0.006830914127217533,0.00305487766738441,0.11983307559868905,0.13679647589186406,0.12364904094389635,0.13394854108571067,0.05323560040176424
golovin_controlled_timestep_screen_v1,controlled,golovin,16384,0.25,300.0,3600.0,600.0000238418579,golovin_fixed_bin_l1_relative_bins_1000,5,5,0.180752684917497,0.006004165251805056,0.002685144330235649,0.17329752908506463,0.18820784074992936,0.1762896112863322,0.18569310398719602,0.03321757159261897
golovin_controlled_timestep_screen_v1,controlled,golovin,16384,0.25,300.0,3600.0,600.0000238418579,radius_moment_0_m3,5,5,3416154.169459517,22601.62685974294,10107.754812094063,3388090.543086939,3444217.795832095,3401435.9607420475,3436369.3053367175,0.006616102710410997
golovin_controlled_timestep_screen_v1,controlled,golovin,16384,0.25,300.0,3600.0,600.0000238418579,radius_moment_3_um3_m3,5,5,238740389958.65103,342.261549750671,153.0640182653853,238740389533.6772,238740390383.62488,238740389665.11465,238740390210.0202,1.4336139344077869e-09
golovin_controlled_timestep_screen_v1,controlled,golovin,16384,0.25,300.0,3600.0,600.0000238418579,radius_moment_6_um6_m3,5,5,8.189595937285002e+16,2329374801565882.0,1041728080275279.1,7.900365854342262e+16,8.47882602022774e+16,8.008938316118811e+16,8.373230801175344e+16,0.028443098040537903
golovin_controlled_timestep_screen_v1,controlled,golovin,16384,0.25,300.0,3600.0,600.0000238418579,golovin_relative_error_radius_moment_0_m3,5,5,0.0016455098017420066,0.006626989572270344,0.0029636798339557485,-0.00658298456661784,0.009874004170101853,-0.0026699944006083553,0.007572759883851976,4.027316984228675
golovin_controlled_timestep_screen_v1,controlled,golovin,16384,0.25,300.0,3600.0,600.0000238418579,golovin_relative_error_radius_moment_3_um3_m3,5,5,2.9728944489715303e-05,1.433656578908152e-09,6.411507133656838e-10,2.9727164369955484e-05,2.9730724609475122e-05,2.9727820519598326e-05,2.972999741852611e-05,4.822426774701416e-05
golovin_controlled_timestep_screen_v1,controlled,golovin,16384,0.25,300.0,3600.0,600.0000238418579,golovin_relative_error_radius_moment_6_um6_m3,5,5,-0.003761250701059371,0.028336116418092635,0.012672296505840596,-0.0389451863063156,0.031422684904196856,-0.026099857945026138,0.018577356542907396,7.533695217421071
golovin_controlled_timestep_screen_v1,controlled,golovin,16384,0.25,300.0,3600.0,600.0000238418579,liquid_water_gm3,5,5,0.9982363469133991,1.4310855850435948e-09,6.400009299555069e-10,0.9982363451364716,0.9982363486903266,0.9982363456860464,0.9982363479644398,1.4336139827693001e-09
golovin_controlled_timestep_screen_v1,controlled,golovin,16384,0.25,300.0,3600.0,600.0000238418579,relative_liquid_mass_drift,5,5,-5.037729566836902e-10,1.4336139728645261e-09,6.411316593637239e-10,-2.2838398141114405e-09,1.27629390074406e-09,-1.6277096781536216e-09,5.491245680389057e-10,2.8457541315872303
golovin_controlled_timestep_screen_v1,controlled,golovin,16384,0.25,300.0,3600.0,600.0000238418579,mass_fraction_r_ge_cloud_threshold,5,5,0.7897112601585856,0.004172740458181347,0.0018661062633914221,0.7845301185578135,0.7948924017593577,0.7862814961644484,0.792605203073767,0.005283881171130066
golovin_controlled_timestep_screen_v1,controlled,golovin,16384,0.25,300.0,3600.0,600.0000238418579,mass_fraction_r_ge_large_threshold,5,5,0.0,0.0,0.0,0.0,0.0,0.0,0.0,nan
golovin_controlled_timestep_screen_v1,controlled,golovin,16384,0.25,300.0,3600.0,600.0000238418579,mass_fraction_r_ge_onset_threshold,5,5,0.0,0.0,0.0,0.0,0.0,0.0,0.0,nan
golovin_controlled_timestep_screen_v1,controlled,golovin,16384,0.25,300.0,3600.0,600.0000238418579,mass_weighted_radius_q99_um,5,5,124.78138427734375,2.060832985204151,0.92163252903806,122.22252215330496,127.34024640138253,123.10240173339844,126.29800872802734,0.01651554834993389
golovin_controlled_timestep_screen_v1,controlled,golovin,16384,0.25,300.0,3600.0,600.0000238418579,fixed_bin_mass_below_range_fraction,5,5,0.0,0.0,0.0,0.0,0.0,0.0,0.0,nan
golovin_controlled_timestep_screen_v1,controlled,golovin,16384,0.25,300.0,3600.0,600.0000238418579,fixed_bin_mass_above_range_fraction,5,5,0.0,0.0,0.0,0.0,0.0,0.0,0.0,nan
golovin_controlled_timestep_screen_v1,controlled,golovin,16384,0.25,300.0,3600.0,600.0000238418579,fixed_bin_mass_below_range_fraction_bins_250,5,5,0.0,0.0,0.0,0.0,0.0,0.0,0.0,nan
golovin_controlled_timestep_screen_v1,controlled,golovin,16384,0.25,300.0,3600.0,600.0000238418579,fixed_bin_mass_below_range_fraction_bins_500,5,5,0.0,0.0,0.0,0.0,0.0,0.0,0.0,nan
golovin_controlled_timestep_screen_v1,controlled,golovin,16384,0.25,300.0,3600.0,600.0000238418579,fixed_bin_mass_below_range_fraction_bins_1000,5,5,0.0,0.0,0.0,0.0,0.0,0.0,0.0,nan
golovin_controlled_timestep_screen_v1,controlled,golovin,16384,0.25,300.0,3600.0,600.0000238418579,fixed_bin_mass_above_range_fraction_bins_250,5,5,0.0,0.0,0.0,0.0,0.0,0.0,0.0,nan
golovin_controlled_timestep_screen_v1,controlled,golovin,16384,0.25,300.0,3600.0,600.0000238418579,fixed_bin_mass_above_range_fraction_bins_500,5,5,0.0,0.0,0.0,0.0,0.0,0.0,0.0,nan
golovin_controlled_timestep_screen_v1,controlled,golovin,16384,0.25,300.0,3600.0,600.0000238418579,fixed_bin_mass_above_range_fraction_bins_1000,5,5,0.0,0.0,0.0,0.0,0.0,0.0,0.0,nan
golovin_controlled_timestep_screen_v1,controlled,golovin,16384,0.25,300.0,3600.0,899.9999761581421,golovin_fixed_bin_l1_relative,5,5,0.13106916752941333,0.014505464510903142,0.006487040938318033,0.11305825446900253,0.14908008058982414,0.11982835499779727,0.14230998006102938,0.11067030320191787
golovin_controlled_timestep_screen_v1,controlled,golovin,16384,0.25,300.0,3600.0,899.9999761581421,golovin_fixed_bin_l1_relative_bins_250,5,5,0.08952546958020947,0.014117728233871028,0.006313640003760734,0.071995994695787,0.10705494446463194,0.07797030611909136,0.09999714498168975,0.15769510397510272
golovin_controlled_timestep_screen_v1,controlled,golovin,16384,0.25,300.0,3600.0,899.9999761581421,golovin_fixed_bin_l1_relative_bins_500,5,5,0.13106916752941333,0.014505464510903142,0.006487040938318033,0.11305825446900253,0.14908008058982414,0.11982835499779727,0.14230998006102938,0.11067030320191787
golovin_controlled_timestep_screen_v1,controlled,golovin,16384,0.25,300.0,3600.0,899.9999761581421,golovin_fixed_bin_l1_relative_bins_1000,5,5,0.18333024484205857,0.009882387964067204,0.004419538253536004,0.1710596394907941,0.19560085019332302,0.1758039828139912,0.19124407876660876,0.05390484244746966
golovin_controlled_timestep_screen_v1,controlled,golovin,16384,0.25,300.0,3600.0,899.9999761581421,radius_moment_0_m3,5,5,2188815.885764486,28301.88693992643,12656.9886178378,2153674.4516699463,2223957.319859026,2168100.55329904,2211172.851229912,0.012930227308744815
golovin_controlled_timestep_screen_v1,controlled,golovin,16384,0.25,300.0,3600.0,899.9999761581421,radius_moment_3_um3_m3,5,5,238740390210.5667,282.18165549719123,126.19547273902936,238740389860.1919,238740390560.94153,238740389996.86557,238740390424.26782,1.181960267587356e-09
golovin_controlled_timestep_screen_v1,controlled,golovin,16384,0.25,300.0,3600.0,899.9999761581421,radius_moment_6_um6_m3,5,5,2.02423960829933e+17,9934962938470424.0,4443050496872185.5,1.900880750257456e+17,2.147598466341204e+17,1.948330039544508e+17,2.1001491770541514e+17,0.049079975007589684
golovin_controlled_timestep_screen_v1,controlled,golovin,16384,0.25,300.0,3600.0,899.9999761581421,golovin_relative_error_radius_moment_0_m3,5,5,0.006512153107189844,0.01301443092869016,0.005820230449005383,-0.009647397234074307,0.022671703448453994,-0.0030136521547933894,0.016792852180099495,1.9984835605786624
golovin_controlled_timestep_screen_v1,controlled,golovin,16384,0.25,300.0,3600.0,899.9999761581421,golovin_relative_error_radius_moment_3_um3_m3,5,5,2.972999970767276e-05,1.1819954449079494e-09,5.286044327818565e-10,2.972853206648278e-05,2.973146734886274e-05,2.9729024770341895e-05,2.97308948535413e-05,3.975766755903796e-05
golovin_controlled_timestep_screen_v1,controlled,golovin,16384,0.25,300.0,3600.0,899.9999761581421,golovin_relative_error_radius_moment_6_um6_m3,5,5,0.0011438050226246998,0.049136112929513656,0.021974337732099773,-0.0598667374136269,0.0621543474588763,-0.03639937622392608,0.03868698626917548,42.958469282431174
golovin_controlled_timestep_screen_v1,controlled,golovin,16384,0.25,300.0,3600.0,899.9999761581421,liquid_water_gm3,5,5,0.9982363479667249,1.1798756705513854e-09,5.276564408702089e-10,0.9982363465017158,0.998236349431734,0.9982363469935361,0.9982363488520287,1.1819602371268446e-09
golovin_controlled_timestep_screen_v1,controlled,golovin,16384,0.25,300.0,3600.0,899.9999761581421,relative_liquid_mass_drift,5,5,5.514137368933803e-10,1.1819602286682383e-09,5.285886836006753e-10,-9.161837263526597e-10,2.0190112001394205e-09,-3.437054640897941e-10,1.4465329378765546e-09,2.1435088565752918
golovin_controlled_timestep_screen_v1,controlled,golovin,16384,0.25,300.0,3600.0,899.9999761581421,mass_fraction_r_ge_cloud_threshold,5,5,0.8742819401663742,0.002531649647806197,0.0011321881415416114,0.871138481942628,0.8774253983901203,0.8721210113544272,0.8760537134801547,0.0028956902018637477
golovin_controlled_timestep_screen_v1,controlled,golovin,16384,0.25,300.0,3600.0,899.9999761581421,mass_fraction_r_ge_large_threshold,5,5,0.0,0.0,0.0,0.0,0.0,0.0,0.0,nan
golovin_controlled_timestep_screen_v1,controlled,golovin,16384,0.25,300.0,3600.0,899.9999761581421,mass_fraction_r_ge_onset_threshold,5,5,0.0,0.0,0.0,0.0,0.0,0.0,0.0,nan
golovin_controlled_timestep_screen_v1,controlled,golovin,16384,0.25,300.0,3600.0,899.9999761581421,mass_weighted_radius_q99_um,5,5,171.96690673828124,4.391725892230379,1.9640395267146082,166.51385880791946,177.41995466864302,168.17869873046874,175.19327392578126,0.025538203690051862
golovin_controlled_timestep_screen_v1,controlled,golovin,16384,0.25,300.0,3600.0,899.9999761581421,fixed_bin_mass_below_range_fraction,5,5,0.0,0.0,0.0,0.0,0.0,0.0,0.0,nan
golovin_controlled_timestep_screen_v1,controlled,golovin,16384,0.25,300.0,3600.0,899.9999761581421,fixed_bin_mass_above_range_fraction,5,5,0.0,0.0,0.0,0.0,0.0,0.0,0.0,nan
golovin_controlled_timestep_screen_v1,controlled,golovin,16384,0.25,300.0,3600.0,899.9999761581421,fixed_bin_mass_below_range_fraction_bins_250,5,5,0.0,0.0,0.0,0.0,0.0,0.0,0.0,nan
golovin_controlled_timestep_screen_v1,controlled,golovin,16384,0.25,300.0,3600.0,899.9999761581421,fixed_bin_mass_below_range_fraction_bins_500,5,5,0.0,0.0,0.0,0.0,0.0,0.0,0.0,nan
golovin_controlled_timestep_screen_v1,controlled,golovin,16384,0.25,300.0,3600.0,899.9999761581421,fixed_bin_mass_below_range_fraction_bins_1000,5,5,0.0,0.0,0.0,0.0,0.0,0.0,0.0,nan
golovin_controlled_timestep_screen_v1,controlled,golovin,16384,0.25,300.0,3600.0,899.9999761581421,fixed_bin_mass_above_range_fraction_bins_250,5,5,0.0,0.0,0.0,0.0,0.0,0.0,0.0,nan
golovin_controlled_timestep_screen_v1,controlled,golovin,16384,0.25,300.0,3600.0,899.9999761581421,fixed_bin_mass_above_range_fraction_bins_500,5,5,0.0,0.0,0.0,0.0,0.0,0.0,0.0,nan
golovin_controlled_timestep_screen_v1,controlled,golovin,16384,0.25,300.0,3600.0,899.9999761581421,fixed_bin_mass_above_range_fraction_bins_1000,5,5,0.0,0.0,0.0,0.0,0.0,0.0,0.0,nan
golovin_controlled_timestep_screen_v1,controlled,golovin,16384,0.5,300.0,3600.0,0.0,golovin_fixed_bin_l1_relative,5,5,0.007120967653698127,9.69739903612216e-19,4.336808689942018e-19,0.007120967653698126,0.0071209676536981275,0.007120967653698127,0.007120967653698127,1.3618091680399668e-16
golovin_controlled_timestep_screen_v1,controlled,golovin,16384,0.5,300.0,3600.0,0.0,golovin_fixed_bin_l1_relative_bins_250,5,5,0.00332856509419501,4.84869951806108e-19,2.168404344971009e-19,0.0033285650941950098,0.0033285650941950106,0.00332856509419501,0.00332856509419501,1.4566936144698421e-16
golovin_controlled_timestep_screen_v1,controlled,golovin,16384,0.5,300.0,3600.0,0.0,golovin_fixed_bin_l1_relative_bins_500,5,5,0.007120967653698127,9.69739903612216e-19,4.336808689942018e-19,0.007120967653698126,0.0071209676536981275,0.007120967653698127,0.007120967653698127,1.3618091680399668e-16
golovin_controlled_timestep_screen_v1,controlled,golovin,16384,0.5,300.0,3600.0,0.0,golovin_fixed_bin_l1_relative_bins_1000,5,5,0.01348464728023573,0.0,0.0,0.01348464728023573,0.01348464728023573,0.01348464728023573,0.01348464728023573,0.0
golovin_controlled_timestep_screen_v1,controlled,golovin,16384,0.5,300.0,3600.0,0.0,radius_moment_0_m3,5,5,8388608.0,0.0,0.0,8388608.0,8388608.0,8388608.0,8388608.0,0.0
golovin_controlled_timestep_screen_v1,controlled,golovin,16384,0.5,300.0,3600.0,0.0,radius_moment_3_um3_m3,5,5,238740390078.92203,0.0,0.0,238740390078.92203,238740390078.92203,238740390078.92203,238740390078.92203,0.0
golovin_controlled_timestep_screen_v1,controlled,golovin,16384,0.5,300.0,3600.0,0.0,radius_moment_6_um6_m3,5,5,1.3588188114267852e+16,0.0,0.0,1.3588188114267852e+16,1.3588188114267852e+16,1.3588188114267852e+16,1.3588188114267852e+16,0.0
golovin_controlled_timestep_screen_v1,controlled,golovin,16384,0.5,300.0,3600.0,0.0,golovin_relative_error_radius_moment_0_m3,5,5,0.0,0.0,0.0,0.0,0.0,0.0,0.0,nan
golovin_controlled_timestep_screen_v1,controlled,golovin,16384,0.5,300.0,3600.0,0.0,golovin_relative_error_radius_moment_3_um3_m3,5,5,2.972944827761559e-05,0.0,0.0,2.972944827761559e-05,2.972944827761559e-05,2.972944827761559e-05,2.972944827761559e-05,0.0
golovin_controlled_timestep_screen_v1,controlled,golovin,16384,0.5,300.0,3600.0,0.0,golovin_relative_error_radius_moment_6_um6_m3,5,5,-1.0409391858035022e-05,0.0,0.0,-1.0409391858035022e-05,-1.0409391858035022e-05,-1.0409391858035022e-05,-1.0409391858035022e-05,0.0
golovin_controlled_timestep_screen_v1,controlled,golovin,16384,0.5,300.0,3600.0,0.0,liquid_water_gm3,5,5,0.9982363474162836,0.0,0.0,0.9982363474162836,0.9982363474162836,0.9982363474162836,0.9982363474162836,0.0
golovin_controlled_timestep_screen_v1,controlled,golovin,16384,0.5,300.0,3600.0,0.0,relative_liquid_mass_drift,5,5,0.0,0.0,0.0,0.0,0.0,0.0,0.0,nan
golovin_controlled_timestep_screen_v1,controlled,golovin,16384,0.5,300.0,3600.0,0.0,mass_fraction_r_ge_cloud_threshold,5,5,0.3426337917221375,0.0,0.0,0.3426337917221375,0.3426337917221375,0.3426337917221375,0.3426337917221375,0.0
golovin_controlled_timestep_screen_v1,controlled,golovin,16384,0.5,300.0,3600.0,0.0,mass_fraction_r_ge_large_threshold,5,5,0.0,0.0,0.0,0.0,0.0,0.0,0.0,nan
golovin_controlled_timestep_screen_v1,controlled,golovin,16384,0.5,300.0,3600.0,0.0,mass_fraction_r_ge_onset_threshold,5,5,0.0,0.0,0.0,0.0,0.0,0.0,0.0,nan
golovin_controlled_timestep_screen_v1,controlled,golovin,16384,0.5,300.0,3600.0,0.0,mass_weighted_radius_q99_um,5,5,57.375732421875,0.0,0.0,57.375732421875,57.375732421875,57.375732421875,57.375732421875,0.0
golovin_controlled_timestep_screen_v1,controlled,golovin,16384,0.5,300.0,3600.0,0.0,fixed_bin_mass_below_range_fraction,5,5,0.0,0.0,0.0,0.0,0.0,0.0,0.0,nan
golovin_controlled_timestep_screen_v1,controlled,golovin,16384,0.5,300.0,3600.0,0.0,fixed_bin_mass_above_range_fraction,5,5,0.0,0.0,0.0,0.0,0.0,0.0,0.0,nan
golovin_controlled_timestep_screen_v1,controlled,golovin,16384,0.5,300.0,3600.0,0.0,fixed_bin_mass_below_range_fraction_bins_250,5,5,0.0,0.0,0.0,0.0,0.0,0.0,0.0,nan
golovin_controlled_timestep_screen_v1,controlled,golovin,16384,0.5,300.0,3600.0,0.0,fixed_bin_mass_below_range_fraction_bins_500,5,5,0.0,0.0,0.0,0.0,0.0,0.0,0.0,nan
golovin_controlled_timestep_screen_v1,controlled,golovin,16384,0.5,300.0,3600.0,0.0,fixed_bin_mass_below_range_fraction_bins_1000,5,5,0.0,0.0,0.0,0.0,0.0,0.0,0.0,nan
golovin_controlled_timestep_screen_v1,controlled,golovin,16384,0.5,300.0,3600.0,0.0,fixed_bin_mass_above_range_fraction_bins_250,5,5,0.0,0.0,0.0,0.0,0.0,0.0,0.0,nan
golovin_controlled_timestep_screen_v1,controlled,golovin,16384,0.5,300.0,3600.0,0.0,fixed_bin_mass_above_range_fraction_bins_500,5,5,0.0,0.0,0.0,0.0,0.0,0.0,0.0,nan
golovin_controlled_timestep_screen_v1,controlled,golovin,16384,0.5,300.0,3600.0,0.0,fixed_bin_mass_above_range_fraction_bins_1000,5,5,0.0,0.0,0.0,0.0,0.0,0.0,0.0,nan
golovin_controlled_timestep_screen_v1,controlled,golovin,16384,0.5,300.0,3600.0,1200.0000476837158,golovin_fixed_bin_l1_relative,5,5,0.1315568184241309,0.004142400710316952,0.0018525379156624237,0.12641334859599662,0.13670028825226516,0.12845274099572987,0.13497544051970284,0.03148754097231292
golovin_controlled_timestep_screen_v1,controlled,golovin,16384,0.5,300.0,3600.0,1200.0000476837158,golovin_fixed_bin_l1_relative_bins_250,5,5,0.09253736049427436,0.006373560342472069,0.002850342836892877,0.08462354007664753,0.10045118091190118,0.08758496018589644,0.09748976080265227,0.06887553641500749
golovin_controlled_timestep_screen_v1,controlled,golovin,16384,0.5,300.0,3600.0,1200.0000476837158,golovin_fixed_bin_l1_relative_bins_500,5,5,0.1315568184241309,0.004142400710316952,0.0018525379156624237,0.12641334859599662,0.13670028825226516,0.12845274099572987,0.13497544051970284,0.03148754097231292
golovin_controlled_timestep_screen_v1,controlled,golovin,16384,0.5,300.0,3600.0,1200.0000476837158,golovin_fixed_bin_l1_relative_bins_1000,5,5,0.1813695329729855,0.005924864517064161,0.0026496799635263853,0.174012842007912,0.188726223938059,0.17709521098304676,0.186297055008084,0.032667363806613836
golovin_controlled_timestep_screen_v1,controlled,golovin,16384,0.5,300.0,3600.0,1200.0000476837158,radius_moment_0_m3,5,5,1386842.3091067008,24500.14043630199,10956.79589477252,1356421.3667760084,1417263.2514373932,1367594.3825040264,1406090.2357093752,0.017666132822327242
golovin_controlled_timestep_screen_v1,controlled,golovin,16384,0.5,300.0,3600.0,1200.0000476837158,radius_moment_3_um3_m3,5,5,238740390089.77173,237.82495753192978,106.35855435747912,238740389794.47305,238740390385.0704,238740389872.6412,238740390249.21405,9.961655731671641e-10
golovin_controlled_timestep_screen_v1,controlled,golovin,16384,0.5,300.0,3600.0,1200.0000476837158,radius_moment_6_um6_m3,5,5,4.885904682096072e+17,1.844178160887364e+16,8247415460729379.0,4.656919719231325e+17,5.1148896449608186e+17,4.7382271838304256e+17,5.042714427330722e+17,0.0377448657081907
golovin_controlled_timestep_screen_v1,controlled,golovin,16384,0.5,300.0,3600.0,1200.0000476837158,golovin_relative_error_radius_moment_0_m3,5,5,0.00016155266980706352,0.01766898683324986,0.007901811130539085,-0.021777392165775622,0.022100497505389748,-0.013719647831643856,0.014042753171257982,109.36982257458999
golovin_controlled_timestep_screen_v1,controlled,golovin,16384,0.5,300.0,3600.0,1200.0000476837158,golovin_relative_error_radius_moment_3_um3_m3,5,5,2.9729493724595102e-05,9.961951671873834e-10,4.455120225375514e-10,2.9728256784920822e-05,2.9730730664269382e-05,2.9728609707468934e-05,2.9730161592667058e-05,3.350864889983763e-05
golovin_controlled_timestep_screen_v1,controlled,golovin,16384,0.5,300.0,3600.0,1200.0000476837158,golovin_relative_error_radius_moment_6_um6_m3,5,5,-0.01754431147733131,0.03708265802753614,0.016583868827189815,-0.06358851290782475,0.028499889953162123,-0.0472392416239499,0.014569304148842343,2.1136570720059304
golovin_controlled_timestep_screen_v1,controlled,golovin,16384,0.5,300.0,3600.0,1200.0000476837158,liquid_water_gm3,5,5,0.9982363474616491,9.94408647746723e-10,4.4471306675506314e-10,0.9982363462269277,0.9982363486963706,0.9982363465537695,0.9982363481283196,9.961655376257744e-10
golovin_controlled_timestep_screen_v1,controlled,golovin,16384,0.5,300.0,3600.0,1200.0000476837158,relative_liquid_mass_drift,5,5,4.544562504094074e-11,9.96165540450842e-10,4.4549877305817985e-10,-1.1914572627880651e-09,1.2823485128699468e-09,-8.640381077285042e-10,7.132938684151213e-10,21.919943659118417
golovin_controlled_timestep_screen_v1,controlled,golovin,16384,0.5,300.0,3600.0,1200.0000476837158,mass_fraction_r_ge_cloud_threshold,5,5,0.9247995662729828,0.002027952385703375,0.0009069278779131238,0.9222815308055835,0.927317601740382,0.9229624104278905,0.9261899370532021,0.002192856116786676
golovin_controlled_timestep_screen_v1,controlled,golovin,16384,0.5,300.0,3600.0,1200.0000476837158,mass_fraction_r_ge_large_threshold,5,5,0.0,0.0,0.0,0.0,0.0,0.0,0.0,nan
golovin_controlled_timestep_screen_v1,controlled,golovin,16384,0.5,300.0,3600.0,1200.0000476837158,mass_fraction_r_ge_onset_threshold,5,5,0.0,0.0,0.0,0.0,0.0,0.0,0.0,nan
golovin_controlled_timestep_screen_v1,controlled,golovin,16384,0.5,300.0,3600.0,1200.0000476837158,mass_weighted_radius_q99_um,5,5,231.97227172851564,5.228132925655762,2.338092123434228,225.48068729690516,238.4638561601261,227.962353515625,235.98218994140626,0.02253774939004093
golovin_controlled_timestep_screen_v1,controlled,golovin,16384,0.5,300.0,3600.0,1200.0000476837158,fixed_bin_mass_below_range_fraction,5,5,0.0,0.0,0.0,0.0,0.0,0.0,0.0,nan
golovin_controlled_timestep_screen_v1,controlled,golovin,16384,0.5,300.0,3600.0,1200.0000476837158,fixed_bin_mass_above_range_fraction,5,5,0.0,0.0,0.0,0.0,0.0,0.0,0.0,nan
golovin_controlled_timestep_screen_v1,controlled,golovin,16384,0.5,300.0,3600.0,1200.0000476837158,fixed_bin_mass_below_range_fraction_bins_250,5,5,0.0,0.0,0.0,0.0,0.0,0.0,0.0,nan
golovin_controlled_timestep_screen_v1,controlled,golovin,16384,0.5,300.0,3600.0,1200.0000476837158,fixed_bin_mass_below_range_fraction_bins_500,5,5,0.0,0.0,0.0,0.0,0.0,0.0,0.0,nan
golovin_controlled_timestep_screen_v1,controlled,golovin,16384,0.5,300.0,3600.0,1200.0000476837158,fixed_bin_mass_below_range_fraction_bins_1000,5,5,0.0,0.0,0.0,0.0,0.0,0.0,0.0,nan
golovin_controlled_timestep_screen_v1,controlled,golovin,16384,0.5,300.0,3600.0,1200.0000476837158,fixed_bin_mass_above_range_fraction_bins_250,5,5,0.0,0.0,0.0,0.0,0.0,0.0,0.0,nan
golovin_controlled_timestep_screen_v1,controlled,golovin,16384,0.5,300.0,3600.0,1200.0000476837158,fixed_bin_mass_above_range_fraction_bins_500,5,5,0.0,0.0,0.0,0.0,0.0,0.0,0.0,nan
golovin_controlled_timestep_screen_v1,controlled,golovin,16384,0.5,300.0,3600.0,1200.0000476837158,fixed_bin_mass_above_range_fraction_bins_1000,5,5,0.0,0.0,0.0,0.0,0.0,0.0,0.0,nan
golovin_controlled_timestep_screen_v1,controlled,golovin,16384,0.5,300.0,3600.0,1500.0,golovin_fixed_bin_l1_relative,5,5,0.1319091578210601,0.013508067136217734,0.0060409912722427525,0.11513667717269913,0.1486816384694211,0.12124613621406222,0.14257217942805803,0.10240431642010747
golovin_controlled_timestep_screen_v1,controlled,golovin,16384,0.5,300.0,3600.0,1500.0,golovin_fixed_bin_l1_relative_bins_250,5,5,0.09579476758482626,0.003371961375325157,0.0015079869705461465,0.09160792454175136,0.09998161062790116,0.09309973421695564,0.09844985967641526,0.03519984922286372
golovin_controlled_timestep_screen_v1,controlled,golovin,16384,0.5,300.0,3600.0,1500.0,golovin_fixed_bin_l1_relative_bins_500,5,5,0.1319091578210601,0.013508067136217734,0.0060409912722427525,0.11513667717269913,0.1486816384694211,0.12124613621406222,0.14257217942805803,0.10240431642010747
golovin_controlled_timestep_screen_v1,controlled,golovin,16384,0.5,300.0,3600.0,1500.0,golovin_fixed_bin_l1_relative_bins_1000,5,5,0.18498704934379415,0.005764070882136498,0.0025777708639168773,0.17783001004635066,0.19214408864123764,0.18069754592373066,0.18955155019851466,0.03115932116644612
golovin_controlled_timestep_screen_v1,controlled,golovin,16384,0.5,300.0,3600.0,1500.0,radius_moment_0_m3,5,5,888910.6539027637,14585.800979141608,6522.968499128725,870799.9899419984,907021.3178635291,877618.7400705193,900202.5677350082,0.016408624325856176
golovin_controlled_timestep_screen_v1,controlled,golovin,16384,0.5,300.0,3600.0,1500.0,radius_moment_3_um3_m3,5,5,238740390292.7768,213.96651158510838,95.68873296255971,238740390027.1023,238740390558.4513,238740390140.0958,238740390477.7872,8.962308862891309e-10
golovin_controlled_timestep_screen_v1,controlled,golovin,16384,0.5,300.0,3600.0,1500.0,radius_moment_6_um6_m3,5,5,1.2042427040691487e+18,5.749640167606575e+16,2.5713172521863172e+16,1.1328514920817152e+18,1.2756339160565821e+18,1.1652774955665485e+18,1.2544853135684234e+18,0.04774486196327768
golovin_controlled_timestep_screen_v1,controlled,golovin,16384,0.5,300.0,3600.0,1500.0,golovin_relative_error_radius_moment_0_m3,5,5,0.005389601955938117,0.016497060279617056,0.007377709642827085,-0.015094203869459703,0.025873407781335938,-0.0073819546715774955,0.01816115858345373,3.0609051307473725
golovin_controlled_timestep_screen_v1,controlled,golovin,16384,0.5,300.0,3600.0,1500.0,golovin_relative_error_radius_moment_3_um3_m3,5,5,2.9730344067324665e-05,8.962575071609969e-10,4.0081854227129866e-10,2.9729231216644903e-05,2.9731456918004426e-05,2.972970452099766e-05,2.9731119034215326e-05,3.0146220478693844e-05
golovin_controlled_timestep_screen_v1,controlled,golovin,16384,0.5,300.0,3600.0,1500.0,golovin_relative_error_radius_moment_6_um6_m3,5,5,-0.015500281959839013,0.047004803140713265,0.021021187018326094,-0.0738644537623179,0.04286388984263987,-0.04735535291402708,0.025289337946722768,3.03251278025148
golovin_controlled_timestep_screen_v1,controlled,golovin,16384,0.5,300.0,3600.0,1500.0,liquid_water_gm3,5,5,0.9982363483104668,8.946502897994436e-10,4.000997728162885e-10,0.9982363471996117,0.9982363494213219,0.9982363476720675,0.9982363490636141,8.962309289915715e-10
golovin_controlled_timestep_screen_v1,controlled,golovin,16384,0.5,300.0,3600.0,1500.0,relative_liquid_mass_drift,5,5,8.957631081329964e-10,8.96230930382899e-10,4.008066567748088e-10,-2.1705457220011346e-10,2.008580788466106e-09,2.562357437341234e-10,1.670706994971738e-09,1.0005222611264686
golovin_controlled_timestep_screen_v1,controlled,golovin,16384,0.5,300.0,3600.0,1500.0,mass_fraction_r_ge_cloud_threshold,5,5,0.9533100453957379,0.0012766835357166703,0.000570950234323451,0.951724833412339,0.9548952573791368,0.9522848116824634,0.9541961977851348,0.0013392112480957793
golovin_controlled_timestep_screen_v1,controlled,golovin,16384,0.5,300.0,3600.0,1500.0,mass_fraction_r_ge_large_threshold,5,5,0.0,0.0,0.0,0.0,0.0,0.0,0.0,nan
golovin_controlled_timestep_screen_v1,controlled,golovin,16384,0.5,300.0,3600.0,1500.0,mass_fraction_r_ge_onset_threshold,5,5,0.0,0.0,0.0,0.0,0.0,0.0,0.0,nan
golovin_controlled_timestep_screen_v1,controlled,golovin,16384,0.5,300.0,3600.0,1500.0,mass_weighted_radius_q99_um,5,5,314.9856689453125,7.613828769943403,3.405007739727411,305.53185187318576,324.43948601743926,308.98956298828125,321.01093139648435,0.024171984698342922
golovin_controlled_timestep_screen_v1,controlled,golovin,16384,0.5,300.0,3600.0,1500.0,fixed_bin_mass_below_range_fraction,5,5,0.0,0.0,0.0,0.0,0.0,0.0,0.0,nan
golovin_controlled_timestep_screen_v1,controlled,golovin,16384,0.5,300.0,3600.0,1500.0,fixed_bin_mass_above_range_fraction,5,5,0.0,0.0,0.0,0.0,0.0,0.0,0.0,nan
golovin_controlled_timestep_screen_v1,controlled,golovin,16384,0.5,300.0,3600.0,1500.0,fixed_bin_mass_below_range_fraction_bins_250,5,5,0.0,0.0,0.0,0.0,0.0,0.0,0.0,nan
golovin_controlled_timestep_screen_v1,controlled,golovin,16384,0.5,300.0,3600.0,1500.0,fixed_bin_mass_below_range_fraction_bins_500,5,5,0.0,0.0,0.0,0.0,0.0,0.0,0.0,nan
golovin_controlled_timestep_screen_v1,controlled,golovin,16384,0.5,300.0,3600.0,1500.0,fixed_bin_mass_below_range_fraction_bins_1000,5,5,0.0,0.0,0.0,0.0,0.0,0.0,0.0,nan
golovin_controlled_timestep_screen_v1,controlled,golovin,16384,0.5,300.0,3600.0,1500.0,fixed_bin_mass_above_range_fraction_bins_250,5,5,0.0,0.0,0.0,0.0,0.0,0.0,0.0,nan
golovin_controlled_timestep_screen_v1,controlled,golovin,16384,0.5,300.0,3600.0,1500.0,fixed_bin_mass_above_range_fraction_bins_500,5,5,0.0,0.0,0.0,0.0,0.0,0.0,0.0,nan
golovin_controlled_timestep_screen_v1,controlled,golovin,16384,0.5,300.0,3600.0,1500.0,fixed_bin_mass_above_range_fraction_bins_1000,5,5,0.0,0.0,0.0,0.0,0.0,0.0,0.0,nan
golovin_controlled_timestep_screen_v1,controlled,golovin,16384,0.5,300.0,3600.0,1799.9999523162842,golovin_fixed_bin_l1_relative,5,5,0.1284993414619886,0.007981825974326185,0.003569581092633368,0.1185885955097401,0.1384100874142371,0.12160943810740812,0.1334099159789605,0.06211569556321259
golovin_controlled_timestep_screen_v1,controlled,golovin,16384,0.5,300.0,3600.0,1799.9999523162842,golovin_fixed_bin_l1_relative_bins_250,5,5,0.0925541149165259,0.009912239436731538,0.004432888237957189,0.08024644406636079,0.10486178576669102,0.08546405434396938,0.099560665840863,0.10709669089992743
golovin_controlled_timestep_screen_v1,controlled,golovin,16384,0.5,300.0,3600.0,1799.9999523162842,golovin_fixed_bin_l1_relative_bins_500,5,5,0.1284993414619886,0.007981825974326185,0.003569581092633368,0.1185885955097401,0.1384100874142371,0.1210784089703962,0.1334099159789605,0.06211569556321259
golovin_controlled_timestep_screen_v1,controlled,golovin,16384,0.5,300.0,3600.0,1799.9999523162842,golovin_fixed_bin_l1_relative_bins_1000,5,5,0.18320127325430483,0.00987734304297802,0.004417282096236696,0.1709369319999306,0.19546561450867905,0.176429251807699,0.19135870533087002,0.053915253248633874
golovin_controlled_timestep_screen_v1,controlled,golovin,16384,0.5,300.0,3600.0,1799.9999523162842,radius_moment_0_m3,5,5,567939.6228492107,8289.659718271165,3707.2485280792157,557646.6508196734,578232.5948787481,561452.4154103484,574426.8302880733,0.014596022860113227
golovin_controlled_timestep_screen_v1,controlled,golovin,16384,0.5,300.0,3600.0,1799.9999523162842,radius_moment_3_um3_m3,5,5,238740390090.20068,164.46128398620323,73.54932213200959,238740389885.99503,238740390294.40634,238740389965.28613,238740390217.59515,6.888708019789472e-10
golovin_controlled_timestep_screen_v1,controlled,golovin,16384,0.5,300.0,3600.0,1799.9999523162842,radius_moment_6_um6_m3,5,5,2.969849003468743e+18,1.4861888415812352e+17,6.646438554354615e+16,2.7853142855563853e+18,3.154383721381101e+18,2.865989698739655e+18,3.0958176931753016e+18,0.05004257252962649
golovin_controlled_timestep_screen_v1,controlled,golovin,16384,0.5,300.0,3600.0,1799.9999523162842,golovin_relative_error_radius_moment_0_m3,5,5,0.007422511437232049,0.014704362006730523,0.006575990602562934,-0.010835365483080495,0.025680388357544593,-0.0040846251444468075,0.018929648018910904,1.981049423914929
golovin_controlled_timestep_screen_v1,controlled,golovin,16384,0.5,300.0,3600.0,1799.9999523162842,golovin_relative_error_radius_moment_3_um3_m3,5,5,2.972949552146886e-05,6.888912131105702e-10,3.0808151632350585e-10,2.9728640150050865e-05,2.9730350892886858e-05,2.9728972282550004e-05,2.9730029148344882e-05,2.317197789693721e-05
golovin_controlled_timestep_screen_v1,controlled,golovin,16384,0.5,300.0,3600.0,1799.9999523162842,golovin_relative_error_radius_moment_6_um6_m3,5,5,-0.012880952616229346,0.04939797652407812,0.022091446691755487,-0.07421664165029185,0.04845473641783316,-0.04740173055018306,0.0289885474284145,3.8349629872746505
golovin_controlled_timestep_screen_v1,controlled,golovin,16384,0.5,300.0,3600.0,1799.9999523162842,liquid_water_gm3,5,5,0.9982363474634427,6.876558407960255e-10,3.0752904102893724e-10,0.9982363466096053,0.9982363483172801,0.9982363469411422,0.9982363479961126,6.88870769475972e-10
golovin_controlled_timestep_screen_v1,controlled,golovin,16384,0.5,300.0,3600.0,1799.9999523162842,relative_liquid_mass_drift,5,5,4.724245439291508e-11,6.888707901783602e-10,3.0807238291056155e-10,-8.081036051857339e-10,9.025885139715641e-10,-4.759809657528536e-10,5.808534764284445e-10,14.58160459761527
golovin_controlled_timestep_screen_v1,controlled,golovin,16384,0.5,300.0,3600.0,1799.9999523162842,mass_fraction_r_ge_cloud_threshold,5,5,0.9706897286230906,0.00069880829132637,0.00031251656852924797,0.9698220435261043,0.9715574137200768,0.9700739478311702,0.9710889645407669,0.0007199090200713461
golovin_controlled_timestep_screen_v1,controlled,golovin,16384,0.5,300.0,3600.0,1799.9999523162842,mass_fraction_r_ge_large_threshold,5,5,0.0,0.0,0.0,0.0,0.0,0.0,0.0,nan
golovin_controlled_timestep_screen_v1,controlled,golovin,16384,0.5,300.0,3600.0,1799.9999523162842,mass_fraction_r_ge_onset_threshold,5,5,0.0,0.0,0.0,0.0,0.0,0.0,0.0,nan
golovin_controlled_timestep_screen_v1,controlled,golovin,16384,0.5,300.0,3600.0,1799.9999523162842,mass_weighted_radius_q99_um,5,5,427.39015502929686,9.396970132756557,4.202452799875777,415.722275523257,439.05803453533673,419.979052734375,434.83330078125,0.021986866150701133
golovin_controlled_timestep_screen_v1,controlled,golovin,16384,0.5,300.0,3600.0,1799.9999523162842,fixed_bin_mass_below_range_fraction,5,5,0.0,0.0,0.0,0.0,0.0,0.0,0.0,nan
golovin_controlled_timestep_screen_v1,controlled,golovin,16384,0.5,300.0,3600.0,1799.9999523162842,fixed_bin_mass_above_range_fraction,5,5,0.0,0.0,0.0,0.0,0.0,0.0,0.0,nan
golovin_controlled_timestep_screen_v1,controlled,golovin,16384,0.5,300.0,3600.0,1799.9999523162842,fixed_bin_mass_below_range_fraction_bins_250,5,5,0.0,0.0,0.0,0.0,0.0,0.0,0.0,nan
golovin_controlled_timestep_screen_v1,controlled,golovin,16384,0.5,300.0,3600.0,1799.9999523162842,fixed_bin_mass_below_range_fraction_bins_500,5,5,0.0,0.0,0.0,0.0,0.0,0.0,0.0,nan
golovin_controlled_timestep_screen_v1,controlled,golovin,16384,0.5,300.0,3600.0,1799.9999523162842,fixed_bin_mass_below_range_fraction_bins_1000,5,5,0.0,0.0,0.0,0.0,0.0,0.0,0.0,nan
golovin_controlled_timestep_screen_v1,controlled,golovin,16384,0.5,300.0,3600.0,1799.9999523162842,fixed_bin_mass_above_range_fraction_bins_250,5,5,0.0,0.0,0.0,0.0,0.0,0.0,0.0,nan
golovin_controlled_timestep_screen_v1,controlled,golovin,16384,0.5,300.0,3600.0,1799.9999523162842,fixed_bin_mass_above_range_fraction_bins_500,5,5,0.0,0.0,0.0,0.0,0.0,0.0,0.0,nan
golovin_controlled_timestep_screen_v1,controlled,golovin,16384,0.5,300.0,3600.0,1799.9999523162842,fixed_bin_mass_above_range_fraction_bins_1000,5,5,0.0,0.0,0.0,0.0,0.0,0.0,0.0,nan
golovin_controlled_timestep_screen_v1,controlled,golovin,16384,0.5,300.0,3600.0,2099.9999046325684,golovin_fixed_bin_l1_relative,5,5,0.13401083780735445,0.008366235736353188,0.0037414943644547474,0.12362278409303894,0.14439889152166996,0.12752356142172744,0.1404981141929815,0.06242954579822836
golovin_controlled_timestep_screen_v1,controlled,golovin,16384,0.5,300.0,3600.0,2099.9999046325684,golovin_fixed_bin_l1_relative_bins_250,5,5,0.09508118765496495,0.006813845900311599,0.003047244524260998,0.08662068051123972,0.10354169479869019,0.09064703667868024,0.10085907248256012,0.07166344960938015
golovin_controlled_timestep_screen_v1,controlled,golovin,16384,0.5,300.0,3600.0,2099.9999046325684,golovin_fixed_bin_l1_relative_bins_500,5,5,0.13401083780735445,0.008366235736353188,0.0037414943644547474,0.12362278409303894,0.14439889152166996,0.12766809655264896,0.1404981141929815,0.06242954579822836
golovin_controlled_timestep_screen_v1,controlled,golovin,16384,0.5,300.0,3600.0,2099.9999046325684,golovin_fixed_bin_l1_relative_bins_1000,5,5,0.18761350847802633,0.007470000737767802,0.003340685888324477,0.1783382774953845,0.19688873946066815,0.18091520458059862,0.19208371310450043,0.039815900242826614
golovin_controlled_timestep_screen_v1,controlled,golovin,16384,0.5,300.0,3600.0,2099.9999046325684,radius_moment_0_m3,5,5,361653.5629149058,5621.693909043246,2514.0979458634433,354673.3079791254,368633.81785068614,357310.4974047762,366015.21239977336,0.015544417325057534
golovin_controlled_timestep_screen_v1,controlled,golovin,16384,0.5,300.0,3600.0,2099.9999046325684,radius_moment_3_um3_m3,5,5,238740389917.04028,130.5489556202262,58.38326783168579,238740389754.94235,238740390079.1382,238740389818.78336,238740390016.663,5.46823918925451e-10
golovin_controlled_timestep_screen_v1,controlled,golovin,16384,0.5,300.0,3600.0,2099.9999046325684,radius_moment_6_um6_m3,5,5,7.269635571777235e+18,3.56467903723383e+17,1.5941729290446694e+17,6.827022209208745e+18,7.712248934345725e+18,7.004302140712827e+18,7.537605138811298e+18,0.049035182053319346
golovin_controlled_timestep_screen_v1,controlled,golovin,16384,0.5,300.0,3600.0,2099.9999046325684,golovin_relative_error_radius_moment_0_m3,5,5,0.006086763004003948,0.0156390325093505,0.0069939879586473665,-0.01333166062959484,0.025505186637602737,-0.005995243558803454,0.018220468465716722,2.5693513118652644
golovin_controlled_timestep_screen_v1,controlled,golovin,16384,0.5,300.0,3600.0,2099.9999046325684,golovin_relative_error_radius_moment_3_um3_m3,5,5,2.972877019153941e-05,5.46840222289604e-10,2.4455438197413004e-10,2.9728091199722623e-05,2.97294491833562e-05,2.9728358615299654e-05,2.9729187488714003e-05,1.8394310251193325e-05
golovin_controlled_timestep_screen_v1,controlled,golovin,16384,0.5,300.0,3600.0,2099.9999046325684,golovin_relative_error_radius_moment_6_um6_m3,5,5,-0.017615743058691423,0.04817139088543188,0.021542900918107892,-0.07742842486453314,0.04219693874715028,-0.05499332561317514,0.01859640009407517,2.734564799505555
golovin_controlled_timestep_screen_v1,controlled,golovin,16384,0.5,300.0,3600.0,2099.9999046325684,liquid_water_gm3,5,5,0.9982363467394139,5.458595207030116e-10,2.4411579889147757e-10,0.9982363460616397,0.998236347417188,0.9982363463285756,0.9982363471559627,5.468239285074904e-10
golovin_controlled_timestep_screen_v1,controlled,golovin,16384,0.5,300.0,3600.0,2099.9999046325684,relative_liquid_mass_drift,5,5,-6.780657146876479e-10,5.468239367686975e-10,2.4454709886777085e-10,-1.357037310329391e-09,9.058809540953473e-13,-1.089629697581529e-09,-2.1912558434422636e-10,0.8064468161770911
golovin_controlled_timestep_screen_v1,controlled,golovin,16384,0.5,300.0,3600.0,2099.9999046325684,mass_fraction_r_ge_cloud_threshold,5,5,0.9815495463238546,0.0003943870101738131,0.00017637523283830944,0.9810598501719625,0.9820392424757467,0.9811907984057212,0.981794579817352,0.00040180041002605506
golovin_controlled_timestep_screen_v1,controlled,golovin,16384,0.5,300.0,3600.0,2099.9999046325684,mass_fraction_r_ge_large_threshold,5,5,0.0,0.0,0.0,0.0,0.0,0.0,0.0,nan
golovin_controlled_timestep_screen_v1,controlled,golovin,16384,0.5,300.0,3600.0,2099.9999046325684,mass_fraction_r_ge_onset_threshold,5,5,0.0,0.0,0.0,0.0,0.0,0.0,0.0,nan
golovin_controlled_timestep_screen_v1,controlled,golovin,16384,0.5,300.0,3600.0,2099.9999046325684,mass_weighted_radius_q99_um,5,5,575.3394287109375,15.883408680115762,7.103276304629811,555.6175719840805,595.0612854377944,563.3914672851563,587.2873901367187,0.027607022719967136
golovin_controlled_timestep_screen_v1,controlled,golovin,16384,0.5,300.0,3600.0,2099.9999046325684,fixed_bin_mass_below_range_fraction,5,5,0.0,0.0,0.0,0.0,0.0,0.0,0.0,nan
golovin_controlled_timestep_screen_v1,controlled,golovin,16384,0.5,300.0,3600.0,2099.9999046325684,fixed_bin_mass_above_range_fraction,5,5,0.0,0.0,0.0,0.0,0.0,0.0,0.0,nan
golovin_controlled_timestep_screen_v1,controlled,golovin,16384,0.5,300.0,3600.0,2099.9999046325684,fixed_bin_mass_below_range_fraction_bins_250,5,5,0.0,0.0,0.0,0.0,0.0,0.0,0.0,nan
golovin_controlled_timestep_screen_v1,controlled,golovin,16384,0.5,300.0,3600.0,2099.9999046325684,fixed_bin_mass_below_range_fraction_bins_500,5,5,0.0,0.0,0.0,0.0,0.0,0.0,0.0,nan
golovin_controlled_timestep_screen_v1,controlled,golovin,16384,0.5,300.0,3600.0,2099.9999046325684,fixed_bin_mass_below_range_fraction_bins_1000,5,5,0.0,0.0,0.0,0.0,0.0,0.0,0.0,nan
golovin_controlled_timestep_screen_v1,controlled,golovin,16384,0.5,300.0,3600.0,2099.9999046325684,fixed_bin_mass_above_range_fraction_bins_250,5,5,0.0,0.0,0.0,0.0,0.0,0.0,0.0,nan
golovin_controlled_timestep_screen_v1,controlled,golovin,16384,0.5,300.0,3600.0,2099.9999046325684,fixed_bin_mass_above_range_fraction_bins_500,5,5,0.0,0.0,0.0,0.0,0.0,0.0,0.0,nan
golovin_controlled_timestep_screen_v1,controlled,golovin,16384,0.5,300.0,3600.0,2099.9999046325684,fixed_bin_mass_above_range_fraction_bins_1000,5,5,0.0,0.0,0.0,0.0,0.0,0.0,0.0,nan
golovin_controlled_timestep_screen_v1,controlled,golovin,16384,0.5,300.0,3600.0,2400.0000953674316,golovin_fixed_bin_l1_relative,5,5,0.14493804988085368,0.01097914123159677,0.004910021225684228,0.13130564548238544,0.15857045427932193,0.13636648202874008,0.15353548226517225,0.07575057923452243
golovin_controlled_timestep_screen_v1,controlled,golovin,16384,0.5,300.0,3600.0,2400.0000953674316,golovin_fixed_bin_l1_relative_bins_250,5,5,0.10173919522034773,0.009842440111122367,0.004401673030588039,0.08951819167989043,0.11396019876080503,0.09348791316224067,0.10868767758170964,0.09674187111275566
golovin_controlled_timestep_screen_v1,controlled,golovin,16384,0.5,300.0,3600.0,2400.0000953674316,golovin_fixed_bin_l1_relative_bins_500,5,5,0.14493804988085368,0.01097914123159677,0.004910021225684228,0.13130564548238544,0.15857045427932193,0.13607867826403947,0.15353548226517227,0.07575057923452243
golovin_controlled_timestep_screen_v1,controlled,golovin,16384,0.5,300.0,3600.0,2400.0000953674316,golovin_fixed_bin_l1_relative_bins_1000,5,5,0.19942658576645217,0.00455445489200059,0.0020368141477939564,0.193771483095612,0.20508168843729233,0.19597881760761288,0.20292047300130442,0.02283775192006896
golovin_controlled_timestep_screen_v1,controlled,golovin,16384,0.5,300.0,3600.0,2400.0000953674316,radius_moment_0_m3,5,5,230579.68987540907,3939.3646068900593,1761.7374098325818,225688.32266723557,235471.05708358256,227617.8013320539,233743.57774708737,0.017084612304833297
golovin_controlled_timestep_screen_v1,controlled,golovin,16384,0.5,300.0,3600.0,2400.0000953674316,radius_moment_3_um3_m3,5,5,238740390077.18326,120.56397065022402,53.91784680223808,238740389927.4833,238740390226.8832,238740389969.45572,238740390136.1198,5.050003085412001e-10
golovin_controlled_timestep_screen_v1,controlled,golovin,16384,0.5,300.0,3600.0,2400.0000953674316,radius_moment_6_um6_m3,5,5,1.7682576806455431e+19,9.8414527821385e+17,4.4012314836432224e+17,1.6460599045495067e+19,1.8904554567415796e+19,1.6886074846924708e+19,1.8475586425073226e+19,0.05565621396620006
golovin_controlled_timestep_screen_v1,controlled,golovin,16384,0.5,300.0,3600.0,2400.0000953674316,golovin_relative_error_radius_moment_0_m3,5,5,0.005997954518355964,0.017187085032401392,0.007686298093503737,-0.015342630200443618,0.027338539237155547,-0.006924492457510101,0.019929767200582416,2.8654910569599257
golovin_controlled_timestep_screen_v1,controlled,golovin,16384,0.5,300.0,3600.0,2400.0000953674316,golovin_relative_error_radius_moment_3_um3_m3,5,5,2.972944099441932e-05,5.050153313960788e-10,2.2584972213624317e-10,2.9728813935063785e-05,2.9730068053774853e-05,2.972898730009277e-05,2.9729687866408838e-05,1.6987044307051655e-05
golovin_controlled_timestep_screen_v1,controlled,golovin,16384,0.5,300.0,3600.0,2400.0000953674316,golovin_relative_error_radius_moment_6_um6_m3,5,5,-0.02848930179516569,0.054070607289740724,0.024181110696911184,-0.09562682822785075,0.038648224637519366,-0.06624215668565887,0.01507998885173043,1.897926726267328
golovin_controlled_timestep_screen_v1,controlled,golovin,16384,0.5,300.0,3600.0,2400.0000953674316,liquid_water_gm3,5,5,0.9982363474090136,5.041097176819186e-10,2.2544471937099952e-10,0.9982363467830787,0.9982363480349484,0.9982363469513746,0.9982363476554429,5.050003628803617e-10
golovin_controlled_timestep_screen_v1,controlled,golovin,16384,0.5,300.0,3600.0,2400.0000953674316,relative_liquid_mass_drift,5,5,-7.282952019238564e-12,5.050003496671118e-10,2.2584302210336505e-10,-6.343237052812036e-10,6.197578012427264e-10,-4.585160029435542e-10,2.395816878220103e-10,69.34006270165018
golovin_controlled_timestep_screen_v1,controlled,golovin,16384,0.5,300.0,3600.0,2400.0000953674316,mass_fraction_r_ge_cloud_threshold,5,5,0.9883799068359135,0.0002480296472233163,0.00011092223032532544,0.9880719373524691,0.9886878763193578,0.9881624802886808,0.9885547314311106,0.0002509456591619007
golovin_controlled_timestep_screen_v1,controlled,golovin,16384,0.5,300.0,3600.0,2400.0000953674316,mass_fraction_r_ge_large_threshold,5,5,0.0004921448477381523,0.0006850187731520644,0.00030634970852630477,-0.0003584183009784774,0.0013427079964547818,0.0,0.0010538332039405573,1.3919047944936154
golovin_controlled_timestep_screen_v1,controlled,golovin,16384,0.5,300.0,3600.0,2400.0000953674316,mass_fraction_r_ge_onset_threshold,5,5,0.0004921448477381523,0.0006850187731520644,0.00030634970852630477,-0.0003584183009784774,0.0013427079964547818,0.0,0.0010538332039405573,1.3919047944936154
golovin_controlled_timestep_screen_v1,controlled,golovin,16384,0.5,300.0,3600.0,2400.0000953674316,mass_weighted_radius_q99_um,5,5,783.1404907226563,29.610184898516344,13.242077251884051,746.3745901540118,819.9063912913008,761.5243530273438,808.7023071289062,0.03780954407196216
golovin_controlled_timestep_screen_v1,controlled,golovin,16384,0.5,300.0,3600.0,2400.0000953674316,fixed_bin_mass_below_range_fraction,5,5,0.0,0.0,0.0,0.0,0.0,0.0,0.0,nan
golovin_controlled_timestep_screen_v1,controlled,golovin,16384,0.5,300.0,3600.0,2400.0000953674316,fixed_bin_mass_above_range_fraction,5,5,0.0,0.0,0.0,0.0,0.0,0.0,0.0,nan
golovin_controlled_timestep_screen_v1,controlled,golovin,16384,0.5,300.0,3600.0,2400.0000953674316,fixed_bin_mass_below_range_fraction_bins_250,5,5,0.0,0.0,0.0,0.0,0.0,0.0,0.0,nan
golovin_controlled_timestep_screen_v1,controlled,golovin,16384,0.5,300.0,3600.0,2400.0000953674316,fixed_bin_mass_below_range_fraction_bins_500,5,5,0.0,0.0,0.0,0.0,0.0,0.0,0.0,nan
golovin_controlled_timestep_screen_v1,controlled,golovin,16384,0.5,300.0,3600.0,2400.0000953674316,fixed_bin_mass_below_range_fraction_bins_1000,5,5,0.0,0.0,0.0,0.0,0.0,0.0,0.0,nan
golovin_controlled_timestep_screen_v1,controlled,golovin,16384,0.5,300.0,3600.0,2400.0000953674316,fixed_bin_mass_above_range_fraction_bins_250,5,5,0.0,0.0,0.0,0.0,0.0,0.0,0.0,nan
golovin_controlled_timestep_screen_v1,controlled,golovin,16384,0.5,300.0,3600.0,2400.0000953674316,fixed_bin_mass_above_range_fraction_bins_500,5,5,0.0,0.0,0.0,0.0,0.0,0.0,0.0,nan
golovin_controlled_timestep_screen_v1,controlled,golovin,16384,0.5,300.0,3600.0,2400.0000953674316,fixed_bin_mass_above_range_fraction_bins_1000,5,5,0.0,0.0,0.0,0.0,0.0,0.0,0.0,nan
golovin_controlled_timestep_screen_v1,controlled,golovin,16384,0.5,300.0,3600.0,2700.000047683716,golovin_fixed_bin_l1_relative,5,5,0.15010678525998827,0.009213889044360659,0.004120576448066201,0.13866623095016156,0.16154733956981498,0.14304531745375967,0.1571682530662169,0.06138222884729694
golovin_controlled_timestep_screen_v1,controlled,golovin,16384,0.5,300.0,3600.0,2700.000047683716,golovin_fixed_bin_l1_relative_bins_250,5,5,0.11030174270047158,0.01874629484998513,0.008383597922164195,0.0870251432855324,0.13357834211541075,0.09648775462971453,0.12591038583063188,0.16995465702560458
golovin_controlled_timestep_screen_v1,controlled,golovin,16384,0.5,300.0,3600.0,2700.000047683716,golovin_fixed_bin_l1_relative_bins_500,5,5,0.15010678525998827,0.009213889044360659,0.004120576448066201,0.13866623095016156,0.16154733956981498,0.14304531745375967,0.1571682530662169,0.06138222884729694
golovin_controlled_timestep_screen_v1,controlled,golovin,16384,0.5,300.0,3600.0,2700.000047683716,golovin_fixed_bin_l1_relative_bins_1000,5,5,0.20917676442745542,0.0028062225461815667,0.0012549808746509052,0.20569237892091408,0.21266114993399676,0.2074630963809745,0.211701246960497,0.01341555575669492
golovin_controlled_timestep_screen_v1,controlled,golovin,16384,0.5,300.0,3600.0,2700.000047683716,radius_moment_0_m3,5,5,147183.00325221702,2585.6476308351853,1156.336773681751,143972.4976769681,150393.50882746594,145313.62931276482,149431.04960528633,0.017567569445531325
golovin_controlled_timestep_screen_v1,controlled,golovin,16384,0.5,300.0,3600.0,2700.000047683716,radius_moment_3_um3_m3,5,5,238740389881.41763,187.07256067716816,83.6613924798204,238740389649.13638,238740390113.69888,238740389736.98038,238740390025.8549,7.835815329366226e-10
golovin_controlled_timestep_screen_v1,controlled,golovin,16384,0.5,300.0,3600.0,2700.000047683716,radius_moment_6_um6_m3,5,5,4.345516827561521e+19,2.367352950527894e+18,1.0587124248230135e+18,4.051571134590327e+19,4.639462520532715e+19,4.143173181529342e+19,4.510487614507046e+19,0.05447805277183404
golovin_controlled_timestep_screen_v1,controlled,golovin,16384,0.5,300.0,3600.0,2700.000047683716,golovin_relative_error_radius_moment_0_m3,5,5,0.007086819172173309,0.017692067633486436,0.007912133178199901,-0.014880784262112867,0.029054422606459483,-0.005704208412038891,0.021328755694594203,2.496475104508815
golovin_controlled_timestep_screen_v1,controlled,golovin,16384,0.5,300.0,3600.0,2700.000047683716,golovin_relative_error_radius_moment_3_um3_m3,5,5,2.9728620976232634e-05,7.836048475911551e-10,3.50438741342437e-10,2.972764800230456e-05,2.9729593950160708e-05,2.972801596112795e-05,2.9729225991337317e-05,2.635860062993267e-05
golovin_controlled_timestep_screen_v1,controlled,golovin,16384,0.5,300.0,3600.0,2700.000047683716,golovin_relative_error_radius_moment_6_um6_m3,5,5,-0.029317810465587613,0.05288087554613511,0.023649046486172883,-0.0949780898247174,0.036342468893542174,-0.0745164326693146,0.007532628972557709,1.803711624652364
golovin_controlled_timestep_screen_v1,controlled,golovin,16384,0.5,300.0,3600.0,2700.000047683716,liquid_water_gm3,5,5,0.998236346590466,7.821995813646625e-10,3.498102871806526e-10,0.9982363456192369,0.9982363475616951,0.998236345986536,0.9982363471943962,7.835815476327929e-10
golovin_controlled_timestep_screen_v1,controlled,golovin,16384,0.5,300.0,3600.0,2700.000047683716,relative_liquid_mass_drift,5,5,-8.27276624981721e-10,7.8358152392771e-10,3.504283106830475e-10,-1.8002215929004e-09,1.4566834293695793e-10,-1.4322737218464e-09,-2.22279528117042e-10,0.9471819948315638
golovin_controlled_timestep_screen_v1,controlled,golovin,16384,0.5,300.0,3600.0,2700.000047683716,mass_fraction_r_ge_cloud_threshold,5,5,0.9926017223267725,0.00014417856348391346,6.447861376965988e-05,0.9924227009951817,0.9927807436583632,0.9924805049934744,0.9927020447702193,0.0001452531868934726
golovin_controlled_timestep_screen_v1,controlled,golovin,16384,0.5,300.0,3600.0,2700.000047683716,mass_fraction_r_ge_large_threshold,5,5,0.017440791320946416,0.0027700019450531002,0.001238782529389074,0.01400137963081958,0.020880203011073253,0.015208247427084282,0.019523587553550124,0.15882318032934228
golovin_controlled_timestep_screen_v1,controlled,golovin,16384,0.5,300.0,3600.0,2700.000047683716,mass_fraction_r_ge_onset_threshold,5,5,0.017440791320946416,0.0027700019450531002,0.001238782529389074,0.01400137963081958,0.020880203011073253,0.015208247427084282,0.019523587553550124,0.15882318032934228
golovin_controlled_timestep_screen_v1,controlled,golovin,16384,0.5,300.0,3600.0,2700.000047683716,mass_weighted_radius_q99_um,5,5,1068.16689453125,23.682821017140025,10.591279538657162,1038.7607882983637,1097.5730007641362,1050.019189453125,1087.85634765625,0.022171461349710618
golovin_controlled_timestep_screen_v1,controlled,golovin,16384,0.5,300.0,3600.0,2700.000047683716,fixed_bin_mass_below_range_fraction,5,5,0.0,0.0,0.0,0.0,0.0,0.0,0.0,nan
golovin_controlled_timestep_screen_v1,controlled,golovin,16384,0.5,300.0,3600.0,2700.000047683716,fixed_bin_mass_above_range_fraction,5,5,0.0,0.0,0.0,0.0,0.0,0.0,0.0,nan
golovin_controlled_timestep_screen_v1,controlled,golovin,16384,0.5,300.0,3600.0,2700.000047683716,fixed_bin_mass_below_range_fraction_bins_250,5,5,0.0,0.0,0.0,0.0,0.0,0.0,0.0,nan
golovin_controlled_timestep_screen_v1,controlled,golovin,16384,0.5,300.0,3600.0,2700.000047683716,fixed_bin_mass_below_range_fraction_bins_500,5,5,0.0,0.0,0.0,0.0,0.0,0.0,0.0,nan
golovin_controlled_timestep_screen_v1,controlled,golovin,16384,0.5,300.0,3600.0,2700.000047683716,fixed_bin_mass_below_range_fraction_bins_1000,5,5,0.0,0.0,0.0,0.0,0.0,0.0,0.0,nan
golovin_controlled_timestep_screen_v1,controlled,golovin,16384,0.5,300.0,3600.0,2700.000047683716,fixed_bin_mass_above_range_fraction_bins_250,5,5,0.0,0.0,0.0,0.0,0.0,0.0,0.0,nan
golovin_controlled_timestep_screen_v1,controlled,golovin,16384,0.5,300.0,3600.0,2700.000047683716,fixed_bin_mass_above_range_fraction_bins_500,5,5,0.0,0.0,0.0,0.0,0.0,0.0,0.0,nan
golovin_controlled_timestep_screen_v1,controlled,golovin,16384,0.5,300.0,3600.0,2700.000047683716,fixed_bin_mass_above_range_fraction_bins_1000,5,5,0.0,0.0,0.0,0.0,0.0,0.0,0.0,nan
golovin_controlled_timestep_screen_v1,controlled,golovin,16384,0.5,300.0,3600.0,300.00001192092896,golovin_fixed_bin_l1_relative,5,5,0.11684616392540534,0.012693507371263487,0.005676709071007963,0.10108509281157337,0.13260723503923733,0.10593710526948526,0.12564302534632762,0.10863435259515263
golovin_controlled_timestep_screen_v1,controlled,golovin,16384,0.5,300.0,3600.0,300.00001192092896,golovin_fixed_bin_l1_relative_bins_250,5,5,0.07749913622018889,0.011720961432063687,0.005241773304749537,0.06294564038566058,0.0920526320547172,0.06792601229769954,0.08608622509516525,0.15123989767785723
golovin_controlled_timestep_screen_v1,controlled,golovin,16384,0.5,300.0,3600.0,300.00001192092896,golovin_fixed_bin_l1_relative_bins_500,5,5,0.11684616392540534,0.012693507371263487,0.005676709071007963,0.10108509281157337,0.13260723503923733,0.10613733698734054,0.12564302534632765,0.10863435259515263
golovin_controlled_timestep_screen_v1,controlled,golovin,16384,0.5,300.0,3600.0,300.00001192092896,golovin_fixed_bin_l1_relative_bins_1000,5,5,0.16100529889586382,0.008500314482006594,0.0038014562023785314,0.15045076443014616,0.17155983336158148,0.15423022860567387,0.16778036918605377,0.05279524674218635
golovin_controlled_timestep_screen_v1,controlled,golovin,16384,0.5,300.0,3600.0,300.00001192092896,radius_moment_0_m3,5,5,5371399.463413254,44580.98319068972,19937.221783631536,5316044.861580848,5426754.065245661,5338624.541494606,5408636.690178658,0.008299696102356303
golovin_controlled_timestep_screen_v1,controlled,golovin,16384,0.5,300.0,3600.0,300.00001192092896,radius_moment_3_um3_m3,5,5,238740390344.46222,255.4883651150392,114.25787037150269,238740390027.2315,238740390661.69293,238740390144.57178,238740390544.3527,1.0701514090113216e-09
golovin_controlled_timestep_screen_v1,controlled,golovin,16384,0.5,300.0,3600.0,300.00001192092896,radius_moment_6_um6_m3,5,5,3.3125278453208824e+16,676235939646780.0,302421905975729.0,3.2285620632657924e+16,3.3964936273759724e+16,3.26947677137837e+16,3.3722413158003224e+16,0.020414498269108843
golovin_controlled_timestep_screen_v1,controlled,golovin,16384,0.5,300.0,3600.0,300.00001192092896,golovin_relative_error_radius_moment_0_m3,5,5,0.004224458272008858,0.008334757822211025,0.0037274170132923913,-0.00612451044957778,0.014573426993595495,-0.0020945642700544555,0.011186244326229656,1.9729767192723613
golovin_controlled_timestep_screen_v1,controlled,golovin,16384,0.5,300.0,3600.0,300.00001192092896,golovin_relative_error_radius_moment_3_um3_m3,5,5,2.9730560565788268e-05,1.0701832602401365e-09,4.786005036558586e-10,2.9729231757762547e-05,2.973188937381399e-05,2.9729723269644737e-05,2.9731397861931796e-05,3.599606734195333e-05
golovin_controlled_timestep_screen_v1,controlled,golovin,16384,0.5,300.0,3600.0,300.00001192092896,golovin_relative_error_radius_moment_6_um6_m3,5,5,-0.008878312201183913,0.020233251980045167,0.009048585366652642,-0.03400121275139102,0.016244588349023197,-0.021759367111477544,0.009546424740649973,2.2789525217807824
golovin_controlled_timestep_screen_v1,controlled,golovin,16384,0.5,300.0,3600.0,300.00001192092896,liquid_water_gm3,5,5,0.9982363485265772,1.0682640551863733e-09,4.777422090632634e-10,0.9982363472001522,0.9982363498530021,0.9982363476907825,0.9982363493623717,1.0701514293314993e-09
golovin_controlled_timestep_screen_v1,controlled,golovin,16384,0.5,300.0,3600.0,300.00001192092896,relative_liquid_mass_drift,5,5,1.112255110236049e-09,1.070151437118374e-09,4.785862719231551e-10,-2.1651340185985518e-10,2.441023622331953e-09,2.7498385790636347e-10,1.9495263625657343e-09,0.9621456689834946
golovin_controlled_timestep_screen_v1,controlled,golovin,16384,0.5,300.0,3600.0,300.00001192092896,mass_fraction_r_ge_cloud_threshold,5,5,0.6319739308902419,0.0058525434987314745,0.0026173370208876063,0.6247070383299456,0.6392408234505382,0.6274005545568266,0.6365543992236049,0.009260735629533294
golovin_controlled_timestep_screen_v1,controlled,golovin,16384,0.5,300.0,3600.0,300.00001192092896,mass_fraction_r_ge_large_threshold,5,5,0.0,0.0,0.0,0.0,0.0,0.0,0.0,nan
golovin_controlled_timestep_screen_v1,controlled,golovin,16384,0.5,300.0,3600.0,300.00001192092896,mass_fraction_r_ge_onset_threshold,5,5,0.0,0.0,0.0,0.0,0.0,0.0,0.0,nan
golovin_controlled_timestep_screen_v1,controlled,golovin,16384,0.5,300.0,3600.0,300.00001192092896,mass_weighted_radius_q99_um,5,5,87.28126373291016,1.4513998308775264,0.6490857368747694,85.47911281591051,89.08341464990981,86.08700103759766,88.32153015136718,0.016628996520020176
golovin_controlled_timestep_screen_v1,controlled,golovin,16384,0.5,300.0,3600.0,300.00001192092896,fixed_bin_mass_below_range_fraction,5,5,0.0,0.0,0.0,0.0,0.0,0.0,0.0,nan
golovin_controlled_timestep_screen_v1,controlled,golovin,16384,0.5,300.0,3600.0,300.00001192092896,fixed_bin_mass_above_range_fraction,5,5,0.0,0.0,0.0,0.0,0.0,0.0,0.0,nan
golovin_controlled_timestep_screen_v1,controlled,golovin,16384,0.5,300.0,3600.0,300.00001192092896,fixed_bin_mass_below_range_fraction_bins_250,5,5,0.0,0.0,0.0,0.0,0.0,0.0,0.0,nan
golovin_controlled_timestep_screen_v1,controlled,golovin,16384,0.5,300.0,3600.0,300.00001192092896,fixed_bin_mass_below_range_fraction_bins_500,5,5,0.0,0.0,0.0,0.0,0.0,0.0,0.0,nan
golovin_controlled_timestep_screen_v1,controlled,golovin,16384,0.5,300.0,3600.0,300.00001192092896,fixed_bin_mass_below_range_fraction_bins_1000,5,5,0.0,0.0,0.0,0.0,0.0,0.0,0.0,nan
golovin_controlled_timestep_screen_v1,controlled,golovin,16384,0.5,300.0,3600.0,300.00001192092896,fixed_bin_mass_above_range_fraction_bins_250,5,5,0.0,0.0,0.0,0.0,0.0,0.0,0.0,nan
golovin_controlled_timestep_screen_v1,controlled,golovin,16384,0.5,300.0,3600.0,300.00001192092896,fixed_bin_mass_above_range_fraction_bins_500,5,5,0.0,0.0,0.0,0.0,0.0,0.0,0.0,nan
golovin_controlled_timestep_screen_v1,controlled,golovin,16384,0.5,300.0,3600.0,300.00001192092896,fixed_bin_mass_above_range_fraction_bins_1000,5,5,0.0,0.0,0.0,0.0,0.0,0.0,0.0,nan
golovin_controlled_timestep_screen_v1,controlled,golovin,16384,0.5,300.0,3600.0,3000.0,golovin_fixed_bin_l1_relative,5,5,0.1603369982219911,0.007834267844720131,0.003503591090946996,0.1506094698869167,0.1700645265570655,0.15419384198765146,0.16633462172862684,0.04886126054245675
golovin_controlled_timestep_screen_v1,controlled,golovin,16384,0.5,300.0,3600.0,3000.0,golovin_fixed_bin_l1_relative_bins_250,5,5,0.11059691272818017,0.010457911974006877,0.004676920415317678,0.09761169993367177,0.12358212552268857,0.10140929604789146,0.11705980464251109,0.09455880563058605
golovin_controlled_timestep_screen_v1,controlled,golovin,16384,0.5,300.0,3600.0,3000.0,golovin_fixed_bin_l1_relative_bins_500,5,5,0.1603369982219911,0.007834267844720131,0.003503591090946996,0.1506094698869167,0.1700645265570655,0.15419384198765143,0.16633462172862684,0.04886126054245675
golovin_controlled_timestep_screen_v1,controlled,golovin,16384,0.5,300.0,3600.0,3000.0,golovin_fixed_bin_l1_relative_bins_1000,5,5,0.23025578311418013,0.0052647584338090395,0.0023544715486224677,0.22371872210767982,0.23679284412068044,0.22558305832388145,0.23338985495670803,0.022864826075609707
golovin_controlled_timestep_screen_v1,controlled,golovin,16384,0.5,300.0,3600.0,3000.0,radius_moment_0_m3,5,5,93756.5704707123,1641.222463684009,733.9769989994247,91718.72362451257,95794.41731691202,92583.74889232553,95197.50528590463,0.01750514609743212
golovin_controlled_timestep_screen_v1,controlled,golovin,16384,0.5,300.0,3600.0,3000.0,radius_moment_3_um3_m3,5,5,238740389887.3226,433.3599498774707,193.8044613303852,238740389349.23517,238740390425.41003,238740389538.38837,238740390191.33795,1.81519327367272e-09
golovin_controlled_timestep_screen_v1,controlled,golovin,16384,0.5,300.0,3600.0,3000.0,radius_moment_6_um6_m3,5,5,1.0603145718883092e+20,7.748864690513801e+18,3.4653976392873457e+18,9.640997087566758e+19,1.1565294350199426e+20,1.0004161377833661e+20,1.1202130059932521e+20,0.0730808091858427
golovin_controlled_timestep_screen_v1,controlled,golovin,16384,0.5,300.0,3600.0,3000.0,golovin_relative_error_radius_moment_0_m3,5,5,0.0061069961584637065,0.017612049957402485,0.007876348185574845,-0.015761252208209092,0.027975244525136507,-0.006478617727969471,0.021569748169280478,2.8839137114887303
golovin_controlled_timestep_screen_v1,controlled,golovin,16384,0.5,300.0,3600.0,3000.0,golovin_relative_error_radius_moment_3_um3_m3,5,5,2.9728645710935808e-05,1.8152472333448686e-09,8.118032419455098e-10,2.9726391783798325e-05,2.973089963807329e-05,2.972722583036713e-05,2.9729919162635456e-05,6.106054244768783e-05
golovin_controlled_timestep_screen_v1,controlled,golovin,16384,0.5,300.0,3600.0,3000.0,golovin_relative_error_radius_moment_6_um6_m3,5,5,-0.0370495379860132,0.07037319896986326,0.031471851338146485,-0.12442940558532264,0.05033032961329623,-0.09144775746209617,0.01734868149006976,1.8994352641166612
golovin_controlled_timestep_screen_v1,controlled,golovin,16384,0.5,300.0,3600.0,3000.0,liquid_water_gm3,5,5,0.9982363466151565,1.8119918888701391e-09,8.103474076383751e-10,0.9982363443652714,0.9982363488650415,0.9982363451978221,0.9982363478863243,1.8151932606083562e-09
golovin_controlled_timestep_screen_v1,controlled,golovin,16384,0.5,300.0,3600.0,3000.0,relative_liquid_mass_drift,5,5,-8.025425657365304e-10,1.8151932466956565e-09,8.117790983820066e-10,-3.056402669941131e-09,1.4513175384680699e-09,-2.2641060137829072e-09,4.708712530998582e-10,2.2618030796033475
golovin_controlled_timestep_screen_v1,controlled,golovin,16384,0.5,300.0,3600.0,3000.0,mass_fraction_r_ge_cloud_threshold,5,5,0.9953126936300585,8.003015091894907e-05,3.579057154086747e-05,0.9952133230728916,0.9954120641872254,0.9952471947364872,0.9953769017906335,8.040704336550436e-05
golovin_controlled_timestep_screen_v1,controlled,golovin,16384,0.5,300.0,3600.0,3000.0,mass_fraction_r_ge_large_threshold,5,5,0.1340195678388422,0.016616997251963434,0.0074313470874634874,0.11338684059282832,0.15465229508485606,0.12088705550124486,0.14715208017643955,0.12398933618369284
golovin_controlled_timestep_screen_v1,controlled,golovin,16384,0.5,300.0,3600.0,3000.0,mass_fraction_r_ge_onset_threshold,5,5,0.1340195678388422,0.016616997251963434,0.0074313470874634874,0.11338684059282832,0.15465229508485606,0.12088705550124486,0.14715208017643955,0.12398933618369284
golovin_controlled_timestep_screen_v1,controlled,golovin,16384,0.5,300.0,3600.0,3000.0,mass_weighted_radius_q99_um,5,5,1418.8906494140624,63.37940454909605,28.344131389047636,1340.194724557858,1497.5865742702667,1369.7297119140626,1468.0515869140625,0.04466827981089937
golovin_controlled_timestep_screen_v1,controlled,golovin,16384,0.5,300.0,3600.0,3000.0,fixed_bin_mass_below_range_fraction,5,5,0.0,0.0,0.0,0.0,0.0,0.0,0.0,nan
golovin_controlled_timestep_screen_v1,controlled,golovin,16384,0.5,300.0,3600.0,3000.0,fixed_bin_mass_above_range_fraction,5,5,0.0,0.0,0.0,0.0,0.0,0.0,0.0,nan
golovin_controlled_timestep_screen_v1,controlled,golovin,16384,0.5,300.0,3600.0,3000.0,fixed_bin_mass_below_range_fraction_bins_250,5,5,0.0,0.0,0.0,0.0,0.0,0.0,0.0,nan
golovin_controlled_timestep_screen_v1,controlled,golovin,16384,0.5,300.0,3600.0,3000.0,fixed_bin_mass_below_range_fraction_bins_500,5,5,0.0,0.0,0.0,0.0,0.0,0.0,0.0,nan
golovin_controlled_timestep_screen_v1,controlled,golovin,16384,0.5,300.0,3600.0,3000.0,fixed_bin_mass_below_range_fraction_bins_1000,5,5,0.0,0.0,0.0,0.0,0.0,0.0,0.0,nan
golovin_controlled_timestep_screen_v1,controlled,golovin,16384,0.5,300.0,3600.0,3000.0,fixed_bin_mass_above_range_fraction_bins_250,5,5,0.0,0.0,0.0,0.0,0.0,0.0,0.0,nan
golovin_controlled_timestep_screen_v1,controlled,golovin,16384,0.5,300.0,3600.0,3000.0,fixed_bin_mass_above_range_fraction_bins_500,5,5,0.0,0.0,0.0,0.0,0.0,0.0,0.0,nan
golovin_controlled_timestep_screen_v1,controlled,golovin,16384,0.5,300.0,3600.0,3000.0,fixed_bin_mass_above_range_fraction_bins_1000,5,5,0.0,0.0,0.0,0.0,0.0,0.0,0.0,nan
golovin_controlled_timestep_screen_v1,controlled,golovin,16384,0.5,300.0,3600.0,3299.999952316284,golovin_fixed_bin_l1_relative,5,5,0.18198177505897067,0.006522394593500795,0.002916903537428977,0.17388315251014186,0.1900803976077995,0.17828408695753867,0.187865190813884,0.03584092193510714
golovin_controlled_timestep_screen_v1,controlled,golovin,16384,0.5,300.0,3600.0,3299.999952316284,golovin_fixed_bin_l1_relative_bins_250,5,5,0.1433234330477102,0.006417580276714722,0.0028700291499592057,0.13535495466253097,0.15129191143288942,0.1384869728702806,0.1482827858335674,0.04477690870395497
golovin_controlled_timestep_screen_v1,controlled,golovin,16384,0.5,300.0,3600.0,3299.999952316284,golovin_fixed_bin_l1_relative_bins_500,5,5,0.18198177505897067,0.006522394593500795,0.002916903537428977,0.17388315251014186,0.1900803976077995,0.17828408695753867,0.1880308357117917,0.03584092193510714
golovin_controlled_timestep_screen_v1,controlled,golovin,16384,0.5,300.0,3600.0,3299.999952316284,golovin_fixed_bin_l1_relative_bins_1000,5,5,0.2500908352748609,0.007750676304860019,0.003466207817852777,0.24046709954538525,0.2597145710043366,0.24485368384564338,0.2566957893730143,0.03099144475382987
golovin_controlled_timestep_screen_v1,controlled,golovin,16384,0.5,300.0,3600.0,3299.999952316284,radius_moment_0_m3,5,5,59762.661556241845,1114.7959835780791,498.5519200648648,58378.45951809079,61146.8635943929,58968.220366088535,60722.488177324485,0.01865372047610295
golovin_controlled_timestep_screen_v1,controlled,golovin,16384,0.5,300.0,3600.0,3299.999952316284,radius_moment_3_um3_m3,5,5,238740390268.58243,269.535178050456,120.53979608966577,238740389933.9103,238740390603.25455,238740390054.18652,238740390454.69702,1.1289885961367053e-09
golovin_controlled_timestep_screen_v1,controlled,golovin,16384,0.5,300.0,3600.0,3299.999952316284,radius_moment_6_um6_m3,5,5,2.622168077872509e+20,2.753534156889221e+19,1.2314179106343737e+19,2.280271654829139e+20,2.964064500915879e+20,2.4116660579879597e+20,2.8416856849989406e+20,0.10500982679658337
golovin_controlled_timestep_screen_v1,controlled,golovin,16384,0.5,300.0,3600.0,3299.999952316284,golovin_relative_error_radius_moment_0_m3,5,5,0.005786012074251312,0.0187616511280074,0.008390465458472031,-0.017509654678254515,0.02908167882675714,-0.007584172848317294,0.021939579608938463,3.242587621187273
golovin_controlled_timestep_screen_v1,controlled,golovin,16384,0.5,300.0,3600.0,3299.999952316284,golovin_relative_error_radius_moment_3_um3_m3,5,5,2.973024272234781e-05,1.1290221643676447e-09,5.049140615259989e-10,2.9728840856173143e-05,2.973164458852248e-05,2.972930927960249e-05,2.973106394601466e-05,3.797554479832667e-05
golovin_controlled_timestep_screen_v1,controlled,golovin,16384,0.5,300.0,3600.0,3299.999952316284,golovin_relative_error_radius_moment_6_um6_m3,5,5,-0.03180389139430384,0.1016701056698102,0.04546825351145648,-0.15804400129807958,0.0944362185094719,-0.10952859494237632,0.049249682090842836,3.1967819412192933
golovin_controlled_timestep_screen_v1,controlled,golovin,16384,0.5,300.0,3600.0,3299.999952316284,liquid_water_gm3,5,5,0.9982363482093038,1.1269973675758393e-09,5.040085448725788e-10,0.9982363468099518,0.9982363496086559,0.9982363472775353,0.9982363490290547,1.1289885101834997e-09
golovin_controlled_timestep_screen_v1,controlled,golovin,16384,0.5,300.0,3600.0,3299.999952316284,relative_liquid_mass_drift,5,5,7.944212843113973e-10,1.1289884806561152e-09,5.04898997712256e-10,-6.074030665060678e-10,2.1962456351288626e-09,-1.3899361661628972e-10,1.6156204374340176e-09,1.4211458113621918
golovin_controlled_timestep_screen_v1,controlled,golovin,16384,0.5,300.0,3600.0,3299.999952316284,mass_fraction_r_ge_cloud_threshold,5,5,0.997021351552263,5.186813259398079e-05,2.3196134069222707e-05,0.996956948759367,0.997085754345159,0.9969773495860167,0.9970612037511415,5.202309109351296e-05
golovin_controlled_timestep_screen_v1,controlled,golovin,16384,0.5,300.0,3600.0,3299.999952316284,mass_fraction_r_ge_large_threshold,5,5,0.3437947981798964,0.016435562445875254,0.007350206975483955,0.3233873520006233,0.3642022443591695,0.3312288151867602,0.3563607811730325,0.04780631508355478
golovin_controlled_timestep_screen_v1,controlled,golovin,16384,0.5,300.0,3600.0,3299.999952316284,mass_fraction_r_ge_onset_threshold,5,5,0.3437947981798964,0.016435562445875254,0.007350206975483955,0.3233873520006233,0.3642022443591695,0.3312288151867602,0.3563607811730325,0.04780631508355478
golovin_controlled_timestep_screen_v1,controlled,golovin,16384,0.5,300.0,3600.0,3299.999952316284,mass_weighted_radius_q99_um,5,5,1971.1803466796875,195.24679459306256,87.31702101980525,1728.7494310687964,2213.6112622905785,1823.10263671875,2119.9703369140625,0.09905070072453889
golovin_controlled_timestep_screen_v1,controlled,golovin,16384,0.5,300.0,3600.0,3299.999952316284,fixed_bin_mass_below_range_fraction,5,5,0.0,0.0,0.0,0.0,0.0,0.0,0.0,nan
golovin_controlled_timestep_screen_v1,controlled,golovin,16384,0.5,300.0,3600.0,3299.999952316284,fixed_bin_mass_above_range_fraction,5,5,0.0,0.0,0.0,0.0,0.0,0.0,0.0,nan
golovin_controlled_timestep_screen_v1,controlled,golovin,16384,0.5,300.0,3600.0,3299.999952316284,fixed_bin_mass_below_range_fraction_bins_250,5,5,0.0,0.0,0.0,0.0,0.0,0.0,0.0,nan
golovin_controlled_timestep_screen_v1,controlled,golovin,16384,0.5,300.0,3600.0,3299.999952316284,fixed_bin_mass_below_range_fraction_bins_500,5,5,0.0,0.0,0.0,0.0,0.0,0.0,0.0,nan
golovin_controlled_timestep_screen_v1,controlled,golovin,16384,0.5,300.0,3600.0,3299.999952316284,fixed_bin_mass_below_range_fraction_bins_1000,5,5,0.0,0.0,0.0,0.0,0.0,0.0,0.0,nan
golovin_controlled_timestep_screen_v1,controlled,golovin,16384,0.5,300.0,3600.0,3299.999952316284,fixed_bin_mass_above_range_fraction_bins_250,5,5,0.0,0.0,0.0,0.0,0.0,0.0,0.0,nan
golovin_controlled_timestep_screen_v1,controlled,golovin,16384,0.5,300.0,3600.0,3299.999952316284,fixed_bin_mass_above_range_fraction_bins_500,5,5,0.0,0.0,0.0,0.0,0.0,0.0,0.0,nan
golovin_controlled_timestep_screen_v1,controlled,golovin,16384,0.5,300.0,3600.0,3299.999952316284,fixed_bin_mass_above_range_fraction_bins_1000,5,5,0.0,0.0,0.0,0.0,0.0,0.0,0.0,nan
golovin_controlled_timestep_screen_v1,controlled,golovin,16384,0.5,300.0,3600.0,3599.9999046325684,golovin_fixed_bin_l1_relative,5,5,0.1892652994778508,0.008214477916841689,0.003673626204345776,0.17906567798446862,0.199464920971233,0.18340543036759693,0.19581195558003006,0.04340192280097814
golovin_controlled_timestep_screen_v1,controlled,golovin,16384,0.5,300.0,3600.0,3599.9999046325684,golovin_fixed_bin_l1_relative_bins_250,5,5,0.14284167509067586,0.010383026679357072,0.004643430693447265,0.129949444670529,0.15573390551082272,0.13478037166299378,0.15093301965253583,0.07268905711702085
golovin_controlled_timestep_screen_v1,controlled,golovin,16384,0.5,300.0,3600.0,3599.9999046325684,golovin_fixed_bin_l1_relative_bins_500,5,5,0.1892652994778508,0.008214477916841689,0.003673626204345776,0.17906567798446862,0.199464920971233,0.18340543036759693,0.19581195558003003,0.04340192280097814
golovin_controlled_timestep_screen_v1,controlled,golovin,16384,0.5,300.0,3600.0,3599.9999046325684,golovin_fixed_bin_l1_relative_bins_1000,5,5,0.2619782812522109,0.013907824017536187,0.006219767984463028,0.24470943687628258,0.2792471256281392,0.2520161360153522,0.2724548660093364,0.053087698533860105
golovin_controlled_timestep_screen_v1,controlled,golovin,16384,0.5,300.0,3600.0,3599.9999046325684,radius_moment_0_m3,5,5,38069.5392136709,766.6220862334724,342.84381957414996,37117.65216896693,39021.426258374864,37546.60366641488,38754.39301208582,0.020137414375590232
golovin_controlled_timestep_screen_v1,controlled,golovin,16384,0.5,300.0,3600.0,3599.9999046325684,radius_moment_3_um3_m3,5,5,238740390175.0152,423.44627785987524,189.37093242278902,238740389649.2372,238740390700.79318,238740389806.93878,238740390482.14468,1.7736683665024435e-09
golovin_controlled_timestep_screen_v1,controlled,golovin,16384,0.5,300.0,3600.0,3599.9999046325684,radius_moment_6_um6_m3,5,5,6.451226092743722e+20,7.20389965463794e+19,3.2216818661715382e+19,5.556743807960076e+20,7.345708377527368e+20,5.925145045275133e+20,7.068061575517764e+20,0.11166713972001102
golovin_controlled_timestep_screen_v1,controlled,golovin,16384,0.5,300.0,3600.0,3599.9999046325684,golovin_relative_error_radius_moment_0_m3,5,5,0.004815869531848338,0.020234393535931885,0.009049095885965206,-0.020308448447205245,0.029940187510901925,-0.008986607395334235,0.022569800006444995,4.201607498317317
golovin_controlled_timestep_screen_v1,controlled,golovin,16384,0.5,300.0,3600.0,3599.9999046325684,golovin_relative_error_radius_moment_3_um3_m3,5,5,2.972985079048307e-05,1.7737210576846217e-09,7.932321716211279e-10,2.9727648424902888e-05,2.9732053156063253e-05,2.9728309001075816e-05,2.9731137286681532e-05,5.9661283542412324e-05
golovin_controlled_timestep_screen_v1,controlled,golovin,16384,0.5,300.0,3600.0,3599.9999046325684,golovin_relative_error_radius_moment_6_um6_m3,5,5,-0.03154675144446502,0.10814440421874946,0.04836364784386776,-0.16582576477008149,0.10273226188115143,-0.11052164584438681,0.061052131082496054,3.4280678442953834
golovin_controlled_timestep_screen_v1,controlled,golovin,16384,0.5,300.0,3600.0,3599.9999046325684,liquid_water_gm3,5,5,0.9982363478180748,1.7705401653283551e-09,7.918096333135837e-10,0.9982363456196588,0.9982363500164908,0.9982363464078577,0.9982363491022639,1.7736682992944172e-09
golovin_controlled_timestep_screen_v1,controlled,golovin,16384,0.5,300.0,3600.0,3599.9999046325684,relative_liquid_mass_drift,5,5,4.02501054708182e-10,1.7736683425665543e-09,7.932085967036398e-10,-1.7997990710104496e-09,2.6048011804268134e-09,-1.1392425225409398e-09,1.6889590170876545e-09,4.406617875454971
golovin_controlled_timestep_screen_v1,controlled,golovin,16384,0.5,300.0,3600.0,3599.9999046325684,mass_fraction_r_ge_cloud_threshold,5,5,0.9981049976236506,3.63011005463502e-05,1.623434569593876e-05,0.998059923854007,0.9981500713932941,0.9980743089630051,0.9981322945234286,3.637002182413482e-05
golovin_controlled_timestep_screen_v1,controlled,golovin,16384,0.5,300.0,3600.0,3599.9999046325684,mass_fraction_r_ge_large_threshold,5,5,0.5518935917050809,0.011905450292702124,0.005324279231445343,0.5371110226942282,0.5666761607159336,0.5415366617464936,0.5600539767729151,0.021572003139083595
golovin_controlled_timestep_screen_v1,controlled,golovin,16384,0.5,300.0,3600.0,3599.9999046325684,mass_fraction_r_ge_onset_threshold,5,5,0.5518935917050809,0.011905450292702124,0.005324279231445343,0.5371110226942282,0.5666761607159336,0.5415366617464936,0.5599863866211996,0.021572003139083595
golovin_controlled_timestep_screen_v1,controlled,golovin,16384,0.5,300.0,3600.0,3599.9999046325684,mass_weighted_radius_q99_um,5,5,2660.668603515625,208.6070263579893,93.29189830411089,2401.6487691145658,2919.688437916684,2512.696044921875,2841.12919921875,0.07840398690853505
golovin_controlled_timestep_screen_v1,controlled,golovin,16384,0.5,300.0,3600.0,3599.9999046325684,fixed_bin_mass_below_range_fraction,5,5,0.0,0.0,0.0,0.0,0.0,0.0,0.0,nan
golovin_controlled_timestep_screen_v1,controlled,golovin,16384,0.5,300.0,3600.0,3599.9999046325684,fixed_bin_mass_above_range_fraction,5,5,0.0,0.0,0.0,0.0,0.0,0.0,0.0,nan
golovin_controlled_timestep_screen_v1,controlled,golovin,16384,0.5,300.0,3600.0,3599.9999046325684,fixed_bin_mass_below_range_fraction_bins_250,5,5,0.0,0.0,0.0,0.0,0.0,0.0,0.0,nan
golovin_controlled_timestep_screen_v1,controlled,golovin,16384,0.5,300.0,3600.0,3599.9999046325684,fixed_bin_mass_below_range_fraction_bins_500,5,5,0.0,0.0,0.0,0.0,0.0,0.0,0.0,nan
golovin_controlled_timestep_screen_v1,controlled,golovin,16384,0.5,300.0,3600.0,3599.9999046325684,fixed_bin_mass_below_range_fraction_bins_1000,5,5,0.0,0.0,0.0,0.0,0.0,0.0,0.0,nan
golovin_controlled_timestep_screen_v1,controlled,golovin,16384,0.5,300.0,3600.0,3599.9999046325684,fixed_bin_mass_above_range_fraction_bins_250,5,5,0.0,0.0,0.0,0.0,0.0,0.0,0.0,nan
golovin_controlled_timestep_screen_v1,controlled,golovin,16384,0.5,300.0,3600.0,3599.9999046325684,fixed_bin_mass_above_range_fraction_bins_500,5,5,0.0,0.0,0.0,0.0,0.0,0.0,0.0,nan
golovin_controlled_timestep_screen_v1,controlled,golovin,16384,0.5,300.0,3600.0,3599.9999046325684,fixed_bin_mass_above_range_fraction_bins_1000,5,5,0.0,0.0,0.0,0.0,0.0,0.0,0.0,nan
golovin_controlled_timestep_screen_v1,controlled,golovin,16384,0.5,300.0,3600.0,600.0000238418579,golovin_fixed_bin_l1_relative,5,5,0.1242743145743634,0.010711793411945895,0.004790459646009085,0.11097386633855393,0.1375747628101729,0.11753620383199367,0.13381412413153235,0.08619474948329858
golovin_controlled_timestep_screen_v1,controlled,golovin,16384,0.5,300.0,3600.0,600.0000238418579,golovin_fixed_bin_l1_relative_bins_250,5,5,0.08531513688212887,0.009140881615739754,0.004087926533414441,0.07396523326802217,0.09666504049623557,0.07815935900714044,0.0924709147571173,0.10714255347639855
golovin_controlled_timestep_screen_v1,controlled,golovin,16384,0.5,300.0,3600.0,600.0000238418579,golovin_fixed_bin_l1_relative_bins_500,5,5,0.1242743145743634,0.010711793411945895,0.004790459646009085,0.11097386633855393,0.1375747628101729,0.11753620383199367,0.1338200779381783,0.08619474948329858
golovin_controlled_timestep_screen_v1,controlled,golovin,16384,0.5,300.0,3600.0,600.0000238418579,golovin_fixed_bin_l1_relative_bins_1000,5,5,0.17846690138099958,0.008992447358032661,0.004021544715329884,0.16730130324078787,0.18963249952121128,0.17149689294898504,0.18543690981301414,0.05038719946638822
golovin_controlled_timestep_screen_v1,controlled,golovin,16384,0.5,300.0,3600.0,600.0000238418579,radius_moment_0_m3,5,5,3421256.6137916455,47759.68255119949,21358.779353658527,3361955.1354021807,3480558.0921811103,3386409.186688219,3458677.911810691,0.01395969023740353
golovin_controlled_timestep_screen_v1,controlled,golovin,16384,0.5,300.0,3600.0,600.0000238418579,radius_moment_3_um3_m3,5,5,238740390248.2016,372.4863381498424,166.58095455860416,238740389785.69873,238740390710.70447,238740389965.3659,238740390564.23013,1.5602150007486984e-09
golovin_controlled_timestep_screen_v1,controlled,golovin,16384,0.5,300.0,3600.0,600.0000238418579,radius_moment_6_um6_m3,5,5,8.145506990336658e+16,1137896516456858.8,508882792431548.8,8.004218476520062e+16,8.286795504153253e+16,8.054239676197994e+16,8.2292957719484e+16,0.013969621753523644
golovin_controlled_timestep_screen_v1,controlled,golovin,16384,0.5,300.0,3600.0,600.0000238418579,golovin_relative_error_radius_moment_0_m3,5,5,0.0031415899552608593,0.01400354586003193,0.00626257609381343,-0.014246108786336153,0.020529288696857873,-0.0070759725887073795,0.014113833382336849,4.457470917419316
golovin_controlled_timestep_screen_v1,controlled,golovin,16384,0.5,300.0,3600.0,600.0000238418579,golovin_relative_error_radius_moment_3_um3_m3,5,5,2.973015735179274e-05,1.5602613973788931e-09,6.977701094416034e-10,2.9728220031387828e-05,2.9732094672197652e-05,2.9728972616549498e-05,2.9731481123995706e-05,5.2480764865000246e-05
golovin_controlled_timestep_screen_v1,controlled,golovin,16384,0.5,300.0,3600.0,600.0000238418579,golovin_relative_error_radius_moment_6_um6_m3,5,5,-0.009124533297916005,0.013842155474674283,0.0061904001192985125,-0.026311839408358198,0.008062772812526188,-0.019317176700276262,0.001068110104444253,1.5170261341295952
golovin_controlled_timestep_screen_v1,controlled,golovin,16384,0.5,300.0,3600.0,600.0000238418579,liquid_water_gm3,5,5,0.9982363481240863,1.5574633771519792e-09,6.965187967556436e-10,0.9982363461902402,0.9982363500579325,0.9982363470798505,0.9982363494454847,1.560215053357662e-09
golovin_controlled_timestep_screen_v1,controlled,golovin,16384,0.5,300.0,3600.0,600.0000238418579,relative_liquid_mass_drift,5,5,7.090531717324211e-10,1.560215032566028e-09,6.977493744669373e-10,-1.2282096636611295e-09,2.6463160071259715e-09,-4.756467442135204e-10,2.0231240904777793e-09,2.200420355999499
golovin_controlled_timestep_screen_v1,controlled,golovin,16384,0.5,300.0,3600.0,600.0000238418579,mass_fraction_r_ge_cloud_threshold,5,5,0.7871986737451244,0.004636381972199192,0.0020734530518983865,0.7814418451683237,0.7929555023219251,0.7836228817065173,0.790774465783732,0.005889722794045685
golovin_controlled_timestep_screen_v1,controlled,golovin,16384,0.5,300.0,3600.0,600.0000238418579,mass_fraction_r_ge_large_threshold,5,5,0.0,0.0,0.0,0.0,0.0,0.0,0.0,nan
golovin_controlled_timestep_screen_v1,controlled,golovin,16384,0.5,300.0,3600.0,600.0000238418579,mass_fraction_r_ge_onset_threshold,5,5,0.0,0.0,0.0,0.0,0.0,0.0,0.0,nan
golovin_controlled_timestep_screen_v1,controlled,golovin,16384,0.5,300.0,3600.0,600.0000238418579,mass_weighted_radius_q99_um,5,5,123.64673919677735,2.7708934270833194,1.2391812122731318,120.20622058550855,127.08725780804615,121.68280334472657,125.87424774169922,0.02240975738691812
golovin_controlled_timestep_screen_v1,controlled,golovin,16384,0.5,300.0,3600.0,600.0000238418579,fixed_bin_mass_below_range_fraction,5,5,0.0,0.0,0.0,0.0,0.0,0.0,0.0,nan
golovin_controlled_timestep_screen_v1,controlled,golovin,16384,0.5,300.0,3600.0,600.0000238418579,fixed_bin_mass_above_range_fraction,5,5,0.0,0.0,0.0,0.0,0.0,0.0,0.0,nan
golovin_controlled_timestep_screen_v1,controlled,golovin,16384,0.5,300.0,3600.0,600.0000238418579,fixed_bin_mass_below_range_fraction_bins_250,5,5,0.0,0.0,0.0,0.0,0.0,0.0,0.0,nan
golovin_controlled_timestep_screen_v1,controlled,golovin,16384,0.5,300.0,3600.0,600.0000238418579,fixed_bin_mass_below_range_fraction_bins_500,5,5,0.0,0.0,0.0,0.0,0.0,0.0,0.0,nan
golovin_controlled_timestep_screen_v1,controlled,golovin,16384,0.5,300.0,3600.0,600.0000238418579,fixed_bin_mass_below_range_fraction_bins_1000,5,5,0.0,0.0,0.0,0.0,0.0,0.0,0.0,nan
golovin_controlled_timestep_screen_v1,controlled,golovin,16384,0.5,300.0,3600.0,600.0000238418579,fixed_bin_mass_above_range_fraction_bins_250,5,5,0.0,0.0,0.0,0.0,0.0,0.0,0.0,nan
golovin_controlled_timestep_screen_v1,controlled,golovin,16384,0.5,300.0,3600.0,600.0000238418579,fixed_bin_mass_above_range_fraction_bins_500,5,5,0.0,0.0,0.0,0.0,0.0,0.0,0.0,nan
golovin_controlled_timestep_screen_v1,controlled,golovin,16384,0.5,300.0,3600.0,600.0000238418579,fixed_bin_mass_above_range_fraction_bins_1000,5,5,0.0,0.0,0.0,0.0,0.0,0.0,0.0,nan
golovin_controlled_timestep_screen_v1,controlled,golovin,16384,0.5,300.0,3600.0,899.9999761581421,golovin_fixed_bin_l1_relative,5,5,0.1307611560060065,0.013313573509934538,0.00595401107833082,0.11423017109128145,0.14729214092073153,0.1212789478349064,0.14122339970262726,0.1018159667334463
golovin_controlled_timestep_screen_v1,controlled,golovin,16384,0.5,300.0,3600.0,899.9999761581421,golovin_fixed_bin_l1_relative_bins_250,5,5,0.09245583213050389,0.00976837575248092,0.004368550442461599,0.08032679163772173,0.10458487262328604,0.08364195325563886,0.09833195814126447,0.10565451121236566
golovin_controlled_timestep_screen_v1,controlled,golovin,16384,0.5,300.0,3600.0,899.9999761581421,golovin_fixed_bin_l1_relative_bins_500,5,5,0.1307611560060065,0.013313573509934538,0.00595401107833082,0.11423017109128145,0.14729214092073153,0.1212789478349064,0.14256554972120292,0.1018159667334463
golovin_controlled_timestep_screen_v1,controlled,golovin,16384,0.5,300.0,3600.0,899.9999761581421,golovin_fixed_bin_l1_relative_bins_1000,5,5,0.18675309875786258,0.010183462730128887,0.004554182982180757,0.17410865970881173,0.19939753780691344,0.17883540890315786,0.1946707886125673,0.05452901610662109
golovin_controlled_timestep_screen_v1,controlled,golovin,16384,0.5,300.0,3600.0,899.9999761581421,radius_moment_0_m3,5,5,2178867.249267676,37342.47989221178,16700.06469748091,2132500.4363818686,2225234.0621534833,2149443.5030453396,2208290.9954900136,0.017138483266827157
golovin_controlled_timestep_screen_v1,controlled,golovin,16384,0.5,300.0,3600.0,899.9999761581421,radius_moment_3_um3_m3,5,5,238740390336.4278,172.24881489978182,77.03201183193815,238740390122.55264,238740390550.30295,238740390208.02402,238740390464.83154,7.214900447178315e-10
golovin_controlled_timestep_screen_v1,controlled,golovin,16384,0.5,300.0,3600.0,899.9999761581421,radius_moment_6_um6_m3,5,5,2.0115579752786717e+17,7678881379532314.0,3434100151158323.0,1.9162120697242464e+17,2.106903880833097e+17,1.9567553576617728e+17,2.0790498562868054e+17,0.03817380097368816
golovin_controlled_timestep_screen_v1,controlled,golovin,16384,0.5,300.0,3600.0,899.9999761581421,golovin_relative_error_radius_moment_0_m3,5,5,0.001937340028570622,0.017171686336489012,0.007679411587338751,-0.019384124683895273,0.023258804741036514,-0.011592970289138194,0.015467650346279439,8.863537677048027
golovin_controlled_timestep_screen_v1,controlled,golovin,16384,0.5,300.0,3600.0,899.9999761581421,golovin_relative_error_radius_moment_3_um3_m3,5,5,2.9730526911375678e-05,7.215115028511961e-10,3.2266975338466157e-10,2.9729631036518296e-05,2.973142278623306e-05,2.9729989056948015e-05,2.9731101994956433e-05,2.4268372538501057e-05
golovin_controlled_timestep_screen_v1,controlled,golovin,16384,0.5,300.0,3600.0,899.9999761581421,golovin_relative_error_radius_moment_6_um6_m3,5,5,-0.005128248090133502,0.03797803625175169,0.016984294142173617,-0.052284208426410995,0.042027712246143996,-0.03223240162079053,0.028251732364544924,7.405655027653511
golovin_controlled_timestep_screen_v1,controlled,golovin,16384,0.5,300.0,3600.0,899.9999761581421,liquid_water_gm3,5,5,0.998236348492983,7.202176181198021e-10,3.2209111054177234e-10,0.9982363475987147,0.9982363493872514,0.9982363479560933,0.9982363490298731,7.214900751781879e-10
golovin_controlled_timestep_screen_v1,controlled,golovin,16384,0.5,300.0,3600.0,899.9999761581421,relative_liquid_mass_drift,5,5,1.0786018300734667e-09,7.214901027571448e-10,3.226601829716568e-10,1.8275354441958576e-10,1.9744501157273475e-09,5.407633452136906e-10,1.616440314933243e-09,0.6689123665848054
golovin_controlled_timestep_screen_v1,controlled,golovin,16384,0.5,300.0,3600.0,899.9999761581421,mass_fraction_r_ge_cloud_threshold,5,5,0.8740835378988805,0.003256355638022524,0.0014562865131066123,0.8700402383378001,0.8781268374599609,0.8712845215310816,0.876360038080497,0.003725451283352324
golovin_controlled_timestep_screen_v1,controlled,golovin,16384,0.5,300.0,3600.0,899.9999761581421,mass_fraction_r_ge_large_threshold,5,5,0.0,0.0,0.0,0.0,0.0,0.0,0.0,nan
golovin_controlled_timestep_screen_v1,controlled,golovin,16384,0.5,300.0,3600.0,899.9999761581421,mass_fraction_r_ge_onset_threshold,5,5,0.0,0.0,0.0,0.0,0.0,0.0,0.0,nan
golovin_controlled_timestep_screen_v1,controlled,golovin,16384,0.5,300.0,3600.0,899.9999761581421,mass_weighted_radius_q99_um,5,5,169.77212219238282,3.2739120264674697,1.4641379687070706,165.70702349583183,173.8372208889338,167.77252807617188,172.71915588378906,0.01928415563279305
golovin_controlled_timestep_screen_v1,controlled,golovin,16384,0.5,300.0,3600.0,899.9999761581421,fixed_bin_mass_below_range_fraction,5,5,0.0,0.0,0.0,0.0,0.0,0.0,0.0,nan
golovin_controlled_timestep_screen_v1,controlled,golovin,16384,0.5,300.0,3600.0,899.9999761581421,fixed_bin_mass_above_range_fraction,5,5,0.0,0.0,0.0,0.0,0.0,0.0,0.0,nan
golovin_controlled_timestep_screen_v1,controlled,golovin,16384,0.5,300.0,3600.0,899.9999761581421,fixed_bin_mass_below_range_fraction_bins_250,5,5,0.0,0.0,0.0,0.0,0.0,0.0,0.0,nan
golovin_controlled_timestep_screen_v1,controlled,golovin,16384,0.5,300.0,3600.0,899.9999761581421,fixed_bin_mass_below_range_fraction_bins_500,5,5,0.0,0.0,0.0,0.0,0.0,0.0,0.0,nan
golovin_controlled_timestep_screen_v1,controlled,golovin,16384,0.5,300.0,3600.0,899.9999761581421,fixed_bin_mass_below_range_fraction_bins_1000,5,5,0.0,0.0,0.0,0.0,0.0,0.0,0.0,nan
golovin_controlled_timestep_screen_v1,controlled,golovin,16384,0.5,300.0,3600.0,899.9999761581421,fixed_bin_mass_above_range_fraction_bins_250,5,5,0.0,0.0,0.0,0.0,0.0,0.0,0.0,nan
golovin_controlled_timestep_screen_v1,controlled,golovin,16384,0.5,300.0,3600.0,899.9999761581421,fixed_bin_mass_above_range_fraction_bins_500,5,5,0.0,0.0,0.0,0.0,0.0,0.0,0.0,nan
golovin_controlled_timestep_screen_v1,controlled,golovin,16384,0.5,300.0,3600.0,899.9999761581421,fixed_bin_mass_above_range_fraction_bins_1000,5,5,0.0,0.0,0.0,0.0,0.0,0.0,0.0,nan
golovin_controlled_timestep_screen_v1,controlled,golovin,16384,1.0,300.0,3600.0,0.0,golovin_fixed_bin_l1_relative,5,5,0.007120967653698127,9.69739903612216e-19,4.336808689942018e-19,0.007120967653698126,0.0071209676536981275,0.007120967653698127,0.007120967653698127,1.3618091680399668e-16
golovin_controlled_timestep_screen_v1,controlled,golovin,16384,1.0,300.0,3600.0,0.0,golovin_fixed_bin_l1_relative_bins_250,5,5,0.00332856509419501,4.84869951806108e-19,2.168404344971009e-19,0.0033285650941950098,0.0033285650941950106,0.00332856509419501,0.00332856509419501,1.4566936144698421e-16
golovin_controlled_timestep_screen_v1,controlled,golovin,16384,1.0,300.0,3600.0,0.0,golovin_fixed_bin_l1_relative_bins_500,5,5,0.007120967653698127,9.69739903612216e-19,4.336808689942018e-19,0.007120967653698126,0.0071209676536981275,0.007120967653698127,0.007120967653698127,1.3618091680399668e-16
golovin_controlled_timestep_screen_v1,controlled,golovin,16384,1.0,300.0,3600.0,0.0,golovin_fixed_bin_l1_relative_bins_1000,5,5,0.01348464728023573,0.0,0.0,0.01348464728023573,0.01348464728023573,0.01348464728023573,0.01348464728023573,0.0
golovin_controlled_timestep_screen_v1,controlled,golovin,16384,1.0,300.0,3600.0,0.0,radius_moment_0_m3,5,5,8388608.0,0.0,0.0,8388608.0,8388608.0,8388608.0,8388608.0,0.0
golovin_controlled_timestep_screen_v1,controlled,golovin,16384,1.0,300.0,3600.0,0.0,radius_moment_3_um3_m3,5,5,238740390078.92203,0.0,0.0,238740390078.92203,238740390078.92203,238740390078.92203,238740390078.92203,0.0
golovin_controlled_timestep_screen_v1,controlled,golovin,16384,1.0,300.0,3600.0,0.0,radius_moment_6_um6_m3,5,5,1.3588188114267852e+16,0.0,0.0,1.3588188114267852e+16,1.3588188114267852e+16,1.3588188114267852e+16,1.3588188114267852e+16,0.0
golovin_controlled_timestep_screen_v1,controlled,golovin,16384,1.0,300.0,3600.0,0.0,golovin_relative_error_radius_moment_0_m3,5,5,0.0,0.0,0.0,0.0,0.0,0.0,0.0,nan
golovin_controlled_timestep_screen_v1,controlled,golovin,16384,1.0,300.0,3600.0,0.0,golovin_relative_error_radius_moment_3_um3_m3,5,5,2.972944827761559e-05,0.0,0.0,2.972944827761559e-05,2.972944827761559e-05,2.972944827761559e-05,2.972944827761559e-05,0.0
golovin_controlled_timestep_screen_v1,controlled,golovin,16384,1.0,300.0,3600.0,0.0,golovin_relative_error_radius_moment_6_um6_m3,5,5,-1.0409391858035022e-05,0.0,0.0,-1.0409391858035022e-05,-1.0409391858035022e-05,-1.0409391858035022e-05,-1.0409391858035022e-05,0.0
golovin_controlled_timestep_screen_v1,controlled,golovin,16384,1.0,300.0,3600.0,0.0,liquid_water_gm3,5,5,0.9982363474162836,0.0,0.0,0.9982363474162836,0.9982363474162836,0.9982363474162836,0.9982363474162836,0.0
golovin_controlled_timestep_screen_v1,controlled,golovin,16384,1.0,300.0,3600.0,0.0,relative_liquid_mass_drift,5,5,0.0,0.0,0.0,0.0,0.0,0.0,0.0,nan
golovin_controlled_timestep_screen_v1,controlled,golovin,16384,1.0,300.0,3600.0,0.0,mass_fraction_r_ge_cloud_threshold,5,5,0.3426337917221375,0.0,0.0,0.3426337917221375,0.3426337917221375,0.3426337917221375,0.3426337917221375,0.0
golovin_controlled_timestep_screen_v1,controlled,golovin,16384,1.0,300.0,3600.0,0.0,mass_fraction_r_ge_large_threshold,5,5,0.0,0.0,0.0,0.0,0.0,0.0,0.0,nan
golovin_controlled_timestep_screen_v1,controlled,golovin,16384,1.0,300.0,3600.0,0.0,mass_fraction_r_ge_onset_threshold,5,5,0.0,0.0,0.0,0.0,0.0,0.0,0.0,nan
golovin_controlled_timestep_screen_v1,controlled,golovin,16384,1.0,300.0,3600.0,0.0,mass_weighted_radius_q99_um,5,5,57.375732421875,0.0,0.0,57.375732421875,57.375732421875,57.375732421875,57.375732421875,0.0
golovin_controlled_timestep_screen_v1,controlled,golovin,16384,1.0,300.0,3600.0,0.0,fixed_bin_mass_below_range_fraction,5,5,0.0,0.0,0.0,0.0,0.0,0.0,0.0,nan
golovin_controlled_timestep_screen_v1,controlled,golovin,16384,1.0,300.0,3600.0,0.0,fixed_bin_mass_above_range_fraction,5,5,0.0,0.0,0.0,0.0,0.0,0.0,0.0,nan
golovin_controlled_timestep_screen_v1,controlled,golovin,16384,1.0,300.0,3600.0,0.0,fixed_bin_mass_below_range_fraction_bins_250,5,5,0.0,0.0,0.0,0.0,0.0,0.0,0.0,nan
golovin_controlled_timestep_screen_v1,controlled,golovin,16384,1.0,300.0,3600.0,0.0,fixed_bin_mass_below_range_fraction_bins_500,5,5,0.0,0.0,0.0,0.0,0.0,0.0,0.0,nan
golovin_controlled_timestep_screen_v1,controlled,golovin,16384,1.0,300.0,3600.0,0.0,fixed_bin_mass_below_range_fraction_bins_1000,5,5,0.0,0.0,0.0,0.0,0.0,0.0,0.0,nan
golovin_controlled_timestep_screen_v1,controlled,golovin,16384,1.0,300.0,3600.0,0.0,fixed_bin_mass_above_range_fraction_bins_250,5,5,0.0,0.0,0.0,0.0,0.0,0.0,0.0,nan
golovin_controlled_timestep_screen_v1,controlled,golovin,16384,1.0,300.0,3600.0,0.0,fixed_bin_mass_above_range_fraction_bins_500,5,5,0.0,0.0,0.0,0.0,0.0,0.0,0.0,nan
golovin_controlled_timestep_screen_v1,controlled,golovin,16384,1.0,300.0,3600.0,0.0,fixed_bin_mass_above_range_fraction_bins_1000,5,5,0.0,0.0,0.0,0.0,0.0,0.0,0.0,nan
golovin_controlled_timestep_screen_v1,controlled,golovin,16384,1.0,300.0,3600.0,1200.0000476837158,golovin_fixed_bin_l1_relative,5,5,0.13838561515682762,0.011783112419543601,0.005269568071324303,0.12375494867869269,0.15301628163496256,0.13011814021094464,0.1485223124342241,0.0851469454118494
golovin_controlled_timestep_screen_v1,controlled,golovin,16384,1.0,300.0,3600.0,1200.0000476837158,golovin_fixed_bin_l1_relative_bins_250,5,5,0.10206011302581171,0.009737081235510326,0.004354555109007746,0.08996992980809311,0.1141502962435303,0.09610259184633249,0.11061958274484937,0.09540535422538432
golovin_controlled_timestep_screen_v1,controlled,golovin,16384,1.0,300.0,3600.0,1200.0000476837158,golovin_fixed_bin_l1_relative_bins_500,5,5,0.13838561515682762,0.011783112419543601,0.005269568071324303,0.12375494867869269,0.15301628163496256,0.13011814021094464,0.1485223124342241,0.0851469454118494
golovin_controlled_timestep_screen_v1,controlled,golovin,16384,1.0,300.0,3600.0,1200.0000476837158,golovin_fixed_bin_l1_relative_bins_1000,5,5,0.18964753749605523,0.009644569643484006,0.004313182667312229,0.17767222259157223,0.20162285240053823,0.1820874833841137,0.19696721895982822,0.05085523266382838
golovin_controlled_timestep_screen_v1,controlled,golovin,16384,1.0,300.0,3600.0,1200.0000476837158,radius_moment_0_m3,5,5,1383693.039321113,15073.648059331204,6741.140345914471,1364976.6332042473,1402409.4454379785,1372194.0110609687,1395192.0675812573,0.010893780362389372
golovin_controlled_timestep_screen_v1,controlled,golovin,16384,1.0,300.0,3600.0,1200.0000476837158,radius_moment_3_um3_m3,5,5,238740390022.50928,243.71764484426546,108.99384423758573,238740389719.89386,238740390325.1247,238740389845.19614,238740390233.86313,1.0208479797711937e-09
golovin_controlled_timestep_screen_v1,controlled,golovin,16384,1.0,300.0,3600.0,1200.0000476837158,radius_moment_6_um6_m3,5,5,4.933899831628274e+17,1.922322793244851e+16,8596888880785521.0,4.695211931098411e+17,5.172587732158137e+17,4.7856517371860134e+17,5.0821479260705344e+17,0.03896152858479194
golovin_controlled_timestep_screen_v1,controlled,golovin,16384,1.0,300.0,3600.0,1200.0000476837158,golovin_relative_error_radius_moment_0_m3,5,5,-0.002109634571775021,0.010870798466719558,0.0048615688682570836,-0.015607513659629377,0.011388244516079336,-0.010402492298525568,0.006183223154975525,5.152929617366386
golovin_controlled_timestep_screen_v1,controlled,golovin,16384,1.0,300.0,3600.0,1200.0000476837158,golovin_relative_error_radius_moment_3_um3_m3,5,5,2.9729211977347347e-05,1.0208783059212282e-09,4.5655065775893847e-10,2.9727944389508335e-05,2.9730479565186358e-05,2.9728469252443547e-05,2.9730009196260454e-05,3.433923195472194e-05
golovin_controlled_timestep_screen_v1,controlled,golovin,16384,1.0,300.0,3600.0,1200.0000476837158,golovin_relative_error_radius_moment_6_um6_m3,5,5,-0.007893466700887575,0.038653987056292215,0.017286588531853275,-0.055888730815719906,0.04010179741394476,-0.03770313209021756,0.021916198688442412,4.896959538949571
golovin_controlled_timestep_screen_v1,controlled,golovin,16384,1.0,300.0,3600.0,1200.0000476837158,liquid_water_gm3,5,5,0.9982363471804072,1.0190475706529485e-09,4.557319280572025e-10,0.9982363459150926,0.9982363484457218,0.9982363464390144,0.9982363480641332,1.0208479920925781e-09
golovin_controlled_timestep_screen_v1,controlled,golovin,16384,1.0,300.0,3600.0,1200.0000476837158,relative_liquid_mass_drift,5,5,-2.362931628141496e-10,1.0208479525165653e-09,4.5653708330370346e-10,-1.5038433130939943e-09,1.0312569874656953e-09,-9.789959953820926e-10,6.489941917209308e-10,4.320260224031482
golovin_controlled_timestep_screen_v1,controlled,golovin,16384,1.0,300.0,3600.0,1200.0000476837158,mass_fraction_r_ge_cloud_threshold,5,5,0.9231931032991806,0.0020763468578620333,0.00092857054380952,0.9206149781579898,0.9257712284403714,0.9215622458778123,0.9247272895582526,0.0022490926875881876
golovin_controlled_timestep_screen_v1,controlled,golovin,16384,1.0,300.0,3600.0,1200.0000476837158,mass_fraction_r_ge_large_threshold,5,5,0.0,0.0,0.0,0.0,0.0,0.0,0.0,nan
golovin_controlled_timestep_screen_v1,controlled,golovin,16384,1.0,300.0,3600.0,1200.0000476837158,mass_fraction_r_ge_onset_threshold,5,5,0.0,0.0,0.0,0.0,0.0,0.0,0.0,nan
golovin_controlled_timestep_screen_v1,controlled,golovin,16384,1.0,300.0,3600.0,1200.0000476837158,mass_weighted_radius_q99_um,5,5,233.415966796875,7.070771615147557,3.1621451969691834,224.6364442428252,242.19548935092482,227.9270263671875,239.09158325195312,0.03029257900467767
golovin_controlled_timestep_screen_v1,controlled,golovin,16384,1.0,300.0,3600.0,1200.0000476837158,fixed_bin_mass_below_range_fraction,5,5,0.0,0.0,0.0,0.0,0.0,0.0,0.0,nan
golovin_controlled_timestep_screen_v1,controlled,golovin,16384,1.0,300.0,3600.0,1200.0000476837158,fixed_bin_mass_above_range_fraction,5,5,0.0,0.0,0.0,0.0,0.0,0.0,0.0,nan
golovin_controlled_timestep_screen_v1,controlled,golovin,16384,1.0,300.0,3600.0,1200.0000476837158,fixed_bin_mass_below_range_fraction_bins_250,5,5,0.0,0.0,0.0,0.0,0.0,0.0,0.0,nan
golovin_controlled_timestep_screen_v1,controlled,golovin,16384,1.0,300.0,3600.0,1200.0000476837158,fixed_bin_mass_below_range_fraction_bins_500,5,5,0.0,0.0,0.0,0.0,0.0,0.0,0.0,nan
golovin_controlled_timestep_screen_v1,controlled,golovin,16384,1.0,300.0,3600.0,1200.0000476837158,fixed_bin_mass_below_range_fraction_bins_1000,5,5,0.0,0.0,0.0,0.0,0.0,0.0,0.0,nan
golovin_controlled_timestep_screen_v1,controlled,golovin,16384,1.0,300.0,3600.0,1200.0000476837158,fixed_bin_mass_above_range_fraction_bins_250,5,5,0.0,0.0,0.0,0.0,0.0,0.0,0.0,nan
golovin_controlled_timestep_screen_v1,controlled,golovin,16384,1.0,300.0,3600.0,1200.0000476837158,fixed_bin_mass_above_range_fraction_bins_500,5,5,0.0,0.0,0.0,0.0,0.0,0.0,0.0,nan
golovin_controlled_timestep_screen_v1,controlled,golovin,16384,1.0,300.0,3600.0,1200.0000476837158,fixed_bin_mass_above_range_fraction_bins_1000,5,5,0.0,0.0,0.0,0.0,0.0,0.0,0.0,nan
golovin_controlled_timestep_screen_v1,controlled,golovin,16384,1.0,300.0,3600.0,1500.0,golovin_fixed_bin_l1_relative,5,5,0.13502248419924764,0.0049877271941613744,0.002230579411873825,0.1288294029093956,0.1412155654890997,0.13113688813545404,0.1389080802630413,0.03693997502520522
golovin_controlled_timestep_screen_v1,controlled,golovin,16384,1.0,300.0,3600.0,1500.0,golovin_fixed_bin_l1_relative_bins_250,5,5,0.09651413403214915,0.002849517840592583,0.0012743431189326851,0.092975990317246,0.10005227774705229,0.09435817509353803,0.09871731727217048,0.029524357952001104
golovin_controlled_timestep_screen_v1,controlled,golovin,16384,1.0,300.0,3600.0,1500.0,golovin_fixed_bin_l1_relative_bins_500,5,5,0.13502248419924764,0.0049877271941613744,0.002230579411873825,0.1288294029093956,0.1412155654890997,0.13113688813545402,0.13890808026304127,0.03693997502520522
golovin_controlled_timestep_screen_v1,controlled,golovin,16384,1.0,300.0,3600.0,1500.0,golovin_fixed_bin_l1_relative_bins_1000,5,5,0.18435454024352887,0.014837850196786134,0.006635688335994485,0.1659309158434389,0.20277816464361886,0.17236696236394233,0.19545699005332126,0.08048540696196368
golovin_controlled_timestep_screen_v1,controlled,golovin,16384,1.0,300.0,3600.0,1500.0,radius_moment_0_m3,5,5,884586.1958145717,8254.61480035261,3691.5759643328583,874336.7377979339,894835.6538312095,878043.8204073891,891128.5712217543,0.009331611593544419
golovin_controlled_timestep_screen_v1,controlled,golovin,16384,1.0,300.0,3600.0,1500.0,radius_moment_3_um3_m3,5,5,238740390119.54523,319.1923463000204,142.74715684489982,238740389723.21558,238740390515.87488,238740389866.01376,238740390370.21625,1.336985108134364e-09
golovin_controlled_timestep_screen_v1,controlled,golovin,16384,1.0,300.0,3600.0,1500.0,radius_moment_6_um6_m3,5,5,1.2249285566197181e+18,6.624698170619062e+16,2.9626550879845444e+16,1.1426720644454779e+18,1.3071850487939584e+18,1.1726728434549263e+18,1.27718426978451e+18,0.05408232288175575
golovin_controlled_timestep_screen_v1,controlled,golovin,16384,1.0,300.0,3600.0,1500.0,golovin_relative_error_radius_moment_0_m3,5,5,0.0004984858725909369,0.009336263270092302,0.004175303865552173,-0.011094016107634821,0.012090987852816695,-0.006901173674287752,0.007689583094182728,18.729243461938076
golovin_controlled_timestep_screen_v1,controlled,golovin,16384,1.0,300.0,3600.0,1500.0,golovin_relative_error_radius_moment_3_um3_m3,5,5,2.97296184391449e-05,1.337024882539454e-09,5.979357049933781e-10,2.9727958303483546e-05,2.9731278574806252e-05,2.9728528553496503e-05,2.973066844367267e-05,4.497282349170675e-05
golovin_controlled_timestep_screen_v1,controlled,golovin,16384,1.0,300.0,3600.0,1500.0,golovin_relative_error_radius_moment_6_um6_m3,5,5,0.0014109402835192019,0.054158629809735896,0.024220475564563193,-0.06583588054327504,0.06865776111031345,-0.04130946375371467,0.04413134432075307,38.38477818115173
golovin_controlled_timestep_screen_v1,controlled,golovin,16384,1.0,300.0,3600.0,1500.0,liquid_water_gm3,5,5,0.9982363475861401,1.3346271707780184e-09,5.96863415695574e-10,0.9982363459289816,0.9982363492432986,0.9982363465260585,0.9982363486342617,1.3369851478613389e-09
golovin_controlled_timestep_screen_v1,controlled,golovin,16384,1.0,300.0,3600.0,1500.0,relative_liquid_mass_drift,5,5,1.701565999212562e-10,1.3369851594514096e-09,5.979179402883494e-10,-1.489929738702278e-09,1.8302429385447905e-09,-8.924954347788665e-10,1.2201300192415942e-09,7.857380554560502
golovin_controlled_timestep_screen_v1,controlled,golovin,16384,1.0,300.0,3600.0,1500.0,mass_fraction_r_ge_cloud_threshold,5,5,0.952322260835133,0.0010582423474928227,0.00047326036513258116,0.9510082794108766,0.9536362422593895,0.9514107033166518,0.9529762024418765,0.0011112229452294895
golovin_controlled_timestep_screen_v1,controlled,golovin,16384,1.0,300.0,3600.0,1500.0,mass_fraction_r_ge_large_threshold,5,5,0.0,0.0,0.0,0.0,0.0,0.0,0.0,nan
golovin_controlled_timestep_screen_v1,controlled,golovin,16384,1.0,300.0,3600.0,1500.0,mass_fraction_r_ge_onset_threshold,5,5,0.0,0.0,0.0,0.0,0.0,0.0,0.0,nan
golovin_controlled_timestep_screen_v1,controlled,golovin,16384,1.0,300.0,3600.0,1500.0,mass_weighted_radius_q99_um,5,5,320.6549072265625,9.396372657044157,4.202185600614211,308.9877695846045,332.3220448685205,313.5289733886719,328.26536865234374,0.029303692054227753
golovin_controlled_timestep_screen_v1,controlled,golovin,16384,1.0,300.0,3600.0,1500.0,fixed_bin_mass_below_range_fraction,5,5,0.0,0.0,0.0,0.0,0.0,0.0,0.0,nan
golovin_controlled_timestep_screen_v1,controlled,golovin,16384,1.0,300.0,3600.0,1500.0,fixed_bin_mass_above_range_fraction,5,5,0.0,0.0,0.0,0.0,0.0,0.0,0.0,nan
golovin_controlled_timestep_screen_v1,controlled,golovin,16384,1.0,300.0,3600.0,1500.0,fixed_bin_mass_below_range_fraction_bins_250,5,5,0.0,0.0,0.0,0.0,0.0,0.0,0.0,nan
golovin_controlled_timestep_screen_v1,controlled,golovin,16384,1.0,300.0,3600.0,1500.0,fixed_bin_mass_below_range_fraction_bins_500,5,5,0.0,0.0,0.0,0.0,0.0,0.0,0.0,nan
golovin_controlled_timestep_screen_v1,controlled,golovin,16384,1.0,300.0,3600.0,1500.0,fixed_bin_mass_below_range_fraction_bins_1000,5,5,0.0,0.0,0.0,0.0,0.0,0.0,0.0,nan
golovin_controlled_timestep_screen_v1,controlled,golovin,16384,1.0,300.0,3600.0,1500.0,fixed_bin_mass_above_range_fraction_bins_250,5,5,0.0,0.0,0.0,0.0,0.0,0.0,0.0,nan
golovin_controlled_timestep_screen_v1,controlled,golovin,16384,1.0,300.0,3600.0,1500.0,fixed_bin_mass_above_range_fraction_bins_500,5,5,0.0,0.0,0.0,0.0,0.0,0.0,0.0,nan
golovin_controlled_timestep_screen_v1,controlled,golovin,16384,1.0,300.0,3600.0,1500.0,fixed_bin_mass_above_range_fraction_bins_1000,5,5,0.0,0.0,0.0,0.0,0.0,0.0,0.0,nan
golovin_controlled_timestep_screen_v1,controlled,golovin,16384,1.0,300.0,3600.0,1799.9999523162842,golovin_fixed_bin_l1_relative,5,5,0.1292981913145968,0.004083326767720725,0.0018261192453936069,0.12422807147421623,0.13436831115497735,0.12602580145892822,0.1322333906561581,0.031580695183782884
golovin_controlled_timestep_screen_v1,controlled,golovin,16384,1.0,300.0,3600.0,1799.9999523162842,golovin_fixed_bin_l1_relative_bins_250,5,5,0.09002382677291804,0.005155212615684036,0.0023054811694268006,0.08362278486493731,0.09642486868089876,0.08599355454940691,0.09405409899642916,0.05726497973350855
golovin_controlled_timestep_screen_v1,controlled,golovin,16384,1.0,300.0,3600.0,1799.9999523162842,golovin_fixed_bin_l1_relative_bins_500,5,5,0.1292981913145968,0.004083326767720725,0.0018261192453936069,0.12422807147421623,0.13436831115497735,0.1260258014589282,0.1322333906561581,0.031580695183782884
golovin_controlled_timestep_screen_v1,controlled,golovin,16384,1.0,300.0,3600.0,1799.9999523162842,golovin_fixed_bin_l1_relative_bins_1000,5,5,0.17753179555169898,0.007511413593582262,0.003359206280473183,0.16820514371692952,0.18685844738646845,0.17186479932895224,0.1834196969561755,0.04231024403397568
golovin_controlled_timestep_screen_v1,controlled,golovin,16384,1.0,300.0,3600.0,1799.9999523162842,radius_moment_0_m3,5,5,561940.7682403902,6999.544622745769,3130.2915176005317,553249.685678506,570631.8508022744,556541.867374908,567357.1174980473,0.012456018531389884
golovin_controlled_timestep_screen_v1,controlled,golovin,16384,1.0,300.0,3600.0,1799.9999523162842,radius_moment_3_um3_m3,5,5,238740390212.6644,223.82186072849518,100.09617908788115,238740389934.75284,238740390490.57596,238740390036.35962,238740390378.40985,9.375114974433939e-10
golovin_controlled_timestep_screen_v1,controlled,golovin,16384,1.0,300.0,3600.0,1799.9999523162842,radius_moment_6_um6_m3,5,5,2.983166101395663e+18,1.6739482638269424e+17,7.48612421746959e+16,2.7753179719907016e+18,3.191014230800624e+18,2.8584753752499277e+18,3.1171689457853814e+18,0.056113143114752885
golovin_controlled_timestep_screen_v1,controlled,golovin,16384,1.0,300.0,3600.0,1799.9999523162842,golovin_relative_error_radius_moment_0_m3,5,5,-0.003218375256755901,0.012415930389550797,0.005552572870988205,-0.01863478902566516,0.01219803851215336,-0.012795052160576836,0.005953216443720733,3.8578255793781997
golovin_controlled_timestep_screen_v1,controlled,golovin,16384,1.0,300.0,3600.0,1799.9999523162842,golovin_relative_error_radius_moment_3_um3_m3,5,5,2.9730008494466274e-05,9.375392980167863e-10,4.192803203885936e-10,2.9728844385673026e-05,2.9731172603259522e-05,2.972924062452087e-05,2.9730702764885207e-05,3.1535117058284495e-05
golovin_controlled_timestep_screen_v1,controlled,golovin,16384,1.0,300.0,3600.0,1799.9999523162842,golovin_relative_error_radius_moment_6_um6_m3,5,5,-0.008454612757137703,0.05563872821913185,0.024882395695922925,-0.07753921849267754,0.060629992978402145,-0.04989934299992358,0.03608528134057474,6.58087245594537
golovin_controlled_timestep_screen_v1,controlled,golovin,16384,1.0,300.0,3600.0,1799.9999523162842,liquid_water_gm3,5,5,0.9982363479754959,9.358580712275271e-10,4.1852845291131813e-10,0.9982363468134746,0.9982363491375171,0.9982363472383191,0.9982363486685214,9.375115153094988e-10
golovin_controlled_timestep_screen_v1,controlled,golovin,16384,1.0,300.0,3600.0,1799.9999523162842,relative_liquid_mass_drift,5,5,5.602002639548687e-10,9.375115582964272e-10,4.1926791480851364e-10,-6.038740858817144e-10,1.7242746137914518e-09,-2.0764694408370587e-10,1.2544501437616873e-09,1.6735293048200988
golovin_controlled_timestep_screen_v1,controlled,golovin,16384,1.0,300.0,3600.0,1799.9999523162842,mass_fraction_r_ge_cloud_threshold,5,5,0.970300194780514,0.0007164806194381754,0.00032041987392498344,0.9694105665899468,0.9711898229710811,0.9696696732682826,0.9708119892574769,0.0007384112909512981
golovin_controlled_timestep_screen_v1,controlled,golovin,16384,1.0,300.0,3600.0,1799.9999523162842,mass_fraction_r_ge_large_threshold,5,5,0.0,0.0,0.0,0.0,0.0,0.0,0.0,nan
golovin_controlled_timestep_screen_v1,controlled,golovin,16384,1.0,300.0,3600.0,1799.9999523162842,mass_fraction_r_ge_onset_threshold,5,5,0.0,0.0,0.0,0.0,0.0,0.0,0.0,nan
golovin_controlled_timestep_screen_v1,controlled,golovin,16384,1.0,300.0,3600.0,1799.9999523162842,mass_weighted_radius_q99_um,5,5,430.1951843261719,16.66210253252232,7.451518782158261,409.50645147715915,450.88391717518465,416.93744506835935,442.6991882324219,0.03873149477165973
golovin_controlled_timestep_screen_v1,controlled,golovin,16384,1.0,300.0,3600.0,1799.9999523162842,fixed_bin_mass_below_range_fraction,5,5,0.0,0.0,0.0,0.0,0.0,0.0,0.0,nan
golovin_controlled_timestep_screen_v1,controlled,golovin,16384,1.0,300.0,3600.0,1799.9999523162842,fixed_bin_mass_above_range_fraction,5,5,0.0,0.0,0.0,0.0,0.0,0.0,0.0,nan
golovin_controlled_timestep_screen_v1,controlled,golovin,16384,1.0,300.0,3600.0,1799.9999523162842,fixed_bin_mass_below_range_fraction_bins_250,5,5,0.0,0.0,0.0,0.0,0.0,0.0,0.0,nan
golovin_controlled_timestep_screen_v1,controlled,golovin,16384,1.0,300.0,3600.0,1799.9999523162842,fixed_bin_mass_below_range_fraction_bins_500,5,5,0.0,0.0,0.0,0.0,0.0,0.0,0.0,nan
golovin_controlled_timestep_screen_v1,controlled,golovin,16384,1.0,300.0,3600.0,1799.9999523162842,fixed_bin_mass_below_range_fraction_bins_1000,5,5,0.0,0.0,0.0,0.0,0.0,0.0,0.0,nan
golovin_controlled_timestep_screen_v1,controlled,golovin,16384,1.0,300.0,3600.0,1799.9999523162842,fixed_bin_mass_above_range_fraction_bins_250,5,5,0.0,0.0,0.0,0.0,0.0,0.0,0.0,nan
golovin_controlled_timestep_screen_v1,controlled,golovin,16384,1.0,300.0,3600.0,1799.9999523162842,fixed_bin_mass_above_range_fraction_bins_500,5,5,0.0,0.0,0.0,0.0,0.0,0.0,0.0,nan
golovin_controlled_timestep_screen_v1,controlled,golovin,16384,1.0,300.0,3600.0,1799.9999523162842,fixed_bin_mass_above_range_fraction_bins_1000,5,5,0.0,0.0,0.0,0.0,0.0,0.0,0.0,nan
golovin_controlled_timestep_screen_v1,controlled,golovin,16384,1.0,300.0,3600.0,2099.9999046325684,golovin_fixed_bin_l1_relative,5,5,0.1290781726393544,0.011850088972156036,0.005299520896232301,0.1143643437871168,0.143792001491592,0.12067795240592565,0.13953732876236763,0.09180552164512969
golovin_controlled_timestep_screen_v1,controlled,golovin,16384,1.0,300.0,3600.0,2099.9999046325684,golovin_fixed_bin_l1_relative_bins_250,5,5,0.08866858823337556,0.009203873907685081,0.004116097542784093,0.077240469358196,0.10009670710855512,0.08127693524890847,0.0948523197244042,0.10380083963286414
golovin_controlled_timestep_screen_v1,controlled,golovin,16384,1.0,300.0,3600.0,2099.9999046325684,golovin_fixed_bin_l1_relative_bins_500,5,5,0.1290781726393544,0.011850088972156036,0.005299520896232301,0.1143643437871168,0.143792001491592,0.12067795240592565,0.13953732876236763,0.09180552164512969
golovin_controlled_timestep_screen_v1,controlled,golovin,16384,1.0,300.0,3600.0,2099.9999046325684,golovin_fixed_bin_l1_relative_bins_1000,5,5,0.18623495296416356,0.011563544175259972,0.005171374167340608,0.17187691647010442,0.2005929894582227,0.17735585785249125,0.19499627265620093,0.06209115953375894
golovin_controlled_timestep_screen_v1,controlled,golovin,16384,1.0,300.0,3600.0,2099.9999046325684,radius_moment_0_m3,5,5,357609.39294823434,3858.5448535064293,1725.5937173344687,352818.376718181,362400.40917828766,354772.2419679851,360670.9291694223,0.010789830831051388
golovin_controlled_timestep_screen_v1,controlled,golovin,16384,1.0,300.0,3600.0,2099.9999046325684,radius_moment_3_um3_m3,5,5,238740390159.75424,190.68944699842837,85.2789132160658,238740389922.98203,238740390396.52646,238740390009.6844,238740390309.82413,7.987314038936924e-10
golovin_controlled_timestep_screen_v1,controlled,golovin,16384,1.0,300.0,3600.0,2099.9999046325684,radius_moment_6_um6_m3,5,5,7.426963628272489e+18,5.018305141159031e+17,2.244254285493654e+17,6.803858745694687e+18,8.050068510850292e+18,7.05337753603005e+18,7.848169868516675e+18,0.06756873188466507
golovin_controlled_timestep_screen_v1,controlled,golovin,16384,1.0,300.0,3600.0,2099.9999046325684,golovin_relative_error_radius_moment_0_m3,5,5,-0.005163743801493181,0.010734114908978397,0.004800442122953933,-0.018491907836553932,0.00816442023356757,-0.013113688711244565,0.003353166807014185,2.0787466074274352
golovin_controlled_timestep_screen_v1,controlled,golovin,16384,1.0,300.0,3600.0,2099.9999046325684,golovin_relative_error_radius_moment_3_um3_m3,5,5,2.9729786865706486e-05,7.987551748661294e-10,3.572141736760793e-10,2.9728795080162475e-05,2.9730778651250497e-05,2.972915825676381e-05,2.9730415474649163e-05,2.6867167883652034e-05
golovin_controlled_timestep_screen_v1,controlled,golovin,16384,1.0,300.0,3600.0,2099.9999046325684,golovin_relative_error_radius_moment_6_um6_m3,5,5,0.0036448283069686173,0.06781500831130427,0.030327793695757912,-0.08055862605106694,0.08784828266500418,-0.0468398338205269,0.06056465258918735,18.605816954847352
golovin_controlled_timestep_screen_v1,controlled,golovin,16384,1.0,300.0,3600.0,2099.9999046325684,liquid_water_gm3,5,5,0.9982363477542645,7.973227302529131e-10,3.5657356497024833e-10,0.9982363467642575,0.9982363487442715,0.998236347126783,0.9982363483817462,7.987314147061992e-10
golovin_controlled_timestep_screen_v1,controlled,golovin,16384,1.0,300.0,3600.0,2099.9999046325684,relative_liquid_mass_drift,5,5,3.3857807668624675e-10,7.987314086137571e-10,3.572035450849044e-10,-6.531779576240353e-10,1.3303341109965287e-09,-2.900121476301365e-10,9.6716830100263e-10,2.3590759816204074
golovin_controlled_timestep_screen_v1,controlled,golovin,16384,1.0,300.0,3600.0,2099.9999046325684,mass_fraction_r_ge_cloud_threshold,5,5,0.9813766669136541,0.00038177521946320737,0.00017073506856892648,0.9809026303682403,0.9818507034590679,0.9810760244065664,0.9816705749833586,0.00038902006980037323
golovin_controlled_timestep_screen_v1,controlled,golovin,16384,1.0,300.0,3600.0,2099.9999046325684,mass_fraction_r_ge_large_threshold,5,5,0.0,0.0,0.0,0.0,0.0,0.0,0.0,nan
golovin_controlled_timestep_screen_v1,controlled,golovin,16384,1.0,300.0,3600.0,2099.9999046325684,mass_fraction_r_ge_onset_threshold,5,5,0.0,0.0,0.0,0.0,0.0,0.0,0.0,nan
golovin_controlled_timestep_screen_v1,controlled,golovin,16384,1.0,300.0,3600.0,2099.9999046325684,mass_weighted_radius_q99_um,5,5,596.5197143554688,19.54440968218707,8.740525725895068,572.252124486952,620.7873042239855,583.5089477539062,613.3081176757812,0.03276406330225738
golovin_controlled_timestep_screen_v1,controlled,golovin,16384,1.0,300.0,3600.0,2099.9999046325684,fixed_bin_mass_below_range_fraction,5,5,0.0,0.0,0.0,0.0,0.0,0.0,0.0,nan
golovin_controlled_timestep_screen_v1,controlled,golovin,16384,1.0,300.0,3600.0,2099.9999046325684,fixed_bin_mass_above_range_fraction,5,5,0.0,0.0,0.0,0.0,0.0,0.0,0.0,nan
golovin_controlled_timestep_screen_v1,controlled,golovin,16384,1.0,300.0,3600.0,2099.9999046325684,fixed_bin_mass_below_range_fraction_bins_250,5,5,0.0,0.0,0.0,0.0,0.0,0.0,0.0,nan
golovin_controlled_timestep_screen_v1,controlled,golovin,16384,1.0,300.0,3600.0,2099.9999046325684,fixed_bin_mass_below_range_fraction_bins_500,5,5,0.0,0.0,0.0,0.0,0.0,0.0,0.0,nan
golovin_controlled_timestep_screen_v1,controlled,golovin,16384,1.0,300.0,3600.0,2099.9999046325684,fixed_bin_mass_below_range_fraction_bins_1000,5,5,0.0,0.0,0.0,0.0,0.0,0.0,0.0,nan
golovin_controlled_timestep_screen_v1,controlled,golovin,16384,1.0,300.0,3600.0,2099.9999046325684,fixed_bin_mass_above_range_fraction_bins_250,5,5,0.0,0.0,0.0,0.0,0.0,0.0,0.0,nan
golovin_controlled_timestep_screen_v1,controlled,golovin,16384,1.0,300.0,3600.0,2099.9999046325684,fixed_bin_mass_above_range_fraction_bins_500,5,5,0.0,0.0,0.0,0.0,0.0,0.0,0.0,nan
golovin_controlled_timestep_screen_v1,controlled,golovin,16384,1.0,300.0,3600.0,2099.9999046325684,fixed_bin_mass_above_range_fraction_bins_1000,5,5,0.0,0.0,0.0,0.0,0.0,0.0,0.0,nan
golovin_controlled_timestep_screen_v1,controlled,golovin,16384,1.0,300.0,3600.0,2400.0000953674316,golovin_fixed_bin_l1_relative,5,5,0.13782365604166474,0.008993810044351515,0.004022154127178077,0.12665636590291007,0.14899094618041941,0.1299012914110072,0.14395728902173702,0.06525592414724976
golovin_controlled_timestep_screen_v1,controlled,golovin,16384,1.0,300.0,3600.0,2400.0000953674316,golovin_fixed_bin_l1_relative_bins_250,5,5,0.09948061644140527,0.0034477649034352015,0.0015418873389038217,0.0951996508865393,0.10376158199627124,0.09669498771401905,0.10209432729720476,0.034657655197240934
golovin_controlled_timestep_screen_v1,controlled,golovin,16384,1.0,300.0,3600.0,2400.0000953674316,golovin_fixed_bin_l1_relative_bins_500,5,5,0.13782365604166474,0.008993810044351515,0.004022154127178077,0.12665636590291007,0.14899094618041941,0.1299012914110072,0.14395728902173702,0.06525592414724976
golovin_controlled_timestep_screen_v1,controlled,golovin,16384,1.0,300.0,3600.0,2400.0000953674316,golovin_fixed_bin_l1_relative_bins_1000,5,5,0.19861689715665082,0.0075679622532739636,0.003384495609894612,0.18922003088699552,0.20801376342630612,0.19192855339623588,0.203754958486839,0.038103315284927886
golovin_controlled_timestep_screen_v1,controlled,golovin,16384,1.0,300.0,3600.0,2400.0000953674316,radius_moment_0_m3,5,5,227639.85390201243,2964.6463421814624,1325.8301500727703,223958.75927151923,231320.94853250563,225407.52513459133,229872.18266943353,0.013023406452622283
golovin_controlled_timestep_screen_v1,controlled,golovin,16384,1.0,300.0,3600.0,2400.0000953674316,radius_moment_3_um3_m3,5,5,238740390208.96103,92.46184072886214,41.35019223889889,238740390094.15448,238740390323.76758,238740390139.76392,238740390287.12857,3.8729031416901665e-10
golovin_controlled_timestep_screen_v1,controlled,golovin,16384,1.0,300.0,3600.0,2400.0000953674316,radius_moment_6_um6_m3,5,5,1.8286395761785799e+19,1.1666589531055724e+18,5.217457451405598e+17,1.6837797341532516e+19,1.973499418203908e+19,1.7426574849431198e+19,1.918796716733368e+19,0.06379928381204628
golovin_controlled_timestep_screen_v1,controlled,golovin,16384,1.0,300.0,3600.0,2400.0000953674316,golovin_relative_error_radius_moment_0_m3,5,5,-0.006828279125441839,0.012934478998199704,0.0057844748587035835,-0.022888556033029098,0.009231997782145422,-0.01656772397876589,0.0029111657278822144,1.8942516497321351
golovin_controlled_timestep_screen_v1,controlled,golovin,16384,1.0,300.0,3600.0,2400.0000953674316,golovin_relative_error_radius_moment_3_um3_m3,5,5,2.9729992981941677e-05,3.8730180925042185e-10,1.7320663465852e-10,2.9729512083228692e-05,2.9730473880654662e-05,2.9729718132198713e-05,2.973032040802792e-05,1.3027309138137812e-05
golovin_controlled_timestep_screen_v1,controlled,golovin,16384,1.0,300.0,3600.0,2400.0000953674316,golovin_relative_error_radius_moment_6_um6_m3,5,5,0.004685533598064962,0.06409821749988011,0.028665594313259705,-0.07490291542057065,0.08427398261670058,-0.042554482607479384,0.05421939256400323,13.68002515793537
golovin_controlled_timestep_screen_v1,controlled,golovin,16384,1.0,300.0,3600.0,2400.0000953674316,liquid_water_gm3,5,5,0.9982363479600111,3.8660730089171775e-10,1.728960410783192e-10,0.9982363474799748,0.9982363484400475,0.998236347672082,0.9982363482868502,3.8729034630103956e-10
golovin_controlled_timestep_screen_v1,controlled,golovin,16384,1.0,300.0,3600.0,2400.0000953674316,relative_liquid_mass_drift,5,5,5.446881612414245e-10,3.87290332340709e-10,1.732015020284621e-10,6.380369872159522e-11,1.0255726237612538e-09,2.5625035426912746e-10,8.721045663406812e-10,0.7110313017599232
golovin_controlled_timestep_screen_v1,controlled,golovin,16384,1.0,300.0,3600.0,2400.0000953674316,mass_fraction_r_ge_cloud_threshold,5,5,0.9882882824791942,0.00032313049056748787,0.0001445083485023515,0.9878870629823346,0.9886895019760538,0.9880359842241205,0.9885348046173543,0.00032695975080964345
golovin_controlled_timestep_screen_v1,controlled,golovin,16384,1.0,300.0,3600.0,2400.0000953674316,mass_fraction_r_ge_large_threshold,5,5,7.186906136204572e-05,0.00016070410668463786,7.186906136204572e-05,-0.00012767144227176597,0.0002714095649958574,0.0,0.00021560718408613716,2.23606797749979
golovin_controlled_timestep_screen_v1,controlled,golovin,16384,1.0,300.0,3600.0,2400.0000953674316,mass_fraction_r_ge_onset_threshold,5,5,7.186906136204572e-05,0.00016070410668463786,7.186906136204572e-05,-0.00012767144227176597,0.0002714095649958574,0.0,0.00021560718408613716,2.23606797749979
golovin_controlled_timestep_screen_v1,controlled,golovin,16384,1.0,300.0,3600.0,2400.0000953674316,mass_weighted_radius_q99_um,5,5,795.831884765625,25.989805372839474,11.622994307131666,763.5612791138475,828.1024904174025,776.332470703125,815.331298828125,0.03265740650802594
golovin_controlled_timestep_screen_v1,controlled,golovin,16384,1.0,300.0,3600.0,2400.0000953674316,fixed_bin_mass_below_range_fraction,5,5,0.0,0.0,0.0,0.0,0.0,0.0,0.0,nan
golovin_controlled_timestep_screen_v1,controlled,golovin,16384,1.0,300.0,3600.0,2400.0000953674316,fixed_bin_mass_above_range_fraction,5,5,0.0,0.0,0.0,0.0,0.0,0.0,0.0,nan
golovin_controlled_timestep_screen_v1,controlled,golovin,16384,1.0,300.0,3600.0,2400.0000953674316,fixed_bin_mass_below_range_fraction_bins_250,5,5,0.0,0.0,0.0,0.0,0.0,0.0,0.0,nan
golovin_controlled_timestep_screen_v1,controlled,golovin,16384,1.0,300.0,3600.0,2400.0000953674316,fixed_bin_mass_below_range_fraction_bins_500,5,5,0.0,0.0,0.0,0.0,0.0,0.0,0.0,nan
golovin_controlled_timestep_screen_v1,controlled,golovin,16384,1.0,300.0,3600.0,2400.0000953674316,fixed_bin_mass_below_range_fraction_bins_1000,5,5,0.0,0.0,0.0,0.0,0.0,0.0,0.0,nan
golovin_controlled_timestep_screen_v1,controlled,golovin,16384,1.0,300.0,3600.0,2400.0000953674316,fixed_bin_mass_above_range_fraction_bins_250,5,5,0.0,0.0,0.0,0.0,0.0,0.0,0.0,nan
golovin_controlled_timestep_screen_v1,controlled,golovin,16384,1.0,300.0,3600.0,2400.0000953674316,fixed_bin_mass_above_range_fraction_bins_500,5,5,0.0,0.0,0.0,0.0,0.0,0.0,0.0,nan
golovin_controlled_timestep_screen_v1,controlled,golovin,16384,1.0,300.0,3600.0,2400.0000953674316,fixed_bin_mass_above_range_fraction_bins_1000,5,5,0.0,0.0,0.0,0.0,0.0,0.0,0.0,nan
golovin_controlled_timestep_screen_v1,controlled,golovin,16384,1.0,300.0,3600.0,2700.000047683716,golovin_fixed_bin_l1_relative,5,5,0.15474050927475275,0.012723881457483578,0.0056902927753164755,0.13894172375158295,0.17053929479792254,0.14375575853524444,0.163411125613604,0.0822272171464256
golovin_controlled_timestep_screen_v1,controlled,golovin,16384,1.0,300.0,3600.0,2700.000047683716,golovin_fixed_bin_l1_relative_bins_250,5,5,0.11248797734039326,0.01079222166459059,0.004826428254054099,0.09908766423883643,0.1258882904419501,0.10402158069534276,0.12115590323167238,0.09594111228378552
golovin_controlled_timestep_screen_v1,controlled,golovin,16384,1.0,300.0,3600.0,2700.000047683716,golovin_fixed_bin_l1_relative_bins_500,5,5,0.15474050927475275,0.012723881457483578,0.0056902927753164755,0.13894172375158295,0.17053929479792254,0.14375575853524444,0.163411125613604,0.0822272171464256
golovin_controlled_timestep_screen_v1,controlled,golovin,16384,1.0,300.0,3600.0,2700.000047683716,golovin_fixed_bin_l1_relative_bins_1000,5,5,0.21678157519511504,0.014551982074334993,0.006507844225114288,0.19871290295090674,0.23485024743932334,0.20502318609259565,0.22788741493079412,0.06712739337389458
golovin_controlled_timestep_screen_v1,controlled,golovin,16384,1.0,300.0,3600.0,2700.000047683716,radius_moment_0_m3,5,5,145081.5180173479,1753.2551686378754,784.0795477954293,142904.56419478558,147258.47183991023,143706.63826357533,146364.55863455342,0.012084621064057468
golovin_controlled_timestep_screen_v1,controlled,golovin,16384,1.0,300.0,3600.0,2700.000047683716,radius_moment_3_um3_m3,5,5,238740390103.76382,233.44554591326454,104.40002194132154,238740389813.9029,238740390393.62476,238740389903.8098,238740390268.1332,9.778217494400593e-10
golovin_controlled_timestep_screen_v1,controlled,golovin,16384,1.0,300.0,3600.0,2700.000047683716,radius_moment_6_um6_m3,5,5,4.50128395013795e+19,3.4221134803389553e+18,1.5304156737512586e+18,4.076372439507484e+19,4.9261954607684166e+19,4.252303494742812e+19,4.7687432863936954e+19,0.07602527452715081
golovin_controlled_timestep_screen_v1,controlled,golovin,16384,1.0,300.0,3600.0,2700.000047683716,golovin_relative_error_radius_moment_0_m3,5,5,-0.007292409637928876,0.011996495056939211,0.005364995687811257,-0.02218802565475971,0.007603206378901956,-0.01655189982097196,0.002160673532048385,1.6450659867684485
golovin_controlled_timestep_screen_v1,controlled,golovin,16384,1.0,300.0,3600.0,2700.000047683716,golovin_relative_error_radius_moment_3_um3_m3,5,5,2.972955233428998e-05,9.77850817038952e-10,4.3730817975056123e-10,2.9728338172134847e-05,2.973076649644511e-05,2.9728714772048194e-05,2.973024084074183e-05,3.289154192581304e-05
golovin_controlled_timestep_screen_v1,controlled,golovin,16384,1.0,300.0,3600.0,2700.000047683716,golovin_relative_error_radius_moment_6_um6_m3,5,5,0.005476755428386615,0.07644164636211198,0.034185743515536375,-0.08943808482287156,0.1003915956796448,-0.050139389482469945,0.06508556741310616,13.957469410795062
golovin_controlled_timestep_screen_v1,controlled,golovin,16384,1.0,300.0,3600.0,2700.000047683716,liquid_water_gm3,5,5,0.9982363475201538,9.76097204056122e-10,4.3652394018339445e-10,0.998236346308169,0.9982363487321385,0.9982363466840937,0.9982363482074256,9.778217417958878e-10
golovin_controlled_timestep_screen_v1,controlled,golovin,16384,1.0,300.0,3600.0,2700.000047683716,relative_liquid_mass_drift,5,5,1.0405367678600896e-10,9.778217516867395e-10,4.3729518132989385e-10,-1.1100723889439565e-09,1.3181797425159742e-09,-7.334835849803767e-10,7.925396783292626e-10,9.397282074882117
golovin_controlled_timestep_screen_v1,controlled,golovin,16384,1.0,300.0,3600.0,2700.000047683716,mass_fraction_r_ge_cloud_threshold,5,5,0.9925497426553402,0.00017597950653901686,7.870042785362208e-05,0.9923312352376491,0.9927682500730314,0.9924131523600128,0.9926829357846774,0.00017730044044767356
golovin_controlled_timestep_screen_v1,controlled,golovin,16384,1.0,300.0,3600.0,2700.000047683716,mass_fraction_r_ge_large_threshold,5,5,0.01938652381187781,0.008431212654411506,0.0037705529256041137,0.00891779059769505,0.029855257026060573,0.01373108237743301,0.026035978918574877,0.4349006937100213
golovin_controlled_timestep_screen_v1,controlled,golovin,16384,1.0,300.0,3600.0,2700.000047683716,mass_fraction_r_ge_onset_threshold,5,5,0.01938652381187781,0.008431212654411506,0.0037705529256041137,0.00891779059769505,0.029855257026060573,0.01373108237743301,0.02619366141931014,0.4349006937100213
golovin_controlled_timestep_screen_v1,controlled,golovin,16384,1.0,300.0,3600.0,2700.000047683716,mass_weighted_radius_q99_um,5,5,1078.62041015625,58.57377685226275,26.19498934811263,1005.8914601999744,1151.3493601125258,1036.8107177734375,1127.1031005859375,0.0543043468311319
golovin_controlled_timestep_screen_v1,controlled,golovin,16384,1.0,300.0,3600.0,2700.000047683716,fixed_bin_mass_below_range_fraction,5,5,0.0,0.0,0.0,0.0,0.0,0.0,0.0,nan
golovin_controlled_timestep_screen_v1,controlled,golovin,16384,1.0,300.0,3600.0,2700.000047683716,fixed_bin_mass_above_range_fraction,5,5,0.0,0.0,0.0,0.0,0.0,0.0,0.0,nan
golovin_controlled_timestep_screen_v1,controlled,golovin,16384,1.0,300.0,3600.0,2700.000047683716,fixed_bin_mass_below_range_fraction_bins_250,5,5,0.0,0.0,0.0,0.0,0.0,0.0,0.0,nan
golovin_controlled_timestep_screen_v1,controlled,golovin,16384,1.0,300.0,3600.0,2700.000047683716,fixed_bin_mass_below_range_fraction_bins_500,5,5,0.0,0.0,0.0,0.0,0.0,0.0,0.0,nan
golovin_controlled_timestep_screen_v1,controlled,golovin,16384,1.0,300.0,3600.0,2700.000047683716,fixed_bin_mass_below_range_fraction_bins_1000,5,5,0.0,0.0,0.0,0.0,0.0,0.0,0.0,nan
golovin_controlled_timestep_screen_v1,controlled,golovin,16384,1.0,300.0,3600.0,2700.000047683716,fixed_bin_mass_above_range_fraction_bins_250,5,5,0.0,0.0,0.0,0.0,0.0,0.0,0.0,nan
golovin_controlled_timestep_screen_v1,controlled,golovin,16384,1.0,300.0,3600.0,2700.000047683716,fixed_bin_mass_above_range_fraction_bins_500,5,5,0.0,0.0,0.0,0.0,0.0,0.0,0.0,nan
golovin_controlled_timestep_screen_v1,controlled,golovin,16384,1.0,300.0,3600.0,2700.000047683716,fixed_bin_mass_above_range_fraction_bins_1000,5,5,0.0,0.0,0.0,0.0,0.0,0.0,0.0,nan
golovin_controlled_timestep_screen_v1,controlled,golovin,16384,1.0,300.0,3600.0,300.00001192092896,golovin_fixed_bin_l1_relative,5,5,0.11434470107496002,0.006110467940474098,0.0027326843378466443,0.10675755302109503,0.121931849128825,0.1096792006269562,0.11895462071911145,0.05343901276604247
golovin_controlled_timestep_screen_v1,controlled,golovin,16384,1.0,300.0,3600.0,300.00001192092896,golovin_fixed_bin_l1_relative_bins_250,5,5,0.07523439989519383,0.01027167237779054,0.004593631535869309,0.062480434102347264,0.08798836568804039,0.06715123528878209,0.08425123978365415,0.13652893346792974
golovin_controlled_timestep_screen_v1,controlled,golovin,16384,1.0,300.0,3600.0,300.00001192092896,golovin_fixed_bin_l1_relative_bins_500,5,5,0.11434470107496002,0.006110467940474098,0.0027326843378466443,0.10675755302109503,0.121931849128825,0.1096792006269562,0.11895462071911145,0.05343901276604247
golovin_controlled_timestep_screen_v1,controlled,golovin,16384,1.0,300.0,3600.0,300.00001192092896,golovin_fixed_bin_l1_relative_bins_1000,5,5,0.1628350211374011,0.010312804262988,0.004612026274138157,0.15002998336352658,0.1756400589112756,0.1548457406806485,0.17082430159415368,0.06333283952649227
golovin_controlled_timestep_screen_v1,controlled,golovin,16384,1.0,300.0,3600.0,300.00001192092896,radius_moment_0_m3,5,5,5368413.055628696,49923.095262364615,22326.286930768994,5306425.345562521,5430400.765694872,5329281.6100704055,5407544.501186988,0.00929941395064991
golovin_controlled_timestep_screen_v1,controlled,golovin,16384,1.0,300.0,3600.0,300.00001192092896,radius_moment_3_um3_m3,5,5,238740390391.78815,164.30416355414596,73.47905573866277,238740390187.7776,238740390595.7987,238740390261.3788,238740390522.19757,6.882126785690196e-10
golovin_controlled_timestep_screen_v1,controlled,golovin,16384,1.0,300.0,3600.0,300.00001192092896,radius_moment_6_um6_m3,5,5,3.3107131032390924e+16,374538081829179.5,167498522226484.8,3.2642080580227336e+16,3.357218148455451e+16,3.283163835318882e+16,3.342532431204183e+16,0.011312912661104456
golovin_controlled_timestep_screen_v1,controlled,golovin,16384,1.0,300.0,3600.0,300.00001192092896,golovin_relative_error_radius_moment_0_m3,5,5,0.0036661263586865054,0.009333506777254731,0.004174071124479313,-0.007922952983621532,0.015255205700994545,-0.0036497984733506517,0.010982051190723662,2.5458770004312474
golovin_controlled_timestep_screen_v1,controlled,golovin,16384,1.0,300.0,3600.0,300.00001192092896,golovin_relative_error_radius_moment_3_um3_m3,5,5,2.9730758803481195e-05,6.882331659410583e-10,3.0778722868281987e-10,2.9729904249136675e-05,2.9731613357825715e-05,2.9730212547907085e-05,2.97313050590553e-05,2.3148859754648194e-05
golovin_controlled_timestep_screen_v1,controlled,golovin,16384,1.0,300.0,3600.0,300.00001192092896,golovin_relative_error_radius_moment_6_um6_m3,5,5,-0.009421290349296351,0.011206330426227942,0.005011623322273974,-0.02333578739151903,0.004493206692926327,-0.017664142392720007,9.918087691003219e-05,1.1894687469285894
golovin_controlled_timestep_screen_v1,controlled,golovin,16384,1.0,300.0,3600.0,300.00001192092896,liquid_water_gm3,5,5,0.9982363487244592,6.869989896320299e-10,3.072352882581784e-10,0.9982363478714373,0.9982363495774811,0.9982363481791834,0.9982363492697353,6.882127569386482e-10
golovin_controlled_timestep_screen_v1,controlled,golovin,16384,1.0,300.0,3600.0,300.00001192092896,relative_liquid_mass_drift,5,5,1.3104869633906445e-09,6.882127915035876e-10,3.0777811695738227e-10,4.5595791707732655e-10,2.1650160097039627e-09,7.642475541302929e-10,1.8567263726509964e-09,0.5251580601175637
golovin_controlled_timestep_screen_v1,controlled,golovin,16384,1.0,300.0,3600.0,300.00001192092896,mass_fraction_r_ge_cloud_threshold,5,5,0.6302961949455695,0.008416939456586522,0.0037641697574855204,0.6198451842472653,0.6407472056438738,0.6234671704631447,0.6363947216275258,0.013353942993917936
golovin_controlled_timestep_screen_v1,controlled,golovin,16384,1.0,300.0,3600.0,300.00001192092896,mass_fraction_r_ge_large_threshold,5,5,0.0,0.0,0.0,0.0,0.0,0.0,0.0,nan
golovin_controlled_timestep_screen_v1,controlled,golovin,16384,1.0,300.0,3600.0,300.00001192092896,mass_fraction_r_ge_onset_threshold,5,5,0.0,0.0,0.0,0.0,0.0,0.0,0.0,nan
golovin_controlled_timestep_screen_v1,controlled,golovin,16384,1.0,300.0,3600.0,300.00001192092896,mass_weighted_radius_q99_um,5,5,87.87142181396484,1.9868584371434894,0.8885501054243671,85.40441122303638,90.33843240489331,86.25511016845704,89.40508880615235,0.02261097403601737
golovin_controlled_timestep_screen_v1,controlled,golovin,16384,1.0,300.0,3600.0,300.00001192092896,fixed_bin_mass_below_range_fraction,5,5,0.0,0.0,0.0,0.0,0.0,0.0,0.0,nan
golovin_controlled_timestep_screen_v1,controlled,golovin,16384,1.0,300.0,3600.0,300.00001192092896,fixed_bin_mass_above_range_fraction,5,5,0.0,0.0,0.0,0.0,0.0,0.0,0.0,nan
golovin_controlled_timestep_screen_v1,controlled,golovin,16384,1.0,300.0,3600.0,300.00001192092896,fixed_bin_mass_below_range_fraction_bins_250,5,5,0.0,0.0,0.0,0.0,0.0,0.0,0.0,nan
golovin_controlled_timestep_screen_v1,controlled,golovin,16384,1.0,300.0,3600.0,300.00001192092896,fixed_bin_mass_below_range_fraction_bins_500,5,5,0.0,0.0,0.0,0.0,0.0,0.0,0.0,nan
golovin_controlled_timestep_screen_v1,controlled,golovin,16384,1.0,300.0,3600.0,300.00001192092896,fixed_bin_mass_below_range_fraction_bins_1000,5,5,0.0,0.0,0.0,0.0,0.0,0.0,0.0,nan
golovin_controlled_timestep_screen_v1,controlled,golovin,16384,1.0,300.0,3600.0,300.00001192092896,fixed_bin_mass_above_range_fraction_bins_250,5,5,0.0,0.0,0.0,0.0,0.0,0.0,0.0,nan
golovin_controlled_timestep_screen_v1,controlled,golovin,16384,1.0,300.0,3600.0,300.00001192092896,fixed_bin_mass_above_range_fraction_bins_500,5,5,0.0,0.0,0.0,0.0,0.0,0.0,0.0,nan
golovin_controlled_timestep_screen_v1,controlled,golovin,16384,1.0,300.0,3600.0,300.00001192092896,fixed_bin_mass_above_range_fraction_bins_1000,5,5,0.0,0.0,0.0,0.0,0.0,0.0,0.0,nan
golovin_controlled_timestep_screen_v1,controlled,golovin,16384,1.0,300.0,3600.0,3000.0,golovin_fixed_bin_l1_relative,5,5,0.1683273444456232,0.011960453971706886,0.005348877624498789,0.15347647934678152,0.18317820954446487,0.15812594950149347,0.17714468708695288,0.07105472976537461
golovin_controlled_timestep_screen_v1,controlled,golovin,16384,1.0,300.0,3600.0,3000.0,golovin_fixed_bin_l1_relative_bins_250,5,5,0.12040052784595016,0.016725866309531937,0.0074800348101373895,0.0996326218106351,0.14116843388126524,0.10815575940973503,0.1342015330983221,0.13891854636162657
golovin_controlled_timestep_screen_v1,controlled,golovin,16384,1.0,300.0,3600.0,3000.0,golovin_fixed_bin_l1_relative_bins_500,5,5,0.1683273444456232,0.011960453971706886,0.005348877624498789,0.15347647934678152,0.18317820954446487,0.15778801503765733,0.1768067526231167,0.07105472976537461
golovin_controlled_timestep_screen_v1,controlled,golovin,16384,1.0,300.0,3600.0,3000.0,golovin_fixed_bin_l1_relative_bins_1000,5,5,0.22941610844304555,0.017117538224351622,0.007655195815420254,0.20816187749199136,0.2506703393940998,0.21557916279765274,0.24194786565353837,0.07461349745892491
golovin_controlled_timestep_screen_v1,controlled,golovin,16384,1.0,300.0,3600.0,3000.0,radius_moment_0_m3,5,5,92493.31176311076,1331.8894979247227,595.639091175549,90839.55252395195,94147.07100226957,91513.73348453954,93519.75448451107,0.014399846567672821
golovin_controlled_timestep_screen_v1,controlled,golovin,16384,1.0,300.0,3600.0,3000.0,radius_moment_3_um3_m3,5,5,238740390010.5755,454.5338143638174,203.2737013979532,238740389446.19724,238740390574.95377,238740389624.49512,238740390304.42853,1.9038831860150803e-09
golovin_controlled_timestep_screen_v1,controlled,golovin,16384,1.0,300.0,3600.0,3000.0,radius_moment_6_um6_m3,5,5,1.1197619869331423e+20,6.549881208335686e+18,2.929195925277411e+18,1.0384344700441244e+20,1.2010895038221602e+20,1.0719851606008196e+20,1.1753789180846539e+20,0.058493512771181075
golovin_controlled_timestep_screen_v1,controlled,golovin,16384,1.0,300.0,3600.0,3000.0,golovin_relative_error_radius_moment_0_m3,5,5,-0.007449103614544228,0.014292580618556651,0.006391836367397733,-0.025195686410030907,0.010297479180942452,-0.017961012853622373,0.004675339950412272,1.9186980552466297
golovin_controlled_timestep_screen_v1,controlled,golovin,16384,1.0,300.0,3600.0,3000.0,golovin_relative_error_radius_moment_3_um3_m3,5,5,2.9729161989511255e-05,1.903939791180301e-09,8.514677596291816e-10,2.9726797936017797e-05,2.9731526043004712e-05,2.972754478580697e-05,2.9730392873572598e-05,6.404283416572691e-05
golovin_controlled_timestep_screen_v1,controlled,golovin,16384,1.0,300.0,3600.0,3000.0,golovin_relative_error_radius_moment_6_um6_m3,5,5,0.016939077563249815,0.059484338920959015,0.02660220508478017,-0.05692048453185593,0.09079863965835556,-0.026306392444693703,0.06744894601933438,3.511663412535125
golovin_controlled_timestep_screen_v1,controlled,golovin,16384,1.0,300.0,3600.0,3000.0,liquid_water_gm3,5,5,0.998236347130509,1.9005254193094764e-09,8.499408061084561e-10,0.998236344770695,0.998236349490323,0.9982363455162055,0.9982363483591857,1.9038832083931345e-09
golovin_controlled_timestep_screen_v1,controlled,golovin,16384,1.0,300.0,3600.0,3000.0,relative_liquid_mass_drift,5,5,-2.8627951120796525e-10,1.903883202978454e-09,8.514424526159706e-10,-2.650262741131181e-09,2.0777037187152504e-09,-1.9034351650404347e-09,9.445679793884665e-10,6.650434727043371
golovin_controlled_timestep_screen_v1,controlled,golovin,16384,1.0,300.0,3600.0,3000.0,mass_fraction_r_ge_cloud_threshold,5,5,0.995259460822233,0.00013356950477876948,5.973409848126231e-05,0.9950936123768913,0.9954253092675748,0.995154836317161,0.9953574295344298,0.00013420571221540672
golovin_controlled_timestep_screen_v1,controlled,golovin,16384,1.0,300.0,3600.0,3000.0,mass_fraction_r_ge_large_threshold,5,5,0.13863436277578092,0.013677835130399132,0.006116913827321432,0.12165108732099764,0.1556176382305642,0.12897785439574333,0.15019599653627766,0.0986612183050234
golovin_controlled_timestep_screen_v1,controlled,golovin,16384,1.0,300.0,3600.0,3000.0,mass_fraction_r_ge_onset_threshold,5,5,0.13863436277578092,0.013677835130399132,0.006116913827321432,0.12165108732099764,0.1556176382305642,0.12897785439574333,0.15068939244751695,0.0986612183050234
golovin_controlled_timestep_screen_v1,controlled,golovin,16384,1.0,300.0,3600.0,3000.0,mass_weighted_radius_q99_um,5,5,1457.0023681640625,28.742269097181516,12.853933505777876,1421.3141273994077,1492.6906089287174,1433.5950927734375,1478.6626220703124,0.019726988593298606
golovin_controlled_timestep_screen_v1,controlled,golovin,16384,1.0,300.0,3600.0,3000.0,fixed_bin_mass_below_range_fraction,5,5,0.0,0.0,0.0,0.0,0.0,0.0,0.0,nan
golovin_controlled_timestep_screen_v1,controlled,golovin,16384,1.0,300.0,3600.0,3000.0,fixed_bin_mass_above_range_fraction,5,5,0.0,0.0,0.0,0.0,0.0,0.0,0.0,nan
golovin_controlled_timestep_screen_v1,controlled,golovin,16384,1.0,300.0,3600.0,3000.0,fixed_bin_mass_below_range_fraction_bins_250,5,5,0.0,0.0,0.0,0.0,0.0,0.0,0.0,nan
golovin_controlled_timestep_screen_v1,controlled,golovin,16384,1.0,300.0,3600.0,3000.0,fixed_bin_mass_below_range_fraction_bins_500,5,5,0.0,0.0,0.0,0.0,0.0,0.0,0.0,nan
golovin_controlled_timestep_screen_v1,controlled,golovin,16384,1.0,300.0,3600.0,3000.0,fixed_bin_mass_below_range_fraction_bins_1000,5,5,0.0,0.0,0.0,0.0,0.0,0.0,0.0,nan
golovin_controlled_timestep_screen_v1,controlled,golovin,16384,1.0,300.0,3600.0,3000.0,fixed_bin_mass_above_range_fraction_bins_250,5,5,0.0,0.0,0.0,0.0,0.0,0.0,0.0,nan
golovin_controlled_timestep_screen_v1,controlled,golovin,16384,1.0,300.0,3600.0,3000.0,fixed_bin_mass_above_range_fraction_bins_500,5,5,0.0,0.0,0.0,0.0,0.0,0.0,0.0,nan
golovin_controlled_timestep_screen_v1,controlled,golovin,16384,1.0,300.0,3600.0,3000.0,fixed_bin_mass_above_range_fraction_bins_1000,5,5,0.0,0.0,0.0,0.0,0.0,0.0,0.0,nan
golovin_controlled_timestep_screen_v1,controlled,golovin,16384,1.0,300.0,3600.0,3299.999952316284,golovin_fixed_bin_l1_relative,5,5,0.17633907156878453,0.011628527714423126,0.005200435689538074,0.16190034735367065,0.19077779578389842,0.16914531092870747,0.18640257727506257,0.06594413598172535
golovin_controlled_timestep_screen_v1,controlled,golovin,16384,1.0,300.0,3600.0,3299.999952316284,golovin_fixed_bin_l1_relative_bins_250,5,5,0.12816780683967294,0.011426258077041434,0.005109977957744135,0.11398023355122562,0.14235538012812027,0.11826504296025372,0.13588436928455705,0.0891507653816275
golovin_controlled_timestep_screen_v1,controlled,golovin,16384,1.0,300.0,3600.0,3299.999952316284,golovin_fixed_bin_l1_relative_bins_500,5,5,0.17633907156878453,0.011628527714423126,0.005200435689538074,0.16190034735367065,0.19077779578389842,0.16925906325727075,0.18640257727506254,0.06594413598172535
golovin_controlled_timestep_screen_v1,controlled,golovin,16384,1.0,300.0,3600.0,3299.999952316284,golovin_fixed_bin_l1_relative_bins_1000,5,5,0.25084905599087487,0.008712321447979574,0.003896268599902345,0.24003128010814015,0.2616668318736096,0.24409803757417578,0.25760007440757404,0.03473133041527771
golovin_controlled_timestep_screen_v1,controlled,golovin,16384,1.0,300.0,3600.0,3299.999952316284,radius_moment_0_m3,5,5,58989.20176409645,887.6933724980371,396.9885448163306,57886.98486202155,60091.41866617135,58359.24531214878,59773.848425499746,0.015048404554582874
golovin_controlled_timestep_screen_v1,controlled,golovin,16384,1.0,300.0,3600.0,3299.999952316284,radius_moment_3_um3_m3,5,5,238740390448.4804,543.1381813705518,242.89877894403273,238740389774.0853,238740391122.87552,238740389963.50714,238740390857.14664,2.275015887970409e-09
golovin_controlled_timestep_screen_v1,controlled,golovin,16384,1.0,300.0,3600.0,3299.999952316284,radius_moment_6_um6_m3,5,5,2.7246704646285237e+20,1.4421114409048713e+19,6.449318425986926e+18,2.5456086788715902e+20,2.903732250385457e+20,2.619585344647295e+20,2.8554814792872064e+20,0.05292792136246414
golovin_controlled_timestep_screen_v1,controlled,golovin,16384,1.0,300.0,3600.0,3299.999952316284,golovin_relative_error_radius_moment_0_m3,5,5,-0.007231062794638143,0.014939588596289572,0.006681187131436828,-0.025781012102626413,0.011318886513350127,-0.017833023468505106,0.003977379607471155,2.06602943724501
golovin_controlled_timestep_screen_v1,controlled,golovin,16384,1.0,300.0,3600.0,3299.999952316284,golovin_relative_error_radius_moment_3_um3_m3,5,5,2.973099627459064e-05,2.2750835495401023e-09,1.0174482942526357e-09,2.972817138525427e-05,2.973382116392701e-05,2.97289648304222e-05,2.9732708085328242e-05,7.652227757616332e-05
golovin_controlled_timestep_screen_v1,controlled,golovin,16384,1.0,300.0,3600.0,3299.999952316284,golovin_relative_error_radius_moment_6_um6_m3,5,5,0.006043572625046689,0.05324779509911098,0.02381313789871846,-0.060072297533250246,0.07215944278334363,-0.032757526776917276,0.053755198925571304,8.810648668046678
golovin_controlled_timestep_screen_v1,controlled,golovin,16384,1.0,300.0,3600.0,3299.999952316284,liquid_water_gm3,5,5,0.9982363489615047,2.271003611801423e-09,1.015623690627105e-09,0.9982363461416813,0.9982363517813281,0.9982363469337034,0.9982363506702455,2.275015946037245e-09
golovin_controlled_timestep_screen_v1,controlled,golovin,16384,1.0,300.0,3600.0,3299.999952316284,relative_liquid_mass_drift,5,5,1.5479510784288664e-09,2.2750159999037574e-09,1.0174180851368912e-09,-1.2768543839891669e-09,4.3727565408469e-09,-4.834327826941376e-10,3.259710990022313e-09,1.469695025641795
golovin_controlled_timestep_screen_v1,controlled,golovin,16384,1.0,300.0,3600.0,3299.999952316284,mass_fraction_r_ge_cloud_threshold,5,5,0.9969837524579038,9.219632481808548e-05,4.123144991377801e-05,0.9968692756006106,0.9970982293151971,0.9969122531280614,0.9970499924513799,9.247525307287125e-05
golovin_controlled_timestep_screen_v1,controlled,golovin,16384,1.0,300.0,3600.0,3299.999952316284,mass_fraction_r_ge_large_threshold,5,5,0.34275549292214486,0.01304488133908228,0.005833848286521293,0.3265581334025663,0.3589528524417234,0.3327034196164864,0.35287352052588145,0.038058854222491945
golovin_controlled_timestep_screen_v1,controlled,golovin,16384,1.0,300.0,3600.0,3299.999952316284,mass_fraction_r_ge_onset_threshold,5,5,0.34275549292214486,0.01304488133908228,0.005833848286521293,0.3265581334025663,0.3589528524417234,0.3327034196164864,0.35287352052588145,0.038058854222491945
golovin_controlled_timestep_screen_v1,controlled,golovin,16384,1.0,300.0,3600.0,3299.999952316284,mass_weighted_radius_q99_um,5,5,1952.510400390625,79.50776698288388,35.55695434258834,1853.788468550404,2051.2323322308457,1886.1241455078125,2011.37607421875,0.04072079050999028
golovin_controlled_timestep_screen_v1,controlled,golovin,16384,1.0,300.0,3600.0,3299.999952316284,fixed_bin_mass_below_range_fraction,5,5,0.0,0.0,0.0,0.0,0.0,0.0,0.0,nan
golovin_controlled_timestep_screen_v1,controlled,golovin,16384,1.0,300.0,3600.0,3299.999952316284,fixed_bin_mass_above_range_fraction,5,5,0.0,0.0,0.0,0.0,0.0,0.0,0.0,nan
golovin_controlled_timestep_screen_v1,controlled,golovin,16384,1.0,300.0,3600.0,3299.999952316284,fixed_bin_mass_below_range_fraction_bins_250,5,5,0.0,0.0,0.0,0.0,0.0,0.0,0.0,nan
golovin_controlled_timestep_screen_v1,controlled,golovin,16384,1.0,300.0,3600.0,3299.999952316284,fixed_bin_mass_below_range_fraction_bins_500,5,5,0.0,0.0,0.0,0.0,0.0,0.0,0.0,nan
golovin_controlled_timestep_screen_v1,controlled,golovin,16384,1.0,300.0,3600.0,3299.999952316284,fixed_bin_mass_below_range_fraction_bins_1000,5,5,0.0,0.0,0.0,0.0,0.0,0.0,0.0,nan
golovin_controlled_timestep_screen_v1,controlled,golovin,16384,1.0,300.0,3600.0,3299.999952316284,fixed_bin_mass_above_range_fraction_bins_250,5,5,0.0,0.0,0.0,0.0,0.0,0.0,0.0,nan
golovin_controlled_timestep_screen_v1,controlled,golovin,16384,1.0,300.0,3600.0,3299.999952316284,fixed_bin_mass_above_range_fraction_bins_500,5,5,0.0,0.0,0.0,0.0,0.0,0.0,0.0,nan
golovin_controlled_timestep_screen_v1,controlled,golovin,16384,1.0,300.0,3600.0,3299.999952316284,fixed_bin_mass_above_range_fraction_bins_1000,5,5,0.0,0.0,0.0,0.0,0.0,0.0,0.0,nan
golovin_controlled_timestep_screen_v1,controlled,golovin,16384,1.0,300.0,3600.0,3599.9999046325684,golovin_fixed_bin_l1_relative,5,5,0.19668785643683442,0.014049153512657741,0.006282972456126532,0.17924352831492935,0.2141321845587395,0.18557293570259642,0.20724341443360528,0.07142867773928674
golovin_controlled_timestep_screen_v1,controlled,golovin,16384,1.0,300.0,3600.0,3599.9999046325684,golovin_fixed_bin_l1_relative_bins_250,5,5,0.14579437006606039,0.024239934720788177,0.010840428361167949,0.1156965158044483,0.1758922243276725,0.12794976672628536,0.16549313940739913,0.16626111632297533
golovin_controlled_timestep_screen_v1,controlled,golovin,16384,1.0,300.0,3600.0,3599.9999046325684,golovin_fixed_bin_l1_relative_bins_500,5,5,0.19668785643683442,0.014049153512657741,0.006282972456126532,0.17924352831492935,0.2141321845587395,0.18557293570259642,0.20724341443360528,0.07142867773928674
golovin_controlled_timestep_screen_v1,controlled,golovin,16384,1.0,300.0,3600.0,3599.9999046325684,golovin_fixed_bin_l1_relative_bins_1000,5,5,0.27541801925338716,0.018077092650147668,0.008084321600258402,0.2529723441175049,0.2978636943892694,0.26024151648532934,0.28846519980859076,0.065635112398062
golovin_controlled_timestep_screen_v1,controlled,golovin,16384,1.0,300.0,3600.0,3599.9999046325684,radius_moment_0_m3,5,5,37611.97146750342,520.3318245096118,232.6994660919966,36965.894173890156,38258.04876111668,37231.10203336929,38045.21644288303,0.013834207679307006
golovin_controlled_timestep_screen_v1,controlled,golovin,16384,1.0,300.0,3600.0,3599.9999046325684,radius_moment_3_um3_m3,5,5,238740390064.517,483.60543387402254,216.27492488611875,238740389464.04153,238740390664.99246,238740389686.4955,238740390433.36572,2.025654032580467e-09
golovin_controlled_timestep_screen_v1,controlled,golovin,16384,1.0,300.0,3600.0,3599.9999046325684,radius_moment_6_um6_m3,5,5,6.612792991419033e+20,3.844127959448032e+19,1.7191462863066708e+19,6.135481462245521e+20,7.090104520592546e+20,6.318992515108435e+20,6.931591679866398e+20,0.058131684515699986
golovin_controlled_timestep_screen_v1,controlled,golovin,16384,1.0,300.0,3600.0,3599.9999046325684,golovin_relative_error_radius_moment_0_m3,5,5,-0.007261275141599377,0.013733753690981515,0.0061419213678546615,-0.02431398265988919,0.009791432376690433,-0.01731402754003588,0.004173888919961666,1.8913694114552586
golovin_controlled_timestep_screen_v1,controlled,golovin,16384,1.0,300.0,3600.0,3599.9999046325684,golovin_relative_error_radius_moment_3_um3_m3,5,5,2.972938793819324e-05,2.0257142343686916e-09,9.05926946207467e-10,2.9726872681757776e-05,2.9731903194628704e-05,2.9727704264193023e-05,2.9730932962523936e-05,6.813844397268144e-05
golovin_controlled_timestep_screen_v1,controlled,golovin,16384,1.0,300.0,3600.0,3599.9999046325684,golovin_relative_error_radius_moment_6_um6_m3,5,5,-0.0072924491410405025,0.057707762162886214,0.02580769580512077,-0.07894609983560169,0.06436120155352068,-0.05139755747543902,0.04056537215115778,7.91335819376758
golovin_controlled_timestep_screen_v1,controlled,golovin,16384,1.0,300.0,3600.0,3599.9999046325684,liquid_water_gm3,5,5,0.9982363473560525,2.0220815474572213e-09,9.043023592324628e-10,0.9982363448453067,0.9982363498667983,0.9982363457754453,0.9982363488983061,2.0256540976622867e-09
golovin_controlled_timestep_screen_v1,controlled,golovin,16384,1.0,300.0,3600.0,3599.9999046325684,relative_liquid_mass_drift,5,5,-6.03375349683688e-11,2.0256540636462297e-09,9.05900037042331e-10,-2.5755192586130483e-09,2.454844188676311e-09,-1.743961552946871e-09,1.4586791774462426e-09,33.57203877666122
golovin_controlled_timestep_screen_v1,controlled,golovin,16384,1.0,300.0,3600.0,3599.9999046325684,mass_fraction_r_ge_cloud_threshold,5,5,0.9980824799405374,5.2155530846772164e-05,2.3324662475193943e-05,0.9980177202955778,0.9981472395854971,0.9980396893885007,0.9981197298240818,5.2255732261605695e-05
golovin_controlled_timestep_screen_v1,controlled,golovin,16384,1.0,300.0,3600.0,3599.9999046325684,mass_fraction_r_ge_large_threshold,5,5,0.5450556635697986,0.014994373783719121,0.006705687812087337,0.5264376894669442,0.563673637672653,0.5342615377185246,0.5579392622785246,0.027509802733751386
golovin_controlled_timestep_screen_v1,controlled,golovin,16384,1.0,300.0,3600.0,3599.9999046325684,mass_fraction_r_ge_onset_threshold,5,5,0.5450556635697986,0.014994373783719121,0.006705687812087337,0.5264376894669442,0.563673637672653,0.5342615377185246,0.5577879455675941,0.027509802733751386
golovin_controlled_timestep_screen_v1,controlled,golovin,16384,1.0,300.0,3600.0,3599.9999046325684,mass_weighted_radius_q99_um,5,5,2568.772314453125,120.60876197001866,53.93787808941063,2419.0167568470256,2718.5278720592246,2462.48427734375,2649.903271484375,0.0469519082292412
golovin_controlled_timestep_screen_v1,controlled,golovin,16384,1.0,300.0,3600.0,3599.9999046325684,fixed_bin_mass_below_range_fraction,5,5,0.0,0.0,0.0,0.0,0.0,0.0,0.0,nan
golovin_controlled_timestep_screen_v1,controlled,golovin,16384,1.0,300.0,3600.0,3599.9999046325684,fixed_bin_mass_above_range_fraction,5,5,0.0,0.0,0.0,0.0,0.0,0.0,0.0,nan
golovin_controlled_timestep_screen_v1,controlled,golovin,16384,1.0,300.0,3600.0,3599.9999046325684,fixed_bin_mass_below_range_fraction_bins_250,5,5,0.0,0.0,0.0,0.0,0.0,0.0,0.0,nan
golovin_controlled_timestep_screen_v1,controlled,golovin,16384,1.0,300.0,3600.0,3599.9999046325684,fixed_bin_mass_below_range_fraction_bins_500,5,5,0.0,0.0,0.0,0.0,0.0,0.0,0.0,nan
golovin_controlled_timestep_screen_v1,controlled,golovin,16384,1.0,300.0,3600.0,3599.9999046325684,fixed_bin_mass_below_range_fraction_bins_1000,5,5,0.0,0.0,0.0,0.0,0.0,0.0,0.0,nan
golovin_controlled_timestep_screen_v1,controlled,golovin,16384,1.0,300.0,3600.0,3599.9999046325684,fixed_bin_mass_above_range_fraction_bins_250,5,5,0.0,0.0,0.0,0.0,0.0,0.0,0.0,nan
golovin_controlled_timestep_screen_v1,controlled,golovin,16384,1.0,300.0,3600.0,3599.9999046325684,fixed_bin_mass_above_range_fraction_bins_500,5,5,0.0,0.0,0.0,0.0,0.0,0.0,0.0,nan
golovin_controlled_timestep_screen_v1,controlled,golovin,16384,1.0,300.0,3600.0,3599.9999046325684,fixed_bin_mass_above_range_fraction_bins_1000,5,5,0.0,0.0,0.0,0.0,0.0,0.0,0.0,nan
golovin_controlled_timestep_screen_v1,controlled,golovin,16384,1.0,300.0,3600.0,600.0000238418579,golovin_fixed_bin_l1_relative,5,5,0.12275415170084261,0.008951208722836683,0.00400310223701038,0.1116397580892888,0.13386854531239642,0.1158610092273531,0.12964729417433213,0.07291980433094582
golovin_controlled_timestep_screen_v1,controlled,golovin,16384,1.0,300.0,3600.0,600.0000238418579,golovin_fixed_bin_l1_relative_bins_250,5,5,0.08587792579870893,0.00714698034537596,0.0031962267772231144,0.07700377760798569,0.09475207398943217,0.0810481850764025,0.09204938128240137,0.08322255432819742
golovin_controlled_timestep_screen_v1,controlled,golovin,16384,1.0,300.0,3600.0,600.0000238418579,golovin_fixed_bin_l1_relative_bins_500,5,5,0.12275415170084261,0.008951208722836683,0.00400310223701038,0.1116397580892888,0.13386854531239642,0.1158610092273531,0.12964729417433213,0.07291980433094582
golovin_controlled_timestep_screen_v1,controlled,golovin,16384,1.0,300.0,3600.0,600.0000238418579,golovin_fixed_bin_l1_relative_bins_1000,5,5,0.17228876487014336,0.0049995157234848635,0.002235851402458239,0.16608104618783856,0.17849648355244815,0.1685570437065237,0.17639981817019074,0.02901823416781166
golovin_controlled_timestep_screen_v1,controlled,golovin,16384,1.0,300.0,3600.0,600.0000238418579,radius_moment_0_m3,5,5,3430941.8672960266,30274.552151172684,13539.191319676922,3393351.045828173,3468532.68876388,3407580.9580779476,3454302.7765141055,0.008823977007524316
golovin_controlled_timestep_screen_v1,controlled,golovin,16384,1.0,300.0,3600.0,600.0000238418579,radius_moment_3_um3_m3,5,5,238740390254.17993,256.739424674095,114.81736121509263,238740389935.39584,238740390572.96402,238740390051.70035,238740390438.80966,1.0753916603753223e-09
golovin_controlled_timestep_screen_v1,controlled,golovin,16384,1.0,300.0,3600.0,600.0000238418579,radius_moment_6_um6_m3,5,5,8.276627260113125e+16,1513700394268614.8,676947395830571.1,8.088676531750107e+16,8.464577988476142e+16,8.165194205067696e+16,8.405573005697315e+16,0.018288855432254003
golovin_controlled_timestep_screen_v1,controlled,golovin,16384,1.0,300.0,3600.0,600.0000238418579,golovin_relative_error_radius_moment_0_m3,5,5,0.005981388805875931,0.008876756644820436,0.00396980625550829,-0.005040560340813642,0.017003337952565506,-0.0008682288233182511,0.012831006435070114,1.4840628042939101
golovin_controlled_timestep_screen_v1,controlled,golovin,16384,1.0,300.0,3600.0,600.0000238418579,golovin_relative_error_radius_moment_3_um3_m3,5,5,2.9730182393494786e-05,1.075423601877728e-09,4.80944055681254e-10,2.9728847078725517e-05,2.9731517708264056e-05,2.9729249471310837e-05,2.97309596624995e-05,3.61727885703466e-05
golovin_controlled_timestep_screen_v1,controlled,golovin,16384,1.0,300.0,3600.0,600.0000238418579,golovin_relative_error_radius_moment_6_um6_m3,5,5,0.0068258377057546,0.01841369219125859,0.008234853491282253,-0.01603778096213697,0.029689456373646173,-0.006729645158009357,0.022511684637880468,2.697645766721749
golovin_controlled_timestep_screen_v1,controlled,golovin,16384,1.0,300.0,3600.0,600.0000238418579,liquid_water_gm3,5,5,0.9982363481490832,1.0734950320961777e-09,4.800815730550744e-10,0.9982363468161631,0.9982363494820033,0.9982363473024627,0.9982363489249583,1.0753916485676345e-09
golovin_controlled_timestep_screen_v1,controlled,golovin,16384,1.0,300.0,3600.0,600.0000238418579,relative_liquid_mass_drift,5,5,7.34094229848381e-10,1.0753916418673561e-09,4.809297627301034e-10,-6.011808558275507e-10,2.0693693155243128e-09,-1.1402196964382938e-10,1.5074435921746955e-09,1.4649231640050708
golovin_controlled_timestep_screen_v1,controlled,golovin,16384,1.0,300.0,3600.0,600.0000238418579,mass_fraction_r_ge_cloud_threshold,5,5,0.7855734889133886,0.00564827932719397,0.0025259873063024985,0.7785602238210133,0.792586754005764,0.7805081630749029,0.7892303100253492,0.007190007563782115
golovin_controlled_timestep_screen_v1,controlled,golovin,16384,1.0,300.0,3600.0,600.0000238418579,mass_fraction_r_ge_large_threshold,5,5,0.0,0.0,0.0,0.0,0.0,0.0,0.0,nan
golovin_controlled_timestep_screen_v1,controlled,golovin,16384,1.0,300.0,3600.0,600.0000238418579,mass_fraction_r_ge_onset_threshold,5,5,0.0,0.0,0.0,0.0,0.0,0.0,0.0,nan
golovin_controlled_timestep_screen_v1,controlled,golovin,16384,1.0,300.0,3600.0,600.0000238418579,mass_weighted_radius_q99_um,5,5,124.99092254638671,4.576115367242266,2.046501006807024,119.308924843255,130.67292024951843,121.8142105102539,128.83787841796874,0.03661158165741176
golovin_controlled_timestep_screen_v1,controlled,golovin,16384,1.0,300.0,3600.0,600.0000238418579,fixed_bin_mass_below_range_fraction,5,5,0.0,0.0,0.0,0.0,0.0,0.0,0.0,nan
golovin_controlled_timestep_screen_v1,controlled,golovin,16384,1.0,300.0,3600.0,600.0000238418579,fixed_bin_mass_above_range_fraction,5,5,0.0,0.0,0.0,0.0,0.0,0.0,0.0,nan
golovin_controlled_timestep_screen_v1,controlled,golovin,16384,1.0,300.0,3600.0,600.0000238418579,fixed_bin_mass_below_range_fraction_bins_250,5,5,0.0,0.0,0.0,0.0,0.0,0.0,0.0,nan
golovin_controlled_timestep_screen_v1,controlled,golovin,16384,1.0,300.0,3600.0,600.0000238418579,fixed_bin_mass_below_range_fraction_bins_500,5,5,0.0,0.0,0.0,0.0,0.0,0.0,0.0,nan
golovin_controlled_timestep_screen_v1,controlled,golovin,16384,1.0,300.0,3600.0,600.0000238418579,fixed_bin_mass_below_range_fraction_bins_1000,5,5,0.0,0.0,0.0,0.0,0.0,0.0,0.0,nan
golovin_controlled_timestep_screen_v1,controlled,golovin,16384,1.0,300.0,3600.0,600.0000238418579,fixed_bin_mass_above_range_fraction_bins_250,5,5,0.0,0.0,0.0,0.0,0.0,0.0,0.0,nan
golovin_controlled_timestep_screen_v1,controlled,golovin,16384,1.0,300.0,3600.0,600.0000238418579,fixed_bin_mass_above_range_fraction_bins_500,5,5,0.0,0.0,0.0,0.0,0.0,0.0,0.0,nan
golovin_controlled_timestep_screen_v1,controlled,golovin,16384,1.0,300.0,3600.0,600.0000238418579,fixed_bin_mass_above_range_fraction_bins_1000,5,5,0.0,0.0,0.0,0.0,0.0,0.0,0.0,nan
golovin_controlled_timestep_screen_v1,controlled,golovin,16384,1.0,300.0,3600.0,899.9999761581421,golovin_fixed_bin_l1_relative,5,5,0.13036005182779592,0.006168669359614424,0.0027587128037635895,0.12270063716714003,0.13801946648845181,0.12557162453808168,0.13523227606949106,0.0473202432272976
golovin_controlled_timestep_screen_v1,controlled,golovin,16384,1.0,300.0,3600.0,899.9999761581421,golovin_fixed_bin_l1_relative_bins_250,5,5,0.08585628036343304,0.007523712719602766,0.0033647066168423197,0.07651435714667455,0.09519820358019153,0.07972896749391242,0.09140124696339841,0.08763147771781624
golovin_controlled_timestep_screen_v1,controlled,golovin,16384,1.0,300.0,3600.0,899.9999761581421,golovin_fixed_bin_l1_relative_bins_500,5,5,0.13036005182779592,0.006168669359614424,0.0027587128037635895,0.12270063716714003,0.13801946648845181,0.12569178546040458,0.135423929309296,0.0473202432272976
golovin_controlled_timestep_screen_v1,controlled,golovin,16384,1.0,300.0,3600.0,899.9999761581421,golovin_fixed_bin_l1_relative_bins_1000,5,5,0.18585068224241955,0.00508278487592962,0.002273090499517293,0.17953957125136316,0.19216179323347593,0.18236222872258184,0.18985145099976108,0.02734875554182657
golovin_controlled_timestep_screen_v1,controlled,golovin,16384,1.0,300.0,3600.0,899.9999761581421,radius_moment_0_m3,5,5,2175175.851463307,15814.552431539358,7072.482854131318,2155539.4910613587,2194812.2118652556,2162789.263734893,2188767.9648117856,0.007270470762582449
golovin_controlled_timestep_screen_v1,controlled,golovin,16384,1.0,300.0,3600.0,899.9999761581421,radius_moment_3_um3_m3,5,5,238740390287.93057,313.30542769002903,140.11444680690997,238740389898.9105,238740390676.95065,238740390045.3623,238740390529.46442,1.3123268639720744e-09
golovin_controlled_timestep_screen_v1,controlled,golovin,16384,1.0,300.0,3600.0,899.9999761581421,radius_moment_6_um6_m3,5,5,2.020990966654582e+17,6778727592581414.0,3031539139593108.0,1.936821946601194e+17,2.1051599867079702e+17,1.9622714168608822e+17,2.0699262606810912e+17,0.03354160263171528
golovin_controlled_timestep_screen_v1,controlled,golovin,16384,1.0,300.0,3600.0,899.9999761581421,golovin_relative_error_radius_moment_0_m3,5,5,0.00023987576206241368,0.007272214772297217,0.0032522333155669465,-0.008789771507904625,0.009269523032029452,-0.0055106690922078535,0.006436826970401376,30.316588511368845
golovin_controlled_timestep_screen_v1,controlled,golovin,16384,1.0,300.0,3600.0,899.9999761581421,golovin_relative_error_radius_moment_3_um3_m3,5,5,2.9730323767385157e-05,1.3123658721416787e-09,5.869078602919182e-10,2.9728694249929247e-05,2.9731953284841067e-05,2.9729307703529885e-05,2.9731335498262012e-05,4.414233367957378e-05
golovin_controlled_timestep_screen_v1,controlled,golovin,16384,1.0,300.0,3600.0,899.9999761581421,golovin_relative_error_radius_moment_6_um6_m3,5,5,-0.00046290074681252234,0.033526076198807764,0.014993317079874382,-0.042091022563908224,0.04116522107028318,-0.02492916000598715,0.02373940527503269,72.42605770170864
golovin_controlled_timestep_screen_v1,controlled,golovin,16384,1.0,300.0,3600.0,899.9999761581421,liquid_water_gm3,5,5,0.9982363482902035,1.310012406383666e-09,5.858553584083913e-10,0.9982363466636083,0.9982363499167987,0.9982363472759618,0.9982363492796399,1.3123268939539998e-09
golovin_controlled_timestep_screen_v1,controlled,golovin,16384,1.0,300.0,3600.0,899.9999761581421,relative_liquid_mass_drift,5,5,8.75463879168592e-10,1.3123269440633272e-09,5.868904511260328e-10,-7.540052411476065e-10,2.5049329994847906e-09,-1.4056986685773155e-10,1.8871647355922506e-09,1.4990075265122464
golovin_controlled_timestep_screen_v1,controlled,golovin,16384,1.0,300.0,3600.0,899.9999761581421,mass_fraction_r_ge_cloud_threshold,5,5,0.8734537724900377,0.0017114797520760739,0.0007653970135513175,0.8713286896982302,0.8755788552818453,0.8721123542079905,0.8748132630425163,0.001959439418524687
golovin_controlled_timestep_screen_v1,controlled,golovin,16384,1.0,300.0,3600.0,899.9999761581421,mass_fraction_r_ge_large_threshold,5,5,0.0,0.0,0.0,0.0,0.0,0.0,0.0,nan
golovin_controlled_timestep_screen_v1,controlled,golovin,16384,1.0,300.0,3600.0,899.9999761581421,mass_fraction_r_ge_onset_threshold,5,5,0.0,0.0,0.0,0.0,0.0,0.0,0.0,nan
golovin_controlled_timestep_screen_v1,controlled,golovin,16384,1.0,300.0,3600.0,899.9999761581421,mass_weighted_radius_q99_um,5,5,169.93753051757812,5.525974322502938,2.471290845406983,163.0761271463278,176.79893388882846,165.2856689453125,174.56395568847657,0.03251768050101998
golovin_controlled_timestep_screen_v1,controlled,golovin,16384,1.0,300.0,3600.0,899.9999761581421,fixed_bin_mass_below_range_fraction,5,5,0.0,0.0,0.0,0.0,0.0,0.0,0.0,nan
golovin_controlled_timestep_screen_v1,controlled,golovin,16384,1.0,300.0,3600.0,899.9999761581421,fixed_bin_mass_above_range_fraction,5,5,0.0,0.0,0.0,0.0,0.0,0.0,0.0,nan
golovin_controlled_timestep_screen_v1,controlled,golovin,16384,1.0,300.0,3600.0,899.9999761581421,fixed_bin_mass_below_range_fraction_bins_250,5,5,0.0,0.0,0.0,0.0,0.0,0.0,0.0,nan
golovin_controlled_timestep_screen_v1,controlled,golovin,16384,1.0,300.0,3600.0,899.9999761581421,fixed_bin_mass_below_range_fraction_bins_500,5,5,0.0,0.0,0.0,0.0,0.0,0.0,0.0,nan
golovin_controlled_timestep_screen_v1,controlled,golovin,16384,1.0,300.0,3600.0,899.9999761581421,fixed_bin_mass_below_range_fraction_bins_1000,5,5,0.0,0.0,0.0,0.0,0.0,0.0,0.0,nan
golovin_controlled_timestep_screen_v1,controlled,golovin,16384,1.0,300.0,3600.0,899.9999761581421,fixed_bin_mass_above_range_fraction_bins_250,5,5,0.0,0.0,0.0,0.0,0.0,0.0,0.0,nan
golovin_controlled_timestep_screen_v1,controlled,golovin,16384,1.0,300.0,3600.0,899.9999761581421,fixed_bin_mass_above_range_fraction_bins_500,5,5,0.0,0.0,0.0,0.0,0.0,0.0,0.0,nan
golovin_controlled_timestep_screen_v1,controlled,golovin,16384,1.0,300.0,3600.0,899.9999761581421,fixed_bin_mass_above_range_fraction_bins_1000,5,5,0.0,0.0,0.0,0.0,0.0,0.0,0.0,nan
golovin_controlled_timestep_screen_v1,controlled,golovin,16384,2.0,300.0,3600.0,0.0,golovin_fixed_bin_l1_relative,5,5,0.007120967653698127,9.69739903612216e-19,4.336808689942018e-19,0.007120967653698126,0.0071209676536981275,0.007120967653698127,0.007120967653698127,1.3618091680399668e-16
golovin_controlled_timestep_screen_v1,controlled,golovin,16384,2.0,300.0,3600.0,0.0,golovin_fixed_bin_l1_relative_bins_250,5,5,0.00332856509419501,4.84869951806108e-19,2.168404344971009e-19,0.0033285650941950098,0.0033285650941950106,0.00332856509419501,0.00332856509419501,1.4566936144698421e-16
golovin_controlled_timestep_screen_v1,controlled,golovin,16384,2.0,300.0,3600.0,0.0,golovin_fixed_bin_l1_relative_bins_500,5,5,0.007120967653698127,9.69739903612216e-19,4.336808689942018e-19,0.007120967653698126,0.0071209676536981275,0.007120967653698127,0.007120967653698127,1.3618091680399668e-16
golovin_controlled_timestep_screen_v1,controlled,golovin,16384,2.0,300.0,3600.0,0.0,golovin_fixed_bin_l1_relative_bins_1000,5,5,0.01348464728023573,0.0,0.0,0.01348464728023573,0.01348464728023573,0.01348464728023573,0.01348464728023573,0.0
golovin_controlled_timestep_screen_v1,controlled,golovin,16384,2.0,300.0,3600.0,0.0,radius_moment_0_m3,5,5,8388608.0,0.0,0.0,8388608.0,8388608.0,8388608.0,8388608.0,0.0
golovin_controlled_timestep_screen_v1,controlled,golovin,16384,2.0,300.0,3600.0,0.0,radius_moment_3_um3_m3,5,5,238740390078.92203,0.0,0.0,238740390078.92203,238740390078.92203,238740390078.92203,238740390078.92203,0.0
golovin_controlled_timestep_screen_v1,controlled,golovin,16384,2.0,300.0,3600.0,0.0,radius_moment_6_um6_m3,5,5,1.3588188114267852e+16,0.0,0.0,1.3588188114267852e+16,1.3588188114267852e+16,1.3588188114267852e+16,1.3588188114267852e+16,0.0
golovin_controlled_timestep_screen_v1,controlled,golovin,16384,2.0,300.0,3600.0,0.0,golovin_relative_error_radius_moment_0_m3,5,5,0.0,0.0,0.0,0.0,0.0,0.0,0.0,nan
golovin_controlled_timestep_screen_v1,controlled,golovin,16384,2.0,300.0,3600.0,0.0,golovin_relative_error_radius_moment_3_um3_m3,5,5,2.972944827761559e-05,0.0,0.0,2.972944827761559e-05,2.972944827761559e-05,2.972944827761559e-05,2.972944827761559e-05,0.0
golovin_controlled_timestep_screen_v1,controlled,golovin,16384,2.0,300.0,3600.0,0.0,golovin_relative_error_radius_moment_6_um6_m3,5,5,-1.0409391858035022e-05,0.0,0.0,-1.0409391858035022e-05,-1.0409391858035022e-05,-1.0409391858035022e-05,-1.0409391858035022e-05,0.0
golovin_controlled_timestep_screen_v1,controlled,golovin,16384,2.0,300.0,3600.0,0.0,liquid_water_gm3,5,5,0.9982363474162836,0.0,0.0,0.9982363474162836,0.9982363474162836,0.9982363474162836,0.9982363474162836,0.0
golovin_controlled_timestep_screen_v1,controlled,golovin,16384,2.0,300.0,3600.0,0.0,relative_liquid_mass_drift,5,5,0.0,0.0,0.0,0.0,0.0,0.0,0.0,nan
golovin_controlled_timestep_screen_v1,controlled,golovin,16384,2.0,300.0,3600.0,0.0,mass_fraction_r_ge_cloud_threshold,5,5,0.3426337917221375,0.0,0.0,0.3426337917221375,0.3426337917221375,0.3426337917221375,0.3426337917221375,0.0
golovin_controlled_timestep_screen_v1,controlled,golovin,16384,2.0,300.0,3600.0,0.0,mass_fraction_r_ge_large_threshold,5,5,0.0,0.0,0.0,0.0,0.0,0.0,0.0,nan
golovin_controlled_timestep_screen_v1,controlled,golovin,16384,2.0,300.0,3600.0,0.0,mass_fraction_r_ge_onset_threshold,5,5,0.0,0.0,0.0,0.0,0.0,0.0,0.0,nan
golovin_controlled_timestep_screen_v1,controlled,golovin,16384,2.0,300.0,3600.0,0.0,mass_weighted_radius_q99_um,5,5,57.375732421875,0.0,0.0,57.375732421875,57.375732421875,57.375732421875,57.375732421875,0.0
golovin_controlled_timestep_screen_v1,controlled,golovin,16384,2.0,300.0,3600.0,0.0,fixed_bin_mass_below_range_fraction,5,5,0.0,0.0,0.0,0.0,0.0,0.0,0.0,nan
golovin_controlled_timestep_screen_v1,controlled,golovin,16384,2.0,300.0,3600.0,0.0,fixed_bin_mass_above_range_fraction,5,5,0.0,0.0,0.0,0.0,0.0,0.0,0.0,nan
golovin_controlled_timestep_screen_v1,controlled,golovin,16384,2.0,300.0,3600.0,0.0,fixed_bin_mass_below_range_fraction_bins_250,5,5,0.0,0.0,0.0,0.0,0.0,0.0,0.0,nan
golovin_controlled_timestep_screen_v1,controlled,golovin,16384,2.0,300.0,3600.0,0.0,fixed_bin_mass_below_range_fraction_bins_500,5,5,0.0,0.0,0.0,0.0,0.0,0.0,0.0,nan
golovin_controlled_timestep_screen_v1,controlled,golovin,16384,2.0,300.0,3600.0,0.0,fixed_bin_mass_below_range_fraction_bins_1000,5,5,0.0,0.0,0.0,0.0,0.0,0.0,0.0,nan
golovin_controlled_timestep_screen_v1,controlled,golovin,16384,2.0,300.0,3600.0,0.0,fixed_bin_mass_above_range_fraction_bins_250,5,5,0.0,0.0,0.0,0.0,0.0,0.0,0.0,nan
golovin_controlled_timestep_screen_v1,controlled,golovin,16384,2.0,300.0,3600.0,0.0,fixed_bin_mass_above_range_fraction_bins_500,5,5,0.0,0.0,0.0,0.0,0.0,0.0,0.0,nan
golovin_controlled_timestep_screen_v1,controlled,golovin,16384,2.0,300.0,3600.0,0.0,fixed_bin_mass_above_range_fraction_bins_1000,5,5,0.0,0.0,0.0,0.0,0.0,0.0,0.0,nan
golovin_controlled_timestep_screen_v1,controlled,golovin,16384,2.0,300.0,3600.0,1200.0000476837158,golovin_fixed_bin_l1_relative,5,5,0.13682329087672215,0.007928801087643678,0.0035458676424091062,0.12697838401727615,0.14666819773616815,0.131958293713101,0.14378889799608977,0.057949206139088785
golovin_controlled_timestep_screen_v1,controlled,golovin,16384,2.0,300.0,3600.0,1200.0000476837158,golovin_fixed_bin_l1_relative_bins_250,5,5,0.09987299572538418,0.010207873251692406,0.004565099699297207,0.08719824701053053,0.11254774444023782,0.09268807718314216,0.1086755947454596,0.10220854173394867
golovin_controlled_timestep_screen_v1,controlled,golovin,16384,2.0,300.0,3600.0,1200.0000476837158,golovin_fixed_bin_l1_relative_bins_500,5,5,0.13682329087672215,0.007928801087643678,0.0035458676424091062,0.12697838401727615,0.14666819773616815,0.13190526313714163,0.14378889799608977,0.057949206139088785
golovin_controlled_timestep_screen_v1,controlled,golovin,16384,2.0,300.0,3600.0,1200.0000476837158,golovin_fixed_bin_l1_relative_bins_1000,5,5,0.18821058568627413,0.008664613036138849,0.0038749327495074615,0.17745204762093353,0.19896912375161474,0.18140760136012327,0.19501357001242497,0.04603679970786438
golovin_controlled_timestep_screen_v1,controlled,golovin,16384,2.0,300.0,3600.0,1200.0000476837158,radius_moment_0_m3,5,5,1386927.6414793208,22551.3862458158,10085.286526499582,1358926.3970683038,1414928.8858903379,1370205.4963972056,1405684.4190840921,0.016259958754417863
golovin_controlled_timestep_screen_v1,controlled,golovin,16384,2.0,300.0,3600.0,1200.0000476837158,radius_moment_3_um3_m3,5,5,238740390070.04028,402.45786915633283,179.9846307026552,238740389570.32285,238740390569.75772,238740389758.35654,238740390381.72403,1.6857552634401831e-09
golovin_controlled_timestep_screen_v1,controlled,golovin,16384,2.0,300.0,3600.0,1200.0000476837158,radius_moment_6_um6_m3,5,5,4.863194805361896e+17,1.6065274245154086e+16,7184609057868231.0,4.663718078847116e+17,5.062671531876675e+17,4.7485731588913574e+17,5.007415022839335e+17,0.033034404107031415
golovin_controlled_timestep_screen_v1,controlled,golovin,16384,2.0,300.0,3600.0,1200.0000476837158,golovin_relative_error_radius_moment_0_m3,5,5,0.0002230925851473442,0.016263586230650787,0.007273296873932946,-0.019970816919134195,0.020417002089428885,-0.011836567319568858,0.013750086742366486,72.9006130791362
golovin_controlled_timestep_screen_v1,controlled,golovin,16384,2.0,300.0,3600.0,1200.0000476837158,golovin_relative_error_radius_moment_3_um3_m3,5,5,2.9729411074086442e-05,1.6858054056095296e-09,7.539150967559027e-10,2.972731787020632e-05,2.9731504277966563e-05,2.9728105501103385e-05,2.97307166470695e-05,5.6704971430764644e-05
golovin_controlled_timestep_screen_v1,controlled,golovin,16384,2.0,300.0,3600.0,1200.0000476837158,golovin_relative_error_radius_moment_6_um6_m3,5,5,-0.02211080407897732,0.03230398686995508,0.014446782117096043,-0.06222150157384765,0.017999893415893007,-0.0451588772465662,0.006888937479611767,1.4610046181300713
golovin_controlled_timestep_screen_v1,controlled,golovin,16384,2.0,300.0,3600.0,1200.0000476837158,liquid_water_gm3,5,5,0.9982363473791469,1.6827822192005988e-09,7.525630866920982e-10,0.9982363452896968,0.998236349468597,0.9982363460759153,0.9982363486823786,1.6857553059640795e-09
golovin_controlled_timestep_screen_v1,controlled,golovin,16384,2.0,300.0,3600.0,1200.0000476837158,relative_liquid_mass_drift,5,5,-3.720228569648043e-11,1.6857553297645892e-09,7.538927021572392e-10,-2.1303439884452848e-09,2.0559394170523242e-09,-1.3427364997653512e-09,1.2683319283723904e-09,45.31321928760071
golovin_controlled_timestep_screen_v1,controlled,golovin,16384,2.0,300.0,3600.0,1200.0000476837158,mass_fraction_r_ge_cloud_threshold,5,5,0.9243305281442868,0.002574992521807354,0.0011515716640629707,0.9211332526343148,0.9275278036542589,0.9223298043540078,0.926267781585581,0.0027857919255106557
golovin_controlled_timestep_screen_v1,controlled,golovin,16384,2.0,300.0,3600.0,1200.0000476837158,mass_fraction_r_ge_large_threshold,5,5,0.0,0.0,0.0,0.0,0.0,0.0,0.0,nan
golovin_controlled_timestep_screen_v1,controlled,golovin,16384,2.0,300.0,3600.0,1200.0000476837158,mass_fraction_r_ge_onset_threshold,5,5,0.0,0.0,0.0,0.0,0.0,0.0,0.0,nan
golovin_controlled_timestep_screen_v1,controlled,golovin,16384,2.0,300.0,3600.0,1200.0000476837158,mass_weighted_radius_q99_um,5,5,233.21331176757812,5.827217389373342,2.6060108404615305,225.9778657254863,240.44875780966993,229.073046875,238.23624572753906,0.02498664139369876
golovin_controlled_timestep_screen_v1,controlled,golovin,16384,2.0,300.0,3600.0,1200.0000476837158,fixed_bin_mass_below_range_fraction,5,5,0.0,0.0,0.0,0.0,0.0,0.0,0.0,nan
golovin_controlled_timestep_screen_v1,controlled,golovin,16384,2.0,300.0,3600.0,1200.0000476837158,fixed_bin_mass_above_range_fraction,5,5,0.0,0.0,0.0,0.0,0.0,0.0,0.0,nan
golovin_controlled_timestep_screen_v1,controlled,golovin,16384,2.0,300.0,3600.0,1200.0000476837158,fixed_bin_mass_below_range_fraction_bins_250,5,5,0.0,0.0,0.0,0.0,0.0,0.0,0.0,nan
golovin_controlled_timestep_screen_v1,controlled,golovin,16384,2.0,300.0,3600.0,1200.0000476837158,fixed_bin_mass_below_range_fraction_bins_500,5,5,0.0,0.0,0.0,0.0,0.0,0.0,0.0,nan
golovin_controlled_timestep_screen_v1,controlled,golovin,16384,2.0,300.0,3600.0,1200.0000476837158,fixed_bin_mass_below_range_fraction_bins_1000,5,5,0.0,0.0,0.0,0.0,0.0,0.0,0.0,nan
golovin_controlled_timestep_screen_v1,controlled,golovin,16384,2.0,300.0,3600.0,1200.0000476837158,fixed_bin_mass_above_range_fraction_bins_250,5,5,0.0,0.0,0.0,0.0,0.0,0.0,0.0,nan
golovin_controlled_timestep_screen_v1,controlled,golovin,16384,2.0,300.0,3600.0,1200.0000476837158,fixed_bin_mass_above_range_fraction_bins_500,5,5,0.0,0.0,0.0,0.0,0.0,0.0,0.0,nan
golovin_controlled_timestep_screen_v1,controlled,golovin,16384,2.0,300.0,3600.0,1200.0000476837158,fixed_bin_mass_above_range_fraction_bins_1000,5,5,0.0,0.0,0.0,0.0,0.0,0.0,0.0,nan
golovin_controlled_timestep_screen_v1,controlled,golovin,16384,2.0,300.0,3600.0,1500.0,golovin_fixed_bin_l1_relative,5,5,0.13611590924364628,0.010160539553104047,0.004543931425763197,0.12349993307823162,0.14873188540906093,0.12811612640923964,0.14368222789330337,0.07464623062478884
golovin_controlled_timestep_screen_v1,controlled,golovin,16384,2.0,300.0,3600.0,1500.0,golovin_fixed_bin_l1_relative_bins_250,5,5,0.09938198232183851,0.013181658090627917,0.005895016709360821,0.08301479203407446,0.11574917260960256,0.08753573542866525,0.10757084986963647,0.13263629666734206
golovin_controlled_timestep_screen_v1,controlled,golovin,16384,2.0,300.0,3600.0,1500.0,golovin_fixed_bin_l1_relative_bins_500,5,5,0.13611590924364628,0.010160539553104047,0.004543931425763197,0.12349993307823162,0.14873188540906093,0.12811612640923964,0.14368222789330337,0.07464623062478884
golovin_controlled_timestep_screen_v1,controlled,golovin,16384,2.0,300.0,3600.0,1500.0,golovin_fixed_bin_l1_relative_bins_1000,5,5,0.18656178684997896,0.004841383577276127,0.0021651325567881054,0.18055041516058024,0.19257315853937768,0.18298249432951288,0.19016910311772078,0.025950563933916745
golovin_controlled_timestep_screen_v1,controlled,golovin,16384,2.0,300.0,3600.0,1500.0,radius_moment_0_m3,5,5,880154.0793136668,19637.829328008447,8782.30426159318,855770.4936342087,904537.6649931249,866088.0495416851,897069.351883556,0.022311808568020026
golovin_controlled_timestep_screen_v1,controlled,golovin,16384,2.0,300.0,3600.0,1500.0,radius_moment_3_um3_m3,5,5,238740390221.54584,389.05785855393015,173.99196378141716,238740389738.4667,238740390704.62497,238740389978.04874,238740390557.88696,1.6296273043404721e-09
golovin_controlled_timestep_screen_v1,controlled,golovin,16384,2.0,300.0,3600.0,1500.0,radius_moment_6_um6_m3,5,5,1.1901792357338632e+18,4.645700454165353e+16,2.0776204037230748e+16,1.1324952457301032e+18,1.247863225737623e+18,1.1569923293658624e+18,1.2269882478309115e+18,0.03903362043869652
golovin_controlled_timestep_screen_v1,controlled,golovin,16384,2.0,300.0,3600.0,1500.0,golovin_relative_error_radius_moment_0_m3,5,5,-0.004514395709042907,0.02221108423515956,0.00993309884075814,-0.03209309936491172,0.02306430794682591,-0.02042357624531288,0.014617379887695004,4.920057005784394
golovin_controlled_timestep_screen_v1,controlled,golovin,16384,2.0,300.0,3600.0,1500.0,golovin_relative_error_radius_moment_3_um3_m3,5,5,2.9730045696751974e-05,1.6296757251432222e-09,7.288131405403016e-10,2.9728022187075318e-05,2.973206920642863e-05,2.9729025742186722e-05,2.9731425792434152e-05,5.481578271913875e-05
golovin_controlled_timestep_screen_v1,controlled,golovin,16384,2.0,300.0,3600.0,1500.0,golovin_relative_error_radius_moment_6_um6_m3,5,5,-0.02699753294086722,0.037979808985101525,0.01698508693262886,-0.07415569441632362,0.020160628534589182,-0.05403030439896017,0.0030947913957723562,1.4067881338746329
golovin_controlled_timestep_screen_v1,controlled,golovin,16384,2.0,300.0,3600.0,1500.0,liquid_water_gm3,5,5,0.9982363480126315,1.6267531899945e-09,7.275061430884666e-10,0.9982363459927507,0.9982363500325123,0.9982363469968554,0.9982363493909702,1.629627285395057e-09
golovin_controlled_timestep_screen_v1,controlled,golovin,16384,2.0,300.0,3600.0,1500.0,relative_liquid_mass_drift,5,5,5.974015726550874e-10,1.6296273076116263e-09,7.287914875619113e-10,-1.4260479856959998e-09,2.6208511310061746e-09,-4.225227057119696e-10,1.9774562876051505e-09,2.7278590854204183
golovin_controlled_timestep_screen_v1,controlled,golovin,16384,2.0,300.0,3600.0,1500.0,mass_fraction_r_ge_cloud_threshold,5,5,0.953640031381447,0.002021673187847435,0.0009041197352631132,0.951129792567963,0.956150270194931,0.9521383238766792,0.9552433854392195,0.002119954197936543
golovin_controlled_timestep_screen_v1,controlled,golovin,16384,2.0,300.0,3600.0,1500.0,mass_fraction_r_ge_large_threshold,5,5,0.0,0.0,0.0,0.0,0.0,0.0,0.0,nan
golovin_controlled_timestep_screen_v1,controlled,golovin,16384,2.0,300.0,3600.0,1500.0,mass_fraction_r_ge_onset_threshold,5,5,0.0,0.0,0.0,0.0,0.0,0.0,0.0,nan
golovin_controlled_timestep_screen_v1,controlled,golovin,16384,2.0,300.0,3600.0,1500.0,mass_weighted_radius_q99_um,5,5,317.2974365234375,7.465676750065222,3.3387521422371083,308.02757448065466,326.56729856622036,311.5311279296875,323.42853393554685,0.023528953879568333
golovin_controlled_timestep_screen_v1,controlled,golovin,16384,2.0,300.0,3600.0,1500.0,fixed_bin_mass_below_range_fraction,5,5,0.0,0.0,0.0,0.0,0.0,0.0,0.0,nan
golovin_controlled_timestep_screen_v1,controlled,golovin,16384,2.0,300.0,3600.0,1500.0,fixed_bin_mass_above_range_fraction,5,5,0.0,0.0,0.0,0.0,0.0,0.0,0.0,nan
golovin_controlled_timestep_screen_v1,controlled,golovin,16384,2.0,300.0,3600.0,1500.0,fixed_bin_mass_below_range_fraction_bins_250,5,5,0.0,0.0,0.0,0.0,0.0,0.0,0.0,nan
golovin_controlled_timestep_screen_v1,controlled,golovin,16384,2.0,300.0,3600.0,1500.0,fixed_bin_mass_below_range_fraction_bins_500,5,5,0.0,0.0,0.0,0.0,0.0,0.0,0.0,nan
golovin_controlled_timestep_screen_v1,controlled,golovin,16384,2.0,300.0,3600.0,1500.0,fixed_bin_mass_below_range_fraction_bins_1000,5,5,0.0,0.0,0.0,0.0,0.0,0.0,0.0,nan
golovin_controlled_timestep_screen_v1,controlled,golovin,16384,2.0,300.0,3600.0,1500.0,fixed_bin_mass_above_range_fraction_bins_250,5,5,0.0,0.0,0.0,0.0,0.0,0.0,0.0,nan
golovin_controlled_timestep_screen_v1,controlled,golovin,16384,2.0,300.0,3600.0,1500.0,fixed_bin_mass_above_range_fraction_bins_500,5,5,0.0,0.0,0.0,0.0,0.0,0.0,0.0,nan
golovin_controlled_timestep_screen_v1,controlled,golovin,16384,2.0,300.0,3600.0,1500.0,fixed_bin_mass_above_range_fraction_bins_1000,5,5,0.0,0.0,0.0,0.0,0.0,0.0,0.0,nan
golovin_controlled_timestep_screen_v1,controlled,golovin,16384,2.0,300.0,3600.0,1799.9999523162842,golovin_fixed_bin_l1_relative,5,5,0.13794699718566483,0.008393323080308483,0.0037536081929375386,0.12752531009155307,0.1483686842797766,0.1320476976297778,0.1452156726612828,0.060844550816947396
golovin_controlled_timestep_screen_v1,controlled,golovin,16384,2.0,300.0,3600.0,1799.9999523162842,golovin_fixed_bin_l1_relative_bins_250,5,5,0.0982965594441875,0.007637885471575867,0.003415766223760335,0.08881287203172816,0.10778024685664683,0.09246435197590479,0.1040243022727887,0.07770247010438484
golovin_controlled_timestep_screen_v1,controlled,golovin,16384,2.0,300.0,3600.0,1799.9999523162842,golovin_fixed_bin_l1_relative_bins_500,5,5,0.13794699718566483,0.008393323080308483,0.0037536081929375386,0.12752531009155307,0.1483686842797766,0.1320476976297778,0.1452156726612828,0.060844550816947396
golovin_controlled_timestep_screen_v1,controlled,golovin,16384,2.0,300.0,3600.0,1799.9999523162842,golovin_fixed_bin_l1_relative_bins_1000,5,5,0.1909283144007156,0.009862446055125255,0.0044106199607369416,0.17868247019983982,0.20317415860159135,0.18266144926313918,0.19827947307023366,0.0516552303207695
golovin_controlled_timestep_screen_v1,controlled,golovin,16384,2.0,300.0,3600.0,1799.9999523162842,radius_moment_0_m3,5,5,560235.286597694,12121.05424370201,5420.700249575999,545185.0099230143,575285.5632723738,551589.6690441631,570797.945239641,0.021635649402437875
golovin_controlled_timestep_screen_v1,controlled,golovin,16384,2.0,300.0,3600.0,1799.9999523162842,radius_moment_3_um3_m3,5,5,238740390218.37006,317.4192061314444,141.95418445478555,238740389824.24207,238740390612.49805,238740389946.6938,238740390470.48022,1.3295580435346894e-09
golovin_controlled_timestep_screen_v1,controlled,golovin,16384,2.0,300.0,3600.0,1799.9999523162842,radius_moment_6_um6_m3,5,5,2.9540733601555333e+18,1.3261275805876966e+17,5.93062283406284e+16,2.789412872771453e+18,3.1187338475396137e+18,2.859520907980101e+18,3.0729409950585436e+18,0.044891491134731856
golovin_controlled_timestep_screen_v1,controlled,golovin,16384,2.0,300.0,3600.0,1799.9999523162842,golovin_relative_error_radius_moment_0_m3,5,5,-0.006243592252667685,0.021500565229447384,0.009615345081542543,-0.03294007003910415,0.020452885533768787,-0.02157935929249697,0.01249266010306822,3.4436209732083145
golovin_controlled_timestep_screen_v1,controlled,golovin,16384,2.0,300.0,3600.0,1799.9999523162842,golovin_relative_error_radius_moment_3_um3_m3,5,5,2.9730032394326145e-05,1.3295975643090162e-09,5.946141073026216e-10,2.9728381480898442e-05,2.9731683307753848e-05,2.9728901137326957e-05,2.9731088258388994e-05,4.472237186538567e-05
golovin_controlled_timestep_screen_v1,controlled,golovin,16384,2.0,300.0,3600.0,1799.9999523162842,golovin_relative_error_radius_moment_6_um6_m3,5,5,-0.01812446431699728,0.04407785690552367,0.019712216868651888,-0.07285435235456318,0.03660542372056863,-0.04944265748377448,0.02149395673579444,2.4319536365103533
golovin_controlled_timestep_screen_v1,controlled,golovin,16384,2.0,300.0,3600.0,1799.9999523162842,liquid_water_gm3,5,5,0.9982363479993529,1.3272132263094348e-09,5.935477989329417e-10,0.9982363463514,0.9982363496473058,0.9982363468634027,0.9982363490533235,1.3295581041197421e-09
golovin_controlled_timestep_screen_v1,controlled,golovin,16384,2.0,300.0,3600.0,1799.9999523162842,relative_liquid_mass_drift,5,5,5.840994354855411e-10,1.329558126081295e-09,5.945964699910023e-10,-1.066765023188864e-09,2.234963894159946e-09,-5.471239905574521e-10,1.6399321012272593e-09,2.2762530577967097
golovin_controlled_timestep_screen_v1,controlled,golovin,16384,2.0,300.0,3600.0,1799.9999523162842,mass_fraction_r_ge_cloud_threshold,5,5,0.9710046919270947,0.0011189772909583587,0.0005004218575722901,0.9696152981101042,0.9723940857440853,0.9701894423410605,0.9718347661410627,0.0011523912296835474
golovin_controlled_timestep_screen_v1,controlled,golovin,16384,2.0,300.0,3600.0,1799.9999523162842,mass_fraction_r_ge_large_threshold,5,5,0.0,0.0,0.0,0.0,0.0,0.0,0.0,nan
golovin_controlled_timestep_screen_v1,controlled,golovin,16384,2.0,300.0,3600.0,1799.9999523162842,mass_fraction_r_ge_onset_threshold,5,5,0.0,0.0,0.0,0.0,0.0,0.0,0.0,nan
golovin_controlled_timestep_screen_v1,controlled,golovin,16384,2.0,300.0,3600.0,1799.9999523162842,mass_weighted_radius_q99_um,5,5,429.27922973632815,13.4421509970676,6.011512678651946,412.5885947848505,445.9698646878058,419.5940673828125,441.3787048339844,0.03131330394280673
golovin_controlled_timestep_screen_v1,controlled,golovin,16384,2.0,300.0,3600.0,1799.9999523162842,fixed_bin_mass_below_range_fraction,5,5,0.0,0.0,0.0,0.0,0.0,0.0,0.0,nan
golovin_controlled_timestep_screen_v1,controlled,golovin,16384,2.0,300.0,3600.0,1799.9999523162842,fixed_bin_mass_above_range_fraction,5,5,0.0,0.0,0.0,0.0,0.0,0.0,0.0,nan
golovin_controlled_timestep_screen_v1,controlled,golovin,16384,2.0,300.0,3600.0,1799.9999523162842,fixed_bin_mass_below_range_fraction_bins_250,5,5,0.0,0.0,0.0,0.0,0.0,0.0,0.0,nan
golovin_controlled_timestep_screen_v1,controlled,golovin,16384,2.0,300.0,3600.0,1799.9999523162842,fixed_bin_mass_below_range_fraction_bins_500,5,5,0.0,0.0,0.0,0.0,0.0,0.0,0.0,nan
golovin_controlled_timestep_screen_v1,controlled,golovin,16384,2.0,300.0,3600.0,1799.9999523162842,fixed_bin_mass_below_range_fraction_bins_1000,5,5,0.0,0.0,0.0,0.0,0.0,0.0,0.0,nan
golovin_controlled_timestep_screen_v1,controlled,golovin,16384,2.0,300.0,3600.0,1799.9999523162842,fixed_bin_mass_above_range_fraction_bins_250,5,5,0.0,0.0,0.0,0.0,0.0,0.0,0.0,nan
golovin_controlled_timestep_screen_v1,controlled,golovin,16384,2.0,300.0,3600.0,1799.9999523162842,fixed_bin_mass_above_range_fraction_bins_500,5,5,0.0,0.0,0.0,0.0,0.0,0.0,0.0,nan
golovin_controlled_timestep_screen_v1,controlled,golovin,16384,2.0,300.0,3600.0,1799.9999523162842,fixed_bin_mass_above_range_fraction_bins_1000,5,5,0.0,0.0,0.0,0.0,0.0,0.0,0.0,nan
golovin_controlled_timestep_screen_v1,controlled,golovin,16384,2.0,300.0,3600.0,2099.9999046325684,golovin_fixed_bin_l1_relative,5,5,0.1360843458734756,0.00437311107584846,0.001955714727750879,0.13065441129044844,0.14151428045650274,0.13245524160551353,0.13910353221147495,0.032135298500198986
golovin_controlled_timestep_screen_v1,controlled,golovin,16384,2.0,300.0,3600.0,2099.9999046325684,golovin_fixed_bin_l1_relative_bins_250,5,5,0.10086786827722545,0.005038638328131985,0.0022533475631478016,0.09461157246521436,0.10712416408923654,0.09661329693616014,0.10460307982013424,0.049952858270820015
golovin_controlled_timestep_screen_v1,controlled,golovin,16384,2.0,300.0,3600.0,2099.9999046325684,golovin_fixed_bin_l1_relative_bins_500,5,5,0.1360843458734756,0.00437311107584846,0.001955714727750879,0.13065441129044844,0.14151428045650274,0.13245524160551353,0.13913292035320798,0.032135298500198986
golovin_controlled_timestep_screen_v1,controlled,golovin,16384,2.0,300.0,3600.0,2099.9999046325684,golovin_fixed_bin_l1_relative_bins_1000,5,5,0.18874062506067107,0.007604914060178543,0.0034010209603206293,0.17929787706271377,0.19818337305862838,0.18254699897509225,0.19422808543284026,0.04029293671001633
golovin_controlled_timestep_screen_v1,controlled,golovin,16384,2.0,300.0,3600.0,2099.9999046325684,radius_moment_0_m3,5,5,356732.05641990184,8656.762494734883,3871.4218806595727,345983.2660891889,367480.84675061476,350418.7480712979,364111.37979284336,0.024266847733317214
golovin_controlled_timestep_screen_v1,controlled,golovin,16384,2.0,300.0,3600.0,2099.9999046325684,radius_moment_3_um3_m3,5,5,238740390189.6187,323.67553355229546,144.7520991352893,238740389787.72244,238740390591.51498,238740389910.0189,238740390423.1364,1.3557636112398799e-09
golovin_controlled_timestep_screen_v1,controlled,golovin,16384,2.0,300.0,3600.0,2099.9999046325684,radius_moment_6_um6_m3,5,5,7.181982565866141e+18,4.0828954422438445e+17,1.8259263507762605e+17,6.675024137959698e+18,7.688940993772583e+18,6.878474325665388e+18,7.551015740373123e+18,0.05684914165134082
golovin_controlled_timestep_screen_v1,controlled,golovin,16384,2.0,300.0,3600.0,2099.9999046325684,golovin_relative_error_radius_moment_0_m3,5,5,-0.007604412879217692,0.024082312603876006,0.010769937607533343,-0.03750655343293928,0.022297727674503894,-0.02516745279260446,0.012924182237068881,3.166886515287882
golovin_controlled_timestep_screen_v1,controlled,golovin,16384,2.0,300.0,3600.0,2099.9999046325684,golovin_relative_error_radius_moment_3_um3_m3,5,5,2.9729911961107192e-05,1.35580392636445e-09,6.063339487024058e-10,2.97282285081832e-05,2.9731595414031183e-05,2.9728740780532446e-05,2.973089011439889e-05,4.560403435227521e-05
golovin_controlled_timestep_screen_v1,controlled,golovin,16384,2.0,300.0,3600.0,2099.9999046325684,golovin_relative_error_radius_moment_6_um6_m3,5,5,-0.02946075677780289,0.055174322916123765,0.024674707330595434,-0.09796872716802268,0.03904721361241691,-0.07026795072358179,0.020408645525138592,1.8728073868657265
golovin_controlled_timestep_screen_v1,controlled,golovin,16384,2.0,300.0,3600.0,2099.9999046325684,liquid_water_gm3,5,5,0.9982363478791356,1.3533725428126544e-09,6.052466009221679e-10,0.9982363461987016,0.9982363495595696,0.9982363467591171,0.9982363488555348,1.3557636382286072e-09
golovin_controlled_timestep_screen_v1,controlled,golovin,16384,2.0,300.0,3600.0,2099.9999046325684,relative_liquid_mass_drift,5,5,4.6366979145062717e-10,1.3557636750321697e-09,6.063159477593732e-10,-1.2197331539092453e-09,2.1470727368105e-09,-6.58327681257731e-10,1.4417940619182446e-09,2.923985344808764
golovin_controlled_timestep_screen_v1,controlled,golovin,16384,2.0,300.0,3600.0,2099.9999046325684,mass_fraction_r_ge_cloud_threshold,5,5,0.9818210392981873,0.0007200233777358842,0.0003220042436012891,0.9809270121921876,0.982715066404187,0.9813265348918179,0.9823878542623234,0.0007333550096365444
golovin_controlled_timestep_screen_v1,controlled,golovin,16384,2.0,300.0,3600.0,2099.9999046325684,mass_fraction_r_ge_large_threshold,5,5,0.0,0.0,0.0,0.0,0.0,0.0,0.0,nan
golovin_controlled_timestep_screen_v1,controlled,golovin,16384,2.0,300.0,3600.0,2099.9999046325684,mass_fraction_r_ge_onset_threshold,5,5,0.0,0.0,0.0,0.0,0.0,0.0,0.0,nan
golovin_controlled_timestep_screen_v1,controlled,golovin,16384,2.0,300.0,3600.0,2099.9999046325684,mass_weighted_radius_q99_um,5,5,578.2168823242188,17.792929842013418,7.957240129125319,556.1240419168254,600.3097227316122,563.3709350585938,591.0719482421875,0.030772069072927094
golovin_controlled_timestep_screen_v1,controlled,golovin,16384,2.0,300.0,3600.0,2099.9999046325684,fixed_bin_mass_below_range_fraction,5,5,0.0,0.0,0.0,0.0,0.0,0.0,0.0,nan
golovin_controlled_timestep_screen_v1,controlled,golovin,16384,2.0,300.0,3600.0,2099.9999046325684,fixed_bin_mass_above_range_fraction,5,5,0.0,0.0,0.0,0.0,0.0,0.0,0.0,nan
golovin_controlled_timestep_screen_v1,controlled,golovin,16384,2.0,300.0,3600.0,2099.9999046325684,fixed_bin_mass_below_range_fraction_bins_250,5,5,0.0,0.0,0.0,0.0,0.0,0.0,0.0,nan
golovin_controlled_timestep_screen_v1,controlled,golovin,16384,2.0,300.0,3600.0,2099.9999046325684,fixed_bin_mass_below_range_fraction_bins_500,5,5,0.0,0.0,0.0,0.0,0.0,0.0,0.0,nan
golovin_controlled_timestep_screen_v1,controlled,golovin,16384,2.0,300.0,3600.0,2099.9999046325684,fixed_bin_mass_below_range_fraction_bins_1000,5,5,0.0,0.0,0.0,0.0,0.0,0.0,0.0,nan
golovin_controlled_timestep_screen_v1,controlled,golovin,16384,2.0,300.0,3600.0,2099.9999046325684,fixed_bin_mass_above_range_fraction_bins_250,5,5,0.0,0.0,0.0,0.0,0.0,0.0,0.0,nan
golovin_controlled_timestep_screen_v1,controlled,golovin,16384,2.0,300.0,3600.0,2099.9999046325684,fixed_bin_mass_above_range_fraction_bins_500,5,5,0.0,0.0,0.0,0.0,0.0,0.0,0.0,nan
golovin_controlled_timestep_screen_v1,controlled,golovin,16384,2.0,300.0,3600.0,2099.9999046325684,fixed_bin_mass_above_range_fraction_bins_1000,5,5,0.0,0.0,0.0,0.0,0.0,0.0,0.0,nan
golovin_controlled_timestep_screen_v1,controlled,golovin,16384,2.0,300.0,3600.0,2400.0000953674316,golovin_fixed_bin_l1_relative,5,5,0.14340230546269034,0.010012215740980409,0.004477599000445124,0.13097049763486596,0.15583411329051472,0.13576909474762328,0.15103551617775746,0.06981907096037124
golovin_controlled_timestep_screen_v1,controlled,golovin,16384,2.0,300.0,3600.0,2400.0000953674316,golovin_fixed_bin_l1_relative_bins_250,5,5,0.10291053152936355,0.00872250382905097,0.0039008222991520343,0.09208011255063649,0.11374095050809062,0.09561876678415149,0.10981410834492475,0.08475812630082637
golovin_controlled_timestep_screen_v1,controlled,golovin,16384,2.0,300.0,3600.0,2400.0000953674316,golovin_fixed_bin_l1_relative_bins_500,5,5,0.14340230546269034,0.010012215740980409,0.004477599000445124,0.13097049763486596,0.15583411329051472,0.13576909474762325,0.15103551617775746,0.06981907096037124
golovin_controlled_timestep_screen_v1,controlled,golovin,16384,2.0,300.0,3600.0,2400.0000953674316,golovin_fixed_bin_l1_relative_bins_1000,5,5,0.19977418405127628,0.005570694871041986,0.002491290482711861,0.19285725278492508,0.2066911153176275,0.19514390768273598,0.20406359218174636,0.02788495869722661
golovin_controlled_timestep_screen_v1,controlled,golovin,16384,2.0,300.0,3600.0,2400.0000953674316,radius_moment_0_m3,5,5,227664.1362487495,5940.841546536301,2656.82510832203,220287.60718138222,235040.6653161168,223184.68724213206,232488.6595619175,0.02609476241811421
golovin_controlled_timestep_screen_v1,controlled,golovin,16384,2.0,300.0,3600.0,2400.0000953674316,radius_moment_3_um3_m3,5,5,238740389951.17783,280.1691246452533,125.29544158067961,238740389603.3019,238740390299.05374,238740389736.687,238740390161.27606,1.1735304809653182e-09
golovin_controlled_timestep_screen_v1,controlled,golovin,16384,2.0,300.0,3600.0,2400.0000953674316,radius_moment_6_um6_m3,5,5,1.781237683722099e+19,1.2018741980398797e+18,5.374944814440431e+17,1.6320052915144851e+19,1.930470075929713e+19,1.6947874630841238e+19,1.888008134230749e+19,0.06747410573127033
golovin_controlled_timestep_screen_v1,controlled,golovin,16384,2.0,300.0,3600.0,2400.0000953674316,golovin_relative_error_radius_moment_0_m3,5,5,-0.006722337482612995,0.02591934461861107,0.011591483299891542,-0.03890545455257883,0.025460779587352843,-0.026265761018577204,0.014326613477446348,3.855704163269133
golovin_controlled_timestep_screen_v1,controlled,golovin,16384,2.0,300.0,3600.0,2400.0000953674316,golovin_relative_error_radius_moment_3_um3_m3,5,5,2.9728913186044537e-05,1.1735654302332712e-09,5.248344156090762e-10,2.972745601210028e-05,2.9730370359988793e-05,2.972803267171864e-05,2.972979324038505e-05,3.947555778070525e-05
golovin_controlled_timestep_screen_v1,controlled,golovin,16384,2.0,300.0,3600.0,2400.0000953674316,golovin_relative_error_radius_moment_6_um6_m3,5,5,-0.021357868413237925,0.0660330026597609,0.029530856541129958,-0.10334867050915644,0.060632933682680586,-0.06885508283579869,0.03730362422817066,3.091741244123064
golovin_controlled_timestep_screen_v1,controlled,golovin,16384,2.0,300.0,3600.0,2400.0000953674316,liquid_water_gm3,5,5,0.9982363468821518,1.1714607794173925e-09,5.238931871504351e-10,0.9982363454275911,0.9982363483367125,0.9982363459853094,0.9982363477606278,1.173530480107524e-09
golovin_controlled_timestep_screen_v1,controlled,golovin,16384,2.0,300.0,3600.0,2400.0000953674316,relative_liquid_mass_drift,5,5,-5.350755616362335e-10,1.1735304806970035e-09,5.248187857013009e-10,-1.99220611031246e-09,9.22054987039993e-10,-1.4151037008858225e-09,3.449525776133555e-10,2.1932051561248804
golovin_controlled_timestep_screen_v1,controlled,golovin,16384,2.0,300.0,3600.0,2400.0000953674316,mass_fraction_r_ge_cloud_threshold,5,5,0.98848577234456,0.0004895920594822367,0.00021895222524928034,0.9878778635104946,0.9890936811786255,0.9881398901237318,0.9888796235419995,0.0004952949988556617
golovin_controlled_timestep_screen_v1,controlled,golovin,16384,2.0,300.0,3600.0,2400.0000953674316,mass_fraction_r_ge_large_threshold,5,5,0.00023585965719957752,0.000527398226648053,0.0002358596571995775,-0.00041899173354581894,0.0008907110479449739,0.0,0.0007075789715987326,2.2360679774997894
golovin_controlled_timestep_screen_v1,controlled,golovin,16384,2.0,300.0,3600.0,2400.0000953674316,mass_fraction_r_ge_onset_threshold,5,5,0.00023585965719957752,0.000527398226648053,0.0002358596571995775,-0.00041899173354581894,0.0008907110479449739,0.0,0.0007075789715987326,2.2360679774997894
golovin_controlled_timestep_screen_v1,controlled,golovin,16384,2.0,300.0,3600.0,2400.0000953674316,mass_weighted_radius_q99_um,5,5,800.0951293945312,35.88069268978993,16.046333586830013,755.543365051006,844.6468937380564,774.1266967773438,829.229541015625,0.04484553320171128
golovin_controlled_timestep_screen_v1,controlled,golovin,16384,2.0,300.0,3600.0,2400.0000953674316,fixed_bin_mass_below_range_fraction,5,5,0.0,0.0,0.0,0.0,0.0,0.0,0.0,nan
golovin_controlled_timestep_screen_v1,controlled,golovin,16384,2.0,300.0,3600.0,2400.0000953674316,fixed_bin_mass_above_range_fraction,5,5,0.0,0.0,0.0,0.0,0.0,0.0,0.0,nan
golovin_controlled_timestep_screen_v1,controlled,golovin,16384,2.0,300.0,3600.0,2400.0000953674316,fixed_bin_mass_below_range_fraction_bins_250,5,5,0.0,0.0,0.0,0.0,0.0,0.0,0.0,nan
golovin_controlled_timestep_screen_v1,controlled,golovin,16384,2.0,300.0,3600.0,2400.0000953674316,fixed_bin_mass_below_range_fraction_bins_500,5,5,0.0,0.0,0.0,0.0,0.0,0.0,0.0,nan
golovin_controlled_timestep_screen_v1,controlled,golovin,16384,2.0,300.0,3600.0,2400.0000953674316,fixed_bin_mass_below_range_fraction_bins_1000,5,5,0.0,0.0,0.0,0.0,0.0,0.0,0.0,nan
golovin_controlled_timestep_screen_v1,controlled,golovin,16384,2.0,300.0,3600.0,2400.0000953674316,fixed_bin_mass_above_range_fraction_bins_250,5,5,0.0,0.0,0.0,0.0,0.0,0.0,0.0,nan
golovin_controlled_timestep_screen_v1,controlled,golovin,16384,2.0,300.0,3600.0,2400.0000953674316,fixed_bin_mass_above_range_fraction_bins_500,5,5,0.0,0.0,0.0,0.0,0.0,0.0,0.0,nan
golovin_controlled_timestep_screen_v1,controlled,golovin,16384,2.0,300.0,3600.0,2400.0000953674316,fixed_bin_mass_above_range_fraction_bins_1000,5,5,0.0,0.0,0.0,0.0,0.0,0.0,0.0,nan
golovin_controlled_timestep_screen_v1,controlled,golovin,16384,2.0,300.0,3600.0,2700.000047683716,golovin_fixed_bin_l1_relative,5,5,0.15167821759479655,0.010357922996471043,0.004632203985163513,0.1388171575139116,0.1645392776756815,0.14361994990297045,0.15921534041671717,0.06828879690650044
golovin_controlled_timestep_screen_v1,controlled,golovin,16384,2.0,300.0,3600.0,2700.000047683716,golovin_fixed_bin_l1_relative_bins_250,5,5,0.11075071359812132,0.010624668431120081,0.004751496170076109,0.09755844531434744,0.12394298188189519,0.10161757225127085,0.11741098172856927,0.09593318260389348
golovin_controlled_timestep_screen_v1,controlled,golovin,16384,2.0,300.0,3600.0,2700.000047683716,golovin_fixed_bin_l1_relative_bins_500,5,5,0.15167821759479655,0.010357922996471043,0.004632203985163513,0.1388171575139116,0.1645392776756815,0.1427429843860422,0.15921534041671714,0.06828879690650044
golovin_controlled_timestep_screen_v1,controlled,golovin,16384,2.0,300.0,3600.0,2700.000047683716,golovin_fixed_bin_l1_relative_bins_1000,5,5,0.2053416498767445,0.01540051265145528,0.006887318635399906,0.18621938776355088,0.22446391198993812,0.19231818898013278,0.2158034972904209,0.07499945900259093
golovin_controlled_timestep_screen_v1,controlled,golovin,16384,2.0,300.0,3600.0,2700.000047683716,radius_moment_0_m3,5,5,145026.84665793745,3870.9942978672743,1731.161278109059,140220.3724010236,149833.3209148513,142087.12125252234,148154.34564945276,0.02669157047175866
golovin_controlled_timestep_screen_v1,controlled,golovin,16384,2.0,300.0,3600.0,2700.000047683716,radius_moment_3_um3_m3,5,5,238740390057.86554,201.65425943532784,90.18252640995428,238740389807.4787,238740390308.25238,238740389903.8296,238740390210.9709,8.446591688421519e-10
golovin_controlled_timestep_screen_v1,controlled,golovin,16384,2.0,300.0,3600.0,2700.000047683716,radius_moment_6_um6_m3,5,5,4.4036747375499805e+19,3.8356253992206874e+18,1.7153438257764452e+18,3.927418940669154e+19,4.879930534430807e+19,4.1179312135210525e+19,4.727390125779506e+19,0.0871005609591109
golovin_controlled_timestep_screen_v1,controlled,golovin,16384,2.0,300.0,3600.0,2700.000047683716,golovin_relative_error_radius_moment_0_m3,5,5,-0.007666493630182858,0.026486939716757345,0.01184531954452169,-0.040554373099073865,0.025221385838708147,-0.02778130744945142,0.013733144519148732,3.4548962008497215
golovin_controlled_timestep_screen_v1,controlled,golovin,16384,2.0,300.0,3600.0,2700.000047683716,golovin_relative_error_radius_moment_3_um3_m3,5,5,2.9729360076702348e-05,8.446842824736916e-10,3.777542950273617e-10,2.9728311262638952e-05,2.9730408890765744e-05,2.972871485487083e-05,2.9730001400762873e-05,2.8412460957598455e-05
golovin_controlled_timestep_screen_v1,controlled,golovin,16384,2.0,300.0,3600.0,2700.000047683716,golovin_relative_error_radius_moment_6_um6_m3,5,5,-0.016326755627578526,0.08567849138530649,0.038316586189435085,-0.12271065380112495,0.09005714254596789,-0.08015487102929073,0.055983345633482486,5.247735272069711
golovin_controlled_timestep_screen_v1,controlled,golovin,16384,2.0,300.0,3600.0,2700.000047683716,liquid_water_gm3,5,5,0.9982363473282412,8.431694540590947e-10,3.7707684316550434e-10,0.998236346281308,0.9982363483751744,0.9982363466841763,0.998236347968415,8.446591394070354e-10
golovin_controlled_timestep_screen_v1,controlled,golovin,16384,2.0,300.0,3600.0,2700.000047683716,relative_liquid_mass_drift,5,5,-8.819813768212725e-11,8.446591471740112e-10,3.7774305417961767e-10,-1.1369809914815915e-09,9.605847161173372e-10,-7.334007845472001e-10,5.531068492103941e-10,9.57683653387588
golovin_controlled_timestep_screen_v1,controlled,golovin,16384,2.0,300.0,3600.0,2700.000047683716,mass_fraction_r_ge_cloud_threshold,5,5,0.9927269971358751,0.00029730308010339566,0.00013295797940625158,0.9923578466047556,0.9930961476669946,0.992516558805789,0.9929735666820164,0.0002994812077853702
golovin_controlled_timestep_screen_v1,controlled,golovin,16384,2.0,300.0,3600.0,2700.000047683716,mass_fraction_r_ge_large_threshold,5,5,0.020960501729652907,0.006950409781552345,0.0031083177486061014,0.012330428131136072,0.029590575328169742,0.01634359428832412,0.0270806494185725,0.3315955825484641
golovin_controlled_timestep_screen_v1,controlled,golovin,16384,2.0,300.0,3600.0,2700.000047683716,mass_fraction_r_ge_onset_threshold,5,5,0.020960501729652907,0.006950409781552345,0.0031083177486061014,0.012330428131136072,0.029590575328169742,0.01634359428832412,0.0270806494185725,0.3315955825484641
golovin_controlled_timestep_screen_v1,controlled,golovin,16384,2.0,300.0,3600.0,2700.000047683716,mass_weighted_radius_q99_um,5,5,1080.683154296875,26.653990142951432,11.920026766249748,1047.5878543278943,1113.7784542658558,1060.9328125,1102.26982421875,0.02466401927056346
golovin_controlled_timestep_screen_v1,controlled,golovin,16384,2.0,300.0,3600.0,2700.000047683716,fixed_bin_mass_below_range_fraction,5,5,0.0,0.0,0.0,0.0,0.0,0.0,0.0,nan
golovin_controlled_timestep_screen_v1,controlled,golovin,16384,2.0,300.0,3600.0,2700.000047683716,fixed_bin_mass_above_range_fraction,5,5,0.0,0.0,0.0,0.0,0.0,0.0,0.0,nan
golovin_controlled_timestep_screen_v1,controlled,golovin,16384,2.0,300.0,3600.0,2700.000047683716,fixed_bin_mass_below_range_fraction_bins_250,5,5,0.0,0.0,0.0,0.0,0.0,0.0,0.0,nan
golovin_controlled_timestep_screen_v1,controlled,golovin,16384,2.0,300.0,3600.0,2700.000047683716,fixed_bin_mass_below_range_fraction_bins_500,5,5,0.0,0.0,0.0,0.0,0.0,0.0,0.0,nan
golovin_controlled_timestep_screen_v1,controlled,golovin,16384,2.0,300.0,3600.0,2700.000047683716,fixed_bin_mass_below_range_fraction_bins_1000,5,5,0.0,0.0,0.0,0.0,0.0,0.0,0.0,nan
golovin_controlled_timestep_screen_v1,controlled,golovin,16384,2.0,300.0,3600.0,2700.000047683716,fixed_bin_mass_above_range_fraction_bins_250,5,5,0.0,0.0,0.0,0.0,0.0,0.0,0.0,nan
golovin_controlled_timestep_screen_v1,controlled,golovin,16384,2.0,300.0,3600.0,2700.000047683716,fixed_bin_mass_above_range_fraction_bins_500,5,5,0.0,0.0,0.0,0.0,0.0,0.0,0.0,nan
golovin_controlled_timestep_screen_v1,controlled,golovin,16384,2.0,300.0,3600.0,2700.000047683716,fixed_bin_mass_above_range_fraction_bins_1000,5,5,0.0,0.0,0.0,0.0,0.0,0.0,0.0,nan
golovin_controlled_timestep_screen_v1,controlled,golovin,16384,2.0,300.0,3600.0,300.00001192092896,golovin_fixed_bin_l1_relative,5,5,0.11085952161705456,0.010747091880288903,0.004806245600952404,0.09751524454391183,0.12420379869019729,0.10183171378889536,0.1188058178234817,0.09694333624686666
golovin_controlled_timestep_screen_v1,controlled,golovin,16384,2.0,300.0,3600.0,300.00001192092896,golovin_fixed_bin_l1_relative_bins_250,5,5,0.0775109844789614,0.010436924314282232,0.00466753444855109,0.06455183130593965,0.09047013765198315,0.0704455629867358,0.08633845813369022,0.1346509063772129
golovin_controlled_timestep_screen_v1,controlled,golovin,16384,2.0,300.0,3600.0,300.00001192092896,golovin_fixed_bin_l1_relative_bins_500,5,5,0.11085952161705456,0.010747091880288903,0.004806245600952404,0.09751524454391183,0.12420379869019729,0.10183171378889536,0.1188058178234817,0.09694333624686666
golovin_controlled_timestep_screen_v1,controlled,golovin,16384,2.0,300.0,3600.0,300.00001192092896,golovin_fixed_bin_l1_relative_bins_1000,5,5,0.15455957219827302,0.004135544914773498,0.0018494719106874231,0.1494246149646441,0.15969452943190193,0.15168408786317394,0.15799791158596674,0.026756964036289608
golovin_controlled_timestep_screen_v1,controlled,golovin,16384,2.0,300.0,3600.0,300.00001192092896,radius_moment_0_m3,5,5,5322503.708888393,41911.105948880635,18743.216382778584,5270464.197506764,5374543.220270022,5299978.63058219,5360193.727023718,0.007874321605242016
golovin_controlled_timestep_screen_v1,controlled,golovin,16384,2.0,300.0,3600.0,300.00001192092896,radius_moment_3_um3_m3,5,5,238740390202.36295,281.26305974308264,125.78466422902345,238740389853.12872,238740390551.59717,238740389972.7544,238740390413.98444,1.1781125912740458e-09
golovin_controlled_timestep_screen_v1,controlled,golovin,16384,2.0,300.0,3600.0,300.00001192092896,radius_moment_6_um6_m3,5,5,3.321962601440496e+16,523706907174872.94,234208848945837.62,3.256935800215528e+16,3.386989402665464e+16,3.281148744207327e+16,3.3627764586736652e+16,0.015764985040703918
golovin_controlled_timestep_screen_v1,controlled,golovin,16384,2.0,300.0,3600.0,300.00001192092896,golovin_relative_error_radius_moment_0_m3,5,5,-0.004916979249811182,0.007835603729302707,0.0035041885166943424,-0.014646166304677506,0.004812207805055141,-0.009128215951467067,0.002129459634880848,1.5935808005705134
golovin_controlled_timestep_screen_v1,controlled,golovin,16384,2.0,300.0,3600.0,300.00001192092896,golovin_relative_error_radius_moment_3_um3_m3,5,5,2.9729965343960885e-05,1.1781475867555968e-09,5.268836183025691e-10,2.972850248051784e-05,2.973142820740393e-05,2.9729001938738618e-05,2.9730851778575483e-05,3.962828658308263e-05
golovin_controlled_timestep_screen_v1,controlled,golovin,16384,2.0,300.0,3600.0,300.00001192092896,golovin_relative_error_radius_moment_6_um6_m3,5,5,-0.006055395128214891,0.015669521827092046,0.007007623196058904,-0.025511676249983153,0.01340088599355337,-0.018267065778367432,0.006156275521937649,2.587696012450201
golovin_controlled_timestep_screen_v1,controlled,golovin,16384,2.0,300.0,3600.0,300.00001192092896,liquid_water_gm3,5,5,0.9982363479324228,1.1760347735532456e-09,5.259387395137258e-10,0.9982363464721827,0.9982363493926628,0.9982363469723692,0.9982363488172676,1.1781125541952909e-09
golovin_controlled_timestep_screen_v1,controlled,golovin,16384,2.0,300.0,3600.0,300.00001192092896,relative_liquid_mass_drift,5,5,5.170510464225231e-10,1.1781125619398343e-09,5.268679547287801e-10,-9.457689075697711e-10,1.9798710004148174e-09,-4.446987000861213e-10,1.4034593043277254e-09,2.27852273018534
golovin_controlled_timestep_screen_v1,controlled,golovin,16384,2.0,300.0,3600.0,300.00001192092896,mass_fraction_r_ge_cloud_threshold,5,5,0.6334166373946897,0.0031108629300820967,0.0013912201960695487,0.62955399089106,0.6372792838983193,0.6308200523396087,0.6354338039013181,0.004911242847799844
golovin_controlled_timestep_screen_v1,controlled,golovin,16384,2.0,300.0,3600.0,300.00001192092896,mass_fraction_r_ge_large_threshold,5,5,0.0,0.0,0.0,0.0,0.0,0.0,0.0,nan
golovin_controlled_timestep_screen_v1,controlled,golovin,16384,2.0,300.0,3600.0,300.00001192092896,mass_fraction_r_ge_onset_threshold,5,5,0.0,0.0,0.0,0.0,0.0,0.0,0.0,nan
golovin_controlled_timestep_screen_v1,controlled,golovin,16384,2.0,300.0,3600.0,300.00001192092896,mass_weighted_radius_q99_um,5,5,87.02285461425781,1.1592037157889126,0.518411661654871,85.58351309377869,88.46219613473693,86.15572662353516,87.8867919921875,0.013320681342013673
golovin_controlled_timestep_screen_v1,controlled,golovin,16384,2.0,300.0,3600.0,300.00001192092896,fixed_bin_mass_below_range_fraction,5,5,0.0,0.0,0.0,0.0,0.0,0.0,0.0,nan
golovin_controlled_timestep_screen_v1,controlled,golovin,16384,2.0,300.0,3600.0,300.00001192092896,fixed_bin_mass_above_range_fraction,5,5,0.0,0.0,0.0,0.0,0.0,0.0,0.0,nan
golovin_controlled_timestep_screen_v1,controlled,golovin,16384,2.0,300.0,3600.0,300.00001192092896,fixed_bin_mass_below_range_fraction_bins_250,5,5,0.0,0.0,0.0,0.0,0.0,0.0,0.0,nan
golovin_controlled_timestep_screen_v1,controlled,golovin,16384,2.0,300.0,3600.0,300.00001192092896,fixed_bin_mass_below_range_fraction_bins_500,5,5,0.0,0.0,0.0,0.0,0.0,0.0,0.0,nan
golovin_controlled_timestep_screen_v1,controlled,golovin,16384,2.0,300.0,3600.0,300.00001192092896,fixed_bin_mass_below_range_fraction_bins_1000,5,5,0.0,0.0,0.0,0.0,0.0,0.0,0.0,nan
golovin_controlled_timestep_screen_v1,controlled,golovin,16384,2.0,300.0,3600.0,300.00001192092896,fixed_bin_mass_above_range_fraction_bins_250,5,5,0.0,0.0,0.0,0.0,0.0,0.0,0.0,nan
golovin_controlled_timestep_screen_v1,controlled,golovin,16384,2.0,300.0,3600.0,300.00001192092896,fixed_bin_mass_above_range_fraction_bins_500,5,5,0.0,0.0,0.0,0.0,0.0,0.0,0.0,nan
golovin_controlled_timestep_screen_v1,controlled,golovin,16384,2.0,300.0,3600.0,300.00001192092896,fixed_bin_mass_above_range_fraction_bins_1000,5,5,0.0,0.0,0.0,0.0,0.0,0.0,0.0,nan
golovin_controlled_timestep_screen_v1,controlled,golovin,16384,2.0,300.0,3600.0,3000.0,golovin_fixed_bin_l1_relative,5,5,0.16954538939055314,0.011766711904244298,0.005262233537909249,0.15493508684181734,0.18415569193928893,0.16115085540466093,0.17937464276591286,0.06940154460431423
golovin_controlled_timestep_screen_v1,controlled,golovin,16384,2.0,300.0,3600.0,3000.0,golovin_fixed_bin_l1_relative_bins_250,5,5,0.12377276027682686,0.007433020239658775,0.0033241477068017594,0.11454344664732265,0.13300207390633106,0.1186669993666365,0.12973918577174232,0.06005376484320362
golovin_controlled_timestep_screen_v1,controlled,golovin,16384,2.0,300.0,3600.0,3000.0,golovin_fixed_bin_l1_relative_bins_500,5,5,0.16954538939055314,0.011766711904244298,0.005262233537909249,0.15493508684181734,0.18415569193928893,0.16115085540466093,0.17937304258768969,0.06940154460431423
golovin_controlled_timestep_screen_v1,controlled,golovin,16384,2.0,300.0,3600.0,3000.0,golovin_fixed_bin_l1_relative_bins_1000,5,5,0.23460738941950382,0.00320153207468409,0.0014317686702279117,0.230632162303274,0.23858261653573365,0.23223041551229037,0.2372274006188567,0.01364633945506038
golovin_controlled_timestep_screen_v1,controlled,golovin,16384,2.0,300.0,3600.0,3000.0,radius_moment_0_m3,5,5,92319.04037023563,2383.2938731493787,1065.8414221441542,89359.79017080643,95278.29056966482,90571.05517777757,94362.14129859752,0.025815843227913048
golovin_controlled_timestep_screen_v1,controlled,golovin,16384,2.0,300.0,3600.0,3000.0,radius_moment_3_um3_m3,5,5,238740390038.69794,193.6636209824823,86.60900425711701,238740389798.2328,238740390279.1631,238740389886.88397,238740390189.79327,8.11189178970056e-10
golovin_controlled_timestep_screen_v1,controlled,golovin,16384,2.0,300.0,3600.0,3000.0,radius_moment_6_um6_m3,5,5,1.0695456144682962e+20,6.790197665550956e+18,3.0366687121664635e+18,9.852341746482776e+19,1.1538570542883149e+20,1.0142973647614493e+20,1.1284737765602658e+20,0.06348675151107576
golovin_controlled_timestep_screen_v1,controlled,golovin,16384,2.0,300.0,3600.0,3000.0,golovin_relative_error_radius_moment_0_m3,5,5,-0.009319219668508839,0.02557525971394434,0.011437603852518274,-0.04107509890002463,0.022436659563006948,-0.028076946433512728,0.012605410547406316,2.744356354252203
golovin_controlled_timestep_screen_v1,controlled,golovin,16384,2.0,300.0,3600.0,3000.0,golovin_relative_error_radius_moment_3_um3_m3,5,5,2.9729279788126562e-05,8.112133432135547e-10,3.627856359360752e-10,2.972827253372343e-05,2.9730287042529694e-05,2.9728643873516702e-05,2.972990156688837e-05,2.7286679966513734e-05
golovin_controlled_timestep_screen_v1,controlled,golovin,16384,2.0,300.0,3600.0,3000.0,golovin_relative_error_radius_moment_6_um6_m3,5,5,-0.028666142196743814,0.0616668312646499,0.027578245332953298,-0.10523562646136589,0.04790334206787827,-0.07725553149206313,0.02485090115675881,2.151207889830904
golovin_controlled_timestep_screen_v1,controlled,golovin,16384,2.0,300.0,3600.0,3000.0,liquid_water_gm3,5,5,0.9982363472480964,8.097585631286595e-10,3.6213503850364747e-10,0.9982363462426483,0.9982363482535445,0.9982363466133222,0.9982363478687601,8.111892192274646e-10
golovin_controlled_timestep_screen_v1,controlled,golovin,16384,2.0,300.0,3600.0,3000.0,relative_liquid_mass_drift,5,5,-1.684843597971053e-10,8.111892226697308e-10,3.627748489009463e-10,-1.1757088133170066e-09,8.387400937227961e-10,-8.043801402735085e-10,4.532759056985469e-10,4.814626257574252
golovin_controlled_timestep_screen_v1,controlled,golovin,16384,2.0,300.0,3600.0,3000.0,mass_fraction_r_ge_cloud_threshold,5,5,0.9953907179856326,0.00020047149464613191,8.965357791594721e-05,0.9951417997480644,0.9956396362232008,0.9952513743631046,0.9955521064143122,0.00020139980313642577
golovin_controlled_timestep_screen_v1,controlled,golovin,16384,2.0,300.0,3600.0,3000.0,mass_fraction_r_ge_large_threshold,5,5,0.13323981924918815,0.012524637388413574,0.005601188118805637,0.1176884279134382,0.1487912105849381,0.12542800880255853,0.14378398115434768,0.09400070833922186
golovin_controlled_timestep_screen_v1,controlled,golovin,16384,2.0,300.0,3600.0,3000.0,mass_fraction_r_ge_onset_threshold,5,5,0.13323981924918815,0.012524637388413574,0.005601188118805637,0.1176884279134382,0.1487912105849381,0.1254280088025585,0.1437839811543477,0.09400070833922186
golovin_controlled_timestep_screen_v1,controlled,golovin,16384,2.0,300.0,3600.0,3000.0,mass_weighted_radius_q99_um,5,5,1434.1154052734375,64.75991546582921,28.961514639746813,1353.7053497127984,1514.5254608340767,1379.8377685546875,1481.9864013671875,0.04515669745105463
golovin_controlled_timestep_screen_v1,controlled,golovin,16384,2.0,300.0,3600.0,3000.0,fixed_bin_mass_below_range_fraction,5,5,0.0,0.0,0.0,0.0,0.0,0.0,0.0,nan
golovin_controlled_timestep_screen_v1,controlled,golovin,16384,2.0,300.0,3600.0,3000.0,fixed_bin_mass_above_range_fraction,5,5,0.0,0.0,0.0,0.0,0.0,0.0,0.0,nan
golovin_controlled_timestep_screen_v1,controlled,golovin,16384,2.0,300.0,3600.0,3000.0,fixed_bin_mass_below_range_fraction_bins_250,5,5,0.0,0.0,0.0,0.0,0.0,0.0,0.0,nan
golovin_controlled_timestep_screen_v1,controlled,golovin,16384,2.0,300.0,3600.0,3000.0,fixed_bin_mass_below_range_fraction_bins_500,5,5,0.0,0.0,0.0,0.0,0.0,0.0,0.0,nan
golovin_controlled_timestep_screen_v1,controlled,golovin,16384,2.0,300.0,3600.0,3000.0,fixed_bin_mass_below_range_fraction_bins_1000,5,5,0.0,0.0,0.0,0.0,0.0,0.0,0.0,nan
golovin_controlled_timestep_screen_v1,controlled,golovin,16384,2.0,300.0,3600.0,3000.0,fixed_bin_mass_above_range_fraction_bins_250,5,5,0.0,0.0,0.0,0.0,0.0,0.0,0.0,nan
golovin_controlled_timestep_screen_v1,controlled,golovin,16384,2.0,300.0,3600.0,3000.0,fixed_bin_mass_above_range_fraction_bins_500,5,5,0.0,0.0,0.0,0.0,0.0,0.0,0.0,nan
golovin_controlled_timestep_screen_v1,controlled,golovin,16384,2.0,300.0,3600.0,3000.0,fixed_bin_mass_above_range_fraction_bins_1000,5,5,0.0,0.0,0.0,0.0,0.0,0.0,0.0,nan
golovin_controlled_timestep_screen_v1,controlled,golovin,16384,2.0,300.0,3600.0,3299.999952316284,golovin_fixed_bin_l1_relative,5,5,0.18827762193141312,0.013793815761440164,0.006168781942337645,0.17115033750257722,0.20540490636024902,0.17833783269737977,0.1999048529137904,0.07326317179885061
golovin_controlled_timestep_screen_v1,controlled,golovin,16384,2.0,300.0,3600.0,3299.999952316284,golovin_fixed_bin_l1_relative_bins_250,5,5,0.13925120259378,0.013480689557833428,0.006028747646977425,0.1225127156988568,0.15598968948870318,0.12901431844829037,0.1502674431411611,0.09680842467952644
golovin_controlled_timestep_screen_v1,controlled,golovin,16384,2.0,300.0,3600.0,3299.999952316284,golovin_fixed_bin_l1_relative_bins_500,5,5,0.18827762193141312,0.013793815761440164,0.006168781942337645,0.17115033750257722,0.20540490636024902,0.17833783269737977,0.1999048529137904,0.07326317179885061
golovin_controlled_timestep_screen_v1,controlled,golovin,16384,2.0,300.0,3600.0,3299.999952316284,golovin_fixed_bin_l1_relative_bins_1000,5,5,0.2589948800579983,0.007208615134711474,0.003223790692969732,0.2500442021683203,0.2679455579476763,0.253114879692668,0.26435615294448445,0.027833041074391916
golovin_controlled_timestep_screen_v1,controlled,golovin,16384,2.0,300.0,3600.0,3299.999952316284,radius_moment_0_m3,5,5,58720.00493141033,1569.9819395181714,702.1172680419189,56770.614879280496,60669.394983540165,57582.18273498162,60062.08939886477,0.026736747405795284
golovin_controlled_timestep_screen_v1,controlled,golovin,16384,2.0,300.0,3600.0,3299.999952316284,radius_moment_3_um3_m3,5,5,238740390395.8244,176.53750666808583,78.94997309763245,238740390176.62415,238740390615.02466,238740390235.78223,238740390510.13712,7.394538744591644e-10
golovin_controlled_timestep_screen_v1,controlled,golovin,16384,2.0,300.0,3600.0,3299.999952316284,radius_moment_6_um6_m3,5,5,2.5941775211359643e+20,1.6438116104568572e+19,7.351349006369873e+18,2.3900713514826013e+20,2.7982836907893273e+20,2.469596883834173e+20,2.7289955053088313e+20,0.06336542495893066
golovin_controlled_timestep_screen_v1,controlled,golovin,16384,2.0,300.0,3600.0,3299.999952316284,golovin_relative_error_radius_moment_0_m3,5,5,-0.011761557283334634,0.026422281619611975,0.011816403564419122,-0.044569153120807864,0.0210460385541386,-0.030910732028817202,0.010088973068680973,2.246495169228197
golovin_controlled_timestep_screen_v1,controlled,golovin,16384,2.0,300.0,3600.0,3299.999952316284,golovin_relative_error_radius_moment_3_um3_m3,5,5,2.973077571049032e-05,7.394758985375826e-10,3.3070367537055436e-10,2.9729857529889565e-05,2.9731693891091074e-05,2.9730105329717206e-05,2.973125454071024e-05,2.4872405137975026e-05
golovin_controlled_timestep_screen_v1,controlled,golovin,16384,2.0,300.0,3600.0,3299.999952316284,golovin_relative_error_radius_moment_6_um6_m3,5,5,-0.042138983312598265,0.06069527037399058,0.0271437500937944,-0.11750211539722588,0.033224148772029345,-0.08813850914813326,0.0076405288200259045,1.4403591544612457
golovin_controlled_timestep_screen_v1,controlled,golovin,16384,2.0,300.0,3600.0,3299.999952316284,liquid_water_gm3,5,5,0.998236348741336,7.381497748347515e-10,3.3011061482133355e-10,0.9982363478248021,0.99823634965787,0.9982363480721576,0.9982363492193077,7.394539136603024e-10
golovin_controlled_timestep_screen_v1,controlled,golovin,16384,2.0,300.0,3600.0,3299.999952316284,relative_liquid_mass_drift,5,5,1.3273935728363995e-09,7.394538935252572e-10,3.306938344298733e-10,4.0924029491448824e-10,2.2455468507583106e-09,6.570327837351897e-10,1.77895280728535e-09,0.557072076177963
golovin_controlled_timestep_screen_v1,controlled,golovin,16384,2.0,300.0,3600.0,3299.999952316284,mass_fraction_r_ge_cloud_threshold,5,5,0.9970727968822894,0.00012743652967763197,5.699134863517089e-05,0.9969145635313327,0.9972310302332462,0.9969829330209979,0.9971725646762856,0.00012781065743254516
golovin_controlled_timestep_screen_v1,controlled,golovin,16384,2.0,300.0,3600.0,3299.999952316284,mass_fraction_r_ge_large_threshold,5,5,0.34406252444819374,0.0222712071899309,0.009959986643533512,0.31640916828391974,0.37171588061246774,0.3291138899104653,0.3634181843312122,0.06473011620678358
golovin_controlled_timestep_screen_v1,controlled,golovin,16384,2.0,300.0,3600.0,3299.999952316284,mass_fraction_r_ge_onset_threshold,5,5,0.34406252444819374,0.0222712071899309,0.009959986643533512,0.31640916828391974,0.37171588061246774,0.3291138899104653,0.3634181843312122,0.06473011620678358
golovin_controlled_timestep_screen_v1,controlled,golovin,16384,2.0,300.0,3600.0,3299.999952316284,mass_weighted_radius_q99_um,5,5,1956.073779296875,40.45084767688973,18.090169030602976,1905.8474180396568,2006.3001405540933,1930.5090576171874,1992.11005859375,0.02067961244868283
golovin_controlled_timestep_screen_v1,controlled,golovin,16384,2.0,300.0,3600.0,3299.999952316284,fixed_bin_mass_below_range_fraction,5,5,0.0,0.0,0.0,0.0,0.0,0.0,0.0,nan
golovin_controlled_timestep_screen_v1,controlled,golovin,16384,2.0,300.0,3600.0,3299.999952316284,fixed_bin_mass_above_range_fraction,5,5,0.0,0.0,0.0,0.0,0.0,0.0,0.0,nan
golovin_controlled_timestep_screen_v1,controlled,golovin,16384,2.0,300.0,3600.0,3299.999952316284,fixed_bin_mass_below_range_fraction_bins_250,5,5,0.0,0.0,0.0,0.0,0.0,0.0,0.0,nan
golovin_controlled_timestep_screen_v1,controlled,golovin,16384,2.0,300.0,3600.0,3299.999952316284,fixed_bin_mass_below_range_fraction_bins_500,5,5,0.0,0.0,0.0,0.0,0.0,0.0,0.0,nan
golovin_controlled_timestep_screen_v1,controlled,golovin,16384,2.0,300.0,3600.0,3299.999952316284,fixed_bin_mass_below_range_fraction_bins_1000,5,5,0.0,0.0,0.0,0.0,0.0,0.0,0.0,nan
golovin_controlled_timestep_screen_v1,controlled,golovin,16384,2.0,300.0,3600.0,3299.999952316284,fixed_bin_mass_above_range_fraction_bins_250,5,5,0.0,0.0,0.0,0.0,0.0,0.0,0.0,nan
golovin_controlled_timestep_screen_v1,controlled,golovin,16384,2.0,300.0,3600.0,3299.999952316284,fixed_bin_mass_above_range_fraction_bins_500,5,5,0.0,0.0,0.0,0.0,0.0,0.0,0.0,nan
golovin_controlled_timestep_screen_v1,controlled,golovin,16384,2.0,300.0,3600.0,3299.999952316284,fixed_bin_mass_above_range_fraction_bins_1000,5,5,0.0,0.0,0.0,0.0,0.0,0.0,0.0,nan
golovin_controlled_timestep_screen_v1,controlled,golovin,16384,2.0,300.0,3600.0,3599.9999046325684,golovin_fixed_bin_l1_relative,5,5,0.19170628900739578,0.018514871977777122,0.008280102467403124,0.1687170390412382,0.21469553897355337,0.17900876960266565,0.20652991787991767,0.09657936666367185
golovin_controlled_timestep_screen_v1,controlled,golovin,16384,2.0,300.0,3600.0,3599.9999046325684,golovin_fixed_bin_l1_relative_bins_250,5,5,0.1357760283686706,0.004272879036636603,0.0019108895971106515,0.13047054830019933,0.14108150843714184,0.13248745434347237,0.1390341033060454,0.03147005467735821
golovin_controlled_timestep_screen_v1,controlled,golovin,16384,2.0,300.0,3600.0,3599.9999046325684,golovin_fixed_bin_l1_relative_bins_500,5,5,0.19170628900739578,0.018514871977777122,0.008280102467403124,0.1687170390412382,0.21469553897355337,0.17900876960266565,0.20652991787991767,0.09657936666367185
golovin_controlled_timestep_screen_v1,controlled,golovin,16384,2.0,300.0,3600.0,3599.9999046325684,golovin_fixed_bin_l1_relative_bins_1000,5,5,0.2685845483010845,0.006956470783831382,0.0031110283112276427,0.25994694897424475,0.2772221476279243,0.26270220232903957,0.27429285894505545,0.025900487678215747
golovin_controlled_timestep_screen_v1,controlled,golovin,16384,2.0,300.0,3600.0,3599.9999046325684,radius_moment_0_m3,5,5,37459.35203262837,1018.192126035435,455.34936159405316,36195.09952647562,38723.60453878112,36715.065060392015,38327.63290846826,0.027181253032581957
golovin_controlled_timestep_screen_v1,controlled,golovin,16384,2.0,300.0,3600.0,3599.9999046325684,radius_moment_3_um3_m3,5,5,238740390341.58896,321.62191391093137,143.83369251168554,238740389942.2426,238740390740.9353,238740390099.2226,238740390592.80005,1.3471617159155843e-09
golovin_controlled_timestep_screen_v1,controlled,golovin,16384,2.0,300.0,3600.0,3599.9999046325684,radius_moment_6_um6_m3,5,5,6.326649121092563e+20,3.097138256213837e+19,1.3850823353218599e+19,5.942088614072532e+20,6.711209628112594e+20,6.109980982105202e+20,6.587379300552899e+20,0.04895384897967892
golovin_controlled_timestep_screen_v1,controlled,golovin,16384,2.0,300.0,3600.0,3599.9999046325684,golovin_relative_error_radius_moment_0_m3,5,5,-0.011289546387560922,0.02687438901559854,0.012018592138530397,-0.04465850770195233,0.022079414926830482,-0.030934421966205616,0.011649471740204342,2.3804666806816392
golovin_controlled_timestep_screen_v1,controlled,golovin,16384,2.0,300.0,3600.0,3599.9999046325684,golovin_relative_error_radius_moment_3_um3_m3,5,5,2.973054853048218e-05,1.3472017785788885e-09,6.02486951262203e-10,2.9728875758535403e-05,2.9732221302428957e-05,2.9729533312217172e-05,2.973152129830403e-05,4.5313720908903765e-05
golovin_controlled_timestep_screen_v1,controlled,golovin,16384,2.0,300.0,3600.0,3599.9999046325684,golovin_relative_error_radius_moment_6_um6_m3,5,5,-0.05024815349677865,0.04649400846188987,0.02079275269344724,-0.10797808993608847,0.0074817829425311705,-0.08277421289141226,-0.012996513364446804,0.9252879006762019
golovin_controlled_timestep_screen_v1,controlled,golovin,16384,2.0,300.0,3600.0,3599.9999046325684,liquid_water_gm3,5,5,0.9982363485145636,1.3447857279796865e-09,6.01406460586824e-10,0.9982363468447916,0.9982363501843355,0.9982363474805283,0.9982363495649429,1.3471616516277027e-09
golovin_controlled_timestep_screen_v1,controlled,golovin,16384,2.0,300.0,3600.0,3599.9999046325684,relative_liquid_mass_drift,5,5,1.1002202482401913e-09,1.347161605875436e-09,6.02468985483051e-10,-5.725018175377059e-10,2.7729423140180884e-09,6.43582298565093e-11,2.072959048859957e-09,1.224447203212474
golovin_controlled_timestep_screen_v1,controlled,golovin,16384,2.0,300.0,3600.0,3599.9999046325684,mass_fraction_r_ge_cloud_threshold,5,5,0.9981389883197549,7.97546922418437e-05,3.566738267546752e-05,0.9980399597897104,0.9982380168497994,0.9980838276431567,0.9982026036808861,7.990339339023415e-05
golovin_controlled_timestep_screen_v1,controlled,golovin,16384,2.0,300.0,3600.0,3599.9999046325684,mass_fraction_r_ge_large_threshold,5,5,0.5435262343226099,0.018717187952642527,0.00837058092194976,0.5202857758942004,0.5667666927510194,0.5306484057567337,0.5593263383831724,0.03443658607568322
golovin_controlled_timestep_screen_v1,controlled,golovin,16384,2.0,300.0,3600.0,3599.9999046325684,mass_fraction_r_ge_onset_threshold,5,5,0.5435262343226099,0.018717187952642527,0.00837058092194976,0.5202857758942004,0.5667666927510194,0.5306484057567337,0.5581332520196363,0.03443658607568322
golovin_controlled_timestep_screen_v1,controlled,golovin,16384,2.0,300.0,3600.0,3599.9999046325684,mass_weighted_radius_q99_um,5,5,2557.640966796875,62.5783949813067,27.98590902020669,2479.9396266832114,2635.342306910539,2510.405126953125,2606.26572265625,0.024467232028926367
golovin_controlled_timestep_screen_v1,controlled,golovin,16384,2.0,300.0,3600.0,3599.9999046325684,fixed_bin_mass_below_range_fraction,5,5,0.0,0.0,0.0,0.0,0.0,0.0,0.0,nan
golovin_controlled_timestep_screen_v1,controlled,golovin,16384,2.0,300.0,3600.0,3599.9999046325684,fixed_bin_mass_above_range_fraction,5,5,0.0,0.0,0.0,0.0,0.0,0.0,0.0,nan
golovin_controlled_timestep_screen_v1,controlled,golovin,16384,2.0,300.0,3600.0,3599.9999046325684,fixed_bin_mass_below_range_fraction_bins_250,5,5,0.0,0.0,0.0,0.0,0.0,0.0,0.0,nan
golovin_controlled_timestep_screen_v1,controlled,golovin,16384,2.0,300.0,3600.0,3599.9999046325684,fixed_bin_mass_below_range_fraction_bins_500,5,5,0.0,0.0,0.0,0.0,0.0,0.0,0.0,nan
golovin_controlled_timestep_screen_v1,controlled,golovin,16384,2.0,300.0,3600.0,3599.9999046325684,fixed_bin_mass_below_range_fraction_bins_1000,5,5,0.0,0.0,0.0,0.0,0.0,0.0,0.0,nan
golovin_controlled_timestep_screen_v1,controlled,golovin,16384,2.0,300.0,3600.0,3599.9999046325684,fixed_bin_mass_above_range_fraction_bins_250,5,5,0.0,0.0,0.0,0.0,0.0,0.0,0.0,nan
golovin_controlled_timestep_screen_v1,controlled,golovin,16384,2.0,300.0,3600.0,3599.9999046325684,fixed_bin_mass_above_range_fraction_bins_500,5,5,0.0,0.0,0.0,0.0,0.0,0.0,0.0,nan
golovin_controlled_timestep_screen_v1,controlled,golovin,16384,2.0,300.0,3600.0,3599.9999046325684,fixed_bin_mass_above_range_fraction_bins_1000,5,5,0.0,0.0,0.0,0.0,0.0,0.0,0.0,nan
golovin_controlled_timestep_screen_v1,controlled,golovin,16384,2.0,300.0,3600.0,600.0000238418579,golovin_fixed_bin_l1_relative,5,5,0.12371186936163721,0.011130101123863591,0.004977532541881159,0.10989202349976854,0.13753171522350588,0.11559572183405593,0.13308774420409225,0.08996793259446949
golovin_controlled_timestep_screen_v1,controlled,golovin,16384,2.0,300.0,3600.0,600.0000238418579,golovin_fixed_bin_l1_relative_bins_250,5,5,0.08412280518501232,0.006456844194839784,0.0028875885079573307,0.07610557420626879,0.09214003616375585,0.07882156131661172,0.08867559940802035,0.07675497958774873
golovin_controlled_timestep_screen_v1,controlled,golovin,16384,2.0,300.0,3600.0,600.0000238418579,golovin_fixed_bin_l1_relative_bins_500,5,5,0.12371186936163721,0.011130101123863591,0.004977532541881159,0.10989202349976854,0.13753171522350588,0.11559572183405593,0.13308774420409225,0.08996793259446949
golovin_controlled_timestep_screen_v1,controlled,golovin,16384,2.0,300.0,3600.0,600.0000238418579,golovin_fixed_bin_l1_relative_bins_1000,5,5,0.17553904156071898,0.00898519565997033,0.004018301657365948,0.16438244759291712,0.18669563552852084,0.1679342866587581,0.18166753486355375,0.05118630921123236
golovin_controlled_timestep_screen_v1,controlled,golovin,16384,2.0,300.0,3600.0,600.0000238418579,radius_moment_0_m3,5,5,3398588.85922422,35165.41291335577,15726.450746222485,3354925.232027736,3442252.4864207036,3373190.306961591,3428846.70372584,0.01034706296347444
golovin_controlled_timestep_screen_v1,controlled,golovin,16384,2.0,300.0,3600.0,600.0000238418579,radius_moment_3_um3_m3,5,5,238740390211.54584,307.274741107603,137.41744177704987,238740389830.01385,238740390593.07782,238740390009.29086,238740390481.03067,1.2870664274081545e-09
golovin_controlled_timestep_screen_v1,controlled,golovin,16384,2.0,300.0,3600.0,600.0000238418579,radius_moment_6_um6_m3,5,5,8.194843184055378e+16,1687372460203644.8,754615904875281.6,7.98532822051584e+16,8.404358147594915e+16,8.04906652066967e+16,8.310510702881584e+16,0.020590661984682613
golovin_controlled_timestep_screen_v1,controlled,golovin,16384,2.0,300.0,3600.0,600.0000238418579,golovin_relative_error_radius_moment_0_m3,5,5,-0.0035047888243425972,0.010310798692835313,0.004611129355899146,-0.016307336353962636,0.00929775870527744,-0.010951860755921116,0.004102073404565409,2.941917247972661
golovin_controlled_timestep_screen_v1,controlled,golovin,16384,2.0,300.0,3600.0,600.0000238418579,golovin_relative_error_radius_moment_3_um3_m3,5,5,2.973000380901425e-05,1.287104728703333e-09,5.756107335084154e-10,2.9728405657410702e-05,2.9731601960617797e-05,2.972915660843789e-05,2.973113262032534e-05,4.3293123572122716e-05
golovin_controlled_timestep_screen_v1,controlled,golovin,16384,2.0,300.0,3600.0,600.0000238418579,golovin_relative_error_radius_moment_6_um6_m3,5,5,-0.0031229395316423993,0.02052635859238796,0.009179666628623274,-0.02860978001003102,0.022363900946746222,-0.02067648520605756,0.011808758321310365,6.572768503651702
golovin_controlled_timestep_screen_v1,controlled,golovin,16384,2.0,300.0,3600.0,600.0000238418579,liquid_water_gm3,5,5,0.998236347970819,1.2847963749519365e-09,5.745784063275676e-10,0.9982363463755335,0.9982363495661044,0.9982363471251379,0.998236349097606,1.2870663120649004e-09
golovin_controlled_timestep_screen_v1,controlled,golovin,16384,2.0,300.0,3600.0,600.0000238418579,relative_liquid_mass_drift,5,5,5.555150783820295e-10,1.2870663447533361e-09,5.755935676841278e-10,-1.042588865197902e-09,2.153619021961961e-09,-2.916602070968111e-10,1.7162306464868494e-09,2.316888226512218
golovin_controlled_timestep_screen_v1,controlled,golovin,16384,2.0,300.0,3600.0,600.0000238418579,mass_fraction_r_ge_cloud_threshold,5,5,0.7896632289628779,0.002937425734186192,0.0013136567240995105,0.7860159331813417,0.7933105247444141,0.78762535517296,0.7919676584705574,0.00371984616536359
golovin_controlled_timestep_screen_v1,controlled,golovin,16384,2.0,300.0,3600.0,600.0000238418579,mass_fraction_r_ge_large_threshold,5,5,0.0,0.0,0.0,0.0,0.0,0.0,0.0,nan
golovin_controlled_timestep_screen_v1,controlled,golovin,16384,2.0,300.0,3600.0,600.0000238418579,mass_fraction_r_ge_onset_threshold,5,5,0.0,0.0,0.0,0.0,0.0,0.0,0.0,nan
golovin_controlled_timestep_screen_v1,controlled,golovin,16384,2.0,300.0,3600.0,600.0000238418579,mass_weighted_radius_q99_um,5,5,123.95958404541015,2.329569649491387,1.0418152189166199,121.06704128032854,126.85212681049177,122.40952758789062,125.97397918701172,0.01879297730329585
golovin_controlled_timestep_screen_v1,controlled,golovin,16384,2.0,300.0,3600.0,600.0000238418579,fixed_bin_mass_below_range_fraction,5,5,0.0,0.0,0.0,0.0,0.0,0.0,0.0,nan
golovin_controlled_timestep_screen_v1,controlled,golovin,16384,2.0,300.0,3600.0,600.0000238418579,fixed_bin_mass_above_range_fraction,5,5,0.0,0.0,0.0,0.0,0.0,0.0,0.0,nan
golovin_controlled_timestep_screen_v1,controlled,golovin,16384,2.0,300.0,3600.0,600.0000238418579,fixed_bin_mass_below_range_fraction_bins_250,5,5,0.0,0.0,0.0,0.0,0.0,0.0,0.0,nan
golovin_controlled_timestep_screen_v1,controlled,golovin,16384,2.0,300.0,3600.0,600.0000238418579,fixed_bin_mass_below_range_fraction_bins_500,5,5,0.0,0.0,0.0,0.0,0.0,0.0,0.0,nan
golovin_controlled_timestep_screen_v1,controlled,golovin,16384,2.0,300.0,3600.0,600.0000238418579,fixed_bin_mass_below_range_fraction_bins_1000,5,5,0.0,0.0,0.0,0.0,0.0,0.0,0.0,nan
golovin_controlled_timestep_screen_v1,controlled,golovin,16384,2.0,300.0,3600.0,600.0000238418579,fixed_bin_mass_above_range_fraction_bins_250,5,5,0.0,0.0,0.0,0.0,0.0,0.0,0.0,nan
golovin_controlled_timestep_screen_v1,controlled,golovin,16384,2.0,300.0,3600.0,600.0000238418579,fixed_bin_mass_above_range_fraction_bins_500,5,5,0.0,0.0,0.0,0.0,0.0,0.0,0.0,nan
golovin_controlled_timestep_screen_v1,controlled,golovin,16384,2.0,300.0,3600.0,600.0000238418579,fixed_bin_mass_above_range_fraction_bins_1000,5,5,0.0,0.0,0.0,0.0,0.0,0.0,0.0,nan
golovin_controlled_timestep_screen_v1,controlled,golovin,16384,2.0,300.0,3600.0,899.9999761581421,golovin_fixed_bin_l1_relative,5,5,0.12657899548391588,0.011059753313125491,0.004946072044505423,0.11284649796599315,0.1403114930018386,0.11791107499254369,0.1348931276744638,0.08737431728576824
golovin_controlled_timestep_screen_v1,controlled,golovin,16384,2.0,300.0,3600.0,899.9999761581421,golovin_fixed_bin_l1_relative_bins_250,5,5,0.0909031968849259,0.006301692112279722,0.002818202387266339,0.08307861266134353,0.09872778110850827,0.08548624633777575,0.09484729596968962,0.0693231077478718
golovin_controlled_timestep_screen_v1,controlled,golovin,16384,2.0,300.0,3600.0,899.9999761581421,golovin_fixed_bin_l1_relative_bins_500,5,5,0.12657899548391588,0.011059753313125491,0.004946072044505423,0.11284649796599315,0.1403114930018386,0.11791107499254369,0.1348931276744638,0.08737431728576824
golovin_controlled_timestep_screen_v1,controlled,golovin,16384,2.0,300.0,3600.0,899.9999761581421,golovin_fixed_bin_l1_relative_bins_1000,5,5,0.1813735391448096,0.005751796055740623,0.0025722813946702405,0.17423174105738606,0.18851533723223315,0.17740987945108552,0.1862602278866669,0.03171243215995448
golovin_controlled_timestep_screen_v1,controlled,golovin,16384,2.0,300.0,3600.0,899.9999761581421,radius_moment_0_m3,5,5,2169506.6747958544,39317.940648539385,17583.517605087247,2120687.003409051,2218326.346182658,2143301.149111354,2202123.8049332593,0.01812298671643364
golovin_controlled_timestep_screen_v1,controlled,golovin,16384,2.0,300.0,3600.0,899.9999761581421,radius_moment_3_um3_m3,5,5,238740390185.98502,166.34790523404143,74.39304480360194,238740389979.4368,238740390392.53323,238740390084.90195,238740390332.07852,6.967731983031947e-10
golovin_controlled_timestep_screen_v1,controlled,golovin,16384,2.0,300.0,3600.0,899.9999761581421,radius_moment_6_um6_m3,5,5,1.9799978661190586e+17,5824905360286373.0,2604976869620646.5,1.9076721133309414e+17,2.0523236189071757e+17,1.9408119202977085e+17,2.0287526877629837e+17,0.02941874564594161
golovin_controlled_timestep_screen_v1,controlled,golovin,16384,2.0,300.0,3600.0,899.9999761581421,golovin_relative_error_radius_moment_0_m3,5,5,-0.002367056712712601,0.018080088579072083,0.00808566142040455,-0.024816451785681454,0.020082338360256254,-0.014417490123561394,0.012631709559175319,7.6382152070841824
golovin_controlled_timestep_screen_v1,controlled,golovin,16384,2.0,300.0,3600.0,899.9999761581421,golovin_relative_error_radius_moment_3_um3_m3,5,5,2.9729896740349206e-05,6.967938618458752e-10,3.116156882783948e-10,2.972903155649678e-05,2.973076192420163e-05,2.9729473326423062e-05,2.9730509359484626e-05,2.3437480053544604e-05
golovin_controlled_timestep_screen_v1,controlled,golovin,16384,2.0,300.0,3600.0,899.9999761581421,golovin_relative_error_radius_moment_6_um6_m3,5,5,-0.020737174840425653,0.02880868397389571,0.012883635141587916,-0.05650788056644171,0.0150335308855904,-0.04011767048044357,0.003223796621353703,1.3892289666061561
golovin_controlled_timestep_screen_v1,controlled,golovin,16384,2.0,300.0,3600.0,899.9999761581421,liquid_water_gm3,5,5,0.9982363478639421,6.955443036833517e-10,3.110568688797463e-10,0.9982363470003098,0.9982363487275744,0.9982363474412874,0.9982363484747976,6.967731691715088e-10
golovin_controlled_timestep_screen_v1,controlled,golovin,16384,2.0,300.0,3600.0,899.9999761581421,relative_liquid_mass_drift,5,5,4.484494553480545e-10,6.967731668482893e-10,3.1160643319411553e-10,-4.1670870084189083e-10,1.3136076115379997e-09,2.5048096929936038e-11,1.0590132770715854e-09,1.5537384615786938
golovin_controlled_timestep_screen_v1,controlled,golovin,16384,2.0,300.0,3600.0,899.9999761581421,mass_fraction_r_ge_cloud_threshold,5,5,0.8750076167268277,0.0041279125009889344,0.001846058591476485,0.8698821363866145,0.8801330970670409,0.8717188283416336,0.8781980229998749,0.0047175732211684794
golovin_controlled_timestep_screen_v1,controlled,golovin,16384,2.0,300.0,3600.0,899.9999761581421,mass_fraction_r_ge_large_threshold,5,5,0.0,0.0,0.0,0.0,0.0,0.0,0.0,nan
golovin_controlled_timestep_screen_v1,controlled,golovin,16384,2.0,300.0,3600.0,899.9999761581421,mass_fraction_r_ge_onset_threshold,5,5,0.0,0.0,0.0,0.0,0.0,0.0,0.0,nan
golovin_controlled_timestep_screen_v1,controlled,golovin,16384,2.0,300.0,3600.0,899.9999761581421,mass_weighted_radius_q99_um,5,5,169.72686462402345,3.1737742739913974,1.4193550043769614,165.78610336958303,173.66762587846387,167.32786865234374,172.17276611328126,0.018699304208687866
golovin_controlled_timestep_screen_v1,controlled,golovin,16384,2.0,300.0,3600.0,899.9999761581421,fixed_bin_mass_below_range_fraction,5,5,0.0,0.0,0.0,0.0,0.0,0.0,0.0,nan
golovin_controlled_timestep_screen_v1,controlled,golovin,16384,2.0,300.0,3600.0,899.9999761581421,fixed_bin_mass_above_range_fraction,5,5,0.0,0.0,0.0,0.0,0.0,0.0,0.0,nan
golovin_controlled_timestep_screen_v1,controlled,golovin,16384,2.0,300.0,3600.0,899.9999761581421,fixed_bin_mass_below_range_fraction_bins_250,5,5,0.0,0.0,0.0,0.0,0.0,0.0,0.0,nan
golovin_controlled_timestep_screen_v1,controlled,golovin,16384,2.0,300.0,3600.0,899.9999761581421,fixed_bin_mass_below_range_fraction_bins_500,5,5,0.0,0.0,0.0,0.0,0.0,0.0,0.0,nan
golovin_controlled_timestep_screen_v1,controlled,golovin,16384,2.0,300.0,3600.0,899.9999761581421,fixed_bin_mass_below_range_fraction_bins_1000,5,5,0.0,0.0,0.0,0.0,0.0,0.0,0.0,nan
golovin_controlled_timestep_screen_v1,controlled,golovin,16384,2.0,300.0,3600.0,899.9999761581421,fixed_bin_mass_above_range_fraction_bins_250,5,5,0.0,0.0,0.0,0.0,0.0,0.0,0.0,nan
golovin_controlled_timestep_screen_v1,controlled,golovin,16384,2.0,300.0,3600.0,899.9999761581421,fixed_bin_mass_above_range_fraction_bins_500,5,5,0.0,0.0,0.0,0.0,0.0,0.0,0.0,nan
golovin_controlled_timestep_screen_v1,controlled,golovin,16384,2.0,300.0,3600.0,899.9999761581421,fixed_bin_mass_above_range_fraction_bins_1000,5,5,0.0,0.0,0.0,0.0,0.0,0.0,0.0,nan
