run_label,kernel,matrix_stage,initialization_family,matrix_case_index,member_index,initialization_seed,collision_seed,max_superdroplets,collision_timestep_s,observation_timestep_s,end_time_s,tail_onset_status,tail_onset_lower_bound_s,tail_onset_upper_bound_s,tail_onset_first_recorded_crossing_s,onset_radius_threshold_um,onset_mass_fraction,maximum_absolute_liquid_mass_drift,large_drop_threshold_um,mass_weighted_radius_quantile
golovin_controlled_high_resolution_convergence_v1_N016384_dt0p1_m000,golovin,golovin_controlled_high_resolution_convergence_v1,controlled,0,0,not_applicable,5556426962534329778,16384,0.1,300.0,3600.0,crossed_between_outputs,2700.000047683716,3000.0,3000.0,1000.0,0.1,2.2169757141199398e-09,1000.0,0.99
golovin_controlled_high_resolution_convergence_v1_N016384_dt0p1_m001,golovin,golovin_controlled_high_resolution_convergence_v1,controlled,1,1,not_applicable,9422702842302939588,16384,0.1,300.0,3600.0,crossed_between_outputs,2700.000047683716,3000.0,3000.0,1000.0,0.1,3.212689669851443e-09,1000.0,0.99
golovin_controlled_high_resolution_convergence_v1_N016384_dt0p1_m002,golovin,golovin_controlled_high_resolution_convergence_v1,controlled,2,2,not_applicable,2462997661728145255,16384,0.1,300.0,3600.0,crossed_between_outputs,2700.000047683716,3000.0,3000.0,1000.0,0.1,2.616139416211638e-09,1000.0,0.99
golovin_controlled_high_resolution_convergence_v1_N016384_dt0p1_m003,golovin,golovin_controlled_high_resolution_convergence_v1,controlled,3,3,not_applicable,6883301317157315235,16384,0.1,300.0,3600.0,crossed_between_outputs,2700.000047683716,3000.0,3000.0,1000.0,0.1,3.313875951427292e-09,1000.0,0.99
golovin_controlled_high_resolution_convergence_v1_N016384_dt0p1_m004,golovin,golovin_controlled_high_resolution_convergence_v1,controlled,4,4,not_applicable,12559123858524931853,16384,0.1,300.0,3600.0,crossed_between_outputs,2700.000047683716,3000.0,3000.0,1000.0,0.1,3.466885667435804e-09,1000.0,0.99
golovin_controlled_high_resolution_convergence_v1_N016384_dt0p1_m005,golovin,golovin_controlled_high_resolution_convergence_v1,controlled,5,5,not_applicable,16722514017237813416,16384,0.1,300.0,3600.0,crossed_between_outputs,2700.000047683716,3000.0,3000.0,1000.0,0.1,2.6546616016531743e-09,1000.0,0.99
golovin_controlled_high_resolution_convergence_v1_N016384_dt0p1_m006,golovin,golovin_controlled_high_resolution_convergence_v1,controlled,6,6,not_applicable,17848202879261313097,16384,0.1,300.0,3600.0,crossed_between_outputs,2700.000047683716,3000.0,3000.0,1000.0,0.1,3.156634287293514e-09,1000.0,0.99
golovin_controlled_high_resolution_convergence_v1_N016384_dt0p1_m007,golovin,golovin_controlled_high_resolution_convergence_v1,controlled,7,7,not_applicable,15739325113162581184,16384,0.1,300.0,3600.0,crossed_between_outputs,2700.000047683716,3000.0,3000.0,1000.0,0.1,3.0740061607303915e-09,1000.0,0.99
golovin_controlled_high_resolution_convergence_v1_N016384_dt0p1_m008,golovin,golovin_controlled_high_resolution_convergence_v1,controlled,8,8,not_applicable,8287761169604493700,16384,0.1,300.0,3600.0,crossed_between_outputs,2700.000047683716,3000.0,3000.0,1000.0,0.1,2.5442891127269718e-09,1000.0,0.99
golovin_controlled_high_resolution_convergence_v1_N016384_dt0p1_m009,golovin,golovin_controlled_high_resolution_convergence_v1,controlled,9,9,not_applicable,10357277940488528252,16384,0.1,300.0,3600.0,crossed_between_outputs,2700.000047683716,3000.0,3000.0,1000.0,0.1,2.0190022986810163e-09,1000.0,0.99
golovin_controlled_high_resolution_convergence_v1_N016384_dt0p1_m010,golovin,golovin_controlled_high_resolution_convergence_v1,controlled,10,10,not_applicable,11680531015065977876,16384,0.1,300.0,3600.0,crossed_between_outputs,2700.000047683716,3000.0,3000.0,1000.0,0.1,2.169446844391132e-09,1000.0,0.99
golovin_controlled_high_resolution_convergence_v1_N016384_dt0p1_m011,golovin,golovin_controlled_high_resolution_convergence_v1,controlled,11,11,not_applicable,13403048578816263658,16384,0.1,300.0,3600.0,crossed_between_outputs,2700.000047683716,3000.0,3000.0,1000.0,0.1,2.6261501862023806e-09,1000.0,0.99
golovin_controlled_high_resolution_convergence_v1_N016384_dt0p1_m012,golovin,golovin_controlled_high_resolution_convergence_v1,controlled,12,12,not_applicable,10524280010282654237,16384,0.1,300.0,3600.0,crossed_between_outputs,2700.000047683716,3000.0,3000.0,1000.0,0.1,2.797923892572385e-09,1000.0,0.99
golovin_controlled_high_resolution_convergence_v1_N016384_dt0p1_m013,golovin,golovin_controlled_high_resolution_convergence_v1,controlled,13,13,not_applicable,8185699380485648223,16384,0.1,300.0,3600.0,crossed_between_outputs,2700.000047683716,3000.0,3000.0,1000.0,0.1,2.7029511961984554e-09,1000.0,0.99
golovin_controlled_high_resolution_convergence_v1_N016384_dt0p1_m014,golovin,golovin_controlled_high_resolution_convergence_v1,controlled,14,14,not_applicable,8890606015096335722,16384,0.1,300.0,3600.0,crossed_between_outputs,2700.000047683716,3000.0,3000.0,1000.0,0.1,2.1608728140165567e-09,1000.0,0.99
golovin_controlled_high_resolution_convergence_v1_N016384_dt0p1_m015,golovin,golovin_controlled_high_resolution_convergence_v1,controlled,15,15,not_applicable,2937220287262947230,16384,0.1,300.0,3600.0,crossed_between_outputs,2700.000047683716,3000.0,3000.0,1000.0,0.1,3.46991835264987e-09,1000.0,0.99
golovin_controlled_high_resolution_convergence_v1_N016384_dt0p1_m016,golovin,golovin_controlled_high_resolution_convergence_v1,controlled,16,16,not_applicable,3959578748873927022,16384,0.1,300.0,3600.0,crossed_between_outputs,2700.000047683716,3000.0,3000.0,1000.0,0.1,3.1783513598782065e-09,1000.0,0.99
golovin_controlled_high_resolution_convergence_v1_N016384_dt0p1_m017,golovin,golovin_controlled_high_resolution_convergence_v1,controlled,17,17,not_applicable,16013255077783280323,16384,0.1,300.0,3600.0,crossed_between_outputs,2700.000047683716,3000.0,3000.0,1000.0,0.1,3.7166252297993196e-09,1000.0,0.99
golovin_controlled_high_resolution_convergence_v1_N016384_dt0p1_m018,golovin,golovin_controlled_high_resolution_convergence_v1,controlled,18,18,not_applicable,10070523177964915733,16384,0.1,300.0,3600.0,crossed_between_outputs,2700.000047683716,3000.0,3000.0,1000.0,0.1,3.335518972136242e-09,1000.0,0.99
golovin_controlled_high_resolution_convergence_v1_N016384_dt0p1_m019,golovin,golovin_controlled_high_resolution_convergence_v1,controlled,19,19,not_applicable,15645594162331661612,16384,0.1,300.0,3600.0,crossed_between_outputs,2700.000047683716,3000.0,3000.0,1000.0,0.1,1.8020782643901612e-09,1000.0,0.99
golovin_controlled_high_resolution_convergence_v1_N016384_dt0p1_m020,golovin,golovin_controlled_high_resolution_convergence_v1,controlled,20,20,not_applicable,792003331605908582,16384,0.1,300.0,3600.0,crossed_between_outputs,2700.000047683716,3000.0,3000.0,1000.0,0.1,1.6299795957408492e-09,1000.0,0.99
golovin_controlled_high_resolution_convergence_v1_N016384_dt0p1_m021,golovin,golovin_controlled_high_resolution_convergence_v1,controlled,21,21,not_applicable,602348395266704468,16384,0.1,300.0,3600.0,crossed_between_outputs,2700.000047683716,3000.0,3000.0,1000.0,0.1,4.197665104399562e-09,1000.0,0.99
golovin_controlled_high_resolution_convergence_v1_N016384_dt0p1_m022,golovin,golovin_controlled_high_resolution_convergence_v1,controlled,22,22,not_applicable,7792262706103351803,16384,0.1,300.0,3600.0,crossed_between_outputs,2700.000047683716,3000.0,3000.0,1000.0,0.1,4.063682501609378e-09,1000.0,0.99
golovin_controlled_high_resolution_convergence_v1_N016384_dt0p1_m023,golovin,golovin_controlled_high_resolution_convergence_v1,controlled,23,23,not_applicable,2221252669297334737,16384,0.1,300.0,3600.0,crossed_between_outputs,2700.000047683716,3000.0,3000.0,1000.0,0.1,2.7303705962822278e-09,1000.0,0.99
golovin_controlled_high_resolution_convergence_v1_N016384_dt0p1_m024,golovin,golovin_controlled_high_resolution_convergence_v1,controlled,24,24,not_applicable,1296093832760319784,16384,0.1,300.0,3600.0,crossed_between_outputs,2700.000047683716,3000.0,3000.0,1000.0,0.1,2.2296711144065284e-09,1000.0,0.99
golovin_controlled_high_resolution_convergence_v1_N016384_dt0p1_m025,golovin,golovin_controlled_high_resolution_convergence_v1,controlled,25,25,not_applicable,7058954282744420458,16384,0.1,300.0,3600.0,crossed_between_outputs,2700.000047683716,3000.0,3000.0,1000.0,0.1,2.84052892318698e-09,1000.0,0.99
golovin_controlled_high_resolution_convergence_v1_N016384_dt0p1_m026,golovin,golovin_controlled_high_resolution_convergence_v1,controlled,26,26,not_applicable,2247145968725594224,16384,0.1,300.0,3600.0,crossed_between_outputs,2700.000047683716,3000.0,3000.0,1000.0,0.1,2.7857376405648893e-09,1000.0,0.99
golovin_controlled_high_resolution_convergence_v1_N016384_dt0p1_m027,golovin,golovin_controlled_high_resolution_convergence_v1,controlled,27,27,not_applicable,7649999342768085010,16384,0.1,300.0,3600.0,crossed_between_outputs,2700.000047683716,3000.0,3000.0,1000.0,0.1,2.6227524596578178e-09,1000.0,0.99
golovin_controlled_high_resolution_convergence_v1_N016384_dt0p1_m028,golovin,golovin_controlled_high_resolution_convergence_v1,controlled,28,28,not_applicable,14220105908739365407,16384,0.1,300.0,3600.0,crossed_between_outputs,2700.000047683716,3000.0,3000.0,1000.0,0.1,3.134950743444165e-09,1000.0,0.99
golovin_controlled_high_resolution_convergence_v1_N016384_dt0p1_m029,golovin,golovin_controlled_high_resolution_convergence_v1,controlled,29,29,not_applicable,16418298250450829876,16384,0.1,300.0,3600.0,crossed_between_outputs,2700.000047683716,3000.0,3000.0,1000.0,0.1,2.4689740252270553e-09,1000.0,0.99
golovin_controlled_high_resolution_convergence_v1_N016384_dt0p1_m030,golovin,golovin_controlled_high_resolution_convergence_v1,controlled,30,30,not_applicable,18073632933221564431,16384,0.1,300.0,3600.0,crossed_between_outputs,2700.000047683716,3000.0,3000.0,1000.0,0.1,3.0224172054005294e-09,1000.0,0.99
golovin_controlled_high_resolution_convergence_v1_N016384_dt0p1_m031,golovin,golovin_controlled_high_resolution_convergence_v1,controlled,31,31,not_applicable,12197310643715884401,16384,0.1,300.0,3600.0,crossed_between_outputs,2700.000047683716,3000.0,3000.0,1000.0,0.1,2.428903078666167e-09,1000.0,0.99
golovin_controlled_high_resolution_convergence_v1_N016384_dt0p1_m032,golovin,golovin_controlled_high_resolution_convergence_v1,controlled,32,32,not_applicable,9095855655119433351,16384,0.1,300.0,3600.0,crossed_between_outputs,2700.000047683716,3000.0,3000.0,1000.0,0.1,2.7506601441018574e-09,1000.0,0.99
golovin_controlled_high_resolution_convergence_v1_N016384_dt0p1_m033,golovin,golovin_controlled_high_resolution_convergence_v1,controlled,33,33,not_applicable,9006591315595256362,16384,0.1,300.0,3600.0,crossed_between_outputs,2700.000047683716,3000.0,3000.0,1000.0,0.1,1.945620997645392e-09,1000.0,0.99
golovin_controlled_high_resolution_convergence_v1_N016384_dt0p1_m034,golovin,golovin_controlled_high_resolution_convergence_v1,controlled,34,34,not_applicable,14744414377763087897,16384,0.1,300.0,3600.0,crossed_between_outputs,2700.000047683716,3000.0,3000.0,1000.0,0.1,2.547216437776001e-09,1000.0,0.99
golovin_controlled_high_resolution_convergence_v1_N016384_dt0p1_m035,golovin,golovin_controlled_high_resolution_convergence_v1,controlled,35,35,not_applicable,4143819578186359383,16384,0.1,300.0,3600.0,crossed_between_outputs,2700.000047683716,3000.0,3000.0,1000.0,0.1,3.6181276863445078e-09,1000.0,0.99
golovin_controlled_high_resolution_convergence_v1_N016384_dt0p1_m036,golovin,golovin_controlled_high_resolution_convergence_v1,controlled,36,36,not_applicable,17186520627103302607,16384,0.1,300.0,3600.0,crossed_between_outputs,2700.000047683716,3000.0,3000.0,1000.0,0.1,2.6804376496158966e-09,1000.0,0.99
golovin_controlled_high_resolution_convergence_v1_N016384_dt0p1_m037,golovin,golovin_controlled_high_resolution_convergence_v1,controlled,37,37,not_applicable,3285007672859005173,16384,0.1,300.0,3600.0,crossed_between_outputs,2700.000047683716,3000.0,3000.0,1000.0,0.1,2.688107292314612e-09,1000.0,0.99
golovin_controlled_high_resolution_convergence_v1_N016384_dt0p1_m038,golovin,golovin_controlled_high_resolution_convergence_v1,controlled,38,38,not_applicable,17994293222389447115,16384,0.1,300.0,3600.0,crossed_between_outputs,2700.000047683716,3000.0,3000.0,1000.0,0.1,1.977163432975715e-09,1000.0,0.99
golovin_controlled_high_resolution_convergence_v1_N016384_dt0p1_m039,golovin,golovin_controlled_high_resolution_convergence_v1,controlled,39,39,not_applicable,11475257952331957482,16384,0.1,300.0,3600.0,crossed_between_outputs,2700.000047683716,3000.0,3000.0,1000.0,0.1,3.5463136871527468e-09,1000.0,0.99
golovin_controlled_high_resolution_convergence_v1_N016384_dt0p1_m040,golovin,golovin_controlled_high_resolution_convergence_v1,controlled,40,40,not_applicable,136820731087347620,16384,0.1,300.0,3600.0,crossed_between_outputs,2700.000047683716,3000.0,3000.0,1000.0,0.1,2.036409707528719e-09,1000.0,0.99
golovin_controlled_high_resolution_convergence_v1_N016384_dt0p1_m041,golovin,golovin_controlled_high_resolution_convergence_v1,controlled,41,41,not_applicable,7777932424032996536,16384,0.1,300.0,3600.0,crossed_between_outputs,2700.000047683716,3000.0,3000.0,1000.0,0.1,3.266047210459533e-09,1000.0,0.99
golovin_controlled_high_resolution_convergence_v1_N016384_dt0p1_m042,golovin,golovin_controlled_high_resolution_convergence_v1,controlled,42,42,not_applicable,2035268175793727152,16384,0.1,300.0,3600.0,crossed_between_outputs,2700.000047683716,3000.0,3000.0,1000.0,0.1,2.22806750826976e-09,1000.0,0.99
golovin_controlled_high_resolution_convergence_v1_N016384_dt0p1_m043,golovin,golovin_controlled_high_resolution_convergence_v1,controlled,43,43,not_applicable,3614189788794869917,16384,0.1,300.0,3600.0,crossed_between_outputs,2700.000047683716,3000.0,3000.0,1000.0,0.1,1.6184485973624874e-09,1000.0,0.99
golovin_controlled_high_resolution_convergence_v1_N016384_dt0p1_m044,golovin,golovin_controlled_high_resolution_convergence_v1,controlled,44,44,not_applicable,4147028749212652937,16384,0.1,300.0,3600.0,crossed_between_outputs,2700.000047683716,3000.0,3000.0,1000.0,0.1,2.045725366883744e-09,1000.0,0.99
golovin_controlled_high_resolution_convergence_v1_N016384_dt0p1_m045,golovin,golovin_controlled_high_resolution_convergence_v1,controlled,45,45,not_applicable,8082361238906859003,16384,0.1,300.0,3600.0,crossed_between_outputs,2700.000047683716,3000.0,3000.0,1000.0,0.1,3.034547058078374e-09,1000.0,0.99
golovin_controlled_high_resolution_convergence_v1_N016384_dt0p1_m046,golovin,golovin_controlled_high_resolution_convergence_v1,controlled,46,46,not_applicable,4931052618610161209,16384,0.1,300.0,3600.0,crossed_between_outputs,2700.000047683716,3000.0,3000.0,1000.0,0.1,2.0716306448065325e-09,1000.0,0.99
golovin_controlled_high_resolution_convergence_v1_N016384_dt0p1_m047,golovin,golovin_controlled_high_resolution_convergence_v1,controlled,47,47,not_applicable,2526481311099891059,16384,0.1,300.0,3600.0,crossed_between_outputs,2700.000047683716,3000.0,3000.0,1000.0,0.1,1.1513012765362873e-09,1000.0,0.99
golovin_controlled_high_resolution_convergence_v1_N016384_dt0p1_m048,golovin,golovin_controlled_high_resolution_convergence_v1,controlled,48,48,not_applicable,156670700918715235,16384,0.1,300.0,3600.0,crossed_between_outputs,2700.000047683716,3000.0,3000.0,1000.0,0.1,1.878043720537903e-09,1000.0,0.99
golovin_controlled_high_resolution_convergence_v1_N016384_dt0p1_m049,golovin,golovin_controlled_high_resolution_convergence_v1,controlled,49,49,not_applicable,17926621833469444314,16384,0.1,300.0,3600.0,crossed_between_outputs,2700.000047683716,3000.0,3000.0,1000.0,0.1,2.485077255087731e-09,1000.0,0.99
golovin_controlled_high_resolution_convergence_v1_N016384_dt0p1_m050,golovin,golovin_controlled_high_resolution_convergence_v1,controlled,50,50,not_applicable,5659161551745891681,16384,0.1,300.0,3600.0,crossed_between_outputs,2700.000047683716,3000.0,3000.0,1000.0,0.1,1.4076499965653966e-09,1000.0,0.99
golovin_controlled_high_resolution_convergence_v1_N016384_dt0p1_m051,golovin,golovin_controlled_high_resolution_convergence_v1,controlled,51,51,not_applicable,5950596442729197252,16384,0.1,300.0,3600.0,crossed_between_outputs,2700.000047683716,3000.0,3000.0,1000.0,0.1,1.904558288856606e-09,1000.0,0.99
golovin_controlled_high_resolution_convergence_v1_N016384_dt0p1_m052,golovin,golovin_controlled_high_resolution_convergence_v1,controlled,52,52,not_applicable,8614588747030390308,16384,0.1,300.0,3600.0,crossed_between_outputs,2700.000047683716,3000.0,3000.0,1000.0,0.1,1.8656651779025424e-09,1000.0,0.99
golovin_controlled_high_resolution_convergence_v1_N016384_dt0p1_m053,golovin,golovin_controlled_high_resolution_convergence_v1,controlled,53,53,not_applicable,941054747695189584,16384,0.1,300.0,3600.0,crossed_between_outputs,2700.000047683716,3000.0,3000.0,1000.0,0.1,2.2906060381799875e-09,1000.0,0.99
golovin_controlled_high_resolution_convergence_v1_N016384_dt0p1_m054,golovin,golovin_controlled_high_resolution_convergence_v1,controlled,54,54,not_applicable,5372109282270801043,16384,0.1,300.0,3600.0,crossed_between_outputs,2700.000047683716,3000.0,3000.0,1000.0,0.1,2.899449569326862e-09,1000.0,0.99
golovin_controlled_high_resolution_convergence_v1_N016384_dt0p1_m055,golovin,golovin_controlled_high_resolution_convergence_v1,controlled,55,55,not_applicable,6058069436947537919,16384,0.1,300.0,3600.0,crossed_between_outputs,2700.000047683716,3000.0,3000.0,1000.0,0.1,2.3265558368734673e-09,1000.0,0.99
golovin_controlled_high_resolution_convergence_v1_N016384_dt0p1_m056,golovin,golovin_controlled_high_resolution_convergence_v1,controlled,56,56,not_applicable,11969449819981153596,16384,0.1,300.0,3600.0,crossed_between_outputs,2700.000047683716,3000.0,3000.0,1000.0,0.1,2.242102725702466e-09,1000.0,0.99
golovin_controlled_high_resolution_convergence_v1_N016384_dt0p1_m057,golovin,golovin_controlled_high_resolution_convergence_v1,controlled,57,57,not_applicable,15774029340027352743,16384,0.1,300.0,3600.0,crossed_between_outputs,2700.000047683716,3000.0,3000.0,1000.0,0.1,4.3648165082288415e-09,1000.0,0.99
golovin_controlled_high_resolution_convergence_v1_N016384_dt0p1_m058,golovin,golovin_controlled_high_resolution_convergence_v1,controlled,58,58,not_applicable,5855694991863516323,16384,0.1,300.0,3600.0,crossed_between_outputs,2700.000047683716,3000.0,3000.0,1000.0,0.1,1.7600390034289148e-09,1000.0,0.99
golovin_controlled_high_resolution_convergence_v1_N016384_dt0p1_m059,golovin,golovin_controlled_high_resolution_convergence_v1,controlled,59,59,not_applicable,12178295227321978726,16384,0.1,300.0,3600.0,crossed_between_outputs,2700.000047683716,3000.0,3000.0,1000.0,0.1,2.1579564801754714e-09,1000.0,0.99
golovin_controlled_high_resolution_convergence_v1_N016384_dt0p1_m060,golovin,golovin_controlled_high_resolution_convergence_v1,controlled,60,60,not_applicable,1621161615841264304,16384,0.1,300.0,3600.0,crossed_between_outputs,2700.000047683716,3000.0,3000.0,1000.0,0.1,2.4222946981566906e-09,1000.0,0.99
golovin_controlled_high_resolution_convergence_v1_N016384_dt0p1_m061,golovin,golovin_controlled_high_resolution_convergence_v1,controlled,61,61,not_applicable,2740782412354334413,16384,0.1,300.0,3600.0,crossed_between_outputs,2700.000047683716,3000.0,3000.0,1000.0,0.1,2.505300411570488e-09,1000.0,0.99
golovin_controlled_high_resolution_convergence_v1_N016384_dt0p1_m062,golovin,golovin_controlled_high_resolution_convergence_v1,controlled,62,62,not_applicable,16058657001768720068,16384,0.1,300.0,3600.0,crossed_between_outputs,2700.000047683716,3000.0,3000.0,1000.0,0.1,2.57243870649404e-09,1000.0,0.99
golovin_controlled_high_resolution_convergence_v1_N016384_dt0p1_m063,golovin,golovin_controlled_high_resolution_convergence_v1,controlled,63,63,not_applicable,9442084572888535956,16384,0.1,300.0,3600.0,crossed_between_outputs,2700.000047683716,3000.0,3000.0,1000.0,0.1,2.697263079554091e-09,1000.0,0.99
golovin_controlled_high_resolution_convergence_v1_N016384_dt0p1_m064,golovin,golovin_controlled_high_resolution_convergence_v1,controlled,64,64,not_applicable,736936497897908812,16384,0.1,300.0,3600.0,crossed_between_outputs,2700.000047683716,3000.0,3000.0,1000.0,0.1,3.6338696496329703e-09,1000.0,0.99
golovin_controlled_high_resolution_convergence_v1_N016384_dt0p1_m065,golovin,golovin_controlled_high_resolution_convergence_v1,controlled,65,65,not_applicable,2603802135273377049,16384,0.1,300.0,3600.0,crossed_between_outputs,2700.000047683716,3000.0,3000.0,1000.0,0.1,2.28093632870241e-09,1000.0,0.99
golovin_controlled_high_resolution_convergence_v1_N016384_dt0p1_m066,golovin,golovin_controlled_high_resolution_convergence_v1,controlled,66,66,not_applicable,17757724842586139373,16384,0.1,300.0,3600.0,crossed_between_outputs,2700.000047683716,3000.0,3000.0,1000.0,0.1,2.974214208251169e-09,1000.0,0.99
golovin_controlled_high_resolution_convergence_v1_N016384_dt0p1_m067,golovin,golovin_controlled_high_resolution_convergence_v1,controlled,67,67,not_applicable,14899842023308105857,16384,0.1,300.0,3600.0,crossed_between_outputs,2700.000047683716,3000.0,3000.0,1000.0,0.1,2.966435874718343e-09,1000.0,0.99
golovin_controlled_high_resolution_convergence_v1_N016384_dt0p1_m068,golovin,golovin_controlled_high_resolution_convergence_v1,controlled,68,68,not_applicable,1500428580483769021,16384,0.1,300.0,3600.0,crossed_between_outputs,2700.000047683716,3000.0,3000.0,1000.0,0.1,2.486774119958568e-09,1000.0,0.99
golovin_controlled_high_resolution_convergence_v1_N016384_dt0p1_m069,golovin,golovin_controlled_high_resolution_convergence_v1,controlled,69,69,not_applicable,2404510891055909092,16384,0.1,300.0,3600.0,crossed_between_outputs,2700.000047683716,3000.0,3000.0,1000.0,0.1,3.060454334402607e-09,1000.0,0.99
golovin_controlled_high_resolution_convergence_v1_N016384_dt0p1_m070,golovin,golovin_controlled_high_resolution_convergence_v1,controlled,70,70,not_applicable,9230928699310487270,16384,0.1,300.0,3600.0,crossed_between_outputs,2700.000047683716,3000.0,3000.0,1000.0,0.1,3.1524008958783156e-09,1000.0,0.99
golovin_controlled_high_resolution_convergence_v1_N016384_dt0p1_m071,golovin,golovin_controlled_high_resolution_convergence_v1,controlled,71,71,not_applicable,7235443260716414647,16384,0.1,300.0,3600.0,crossed_between_outputs,2700.000047683716,3000.0,3000.0,1000.0,0.1,3.2701539254276213e-09,1000.0,0.99
golovin_controlled_high_resolution_convergence_v1_N016384_dt0p1_m072,golovin,golovin_controlled_high_resolution_convergence_v1,controlled,72,72,not_applicable,15018895619106101443,16384,0.1,300.0,3600.0,crossed_between_outputs,2700.000047683716,3000.0,3000.0,1000.0,0.1,3.330183351302196e-09,1000.0,0.99
golovin_controlled_high_resolution_convergence_v1_N016384_dt0p1_m073,golovin,golovin_controlled_high_resolution_convergence_v1,controlled,73,73,not_applicable,15318686798727221233,16384,0.1,300.0,3600.0,crossed_between_outputs,2700.000047683716,3000.0,3000.0,1000.0,0.1,2.524670694725728e-09,1000.0,0.99
golovin_controlled_high_resolution_convergence_v1_N016384_dt0p1_m074,golovin,golovin_controlled_high_resolution_convergence_v1,controlled,74,74,not_applicable,16320675089484441291,16384,0.1,300.0,3600.0,crossed_between_outputs,2700.000047683716,3000.0,3000.0,1000.0,0.1,3.1921435494908224e-09,1000.0,0.99
golovin_controlled_high_resolution_convergence_v1_N016384_dt0p1_m075,golovin,golovin_controlled_high_resolution_convergence_v1,controlled,75,75,not_applicable,15373324112192528115,16384,0.1,300.0,3600.0,crossed_between_outputs,2700.000047683716,3000.0,3000.0,1000.0,0.1,1.7459260703844848e-09,1000.0,0.99
golovin_controlled_high_resolution_convergence_v1_N016384_dt0p1_m076,golovin,golovin_controlled_high_resolution_convergence_v1,controlled,76,76,not_applicable,11405581018019737447,16384,0.1,300.0,3600.0,crossed_between_outputs,2700.000047683716,3000.0,3000.0,1000.0,0.1,2.1871802147188646e-09,1000.0,0.99
golovin_controlled_high_resolution_convergence_v1_N016384_dt0p1_m077,golovin,golovin_controlled_high_resolution_convergence_v1,controlled,77,77,not_applicable,11313057295343843690,16384,0.1,300.0,3600.0,crossed_between_outputs,2700.000047683716,3000.0,3000.0,1000.0,0.1,2.2532108401307482e-09,1000.0,0.99
golovin_controlled_high_resolution_convergence_v1_N016384_dt0p1_m078,golovin,golovin_controlled_high_resolution_convergence_v1,controlled,78,78,not_applicable,18093993135212706431,16384,0.1,300.0,3600.0,crossed_between_outputs,2700.000047683716,3000.0,3000.0,1000.0,0.1,1.6444506867330233e-09,1000.0,0.99
golovin_controlled_high_resolution_convergence_v1_N016384_dt0p1_m079,golovin,golovin_controlled_high_resolution_convergence_v1,controlled,79,79,not_applicable,555784549646163707,16384,0.1,300.0,3600.0,crossed_between_outputs,2700.000047683716,3000.0,3000.0,1000.0,0.1,2.307600555084832e-09,1000.0,0.99
golovin_controlled_high_resolution_convergence_v1_N016384_dt0p1_m080,golovin,golovin_controlled_high_resolution_convergence_v1,controlled,80,80,not_applicable,15268152206610910788,16384,0.1,300.0,3600.0,crossed_between_outputs,2700.000047683716,3000.0,3000.0,1000.0,0.1,1.6834286187261682e-09,1000.0,0.99
golovin_controlled_high_resolution_convergence_v1_N016384_dt0p1_m081,golovin,golovin_controlled_high_resolution_convergence_v1,controlled,81,81,not_applicable,2187614493238226841,16384,0.1,300.0,3600.0,crossed_between_outputs,2700.000047683716,3000.0,3000.0,1000.0,0.1,2.3242929803046763e-09,1000.0,0.99
golovin_controlled_high_resolution_convergence_v1_N016384_dt0p1_m082,golovin,golovin_controlled_high_resolution_convergence_v1,controlled,82,82,not_applicable,7626814126105980490,16384,0.1,300.0,3600.0,crossed_between_outputs,2700.000047683716,3000.0,3000.0,1000.0,0.1,2.6515596385223716e-09,1000.0,0.99
golovin_controlled_high_resolution_convergence_v1_N016384_dt0p1_m083,golovin,golovin_controlled_high_resolution_convergence_v1,controlled,83,83,not_applicable,10399409256278304454,16384,0.1,300.0,3600.0,crossed_between_outputs,2700.000047683716,3000.0,3000.0,1000.0,0.1,3.1875038164486114e-09,1000.0,0.99
golovin_controlled_high_resolution_convergence_v1_N016384_dt0p1_m084,golovin,golovin_controlled_high_resolution_convergence_v1,controlled,84,84,not_applicable,11561166096492502938,16384,0.1,300.0,3600.0,crossed_between_outputs,2700.000047683716,3000.0,3000.0,1000.0,0.1,2.7249862366574007e-09,1000.0,0.99
golovin_controlled_high_resolution_convergence_v1_N016384_dt0p1_m085,golovin,golovin_controlled_high_resolution_convergence_v1,controlled,85,85,not_applicable,1425300147235030559,16384,0.1,300.0,3600.0,crossed_between_outputs,2700.000047683716,3000.0,3000.0,1000.0,0.1,2.1589128262888835e-09,1000.0,0.99
golovin_controlled_high_resolution_convergence_v1_N016384_dt0p1_m086,golovin,golovin_controlled_high_resolution_convergence_v1,controlled,86,86,not_applicable,17079340138179076288,16384,0.1,300.0,3600.0,crossed_between_outputs,2700.000047683716,3000.0,3000.0,1000.0,0.1,2.3080010125298145e-09,1000.0,0.99
golovin_controlled_high_resolution_convergence_v1_N016384_dt0p1_m087,golovin,golovin_controlled_high_resolution_convergence_v1,controlled,87,87,not_applicable,13525305594028576569,16384,0.1,300.0,3600.0,crossed_between_outputs,2700.000047683716,3000.0,3000.0,1000.0,0.1,2.1365857971744617e-09,1000.0,0.99
golovin_controlled_high_resolution_convergence_v1_N016384_dt0p1_m088,golovin,golovin_controlled_high_resolution_convergence_v1,controlled,88,88,not_applicable,8208411469974158993,16384,0.1,300.0,3600.0,crossed_between_outputs,2700.000047683716,3000.0,3000.0,1000.0,0.1,2.055446035598152e-09,1000.0,0.99
golovin_controlled_high_resolution_convergence_v1_N016384_dt0p1_m089,golovin,golovin_controlled_high_resolution_convergence_v1,controlled,89,89,not_applicable,1879724847556394467,16384,0.1,300.0,3600.0,crossed_between_outputs,2700.000047683716,3000.0,3000.0,1000.0,0.1,5.115212031725491e-09,1000.0,0.99
golovin_controlled_high_resolution_convergence_v1_N016384_dt0p1_m090,golovin,golovin_controlled_high_resolution_convergence_v1,controlled,90,90,not_applicable,12099005108625655471,16384,0.1,300.0,3600.0,crossed_between_outputs,2700.000047683716,3000.0,3000.0,1000.0,0.1,1.7666632601276433e-09,1000.0,0.99
golovin_controlled_high_resolution_convergence_v1_N016384_dt0p1_m091,golovin,golovin_controlled_high_resolution_convergence_v1,controlled,91,91,not_applicable,8200683078766497401,16384,0.1,300.0,3600.0,crossed_between_outputs,2700.000047683716,3000.0,3000.0,1000.0,0.1,2.204413540596306e-09,1000.0,0.99
golovin_controlled_high_resolution_convergence_v1_N016384_dt0p1_m092,golovin,golovin_controlled_high_resolution_convergence_v1,controlled,92,92,not_applicable,5674404501530111233,16384,0.1,300.0,3600.0,crossed_between_outputs,2700.000047683716,3000.0,3000.0,1000.0,0.1,2.3667623416656625e-09,1000.0,0.99
golovin_controlled_high_resolution_convergence_v1_N016384_dt0p1_m093,golovin,golovin_controlled_high_resolution_convergence_v1,controlled,93,93,not_applicable,4391131558085101347,16384,0.1,300.0,3600.0,crossed_between_outputs,2700.000047683716,3000.0,3000.0,1000.0,0.1,2.350112104920754e-09,1000.0,0.99
golovin_controlled_high_resolution_convergence_v1_N016384_dt0p1_m094,golovin,golovin_controlled_high_resolution_convergence_v1,controlled,94,94,not_applicable,10730126545359165603,16384,0.1,300.0,3600.0,crossed_between_outputs,2700.000047683716,3000.0,3000.0,1000.0,0.1,2.9413602664618566e-09,1000.0,0.99
golovin_controlled_high_resolution_convergence_v1_N016384_dt0p1_m095,golovin,golovin_controlled_high_resolution_convergence_v1,controlled,95,95,not_applicable,15690392954537224407,16384,0.1,300.0,3600.0,crossed_between_outputs,2700.000047683716,3000.0,3000.0,1000.0,0.1,2.7985940231900486e-09,1000.0,0.99
golovin_controlled_high_resolution_convergence_v1_N016384_dt0p1_m096,golovin,golovin_controlled_high_resolution_convergence_v1,controlled,96,96,not_applicable,16899483883238502199,16384,0.1,300.0,3600.0,crossed_between_outputs,2700.000047683716,3000.0,3000.0,1000.0,0.1,3.753250599203284e-09,1000.0,0.99
golovin_controlled_high_resolution_convergence_v1_N016384_dt0p1_m097,golovin,golovin_controlled_high_resolution_convergence_v1,controlled,97,97,not_applicable,6872050309180221327,16384,0.1,300.0,3600.0,crossed_between_outputs,2700.000047683716,3000.0,3000.0,1000.0,0.1,2.213924599203665e-09,1000.0,0.99
golovin_controlled_high_resolution_convergence_v1_N016384_dt0p1_m098,golovin,golovin_controlled_high_resolution_convergence_v1,controlled,98,98,not_applicable,10499255955477440750,16384,0.1,300.0,3600.0,crossed_between_outputs,2700.000047683716,3000.0,3000.0,1000.0,0.1,2.401857268630181e-09,1000.0,0.99
golovin_controlled_high_resolution_convergence_v1_N016384_dt0p1_m099,golovin,golovin_controlled_high_resolution_convergence_v1,controlled,99,99,not_applicable,8992512008763673066,16384,0.1,300.0,3600.0,crossed_between_outputs,2700.000047683716,3000.0,3000.0,1000.0,0.1,1.7239738525631765e-09,1000.0,0.99
golovin_controlled_high_resolution_convergence_v1_N032768_dt0p1_m000,golovin,golovin_controlled_high_resolution_convergence_v1,controlled,100,0,not_applicable,13511684228980593232,32768,0.1,300.0,3600.0,crossed_between_outputs,2700.000047683716,3000.0,3000.0,1000.0,0.1,1.617497691341896e-09,1000.0,0.99
golovin_controlled_high_resolution_convergence_v1_N032768_dt0p1_m001,golovin,golovin_controlled_high_resolution_convergence_v1,controlled,101,1,not_applicable,1087350727672701663,32768,0.1,300.0,3600.0,crossed_between_outputs,2700.000047683716,3000.0,3000.0,1000.0,0.1,1.5653469631615735e-09,1000.0,0.99
golovin_controlled_high_resolution_convergence_v1_N032768_dt0p1_m002,golovin,golovin_controlled_high_resolution_convergence_v1,controlled,102,2,not_applicable,3261771254686336399,32768,0.1,300.0,3600.0,crossed_between_outputs,2700.000047683716,3000.0,3000.0,1000.0,0.1,1.5270636977149366e-09,1000.0,0.99
golovin_controlled_high_resolution_convergence_v1_N032768_dt0p1_m003,golovin,golovin_controlled_high_resolution_convergence_v1,controlled,103,3,not_applicable,534187306034655842,32768,0.1,300.0,3600.0,crossed_between_outputs,2700.000047683716,3000.0,3000.0,1000.0,0.1,3.15842263454158e-09,1000.0,0.99
golovin_controlled_high_resolution_convergence_v1_N032768_dt0p1_m004,golovin,golovin_controlled_high_resolution_convergence_v1,controlled,104,4,not_applicable,14581096088825864815,32768,0.1,300.0,3600.0,crossed_between_outputs,2700.000047683716,3000.0,3000.0,1000.0,0.1,1.472702626514888e-09,1000.0,0.99
golovin_controlled_high_resolution_convergence_v1_N032768_dt0p1_m005,golovin,golovin_controlled_high_resolution_convergence_v1,controlled,105,5,not_applicable,12444949620549981047,32768,0.1,300.0,3600.0,crossed_between_outputs,2700.000047683716,3000.0,3000.0,1000.0,0.1,2.575163859930285e-09,1000.0,0.99
golovin_controlled_high_resolution_convergence_v1_N032768_dt0p1_m006,golovin,golovin_controlled_high_resolution_convergence_v1,controlled,106,6,not_applicable,9069786217766662484,32768,0.1,300.0,3600.0,crossed_between_outputs,2700.000047683716,3000.0,3000.0,1000.0,0.1,3.442459872715631e-09,1000.0,0.99
golovin_controlled_high_resolution_convergence_v1_N032768_dt0p1_m007,golovin,golovin_controlled_high_resolution_convergence_v1,controlled,107,7,not_applicable,5539113922053664081,32768,0.1,300.0,3600.0,crossed_between_outputs,2700.000047683716,3000.0,3000.0,1000.0,0.1,2.163039969360625e-09,1000.0,0.99
golovin_controlled_high_resolution_convergence_v1_N032768_dt0p1_m008,golovin,golovin_controlled_high_resolution_convergence_v1,controlled,108,8,not_applicable,15802568409609973753,32768,0.1,300.0,3600.0,crossed_between_outputs,2700.000047683716,3000.0,3000.0,1000.0,0.1,2.6955078169521585e-09,1000.0,0.99
golovin_controlled_high_resolution_convergence_v1_N032768_dt0p1_m009,golovin,golovin_controlled_high_resolution_convergence_v1,controlled,109,9,not_applicable,8519879869256862520,32768,0.1,300.0,3600.0,crossed_between_outputs,2700.000047683716,3000.0,3000.0,1000.0,0.1,2.064362791820429e-09,1000.0,0.99
golovin_controlled_high_resolution_convergence_v1_N032768_dt0p1_m010,golovin,golovin_controlled_high_resolution_convergence_v1,controlled,110,10,not_applicable,2953167877143624221,32768,0.1,300.0,3600.0,crossed_between_outputs,2700.000047683716,3000.0,3000.0,1000.0,0.1,1.9751724700256545e-09,1000.0,0.99
golovin_controlled_high_resolution_convergence_v1_N032768_dt0p1_m011,golovin,golovin_controlled_high_resolution_convergence_v1,controlled,111,11,not_applicable,5673245174319423198,32768,0.1,300.0,3600.0,crossed_between_outputs,2700.000047683716,3000.0,3000.0,1000.0,0.1,2.334120896563263e-09,1000.0,0.99
golovin_controlled_high_resolution_convergence_v1_N032768_dt0p1_m012,golovin,golovin_controlled_high_resolution_convergence_v1,controlled,112,12,not_applicable,2304917047849105845,32768,0.1,300.0,3600.0,crossed_between_outputs,2700.000047683716,3000.0,3000.0,1000.0,0.1,2.050105862849705e-09,1000.0,0.99
golovin_controlled_high_resolution_convergence_v1_N032768_dt0p1_m013,golovin,golovin_controlled_high_resolution_convergence_v1,controlled,113,13,not_applicable,13150517495322306248,32768,0.1,300.0,3600.0,crossed_between_outputs,2700.000047683716,3000.0,3000.0,1000.0,0.1,1.2989879172309315e-09,1000.0,0.99
golovin_controlled_high_resolution_convergence_v1_N032768_dt0p1_m014,golovin,golovin_controlled_high_resolution_convergence_v1,controlled,114,14,not_applicable,10788262699505996564,32768,0.1,300.0,3600.0,crossed_between_outputs,2700.000047683716,3000.0,3000.0,1000.0,0.1,2.0881880669065822e-09,1000.0,0.99
golovin_controlled_high_resolution_convergence_v1_N032768_dt0p1_m015,golovin,golovin_controlled_high_resolution_convergence_v1,controlled,115,15,not_applicable,1270865294337881400,32768,0.1,300.0,3600.0,crossed_between_outputs,2700.000047683716,3000.0,3000.0,1000.0,0.1,2.0135111356012203e-09,1000.0,0.99
golovin_controlled_high_resolution_convergence_v1_N032768_dt0p1_m016,golovin,golovin_controlled_high_resolution_convergence_v1,controlled,116,16,not_applicable,11845202026258858111,32768,0.1,300.0,3600.0,crossed_between_outputs,2700.000047683716,3000.0,3000.0,1000.0,0.1,2.0019534918702675e-09,1000.0,0.99
golovin_controlled_high_resolution_convergence_v1_N032768_dt0p1_m017,golovin,golovin_controlled_high_resolution_convergence_v1,controlled,117,17,not_applicable,187489541574185421,32768,0.1,300.0,3600.0,crossed_between_outputs,2700.000047683716,3000.0,3000.0,1000.0,0.1,2.1359374269280806e-09,1000.0,0.99
golovin_controlled_high_resolution_convergence_v1_N032768_dt0p1_m018,golovin,golovin_controlled_high_resolution_convergence_v1,controlled,118,18,not_applicable,2009450147068961794,32768,0.1,300.0,3600.0,crossed_between_outputs,2700.000047683716,3000.0,3000.0,1000.0,0.1,1.2993888187651237e-09,1000.0,0.99
golovin_controlled_high_resolution_convergence_v1_N032768_dt0p1_m019,golovin,golovin_controlled_high_resolution_convergence_v1,controlled,119,19,not_applicable,1258098442420208938,32768,0.1,300.0,3600.0,crossed_between_outputs,2700.000047683716,3000.0,3000.0,1000.0,0.1,1.8872625684451805e-09,1000.0,0.99
golovin_controlled_high_resolution_convergence_v1_N032768_dt0p1_m020,golovin,golovin_controlled_high_resolution_convergence_v1,controlled,120,20,not_applicable,10636335054625672888,32768,0.1,300.0,3600.0,crossed_between_outputs,2700.000047683716,3000.0,3000.0,1000.0,0.1,1.4269636583463807e-09,1000.0,0.99
golovin_controlled_high_resolution_convergence_v1_N032768_dt0p1_m021,golovin,golovin_controlled_high_resolution_convergence_v1,controlled,121,21,not_applicable,7594167596218979260,32768,0.1,300.0,3600.0,crossed_between_outputs,2700.000047683716,3000.0,3000.0,1000.0,0.1,2.2373483066218114e-09,1000.0,0.99
golovin_controlled_high_resolution_convergence_v1_N032768_dt0p1_m022,golovin,golovin_controlled_high_resolution_convergence_v1,controlled,122,22,not_applicable,11959451141282848604,32768,0.1,300.0,3600.0,crossed_between_outputs,2700.000047683716,3000.0,3000.0,1000.0,0.1,1.5816185028327823e-09,1000.0,0.99
golovin_controlled_high_resolution_convergence_v1_N032768_dt0p1_m023,golovin,golovin_controlled_high_resolution_convergence_v1,controlled,123,23,not_applicable,423894639472246473,32768,0.1,300.0,3600.0,crossed_between_outputs,2700.000047683716,3000.0,3000.0,1000.0,0.1,1.8266625989582508e-09,1000.0,0.99
golovin_controlled_high_resolution_convergence_v1_N032768_dt0p1_m024,golovin,golovin_controlled_high_resolution_convergence_v1,controlled,124,24,not_applicable,5152096971153693352,32768,0.1,300.0,3600.0,crossed_between_outputs,2700.000047683716,3000.0,3000.0,1000.0,0.1,1.9189889677306837e-09,1000.0,0.99
golovin_controlled_high_resolution_convergence_v1_N032768_dt0p1_m025,golovin,golovin_controlled_high_resolution_convergence_v1,controlled,125,25,not_applicable,4263711271602527551,32768,0.1,300.0,3600.0,crossed_between_outputs,2700.000047683716,3000.0,3000.0,1000.0,0.1,1.7523695827748043e-09,1000.0,0.99
golovin_controlled_high_resolution_convergence_v1_N032768_dt0p1_m026,golovin,golovin_controlled_high_resolution_convergence_v1,controlled,126,26,not_applicable,16237253150511818844,32768,0.1,300.0,3600.0,crossed_between_outputs,2700.000047683716,3000.0,3000.0,1000.0,0.1,1.753984291141819e-09,1000.0,0.99
golovin_controlled_high_resolution_convergence_v1_N032768_dt0p1_m027,golovin,golovin_controlled_high_resolution_convergence_v1,controlled,127,27,not_applicable,4888835052212267937,32768,0.1,300.0,3600.0,crossed_between_outputs,2700.000047683716,3000.0,3000.0,1000.0,0.1,3.3445188840630635e-09,1000.0,0.99
golovin_controlled_high_resolution_convergence_v1_N032768_dt0p1_m028,golovin,golovin_controlled_high_resolution_convergence_v1,controlled,128,28,not_applicable,13335882922264282843,32768,0.1,300.0,3600.0,crossed_between_outputs,2700.000047683716,3000.0,3000.0,1000.0,0.1,1.788801107238669e-09,1000.0,0.99
golovin_controlled_high_resolution_convergence_v1_N032768_dt0p1_m029,golovin,golovin_controlled_high_resolution_convergence_v1,controlled,129,29,not_applicable,15478294311715292151,32768,0.1,300.0,3600.0,crossed_between_outputs,2700.000047683716,3000.0,3000.0,1000.0,0.1,1.7922592299157714e-09,1000.0,0.99
golovin_controlled_high_resolution_convergence_v1_N032768_dt0p1_m030,golovin,golovin_controlled_high_resolution_convergence_v1,controlled,130,30,not_applicable,13813027413971748416,32768,0.1,300.0,3600.0,crossed_between_outputs,2700.000047683716,3000.0,3000.0,1000.0,0.1,1.9085507618754605e-09,1000.0,0.99
golovin_controlled_high_resolution_convergence_v1_N032768_dt0p1_m031,golovin,golovin_controlled_high_resolution_convergence_v1,controlled,131,31,not_applicable,11417524680426935270,32768,0.1,300.0,3600.0,crossed_between_outputs,2700.000047683716,3000.0,3000.0,1000.0,0.1,1.5596767211079055e-09,1000.0,0.99
golovin_controlled_high_resolution_convergence_v1_N032768_dt0p1_m032,golovin,golovin_controlled_high_resolution_convergence_v1,controlled,132,32,not_applicable,11381695653566560672,32768,0.1,300.0,3600.0,crossed_between_outputs,2700.000047683716,3000.0,3000.0,1000.0,0.1,1.6518542089727362e-09,1000.0,0.99
golovin_controlled_high_resolution_convergence_v1_N032768_dt0p1_m033,golovin,golovin_controlled_high_resolution_convergence_v1,controlled,133,33,not_applicable,15339022565601051514,32768,0.1,300.0,3600.0,crossed_between_outputs,2700.000047683716,3000.0,3000.0,1000.0,0.1,1.4559105032674324e-09,1000.0,0.99
golovin_controlled_high_resolution_convergence_v1_N032768_dt0p1_m034,golovin,golovin_controlled_high_resolution_convergence_v1,controlled,134,34,not_applicable,9302784923637739480,32768,0.1,300.0,3600.0,crossed_between_outputs,2700.000047683716,3000.0,3000.0,1000.0,0.1,1.9733192857529502e-09,1000.0,0.99
golovin_controlled_high_resolution_convergence_v1_N032768_dt0p1_m035,golovin,golovin_controlled_high_resolution_convergence_v1,controlled,135,35,not_applicable,18050541657665630161,32768,0.1,300.0,3600.0,crossed_between_outputs,2700.000047683716,3000.0,3000.0,1000.0,0.1,1.4491108313308132e-09,1000.0,0.99
golovin_controlled_high_resolution_convergence_v1_N032768_dt0p1_m036,golovin,golovin_controlled_high_resolution_convergence_v1,controlled,136,36,not_applicable,2819798529536889843,32768,0.1,300.0,3600.0,crossed_between_outputs,2700.000047683716,3000.0,3000.0,1000.0,0.1,2.37079778031557e-09,1000.0,0.99
golovin_controlled_high_resolution_convergence_v1_N032768_dt0p1_m037,golovin,golovin_controlled_high_resolution_convergence_v1,controlled,137,37,not_applicable,5150148564458933604,32768,0.1,300.0,3600.0,crossed_between_outputs,2700.000047683716,3000.0,3000.0,1000.0,0.1,1.9423320729572424e-09,1000.0,0.99
golovin_controlled_high_resolution_convergence_v1_N032768_dt0p1_m038,golovin,golovin_controlled_high_resolution_convergence_v1,controlled,138,38,not_applicable,11948365539830889212,32768,0.1,300.0,3600.0,crossed_between_outputs,2700.000047683716,3000.0,3000.0,1000.0,0.1,1.862664134044678e-09,1000.0,0.99
golovin_controlled_high_resolution_convergence_v1_N032768_dt0p1_m039,golovin,golovin_controlled_high_resolution_convergence_v1,controlled,139,39,not_applicable,4651248771166160729,32768,0.1,300.0,3600.0,crossed_between_outputs,2700.000047683716,3000.0,3000.0,1000.0,0.1,2.4033313117399757e-09,1000.0,0.99
golovin_controlled_high_resolution_convergence_v1_N032768_dt0p1_m040,golovin,golovin_controlled_high_resolution_convergence_v1,controlled,140,40,not_applicable,2171694720301636298,32768,0.1,300.0,3600.0,crossed_between_outputs,2700.000047683716,3000.0,3000.0,1000.0,0.1,1.2096618151602456e-09,1000.0,0.99
golovin_controlled_high_resolution_convergence_v1_N032768_dt0p1_m041,golovin,golovin_controlled_high_resolution_convergence_v1,controlled,141,41,not_applicable,1070876587399949743,32768,0.1,300.0,3600.0,crossed_between_outputs,2700.000047683716,3000.0,3000.0,1000.0,0.1,1.1074551276024636e-09,1000.0,0.99
golovin_controlled_high_resolution_convergence_v1_N032768_dt0p1_m042,golovin,golovin_controlled_high_resolution_convergence_v1,controlled,142,42,not_applicable,15577687352355780917,32768,0.1,300.0,3600.0,crossed_between_outputs,2700.000047683716,3000.0,3000.0,1000.0,0.1,1.889541634270131e-09,1000.0,0.99
golovin_controlled_high_resolution_convergence_v1_N032768_dt0p1_m043,golovin,golovin_controlled_high_resolution_convergence_v1,controlled,143,43,not_applicable,15943654066483796964,32768,0.1,300.0,3600.0,crossed_between_outputs,2700.000047683716,3000.0,3000.0,1000.0,0.1,1.84396209412796e-09,1000.0,0.99
golovin_controlled_high_resolution_convergence_v1_N032768_dt0p1_m044,golovin,golovin_controlled_high_resolution_convergence_v1,controlled,144,44,not_applicable,11841372106453547840,32768,0.1,300.0,3600.0,crossed_between_outputs,2700.000047683716,3000.0,3000.0,1000.0,0.1,1.5837375855198843e-09,1000.0,0.99
golovin_controlled_high_resolution_convergence_v1_N032768_dt0p1_m045,golovin,golovin_controlled_high_resolution_convergence_v1,controlled,145,45,not_applicable,10924253577407758968,32768,0.1,300.0,3600.0,crossed_between_outputs,2700.000047683716,3000.0,3000.0,1000.0,0.1,1.0774381387079757e-09,1000.0,0.99
golovin_controlled_high_resolution_convergence_v1_N032768_dt0p1_m046,golovin,golovin_controlled_high_resolution_convergence_v1,controlled,146,46,not_applicable,3145656795691206572,32768,0.1,300.0,3600.0,crossed_between_outputs,2700.000047683716,3000.0,3000.0,1000.0,0.1,1.7681429653748637e-09,1000.0,0.99
golovin_controlled_high_resolution_convergence_v1_N032768_dt0p1_m047,golovin,golovin_controlled_high_resolution_convergence_v1,controlled,147,47,not_applicable,8653985280294697627,32768,0.1,300.0,3600.0,crossed_between_outputs,2700.000047683716,3000.0,3000.0,1000.0,0.1,2.0135284550804045e-09,1000.0,0.99
golovin_controlled_high_resolution_convergence_v1_N032768_dt0p1_m048,golovin,golovin_controlled_high_resolution_convergence_v1,controlled,148,48,not_applicable,2759682845293820592,32768,0.1,300.0,3600.0,crossed_between_outputs,2700.000047683716,3000.0,3000.0,1000.0,0.1,1.6989354367780152e-09,1000.0,0.99
golovin_controlled_high_resolution_convergence_v1_N032768_dt0p1_m049,golovin,golovin_controlled_high_resolution_convergence_v1,controlled,149,49,not_applicable,12169717500866140333,32768,0.1,300.0,3600.0,crossed_between_outputs,2700.000047683716,3000.0,3000.0,1000.0,0.1,2.3950159633301382e-09,1000.0,0.99
golovin_controlled_high_resolution_convergence_v1_N032768_dt0p1_m050,golovin,golovin_controlled_high_resolution_convergence_v1,controlled,150,50,not_applicable,15214013016691132660,32768,0.1,300.0,3600.0,crossed_between_outputs,2700.000047683716,3000.0,3000.0,1000.0,0.1,2.0746657725112527e-09,1000.0,0.99
golovin_controlled_high_resolution_convergence_v1_N032768_dt0p1_m051,golovin,golovin_controlled_high_resolution_convergence_v1,controlled,151,51,not_applicable,17403135181522848867,32768,0.1,300.0,3600.0,crossed_between_outputs,2700.000047683716,3000.0,3000.0,1000.0,0.1,1.7703343235808688e-09,1000.0,0.99
golovin_controlled_high_resolution_convergence_v1_N032768_dt0p1_m052,golovin,golovin_controlled_high_resolution_convergence_v1,controlled,152,52,not_applicable,10191326392600391389,32768,0.1,300.0,3600.0,crossed_between_outputs,2700.000047683716,3000.0,3000.0,1000.0,0.1,1.7216216230409032e-09,1000.0,0.99
golovin_controlled_high_resolution_convergence_v1_N032768_dt0p1_m053,golovin,golovin_controlled_high_resolution_convergence_v1,controlled,153,53,not_applicable,16176289976568723315,32768,0.1,300.0,3600.0,crossed_between_outputs,2700.000047683716,3000.0,3000.0,1000.0,0.1,1.5944288112024196e-09,1000.0,0.99
golovin_controlled_high_resolution_convergence_v1_N032768_dt0p1_m054,golovin,golovin_controlled_high_resolution_convergence_v1,controlled,154,54,not_applicable,849861570776709358,32768,0.1,300.0,3600.0,crossed_between_outputs,2700.000047683716,3000.0,3000.0,1000.0,0.1,1.1815992628783079e-09,1000.0,0.99
golovin_controlled_high_resolution_convergence_v1_N032768_dt0p1_m055,golovin,golovin_controlled_high_resolution_convergence_v1,controlled,155,55,not_applicable,8099505727217889669,32768,0.1,300.0,3600.0,crossed_between_outputs,2700.000047683716,3000.0,3000.0,1000.0,0.1,1.929600479400051e-09,1000.0,0.99
golovin_controlled_high_resolution_convergence_v1_N032768_dt0p1_m056,golovin,golovin_controlled_high_resolution_convergence_v1,controlled,156,56,not_applicable,5735299551188741127,32768,0.1,300.0,3600.0,crossed_between_outputs,2700.000047683716,3000.0,3000.0,1000.0,0.1,1.7792169959562898e-09,1000.0,0.99
golovin_controlled_high_resolution_convergence_v1_N032768_dt0p1_m057,golovin,golovin_controlled_high_resolution_convergence_v1,controlled,157,57,not_applicable,14900337921732258957,32768,0.1,300.0,3600.0,crossed_between_outputs,2700.000047683716,3000.0,3000.0,1000.0,0.1,2.054053149791457e-09,1000.0,0.99
golovin_controlled_high_resolution_convergence_v1_N032768_dt0p1_m058,golovin,golovin_controlled_high_resolution_convergence_v1,controlled,158,58,not_applicable,4784377652465552627,32768,0.1,300.0,3600.0,crossed_between_outputs,2700.000047683716,3000.0,3000.0,1000.0,0.1,1.4539751624909059e-09,1000.0,0.99
golovin_controlled_high_resolution_convergence_v1_N032768_dt0p1_m059,golovin,golovin_controlled_high_resolution_convergence_v1,controlled,159,59,not_applicable,9796772001014353725,32768,0.1,300.0,3600.0,crossed_between_outputs,2700.000047683716,3000.0,3000.0,1000.0,0.1,3.0206546153266345e-09,1000.0,0.99
golovin_controlled_high_resolution_convergence_v1_N032768_dt0p1_m060,golovin,golovin_controlled_high_resolution_convergence_v1,controlled,160,60,not_applicable,3022822190084398677,32768,0.1,300.0,3600.0,crossed_between_outputs,2700.000047683716,3000.0,3000.0,1000.0,0.1,8.333711498664798e-10,1000.0,0.99
golovin_controlled_high_resolution_convergence_v1_N032768_dt0p1_m061,golovin,golovin_controlled_high_resolution_convergence_v1,controlled,161,61,not_applicable,73735664023554784,32768,0.1,300.0,3600.0,crossed_between_outputs,2700.000047683716,3000.0,3000.0,1000.0,0.1,1.3473937521268908e-09,1000.0,0.99
golovin_controlled_high_resolution_convergence_v1_N032768_dt0p1_m062,golovin,golovin_controlled_high_resolution_convergence_v1,controlled,162,62,not_applicable,12751216662712784840,32768,0.1,300.0,3600.0,crossed_between_outputs,2700.000047683716,3000.0,3000.0,1000.0,0.1,1.6277276193576995e-09,1000.0,0.99
golovin_controlled_high_resolution_convergence_v1_N032768_dt0p1_m063,golovin,golovin_controlled_high_resolution_convergence_v1,controlled,163,63,not_applicable,13147922755999317575,32768,0.1,300.0,3600.0,crossed_between_outputs,2700.000047683716,3000.0,3000.0,1000.0,0.1,1.0479741519020536e-09,1000.0,0.99
golovin_controlled_high_resolution_convergence_v1_N032768_dt0p1_m064,golovin,golovin_controlled_high_resolution_convergence_v1,controlled,164,64,not_applicable,5036674538017116302,32768,0.1,300.0,3600.0,crossed_between_outputs,2700.000047683716,3000.0,3000.0,1000.0,0.1,2.201635096454879e-09,1000.0,0.99
golovin_controlled_high_resolution_convergence_v1_N032768_dt0p1_m065,golovin,golovin_controlled_high_resolution_convergence_v1,controlled,165,65,not_applicable,2689983320633431566,32768,0.1,300.0,3600.0,crossed_between_outputs,2700.000047683716,3000.0,3000.0,1000.0,0.1,1.992613185564096e-09,1000.0,0.99
golovin_controlled_high_resolution_convergence_v1_N032768_dt0p1_m066,golovin,golovin_controlled_high_resolution_convergence_v1,controlled,166,66,not_applicable,17953373900840618145,32768,0.1,300.0,3600.0,crossed_between_outputs,2700.000047683716,3000.0,3000.0,1000.0,0.1,1.093357182568866e-09,1000.0,0.99
golovin_controlled_high_resolution_convergence_v1_N032768_dt0p1_m067,golovin,golovin_controlled_high_resolution_convergence_v1,controlled,167,67,not_applicable,4401848349016414296,32768,0.1,300.0,3600.0,crossed_between_outputs,2700.000047683716,3000.0,3000.0,1000.0,0.1,1.4820702443074651e-09,1000.0,0.99
golovin_controlled_high_resolution_convergence_v1_N032768_dt0p1_m068,golovin,golovin_controlled_high_resolution_convergence_v1,controlled,168,68,not_applicable,15624261364795619920,32768,0.1,300.0,3600.0,crossed_between_outputs,2700.000047683716,3000.0,3000.0,1000.0,0.1,1.4440217910305364e-09,1000.0,0.99
golovin_controlled_high_resolution_convergence_v1_N032768_dt0p1_m069,golovin,golovin_controlled_high_resolution_convergence_v1,controlled,169,69,not_applicable,16166456683872498384,32768,0.1,300.0,3600.0,crossed_between_outputs,2700.000047683716,3000.0,3000.0,1000.0,0.1,1.1878049654967526e-09,1000.0,0.99
golovin_controlled_high_resolution_convergence_v1_N032768_dt0p1_m070,golovin,golovin_controlled_high_resolution_convergence_v1,controlled,170,70,not_applicable,14809066897226348926,32768,0.1,300.0,3600.0,crossed_between_outputs,2700.000047683716,3000.0,3000.0,1000.0,0.1,1.297942642253247e-09,1000.0,0.99
golovin_controlled_high_resolution_convergence_v1_N032768_dt0p1_m071,golovin,golovin_controlled_high_resolution_convergence_v1,controlled,171,71,not_applicable,16624605611699526649,32768,0.1,300.0,3600.0,crossed_between_outputs,2700.000047683716,3000.0,3000.0,1000.0,0.1,1.7612840075287295e-09,1000.0,0.99
golovin_controlled_high_resolution_convergence_v1_N032768_dt0p1_m072,golovin,golovin_controlled_high_resolution_convergence_v1,controlled,172,72,not_applicable,14190691178274055669,32768,0.1,300.0,3600.0,crossed_between_outputs,2700.000047683716,3000.0,3000.0,1000.0,0.1,1.3945669063986088e-09,1000.0,0.99
golovin_controlled_high_resolution_convergence_v1_N032768_dt0p1_m073,golovin,golovin_controlled_high_resolution_convergence_v1,controlled,173,73,not_applicable,12406742538453896156,32768,0.1,300.0,3600.0,crossed_between_outputs,2700.000047683716,3000.0,3000.0,1000.0,0.1,1.6835692839833882e-09,1000.0,0.99
golovin_controlled_high_resolution_convergence_v1_N032768_dt0p1_m074,golovin,golovin_controlled_high_resolution_convergence_v1,controlled,174,74,not_applicable,5215382799702782339,32768,0.1,300.0,3600.0,crossed_between_outputs,2700.000047683716,3000.0,3000.0,1000.0,0.1,1.4472023579514826e-09,1000.0,0.99
golovin_controlled_high_resolution_convergence_v1_N032768_dt0p1_m075,golovin,golovin_controlled_high_resolution_convergence_v1,controlled,175,75,not_applicable,7736639885637269777,32768,0.1,300.0,3600.0,crossed_between_outputs,2700.000047683716,3000.0,3000.0,1000.0,0.1,1.5001535569325597e-09,1000.0,0.99
golovin_controlled_high_resolution_convergence_v1_N032768_dt0p1_m076,golovin,golovin_controlled_high_resolution_convergence_v1,controlled,176,76,not_applicable,3328265739520717807,32768,0.1,300.0,3600.0,crossed_between_outputs,2700.000047683716,3000.0,3000.0,1000.0,0.1,1.3612473370727685e-09,1000.0,0.99
golovin_controlled_high_resolution_convergence_v1_N032768_dt0p1_m077,golovin,golovin_controlled_high_resolution_convergence_v1,controlled,177,77,not_applicable,11315432997247857997,32768,0.1,300.0,3600.0,crossed_between_outputs,2700.000047683716,3000.0,3000.0,1000.0,0.1,1.6654964074547252e-09,1000.0,0.99
golovin_controlled_high_resolution_convergence_v1_N032768_dt0p1_m078,golovin,golovin_controlled_high_resolution_convergence_v1,controlled,178,78,not_applicable,15491379268149388878,32768,0.1,300.0,3600.0,crossed_between_outputs,2700.000047683716,3000.0,3000.0,1000.0,0.1,1.4831140759952177e-09,1000.0,0.99
golovin_controlled_high_resolution_convergence_v1_N032768_dt0p1_m079,golovin,golovin_controlled_high_resolution_convergence_v1,controlled,179,79,not_applicable,5069254811583659686,32768,0.1,300.0,3600.0,crossed_between_outputs,2700.000047683716,3000.0,3000.0,1000.0,0.1,1.4584800034356249e-09,1000.0,0.99
golovin_controlled_high_resolution_convergence_v1_N032768_dt0p1_m080,golovin,golovin_controlled_high_resolution_convergence_v1,controlled,180,80,not_applicable,17157007948599151556,32768,0.1,300.0,3600.0,crossed_between_outputs,2700.000047683716,3000.0,3000.0,1000.0,0.1,2.231401730057314e-09,1000.0,0.99
golovin_controlled_high_resolution_convergence_v1_N032768_dt0p1_m081,golovin,golovin_controlled_high_resolution_convergence_v1,controlled,181,81,not_applicable,549751055747216118,32768,0.1,300.0,3600.0,crossed_between_outputs,2700.000047683716,3000.0,3000.0,1000.0,0.1,2.2749193639981513e-09,1000.0,0.99
golovin_controlled_high_resolution_convergence_v1_N032768_dt0p1_m082,golovin,golovin_controlled_high_resolution_convergence_v1,controlled,182,82,not_applicable,2329091744338628083,32768,0.1,300.0,3600.0,crossed_between_outputs,2700.000047683716,3000.0,3000.0,1000.0,0.1,1.989962639115106e-09,1000.0,0.99
golovin_controlled_high_resolution_convergence_v1_N032768_dt0p1_m083,golovin,golovin_controlled_high_resolution_convergence_v1,controlled,183,83,not_applicable,11030449136919892373,32768,0.1,300.0,3600.0,crossed_between_outputs,2700.000047683716,3000.0,3000.0,1000.0,0.1,2.269585075431735e-09,1000.0,0.99
golovin_controlled_high_resolution_convergence_v1_N032768_dt0p1_m084,golovin,golovin_controlled_high_resolution_convergence_v1,controlled,184,84,not_applicable,4970541977592802755,32768,0.1,300.0,3600.0,crossed_between_outputs,2700.000047683716,3000.0,3000.0,1000.0,0.1,1.7069207158826316e-09,1000.0,0.99
golovin_controlled_high_resolution_convergence_v1_N032768_dt0p1_m085,golovin,golovin_controlled_high_resolution_convergence_v1,controlled,185,85,not_applicable,5459934486222339428,32768,0.1,300.0,3600.0,crossed_between_outputs,2700.000047683716,3000.0,3000.0,1000.0,0.1,2.357801287544703e-09,1000.0,0.99
golovin_controlled_high_resolution_convergence_v1_N032768_dt0p1_m086,golovin,golovin_controlled_high_resolution_convergence_v1,controlled,186,86,not_applicable,9574810270555690388,32768,0.1,300.0,3600.0,crossed_between_outputs,2700.000047683716,3000.0,3000.0,1000.0,0.1,2.9802376122489704e-09,1000.0,0.99
golovin_controlled_high_resolution_convergence_v1_N032768_dt0p1_m087,golovin,golovin_controlled_high_resolution_convergence_v1,controlled,187,87,not_applicable,17176314970372991700,32768,0.1,300.0,3600.0,crossed_between_outputs,2700.000047683716,3000.0,3000.0,1000.0,0.1,2.1413529838198997e-09,1000.0,0.99
golovin_controlled_high_resolution_convergence_v1_N032768_dt0p1_m088,golovin,golovin_controlled_high_resolution_convergence_v1,controlled,188,88,not_applicable,4068097504171323996,32768,0.1,300.0,3600.0,crossed_between_outputs,2700.000047683716,3000.0,3000.0,1000.0,0.1,1.948046834954198e-09,1000.0,0.99
golovin_controlled_high_resolution_convergence_v1_N032768_dt0p1_m089,golovin,golovin_controlled_high_resolution_convergence_v1,controlled,189,89,not_applicable,40703426960179817,32768,0.1,300.0,3600.0,crossed_between_outputs,2700.000047683716,3000.0,3000.0,1000.0,0.1,4.236407669111486e-09,1000.0,0.99
golovin_controlled_high_resolution_convergence_v1_N032768_dt0p1_m090,golovin,golovin_controlled_high_resolution_convergence_v1,controlled,190,90,not_applicable,838631964697468312,32768,0.1,300.0,3600.0,crossed_between_outputs,2700.000047683716,3000.0,3000.0,1000.0,0.1,1.96062832635846e-09,1000.0,0.99
golovin_controlled_high_resolution_convergence_v1_N032768_dt0p1_m091,golovin,golovin_controlled_high_resolution_convergence_v1,controlled,191,91,not_applicable,951855634043280633,32768,0.1,300.0,3600.0,crossed_between_outputs,2700.000047683716,3000.0,3000.0,1000.0,0.1,1.675704575099246e-09,1000.0,0.99
golovin_controlled_high_resolution_convergence_v1_N032768_dt0p1_m092,golovin,golovin_controlled_high_resolution_convergence_v1,controlled,192,92,not_applicable,8039223973914699512,32768,0.1,300.0,3600.0,crossed_between_outputs,2700.000047683716,3000.0,3000.0,1000.0,0.1,8.776455118209014e-10,1000.0,0.99
golovin_controlled_high_resolution_convergence_v1_N032768_dt0p1_m093,golovin,golovin_controlled_high_resolution_convergence_v1,controlled,193,93,not_applicable,16953779508527497457,32768,0.1,300.0,3600.0,crossed_between_outputs,2700.000047683716,3000.0,3000.0,1000.0,0.1,2.1464261479309243e-09,1000.0,0.99
golovin_controlled_high_resolution_convergence_v1_N032768_dt0p1_m094,golovin,golovin_controlled_high_resolution_convergence_v1,controlled,194,94,not_applicable,18176435888394318964,32768,0.1,300.0,3600.0,crossed_between_outputs,2700.000047683716,3000.0,3000.0,1000.0,0.1,2.08605499540937e-09,1000.0,0.99
golovin_controlled_high_resolution_convergence_v1_N032768_dt0p1_m095,golovin,golovin_controlled_high_resolution_convergence_v1,controlled,195,95,not_applicable,12777162542076645880,32768,0.1,300.0,3600.0,crossed_between_outputs,2700.000047683716,3000.0,3000.0,1000.0,0.1,2.7999647045362508e-09,1000.0,0.99
golovin_controlled_high_resolution_convergence_v1_N032768_dt0p1_m096,golovin,golovin_controlled_high_resolution_convergence_v1,controlled,196,96,not_applicable,964270907886382547,32768,0.1,300.0,3600.0,crossed_between_outputs,2700.000047683716,3000.0,3000.0,1000.0,0.1,1.586128561825717e-09,1000.0,0.99
golovin_controlled_high_resolution_convergence_v1_N032768_dt0p1_m097,golovin,golovin_controlled_high_resolution_convergence_v1,controlled,197,97,not_applicable,14981803200785013255,32768,0.1,300.0,3600.0,crossed_between_outputs,2700.000047683716,3000.0,3000.0,1000.0,0.1,1.736569110732944e-09,1000.0,0.99
golovin_controlled_high_resolution_convergence_v1_N032768_dt0p1_m098,golovin,golovin_controlled_high_resolution_convergence_v1,controlled,198,98,not_applicable,13790713207506722446,32768,0.1,300.0,3600.0,crossed_between_outputs,2700.000047683716,3000.0,3000.0,1000.0,0.1,2.36599984049235e-09,1000.0,0.99
golovin_controlled_high_resolution_convergence_v1_N032768_dt0p1_m099,golovin,golovin_controlled_high_resolution_convergence_v1,controlled,199,99,not_applicable,1833384868067609289,32768,0.1,300.0,3600.0,crossed_between_outputs,2700.000047683716,3000.0,3000.0,1000.0,0.1,2.4505786289097387e-09,1000.0,0.99
golovin_controlled_high_resolution_convergence_v1_N065536_dt0p1_m000,golovin,golovin_controlled_high_resolution_convergence_v1,controlled,200,0,not_applicable,5022536116274744412,65536,0.1,300.0,3600.0,crossed_between_outputs,2700.000047683716,3000.0,3000.0,1000.0,0.1,2.7029503080200357e-09,1000.0,0.99
golovin_controlled_high_resolution_convergence_v1_N065536_dt0p1_m001,golovin,golovin_controlled_high_resolution_convergence_v1,controlled,201,1,not_applicable,17479480175137134749,65536,0.1,300.0,3600.0,crossed_between_outputs,2700.000047683716,3000.0,3000.0,1000.0,0.1,2.0166557312961686e-09,1000.0,0.99
golovin_controlled_high_resolution_convergence_v1_N065536_dt0p1_m002,golovin,golovin_controlled_high_resolution_convergence_v1,controlled,202,2,not_applicable,988568292113268987,65536,0.1,300.0,3600.0,crossed_between_outputs,2700.000047683716,3000.0,3000.0,1000.0,0.1,1.610338973279113e-09,1000.0,0.99
golovin_controlled_high_resolution_convergence_v1_N065536_dt0p1_m003,golovin,golovin_controlled_high_resolution_convergence_v1,controlled,203,3,not_applicable,16086944790633682004,65536,0.1,300.0,3600.0,crossed_between_outputs,2700.000047683716,3000.0,3000.0,1000.0,0.1,1.8949890545627568e-09,1000.0,0.99
golovin_controlled_high_resolution_convergence_v1_N065536_dt0p1_m004,golovin,golovin_controlled_high_resolution_convergence_v1,controlled,204,4,not_applicable,4764240575890217623,65536,0.1,300.0,3600.0,crossed_between_outputs,2700.000047683716,3000.0,3000.0,1000.0,0.1,2.4118029795516804e-09,1000.0,0.99
golovin_controlled_high_resolution_convergence_v1_N065536_dt0p1_m005,golovin,golovin_controlled_high_resolution_convergence_v1,controlled,205,5,not_applicable,15178830140849441860,65536,0.1,300.0,3600.0,crossed_between_outputs,2700.000047683716,3000.0,3000.0,1000.0,0.1,2.410551314113718e-09,1000.0,0.99
golovin_controlled_high_resolution_convergence_v1_N065536_dt0p1_m006,golovin,golovin_controlled_high_resolution_convergence_v1,controlled,206,6,not_applicable,3077230582626447593,65536,0.1,300.0,3600.0,crossed_between_outputs,2700.000047683716,3000.0,3000.0,1000.0,0.1,2.20112927884486e-09,1000.0,0.99
golovin_controlled_high_resolution_convergence_v1_N065536_dt0p1_m007,golovin,golovin_controlled_high_resolution_convergence_v1,controlled,207,7,not_applicable,7486645334764839061,65536,0.1,300.0,3600.0,crossed_between_outputs,2700.000047683716,3000.0,3000.0,1000.0,0.1,1.802070048739779e-09,1000.0,0.99
golovin_controlled_high_resolution_convergence_v1_N065536_dt0p1_m008,golovin,golovin_controlled_high_resolution_convergence_v1,controlled,208,8,not_applicable,5703629672470494348,65536,0.1,300.0,3600.0,crossed_between_outputs,2700.000047683716,3000.0,3000.0,1000.0,0.1,2.4965114420183454e-09,1000.0,0.99
golovin_controlled_high_resolution_convergence_v1_N065536_dt0p1_m009,golovin,golovin_controlled_high_resolution_convergence_v1,controlled,209,9,not_applicable,3415129500125729206,65536,0.1,300.0,3600.0,crossed_between_outputs,2700.000047683716,3000.0,3000.0,1000.0,0.1,1.97407579172193e-09,1000.0,0.99
golovin_controlled_high_resolution_convergence_v1_N065536_dt0p1_m010,golovin,golovin_controlled_high_resolution_convergence_v1,controlled,210,10,not_applicable,10570188288104328503,65536,0.1,300.0,3600.0,crossed_between_outputs,2700.000047683716,3000.0,3000.0,1000.0,0.1,1.594889775802244e-09,1000.0,0.99
golovin_controlled_high_resolution_convergence_v1_N065536_dt0p1_m011,golovin,golovin_controlled_high_resolution_convergence_v1,controlled,211,11,not_applicable,9877365234059458521,65536,0.1,300.0,3600.0,crossed_between_outputs,2700.000047683716,3000.0,3000.0,1000.0,0.1,1.8050192451823932e-09,1000.0,0.99
golovin_controlled_high_resolution_convergence_v1_N065536_dt0p1_m012,golovin,golovin_controlled_high_resolution_convergence_v1,controlled,212,12,not_applicable,555451651277868473,65536,0.1,300.0,3600.0,crossed_between_outputs,2700.000047683716,3000.0,3000.0,1000.0,0.1,2.5326032382366748e-09,1000.0,0.99
golovin_controlled_high_resolution_convergence_v1_N065536_dt0p1_m013,golovin,golovin_controlled_high_resolution_convergence_v1,controlled,213,13,not_applicable,14247889536844420230,65536,0.1,300.0,3600.0,crossed_between_outputs,2700.000047683716,3000.0,3000.0,1000.0,0.1,2.370742047119734e-09,1000.0,0.99
golovin_controlled_high_resolution_convergence_v1_N065536_dt0p1_m014,golovin,golovin_controlled_high_resolution_convergence_v1,controlled,214,14,not_applicable,572393435912279825,65536,0.1,300.0,3600.0,crossed_between_outputs,2700.000047683716,3000.0,3000.0,1000.0,0.1,2.8018440900723363e-09,1000.0,0.99
golovin_controlled_high_resolution_convergence_v1_N065536_dt0p1_m015,golovin,golovin_controlled_high_resolution_convergence_v1,controlled,215,15,not_applicable,15547355433760684258,65536,0.1,300.0,3600.0,crossed_between_outputs,2700.000047683716,3000.0,3000.0,1000.0,0.1,1.4106293910742806e-09,1000.0,0.99
golovin_controlled_high_resolution_convergence_v1_N065536_dt0p1_m016,golovin,golovin_controlled_high_resolution_convergence_v1,controlled,216,16,not_applicable,3636185577521898215,65536,0.1,300.0,3600.0,crossed_between_outputs,2700.000047683716,3000.0,3000.0,1000.0,0.1,1.577882713377221e-09,1000.0,0.99
golovin_controlled_high_resolution_convergence_v1_N065536_dt0p1_m017,golovin,golovin_controlled_high_resolution_convergence_v1,controlled,217,17,not_applicable,16436665156275883376,65536,0.1,300.0,3600.0,crossed_between_outputs,2700.000047683716,3000.0,3000.0,1000.0,0.1,2.408800936493094e-09,1000.0,0.99
golovin_controlled_high_resolution_convergence_v1_N065536_dt0p1_m018,golovin,golovin_controlled_high_resolution_convergence_v1,controlled,218,18,not_applicable,4676355655435021402,65536,0.1,300.0,3600.0,crossed_between_outputs,2700.000047683716,3000.0,3000.0,1000.0,0.1,2.2226331886088246e-09,1000.0,0.99
golovin_controlled_high_resolution_convergence_v1_N065536_dt0p1_m019,golovin,golovin_controlled_high_resolution_convergence_v1,controlled,219,19,not_applicable,8761984594097738740,65536,0.1,300.0,3600.0,crossed_between_outputs,2700.000047683716,3000.0,3000.0,1000.0,0.1,2.4746205085079964e-09,1000.0,0.99
golovin_controlled_high_resolution_convergence_v1_N065536_dt0p1_m020,golovin,golovin_controlled_high_resolution_convergence_v1,controlled,220,20,not_applicable,10556404253548825872,65536,0.1,300.0,3600.0,crossed_between_outputs,2700.000047683716,3000.0,3000.0,1000.0,0.1,1.644500313702224e-09,1000.0,0.99
golovin_controlled_high_resolution_convergence_v1_N065536_dt0p1_m021,golovin,golovin_controlled_high_resolution_convergence_v1,controlled,221,21,not_applicable,18107580435143408759,65536,0.1,300.0,3600.0,crossed_between_outputs,2700.000047683716,3000.0,3000.0,1000.0,0.1,2.4716413360437173e-09,1000.0,0.99
golovin_controlled_high_resolution_convergence_v1_N065536_dt0p1_m022,golovin,golovin_controlled_high_resolution_convergence_v1,controlled,222,22,not_applicable,12751967868123830007,65536,0.1,300.0,3600.0,crossed_between_outputs,2700.000047683716,3000.0,3000.0,1000.0,0.1,2.3277424432421867e-09,1000.0,0.99
golovin_controlled_high_resolution_convergence_v1_N065536_dt0p1_m023,golovin,golovin_controlled_high_resolution_convergence_v1,controlled,223,23,not_applicable,18328121385536723338,65536,0.1,300.0,3600.0,crossed_between_outputs,2700.000047683716,3000.0,3000.0,1000.0,0.1,1.9268151518758714e-09,1000.0,0.99
golovin_controlled_high_resolution_convergence_v1_N065536_dt0p1_m024,golovin,golovin_controlled_high_resolution_convergence_v1,controlled,224,24,not_applicable,9170444716957948527,65536,0.1,300.0,3600.0,crossed_between_outputs,2700.000047683716,3000.0,3000.0,1000.0,0.1,2.381561170494706e-09,1000.0,0.99
golovin_controlled_high_resolution_convergence_v1_N065536_dt0p1_m025,golovin,golovin_controlled_high_resolution_convergence_v1,controlled,225,25,not_applicable,16871567387271885136,65536,0.1,300.0,3600.0,crossed_between_outputs,2700.000047683716,3000.0,3000.0,1000.0,0.1,2.063440085464663e-09,1000.0,0.99
golovin_controlled_high_resolution_convergence_v1_N065536_dt0p1_m026,golovin,golovin_controlled_high_resolution_convergence_v1,controlled,226,26,not_applicable,4343837158617574473,65536,0.1,300.0,3600.0,crossed_between_outputs,2700.000047683716,3000.0,3000.0,1000.0,0.1,1.236232893830902e-09,1000.0,0.99
golovin_controlled_high_resolution_convergence_v1_N065536_dt0p1_m027,golovin,golovin_controlled_high_resolution_convergence_v1,controlled,227,27,not_applicable,17581052995436467905,65536,0.1,300.0,3600.0,crossed_between_outputs,2700.000047683716,3000.0,3000.0,1000.0,0.1,2.379747954250888e-09,1000.0,0.99
golovin_controlled_high_resolution_convergence_v1_N065536_dt0p1_m028,golovin,golovin_controlled_high_resolution_convergence_v1,controlled,228,28,not_applicable,12771760157706595708,65536,0.1,300.0,3600.0,crossed_between_outputs,2700.000047683716,3000.0,3000.0,1000.0,0.1,2.653065545032973e-09,1000.0,0.99
golovin_controlled_high_resolution_convergence_v1_N065536_dt0p1_m029,golovin,golovin_controlled_high_resolution_convergence_v1,controlled,229,29,not_applicable,10552687125204522221,65536,0.1,300.0,3600.0,crossed_between_outputs,2700.000047683716,3000.0,3000.0,1000.0,0.1,1.8598007578418674e-09,1000.0,0.99
golovin_controlled_high_resolution_convergence_v1_N065536_dt0p1_m030,golovin,golovin_controlled_high_resolution_convergence_v1,controlled,230,30,not_applicable,8801947134608507092,65536,0.1,300.0,3600.0,crossed_between_outputs,2700.000047683716,3000.0,3000.0,1000.0,0.1,2.3512392033353535e-09,1000.0,0.99
golovin_controlled_high_resolution_convergence_v1_N065536_dt0p1_m031,golovin,golovin_controlled_high_resolution_convergence_v1,controlled,231,31,not_applicable,17317702979380670769,65536,0.1,300.0,3600.0,crossed_between_outputs,2700.000047683716,3000.0,3000.0,1000.0,0.1,2.4675201881763087e-09,1000.0,0.99
golovin_controlled_high_resolution_convergence_v1_N065536_dt0p1_m032,golovin,golovin_controlled_high_resolution_convergence_v1,controlled,232,32,not_applicable,5289002987904328180,65536,0.1,300.0,3600.0,crossed_between_outputs,2700.000047683716,3000.0,3000.0,1000.0,0.1,2.0497394892515786e-09,1000.0,0.99
golovin_controlled_high_resolution_convergence_v1_N065536_dt0p1_m033,golovin,golovin_controlled_high_resolution_convergence_v1,controlled,233,33,not_applicable,8116479199195292899,65536,0.1,300.0,3600.0,crossed_between_outputs,2700.000047683716,3000.0,3000.0,1000.0,0.1,2.0507529008284564e-09,1000.0,0.99
golovin_controlled_high_resolution_convergence_v1_N065536_dt0p1_m034,golovin,golovin_controlled_high_resolution_convergence_v1,controlled,234,34,not_applicable,8900724976087951803,65536,0.1,300.0,3600.0,crossed_between_outputs,2700.000047683716,3000.0,3000.0,1000.0,0.1,2.1276453932017603e-09,1000.0,0.99
golovin_controlled_high_resolution_convergence_v1_N065536_dt0p1_m035,golovin,golovin_controlled_high_resolution_convergence_v1,controlled,235,35,not_applicable,17254845844353373157,65536,0.1,300.0,3600.0,crossed_between_outputs,2700.000047683716,3000.0,3000.0,1000.0,0.1,2.2717558945117844e-09,1000.0,0.99
golovin_controlled_high_resolution_convergence_v1_N065536_dt0p1_m036,golovin,golovin_controlled_high_resolution_convergence_v1,controlled,236,36,not_applicable,2952621051045613411,65536,0.1,300.0,3600.0,crossed_between_outputs,2700.000047683716,3000.0,3000.0,1000.0,0.1,2.4232791329126258e-09,1000.0,0.99
golovin_controlled_high_resolution_convergence_v1_N065536_dt0p1_m037,golovin,golovin_controlled_high_resolution_convergence_v1,controlled,237,37,not_applicable,9282722431705742662,65536,0.1,300.0,3600.0,crossed_between_outputs,2700.000047683716,3000.0,3000.0,1000.0,0.1,1.9935033623852405e-09,1000.0,0.99
golovin_controlled_high_resolution_convergence_v1_N065536_dt0p1_m038,golovin,golovin_controlled_high_resolution_convergence_v1,controlled,238,38,not_applicable,11919717630732525596,65536,0.1,300.0,3600.0,crossed_between_outputs,2700.000047683716,3000.0,3000.0,1000.0,0.1,2.0875687845034463e-09,1000.0,0.99
golovin_controlled_high_resolution_convergence_v1_N065536_dt0p1_m039,golovin,golovin_controlled_high_resolution_convergence_v1,controlled,239,39,not_applicable,4563072325565531226,65536,0.1,300.0,3600.0,crossed_between_outputs,2700.000047683716,3000.0,3000.0,1000.0,0.1,1.9114696492295025e-09,1000.0,0.99
golovin_controlled_high_resolution_convergence_v1_N065536_dt0p1_m040,golovin,golovin_controlled_high_resolution_convergence_v1,controlled,240,40,not_applicable,7819486835057081931,65536,0.1,300.0,3600.0,crossed_between_outputs,2700.000047683716,3000.0,3000.0,1000.0,0.1,1.4233483280889914e-09,1000.0,0.99
golovin_controlled_high_resolution_convergence_v1_N065536_dt0p1_m041,golovin,golovin_controlled_high_resolution_convergence_v1,controlled,241,41,not_applicable,6197962639028363425,65536,0.1,300.0,3600.0,crossed_between_outputs,2700.000047683716,3000.0,3000.0,1000.0,0.1,2.1942587746792697e-09,1000.0,0.99
golovin_controlled_high_resolution_convergence_v1_N065536_dt0p1_m042,golovin,golovin_controlled_high_resolution_convergence_v1,controlled,242,42,not_applicable,15470252083893123602,65536,0.1,300.0,3600.0,crossed_between_outputs,2700.000047683716,3000.0,3000.0,1000.0,0.1,2.116826269826788e-09,1000.0,0.99
golovin_controlled_high_resolution_convergence_v1_N065536_dt0p1_m043,golovin,golovin_controlled_high_resolution_convergence_v1,controlled,243,43,not_applicable,4078355294559018848,65536,0.1,300.0,3600.0,crossed_between_outputs,2700.000047683716,3000.0,3000.0,1000.0,0.1,2.0426078606305964e-09,1000.0,0.99
golovin_controlled_high_resolution_convergence_v1_N065536_dt0p1_m044,golovin,golovin_controlled_high_resolution_convergence_v1,controlled,244,44,not_applicable,16548541098095033663,65536,0.1,300.0,3600.0,crossed_between_outputs,2700.000047683716,3000.0,3000.0,1000.0,0.1,1.9619921243219096e-09,1000.0,0.99
golovin_controlled_high_resolution_convergence_v1_N065536_dt0p1_m045,golovin,golovin_controlled_high_resolution_convergence_v1,controlled,245,45,not_applicable,8167356830791711187,65536,0.1,300.0,3600.0,crossed_between_outputs,2700.000047683716,3000.0,3000.0,1000.0,0.1,1.9515582483364824e-09,1000.0,0.99
golovin_controlled_high_resolution_convergence_v1_N065536_dt0p1_m046,golovin,golovin_controlled_high_resolution_convergence_v1,controlled,246,46,not_applicable,12444006076036936461,65536,0.1,300.0,3600.0,crossed_between_outputs,2700.000047683716,3000.0,3000.0,1000.0,0.1,2.254253228528569e-09,1000.0,0.99
golovin_controlled_high_resolution_convergence_v1_N065536_dt0p1_m047,golovin,golovin_controlled_high_resolution_convergence_v1,controlled,247,47,not_applicable,17045865935502162493,65536,0.1,300.0,3600.0,crossed_between_outputs,2700.000047683716,3000.0,3000.0,1000.0,0.1,1.5331480529567898e-09,1000.0,0.99
golovin_controlled_high_resolution_convergence_v1_N065536_dt0p1_m048,golovin,golovin_controlled_high_resolution_convergence_v1,controlled,248,48,not_applicable,2763028171703174485,65536,0.1,300.0,3600.0,crossed_between_outputs,2700.000047683716,3000.0,3000.0,1000.0,0.1,2.2545736388934756e-09,1000.0,0.99
golovin_controlled_high_resolution_convergence_v1_N065536_dt0p1_m049,golovin,golovin_controlled_high_resolution_convergence_v1,controlled,249,49,not_applicable,8292852018101552494,65536,0.1,300.0,3600.0,crossed_between_outputs,2700.000047683716,3000.0,3000.0,1000.0,0.1,1.7884222991426668e-09,1000.0,0.99
golovin_controlled_high_resolution_convergence_v1_N065536_dt0p1_m050,golovin,golovin_controlled_high_resolution_convergence_v1,controlled,250,50,not_applicable,8670268487475743983,65536,0.1,300.0,3600.0,crossed_between_outputs,2700.000047683716,3000.0,3000.0,1000.0,0.1,2.287535272316177e-09,1000.0,0.99
golovin_controlled_high_resolution_convergence_v1_N065536_dt0p1_m051,golovin,golovin_controlled_high_resolution_convergence_v1,controlled,251,51,not_applicable,16994017902033030561,65536,0.1,300.0,3600.0,crossed_between_outputs,2700.000047683716,3000.0,3000.0,1000.0,0.1,1.717583630878039e-09,1000.0,0.99
golovin_controlled_high_resolution_convergence_v1_N065536_dt0p1_m052,golovin,golovin_controlled_high_resolution_convergence_v1,controlled,252,52,not_applicable,4408569597284444357,65536,0.1,300.0,3600.0,crossed_between_outputs,2700.000047683716,3000.0,3000.0,1000.0,0.1,2.045638769487823e-09,1000.0,0.99
golovin_controlled_high_resolution_convergence_v1_N065536_dt0p1_m053,golovin,golovin_controlled_high_resolution_convergence_v1,controlled,253,53,not_applicable,5038484612860601277,65536,0.1,300.0,3600.0,crossed_between_outputs,2700.000047683716,3000.0,3000.0,1000.0,0.1,2.163812906630369e-09,1000.0,0.99
golovin_controlled_high_resolution_convergence_v1_N065536_dt0p1_m054,golovin,golovin_controlled_high_resolution_convergence_v1,controlled,254,54,not_applicable,2108909171233664066,65536,0.1,300.0,3600.0,crossed_between_outputs,2700.000047683716,3000.0,3000.0,1000.0,0.1,2.2112180975142337e-09,1000.0,0.99
golovin_controlled_high_resolution_convergence_v1_N065536_dt0p1_m055,golovin,golovin_controlled_high_resolution_convergence_v1,controlled,255,55,not_applicable,825326433717818471,65536,0.1,300.0,3600.0,crossed_between_outputs,2700.000047683716,3000.0,3000.0,1000.0,0.1,1.9565307152191735e-09,1000.0,0.99
golovin_controlled_high_resolution_convergence_v1_N065536_dt0p1_m056,golovin,golovin_controlled_high_resolution_convergence_v1,controlled,256,56,not_applicable,12982791602008689367,65536,0.1,300.0,3600.0,crossed_between_outputs,2700.000047683716,3000.0,3000.0,1000.0,0.1,2.0432020519933758e-09,1000.0,0.99
golovin_controlled_high_resolution_convergence_v1_N065536_dt0p1_m057,golovin,golovin_controlled_high_resolution_convergence_v1,controlled,257,57,not_applicable,13462502212977699141,65536,0.1,300.0,3600.0,crossed_between_outputs,2700.000047683716,3000.0,3000.0,1000.0,0.1,2.137402033142166e-09,1000.0,0.99
golovin_controlled_high_resolution_convergence_v1_N065536_dt0p1_m058,golovin,golovin_controlled_high_resolution_convergence_v1,controlled,258,58,not_applicable,9559030350086334809,65536,0.1,300.0,3600.0,crossed_between_outputs,2700.000047683716,3000.0,3000.0,1000.0,0.1,2.185096548146248e-09,1000.0,0.99
golovin_controlled_high_resolution_convergence_v1_N065536_dt0p1_m059,golovin,golovin_controlled_high_resolution_convergence_v1,controlled,259,59,not_applicable,7355489629939035750,65536,0.1,300.0,3600.0,crossed_between_outputs,2700.000047683716,3000.0,3000.0,1000.0,0.1,1.7030659105188306e-09,1000.0,0.99
golovin_controlled_high_resolution_convergence_v1_N065536_dt0p1_m060,golovin,golovin_controlled_high_resolution_convergence_v1,controlled,260,60,not_applicable,16778050303856073193,65536,0.1,300.0,3600.0,crossed_between_outputs,2700.000047683716,3000.0,3000.0,1000.0,0.1,2.01287542189732e-09,1000.0,0.99
golovin_controlled_high_resolution_convergence_v1_N065536_dt0p1_m061,golovin,golovin_controlled_high_resolution_convergence_v1,controlled,261,61,not_applicable,15010461185649932966,65536,0.1,300.0,3600.0,crossed_between_outputs,2700.000047683716,3000.0,3000.0,1000.0,0.1,1.9557637731537625e-09,1000.0,0.99
golovin_controlled_high_resolution_convergence_v1_N065536_dt0p1_m062,golovin,golovin_controlled_high_resolution_convergence_v1,controlled,262,62,not_applicable,4510520984220739957,65536,0.1,300.0,3600.0,crossed_between_outputs,2700.000047683716,3000.0,3000.0,1000.0,0.1,2.020164480143194e-09,1000.0,0.99
golovin_controlled_high_resolution_convergence_v1_N065536_dt0p1_m063,golovin,golovin_controlled_high_resolution_convergence_v1,controlled,263,63,not_applicable,12413016010086695337,65536,0.1,300.0,3600.0,crossed_between_outputs,2700.000047683716,3000.0,3000.0,1000.0,0.1,1.836726548631873e-09,1000.0,0.99
golovin_controlled_high_resolution_convergence_v1_N065536_dt0p1_m064,golovin,golovin_controlled_high_resolution_convergence_v1,controlled,264,64,not_applicable,17475742780425217676,65536,0.1,300.0,3600.0,crossed_between_outputs,2700.000047683716,3000.0,3000.0,1000.0,0.1,2.89621149285324e-09,1000.0,0.99
golovin_controlled_high_resolution_convergence_v1_N065536_dt0p1_m065,golovin,golovin_controlled_high_resolution_convergence_v1,controlled,265,65,not_applicable,1769837615128393822,65536,0.1,300.0,3600.0,crossed_between_outputs,2700.000047683716,3000.0,3000.0,1000.0,0.1,1.524960824283994e-09,1000.0,0.99
golovin_controlled_high_resolution_convergence_v1_N065536_dt0p1_m066,golovin,golovin_controlled_high_resolution_convergence_v1,controlled,266,66,not_applicable,14727845624645195218,65536,0.1,300.0,3600.0,crossed_between_outputs,2700.000047683716,3000.0,3000.0,1000.0,0.1,2.0346402340720715e-09,1000.0,0.99
golovin_controlled_high_resolution_convergence_v1_N065536_dt0p1_m067,golovin,golovin_controlled_high_resolution_convergence_v1,controlled,267,67,not_applicable,5524386552762748990,65536,0.1,300.0,3600.0,crossed_between_outputs,2700.000047683716,3000.0,3000.0,1000.0,0.1,2.0611226059230603e-09,1000.0,0.99
golovin_controlled_high_resolution_convergence_v1_N065536_dt0p1_m068,golovin,golovin_controlled_high_resolution_convergence_v1,controlled,268,68,not_applicable,12469480621464001306,65536,0.1,300.0,3600.0,crossed_between_outputs,2700.000047683716,3000.0,3000.0,1000.0,0.1,1.5231593764042373e-09,1000.0,0.99
golovin_controlled_high_resolution_convergence_v1_N065536_dt0p1_m069,golovin,golovin_controlled_high_resolution_convergence_v1,controlled,269,69,not_applicable,6176629465317873692,65536,0.1,300.0,3600.0,crossed_between_outputs,2700.000047683716,3000.0,3000.0,1000.0,0.1,1.7701686783055948e-09,1000.0,0.99
golovin_controlled_high_resolution_convergence_v1_N065536_dt0p1_m070,golovin,golovin_controlled_high_resolution_convergence_v1,controlled,270,70,not_applicable,11648336117887039356,65536,0.1,300.0,3600.0,crossed_between_outputs,2700.000047683716,3000.0,3000.0,1000.0,0.1,2.2096102725299716e-09,1000.0,0.99
golovin_controlled_high_resolution_convergence_v1_N065536_dt0p1_m071,golovin,golovin_controlled_high_resolution_convergence_v1,controlled,271,71,not_applicable,2216829903306194801,65536,0.1,300.0,3600.0,crossed_between_outputs,2700.000047683716,3000.0,3000.0,1000.0,0.1,1.5798924390963975e-09,1000.0,0.99
golovin_controlled_high_resolution_convergence_v1_N065536_dt0p1_m072,golovin,golovin_controlled_high_resolution_convergence_v1,controlled,272,72,not_applicable,8929543695686992349,65536,0.1,300.0,3600.0,crossed_between_outputs,2700.000047683716,3000.0,3000.0,1000.0,0.1,1.8501280507621232e-09,1000.0,0.99
golovin_controlled_high_resolution_convergence_v1_N065536_dt0p1_m073,golovin,golovin_controlled_high_resolution_convergence_v1,controlled,273,73,not_applicable,13136561798973990022,65536,0.1,300.0,3600.0,crossed_between_outputs,2700.000047683716,3000.0,3000.0,1000.0,0.1,2.564065626486922e-09,1000.0,0.99
golovin_controlled_high_resolution_convergence_v1_N065536_dt0p1_m074,golovin,golovin_controlled_high_resolution_convergence_v1,controlled,274,74,not_applicable,863870457056077146,65536,0.1,300.0,3600.0,crossed_between_outputs,2700.000047683716,3000.0,3000.0,1000.0,0.1,2.2511301711602982e-09,1000.0,0.99
golovin_controlled_high_resolution_convergence_v1_N065536_dt0p1_m075,golovin,golovin_controlled_high_resolution_convergence_v1,controlled,275,75,not_applicable,18404174869856467511,65536,0.1,300.0,3600.0,crossed_between_outputs,2700.000047683716,3000.0,3000.0,1000.0,0.1,1.9978312337798343e-09,1000.0,0.99
golovin_controlled_high_resolution_convergence_v1_N065536_dt0p1_m076,golovin,golovin_controlled_high_resolution_convergence_v1,controlled,276,76,not_applicable,17104166137153008819,65536,0.1,300.0,3600.0,crossed_between_outputs,2700.000047683716,3000.0,3000.0,1000.0,0.1,2.2508324093450938e-09,1000.0,0.99
golovin_controlled_high_resolution_convergence_v1_N065536_dt0p1_m077,golovin,golovin_controlled_high_resolution_convergence_v1,controlled,277,77,not_applicable,1968075529783383446,65536,0.1,300.0,3600.0,crossed_between_outputs,2700.000047683716,3000.0,3000.0,1000.0,0.1,2.029135526271375e-09,1000.0,0.99
golovin_controlled_high_resolution_convergence_v1_N065536_dt0p1_m078,golovin,golovin_controlled_high_resolution_convergence_v1,controlled,278,78,not_applicable,5646238571988241642,65536,0.1,300.0,3600.0,crossed_between_outputs,2700.000047683716,3000.0,3000.0,1000.0,0.1,1.919624459389979e-09,1000.0,0.99
golovin_controlled_high_resolution_convergence_v1_N065536_dt0p1_m079,golovin,golovin_controlled_high_resolution_convergence_v1,controlled,279,79,not_applicable,15776498344096134254,65536,0.1,300.0,3600.0,crossed_between_outputs,2700.000047683716,3000.0,3000.0,1000.0,0.1,2.022963796477484e-09,1000.0,0.99
golovin_controlled_high_resolution_convergence_v1_N065536_dt0p1_m080,golovin,golovin_controlled_high_resolution_convergence_v1,controlled,280,80,not_applicable,9764020353020592748,65536,0.1,300.0,3600.0,crossed_between_outputs,2700.000047683716,3000.0,3000.0,1000.0,0.1,2.021840472821168e-09,1000.0,0.99
golovin_controlled_high_resolution_convergence_v1_N065536_dt0p1_m081,golovin,golovin_controlled_high_resolution_convergence_v1,controlled,281,81,not_applicable,7033521132446901573,65536,0.1,300.0,3600.0,crossed_between_outputs,2700.000047683716,3000.0,3000.0,1000.0,0.1,1.8295811532453854e-09,1000.0,0.99
golovin_controlled_high_resolution_convergence_v1_N065536_dt0p1_m082,golovin,golovin_controlled_high_resolution_convergence_v1,controlled,282,82,not_applicable,1469670463256469976,65536,0.1,300.0,3600.0,crossed_between_outputs,2700.000047683716,3000.0,3000.0,1000.0,0.1,2.2769415242152036e-09,1000.0,0.99
golovin_controlled_high_resolution_convergence_v1_N065536_dt0p1_m083,golovin,golovin_controlled_high_resolution_convergence_v1,controlled,283,83,not_applicable,11106675904167340044,65536,0.1,300.0,3600.0,crossed_between_outputs,2700.000047683716,3000.0,3000.0,1000.0,0.1,2.196218096273128e-09,1000.0,0.99
golovin_controlled_high_resolution_convergence_v1_N065536_dt0p1_m084,golovin,golovin_controlled_high_resolution_convergence_v1,controlled,284,84,not_applicable,10283050788149460837,65536,0.1,300.0,3600.0,crossed_between_outputs,2700.000047683716,3000.0,3000.0,1000.0,0.1,2.1834014596322504e-09,1000.0,0.99
golovin_controlled_high_resolution_convergence_v1_N065536_dt0p1_m085,golovin,golovin_controlled_high_resolution_convergence_v1,controlled,285,85,not_applicable,6858163990177326957,65536,0.1,300.0,3600.0,crossed_between_outputs,2700.000047683716,3000.0,3000.0,1000.0,0.1,3.503334067289643e-09,1000.0,0.99
golovin_controlled_high_resolution_convergence_v1_N065536_dt0p1_m086,golovin,golovin_controlled_high_resolution_convergence_v1,controlled,286,86,not_applicable,7871861759627279355,65536,0.1,300.0,3600.0,crossed_between_outputs,2700.000047683716,3000.0,3000.0,1000.0,0.1,2.289404221755831e-09,1000.0,0.99
golovin_controlled_high_resolution_convergence_v1_N065536_dt0p1_m087,golovin,golovin_controlled_high_resolution_convergence_v1,controlled,287,87,not_applicable,14995149111354260615,65536,0.1,300.0,3600.0,crossed_between_outputs,2700.000047683716,3000.0,3000.0,1000.0,0.1,2.2747672634437777e-09,1000.0,0.99
golovin_controlled_high_resolution_convergence_v1_N065536_dt0p1_m088,golovin,golovin_controlled_high_resolution_convergence_v1,controlled,288,88,not_applicable,7084224810109190442,65536,0.1,300.0,3600.0,crossed_between_outputs,2700.000047683716,3000.0,3000.0,1000.0,0.1,2.123076603410823e-09,1000.0,0.99
golovin_controlled_high_resolution_convergence_v1_N065536_dt0p1_m089,golovin,golovin_controlled_high_resolution_convergence_v1,controlled,289,89,not_applicable,2214162759851582997,65536,0.1,300.0,3600.0,crossed_between_outputs,2700.000047683716,3000.0,3000.0,1000.0,0.1,2.6016673260187417e-09,1000.0,0.99
golovin_controlled_high_resolution_convergence_v1_N065536_dt0p1_m090,golovin,golovin_controlled_high_resolution_convergence_v1,controlled,290,90,not_applicable,17422128605888456394,65536,0.1,300.0,3600.0,crossed_between_outputs,2700.000047683716,3000.0,3000.0,1000.0,0.1,1.7726149437180538e-09,1000.0,0.99
golovin_controlled_high_resolution_convergence_v1_N065536_dt0p1_m091,golovin,golovin_controlled_high_resolution_convergence_v1,controlled,291,91,not_applicable,3192095843755470973,65536,0.1,300.0,3600.0,crossed_between_outputs,2700.000047683716,3000.0,3000.0,1000.0,0.1,2.3776467461544826e-09,1000.0,0.99
golovin_controlled_high_resolution_convergence_v1_N065536_dt0p1_m092,golovin,golovin_controlled_high_resolution_convergence_v1,controlled,292,92,not_applicable,3291971501448289597,65536,0.1,300.0,3600.0,crossed_between_outputs,2700.000047683716,3000.0,3000.0,1000.0,0.1,2.066688820079321e-09,1000.0,0.99
golovin_controlled_high_resolution_convergence_v1_N065536_dt0p1_m093,golovin,golovin_controlled_high_resolution_convergence_v1,controlled,293,93,not_applicable,18124543231332842878,65536,0.1,300.0,3600.0,crossed_between_outputs,2700.000047683716,3000.0,3000.0,1000.0,0.1,1.9058774558544656e-09,1000.0,0.99
golovin_controlled_high_resolution_convergence_v1_N065536_dt0p1_m094,golovin,golovin_controlled_high_resolution_convergence_v1,controlled,294,94,not_applicable,1046278275361848909,65536,0.1,300.0,3600.0,crossed_between_outputs,2700.000047683716,3000.0,3000.0,1000.0,0.1,3.036021878344286e-09,1000.0,0.99
golovin_controlled_high_resolution_convergence_v1_N065536_dt0p1_m095,golovin,golovin_controlled_high_resolution_convergence_v1,controlled,295,95,not_applicable,7964153963617089764,65536,0.1,300.0,3600.0,crossed_between_outputs,2700.000047683716,3000.0,3000.0,1000.0,0.1,2.5661890390438202e-09,1000.0,0.99
golovin_controlled_high_resolution_convergence_v1_N065536_dt0p1_m096,golovin,golovin_controlled_high_resolution_convergence_v1,controlled,296,96,not_applicable,541000427138431327,65536,0.1,300.0,3600.0,crossed_between_outputs,2700.000047683716,3000.0,3000.0,1000.0,0.1,3.370975054650671e-09,1000.0,0.99
golovin_controlled_high_resolution_convergence_v1_N065536_dt0p1_m097,golovin,golovin_controlled_high_resolution_convergence_v1,controlled,297,97,not_applicable,3067472790128320794,65536,0.1,300.0,3600.0,crossed_between_outputs,2700.000047683716,3000.0,3000.0,1000.0,0.1,1.8938113299782344e-09,1000.0,0.99
golovin_controlled_high_resolution_convergence_v1_N065536_dt0p1_m098,golovin,golovin_controlled_high_resolution_convergence_v1,controlled,298,98,not_applicable,13665302146869519927,65536,0.1,300.0,3600.0,crossed_between_outputs,2700.000047683716,3000.0,3000.0,1000.0,0.1,1.3744874127752382e-09,1000.0,0.99
golovin_controlled_high_resolution_convergence_v1_N065536_dt0p1_m099,golovin,golovin_controlled_high_resolution_convergence_v1,controlled,299,99,not_applicable,15808176607263152530,65536,0.1,300.0,3600.0,crossed_between_outputs,2700.000047683716,3000.0,3000.0,1000.0,0.1,2.2395405530062362e-09,1000.0,0.99
golovin_controlled_high_resolution_convergence_v1_N131072_dt0p1_m000,golovin,golovin_controlled_high_resolution_convergence_v1,controlled,300,0,not_applicable,1428386923556916377,131072,0.1,300.0,3600.0,crossed_between_outputs,2700.000047683716,3000.0,3000.0,1000.0,0.1,1.384880876642569e-09,1000.0,0.99
golovin_controlled_high_resolution_convergence_v1_N131072_dt0p1_m001,golovin,golovin_controlled_high_resolution_convergence_v1,controlled,301,1,not_applicable,7984527046990194680,131072,0.1,300.0,3600.0,crossed_between_outputs,2700.000047683716,3000.0,3000.0,1000.0,0.1,7.008034152988785e-10,1000.0,0.99
golovin_controlled_high_resolution_convergence_v1_N131072_dt0p1_m002,golovin,golovin_controlled_high_resolution_convergence_v1,controlled,302,2,not_applicable,9232506809514145063,131072,0.1,300.0,3600.0,crossed_between_outputs,2700.000047683716,3000.0,3000.0,1000.0,0.1,1.1948784184312444e-09,1000.0,0.99
golovin_controlled_high_resolution_convergence_v1_N131072_dt0p1_m003,golovin,golovin_controlled_high_resolution_convergence_v1,controlled,303,3,not_applicable,6852491670534785141,131072,0.1,300.0,3600.0,crossed_between_outputs,2700.000047683716,3000.0,3000.0,1000.0,0.1,9.925464894422475e-10,1000.0,0.99
golovin_controlled_high_resolution_convergence_v1_N131072_dt0p1_m004,golovin,golovin_controlled_high_resolution_convergence_v1,controlled,304,4,not_applicable,18242896876308164149,131072,0.1,300.0,3600.0,crossed_between_outputs,2700.000047683716,3000.0,3000.0,1000.0,0.1,5.991105389568929e-10,1000.0,0.99
golovin_controlled_high_resolution_convergence_v1_N131072_dt0p1_m005,golovin,golovin_controlled_high_resolution_convergence_v1,controlled,305,5,not_applicable,18082809182753348386,131072,0.1,300.0,3600.0,crossed_between_outputs,2700.000047683716,3000.0,3000.0,1000.0,0.1,6.189629919717277e-10,1000.0,0.99
golovin_controlled_high_resolution_convergence_v1_N131072_dt0p1_m006,golovin,golovin_controlled_high_resolution_convergence_v1,controlled,306,6,not_applicable,14252027090719507544,131072,0.1,300.0,3600.0,crossed_between_outputs,2700.000047683716,3000.0,3000.0,1000.0,0.1,1.3808703069884132e-09,1000.0,0.99
golovin_controlled_high_resolution_convergence_v1_N131072_dt0p1_m007,golovin,golovin_controlled_high_resolution_convergence_v1,controlled,307,7,not_applicable,13908878403811653576,131072,0.1,300.0,3600.0,crossed_between_outputs,2700.000047683716,3000.0,3000.0,1000.0,0.1,9.566818448547565e-10,1000.0,0.99
golovin_controlled_high_resolution_convergence_v1_N131072_dt0p1_m008,golovin,golovin_controlled_high_resolution_convergence_v1,controlled,308,8,not_applicable,17536025476436344542,131072,0.1,300.0,3600.0,crossed_between_outputs,2700.000047683716,3000.0,3000.0,1000.0,0.1,5.888429743805546e-10,1000.0,0.99
golovin_controlled_high_resolution_convergence_v1_N131072_dt0p1_m009,golovin,golovin_controlled_high_resolution_convergence_v1,controlled,309,9,not_applicable,17377146451954358870,131072,0.1,300.0,3600.0,crossed_between_outputs,2700.000047683716,3000.0,3000.0,1000.0,0.1,6.437397281899848e-10,1000.0,0.99
golovin_controlled_high_resolution_convergence_v1_N131072_dt0p1_m010,golovin,golovin_controlled_high_resolution_convergence_v1,controlled,310,10,not_applicable,13800402116194950572,131072,0.1,300.0,3600.0,crossed_between_outputs,2700.000047683716,3000.0,3000.0,1000.0,0.1,9.080245444437196e-10,1000.0,0.99
golovin_controlled_high_resolution_convergence_v1_N131072_dt0p1_m011,golovin,golovin_controlled_high_resolution_convergence_v1,controlled,311,11,not_applicable,14596905440582334541,131072,0.1,300.0,3600.0,crossed_between_outputs,2700.000047683716,3000.0,3000.0,1000.0,0.1,7.159088877273234e-10,1000.0,0.99
golovin_controlled_high_resolution_convergence_v1_N131072_dt0p1_m012,golovin,golovin_controlled_high_resolution_convergence_v1,controlled,312,12,not_applicable,4224205868524761275,131072,0.1,300.0,3600.0,crossed_between_outputs,2700.000047683716,3000.0,3000.0,1000.0,0.1,8.219256386610141e-10,1000.0,0.99
golovin_controlled_high_resolution_convergence_v1_N131072_dt0p1_m013,golovin,golovin_controlled_high_resolution_convergence_v1,controlled,313,13,not_applicable,13927959602463158571,131072,0.1,300.0,3600.0,crossed_between_outputs,2700.000047683716,3000.0,3000.0,1000.0,0.1,1.0299490149634494e-09,1000.0,0.99
golovin_controlled_high_resolution_convergence_v1_N131072_dt0p1_m014,golovin,golovin_controlled_high_resolution_convergence_v1,controlled,314,14,not_applicable,12440450261239036357,131072,0.1,300.0,3600.0,crossed_between_outputs,2700.000047683716,3000.0,3000.0,1000.0,0.1,8.327277756237095e-10,1000.0,0.99
golovin_controlled_high_resolution_convergence_v1_N131072_dt0p1_m015,golovin,golovin_controlled_high_resolution_convergence_v1,controlled,315,15,not_applicable,7215773313121979627,131072,0.1,300.0,3600.0,crossed_between_outputs,2700.000047683716,3000.0,3000.0,1000.0,0.1,8.170899512549568e-10,1000.0,0.99
golovin_controlled_high_resolution_convergence_v1_N131072_dt0p1_m016,golovin,golovin_controlled_high_resolution_convergence_v1,controlled,316,16,not_applicable,9848432866924663755,131072,0.1,300.0,3600.0,crossed_between_outputs,2700.000047683716,3000.0,3000.0,1000.0,0.1,1.03424924180473e-09,1000.0,0.99
golovin_controlled_high_resolution_convergence_v1_N131072_dt0p1_m017,golovin,golovin_controlled_high_resolution_convergence_v1,controlled,317,17,not_applicable,11902171331118232752,131072,0.1,300.0,3600.0,crossed_between_outputs,2700.000047683716,3000.0,3000.0,1000.0,0.1,9.164715653042776e-10,1000.0,0.99
golovin_controlled_high_resolution_convergence_v1_N131072_dt0p1_m018,golovin,golovin_controlled_high_resolution_convergence_v1,controlled,318,18,not_applicable,5452727434624993519,131072,0.1,300.0,3600.0,crossed_between_outputs,2700.000047683716,3000.0,3000.0,1000.0,0.1,1.1609424532821322e-09,1000.0,0.99
golovin_controlled_high_resolution_convergence_v1_N131072_dt0p1_m019,golovin,golovin_controlled_high_resolution_convergence_v1,controlled,319,19,not_applicable,17615218600857908397,131072,0.1,300.0,3600.0,crossed_between_outputs,2700.000047683716,3000.0,3000.0,1000.0,0.1,9.007066203992053e-10,1000.0,0.99
golovin_controlled_high_resolution_convergence_v1_N131072_dt0p1_m020,golovin,golovin_controlled_high_resolution_convergence_v1,controlled,320,20,not_applicable,3389975897640160946,131072,0.1,300.0,3600.0,crossed_between_outputs,2700.000047683716,3000.0,3000.0,1000.0,0.1,1.0303169428738101e-09,1000.0,0.99
golovin_controlled_high_resolution_convergence_v1_N131072_dt0p1_m021,golovin,golovin_controlled_high_resolution_convergence_v1,controlled,321,21,not_applicable,18233888853028552872,131072,0.1,300.0,3600.0,crossed_between_outputs,2700.000047683716,3000.0,3000.0,1000.0,0.1,7.038929439318053e-10,1000.0,0.99
golovin_controlled_high_resolution_convergence_v1_N131072_dt0p1_m022,golovin,golovin_controlled_high_resolution_convergence_v1,controlled,322,22,not_applicable,13663281803316752170,131072,0.1,300.0,3600.0,crossed_between_outputs,2700.000047683716,3000.0,3000.0,1000.0,0.1,5.791078727668264e-10,1000.0,0.99
golovin_controlled_high_resolution_convergence_v1_N131072_dt0p1_m023,golovin,golovin_controlled_high_resolution_convergence_v1,controlled,323,23,not_applicable,15787584347956461405,131072,0.1,300.0,3600.0,crossed_between_outputs,2700.000047683716,3000.0,3000.0,1000.0,0.1,9.677769696736505e-10,1000.0,0.99
golovin_controlled_high_resolution_convergence_v1_N131072_dt0p1_m024,golovin,golovin_controlled_high_resolution_convergence_v1,controlled,324,24,not_applicable,5503151990626466377,131072,0.1,300.0,3600.0,crossed_between_outputs,2700.000047683716,3000.0,3000.0,1000.0,0.1,5.51756640376766e-10,1000.0,0.99
golovin_controlled_high_resolution_convergence_v1_N131072_dt0p1_m025,golovin,golovin_controlled_high_resolution_convergence_v1,controlled,325,25,not_applicable,16380813737992275476,131072,0.1,300.0,3600.0,crossed_between_outputs,2700.000047683716,3000.0,3000.0,1000.0,0.1,6.71371735982973e-10,1000.0,0.99
golovin_controlled_high_resolution_convergence_v1_N131072_dt0p1_m026,golovin,golovin_controlled_high_resolution_convergence_v1,controlled,326,26,not_applicable,4049632577969711189,131072,0.1,300.0,3600.0,crossed_between_outputs,2700.000047683716,3000.0,3000.0,1000.0,0.1,9.358560593142329e-10,1000.0,0.99
golovin_controlled_high_resolution_convergence_v1_N131072_dt0p1_m027,golovin,golovin_controlled_high_resolution_convergence_v1,controlled,327,27,not_applicable,18157296668838368954,131072,0.1,300.0,3600.0,crossed_between_outputs,2700.000047683716,3000.0,3000.0,1000.0,0.1,7.697722459454326e-10,1000.0,0.99
golovin_controlled_high_resolution_convergence_v1_N131072_dt0p1_m028,golovin,golovin_controlled_high_resolution_convergence_v1,controlled,328,28,not_applicable,6994817850373517310,131072,0.1,300.0,3600.0,crossed_between_outputs,2700.000047683716,3000.0,3000.0,1000.0,0.1,6.75498768032412e-10,1000.0,0.99
golovin_controlled_high_resolution_convergence_v1_N131072_dt0p1_m029,golovin,golovin_controlled_high_resolution_convergence_v1,controlled,329,29,not_applicable,1945816877945387648,131072,0.1,300.0,3600.0,crossed_between_outputs,2700.000047683716,3000.0,3000.0,1000.0,0.1,7.020746206620743e-10,1000.0,0.99
golovin_controlled_high_resolution_convergence_v1_N131072_dt0p1_m030,golovin,golovin_controlled_high_resolution_convergence_v1,controlled,330,30,not_applicable,1073537067144546421,131072,0.1,300.0,3600.0,crossed_between_outputs,2700.000047683716,3000.0,3000.0,1000.0,0.1,9.096157160826124e-10,1000.0,0.99
golovin_controlled_high_resolution_convergence_v1_N131072_dt0p1_m031,golovin,golovin_controlled_high_resolution_convergence_v1,controlled,331,31,not_applicable,9568616554537359401,131072,0.1,300.0,3600.0,crossed_between_outputs,2700.000047683716,3000.0,3000.0,1000.0,0.1,6.94866164607788e-10,1000.0,0.99
golovin_controlled_high_resolution_convergence_v1_N131072_dt0p1_m032,golovin,golovin_controlled_high_resolution_convergence_v1,controlled,332,32,not_applicable,15632727976589934649,131072,0.1,300.0,3600.0,crossed_between_outputs,2700.000047683716,3000.0,3000.0,1000.0,0.1,1.0284497697909956e-09,1000.0,0.99
golovin_controlled_high_resolution_convergence_v1_N131072_dt0p1_m033,golovin,golovin_controlled_high_resolution_convergence_v1,controlled,333,33,not_applicable,1967044372519050684,131072,0.1,300.0,3600.0,crossed_between_outputs,2700.000047683716,3000.0,3000.0,1000.0,0.1,7.938237844840046e-10,1000.0,0.99
golovin_controlled_high_resolution_convergence_v1_N131072_dt0p1_m034,golovin,golovin_controlled_high_resolution_convergence_v1,controlled,334,34,not_applicable,12906298622515984239,131072,0.1,300.0,3600.0,crossed_between_outputs,2700.000047683716,3000.0,3000.0,1000.0,0.1,5.827467397523378e-10,1000.0,0.99
golovin_controlled_high_resolution_convergence_v1_N131072_dt0p1_m035,golovin,golovin_controlled_high_resolution_convergence_v1,controlled,335,35,not_applicable,10737711674481514416,131072,0.1,300.0,3600.0,crossed_between_outputs,2700.000047683716,3000.0,3000.0,1000.0,0.1,5.918605605614857e-10,1000.0,0.99
golovin_controlled_high_resolution_convergence_v1_N131072_dt0p1_m036,golovin,golovin_controlled_high_resolution_convergence_v1,controlled,336,36,not_applicable,6295024692919120339,131072,0.1,300.0,3600.0,crossed_between_outputs,2700.000047683716,3000.0,3000.0,1000.0,0.1,1.6291836768544954e-09,1000.0,0.99
golovin_controlled_high_resolution_convergence_v1_N131072_dt0p1_m037,golovin,golovin_controlled_high_resolution_convergence_v1,controlled,337,37,not_applicable,16070163804402370048,131072,0.1,300.0,3600.0,crossed_between_outputs,2700.000047683716,3000.0,3000.0,1000.0,0.1,8.765487224948743e-10,1000.0,0.99
golovin_controlled_high_resolution_convergence_v1_N131072_dt0p1_m038,golovin,golovin_controlled_high_resolution_convergence_v1,controlled,338,38,not_applicable,18417937522345312894,131072,0.1,300.0,3600.0,crossed_between_outputs,2700.000047683716,3000.0,3000.0,1000.0,0.1,1.522692194555475e-09,1000.0,0.99
golovin_controlled_high_resolution_convergence_v1_N131072_dt0p1_m039,golovin,golovin_controlled_high_resolution_convergence_v1,controlled,339,39,not_applicable,914243613615847296,131072,0.1,300.0,3600.0,crossed_between_outputs,2700.000047683716,3000.0,3000.0,1000.0,0.1,1.7845400712701576e-09,1000.0,0.99
golovin_controlled_high_resolution_convergence_v1_N131072_dt0p1_m040,golovin,golovin_controlled_high_resolution_convergence_v1,controlled,340,40,not_applicable,8909120509617818507,131072,0.1,300.0,3600.0,crossed_between_outputs,2700.000047683716,3000.0,3000.0,1000.0,0.1,6.207212521758265e-10,1000.0,0.99
golovin_controlled_high_resolution_convergence_v1_N131072_dt0p1_m041,golovin,golovin_controlled_high_resolution_convergence_v1,controlled,341,41,not_applicable,13665144949043860522,131072,0.1,300.0,3600.0,crossed_between_outputs,2700.000047683716,3000.0,3000.0,1000.0,0.1,4.4501757834325417e-10,1000.0,0.99
golovin_controlled_high_resolution_convergence_v1_N131072_dt0p1_m042,golovin,golovin_controlled_high_resolution_convergence_v1,controlled,342,42,not_applicable,16831478601031584616,131072,0.1,300.0,3600.0,crossed_between_outputs,2700.000047683716,3000.0,3000.0,1000.0,0.1,1.1296803492655272e-09,1000.0,0.99
golovin_controlled_high_resolution_convergence_v1_N131072_dt0p1_m043,golovin,golovin_controlled_high_resolution_convergence_v1,controlled,343,43,not_applicable,17213712585325692822,131072,0.1,300.0,3600.0,crossed_between_outputs,2700.000047683716,3000.0,3000.0,1000.0,0.1,1.0335463596078398e-09,1000.0,0.99
golovin_controlled_high_resolution_convergence_v1_N131072_dt0p1_m044,golovin,golovin_controlled_high_resolution_convergence_v1,controlled,344,44,not_applicable,3099417119234563980,131072,0.1,300.0,3600.0,crossed_between_outputs,2700.000047683716,3000.0,3000.0,1000.0,0.1,4.927545038668768e-10,1000.0,0.99
golovin_controlled_high_resolution_convergence_v1_N131072_dt0p1_m045,golovin,golovin_controlled_high_resolution_convergence_v1,controlled,345,45,not_applicable,7560985930709423248,131072,0.1,300.0,3600.0,crossed_between_outputs,2700.000047683716,3000.0,3000.0,1000.0,0.1,1.2499870027937732e-09,1000.0,0.99
golovin_controlled_high_resolution_convergence_v1_N131072_dt0p1_m046,golovin,golovin_controlled_high_resolution_convergence_v1,controlled,346,46,not_applicable,16278876396492886857,131072,0.1,300.0,3600.0,crossed_between_outputs,2700.000047683716,3000.0,3000.0,1000.0,0.1,1.1117773368596318e-09,1000.0,0.99
golovin_controlled_high_resolution_convergence_v1_N131072_dt0p1_m047,golovin,golovin_controlled_high_resolution_convergence_v1,controlled,347,47,not_applicable,10496016249991190040,131072,0.1,300.0,3600.0,crossed_between_outputs,2700.000047683716,3000.0,3000.0,1000.0,0.1,7.762259723875786e-10,1000.0,0.99
golovin_controlled_high_resolution_convergence_v1_N131072_dt0p1_m048,golovin,golovin_controlled_high_resolution_convergence_v1,controlled,348,48,not_applicable,15720085995419413931,131072,0.1,300.0,3600.0,crossed_between_outputs,2700.000047683716,3000.0,3000.0,1000.0,0.1,1.2033749552387007e-09,1000.0,0.99
golovin_controlled_high_resolution_convergence_v1_N131072_dt0p1_m049,golovin,golovin_controlled_high_resolution_convergence_v1,controlled,349,49,not_applicable,10050926177045108767,131072,0.1,300.0,3600.0,crossed_between_outputs,2700.000047683716,3000.0,3000.0,1000.0,0.1,1.0912621917213983e-09,1000.0,0.99
golovin_controlled_high_resolution_convergence_v1_N131072_dt0p1_m050,golovin,golovin_controlled_high_resolution_convergence_v1,controlled,350,50,not_applicable,13889256893131768563,131072,0.1,300.0,3600.0,crossed_between_outputs,2700.000047683716,3000.0,3000.0,1000.0,0.1,6.667395524573294e-10,1000.0,0.99
golovin_controlled_high_resolution_convergence_v1_N131072_dt0p1_m051,golovin,golovin_controlled_high_resolution_convergence_v1,controlled,351,51,not_applicable,7072903411885546218,131072,0.1,300.0,3600.0,crossed_between_outputs,2700.000047683716,3000.0,3000.0,1000.0,0.1,1.0147993556586243e-09,1000.0,0.99
golovin_controlled_high_resolution_convergence_v1_N131072_dt0p1_m052,golovin,golovin_controlled_high_resolution_convergence_v1,controlled,352,52,not_applicable,5364604030661280604,131072,0.1,300.0,3600.0,crossed_between_outputs,2700.000047683716,3000.0,3000.0,1000.0,0.1,1.1042866621124858e-09,1000.0,0.99
golovin_controlled_high_resolution_convergence_v1_N131072_dt0p1_m053,golovin,golovin_controlled_high_resolution_convergence_v1,controlled,353,53,not_applicable,11412967991123708609,131072,0.1,300.0,3600.0,crossed_between_outputs,2700.000047683716,3000.0,3000.0,1000.0,0.1,1.0015153151243794e-09,1000.0,0.99
golovin_controlled_high_resolution_convergence_v1_N131072_dt0p1_m054,golovin,golovin_controlled_high_resolution_convergence_v1,controlled,354,54,not_applicable,3126372684539817889,131072,0.1,300.0,3600.0,crossed_between_outputs,2700.000047683716,3000.0,3000.0,1000.0,0.1,1.088078960265193e-09,1000.0,0.99
golovin_controlled_high_resolution_convergence_v1_N131072_dt0p1_m055,golovin,golovin_controlled_high_resolution_convergence_v1,controlled,355,55,not_applicable,10960866407545115878,131072,0.1,300.0,3600.0,crossed_between_outputs,2700.000047683716,3000.0,3000.0,1000.0,0.1,7.87512277611313e-10,1000.0,0.99
golovin_controlled_high_resolution_convergence_v1_N131072_dt0p1_m056,golovin,golovin_controlled_high_resolution_convergence_v1,controlled,356,56,not_applicable,17707427227236485044,131072,0.1,300.0,3600.0,crossed_between_outputs,2700.000047683716,3000.0,3000.0,1000.0,0.1,1.5791250529417766e-09,1000.0,0.99
golovin_controlled_high_resolution_convergence_v1_N131072_dt0p1_m057,golovin,golovin_controlled_high_resolution_convergence_v1,controlled,357,57,not_applicable,17742949349570407987,131072,0.1,300.0,3600.0,crossed_between_outputs,2700.000047683716,3000.0,3000.0,1000.0,0.1,8.384086758184139e-10,1000.0,0.99
golovin_controlled_high_resolution_convergence_v1_N131072_dt0p1_m058,golovin,golovin_controlled_high_resolution_convergence_v1,controlled,358,58,not_applicable,9342664049643312563,131072,0.1,300.0,3600.0,crossed_between_outputs,2700.000047683716,3000.0,3000.0,1000.0,0.1,1.514070424590841e-09,1000.0,0.99
golovin_controlled_high_resolution_convergence_v1_N131072_dt0p1_m059,golovin,golovin_controlled_high_resolution_convergence_v1,controlled,359,59,not_applicable,6939584650261854914,131072,0.1,300.0,3600.0,crossed_between_outputs,2700.000047683716,3000.0,3000.0,1000.0,0.1,7.233240673087948e-10,1000.0,0.99
golovin_controlled_high_resolution_convergence_v1_N131072_dt0p1_m060,golovin,golovin_controlled_high_resolution_convergence_v1,controlled,360,60,not_applicable,5384740026811082450,131072,0.1,300.0,3600.0,crossed_between_outputs,2700.000047683716,3000.0,3000.0,1000.0,0.1,9.55237888788929e-10,1000.0,0.99
golovin_controlled_high_resolution_convergence_v1_N131072_dt0p1_m061,golovin,golovin_controlled_high_resolution_convergence_v1,controlled,361,61,not_applicable,2432146286873894371,131072,0.1,300.0,3600.0,crossed_between_outputs,2700.000047683716,3000.0,3000.0,1000.0,0.1,7.793459211313802e-10,1000.0,0.99
golovin_controlled_high_resolution_convergence_v1_N131072_dt0p1_m062,golovin,golovin_controlled_high_resolution_convergence_v1,controlled,362,62,not_applicable,16953358735746084485,131072,0.1,300.0,3600.0,crossed_between_outputs,2700.000047683716,3000.0,3000.0,1000.0,0.1,7.880295305184859e-10,1000.0,0.99
golovin_controlled_high_resolution_convergence_v1_N131072_dt0p1_m063,golovin,golovin_controlled_high_resolution_convergence_v1,controlled,363,63,not_applicable,11435449674281778758,131072,0.1,300.0,3600.0,crossed_between_outputs,2700.000047683716,3000.0,3000.0,1000.0,0.1,1.5485683846350184e-09,1000.0,0.99
golovin_controlled_high_resolution_convergence_v1_N131072_dt0p1_m064,golovin,golovin_controlled_high_resolution_convergence_v1,controlled,364,64,not_applicable,8259866446501251241,131072,0.1,300.0,3600.0,crossed_between_outputs,2700.000047683716,3000.0,3000.0,1000.0,0.1,8.241012317000695e-10,1000.0,0.99
golovin_controlled_high_resolution_convergence_v1_N131072_dt0p1_m065,golovin,golovin_controlled_high_resolution_convergence_v1,controlled,365,65,not_applicable,9314327123007289947,131072,0.1,300.0,3600.0,crossed_between_outputs,2700.000047683716,3000.0,3000.0,1000.0,0.1,8.888714209120963e-10,1000.0,0.99
golovin_controlled_high_resolution_convergence_v1_N131072_dt0p1_m066,golovin,golovin_controlled_high_resolution_convergence_v1,controlled,366,66,not_applicable,12028191402542849583,131072,0.1,300.0,3600.0,crossed_between_outputs,2700.000047683716,3000.0,3000.0,1000.0,0.1,9.921827803793803e-10,1000.0,0.99
golovin_controlled_high_resolution_convergence_v1_N131072_dt0p1_m067,golovin,golovin_controlled_high_resolution_convergence_v1,controlled,367,67,not_applicable,3723649683533739315,131072,0.1,300.0,3600.0,crossed_between_outputs,2700.000047683716,3000.0,3000.0,1000.0,0.1,4.872457992632917e-10,1000.0,0.99
golovin_controlled_high_resolution_convergence_v1_N131072_dt0p1_m068,golovin,golovin_controlled_high_resolution_convergence_v1,controlled,368,68,not_applicable,13212848468507374283,131072,0.1,300.0,3600.0,crossed_between_outputs,2700.000047683716,3000.0,3000.0,1000.0,0.1,8.739902135346256e-10,1000.0,0.99
golovin_controlled_high_resolution_convergence_v1_N131072_dt0p1_m069,golovin,golovin_controlled_high_resolution_convergence_v1,controlled,369,69,not_applicable,5823996282933048156,131072,0.1,300.0,3600.0,crossed_between_outputs,2700.000047683716,3000.0,3000.0,1000.0,0.1,1.0223786262031354e-09,1000.0,0.99
golovin_controlled_high_resolution_convergence_v1_N131072_dt0p1_m070,golovin,golovin_controlled_high_resolution_convergence_v1,controlled,370,70,not_applicable,15963986386003594361,131072,0.1,300.0,3600.0,crossed_between_outputs,2700.000047683716,3000.0,3000.0,1000.0,0.1,8.428389097758782e-10,1000.0,0.99
golovin_controlled_high_resolution_convergence_v1_N131072_dt0p1_m071,golovin,golovin_controlled_high_resolution_convergence_v1,controlled,371,71,not_applicable,7536941216435786690,131072,0.1,300.0,3600.0,crossed_between_outputs,2700.000047683716,3000.0,3000.0,1000.0,0.1,1.1164744684322159e-09,1000.0,0.99
golovin_controlled_high_resolution_convergence_v1_N131072_dt0p1_m072,golovin,golovin_controlled_high_resolution_convergence_v1,controlled,372,72,not_applicable,9370794543914530912,131072,0.1,300.0,3600.0,crossed_between_outputs,2700.000047683716,3000.0,3000.0,1000.0,0.1,1.2142713501361868e-09,1000.0,0.99
golovin_controlled_high_resolution_convergence_v1_N131072_dt0p1_m073,golovin,golovin_controlled_high_resolution_convergence_v1,controlled,373,73,not_applicable,14329408365881551907,131072,0.1,300.0,3600.0,crossed_between_outputs,2700.000047683716,3000.0,3000.0,1000.0,0.1,7.176992333768339e-10,1000.0,0.99
golovin_controlled_high_resolution_convergence_v1_N131072_dt0p1_m074,golovin,golovin_controlled_high_resolution_convergence_v1,controlled,374,74,not_applicable,5439206040829361141,131072,0.1,300.0,3600.0,crossed_between_outputs,2700.000047683716,3000.0,3000.0,1000.0,0.1,1.5607732883893277e-09,1000.0,0.99
golovin_controlled_high_resolution_convergence_v1_N131072_dt0p1_m075,golovin,golovin_controlled_high_resolution_convergence_v1,controlled,375,75,not_applicable,1315844283639006077,131072,0.1,300.0,3600.0,crossed_between_outputs,2700.000047683716,3000.0,3000.0,1000.0,0.1,7.889723319109976e-10,1000.0,0.99
golovin_controlled_high_resolution_convergence_v1_N131072_dt0p1_m076,golovin,golovin_controlled_high_resolution_convergence_v1,controlled,376,76,not_applicable,5882612444882601880,131072,0.1,300.0,3600.0,crossed_between_outputs,2700.000047683716,3000.0,3000.0,1000.0,0.1,6.178590972183429e-10,1000.0,0.99
golovin_controlled_high_resolution_convergence_v1_N131072_dt0p1_m077,golovin,golovin_controlled_high_resolution_convergence_v1,controlled,377,77,not_applicable,4889468853274766514,131072,0.1,300.0,3600.0,crossed_between_outputs,2700.000047683716,3000.0,3000.0,1000.0,0.1,1.2070909827244236e-09,1000.0,0.99
golovin_controlled_high_resolution_convergence_v1_N131072_dt0p1_m078,golovin,golovin_controlled_high_resolution_convergence_v1,controlled,378,78,not_applicable,5370223534626497708,131072,0.1,300.0,3600.0,crossed_between_outputs,2700.000047683716,3000.0,3000.0,1000.0,0.1,8.852998334418771e-10,1000.0,0.99
golovin_controlled_high_resolution_convergence_v1_N131072_dt0p1_m079,golovin,golovin_controlled_high_resolution_convergence_v1,controlled,379,79,not_applicable,13783655790048719311,131072,0.1,300.0,3600.0,crossed_between_outputs,2700.000047683716,3000.0,3000.0,1000.0,0.1,1.219486733816666e-09,1000.0,0.99
golovin_controlled_high_resolution_convergence_v1_N131072_dt0p1_m080,golovin,golovin_controlled_high_resolution_convergence_v1,controlled,380,80,not_applicable,9976742100509331608,131072,0.1,300.0,3600.0,crossed_between_outputs,2700.000047683716,3000.0,3000.0,1000.0,0.1,9.701173198095603e-10,1000.0,0.99
golovin_controlled_high_resolution_convergence_v1_N131072_dt0p1_m081,golovin,golovin_controlled_high_resolution_convergence_v1,controlled,381,81,not_applicable,388009076073027310,131072,0.1,300.0,3600.0,crossed_between_outputs,2700.000047683716,3000.0,3000.0,1000.0,0.1,8.846108290327948e-10,1000.0,0.99
golovin_controlled_high_resolution_convergence_v1_N131072_dt0p1_m082,golovin,golovin_controlled_high_resolution_convergence_v1,controlled,382,82,not_applicable,5754995722513945934,131072,0.1,300.0,3600.0,crossed_between_outputs,2700.000047683716,3000.0,3000.0,1000.0,0.1,1.1639806896113214e-09,1000.0,0.99
golovin_controlled_high_resolution_convergence_v1_N131072_dt0p1_m083,golovin,golovin_controlled_high_resolution_convergence_v1,controlled,383,83,not_applicable,5451403301843439330,131072,0.1,300.0,3600.0,crossed_between_outputs,2700.000047683716,3000.0,3000.0,1000.0,0.1,1.1791556620011079e-09,1000.0,0.99
golovin_controlled_high_resolution_convergence_v1_N131072_dt0p1_m084,golovin,golovin_controlled_high_resolution_convergence_v1,controlled,384,84,not_applicable,2927242268390482050,131072,0.1,300.0,3600.0,crossed_between_outputs,2700.000047683716,3000.0,3000.0,1000.0,0.1,1.3243037777499467e-09,1000.0,0.99
golovin_controlled_high_resolution_convergence_v1_N131072_dt0p1_m085,golovin,golovin_controlled_high_resolution_convergence_v1,controlled,385,85,not_applicable,11210046449172059241,131072,0.1,300.0,3600.0,crossed_between_outputs,2700.000047683716,3000.0,3000.0,1000.0,0.1,1.1134244637389656e-09,1000.0,0.99
golovin_controlled_high_resolution_convergence_v1_N131072_dt0p1_m086,golovin,golovin_controlled_high_resolution_convergence_v1,controlled,386,86,not_applicable,17715576502446088424,131072,0.1,300.0,3600.0,crossed_between_outputs,2700.000047683716,3000.0,3000.0,1000.0,0.1,8.316725086388033e-10,1000.0,0.99
golovin_controlled_high_resolution_convergence_v1_N131072_dt0p1_m087,golovin,golovin_controlled_high_resolution_convergence_v1,controlled,387,87,not_applicable,1591370348660135145,131072,0.1,300.0,3600.0,crossed_between_outputs,2700.000047683716,3000.0,3000.0,1000.0,0.1,9.582492577209223e-10,1000.0,0.99
golovin_controlled_high_resolution_convergence_v1_N131072_dt0p1_m088,golovin,golovin_controlled_high_resolution_convergence_v1,controlled,388,88,not_applicable,14626616567180110187,131072,0.1,300.0,3600.0,crossed_between_outputs,2700.000047683716,3000.0,3000.0,1000.0,0.1,6.796416762711033e-10,1000.0,0.99
golovin_controlled_high_resolution_convergence_v1_N131072_dt0p1_m089,golovin,golovin_controlled_high_resolution_convergence_v1,controlled,389,89,not_applicable,3902070208179364242,131072,0.1,300.0,3600.0,crossed_between_outputs,2700.000047683716,3000.0,3000.0,1000.0,0.1,6.392750773187572e-10,1000.0,0.99
golovin_controlled_high_resolution_convergence_v1_N131072_dt0p1_m090,golovin,golovin_controlled_high_resolution_convergence_v1,controlled,390,90,not_applicable,14756556273323562899,131072,0.1,300.0,3600.0,crossed_between_outputs,2700.000047683716,3000.0,3000.0,1000.0,0.1,1.6701335869839795e-09,1000.0,0.99
golovin_controlled_high_resolution_convergence_v1_N131072_dt0p1_m091,golovin,golovin_controlled_high_resolution_convergence_v1,controlled,391,91,not_applicable,16215991629759303075,131072,0.1,300.0,3600.0,crossed_between_outputs,2700.000047683716,3000.0,3000.0,1000.0,0.1,1.3178078628328649e-09,1000.0,0.99
golovin_controlled_high_resolution_convergence_v1_N131072_dt0p1_m092,golovin,golovin_controlled_high_resolution_convergence_v1,controlled,392,92,not_applicable,12181674257735896402,131072,0.1,300.0,3600.0,crossed_between_outputs,2700.000047683716,3000.0,3000.0,1000.0,0.1,8.89905704681837e-10,1000.0,0.99
golovin_controlled_high_resolution_convergence_v1_N131072_dt0p1_m093,golovin,golovin_controlled_high_resolution_convergence_v1,controlled,393,93,not_applicable,5873042661447198676,131072,0.1,300.0,3600.0,crossed_between_outputs,2700.000047683716,3000.0,3000.0,1000.0,0.1,9.277427714948772e-10,1000.0,0.99
golovin_controlled_high_resolution_convergence_v1_N131072_dt0p1_m094,golovin,golovin_controlled_high_resolution_convergence_v1,controlled,394,94,not_applicable,12831969271026003814,131072,0.1,300.0,3600.0,crossed_between_outputs,2700.000047683716,3000.0,3000.0,1000.0,0.1,1.0870420119601931e-09,1000.0,0.99
golovin_controlled_high_resolution_convergence_v1_N131072_dt0p1_m095,golovin,golovin_controlled_high_resolution_convergence_v1,controlled,395,95,not_applicable,16981201334344301035,131072,0.1,300.0,3600.0,crossed_between_outputs,2700.000047683716,3000.0,3000.0,1000.0,0.1,7.034148818974018e-10,1000.0,0.99
golovin_controlled_high_resolution_convergence_v1_N131072_dt0p1_m096,golovin,golovin_controlled_high_resolution_convergence_v1,controlled,396,96,not_applicable,3357143014187014753,131072,0.1,300.0,3600.0,crossed_between_outputs,2700.000047683716,3000.0,3000.0,1000.0,0.1,9.160219249793045e-10,1000.0,0.99
golovin_controlled_high_resolution_convergence_v1_N131072_dt0p1_m097,golovin,golovin_controlled_high_resolution_convergence_v1,controlled,397,97,not_applicable,8031924085038662267,131072,0.1,300.0,3600.0,crossed_between_outputs,2700.000047683716,3000.0,3000.0,1000.0,0.1,8.162204245820703e-10,1000.0,0.99
golovin_controlled_high_resolution_convergence_v1_N131072_dt0p1_m098,golovin,golovin_controlled_high_resolution_convergence_v1,controlled,398,98,not_applicable,14047219807134508441,131072,0.1,300.0,3600.0,crossed_between_outputs,2700.000047683716,3000.0,3000.0,1000.0,0.1,9.52314449520486e-10,1000.0,0.99
golovin_controlled_high_resolution_convergence_v1_N131072_dt0p1_m099,golovin,golovin_controlled_high_resolution_convergence_v1,controlled,399,99,not_applicable,15498239181135180245,131072,0.1,300.0,3600.0,crossed_between_outputs,2700.000047683716,3000.0,3000.0,1000.0,0.1,8.913160209900184e-10,1000.0,0.99
