matrix_stage,initialization_family,kernel,max_superdroplets,collision_timestep_s,observation_timestep_s,end_time_s,time_s,metric,n_total,n_valid,mean,sample_standard_deviation,standard_error,student_ci_low,student_ci_high,bootstrap_ci_low,bootstrap_ci_high,coefficient_of_variation
golovin_controlled_high_resolution_convergence_v1,controlled,golovin,131072,0.1,300.0,3600.0,0.0,golovin_fixed_bin_l1_relative,100,100,0.0005264722796335152,2.1793283654682456e-19,2.1793283654682456e-20,0.0005264722796335152,0.0005264722796335152,0.0005264722796335152,0.0005264722796335152,4.1394930935116035e-16
golovin_controlled_high_resolution_convergence_v1,controlled,golovin,131072,0.1,300.0,3600.0,0.0,golovin_fixed_bin_l1_relative_bins_250,100,100,0.000890939722141792,1.0896641827341228e-19,1.0896641827341228e-20,0.000890939722141792,0.000890939722141792,0.000890939722141792,0.000890939722141792,1.2230503990938953e-16
golovin_controlled_high_resolution_convergence_v1,controlled,golovin,131072,0.1,300.0,3600.0,0.0,golovin_fixed_bin_l1_relative_bins_500,100,100,0.0005264722796335152,2.1793283654682456e-19,2.1793283654682456e-20,0.0005264722796335152,0.0005264722796335152,0.0005264722796335152,0.0005264722796335152,4.1394930935116035e-16
golovin_controlled_high_resolution_convergence_v1,controlled,golovin,131072,0.1,300.0,3600.0,0.0,golovin_fixed_bin_l1_relative_bins_1000,100,100,0.0019082031904375594,4.358656730936491e-19,4.358656730936491e-20,0.0019082031904375594,0.0019082031904375594,0.0019082031904375594,0.0019082031904375594,2.284168034504246e-16
golovin_controlled_high_resolution_convergence_v1,controlled,golovin,131072,0.1,300.0,3600.0,0.0,radius_moment_0_m3,100,100,8388608.0,0.0,0.0,8388608.0,8388608.0,8388608.0,8388608.0,0.0
golovin_controlled_high_resolution_convergence_v1,controlled,golovin,131072,0.1,300.0,3600.0,0.0,radius_moment_3_um3_m3,100,100,238740390072.95688,6.134264009150464e-05,6.1342640091504645e-06,238740390072.95688,238740390072.95688,238740390072.95688,238740390072.95688,2.56942866151634e-16
golovin_controlled_high_resolution_convergence_v1,controlled,golovin,131072,0.1,300.0,3600.0,0.0,radius_moment_6_um6_m3,100,100,1.3588188822398416e+16,2.010075630518424,0.20100756305184242,1.3588188822398416e+16,1.3588188822398416e+16,1.3588188822398416e+16,1.3588188822398416e+16,1.4792814971816318e-16
golovin_controlled_high_resolution_convergence_v1,controlled,golovin,131072,0.1,300.0,3600.0,0.0,golovin_relative_error_radius_moment_0_m3,100,100,0.0,0.0,0.0,0.0,0.0,0.0,0.0,nan
golovin_controlled_high_resolution_convergence_v1,controlled,golovin,131072,0.1,300.0,3600.0,0.0,golovin_relative_error_radius_moment_3_um3_m3,100,100,2.9729423290714152e-05,0.0,0.0,2.9729423290714152e-05,2.9729423290714152e-05,2.9729423290714152e-05,2.9729423290714152e-05,0.0
golovin_controlled_high_resolution_convergence_v1,controlled,golovin,131072,0.1,300.0,3600.0,0.0,golovin_relative_error_radius_moment_6_um6_m3,100,100,-1.0357278715011908e-05,0.0,0.0,-1.0357278715011908e-05,-1.0357278715011908e-05,-1.0357278715011908e-05,-1.0357278715011908e-05,0.0
golovin_controlled_high_resolution_convergence_v1,controlled,golovin,131072,0.1,300.0,3600.0,0.0,liquid_water_gm3,100,100,0.998236347391342,1.1158161231197418e-16,1.1158161231197418e-17,0.998236347391342,0.998236347391342,0.998236347391342,0.998236347391342,1.1177875119811728e-16
golovin_controlled_high_resolution_convergence_v1,controlled,golovin,131072,0.1,300.0,3600.0,0.0,relative_liquid_mass_drift,100,100,0.0,0.0,0.0,0.0,0.0,0.0,0.0,nan
golovin_controlled_high_resolution_convergence_v1,controlled,golovin,131072,0.1,300.0,3600.0,0.0,mass_fraction_r_ge_cloud_threshold,100,100,0.34284472560127666,1.1158161231197418e-16,1.1158161231197418e-17,0.34284472560127666,0.34284472560127666,0.34284472560127666,0.34284472560127666,3.2545815636009506e-16
golovin_controlled_high_resolution_convergence_v1,controlled,golovin,131072,0.1,300.0,3600.0,0.0,mass_fraction_r_ge_large_threshold,100,100,0.0,0.0,0.0,0.0,0.0,0.0,0.0,nan
golovin_controlled_high_resolution_convergence_v1,controlled,golovin,131072,0.1,300.0,3600.0,0.0,mass_fraction_r_ge_onset_threshold,100,100,0.0,0.0,0.0,0.0,0.0,0.0,0.0,nan
golovin_controlled_high_resolution_convergence_v1,controlled,golovin,131072,0.1,300.0,3600.0,0.0,mass_weighted_radius_q99_um,100,100,57.378570556640625,0.0,0.0,57.378570556640625,57.378570556640625,57.378570556640625,57.378570556640625,0.0
golovin_controlled_high_resolution_convergence_v1,controlled,golovin,131072,0.1,300.0,3600.0,0.0,fixed_bin_mass_below_range_fraction,100,100,0.0,0.0,0.0,0.0,0.0,0.0,0.0,nan
golovin_controlled_high_resolution_convergence_v1,controlled,golovin,131072,0.1,300.0,3600.0,0.0,fixed_bin_mass_above_range_fraction,100,100,0.0,0.0,0.0,0.0,0.0,0.0,0.0,nan
golovin_controlled_high_resolution_convergence_v1,controlled,golovin,131072,0.1,300.0,3600.0,0.0,fixed_bin_mass_below_range_fraction_bins_250,100,100,0.0,0.0,0.0,0.0,0.0,0.0,0.0,nan
golovin_controlled_high_resolution_convergence_v1,controlled,golovin,131072,0.1,300.0,3600.0,0.0,fixed_bin_mass_below_range_fraction_bins_500,100,100,0.0,0.0,0.0,0.0,0.0,0.0,0.0,nan
golovin_controlled_high_resolution_convergence_v1,controlled,golovin,131072,0.1,300.0,3600.0,0.0,fixed_bin_mass_below_range_fraction_bins_1000,100,100,0.0,0.0,0.0,0.0,0.0,0.0,0.0,nan
golovin_controlled_high_resolution_convergence_v1,controlled,golovin,131072,0.1,300.0,3600.0,0.0,fixed_bin_mass_above_range_fraction_bins_250,100,100,0.0,0.0,0.0,0.0,0.0,0.0,0.0,nan
golovin_controlled_high_resolution_convergence_v1,controlled,golovin,131072,0.1,300.0,3600.0,0.0,fixed_bin_mass_above_range_fraction_bins_500,100,100,0.0,0.0,0.0,0.0,0.0,0.0,0.0,nan
golovin_controlled_high_resolution_convergence_v1,controlled,golovin,131072,0.1,300.0,3600.0,0.0,fixed_bin_mass_above_range_fraction_bins_1000,100,100,0.0,0.0,0.0,0.0,0.0,0.0,0.0,nan
golovin_controlled_high_resolution_convergence_v1,controlled,golovin,131072,0.1,300.0,3600.0,1200.0000476837158,golovin_fixed_bin_l1_relative,100,100,0.0467469306826052,0.0027428759074127154,0.00027428759074127156,0.046202684595446575,0.047291176769763826,0.0462011254008884,0.04728973075684636,0.058674994643730806
golovin_controlled_high_resolution_convergence_v1,controlled,golovin,131072,0.1,300.0,3600.0,1200.0000476837158,golovin_fixed_bin_l1_relative_bins_250,100,100,0.03311528290532351,0.0037678105303874773,0.00037678105303874773,0.03236766755284745,0.033862898257799576,0.032397633934619384,0.033840613065321816,0.1137786000850313
golovin_controlled_high_resolution_convergence_v1,controlled,golovin,131072,0.1,300.0,3600.0,1200.0000476837158,golovin_fixed_bin_l1_relative_bins_500,100,100,0.0467469306826052,0.0027428759074127154,0.00027428759074127156,0.046202684595446575,0.047291176769763826,0.04621777118388749,0.04727868597026006,0.058674994643730806
golovin_controlled_high_resolution_convergence_v1,controlled,golovin,131072,0.1,300.0,3600.0,1200.0000476837158,golovin_fixed_bin_l1_relative_bins_1000,100,100,0.06563373763455377,0.003327947460389955,0.00033279474603899547,0.0649734006580643,0.06629407461104324,0.06497737991603918,0.06627431263180354,0.05070482925899853
golovin_controlled_high_resolution_convergence_v1,controlled,golovin,131072,0.1,300.0,3600.0,1200.0000476837158,radius_moment_0_m3,100,100,1386286.8796001798,7158.992048516033,715.8992048516033,1384866.3802622862,1387707.3789380735,1384911.1274098323,1387688.3679434883,0.005164149032832774
golovin_controlled_high_resolution_convergence_v1,controlled,golovin,131072,0.1,300.0,3600.0,1200.0000476837158,radius_moment_3_um3_m3,100,100,238740390108.90106,87.69905202789906,8.769905202789905,238740390091.49966,238740390126.30246,238740390091.67084,238740390125.70847,3.673406581429111e-10
golovin_controlled_high_resolution_convergence_v1,controlled,golovin,131072,0.1,300.0,3600.0,1200.0000476837158,radius_moment_6_um6_m3,100,100,4.9695573488455123e+17,7686822999904581.0,768682299990458.1,4.9543050243452576e+17,4.984809673345767e+17,4.954676919700475e+17,4.984649277247955e+17,0.015467822303510235
golovin_controlled_high_resolution_convergence_v1,controlled,golovin,131072,0.1,300.0,3600.0,1200.0000476837158,golovin_relative_error_radius_moment_0_m3,100,100,-0.00023901142748986693,0.005162914742200673,0.0005162914742200673,-0.0012634457225968662,0.0007854228676171322,-0.0012281869142676156,0.000766497960916382,21.601120902135772
golovin_controlled_high_resolution_convergence_v1,controlled,golovin,131072,0.1,300.0,3600.0,1200.0000476837158,golovin_relative_error_radius_moment_3_um3_m3,100,100,2.9729573852910197e-05,3.673515754474743e-10,3.673515754474743e-11,2.9729500962387878e-05,2.9729646743432517e-05,2.9729500075445117e-05,2.972964463745337e-05,1.2356435960534786e-05
golovin_controlled_high_resolution_convergence_v1,controlled,golovin,131072,0.1,300.0,3600.0,1200.0000476837158,golovin_relative_error_radius_moment_6_um6_m3,100,100,-0.0007234679170306646,0.015456631830327316,0.0015456631830327316,-0.00379039900624723,0.0023434631721859006,-0.0036673045112088245,0.002340353156864744,21.364640319872233
golovin_controlled_high_resolution_convergence_v1,controlled,golovin,131072,0.1,300.0,3600.0,1200.0000476837158,liquid_water_gm3,100,100,0.9982363475416339,3.6669279263522757e-10,3.666927926352276e-11,0.9982363474688741,0.9982363476143937,0.9982363474682924,0.9982363476139828,3.6734065388250527e-10
golovin_controlled_high_resolution_convergence_v1,controlled,golovin,131072,0.1,300.0,3600.0,1200.0000476837158,relative_liquid_mass_drift,100,100,1.5055741098279897e-10,3.6734065381266605e-10,3.673406538126661e-11,7.7669055752606e-11,2.2344576621299194e-10,7.835027440727948e-11,2.2088192361269242e-10,2.439870952979089
golovin_controlled_high_resolution_convergence_v1,controlled,golovin,131072,0.1,300.0,3600.0,1200.0000476837158,mass_fraction_r_ge_cloud_threshold,100,100,0.9245060354814666,0.0006841303565870368,6.841303565870369e-05,0.9243702891764031,0.9246417817865301,0.9243713284783039,0.9246420869731863,0.0007399955547404876
golovin_controlled_high_resolution_convergence_v1,controlled,golovin,131072,0.1,300.0,3600.0,1200.0000476837158,mass_fraction_r_ge_large_threshold,100,100,0.0,0.0,0.0,0.0,0.0,0.0,0.0,nan
golovin_controlled_high_resolution_convergence_v1,controlled,golovin,131072,0.1,300.0,3600.0,1200.0000476837158,mass_fraction_r_ge_onset_threshold,100,100,0.0,0.0,0.0,0.0,0.0,0.0,0.0,nan
golovin_controlled_high_resolution_convergence_v1,controlled,golovin,131072,0.1,300.0,3600.0,1200.0000476837158,mass_weighted_radius_q99_um,100,100,234.70793106079103,2.29664687746667,0.22966468774666698,234.25222649418328,235.16363562739878,234.2760521736145,235.15394793701174,0.009785126847169992
golovin_controlled_high_resolution_convergence_v1,controlled,golovin,131072,0.1,300.0,3600.0,1200.0000476837158,fixed_bin_mass_below_range_fraction,100,100,0.0,0.0,0.0,0.0,0.0,0.0,0.0,nan
golovin_controlled_high_resolution_convergence_v1,controlled,golovin,131072,0.1,300.0,3600.0,1200.0000476837158,fixed_bin_mass_above_range_fraction,100,100,0.0,0.0,0.0,0.0,0.0,0.0,0.0,nan
golovin_controlled_high_resolution_convergence_v1,controlled,golovin,131072,0.1,300.0,3600.0,1200.0000476837158,fixed_bin_mass_below_range_fraction_bins_250,100,100,0.0,0.0,0.0,0.0,0.0,0.0,0.0,nan
golovin_controlled_high_resolution_convergence_v1,controlled,golovin,131072,0.1,300.0,3600.0,1200.0000476837158,fixed_bin_mass_below_range_fraction_bins_500,100,100,0.0,0.0,0.0,0.0,0.0,0.0,0.0,nan
golovin_controlled_high_resolution_convergence_v1,controlled,golovin,131072,0.1,300.0,3600.0,1200.0000476837158,fixed_bin_mass_below_range_fraction_bins_1000,100,100,0.0,0.0,0.0,0.0,0.0,0.0,0.0,nan
golovin_controlled_high_resolution_convergence_v1,controlled,golovin,131072,0.1,300.0,3600.0,1200.0000476837158,fixed_bin_mass_above_range_fraction_bins_250,100,100,0.0,0.0,0.0,0.0,0.0,0.0,0.0,nan
golovin_controlled_high_resolution_convergence_v1,controlled,golovin,131072,0.1,300.0,3600.0,1200.0000476837158,fixed_bin_mass_above_range_fraction_bins_500,100,100,0.0,0.0,0.0,0.0,0.0,0.0,0.0,nan
golovin_controlled_high_resolution_convergence_v1,controlled,golovin,131072,0.1,300.0,3600.0,1200.0000476837158,fixed_bin_mass_above_range_fraction_bins_1000,100,100,0.0,0.0,0.0,0.0,0.0,0.0,0.0,nan
golovin_controlled_high_resolution_convergence_v1,controlled,golovin,131072,0.1,300.0,3600.0,1500.0,golovin_fixed_bin_l1_relative,100,100,0.047584955329875965,0.003533258062242047,0.00035332580622420473,0.04688388027573296,0.04828603038401897,0.046914165762001955,0.048280712845608934,0.07425157883932508
golovin_controlled_high_resolution_convergence_v1,controlled,golovin,131072,0.1,300.0,3600.0,1500.0,golovin_fixed_bin_l1_relative_bins_250,100,100,0.03412942097221449,0.0037445105200432658,0.00037445105200432656,0.03338642884728814,0.03487241309714084,0.03341474781839058,0.03485299527125687,0.10971503217390514
golovin_controlled_high_resolution_convergence_v1,controlled,golovin,131072,0.1,300.0,3600.0,1500.0,golovin_fixed_bin_l1_relative_bins_500,100,100,0.047584955329875965,0.003533258062242047,0.00035332580622420473,0.04688388027573296,0.04828603038401897,0.04690319051081328,0.04828652533152741,0.07425157883932508
golovin_controlled_high_resolution_convergence_v1,controlled,golovin,131072,0.1,300.0,3600.0,1500.0,golovin_fixed_bin_l1_relative_bins_1000,100,100,0.06660621234347933,0.0033159325426606223,0.00033159325426606223,0.0659482593873329,0.06726416529962576,0.06594646037987797,0.06724387607872971,0.0497841331310179
golovin_controlled_high_resolution_convergence_v1,controlled,golovin,131072,0.1,300.0,3600.0,1500.0,radius_moment_0_m3,100,100,883814.2881913993,4740.241080352714,474.02410803527135,882873.7215207751,884754.8548620235,882897.2831993082,884742.0510534393,0.005363390413220118
golovin_controlled_high_resolution_convergence_v1,controlled,golovin,131072,0.1,300.0,3600.0,1500.0,radius_moment_3_um3_m3,100,100,238740390107.40762,89.0099373452609,8.90099373452609,238740390089.74612,238740390125.06912,238740390089.89688,238740390124.75922,3.728314982865528e-10
golovin_controlled_high_resolution_convergence_v1,controlled,golovin,131072,0.1,300.0,3600.0,1500.0,radius_moment_6_um6_m3,100,100,1.2223038157803917e+18,2.090596825142909e+16,2090596825142908.8,1.2181556181210104e+18,1.226452013439773e+18,1.2181916682154757e+18,1.2263281196135457e+18,0.017103741296987992
golovin_controlled_high_resolution_convergence_v1,controlled,golovin,131072,0.1,300.0,3600.0,1500.0,golovin_relative_error_radius_moment_0_m3,100,100,-0.0003745691353571079,0.005361381452710457,0.0005361381452710456,-0.001438383531596018,0.0006892452608818023,-0.0014253988931972811,0.0006449028058026732,14.313462980870023
golovin_controlled_high_resolution_convergence_v1,controlled,golovin,131072,0.1,300.0,3600.0,1500.0,golovin_relative_error_radius_moment_3_um3_m3,100,100,2.972956759738521e-05,3.7284257374057163e-10,3.728425737405716e-11,2.97294936173297e-05,2.972964157744072e-05,2.9729495602951185e-05,2.9729639988922083e-05,1.2541136783078005e-05
golovin_controlled_high_resolution_convergence_v1,controlled,golovin,131072,0.1,300.0,3600.0,1500.0,golovin_relative_error_radius_moment_6_um6_m3,100,100,-0.0007348535896873953,0.017091172551298814,0.0017091172551298814,-0.004126113019564954,0.0026564058401901632,-0.004050047295883813,0.002669949027721157,23.257928914206367
golovin_controlled_high_resolution_convergence_v1,controlled,golovin,131072,0.1,300.0,3600.0,1500.0,liquid_water_gm3,100,100,0.9982363475353896,3.721739446396208e-10,3.721739446396208e-11,0.9982363474615422,0.998236347609237,0.9982363474640257,0.9982363476096755,3.728314898155183e-10
golovin_controlled_high_resolution_convergence_v1,controlled,golovin,131072,0.1,300.0,3600.0,1500.0,relative_liquid_mass_drift,100,100,1.443020702929232e-10,3.7283148259745654e-10,3.7283148259745654e-11,7.032421550742622e-11,2.1827992507842016e-10,7.130975132607632e-11,2.1651139159306608e-10,2.5836876895850107
golovin_controlled_high_resolution_convergence_v1,controlled,golovin,131072,0.1,300.0,3600.0,1500.0,mass_fraction_r_ge_cloud_threshold,100,100,0.9533494480016829,0.00045135484543208605,4.5135484543208603e-05,0.9532598894081341,0.9534390065952316,0.9532590746157767,0.9534367408924304,0.0004734411357537067
golovin_controlled_high_resolution_convergence_v1,controlled,golovin,131072,0.1,300.0,3600.0,1500.0,mass_fraction_r_ge_large_threshold,100,100,0.0,0.0,0.0,0.0,0.0,0.0,0.0,nan
golovin_controlled_high_resolution_convergence_v1,controlled,golovin,131072,0.1,300.0,3600.0,1500.0,mass_fraction_r_ge_onset_threshold,100,100,0.0,0.0,0.0,0.0,0.0,0.0,0.0,nan
golovin_controlled_high_resolution_convergence_v1,controlled,golovin,131072,0.1,300.0,3600.0,1500.0,mass_weighted_radius_q99_um,100,100,319.4128201293945,3.14626301217844,0.31462630121784396,318.7885332891031,320.0371069696859,318.81146659088137,320.0270576477051,0.009850146311922875
golovin_controlled_high_resolution_convergence_v1,controlled,golovin,131072,0.1,300.0,3600.0,1500.0,fixed_bin_mass_below_range_fraction,100,100,0.0,0.0,0.0,0.0,0.0,0.0,0.0,nan
golovin_controlled_high_resolution_convergence_v1,controlled,golovin,131072,0.1,300.0,3600.0,1500.0,fixed_bin_mass_above_range_fraction,100,100,0.0,0.0,0.0,0.0,0.0,0.0,0.0,nan
golovin_controlled_high_resolution_convergence_v1,controlled,golovin,131072,0.1,300.0,3600.0,1500.0,fixed_bin_mass_below_range_fraction_bins_250,100,100,0.0,0.0,0.0,0.0,0.0,0.0,0.0,nan
golovin_controlled_high_resolution_convergence_v1,controlled,golovin,131072,0.1,300.0,3600.0,1500.0,fixed_bin_mass_below_range_fraction_bins_500,100,100,0.0,0.0,0.0,0.0,0.0,0.0,0.0,nan
golovin_controlled_high_resolution_convergence_v1,controlled,golovin,131072,0.1,300.0,3600.0,1500.0,fixed_bin_mass_below_range_fraction_bins_1000,100,100,0.0,0.0,0.0,0.0,0.0,0.0,0.0,nan
golovin_controlled_high_resolution_convergence_v1,controlled,golovin,131072,0.1,300.0,3600.0,1500.0,fixed_bin_mass_above_range_fraction_bins_250,100,100,0.0,0.0,0.0,0.0,0.0,0.0,0.0,nan
golovin_controlled_high_resolution_convergence_v1,controlled,golovin,131072,0.1,300.0,3600.0,1500.0,fixed_bin_mass_above_range_fraction_bins_500,100,100,0.0,0.0,0.0,0.0,0.0,0.0,0.0,nan
golovin_controlled_high_resolution_convergence_v1,controlled,golovin,131072,0.1,300.0,3600.0,1500.0,fixed_bin_mass_above_range_fraction_bins_1000,100,100,0.0,0.0,0.0,0.0,0.0,0.0,0.0,nan
golovin_controlled_high_resolution_convergence_v1,controlled,golovin,131072,0.1,300.0,3600.0,1799.9999523162842,golovin_fixed_bin_l1_relative,100,100,0.04801369701109773,0.0028413211353193997,0.00028413211353193996,0.04744991725493758,0.04857747676725788,0.0474754996623121,0.04856578112683212,0.059177303815256425
golovin_controlled_high_resolution_convergence_v1,controlled,golovin,131072,0.1,300.0,3600.0,1799.9999523162842,golovin_fixed_bin_l1_relative_bins_250,100,100,0.03489444432647924,0.0031097126948514474,0.00031097126948514476,0.03427740986211047,0.03551147879084802,0.03429298009994438,0.03551470600500834,0.08911770211201438
golovin_controlled_high_resolution_convergence_v1,controlled,golovin,131072,0.1,300.0,3600.0,1799.9999523162842,golovin_fixed_bin_l1_relative_bins_500,100,100,0.04801369701109773,0.0028413211353193997,0.00028413211353193996,0.04744991725493758,0.04857747676725788,0.04746345162251624,0.04857445257511261,0.059177303815256425
golovin_controlled_high_resolution_convergence_v1,controlled,golovin,131072,0.1,300.0,3600.0,1799.9999523162842,golovin_fixed_bin_l1_relative_bins_1000,100,100,0.06709593730950235,0.0032382719136213466,0.00032382719136213464,0.06645339390701699,0.06773848071198771,0.06646352876098928,0.06772626111730692,0.04826330838309538
golovin_controlled_high_resolution_convergence_v1,controlled,golovin,131072,0.1,300.0,3600.0,1799.9999523162842,radius_moment_0_m3,100,100,563430.1984594866,3105.9131324651407,310.59131324651406,562813.9179107273,564046.4790082459,562821.6148100896,564036.3853084657,0.0055125073894818424
golovin_controlled_high_resolution_convergence_v1,controlled,golovin,131072,0.1,300.0,3600.0,1799.9999523162842,radius_moment_3_um3_m3,100,100,238740390115.15686,90.4522196712747,9.045221967127471,238740390097.20917,238740390133.10455,238740390097.53107,238740390132.6116,3.788727145316505e-10
golovin_controlled_high_resolution_convergence_v1,controlled,golovin,131072,0.1,300.0,3600.0,1799.9999523162842,radius_moment_6_um6_m3,100,100,3.0061538282121764e+18,5.241254568173211e+16,5241254568173211.0,2.9957540420504274e+18,3.0165536143739254e+18,2.9961634129313126e+18,3.0164261550413245e+18,0.01743508438917877
golovin_controlled_high_resolution_convergence_v1,controlled,golovin,131072,0.1,300.0,3600.0,1799.9999523162842,golovin_relative_error_radius_moment_0_m3,100,100,-0.0005763945398533843,0.005509330010321639,0.0005509330010321639,-0.001669565139689781,0.0005167760599830125,-0.0016352815685209611,0.0004919818523442031,9.558261970564521
golovin_controlled_high_resolution_convergence_v1,controlled,golovin,131072,0.1,300.0,3600.0,1799.9999523162842,golovin_relative_error_radius_moment_3_um3_m3,100,100,2.972960005736436e-05,3.7888397926970094e-10,3.7888397926970095e-11,2.9729524878562925e-05,2.9729675236165792e-05,2.9729526333843123e-05,2.9729673385511244e-05,1.2744334889760722e-05
golovin_controlled_high_resolution_convergence_v1,controlled,golovin,131072,0.1,300.0,3600.0,1799.9999523162842,golovin_relative_error_radius_moment_6_um6_m3,100,100,-0.0008139471980024315,0.017420893151093256,0.0017420893151093256,-0.004270630348219928,0.0026427359522150644,-0.00426026836858512,0.00259801082160366,21.40297699144019
golovin_controlled_high_resolution_convergence_v1,controlled,golovin,131072,0.1,300.0,3600.0,1799.9999523162842,liquid_water_gm3,100,100,0.9982363475677913,3.782045156180855e-10,3.782045156180855e-11,0.9982363474927474,0.9982363476428353,0.9982363474936976,0.9982363476414199,3.7887271540410544e-10
golovin_controlled_high_resolution_convergence_v1,controlled,golovin,131072,0.1,300.0,3600.0,1799.9999523162842,relative_liquid_mass_drift,100,100,1.7676113461817522e-10,3.788727209106604e-10,3.788727209106604e-11,1.0158456708571502e-10,2.519377021506354e-10,1.0290763016729269e-10,2.526919964940255e-10,2.143416434438882
golovin_controlled_high_resolution_convergence_v1,controlled,golovin,131072,0.1,300.0,3600.0,1799.9999523162842,mass_fraction_r_ge_cloud_threshold,100,100,0.9708522521215355,0.0003013112012058111,3.0131120120581108e-05,0.970792465442222,0.970912038800849,0.9707949470375805,0.970910812951799,0.00031035742106729094
golovin_controlled_high_resolution_convergence_v1,controlled,golovin,131072,0.1,300.0,3600.0,1799.9999523162842,mass_fraction_r_ge_large_threshold,100,100,0.0,0.0,0.0,0.0,0.0,0.0,0.0,nan
golovin_controlled_high_resolution_convergence_v1,controlled,golovin,131072,0.1,300.0,3600.0,1799.9999523162842,mass_fraction_r_ge_onset_threshold,100,100,0.0,0.0,0.0,0.0,0.0,0.0,0.0,nan
golovin_controlled_high_resolution_convergence_v1,controlled,golovin,131072,0.1,300.0,3600.0,1799.9999523162842,mass_weighted_radius_q99_um,100,100,433.48892852783206,4.748839207878163,0.47488392078781627,432.546655802169,434.4312012534951,432.57779693603516,434.3919013366699,0.010954926170792075
golovin_controlled_high_resolution_convergence_v1,controlled,golovin,131072,0.1,300.0,3600.0,1799.9999523162842,fixed_bin_mass_below_range_fraction,100,100,0.0,0.0,0.0,0.0,0.0,0.0,0.0,nan
golovin_controlled_high_resolution_convergence_v1,controlled,golovin,131072,0.1,300.0,3600.0,1799.9999523162842,fixed_bin_mass_above_range_fraction,100,100,0.0,0.0,0.0,0.0,0.0,0.0,0.0,nan
golovin_controlled_high_resolution_convergence_v1,controlled,golovin,131072,0.1,300.0,3600.0,1799.9999523162842,fixed_bin_mass_below_range_fraction_bins_250,100,100,0.0,0.0,0.0,0.0,0.0,0.0,0.0,nan
golovin_controlled_high_resolution_convergence_v1,controlled,golovin,131072,0.1,300.0,3600.0,1799.9999523162842,fixed_bin_mass_below_range_fraction_bins_500,100,100,0.0,0.0,0.0,0.0,0.0,0.0,0.0,nan
golovin_controlled_high_resolution_convergence_v1,controlled,golovin,131072,0.1,300.0,3600.0,1799.9999523162842,fixed_bin_mass_below_range_fraction_bins_1000,100,100,0.0,0.0,0.0,0.0,0.0,0.0,0.0,nan
golovin_controlled_high_resolution_convergence_v1,controlled,golovin,131072,0.1,300.0,3600.0,1799.9999523162842,fixed_bin_mass_above_range_fraction_bins_250,100,100,0.0,0.0,0.0,0.0,0.0,0.0,0.0,nan
golovin_controlled_high_resolution_convergence_v1,controlled,golovin,131072,0.1,300.0,3600.0,1799.9999523162842,fixed_bin_mass_above_range_fraction_bins_500,100,100,0.0,0.0,0.0,0.0,0.0,0.0,0.0,nan
golovin_controlled_high_resolution_convergence_v1,controlled,golovin,131072,0.1,300.0,3600.0,1799.9999523162842,fixed_bin_mass_above_range_fraction_bins_1000,100,100,0.0,0.0,0.0,0.0,0.0,0.0,0.0,nan
golovin_controlled_high_resolution_convergence_v1,controlled,golovin,131072,0.1,300.0,3600.0,2099.9999046325684,golovin_fixed_bin_l1_relative,100,100,0.04873353645098411,0.0030623989355975886,0.0003062398935597589,0.04812589006293082,0.049341182839037406,0.04813171190139951,0.04933240287954063,0.0628396615270827
golovin_controlled_high_resolution_convergence_v1,controlled,golovin,131072,0.1,300.0,3600.0,2099.9999046325684,golovin_fixed_bin_l1_relative_bins_250,100,100,0.03458936121972712,0.0031264272295361407,0.0003126427229536141,0.033969010229052424,0.03520971221040181,0.033988494586173854,0.03520536957193183,0.09038696059391425
golovin_controlled_high_resolution_convergence_v1,controlled,golovin,131072,0.1,300.0,3600.0,2099.9999046325684,golovin_fixed_bin_l1_relative_bins_500,100,100,0.04873353645098411,0.0030623989355975886,0.0003062398935597589,0.04812589006293082,0.049341182839037406,0.048143960253954406,0.04933004391610395,0.0628396615270827
golovin_controlled_high_resolution_convergence_v1,controlled,golovin,131072,0.1,300.0,3600.0,2099.9999046325684,golovin_fixed_bin_l1_relative_bins_1000,100,100,0.06813623081606518,0.0028650182884820564,0.00028650182884820566,0.06756774903060406,0.0687047126015263,0.06757579309906302,0.06869842708519308,0.04204838239755613
golovin_controlled_high_resolution_convergence_v1,controlled,golovin,131072,0.1,300.0,3600.0,2099.9999046325684,radius_moment_0_m3,100,100,359188.99142550013,2007.2362461107948,200.7236246110795,358790.712206963,359587.2706440373,358808.9716098039,359581.1949129932,0.005588245447458593
golovin_controlled_high_resolution_convergence_v1,controlled,golovin,131072,0.1,300.0,3600.0,2099.9999046325684,radius_moment_3_um3_m3,100,100,238740390132.25266,96.85930359810386,9.685930359810387,238740390113.03366,238740390151.47165,238740390113.3832,238740390151.1516,4.057097483356196e-10
golovin_controlled_high_resolution_convergence_v1,controlled,golovin,131072,0.1,300.0,3600.0,2099.9999046325684,radius_moment_6_um6_m3,100,100,7.391656746036893e+18,1.3776022620771131e+17,1.3776022620771132e+16,7.36432212842732e+18,7.418991363646465e+18,7.364974338943988e+18,7.419135502386065e+18,0.018637259675454054
golovin_controlled_high_resolution_convergence_v1,controlled,golovin,131072,0.1,300.0,3600.0,2099.9999046325684,golovin_relative_error_radius_moment_0_m3,100,100,-0.0007694469334369191,0.005583945589135757,0.0005583945589135757,-0.0018774228829068565,0.0003385290160330182,-0.0018566900455811769,0.0003267224217442572,7.257089925868866
golovin_controlled_high_resolution_convergence_v1,controlled,golovin,131072,0.1,300.0,3600.0,2099.9999046325684,golovin_relative_error_radius_moment_3_um3_m3,100,100,2.972967166766871e-05,4.057218039061948e-10,4.0572180390619475e-11,2.972959116366062e-05,2.9729752171676804e-05,2.9729592729434483e-05,2.972975180964771e-05,1.3647032783998786e-05
golovin_controlled_high_resolution_convergence_v1,controlled,golovin,131072,0.1,300.0,3600.0,2099.9999046325684,golovin_relative_error_radius_moment_6_um6_m3,100,100,-0.0011263771994790173,0.01861626709109485,0.001861626709109485,-0.004820248473220094,0.002567494074262059,-0.004736065908558733,0.0024845768931327137,16.527560305469095
golovin_controlled_high_resolution_convergence_v1,controlled,golovin,131072,0.1,300.0,3600.0,2099.9999046325684,liquid_water_gm3,100,100,0.9982363476392732,4.04994219439879e-10,4.0499421943987896e-11,0.9982363475589136,0.9982363477196328,0.998236347560498,0.9982363477187143,4.0570975039893997e-10
golovin_controlled_high_resolution_convergence_v1,controlled,golovin,131072,0.1,300.0,3600.0,2099.9999046325684,relative_liquid_mass_drift,100,100,2.483692751464872e-10,4.0570975071544527e-10,4.057097507154453e-11,1.6786765866713858e-10,3.288708916258358e-10,1.6937503066749572e-10,3.273001731307623e-10,1.6334941207045812
golovin_controlled_high_resolution_convergence_v1,controlled,golovin,131072,0.1,300.0,3600.0,2099.9999046325684,mass_fraction_r_ge_cloud_threshold,100,100,0.9816584111191601,0.00019745742355471913,1.9745742355471913e-05,0.9816192312824567,0.9816975909558635,0.9816209210608471,0.9816975150127307,0.00020114677500659693
golovin_controlled_high_resolution_convergence_v1,controlled,golovin,131072,0.1,300.0,3600.0,2099.9999046325684,mass_fraction_r_ge_large_threshold,100,100,0.0,0.0,0.0,0.0,0.0,0.0,0.0,nan
golovin_controlled_high_resolution_convergence_v1,controlled,golovin,131072,0.1,300.0,3600.0,2099.9999046325684,mass_fraction_r_ge_onset_threshold,100,100,0.0,0.0,0.0,0.0,0.0,0.0,0.0,nan
golovin_controlled_high_resolution_convergence_v1,controlled,golovin,131072,0.1,300.0,3600.0,2099.9999046325684,mass_weighted_radius_q99_um,100,100,586.064208984375,6.247677141040793,0.6247677141040793,584.8245342952458,587.3038836735042,584.8627814941407,587.3147305145263,0.010660397009856238
golovin_controlled_high_resolution_convergence_v1,controlled,golovin,131072,0.1,300.0,3600.0,2099.9999046325684,fixed_bin_mass_below_range_fraction,100,100,0.0,0.0,0.0,0.0,0.0,0.0,0.0,nan
golovin_controlled_high_resolution_convergence_v1,controlled,golovin,131072,0.1,300.0,3600.0,2099.9999046325684,fixed_bin_mass_above_range_fraction,100,100,0.0,0.0,0.0,0.0,0.0,0.0,0.0,nan
golovin_controlled_high_resolution_convergence_v1,controlled,golovin,131072,0.1,300.0,3600.0,2099.9999046325684,fixed_bin_mass_below_range_fraction_bins_250,100,100,0.0,0.0,0.0,0.0,0.0,0.0,0.0,nan
golovin_controlled_high_resolution_convergence_v1,controlled,golovin,131072,0.1,300.0,3600.0,2099.9999046325684,fixed_bin_mass_below_range_fraction_bins_500,100,100,0.0,0.0,0.0,0.0,0.0,0.0,0.0,nan
golovin_controlled_high_resolution_convergence_v1,controlled,golovin,131072,0.1,300.0,3600.0,2099.9999046325684,fixed_bin_mass_below_range_fraction_bins_1000,100,100,0.0,0.0,0.0,0.0,0.0,0.0,0.0,nan
golovin_controlled_high_resolution_convergence_v1,controlled,golovin,131072,0.1,300.0,3600.0,2099.9999046325684,fixed_bin_mass_above_range_fraction_bins_250,100,100,0.0,0.0,0.0,0.0,0.0,0.0,0.0,nan
golovin_controlled_high_resolution_convergence_v1,controlled,golovin,131072,0.1,300.0,3600.0,2099.9999046325684,fixed_bin_mass_above_range_fraction_bins_500,100,100,0.0,0.0,0.0,0.0,0.0,0.0,0.0,nan
golovin_controlled_high_resolution_convergence_v1,controlled,golovin,131072,0.1,300.0,3600.0,2099.9999046325684,fixed_bin_mass_above_range_fraction_bins_1000,100,100,0.0,0.0,0.0,0.0,0.0,0.0,0.0,nan
golovin_controlled_high_resolution_convergence_v1,controlled,golovin,131072,0.1,300.0,3600.0,2400.0000953674316,golovin_fixed_bin_l1_relative,100,100,0.0509432873540071,0.002842818645957765,0.00028428186459577654,0.050379210459247564,0.05150736424876663,0.050390485506782746,0.05148982563723368,0.05580359638361961
golovin_controlled_high_resolution_convergence_v1,controlled,golovin,131072,0.1,300.0,3600.0,2400.0000953674316,golovin_fixed_bin_l1_relative_bins_250,100,100,0.03653009802991853,0.0030446940440727824,0.00030446940440727826,0.03592596467645419,0.03713423138338287,0.03592602958968234,0.037134009687373945,0.08334754649656692
golovin_controlled_high_resolution_convergence_v1,controlled,golovin,131072,0.1,300.0,3600.0,2400.0000953674316,golovin_fixed_bin_l1_relative_bins_500,100,100,0.0509432873540071,0.002842818645957765,0.00028428186459577654,0.050379210459247564,0.05150736424876663,0.05039507278694231,0.05149535147237473,0.05580359638361961
golovin_controlled_high_resolution_convergence_v1,controlled,golovin,131072,0.1,300.0,3600.0,2400.0000953674316,golovin_fixed_bin_l1_relative_bins_1000,100,100,0.07140563577657143,0.0034986249803838953,0.00034986249803838955,0.07071143267723928,0.07209983887590357,0.07071644379575416,0.07207790876114523,0.04899648245316531
golovin_controlled_high_resolution_convergence_v1,controlled,golovin,131072,0.1,300.0,3600.0,2400.0000953674316,radius_moment_0_m3,100,100,229029.8165287491,1306.042272483079,130.6042272483079,228770.66940709416,229288.96365040404,228776.3621129544,229282.5650227855,0.005702498881053494
golovin_controlled_high_resolution_convergence_v1,controlled,golovin,131072,0.1,300.0,3600.0,2400.0000953674316,radius_moment_3_um3_m3,100,100,238740390120.9584,97.71886257745443,9.771886257745443,238740390101.56885,238740390140.34796,238740390101.72736,238740390139.86954,4.0931014030740643e-10
golovin_controlled_high_resolution_convergence_v1,controlled,golovin,131072,0.1,300.0,3600.0,2400.0000953674316,radius_moment_6_um6_m3,100,100,1.8165911705309993e+19,3.786613412086964e+17,3.786613412086964e+16,1.809077708009632e+19,1.8241046330523666e+19,1.8093684874828982e+19,1.824034735088567e+19,0.020844609802766555
golovin_controlled_high_resolution_convergence_v1,controlled,golovin,131072,0.1,300.0,3600.0,2400.0000953674316,golovin_relative_error_radius_moment_0_m3,100,100,-0.0007640001765475423,0.005698142170901611,0.0005698142170901611,-0.001894635205352783,0.00036663485225769824,-0.0018538332419228978,0.00034598032807608774,7.458299547326121
golovin_controlled_high_resolution_convergence_v1,controlled,golovin,131072,0.1,300.0,3600.0,2400.0000953674316,golovin_relative_error_radius_moment_3_um3_m3,100,100,2.9729624358747486e-05,4.0932230890877433e-10,4.093223089087743e-11,2.9729543140321086e-05,2.9729705577173886e-05,2.9729546590816448e-05,2.972970642598499e-05,1.376816282538523e-05
golovin_controlled_high_resolution_convergence_v1,controlled,golovin,131072,0.1,300.0,3600.0,2400.0000953674316,golovin_relative_error_radius_moment_6_um6_m3,100,100,-0.00193406438873027,0.020804294985250056,0.0020804294985250055,-0.006062087866284016,0.002193959088823475,-0.005851859483984935,0.0021235290386704474,10.756774751903816
golovin_controlled_high_resolution_convergence_v1,controlled,golovin,131072,0.1,300.0,3600.0,2400.0000953674316,liquid_water_gm3,100,100,0.998236347592049,4.0858825105794177e-10,4.085882510579418e-11,0.9982363475109762,0.9982363476731219,0.9982363475132197,0.9982363476711876,4.0931013185759114e-10
golovin_controlled_high_resolution_convergence_v1,controlled,golovin,131072,0.1,300.0,3600.0,2400.0000953674316,relative_liquid_mass_drift,100,100,2.01061757243437e-10,4.093101421086395e-10,4.093101421086395e-11,1.1984574500061622e-10,2.822777694862578e-10,1.2068709540069558e-10,2.816360914204008e-10,2.0357433841238355
golovin_controlled_high_resolution_convergence_v1,controlled,golovin,131072,0.1,300.0,3600.0,2400.0000953674316,mass_fraction_r_ge_cloud_threshold,100,100,0.9884031689355133,0.00012632665197134031,1.2632665197134031e-05,0.9883781029870854,0.9884282348839412,0.9883783520585384,0.9884280288861055,0.00012780882937414204
golovin_controlled_high_resolution_convergence_v1,controlled,golovin,131072,0.1,300.0,3600.0,2400.0000953674316,mass_fraction_r_ge_large_threshold,100,100,0.00025474368709872154,0.00020207743062781165,2.0207743062781165e-05,0.00021464714076024834,0.00029484023343719475,0.0002164760181979282,0.0002942568311923451,0.7932578543133829
golovin_controlled_high_resolution_convergence_v1,controlled,golovin,131072,0.1,300.0,3600.0,2400.0000953674316,mass_fraction_r_ge_onset_threshold,100,100,0.00025474368709872154,0.00020207743062781165,2.0207743062781165e-05,0.00021464714076024834,0.00029484023343719475,0.00021541187146868198,0.0002955792477532927,0.7932578543133829
golovin_controlled_high_resolution_convergence_v1,controlled,golovin,131072,0.1,300.0,3600.0,2400.0000953674316,mass_weighted_radius_q99_um,100,100,793.168413696289,9.37458799886302,0.9374587998863021,791.3082920541408,795.0285353384372,791.3326928100587,794.9948385620118,0.011819164551921543
golovin_controlled_high_resolution_convergence_v1,controlled,golovin,131072,0.1,300.0,3600.0,2400.0000953674316,fixed_bin_mass_below_range_fraction,100,100,0.0,0.0,0.0,0.0,0.0,0.0,0.0,nan
golovin_controlled_high_resolution_convergence_v1,controlled,golovin,131072,0.1,300.0,3600.0,2400.0000953674316,fixed_bin_mass_above_range_fraction,100,100,0.0,0.0,0.0,0.0,0.0,0.0,0.0,nan
golovin_controlled_high_resolution_convergence_v1,controlled,golovin,131072,0.1,300.0,3600.0,2400.0000953674316,fixed_bin_mass_below_range_fraction_bins_250,100,100,0.0,0.0,0.0,0.0,0.0,0.0,0.0,nan
golovin_controlled_high_resolution_convergence_v1,controlled,golovin,131072,0.1,300.0,3600.0,2400.0000953674316,fixed_bin_mass_below_range_fraction_bins_500,100,100,0.0,0.0,0.0,0.0,0.0,0.0,0.0,nan
golovin_controlled_high_resolution_convergence_v1,controlled,golovin,131072,0.1,300.0,3600.0,2400.0000953674316,fixed_bin_mass_below_range_fraction_bins_1000,100,100,0.0,0.0,0.0,0.0,0.0,0.0,0.0,nan
golovin_controlled_high_resolution_convergence_v1,controlled,golovin,131072,0.1,300.0,3600.0,2400.0000953674316,fixed_bin_mass_above_range_fraction_bins_250,100,100,0.0,0.0,0.0,0.0,0.0,0.0,0.0,nan
golovin_controlled_high_resolution_convergence_v1,controlled,golovin,131072,0.1,300.0,3600.0,2400.0000953674316,fixed_bin_mass_above_range_fraction_bins_500,100,100,0.0,0.0,0.0,0.0,0.0,0.0,0.0,nan
golovin_controlled_high_resolution_convergence_v1,controlled,golovin,131072,0.1,300.0,3600.0,2400.0000953674316,fixed_bin_mass_above_range_fraction_bins_1000,100,100,0.0,0.0,0.0,0.0,0.0,0.0,0.0,nan
golovin_controlled_high_resolution_convergence_v1,controlled,golovin,131072,0.1,300.0,3600.0,2700.000047683716,golovin_fixed_bin_l1_relative,100,100,0.054219268344981024,0.0034287554254983526,0.00034287554254983527,0.05353892888116925,0.0548996078087928,0.053548795441495295,0.054897106961480126,0.0632386885725238
golovin_controlled_high_resolution_convergence_v1,controlled,golovin,131072,0.1,300.0,3600.0,2700.000047683716,golovin_fixed_bin_l1_relative_bins_250,100,100,0.03860711484218794,0.003615335004916402,0.0003615335004916402,0.037889753941946054,0.03932447574242983,0.037919077550485535,0.03931554116628382,0.09364426789452142
golovin_controlled_high_resolution_convergence_v1,controlled,golovin,131072,0.1,300.0,3600.0,2700.000047683716,golovin_fixed_bin_l1_relative_bins_500,100,100,0.054219268344981024,0.0034287554254983526,0.00034287554254983527,0.05353892888116925,0.0548996078087928,0.05354082081392076,0.05488016923014426,0.0632386885725238
golovin_controlled_high_resolution_convergence_v1,controlled,golovin,131072,0.1,300.0,3600.0,2700.000047683716,golovin_fixed_bin_l1_relative_bins_1000,100,100,0.07559099093830256,0.003605213552377336,0.0003605213552377336,0.07487563835383093,0.07630634352277418,0.07488478676440638,0.0763010975129289,0.04769369348947833
golovin_controlled_high_resolution_convergence_v1,controlled,golovin,131072,0.1,300.0,3600.0,2700.000047683716,radius_moment_0_m3,100,100,146018.59930154943,856.2280064111224,85.62280064111224,145848.70508907503,146188.49351402384,145850.3137086303,146184.9464278163,0.005863828378759395
golovin_controlled_high_resolution_convergence_v1,controlled,golovin,131072,0.1,300.0,3600.0,2700.000047683716,radius_moment_3_um3_m3,100,100,238740390118.80527,115.19371927443194,11.519371927443194,238740390095.94833,238740390141.6622,238740390096.31766,238740390141.08627,4.825062035674302e-10
golovin_controlled_high_resolution_convergence_v1,controlled,golovin,131072,0.1,300.0,3600.0,2700.000047683716,radius_moment_6_um6_m3,100,100,4.4691508052622434e+19,9.839616388456321e+17,9.839616388456322e+16,4.449626871627161e+19,4.488674738897326e+19,4.450314196949876e+19,4.4885887921387184e+19,0.02201674729094076
golovin_controlled_high_resolution_convergence_v1,controlled,golovin,131072,0.1,300.0,3600.0,2700.000047683716,golovin_relative_error_radius_moment_0_m3,100,100,-0.0008805129585611826,0.005858665201885125,0.0005858665201885125,-0.0020429992392861753,0.00028197332216380977,-0.0020527932962359067,0.0002712285588969093,6.653695604274328
golovin_controlled_high_resolution_convergence_v1,controlled,golovin,131072,0.1,300.0,3600.0,2700.000047683716,golovin_relative_error_radius_moment_3_um3_m3,100,100,2.9729615339839642e-05,4.82520547976431e-10,4.82520547976431e-11,2.9729519597294565e-05,2.972971108238472e-05,2.972952392133399e-05,2.9729710232164194e-05,1.6230299062424187e-05
golovin_controlled_high_resolution_convergence_v1,controlled,golovin,131072,0.1,300.0,3600.0,2700.000047683716,golovin_relative_error_radius_moment_6_um6_m3,100,100,-0.00170100331983572,0.021979296730706883,0.002197929673070688,-0.006062172635537372,0.002660165995865932,-0.005972028099149017,0.0025727680446918366,12.921372036375335
golovin_controlled_high_resolution_convergence_v1,controlled,golovin,131072,0.1,300.0,3600.0,2700.000047683716,liquid_water_gm3,100,100,0.9982363475830464,4.816552274470989e-10,4.8165522744709885e-11,0.9982363474874755,0.9982363476786172,0.9982363474893184,0.9982363476754444,4.825062006741129e-10
golovin_controlled_high_resolution_convergence_v1,controlled,golovin,131072,0.1,300.0,3600.0,2700.000047683716,relative_liquid_mass_drift,100,100,1.9204309253950668e-10,4.825061867765422e-10,4.825061867765422e-11,9.630339703477296e-11,2.877827880442404e-10,9.81707180824909e-11,2.871414576666175e-10,2.512489152283788
golovin_controlled_high_resolution_convergence_v1,controlled,golovin,131072,0.1,300.0,3600.0,2700.000047683716,mass_fraction_r_ge_cloud_threshold,100,100,0.9926451137502512,7.915956069596833e-05,7.915956069596833e-06,0.99262940677603,0.9926608207244725,0.9926298048517137,0.9926603071804205,7.974608407318954e-05
golovin_controlled_high_resolution_convergence_v1,controlled,golovin,131072,0.1,300.0,3600.0,2700.000047683716,mass_fraction_r_ge_large_threshold,100,100,0.020239481559712044,0.002139337177164007,0.0002139337177164007,0.01981499065050326,0.02066397246892083,0.01982217227931949,0.020659195731433894,0.10570118463026698
golovin_controlled_high_resolution_convergence_v1,controlled,golovin,131072,0.1,300.0,3600.0,2700.000047683716,mass_fraction_r_ge_onset_threshold,100,100,0.020239481559712044,0.002139337177164007,0.0002139337177164007,0.01981499065050326,0.02066397246892083,0.019825374589508813,0.02066013413467571,0.10570118463026698
golovin_controlled_high_resolution_convergence_v1,controlled,golovin,131072,0.1,300.0,3600.0,2700.000047683716,mass_weighted_radius_q99_um,100,100,1069.7221081542968,14.085022895708097,1.4085022895708097,1066.927334034982,1072.5168822736116,1066.9397817687989,1072.5185170593263,0.013166992425734245
golovin_controlled_high_resolution_convergence_v1,controlled,golovin,131072,0.1,300.0,3600.0,2700.000047683716,fixed_bin_mass_below_range_fraction,100,100,0.0,0.0,0.0,0.0,0.0,0.0,0.0,nan
golovin_controlled_high_resolution_convergence_v1,controlled,golovin,131072,0.1,300.0,3600.0,2700.000047683716,fixed_bin_mass_above_range_fraction,100,100,0.0,0.0,0.0,0.0,0.0,0.0,0.0,nan
golovin_controlled_high_resolution_convergence_v1,controlled,golovin,131072,0.1,300.0,3600.0,2700.000047683716,fixed_bin_mass_below_range_fraction_bins_250,100,100,0.0,0.0,0.0,0.0,0.0,0.0,0.0,nan
golovin_controlled_high_resolution_convergence_v1,controlled,golovin,131072,0.1,300.0,3600.0,2700.000047683716,fixed_bin_mass_below_range_fraction_bins_500,100,100,0.0,0.0,0.0,0.0,0.0,0.0,0.0,nan
golovin_controlled_high_resolution_convergence_v1,controlled,golovin,131072,0.1,300.0,3600.0,2700.000047683716,fixed_bin_mass_below_range_fraction_bins_1000,100,100,0.0,0.0,0.0,0.0,0.0,0.0,0.0,nan
golovin_controlled_high_resolution_convergence_v1,controlled,golovin,131072,0.1,300.0,3600.0,2700.000047683716,fixed_bin_mass_above_range_fraction_bins_250,100,100,0.0,0.0,0.0,0.0,0.0,0.0,0.0,nan
golovin_controlled_high_resolution_convergence_v1,controlled,golovin,131072,0.1,300.0,3600.0,2700.000047683716,fixed_bin_mass_above_range_fraction_bins_500,100,100,0.0,0.0,0.0,0.0,0.0,0.0,0.0,nan
golovin_controlled_high_resolution_convergence_v1,controlled,golovin,131072,0.1,300.0,3600.0,2700.000047683716,fixed_bin_mass_above_range_fraction_bins_1000,100,100,0.0,0.0,0.0,0.0,0.0,0.0,0.0,nan
golovin_controlled_high_resolution_convergence_v1,controlled,golovin,131072,0.1,300.0,3600.0,300.00001192092896,golovin_fixed_bin_l1_relative,100,100,0.04075338651888554,0.003559474424108945,0.0003559474424108945,0.04004710956978001,0.04145966346799107,0.04006283306188866,0.04144550030646627,0.0873418071025692
golovin_controlled_high_resolution_convergence_v1,controlled,golovin,131072,0.1,300.0,3600.0,300.00001192092896,golovin_fixed_bin_l1_relative_bins_250,100,100,0.028762767848875628,0.0032740453019922434,0.00032740453019922437,0.02811312623002814,0.029412409467723114,0.028121841975185913,0.029395431266659403,0.11382928510895136
golovin_controlled_high_resolution_convergence_v1,controlled,golovin,131072,0.1,300.0,3600.0,300.00001192092896,golovin_fixed_bin_l1_relative_bins_500,100,100,0.04075338651888554,0.003559474424108945,0.0003559474424108945,0.04004710956978001,0.04145966346799107,0.040060459999001714,0.04146880503632506,0.0873418071025692
golovin_controlled_high_resolution_convergence_v1,controlled,golovin,131072,0.1,300.0,3600.0,300.00001192092896,golovin_fixed_bin_l1_relative_bins_1000,100,100,0.05703364216814812,0.003331343111389493,0.0003331343111389493,0.056372631420831154,0.05769465291546509,0.05637227298806979,0.057685598044578006,0.058410141536602865
golovin_controlled_high_resolution_convergence_v1,controlled,golovin,131072,0.1,300.0,3600.0,300.00001192092896,radius_moment_0_m3,100,100,5348707.122448534,14751.900454935538,1475.1900454935537,5345780.025353454,5351634.2195436135,5345842.207496402,5351575.676124414,0.002758031075027792
golovin_controlled_high_resolution_convergence_v1,controlled,golovin,131072,0.1,300.0,3600.0,300.00001192092896,radius_moment_3_um3_m3,100,100,238740390113.48926,94.76114384180063,9.476114384180063,238740390094.68658,238740390132.29193,238740390094.9076,238740390131.66223,3.9692129093344584e-10
golovin_controlled_high_resolution_convergence_v1,controlled,golovin,131072,0.1,300.0,3600.0,300.00001192092896,radius_moment_6_um6_m3,100,100,3.339790322532378e+16,257698361605063.8,25769836160506.383,3.33467702795745e+16,3.344903617107306e+16,3.334711431452393e+16,3.3448455100282076e+16,0.007716004201415418
golovin_controlled_high_resolution_convergence_v1,controlled,golovin,131072,0.1,300.0,3600.0,300.00001192092896,golovin_relative_error_radius_moment_0_m3,100,100,-1.804947060810358e-05,0.0027579812940269626,0.00027579812940269625,-0.0005652927941847578,0.0005291938529685506,-0.0005654419328592442,0.0005231770738787775,152.80122912794604
golovin_controlled_high_resolution_convergence_v1,controlled,golovin,131072,0.1,300.0,3600.0,300.00001192092896,golovin_relative_error_radius_moment_3_um3_m3,100,100,2.9729593072180815e-05,3.9693308355078865e-10,3.969330835507886e-11,2.9729514312045514e-05,2.9729671832316117e-05,2.9729516642967522e-05,2.9729670292760525e-05,1.3351446909719562e-05
golovin_controlled_high_resolution_convergence_v1,controlled,golovin,131072,0.1,300.0,3600.0,300.00001192092896,golovin_relative_error_radius_moment_6_um6_m3,100,100,-0.0007212690941796484,0.007710438886054377,0.0007710438886054376,-0.002251187448367667,0.0008086492600083702,-0.002252464876097815,0.0007569390706005556,10.690100197380586
golovin_controlled_high_resolution_convergence_v1,controlled,golovin,131072,0.1,300.0,3600.0,300.00001192092896,liquid_water_gm3,100,100,0.9982363475608187,3.962212689615437e-10,3.962212689615437e-11,0.9982363474821998,0.9982363476394376,0.9982363474845328,0.998236347638455,3.969213001807705e-10
golovin_controlled_high_resolution_convergence_v1,controlled,golovin,131072,0.1,300.0,3600.0,300.00001192092896,relative_liquid_mass_drift,100,100,1.697761331520553e-10,3.969213007085464e-10,3.969213007085464e-11,9.101833582089254e-11,2.485339304832181e-10,9.115512511481684e-11,2.4894587941082236e-10,2.3379098895664843
golovin_controlled_high_resolution_convergence_v1,controlled,golovin,131072,0.1,300.0,3600.0,300.00001192092896,mass_fraction_r_ge_cloud_threshold,100,100,0.6345092600564987,0.002104623735263518,0.0002104623735263518,0.6340916570472765,0.6349268630657208,0.6341011580805388,0.6349210201157861,0.0033169314740593633
golovin_controlled_high_resolution_convergence_v1,controlled,golovin,131072,0.1,300.0,3600.0,300.00001192092896,mass_fraction_r_ge_large_threshold,100,100,0.0,0.0,0.0,0.0,0.0,0.0,0.0,nan
golovin_controlled_high_resolution_convergence_v1,controlled,golovin,131072,0.1,300.0,3600.0,300.00001192092896,mass_fraction_r_ge_onset_threshold,100,100,0.0,0.0,0.0,0.0,0.0,0.0,0.0,nan
golovin_controlled_high_resolution_convergence_v1,controlled,golovin,131072,0.1,300.0,3600.0,300.00001192092896,mass_weighted_radius_q99_um,100,100,87.88054679870605,0.5630003017321146,0.05630003017321146,87.76883532446153,87.99225827295056,87.77242720031738,87.98998078727722,0.006406426931112406
golovin_controlled_high_resolution_convergence_v1,controlled,golovin,131072,0.1,300.0,3600.0,300.00001192092896,fixed_bin_mass_below_range_fraction,100,100,0.0,0.0,0.0,0.0,0.0,0.0,0.0,nan
golovin_controlled_high_resolution_convergence_v1,controlled,golovin,131072,0.1,300.0,3600.0,300.00001192092896,fixed_bin_mass_above_range_fraction,100,100,0.0,0.0,0.0,0.0,0.0,0.0,0.0,nan
golovin_controlled_high_resolution_convergence_v1,controlled,golovin,131072,0.1,300.0,3600.0,300.00001192092896,fixed_bin_mass_below_range_fraction_bins_250,100,100,0.0,0.0,0.0,0.0,0.0,0.0,0.0,nan
golovin_controlled_high_resolution_convergence_v1,controlled,golovin,131072,0.1,300.0,3600.0,300.00001192092896,fixed_bin_mass_below_range_fraction_bins_500,100,100,0.0,0.0,0.0,0.0,0.0,0.0,0.0,nan
golovin_controlled_high_resolution_convergence_v1,controlled,golovin,131072,0.1,300.0,3600.0,300.00001192092896,fixed_bin_mass_below_range_fraction_bins_1000,100,100,0.0,0.0,0.0,0.0,0.0,0.0,0.0,nan
golovin_controlled_high_resolution_convergence_v1,controlled,golovin,131072,0.1,300.0,3600.0,300.00001192092896,fixed_bin_mass_above_range_fraction_bins_250,100,100,0.0,0.0,0.0,0.0,0.0,0.0,0.0,nan
golovin_controlled_high_resolution_convergence_v1,controlled,golovin,131072,0.1,300.0,3600.0,300.00001192092896,fixed_bin_mass_above_range_fraction_bins_500,100,100,0.0,0.0,0.0,0.0,0.0,0.0,0.0,nan
golovin_controlled_high_resolution_convergence_v1,controlled,golovin,131072,0.1,300.0,3600.0,300.00001192092896,fixed_bin_mass_above_range_fraction_bins_1000,100,100,0.0,0.0,0.0,0.0,0.0,0.0,0.0,nan
golovin_controlled_high_resolution_convergence_v1,controlled,golovin,131072,0.1,300.0,3600.0,3000.0,golovin_fixed_bin_l1_relative,100,100,0.059101133422391774,0.004395359519125353,0.00043953595191253525,0.05822899873577525,0.0599732681090083,0.058238000030241495,0.05998398542648835,0.07437013919364317
golovin_controlled_high_resolution_convergence_v1,controlled,golovin,131072,0.1,300.0,3600.0,3000.0,golovin_fixed_bin_l1_relative_bins_250,100,100,0.042538097996851446,0.004662658018444152,0.0004662658018444152,0.041612925488886725,0.043463270504816166,0.041602170049512346,0.04345261146620812,0.10961134225581193
golovin_controlled_high_resolution_convergence_v1,controlled,golovin,131072,0.1,300.0,3600.0,3000.0,golovin_fixed_bin_l1_relative_bins_500,100,100,0.059101133422391774,0.004395359519125353,0.00043953595191253525,0.05822899873577525,0.0599732681090083,0.058244673034896874,0.059952513667775285,0.07437013919364317
golovin_controlled_high_resolution_convergence_v1,controlled,golovin,131072,0.1,300.0,3600.0,3000.0,golovin_fixed_bin_l1_relative_bins_1000,100,100,0.08263106462681959,0.004554925193147822,0.0004554925193147822,0.0817272686486744,0.08353486060496478,0.08170718246834043,0.08349758225634067,0.055123641619757476
golovin_controlled_high_resolution_convergence_v1,controlled,golovin,131072,0.1,300.0,3600.0,3000.0,radius_moment_0_m3,100,100,93109.88906861916,542.1160728192671,54.2116072819267,93002.32147847762,93217.4566587607,93002.24688222521,93217.42983385964,0.005822325407559491
golovin_controlled_high_resolution_convergence_v1,controlled,golovin,131072,0.1,300.0,3600.0,3000.0,radius_moment_3_um3_m3,100,100,238740390128.47638,131.09452442839708,13.109452442839707,238740390102.4644,238740390154.48837,238740390102.99283,238740390154.54272,5.491091153777939e-10
golovin_controlled_high_resolution_convergence_v1,controlled,golovin,131072,0.1,300.0,3600.0,3000.0,radius_moment_6_um6_m3,100,100,1.1010735469217862e+20,2.63925033991089e+18,2.63925033991089e+17,1.0958367016578548e+20,1.1063103921857177e+20,1.0958645737984197e+20,1.1061824791188108e+20,0.02396979154834211
golovin_controlled_high_resolution_convergence_v1,controlled,golovin,131072,0.1,300.0,3600.0,3000.0,golovin_relative_error_radius_moment_0_m3,100,100,-0.000832578099265201,0.005817477866938359,0.0005817477866938359,-0.0019868919191709895,0.00032173572064058754,-0.0019807281490390014,0.00030076629659565965,6.987305902080086
golovin_controlled_high_resolution_convergence_v1,controlled,golovin,131072,0.1,300.0,3600.0,3000.0,golovin_relative_error_radius_moment_3_um3_m3,100,100,2.972965584963738e-05,5.491254549087661e-10,5.4912545490876605e-11,2.9729546891233766e-05,2.9729764808040998e-05,2.972955136040195e-05,2.972976434078023e-05,1.847062938387374e-05
golovin_controlled_high_resolution_convergence_v1,controlled,golovin,131072,0.1,300.0,3600.0,3000.0,golovin_relative_error_radius_moment_6_um6_m3,100,100,-3.328367781741615e-05,0.02396899374552287,0.002396899374552287,-0.004789252048050945,0.004722684692416113,-0.004699080747159346,0.004676277141588569,720.1425839118284
golovin_controlled_high_resolution_convergence_v1,controlled,golovin,131072,0.1,300.0,3600.0,3000.0,liquid_water_gm3,100,100,0.9982363476234833,5.481406628952269e-10,5.481406628952269e-11,0.9982363475147203,0.9982363477322463,0.998236347516819,0.9982363477334761,5.491091004652293e-10
golovin_controlled_high_resolution_convergence_v1,controlled,golovin,131072,0.1,300.0,3600.0,3000.0,relative_liquid_mass_drift,100,100,2.3255171233138584e-10,5.491091089167737e-10,5.4910910891677374e-11,1.2359655211306834e-10,3.4150687254970334e-10,1.2826162229528926e-10,3.395684141649369e-10,2.3612344257190165
golovin_controlled_high_resolution_convergence_v1,controlled,golovin,131072,0.1,300.0,3600.0,3000.0,mass_fraction_r_ge_cloud_threshold,100,100,0.9953262403737927,4.984792671667293e-05,4.984792671667293e-06,0.9953163494636734,0.995336131283912,0.9953164801702381,0.9953359295874087,5.0081997936628946e-05
golovin_controlled_high_resolution_convergence_v1,controlled,golovin,131072,0.1,300.0,3600.0,3000.0,mass_fraction_r_ge_large_threshold,100,100,0.1405665847734392,0.005508057493191055,0.0005508057493191055,0.13947366666860897,0.14165950287826942,0.13951328874410837,0.14164630770205092,0.039184686048030326
golovin_controlled_high_resolution_convergence_v1,controlled,golovin,131072,0.1,300.0,3600.0,3000.0,mass_fraction_r_ge_onset_threshold,100,100,0.1405665847734392,0.005508057493191055,0.0005508057493191055,0.13947366666860897,0.14165950287826942,0.13950809821085586,0.1416315635809754,0.039184686048030326
golovin_controlled_high_resolution_convergence_v1,controlled,golovin,131072,0.1,300.0,3600.0,3000.0,mass_weighted_radius_q99_um,100,100,1448.372471923828,20.800610903778423,2.0800610903778423,1444.245179447965,1452.499764399691,1444.385202178955,1452.528062286377,0.014361368575411834
golovin_controlled_high_resolution_convergence_v1,controlled,golovin,131072,0.1,300.0,3600.0,3000.0,fixed_bin_mass_below_range_fraction,100,100,0.0,0.0,0.0,0.0,0.0,0.0,0.0,nan
golovin_controlled_high_resolution_convergence_v1,controlled,golovin,131072,0.1,300.0,3600.0,3000.0,fixed_bin_mass_above_range_fraction,100,100,0.0,0.0,0.0,0.0,0.0,0.0,0.0,nan
golovin_controlled_high_resolution_convergence_v1,controlled,golovin,131072,0.1,300.0,3600.0,3000.0,fixed_bin_mass_below_range_fraction_bins_250,100,100,0.0,0.0,0.0,0.0,0.0,0.0,0.0,nan
golovin_controlled_high_resolution_convergence_v1,controlled,golovin,131072,0.1,300.0,3600.0,3000.0,fixed_bin_mass_below_range_fraction_bins_500,100,100,0.0,0.0,0.0,0.0,0.0,0.0,0.0,nan
golovin_controlled_high_resolution_convergence_v1,controlled,golovin,131072,0.1,300.0,3600.0,3000.0,fixed_bin_mass_below_range_fraction_bins_1000,100,100,0.0,0.0,0.0,0.0,0.0,0.0,0.0,nan
golovin_controlled_high_resolution_convergence_v1,controlled,golovin,131072,0.1,300.0,3600.0,3000.0,fixed_bin_mass_above_range_fraction_bins_250,100,100,0.0,0.0,0.0,0.0,0.0,0.0,0.0,nan
golovin_controlled_high_resolution_convergence_v1,controlled,golovin,131072,0.1,300.0,3600.0,3000.0,fixed_bin_mass_above_range_fraction_bins_500,100,100,0.0,0.0,0.0,0.0,0.0,0.0,0.0,nan
golovin_controlled_high_resolution_convergence_v1,controlled,golovin,131072,0.1,300.0,3600.0,3000.0,fixed_bin_mass_above_range_fraction_bins_1000,100,100,0.0,0.0,0.0,0.0,0.0,0.0,0.0,nan
golovin_controlled_high_resolution_convergence_v1,controlled,golovin,131072,0.1,300.0,3600.0,3299.999952316284,golovin_fixed_bin_l1_relative,100,100,0.06345568405052858,0.004901191294618108,0.0004901191294618108,0.062483181365553676,0.06442818673550348,0.06249142442086742,0.06441198892187043,0.07723801843685714
golovin_controlled_high_resolution_convergence_v1,controlled,golovin,131072,0.1,300.0,3600.0,3299.999952316284,golovin_fixed_bin_l1_relative_bins_250,100,100,0.045526642505162196,0.005121536886187694,0.0005121536886187694,0.044510418474387324,0.04654286653593707,0.04453994892405762,0.04652268165606353,0.11249537862597644
golovin_controlled_high_resolution_convergence_v1,controlled,golovin,131072,0.1,300.0,3600.0,3299.999952316284,golovin_fixed_bin_l1_relative_bins_500,100,100,0.06345568405052858,0.004901191294618108,0.0004901191294618108,0.062483181365553676,0.06442818673550348,0.06251989647774663,0.0644000797618807,0.07723801843685714
golovin_controlled_high_resolution_convergence_v1,controlled,golovin,131072,0.1,300.0,3600.0,3299.999952316284,golovin_fixed_bin_l1_relative_bins_1000,100,100,0.08921447690777694,0.004468283157503169,0.0004468283157503169,0.08832787258921634,0.09010108122633753,0.08832903111805744,0.09007545477966611,0.050084731899758116
golovin_controlled_high_resolution_convergence_v1,controlled,golovin,131072,0.1,300.0,3600.0,3299.999952316284,radius_moment_0_m3,100,100,59367.31987926483,349.5693956025712,34.95693956025712,59297.95772721379,59436.682031315875,59299.72656839648,59434.85333214379,0.005888246198640761
golovin_controlled_high_resolution_convergence_v1,controlled,golovin,131072,0.1,300.0,3600.0,3299.999952316284,radius_moment_3_um3_m3,100,100,238740390145.37766,126.96382346335187,12.696382346335188,238740390120.18527,238740390170.57004,238740390119.8136,238740390170.244,5.318070536202064e-10
golovin_controlled_high_resolution_convergence_v1,controlled,golovin,131072,0.1,300.0,3600.0,3299.999952316284,radius_moment_6_um6_m3,100,100,2.7076923513922706e+20,7.309736416514006e+18,7.309736416514006e+17,2.693188248482995e+20,2.7221964543015463e+20,2.6934775207676445e+20,2.7215927071237725e+20,0.02699618519347446
golovin_controlled_high_resolution_convergence_v1,controlled,golovin,131072,0.1,300.0,3600.0,3299.999952316284,golovin_relative_error_radius_moment_0_m3,100,100,-0.0008674588110650927,0.005883138387594034,0.0005883138387594033,-0.0020348011027843792,0.00029988348065419367,-0.0020104645344490813,0.0002632700183927593,6.782037731993909
golovin_controlled_high_resolution_convergence_v1,controlled,golovin,131072,0.1,300.0,3600.0,3299.999952316284,golovin_relative_error_radius_moment_3_um3_m3,100,100,2.972972664541329e-05,5.318228646961294e-10,5.318228646961294e-11,2.9729621120218954e-05,2.9729832170607627e-05,2.972962321534012e-05,2.9729830328196763e-05,1.788858912290669e-05
golovin_controlled_high_resolution_convergence_v1,controlled,golovin,131072,0.1,300.0,3600.0,3299.999952316284,golovin_relative_error_radius_moment_6_um6_m3,100,100,-0.00022534022822230272,0.026990101866941826,0.0026990101866941826,-0.005580761993165322,0.0051300815367207155,-0.005536853611361712,0.005102532960466832,119.77489363468445
golovin_controlled_high_resolution_convergence_v1,controlled,golovin,131072,0.1,300.0,3600.0,3299.999952316284,liquid_water_gm3,100,100,0.998236347694152,5.308691328910977e-10,5.3086913289109766e-11,0.9982363475888161,0.998236347799488,0.9982363475889957,0.998236347797239,5.318070556310275e-10
golovin_controlled_high_resolution_convergence_v1,controlled,golovin,131072,0.1,300.0,3600.0,3299.999952316284,relative_liquid_mass_drift,100,100,3.0334537770571044e-10,5.318070539592548e-10,5.3180705395925474e-11,1.9782332056179186e-10,4.08867434849629e-10,2.0027729041860455e-10,4.0742671386650986e-10,1.753140456536594
golovin_controlled_high_resolution_convergence_v1,controlled,golovin,131072,0.1,300.0,3600.0,3299.999952316284,mass_fraction_r_ge_cloud_threshold,100,100,0.9970266988467777,3.165676840390488e-05,3.165676840390488e-06,0.9970204174571278,0.9970329802364277,0.9970206718799497,0.9970328407562784,3.175117420679009e-05
golovin_controlled_high_resolution_convergence_v1,controlled,golovin,131072,0.1,300.0,3600.0,3299.999952316284,mass_fraction_r_ge_large_threshold,100,100,0.34799258274410244,0.005942031196339855,0.0005942031196339855,0.34681355484143916,0.3491716106467657,0.3468089695094356,0.3491233124325008,0.017075166227635802
golovin_controlled_high_resolution_convergence_v1,controlled,golovin,131072,0.1,300.0,3600.0,3299.999952316284,mass_fraction_r_ge_onset_threshold,100,100,0.34799258274410244,0.005942031196339855,0.0005942031196339855,0.34681355484143916,0.3491716106467657,0.3468596842295229,0.3491443680431336,0.017075166227635802
golovin_controlled_high_resolution_convergence_v1,controlled,golovin,131072,0.1,300.0,3600.0,3299.999952316284,mass_weighted_radius_q99_um,100,100,1956.99990234375,32.925497306616144,3.2925497306616145,1950.4667693542299,1963.53303533327,1950.60090524292,1963.5522429199218,0.016824475702417654
golovin_controlled_high_resolution_convergence_v1,controlled,golovin,131072,0.1,300.0,3600.0,3299.999952316284,fixed_bin_mass_below_range_fraction,100,100,0.0,0.0,0.0,0.0,0.0,0.0,0.0,nan
golovin_controlled_high_resolution_convergence_v1,controlled,golovin,131072,0.1,300.0,3600.0,3299.999952316284,fixed_bin_mass_above_range_fraction,100,100,0.0,0.0,0.0,0.0,0.0,0.0,0.0,nan
golovin_controlled_high_resolution_convergence_v1,controlled,golovin,131072,0.1,300.0,3600.0,3299.999952316284,fixed_bin_mass_below_range_fraction_bins_250,100,100,0.0,0.0,0.0,0.0,0.0,0.0,0.0,nan
golovin_controlled_high_resolution_convergence_v1,controlled,golovin,131072,0.1,300.0,3600.0,3299.999952316284,fixed_bin_mass_below_range_fraction_bins_500,100,100,0.0,0.0,0.0,0.0,0.0,0.0,0.0,nan
golovin_controlled_high_resolution_convergence_v1,controlled,golovin,131072,0.1,300.0,3600.0,3299.999952316284,fixed_bin_mass_below_range_fraction_bins_1000,100,100,0.0,0.0,0.0,0.0,0.0,0.0,0.0,nan
golovin_controlled_high_resolution_convergence_v1,controlled,golovin,131072,0.1,300.0,3600.0,3299.999952316284,fixed_bin_mass_above_range_fraction_bins_250,100,100,0.0,0.0,0.0,0.0,0.0,0.0,0.0,nan
golovin_controlled_high_resolution_convergence_v1,controlled,golovin,131072,0.1,300.0,3600.0,3299.999952316284,fixed_bin_mass_above_range_fraction_bins_500,100,100,0.0,0.0,0.0,0.0,0.0,0.0,0.0,nan
golovin_controlled_high_resolution_convergence_v1,controlled,golovin,131072,0.1,300.0,3600.0,3299.999952316284,fixed_bin_mass_above_range_fraction_bins_1000,100,100,0.0,0.0,0.0,0.0,0.0,0.0,0.0,nan
golovin_controlled_high_resolution_convergence_v1,controlled,golovin,131072,0.1,300.0,3600.0,3599.9999046325684,golovin_fixed_bin_l1_relative,100,100,0.06879397902342355,0.00514948843230759,0.000514948843230759,0.06777220879948526,0.06981574924736184,0.06779562733346395,0.06981373084159298,0.0748537663529282
golovin_controlled_high_resolution_convergence_v1,controlled,golovin,131072,0.1,300.0,3600.0,3599.9999046325684,golovin_fixed_bin_l1_relative_bins_250,100,100,0.04964511405112232,0.00593978937446095,0.000593978937446095,0.04846653097455649,0.050823697127688146,0.04850414487043799,0.0508243264224481,0.119644994033943
golovin_controlled_high_resolution_convergence_v1,controlled,golovin,131072,0.1,300.0,3600.0,3599.9999046325684,golovin_fixed_bin_l1_relative_bins_500,100,100,0.06879397902342355,0.00514948843230759,0.000514948843230759,0.06777220879948526,0.06981574924736184,0.06780814044486447,0.06980163373835545,0.0748537663529282
golovin_controlled_high_resolution_convergence_v1,controlled,golovin,131072,0.1,300.0,3600.0,3599.9999046325684,golovin_fixed_bin_l1_relative_bins_1000,100,100,0.09690764815316,0.004637119097544533,0.00046371190975445325,0.0959875431211727,0.09782775318514729,0.09600418468724504,0.09781597597297279,0.04785090945779313
golovin_controlled_high_resolution_convergence_v1,controlled,golovin,131072,0.1,300.0,3600.0,3599.9999046325684,radius_moment_0_m3,100,100,37851.84196328511,225.5095298330013,22.550952983300128,37807.095980101214,37896.587946469,37807.74297546814,37896.08135210661,0.00595768972225281
golovin_controlled_high_resolution_convergence_v1,controlled,golovin,131072,0.1,300.0,3600.0,3599.9999046325684,radius_moment_3_um3_m3,100,100,238740390115.12155,140.04573450961556,14.004573450961555,238740390087.33344,238740390142.90967,238740390087.4082,238740390142.03412,5.866026039501944e-10
golovin_controlled_high_resolution_convergence_v1,controlled,golovin,131072,0.1,300.0,3600.0,3599.9999046325684,radius_moment_6_um6_m3,100,100,6.670149451367903e+20,1.9481490560594125e+19,1.9481490560594125e+18,6.631493947555402e+20,6.708804955180405e+20,6.632691771283694e+20,6.70803830466994e+20,0.02920697759867868
golovin_controlled_high_resolution_convergence_v1,controlled,golovin,131072,0.1,300.0,3600.0,3599.9999046325684,golovin_relative_error_radius_moment_0_m3,100,100,-0.0009300800241298302,0.005952148594052171,0.0005952148594052171,-0.002111115437997788,0.0002509553897381277,-0.0021040496769556024,0.00023369884633778765,6.399609108496786
golovin_controlled_high_resolution_convergence_v1,controlled,golovin,131072,0.1,300.0,3600.0,3599.9999046325684,golovin_relative_error_radius_moment_3_um3_m3,100,100,2.9729599909351646e-05,5.866200413455571e-10,5.866200413455571e-11,2.972948351120863e-05,2.9729716307494662e-05,2.9729485356368546e-05,2.9729711552119952e-05,1.9731851189865216e-05
golovin_controlled_high_resolution_convergence_v1,controlled,golovin,131072,0.1,300.0,3600.0,3599.9999046325684,golovin_relative_error_radius_moment_6_um6_m3,100,100,0.0013178598396983631,0.02924546830149496,0.002924546830149496,-0.00448507555639259,0.007120795235789316,-0.004318963242435433,0.006981909939565648,22.191637851403666
golovin_controlled_high_resolution_convergence_v1,controlled,golovin,131072,0.1,300.0,3600.0,3599.9999046325684,liquid_water_gm3,100,100,0.9982363475676435,5.855680435835538e-10,5.855680435835538e-11,0.9982363474514541,0.9982363476838328,0.9982363474537653,0.9982363476819209,5.866026066976828e-10
golovin_controlled_high_resolution_convergence_v1,controlled,golovin,131072,0.1,300.0,3600.0,3599.9999046325684,relative_liquid_mass_drift,100,100,1.7661308970851053e-10,5.866026078287103e-10,5.866026078287103e-11,6.02184058786579e-11,2.930077735383632e-10,6.418951309372645e-11,2.902762069878495e-10,3.321399386630194
golovin_controlled_high_resolution_convergence_v1,controlled,golovin,131072,0.1,300.0,3600.0,3599.9999046325684,mass_fraction_r_ge_cloud_threshold,100,100,0.9981068976702773,2.0256238976917747e-05,2.0256238976917747e-06,0.9981028783930019,0.9981109169475526,0.998102920215066,0.9981108548118777,2.0294658842854082e-05
golovin_controlled_high_resolution_convergence_v1,controlled,golovin,131072,0.1,300.0,3600.0,3599.9999046325684,mass_fraction_r_ge_large_threshold,100,100,0.5498536871025772,0.004739613290893927,0.00047396132908939274,0.5489132449990016,0.5507941292061528,0.5488899249513477,0.550758090571647,0.008619771772140059
golovin_controlled_high_resolution_convergence_v1,controlled,golovin,131072,0.1,300.0,3600.0,3599.9999046325684,mass_fraction_r_ge_onset_threshold,100,100,0.5498536871025772,0.004739613290893927,0.00047396132908939274,0.5489132449990016,0.5507941292061528,0.5489135342792698,0.5507738266720222,0.008619771772140059
golovin_controlled_high_resolution_convergence_v1,controlled,golovin,131072,0.1,300.0,3600.0,3599.9999046325684,mass_weighted_radius_q99_um,100,100,2647.1345166015626,46.698255719330255,4.669825571933026,2637.868569540781,2656.400463662344,2638.107621154785,2656.418227416992,0.017641058822836963
golovin_controlled_high_resolution_convergence_v1,controlled,golovin,131072,0.1,300.0,3600.0,3599.9999046325684,fixed_bin_mass_below_range_fraction,100,100,0.0,0.0,0.0,0.0,0.0,0.0,0.0,nan
golovin_controlled_high_resolution_convergence_v1,controlled,golovin,131072,0.1,300.0,3600.0,3599.9999046325684,fixed_bin_mass_above_range_fraction,100,100,0.0,0.0,0.0,0.0,0.0,0.0,0.0,nan
golovin_controlled_high_resolution_convergence_v1,controlled,golovin,131072,0.1,300.0,3600.0,3599.9999046325684,fixed_bin_mass_below_range_fraction_bins_250,100,100,0.0,0.0,0.0,0.0,0.0,0.0,0.0,nan
golovin_controlled_high_resolution_convergence_v1,controlled,golovin,131072,0.1,300.0,3600.0,3599.9999046325684,fixed_bin_mass_below_range_fraction_bins_500,100,100,0.0,0.0,0.0,0.0,0.0,0.0,0.0,nan
golovin_controlled_high_resolution_convergence_v1,controlled,golovin,131072,0.1,300.0,3600.0,3599.9999046325684,fixed_bin_mass_below_range_fraction_bins_1000,100,100,0.0,0.0,0.0,0.0,0.0,0.0,0.0,nan
golovin_controlled_high_resolution_convergence_v1,controlled,golovin,131072,0.1,300.0,3600.0,3599.9999046325684,fixed_bin_mass_above_range_fraction_bins_250,100,100,0.0,0.0,0.0,0.0,0.0,0.0,0.0,nan
golovin_controlled_high_resolution_convergence_v1,controlled,golovin,131072,0.1,300.0,3600.0,3599.9999046325684,fixed_bin_mass_above_range_fraction_bins_500,100,100,0.0,0.0,0.0,0.0,0.0,0.0,0.0,nan
golovin_controlled_high_resolution_convergence_v1,controlled,golovin,131072,0.1,300.0,3600.0,3599.9999046325684,fixed_bin_mass_above_range_fraction_bins_1000,100,100,0.0,0.0,0.0,0.0,0.0,0.0,0.0,nan
golovin_controlled_high_resolution_convergence_v1,controlled,golovin,131072,0.1,300.0,3600.0,600.0000238418579,golovin_fixed_bin_l1_relative,100,100,0.04554263251245016,0.003368663359458528,0.0003368663359458528,0.044874216618247594,0.04621104840665272,0.04489461059213125,0.04619090935583003,0.07396725164136315
golovin_controlled_high_resolution_convergence_v1,controlled,golovin,131072,0.1,300.0,3600.0,600.0000238418579,golovin_fixed_bin_l1_relative_bins_250,100,100,0.032365137425985215,0.0036823055417888545,0.00036823055417888544,0.03163448811829141,0.03309578673367902,0.03166372516037077,0.03308872325606593,0.11377382685952747
golovin_controlled_high_resolution_convergence_v1,controlled,golovin,131072,0.1,300.0,3600.0,600.0000238418579,golovin_fixed_bin_l1_relative_bins_500,100,100,0.04554263251245016,0.003368663359458528,0.0003368663359458528,0.044874216618247594,0.04621104840665272,0.04487675544634816,0.04619746755220369,0.07396725164136315
golovin_controlled_high_resolution_convergence_v1,controlled,golovin,131072,0.1,300.0,3600.0,600.0000238418579,golovin_fixed_bin_l1_relative_bins_1000,100,100,0.06381715100205824,0.0034362492946218557,0.00034362492946218555,0.0631353245920317,0.0644989774120848,0.06315427079482673,0.0644688265688592,0.05384523189559228
golovin_controlled_high_resolution_convergence_v1,controlled,golovin,131072,0.1,300.0,3600.0,600.0000238418579,radius_moment_0_m3,100,100,3410820.21919329,13346.118646786863,1334.6118646786863,3408172.059707606,3413468.3786789738,3408209.4439216787,3413411.0435645105,0.003912876607123966
golovin_controlled_high_resolution_convergence_v1,controlled,golovin,131072,0.1,300.0,3600.0,600.0000238418579,radius_moment_3_um3_m3,100,100,238740390122.0852,122.0106031670227,12.20106031670227,238740390097.87564,238740390146.29477,238740390098.50433,238740390145.77545,5.110597461310583e-10
golovin_controlled_high_resolution_convergence_v1,controlled,golovin,131072,0.1,300.0,3600.0,600.0000238418579,radius_moment_6_um6_m3,100,100,8.21200815740717e+16,861125103709990.1,86112510370999.02,8.19492156712499e+16,8.229094747689349e+16,8.194659557481542e+16,8.22871158031904e+16,0.010486169609235735
golovin_controlled_high_resolution_convergence_v1,controlled,golovin,131072,0.1,300.0,3600.0,600.0000238418579,golovin_relative_error_radius_moment_0_m3,100,100,8.155013580061543e-05,0.003913195702742639,0.0003913195702742639,-0.0006949127890250914,0.0008580130606263222,-0.0006980384230306434,0.0008289707769901974,47.98515249944081
golovin_controlled_high_resolution_convergence_v1,controlled,golovin,131072,0.1,300.0,3600.0,600.0000238418579,golovin_relative_error_radius_moment_3_um3_m3,100,100,2.9729629078347753e-05,5.110749382700438e-10,5.110749382700438e-11,2.972952766999215e-05,2.9729730486703356e-05,2.972953118507937e-05,2.9729726474546413e-05,1.7190760669202644e-05
golovin_controlled_high_resolution_convergence_v1,controlled,golovin,131072,0.1,300.0,3600.0,600.0000238418579,golovin_relative_error_radius_moment_6_um6_m3,100,100,-0.0010348741722900124,0.010475317743140894,0.0010475317743140894,-0.003113404476209426,0.001043656131629401,-0.003060562171226108,0.0009820441288780936,10.122310541348885
golovin_controlled_high_resolution_convergence_v1,controlled,golovin,131072,0.1,300.0,3600.0,600.0000238418579,liquid_water_gm3,100,100,0.9982363475967603,5.101584339929666e-10,5.1015843399296664e-11,0.9982363474955338,0.9982363476979867,0.9982363474974443,0.9982363476952811,5.110597657770785e-10
golovin_controlled_high_resolution_convergence_v1,controlled,golovin,131072,0.1,300.0,3600.0,600.0000238418579,relative_liquid_mass_drift,100,100,2.0578123427483775e-10,5.110597717748297e-10,5.110597717748298e-11,1.0437588803188746e-10,3.0718658051778804e-10,1.0557474786065945e-10,3.064027521426649e-10,2.483510090586139
golovin_controlled_high_resolution_convergence_v1,controlled,golovin,131072,0.1,300.0,3600.0,600.0000238418579,mass_fraction_r_ge_cloud_threshold,100,100,0.7902388954328089,0.0015261989905209384,0.00015261989905209384,0.7899360644419603,0.7905417264236575,0.7899435144829183,0.7905368671653559,0.0019313134285614336
golovin_controlled_high_resolution_convergence_v1,controlled,golovin,131072,0.1,300.0,3600.0,600.0000238418579,mass_fraction_r_ge_large_threshold,100,100,0.0,0.0,0.0,0.0,0.0,0.0,0.0,nan
golovin_controlled_high_resolution_convergence_v1,controlled,golovin,131072,0.1,300.0,3600.0,600.0000238418579,mass_fraction_r_ge_onset_threshold,100,100,0.0,0.0,0.0,0.0,0.0,0.0,0.0,nan
golovin_controlled_high_resolution_convergence_v1,controlled,golovin,131072,0.1,300.0,3600.0,600.0000238418579,mass_weighted_radius_q99_um,100,100,124.09479133605957,0.9605174002147442,0.09605174002147442,123.9042038452796,124.28537882683955,123.90708268737794,124.28549211502074,0.007740191106116443
golovin_controlled_high_resolution_convergence_v1,controlled,golovin,131072,0.1,300.0,3600.0,600.0000238418579,fixed_bin_mass_below_range_fraction,100,100,0.0,0.0,0.0,0.0,0.0,0.0,0.0,nan
golovin_controlled_high_resolution_convergence_v1,controlled,golovin,131072,0.1,300.0,3600.0,600.0000238418579,fixed_bin_mass_above_range_fraction,100,100,0.0,0.0,0.0,0.0,0.0,0.0,0.0,nan
golovin_controlled_high_resolution_convergence_v1,controlled,golovin,131072,0.1,300.0,3600.0,600.0000238418579,fixed_bin_mass_below_range_fraction_bins_250,100,100,0.0,0.0,0.0,0.0,0.0,0.0,0.0,nan
golovin_controlled_high_resolution_convergence_v1,controlled,golovin,131072,0.1,300.0,3600.0,600.0000238418579,fixed_bin_mass_below_range_fraction_bins_500,100,100,0.0,0.0,0.0,0.0,0.0,0.0,0.0,nan
golovin_controlled_high_resolution_convergence_v1,controlled,golovin,131072,0.1,300.0,3600.0,600.0000238418579,fixed_bin_mass_below_range_fraction_bins_1000,100,100,0.0,0.0,0.0,0.0,0.0,0.0,0.0,nan
golovin_controlled_high_resolution_convergence_v1,controlled,golovin,131072,0.1,300.0,3600.0,600.0000238418579,fixed_bin_mass_above_range_fraction_bins_250,100,100,0.0,0.0,0.0,0.0,0.0,0.0,0.0,nan
golovin_controlled_high_resolution_convergence_v1,controlled,golovin,131072,0.1,300.0,3600.0,600.0000238418579,fixed_bin_mass_above_range_fraction_bins_500,100,100,0.0,0.0,0.0,0.0,0.0,0.0,0.0,nan
golovin_controlled_high_resolution_convergence_v1,controlled,golovin,131072,0.1,300.0,3600.0,600.0000238418579,fixed_bin_mass_above_range_fraction_bins_1000,100,100,0.0,0.0,0.0,0.0,0.0,0.0,0.0,nan
golovin_controlled_high_resolution_convergence_v1,controlled,golovin,131072,0.1,300.0,3600.0,899.9999761581421,golovin_fixed_bin_l1_relative,100,100,0.046786776875443865,0.003617714686930257,0.00036177146869302573,0.04606894379466285,0.04750460995622488,0.0460707479630735,0.047499103161883195,0.07732344325751198
golovin_controlled_high_resolution_convergence_v1,controlled,golovin,131072,0.1,300.0,3600.0,899.9999761581421,golovin_fixed_bin_l1_relative_bins_250,100,100,0.03341407215086129,0.0036755659366640306,0.00036755659366640304,0.03268476012704105,0.03414338417468153,0.03269325018184929,0.03414269672266881,0.11000053869726525
golovin_controlled_high_resolution_convergence_v1,controlled,golovin,131072,0.1,300.0,3600.0,899.9999761581421,golovin_fixed_bin_l1_relative_bins_500,100,100,0.046786776875443865,0.003617714686930257,0.00036177146869302573,0.04606894379466285,0.04750460995622488,0.04608141080568743,0.04748761142460838,0.07732344325751198
golovin_controlled_high_resolution_convergence_v1,controlled,golovin,131072,0.1,300.0,3600.0,899.9999761581421,golovin_fixed_bin_l1_relative_bins_1000,100,100,0.06540155495665831,0.0032591914413209228,0.00032591914413209226,0.06475486066602487,0.06604824924729175,0.0647663841511859,0.0660465643897738,0.04983354667149417
golovin_controlled_high_resolution_convergence_v1,controlled,golovin,131072,0.1,300.0,3600.0,899.9999761581421,radius_moment_0_m3,100,100,2174911.3570640506,10570.276610684603,1057.0276610684602,2172813.984860663,2177008.7292674384,2172806.0718504833,2176929.7883315436,0.004860095367267564
golovin_controlled_high_resolution_convergence_v1,controlled,golovin,131072,0.1,300.0,3600.0,899.9999761581421,radius_moment_3_um3_m3,100,100,238740390107.64304,95.53226802684154,9.553226802684154,238740390088.68735,238740390126.59872,238740390089.16953,238740390126.29947,4.0015126047070644e-10
golovin_controlled_high_resolution_convergence_v1,controlled,golovin,131072,0.1,300.0,3600.0,899.9999761581421,radius_moment_6_um6_m3,100,100,2.0201177568700352e+17,2544671805892026.5,254467180589202.66,2.0150685759365603e+17,2.02516693780351e+17,2.0151978568810045e+17,2.0251089166619446e+17,0.0125966508498729
golovin_controlled_high_resolution_convergence_v1,controlled,golovin,131072,0.1,300.0,3600.0,899.9999761581421,golovin_relative_error_radius_moment_0_m3,100,100,0.00011824980484433368,0.004860670072596269,0.00048606700725962695,-0.0008462125905670963,0.0010827122002557636,-0.000809298630730498,0.0010539265429024179,41.10510016481591
golovin_controlled_high_resolution_convergence_v1,controlled,golovin,131072,0.1,300.0,3600.0,899.9999761581421,golovin_relative_error_radius_moment_3_um3_m3,100,100,2.972956858373177e-05,4.001631578840806e-10,4.001631578840806e-11,2.9729489182679644e-05,2.9729647984783895e-05,2.972949239774136e-05,2.972964581216103e-05,1.3460106451159627e-05
golovin_controlled_high_resolution_convergence_v1,controlled,golovin,131072,0.1,300.0,3600.0,899.9999761581421,golovin_relative_error_radius_moment_6_um6_m3,100,100,-0.00089477084889934,0.01258537973389867,0.001258537973389867,-0.00339198322991473,0.0016024415321160498,-0.003363777618899026,0.001571148226721612,14.06547804879873
golovin_controlled_high_resolution_convergence_v1,controlled,golovin,131072,0.1,300.0,3600.0,899.9999761581421,liquid_water_gm3,100,100,0.998236347536374,3.9944552902119573e-10,3.9944552902119574e-11,0.9982363474571153,0.9982363476156327,0.9982363474573649,0.9982363476128812,4.0015125677102297e-10
golovin_controlled_high_resolution_convergence_v1,controlled,golovin,131072,0.1,300.0,3600.0,899.9999761581421,relative_liquid_mass_drift,100,100,1.4528841352223764e-10,4.001512499814897e-10,4.001512499814897e-11,6.588972418106105e-11,2.2468710286341425e-10,6.702756641385759e-11,2.2381801442761248e-10,2.7541855560302
golovin_controlled_high_resolution_convergence_v1,controlled,golovin,131072,0.1,300.0,3600.0,899.9999761581421,mass_fraction_r_ge_cloud_threshold,100,100,0.875648094115671,0.0010456774619178994,0.00010456774619178993,0.8754406090210881,0.8758555792102539,0.8754464938749615,0.8758504141572415,0.0011941754558078988
golovin_controlled_high_resolution_convergence_v1,controlled,golovin,131072,0.1,300.0,3600.0,899.9999761581421,mass_fraction_r_ge_large_threshold,100,100,0.0,0.0,0.0,0.0,0.0,0.0,0.0,nan
golovin_controlled_high_resolution_convergence_v1,controlled,golovin,131072,0.1,300.0,3600.0,899.9999761581421,mass_fraction_r_ge_onset_threshold,100,100,0.0,0.0,0.0,0.0,0.0,0.0,0.0,nan
golovin_controlled_high_resolution_convergence_v1,controlled,golovin,131072,0.1,300.0,3600.0,899.9999761581421,mass_weighted_radius_q99_um,100,100,171.61538314819336,1.525592961851539,0.1525592961851539,171.31267240658067,171.91809388980604,171.31753128051758,171.91753912353514,0.008889604963525668
golovin_controlled_high_resolution_convergence_v1,controlled,golovin,131072,0.1,300.0,3600.0,899.9999761581421,fixed_bin_mass_below_range_fraction,100,100,0.0,0.0,0.0,0.0,0.0,0.0,0.0,nan
golovin_controlled_high_resolution_convergence_v1,controlled,golovin,131072,0.1,300.0,3600.0,899.9999761581421,fixed_bin_mass_above_range_fraction,100,100,0.0,0.0,0.0,0.0,0.0,0.0,0.0,nan
golovin_controlled_high_resolution_convergence_v1,controlled,golovin,131072,0.1,300.0,3600.0,899.9999761581421,fixed_bin_mass_below_range_fraction_bins_250,100,100,0.0,0.0,0.0,0.0,0.0,0.0,0.0,nan
golovin_controlled_high_resolution_convergence_v1,controlled,golovin,131072,0.1,300.0,3600.0,899.9999761581421,fixed_bin_mass_below_range_fraction_bins_500,100,100,0.0,0.0,0.0,0.0,0.0,0.0,0.0,nan
golovin_controlled_high_resolution_convergence_v1,controlled,golovin,131072,0.1,300.0,3600.0,899.9999761581421,fixed_bin_mass_below_range_fraction_bins_1000,100,100,0.0,0.0,0.0,0.0,0.0,0.0,0.0,nan
golovin_controlled_high_resolution_convergence_v1,controlled,golovin,131072,0.1,300.0,3600.0,899.9999761581421,fixed_bin_mass_above_range_fraction_bins_250,100,100,0.0,0.0,0.0,0.0,0.0,0.0,0.0,nan
golovin_controlled_high_resolution_convergence_v1,controlled,golovin,131072,0.1,300.0,3600.0,899.9999761581421,fixed_bin_mass_above_range_fraction_bins_500,100,100,0.0,0.0,0.0,0.0,0.0,0.0,0.0,nan
golovin_controlled_high_resolution_convergence_v1,controlled,golovin,131072,0.1,300.0,3600.0,899.9999761581421,fixed_bin_mass_above_range_fraction_bins_1000,100,100,0.0,0.0,0.0,0.0,0.0,0.0,0.0,nan
golovin_controlled_high_resolution_convergence_v1,controlled,golovin,16384,0.1,300.0,3600.0,0.0,golovin_fixed_bin_l1_relative,100,100,0.007120967653698126,0.0,0.0,0.007120967653698126,0.007120967653698126,0.007120967653698126,0.007120967653698126,0.0
golovin_controlled_high_resolution_convergence_v1,controlled,golovin,16384,0.1,300.0,3600.0,0.0,golovin_fixed_bin_l1_relative_bins_250,100,100,0.00332856509419501,4.358656730936491e-19,4.358656730936491e-20,0.00332856509419501,0.00332856509419501,0.00332856509419501,0.00332856509419501,1.3094701793688676e-16
golovin_controlled_high_resolution_convergence_v1,controlled,golovin,16384,0.1,300.0,3600.0,0.0,golovin_fixed_bin_l1_relative_bins_500,100,100,0.007120967653698126,0.0,0.0,0.007120967653698126,0.007120967653698126,0.007120967653698126,0.007120967653698126,0.0
golovin_controlled_high_resolution_convergence_v1,controlled,golovin,16384,0.1,300.0,3600.0,0.0,golovin_fixed_bin_l1_relative_bins_1000,100,100,0.01348464728023573,0.0,0.0,0.01348464728023573,0.01348464728023573,0.01348464728023573,0.01348464728023573,0.0
golovin_controlled_high_resolution_convergence_v1,controlled,golovin,16384,0.1,300.0,3600.0,0.0,radius_moment_0_m3,100,100,8388608.0,0.0,0.0,8388608.0,8388608.0,8388608.0,8388608.0,0.0
golovin_controlled_high_resolution_convergence_v1,controlled,golovin,16384,0.1,300.0,3600.0,0.0,radius_moment_3_um3_m3,100,100,238740390078.92203,0.0,0.0,238740390078.92203,238740390078.92203,238740390078.92203,238740390078.92203,0.0
golovin_controlled_high_resolution_convergence_v1,controlled,golovin,16384,0.1,300.0,3600.0,0.0,radius_moment_6_um6_m3,100,100,1.3588188114267856e+16,4.020151261036848,0.40201512610368484,1.3588188114267856e+16,1.3588188114267856e+16,1.3588188114267856e+16,1.3588188114267856e+16,2.9585631485448846e-16
golovin_controlled_high_resolution_convergence_v1,controlled,golovin,16384,0.1,300.0,3600.0,0.0,golovin_relative_error_radius_moment_0_m3,100,100,0.0,0.0,0.0,0.0,0.0,0.0,0.0,nan
golovin_controlled_high_resolution_convergence_v1,controlled,golovin,16384,0.1,300.0,3600.0,0.0,golovin_relative_error_radius_moment_3_um3_m3,100,100,2.972944827761559e-05,0.0,0.0,2.972944827761559e-05,2.972944827761559e-05,2.972944827761559e-05,2.972944827761559e-05,0.0
golovin_controlled_high_resolution_convergence_v1,controlled,golovin,16384,0.1,300.0,3600.0,0.0,golovin_relative_error_radius_moment_6_um6_m3,100,100,-1.0409391858035022e-05,0.0,0.0,-1.0409391858035022e-05,-1.0409391858035022e-05,-1.0409391858035022e-05,-1.0409391858035022e-05,0.0
golovin_controlled_high_resolution_convergence_v1,controlled,golovin,16384,0.1,300.0,3600.0,0.0,liquid_water_gm3,100,100,0.9982363474162839,2.2316322462394835e-16,2.2316322462394835e-17,0.9982363474162839,0.9982363474162839,0.9982363474162839,0.9982363474162839,2.2355750239064873e-16
golovin_controlled_high_resolution_convergence_v1,controlled,golovin,16384,0.1,300.0,3600.0,0.0,relative_liquid_mass_drift,100,100,0.0,0.0,0.0,0.0,0.0,0.0,0.0,nan
golovin_controlled_high_resolution_convergence_v1,controlled,golovin,16384,0.1,300.0,3600.0,0.0,mass_fraction_r_ge_cloud_threshold,100,100,0.34263379172213737,1.1158161231197418e-16,1.1158161231197418e-17,0.34263379172213737,0.34263379172213737,0.34263379172213737,0.34263379172213737,3.256585164911653e-16
golovin_controlled_high_resolution_convergence_v1,controlled,golovin,16384,0.1,300.0,3600.0,0.0,mass_fraction_r_ge_large_threshold,100,100,0.0,0.0,0.0,0.0,0.0,0.0,0.0,nan
golovin_controlled_high_resolution_convergence_v1,controlled,golovin,16384,0.1,300.0,3600.0,0.0,mass_fraction_r_ge_onset_threshold,100,100,0.0,0.0,0.0,0.0,0.0,0.0,0.0,nan
golovin_controlled_high_resolution_convergence_v1,controlled,golovin,16384,0.1,300.0,3600.0,0.0,mass_weighted_radius_q99_um,100,100,57.375732421875,0.0,0.0,57.375732421875,57.375732421875,57.375732421875,57.375732421875,0.0
golovin_controlled_high_resolution_convergence_v1,controlled,golovin,16384,0.1,300.0,3600.0,0.0,fixed_bin_mass_below_range_fraction,100,100,0.0,0.0,0.0,0.0,0.0,0.0,0.0,nan
golovin_controlled_high_resolution_convergence_v1,controlled,golovin,16384,0.1,300.0,3600.0,0.0,fixed_bin_mass_above_range_fraction,100,100,0.0,0.0,0.0,0.0,0.0,0.0,0.0,nan
golovin_controlled_high_resolution_convergence_v1,controlled,golovin,16384,0.1,300.0,3600.0,0.0,fixed_bin_mass_below_range_fraction_bins_250,100,100,0.0,0.0,0.0,0.0,0.0,0.0,0.0,nan
golovin_controlled_high_resolution_convergence_v1,controlled,golovin,16384,0.1,300.0,3600.0,0.0,fixed_bin_mass_below_range_fraction_bins_500,100,100,0.0,0.0,0.0,0.0,0.0,0.0,0.0,nan
golovin_controlled_high_resolution_convergence_v1,controlled,golovin,16384,0.1,300.0,3600.0,0.0,fixed_bin_mass_below_range_fraction_bins_1000,100,100,0.0,0.0,0.0,0.0,0.0,0.0,0.0,nan
golovin_controlled_high_resolution_convergence_v1,controlled,golovin,16384,0.1,300.0,3600.0,0.0,fixed_bin_mass_above_range_fraction_bins_250,100,100,0.0,0.0,0.0,0.0,0.0,0.0,0.0,nan
golovin_controlled_high_resolution_convergence_v1,controlled,golovin,16384,0.1,300.0,3600.0,0.0,fixed_bin_mass_above_range_fraction_bins_500,100,100,0.0,0.0,0.0,0.0,0.0,0.0,0.0,nan
golovin_controlled_high_resolution_convergence_v1,controlled,golovin,16384,0.1,300.0,3600.0,0.0,fixed_bin_mass_above_range_fraction_bins_1000,100,100,0.0,0.0,0.0,0.0,0.0,0.0,0.0,nan
golovin_controlled_high_resolution_convergence_v1,controlled,golovin,16384,0.1,300.0,3600.0,1200.0000476837158,golovin_fixed_bin_l1_relative,100,100,0.13103832649499594,0.009704173358335235,0.0009704173358335234,0.12911280796712174,0.13296384502287015,0.12916435629165365,0.13291442984385296,0.07405599276106303
golovin_controlled_high_resolution_convergence_v1,controlled,golovin,16384,0.1,300.0,3600.0,1200.0000476837158,golovin_fixed_bin_l1_relative_bins_250,100,100,0.09341688724252153,0.010483144556826845,0.0010483144556826846,0.09133680392896286,0.09549697055608021,0.09136034752508858,0.09549156868571984,0.1122189452706911
golovin_controlled_high_resolution_convergence_v1,controlled,golovin,16384,0.1,300.0,3600.0,1200.0000476837158,golovin_fixed_bin_l1_relative_bins_500,100,100,0.13103832649499594,0.009704173358335235,0.0009704173358335234,0.12911280796712174,0.13296384502287015,0.129192145777183,0.1329713602175298,0.07405599276106303
golovin_controlled_high_resolution_convergence_v1,controlled,golovin,16384,0.1,300.0,3600.0,1200.0000476837158,golovin_fixed_bin_l1_relative_bins_1000,100,100,0.18414592139397962,0.009967927989874935,0.0009967927989874936,0.18216806822500936,0.18612377456294987,0.1822362513885782,0.1861418596871697,0.05413059335997231
golovin_controlled_high_resolution_convergence_v1,controlled,golovin,16384,0.1,300.0,3600.0,1200.0000476837158,radius_moment_0_m3,100,100,1386619.3535354063,16964.48216612392,1696.448216612392,1383253.2322265154,1389985.4748442972,1383379.0026114031,1389994.895728284,0.012234419001054814
golovin_controlled_high_resolution_convergence_v1,controlled,golovin,16384,0.1,300.0,3600.0,1200.0000476837158,radius_moment_3_um3_m3,100,100,238740390148.94165,277.8723839859489,27.787238398594887,238740390093.80576,238740390204.07755,238740390094.0783,238740390203.14227,1.1639102366071957e-09
golovin_controlled_high_resolution_convergence_v1,controlled,golovin,16384,0.1,300.0,3600.0,1200.0000476837158,radius_moment_6_um6_m3,100,100,4.9955024776995846e+17,1.8812298552005932e+16,1881229855200593.2,4.95817479601439e+17,5.0328301593847795e+17,4.957794121167165e+17,5.0316995078411725e+17,0.037658471066696265
golovin_controlled_high_resolution_convergence_v1,controlled,golovin,16384,0.1,300.0,3600.0,1200.0000476837158,golovin_relative_error_radius_moment_0_m3,100,100,7.617933693271351e-07,0.012234428321154086,0.0012234428321154086,-0.0024268142134109623,0.0024283378001496163,-0.0023786317056724523,0.0023571441050678522,16060.035192955696
golovin_controlled_high_resolution_convergence_v1,controlled,golovin,16384,0.1,300.0,3600.0,1200.0000476837158,golovin_relative_error_radius_moment_3_um3_m3,100,100,2.9729741574278102e-05,1.163944838784222e-09,1.163944838784222e-10,2.972951062237012e-05,2.9729972526186084e-05,2.9729514489888477e-05,2.9729969338602115e-05,3.9150856252018564e-05
golovin_controlled_high_resolution_convergence_v1,controlled,golovin,16384,0.1,300.0,3600.0,1200.0000476837158,golovin_relative_error_radius_moment_6_um6_m3,100,100,0.00449356784004098,0.037827691961186675,0.0037827691961186674,-0.0030122669228366053,0.011999402602918565,-0.0029550094477555325,0.011669042850346993,8.418186462906878
golovin_controlled_high_resolution_convergence_v1,controlled,golovin,16384,0.1,300.0,3600.0,1200.0000476837158,liquid_water_gm3,100,100,0.9982363477090546,1.1618575077776521e-09,1.1618575077776521e-10,0.9982363474785169,0.9982363479395923,0.9982363474870988,0.9982363479336758,1.1639102407401885e-09
golovin_controlled_high_resolution_convergence_v1,controlled,golovin,16384,0.1,300.0,3600.0,1200.0000476837158,relative_liquid_mass_drift,100,100,2.932880349693079e-10,1.1639102467544093e-09,1.1639102467544093e-10,6.2342990795785e-11,5.242330791428308e-10,7.162695325746432e-11,5.195706085925344e-10,3.9684886799975
golovin_controlled_high_resolution_convergence_v1,controlled,golovin,16384,0.1,300.0,3600.0,1200.0000476837158,mass_fraction_r_ge_cloud_threshold,100,100,0.9243677936381504,0.0020097625909010677,0.00020097625909010677,0.9239690131379974,0.9247665741383033,0.923979174797576,0.9247619201024286,0.002174202308575673
golovin_controlled_high_resolution_convergence_v1,controlled,golovin,16384,0.1,300.0,3600.0,1200.0000476837158,mass_fraction_r_ge_large_threshold,100,100,0.0,0.0,0.0,0.0,0.0,0.0,0.0,nan
golovin_controlled_high_resolution_convergence_v1,controlled,golovin,16384,0.1,300.0,3600.0,1200.0000476837158,mass_fraction_r_ge_onset_threshold,100,100,0.0,0.0,0.0,0.0,0.0,0.0,0.0,nan
golovin_controlled_high_resolution_convergence_v1,controlled,golovin,16384,0.1,300.0,3600.0,1200.0000476837158,mass_weighted_radius_q99_um,100,100,234.9128872680664,5.9360634302917985,0.5936063430291798,233.7350434996587,236.09073103647412,233.76758804702757,236.09463793563842,0.025269211490802426
golovin_controlled_high_resolution_convergence_v1,controlled,golovin,16384,0.1,300.0,3600.0,1200.0000476837158,fixed_bin_mass_below_range_fraction,100,100,0.0,0.0,0.0,0.0,0.0,0.0,0.0,nan
golovin_controlled_high_resolution_convergence_v1,controlled,golovin,16384,0.1,300.0,3600.0,1200.0000476837158,fixed_bin_mass_above_range_fraction,100,100,0.0,0.0,0.0,0.0,0.0,0.0,0.0,nan
golovin_controlled_high_resolution_convergence_v1,controlled,golovin,16384,0.1,300.0,3600.0,1200.0000476837158,fixed_bin_mass_below_range_fraction_bins_250,100,100,0.0,0.0,0.0,0.0,0.0,0.0,0.0,nan
golovin_controlled_high_resolution_convergence_v1,controlled,golovin,16384,0.1,300.0,3600.0,1200.0000476837158,fixed_bin_mass_below_range_fraction_bins_500,100,100,0.0,0.0,0.0,0.0,0.0,0.0,0.0,nan
golovin_controlled_high_resolution_convergence_v1,controlled,golovin,16384,0.1,300.0,3600.0,1200.0000476837158,fixed_bin_mass_below_range_fraction_bins_1000,100,100,0.0,0.0,0.0,0.0,0.0,0.0,0.0,nan
golovin_controlled_high_resolution_convergence_v1,controlled,golovin,16384,0.1,300.0,3600.0,1200.0000476837158,fixed_bin_mass_above_range_fraction_bins_250,100,100,0.0,0.0,0.0,0.0,0.0,0.0,0.0,nan
golovin_controlled_high_resolution_convergence_v1,controlled,golovin,16384,0.1,300.0,3600.0,1200.0000476837158,fixed_bin_mass_above_range_fraction_bins_500,100,100,0.0,0.0,0.0,0.0,0.0,0.0,0.0,nan
golovin_controlled_high_resolution_convergence_v1,controlled,golovin,16384,0.1,300.0,3600.0,1200.0000476837158,fixed_bin_mass_above_range_fraction_bins_1000,100,100,0.0,0.0,0.0,0.0,0.0,0.0,0.0,nan
golovin_controlled_high_resolution_convergence_v1,controlled,golovin,16384,0.1,300.0,3600.0,1500.0,golovin_fixed_bin_l1_relative,100,100,0.13009666065646483,0.009546359362848601,0.0009546359362848601,0.12820245584909484,0.13199086546383482,0.1282499509623135,0.13195876935488063,0.07337897310106106
golovin_controlled_high_resolution_convergence_v1,controlled,golovin,16384,0.1,300.0,3600.0,1500.0,golovin_fixed_bin_l1_relative_bins_250,100,100,0.09335639543937846,0.010596855941210641,0.001059685594121064,0.09125374932017152,0.0954590415585854,0.09128740888965114,0.09547104023237919,0.11350969466351958
golovin_controlled_high_resolution_convergence_v1,controlled,golovin,16384,0.1,300.0,3600.0,1500.0,golovin_fixed_bin_l1_relative_bins_500,100,100,0.13009666065646483,0.009546359362848601,0.0009546359362848601,0.12820245584909484,0.13199086546383482,0.12819066400867954,0.1319374351224627,0.07337897310106106
golovin_controlled_high_resolution_convergence_v1,controlled,golovin,16384,0.1,300.0,3600.0,1500.0,golovin_fixed_bin_l1_relative_bins_1000,100,100,0.18478985206137324,0.009111040316687372,0.0009111040316687371,0.18298202399707741,0.18659768012566907,0.18305768117775517,0.18658246684953605,0.04930487369869949
golovin_controlled_high_resolution_convergence_v1,controlled,golovin,16384,0.1,300.0,3600.0,1500.0,radius_moment_0_m3,100,100,884693.3138844488,11436.097527964092,1143.609752796409,882424.1440269507,886962.483741947,882451.00226827,886861.3355495953,0.012926623665495202
golovin_controlled_high_resolution_convergence_v1,controlled,golovin,16384,0.1,300.0,3600.0,1500.0,radius_moment_3_um3_m3,100,100,238740390134.4969,278.50661716002736,27.850661716002737,238740390079.23514,238740390189.75864,238740390079.22165,238740390188.59894,1.166566817634535e-09
golovin_controlled_high_resolution_convergence_v1,controlled,golovin,16384,0.1,300.0,3600.0,1500.0,radius_moment_6_um6_m3,100,100,1.2277037859113585e+18,4.923537545998691e+16,4923537545998691.0,1.2179344192508157e+18,1.2374731525719012e+18,1.2178749149066962e+18,1.2373319694612746e+18,0.04010362762173787
golovin_controlled_high_resolution_convergence_v1,controlled,golovin,16384,0.1,300.0,3600.0,1500.0,golovin_relative_error_radius_moment_0_m3,100,100,0.000619640223889546,0.012934633521477425,0.0012934633521477425,-0.0019468716856977965,0.0031861521334768887,-0.0019319329624991443,0.0031337333698569945,20.8744252274092
golovin_controlled_high_resolution_convergence_v1,controlled,golovin,16384,0.1,300.0,3600.0,1500.0,golovin_relative_error_radius_moment_3_um3_m3,100,100,2.9729681068237922e-05,1.1666014817018725e-09,1.1666014817018724e-10,2.9729449589194347e-05,2.9729912547281497e-05,2.9729449352061453e-05,2.972990077934484e-05,3.924029588558976e-05
golovin_controlled_high_resolution_convergence_v1,controlled,golovin,16384,0.1,300.0,3600.0,1500.0,golovin_relative_error_radius_moment_6_um6_m3,100,100,0.0036797623788365308,0.04025119944191522,0.0040251199441915225,-0.004306948846596862,0.011666473604269924,-0.004152644376930405,0.011695897809120245,10.938532246922385
golovin_controlled_high_resolution_convergence_v1,controlled,golovin,16384,0.1,300.0,3600.0,1500.0,liquid_water_gm3,100,100,0.998236347648657,1.1645093757243825e-09,1.1645093757243826e-10,0.998236347417593,0.9982363478797209,0.9982363474181555,0.9982363478771633,1.166566793993608e-09
golovin_controlled_high_resolution_convergence_v1,controlled,golovin,16384,0.1,300.0,3600.0,1500.0,relative_liquid_mass_drift,100,100,2.327837989035686e-10,1.1665668012510193e-09,1.1665668012510193e-10,1.3116366835470395e-12,4.6425596112359014e-10,1.3128062525958398e-12,4.5787534824759377e-10,5.011374531843057
golovin_controlled_high_resolution_convergence_v1,controlled,golovin,16384,0.1,300.0,3600.0,1500.0,mass_fraction_r_ge_cloud_threshold,100,100,0.9532291487074809,0.001328518928415737,0.0001328518928415737,0.9529655417296543,0.9534927556853074,0.9529713268508593,0.9534859133408621,0.0013937036338189256
golovin_controlled_high_resolution_convergence_v1,controlled,golovin,16384,0.1,300.0,3600.0,1500.0,mass_fraction_r_ge_large_threshold,100,100,0.0,0.0,0.0,0.0,0.0,0.0,0.0,nan
golovin_controlled_high_resolution_convergence_v1,controlled,golovin,16384,0.1,300.0,3600.0,1500.0,mass_fraction_r_ge_onset_threshold,100,100,0.0,0.0,0.0,0.0,0.0,0.0,0.0,nan
golovin_controlled_high_resolution_convergence_v1,controlled,golovin,16384,0.1,300.0,3600.0,1500.0,mass_weighted_radius_q99_um,100,100,319.6133438110352,8.211957236757646,0.8211957236757647,317.98391333554747,321.2427742865229,318.019168800354,321.2282027053833,0.025693411729432666
golovin_controlled_high_resolution_convergence_v1,controlled,golovin,16384,0.1,300.0,3600.0,1500.0,fixed_bin_mass_below_range_fraction,100,100,0.0,0.0,0.0,0.0,0.0,0.0,0.0,nan
golovin_controlled_high_resolution_convergence_v1,controlled,golovin,16384,0.1,300.0,3600.0,1500.0,fixed_bin_mass_above_range_fraction,100,100,0.0,0.0,0.0,0.0,0.0,0.0,0.0,nan
golovin_controlled_high_resolution_convergence_v1,controlled,golovin,16384,0.1,300.0,3600.0,1500.0,fixed_bin_mass_below_range_fraction_bins_250,100,100,0.0,0.0,0.0,0.0,0.0,0.0,0.0,nan
golovin_controlled_high_resolution_convergence_v1,controlled,golovin,16384,0.1,300.0,3600.0,1500.0,fixed_bin_mass_below_range_fraction_bins_500,100,100,0.0,0.0,0.0,0.0,0.0,0.0,0.0,nan
golovin_controlled_high_resolution_convergence_v1,controlled,golovin,16384,0.1,300.0,3600.0,1500.0,fixed_bin_mass_below_range_fraction_bins_1000,100,100,0.0,0.0,0.0,0.0,0.0,0.0,0.0,nan
golovin_controlled_high_resolution_convergence_v1,controlled,golovin,16384,0.1,300.0,3600.0,1500.0,fixed_bin_mass_above_range_fraction_bins_250,100,100,0.0,0.0,0.0,0.0,0.0,0.0,0.0,nan
golovin_controlled_high_resolution_convergence_v1,controlled,golovin,16384,0.1,300.0,3600.0,1500.0,fixed_bin_mass_above_range_fraction_bins_500,100,100,0.0,0.0,0.0,0.0,0.0,0.0,0.0,nan
golovin_controlled_high_resolution_convergence_v1,controlled,golovin,16384,0.1,300.0,3600.0,1500.0,fixed_bin_mass_above_range_fraction_bins_1000,100,100,0.0,0.0,0.0,0.0,0.0,0.0,0.0,nan
golovin_controlled_high_resolution_convergence_v1,controlled,golovin,16384,0.1,300.0,3600.0,1799.9999523162842,golovin_fixed_bin_l1_relative,100,100,0.13351036502419078,0.009060150657925866,0.0009060150657925866,0.13171263457225243,0.13530809547612913,0.1317882727531693,0.13529826807274417,0.0678610282900826
golovin_controlled_high_resolution_convergence_v1,controlled,golovin,16384,0.1,300.0,3600.0,1799.9999523162842,golovin_fixed_bin_l1_relative_bins_250,100,100,0.09563915780297069,0.009518387823622862,0.0009518387823622863,0.09375050315583007,0.09752781245011131,0.09385738578129885,0.09750463708227368,0.09952396112931065
golovin_controlled_high_resolution_convergence_v1,controlled,golovin,16384,0.1,300.0,3600.0,1799.9999523162842,golovin_fixed_bin_l1_relative_bins_500,100,100,0.13351036502419078,0.009060150657925866,0.0009060150657925866,0.13171263457225243,0.13530809547612913,0.13177596750372988,0.13525398613612952,0.0678610282900826
golovin_controlled_high_resolution_convergence_v1,controlled,golovin,16384,0.1,300.0,3600.0,1799.9999523162842,golovin_fixed_bin_l1_relative_bins_1000,100,100,0.18726075665955735,0.008933214783724571,0.0008933214783724572,0.1854882130389545,0.18903330028016022,0.18557032831068,0.18901474510977762,0.04770468165930398
golovin_controlled_high_resolution_convergence_v1,controlled,golovin,16384,0.1,300.0,3600.0,1799.9999523162842,radius_moment_0_m3,100,100,564041.4873933377,7653.415935843739,765.3415935843739,562522.8836295934,565560.0911570819,562523.3175557315,565568.1414452076,0.013568888294393466
golovin_controlled_high_resolution_convergence_v1,controlled,golovin,16384,0.1,300.0,3600.0,1799.9999523162842,radius_moment_3_um3_m3,100,100,238740390127.08987,252.5292687735634,25.252926877356337,238740390076.98257,238740390177.19717,238740390077.4766,238740390175.79938,1.05775679029063e-09
golovin_controlled_high_resolution_convergence_v1,controlled,golovin,16384,0.1,300.0,3600.0,1799.9999523162842,radius_moment_6_um6_m3,100,100,3.015019069522048e+18,1.3507431429408322e+17,1.3507431429408322e+16,2.988217395107425e+18,3.041820743936671e+18,2.9892965795443507e+18,3.041141153043695e+18,0.044800484235575894
golovin_controlled_high_resolution_convergence_v1,controlled,golovin,16384,0.1,300.0,3600.0,1799.9999523162842,golovin_relative_error_radius_moment_0_m3,100,100,0.0005079218349481351,0.013575780229034162,0.0013575780229034163,-0.0021858074911979973,0.0032016511610942675,-0.0021760380749308995,0.003121156748072347,26.728089432147392
golovin_controlled_high_resolution_convergence_v1,controlled,golovin,16384,0.1,300.0,3600.0,1799.9999523162842,golovin_relative_error_radius_moment_3_um3_m3,100,100,2.9729650042162882e-05,1.0577882425705766e-09,1.0577882425705766e-10,2.9729440154026673e-05,2.972985993029909e-05,2.972944465997801e-05,2.9729852027481242e-05,3.5580245346662706e-05
golovin_controlled_high_resolution_convergence_v1,controlled,golovin,16384,0.1,300.0,3600.0,1799.9999523162842,golovin_relative_error_radius_moment_6_um6_m3,100,100,0.002132683605922602,0.044896029493842506,0.0044896029493842506,-0.006775662672138005,0.011041029883983209,-0.0065996332688305435,0.011022235419294032,21.05142524149541
golovin_controlled_high_resolution_convergence_v1,controlled,golovin,16384,0.1,300.0,3600.0,1799.9999523162842,liquid_water_gm3,100,100,0.9982363476176864,1.0558912606582234e-09,1.0558912606582234e-10,0.9982363474081747,0.9982363478271982,0.9982363474142525,0.9982363478185048,1.0577567759159758e-09
golovin_controlled_high_resolution_convergence_v1,controlled,golovin,16384,0.1,300.0,3600.0,1799.9999523162842,relative_liquid_mass_drift,100,100,2.0175862203153373e-10,1.0577567772054754e-09,1.0577567772054753e-10,-8.123270767118415e-12,4.116405148301859e-10,2.0989738558352884e-12,4.010939799181656e-10,5.242684384710726
golovin_controlled_high_resolution_convergence_v1,controlled,golovin,16384,0.1,300.0,3600.0,1799.9999523162842,mass_fraction_r_ge_cloud_threshold,100,100,0.9707964815249777,0.000839982082129042,8.39982082129042e-05,0.9706298108563387,0.9709631521936166,0.9706325247495491,0.9709574746924031,0.0008652504393192221
golovin_controlled_high_resolution_convergence_v1,controlled,golovin,16384,0.1,300.0,3600.0,1799.9999523162842,mass_fraction_r_ge_large_threshold,100,100,0.0,0.0,0.0,0.0,0.0,0.0,0.0,nan
golovin_controlled_high_resolution_convergence_v1,controlled,golovin,16384,0.1,300.0,3600.0,1799.9999523162842,mass_fraction_r_ge_onset_threshold,100,100,0.0,0.0,0.0,0.0,0.0,0.0,0.0,nan
golovin_controlled_high_resolution_convergence_v1,controlled,golovin,16384,0.1,300.0,3600.0,1799.9999523162842,mass_weighted_radius_q99_um,100,100,432.61064849853517,12.124368191492552,1.2124368191492552,430.2049108092517,435.0163861878186,430.32159696960446,434.9197345123291,0.02802605121619794
golovin_controlled_high_resolution_convergence_v1,controlled,golovin,16384,0.1,300.0,3600.0,1799.9999523162842,fixed_bin_mass_below_range_fraction,100,100,0.0,0.0,0.0,0.0,0.0,0.0,0.0,nan
golovin_controlled_high_resolution_convergence_v1,controlled,golovin,16384,0.1,300.0,3600.0,1799.9999523162842,fixed_bin_mass_above_range_fraction,100,100,0.0,0.0,0.0,0.0,0.0,0.0,0.0,nan
golovin_controlled_high_resolution_convergence_v1,controlled,golovin,16384,0.1,300.0,3600.0,1799.9999523162842,fixed_bin_mass_below_range_fraction_bins_250,100,100,0.0,0.0,0.0,0.0,0.0,0.0,0.0,nan
golovin_controlled_high_resolution_convergence_v1,controlled,golovin,16384,0.1,300.0,3600.0,1799.9999523162842,fixed_bin_mass_below_range_fraction_bins_500,100,100,0.0,0.0,0.0,0.0,0.0,0.0,0.0,nan
golovin_controlled_high_resolution_convergence_v1,controlled,golovin,16384,0.1,300.0,3600.0,1799.9999523162842,fixed_bin_mass_below_range_fraction_bins_1000,100,100,0.0,0.0,0.0,0.0,0.0,0.0,0.0,nan
golovin_controlled_high_resolution_convergence_v1,controlled,golovin,16384,0.1,300.0,3600.0,1799.9999523162842,fixed_bin_mass_above_range_fraction_bins_250,100,100,0.0,0.0,0.0,0.0,0.0,0.0,0.0,nan
golovin_controlled_high_resolution_convergence_v1,controlled,golovin,16384,0.1,300.0,3600.0,1799.9999523162842,fixed_bin_mass_above_range_fraction_bins_500,100,100,0.0,0.0,0.0,0.0,0.0,0.0,0.0,nan
golovin_controlled_high_resolution_convergence_v1,controlled,golovin,16384,0.1,300.0,3600.0,1799.9999523162842,fixed_bin_mass_above_range_fraction_bins_1000,100,100,0.0,0.0,0.0,0.0,0.0,0.0,0.0,nan
golovin_controlled_high_resolution_convergence_v1,controlled,golovin,16384,0.1,300.0,3600.0,2099.9999046325684,golovin_fixed_bin_l1_relative,100,100,0.1351652409410917,0.010767474467454855,0.0010767474467454855,0.1330287404046819,0.1373017414775015,0.13311951376814748,0.13728387826257382,0.07966156381985501
golovin_controlled_high_resolution_convergence_v1,controlled,golovin,16384,0.1,300.0,3600.0,2099.9999046325684,golovin_fixed_bin_l1_relative_bins_250,100,100,0.0968689445883962,0.009656100024049711,0.0009656100024049711,0.09495296485300286,0.09878492432378955,0.09500375796644028,0.09875145074209846,0.09968210209246361
golovin_controlled_high_resolution_convergence_v1,controlled,golovin,16384,0.1,300.0,3600.0,2099.9999046325684,golovin_fixed_bin_l1_relative_bins_500,100,100,0.1351652409410917,0.010767474467454855,0.0010767474467454855,0.1330287404046819,0.1373017414775015,0.13310638707391315,0.13728028243961787,0.07966156381985501
golovin_controlled_high_resolution_convergence_v1,controlled,golovin,16384,0.1,300.0,3600.0,2099.9999046325684,golovin_fixed_bin_l1_relative_bins_1000,100,100,0.19045012438840608,0.010657535262431383,0.0010657535262431383,0.18833543817542145,0.19256481060139072,0.18841110164768182,0.19249874565814332,0.05595971804511027
golovin_controlled_high_resolution_convergence_v1,controlled,golovin,16384,0.1,300.0,3600.0,2099.9999046325684,radius_moment_0_m3,100,100,359391.259611164,4908.734256819117,490.8734256819117,358417.26023884263,360365.25898348534,358461.20693017665,360363.1932241234,0.013658468662064908
golovin_controlled_high_resolution_convergence_v1,controlled,golovin,16384,0.1,300.0,3600.0,2099.9999046325684,radius_moment_3_um3_m3,100,100,238740390151.70105,233.3317175561516,23.33317175561516,238740390105.40298,238740390197.9991,238740390105.65982,238740390196.52893,9.773449620648074e-10
golovin_controlled_high_resolution_convergence_v1,controlled,golovin,16384,0.1,300.0,3600.0,2099.9999046325684,radius_moment_6_um6_m3,100,100,7.423036302309435e+18,3.47419190529898e+17,3.47419190529898e+16,7.35410079759385e+18,7.491971807025021e+18,7.357093358032465e+18,7.490338211610041e+18,0.046802841368539426
golovin_controlled_high_resolution_convergence_v1,controlled,golovin,16384,0.1,300.0,3600.0,2099.9999046325684,golovin_relative_error_radius_moment_0_m3,100,100,-0.0002067555485296335,0.013655644697884608,0.0013655644697884608,-0.0029163317179680156,0.0025028206209087487,-0.0028600740776815563,0.002422803616596665,66.04729495773311
golovin_controlled_high_resolution_convergence_v1,controlled,golovin,16384,0.1,300.0,3600.0,2099.9999046325684,golovin_relative_error_radius_moment_3_um3_m3,100,100,2.9729753132778926e-05,9.773740126549927e-10,9.773740126549927e-11,2.972955920057053e-05,2.9729947064987322e-05,2.97295591881076e-05,2.97299423196003e-05,3.287528181918794e-05
golovin_controlled_high_resolution_convergence_v1,controlled,golovin,16384,0.1,300.0,3600.0,2099.9999046325684,golovin_relative_error_radius_moment_6_um6_m3,100,100,0.003114108003332121,0.046948590471423884,0.004694859047142388,-0.0062015109033166605,0.012429726909980902,-0.005996384031979218,0.012245974414133361,15.076095761993004
golovin_controlled_high_resolution_convergence_v1,controlled,golovin,16384,0.1,300.0,3600.0,2099.9999046325684,liquid_water_gm3,100,100,0.9982363477205923,9.75621267666554e-10,9.756212676665539e-11,0.998236347527008,0.9982363479141767,0.9982363475302667,0.9982363479083288,9.77344964340681e-10
golovin_controlled_high_resolution_convergence_v1,controlled,golovin,16384,0.1,300.0,3600.0,2099.9999046325684,relative_liquid_mass_drift,100,100,3.048461838517369e-10,9.773449621969076e-10,9.773449621969076e-11,1.1091973969786783e-10,4.98772628005606e-10,1.1627584986517728e-10,4.947593374993175e-10,3.2060265601758133
golovin_controlled_high_resolution_convergence_v1,controlled,golovin,16384,0.1,300.0,3600.0,2099.9999046325684,mass_fraction_r_ge_cloud_threshold,100,100,0.9816416231777602,0.0005514602617698962,5.5146026176989616e-05,0.9815322014978072,0.9817510448577131,0.981534262724323,0.9817478864556533,0.0005617735115843139
golovin_controlled_high_resolution_convergence_v1,controlled,golovin,16384,0.1,300.0,3600.0,2099.9999046325684,mass_fraction_r_ge_large_threshold,100,100,0.0,0.0,0.0,0.0,0.0,0.0,0.0,nan
golovin_controlled_high_resolution_convergence_v1,controlled,golovin,16384,0.1,300.0,3600.0,2099.9999046325684,mass_fraction_r_ge_onset_threshold,100,100,0.0,0.0,0.0,0.0,0.0,0.0,0.0,nan
golovin_controlled_high_resolution_convergence_v1,controlled,golovin,16384,0.1,300.0,3600.0,2099.9999046325684,mass_weighted_radius_q99_um,100,100,588.0214959716797,15.872285578165762,1.5872285578165761,584.8720901612179,591.1709017821414,584.9274426727295,591.1031309509277,0.02699269616315218
golovin_controlled_high_resolution_convergence_v1,controlled,golovin,16384,0.1,300.0,3600.0,2099.9999046325684,fixed_bin_mass_below_range_fraction,100,100,0.0,0.0,0.0,0.0,0.0,0.0,0.0,nan
golovin_controlled_high_resolution_convergence_v1,controlled,golovin,16384,0.1,300.0,3600.0,2099.9999046325684,fixed_bin_mass_above_range_fraction,100,100,0.0,0.0,0.0,0.0,0.0,0.0,0.0,nan
golovin_controlled_high_resolution_convergence_v1,controlled,golovin,16384,0.1,300.0,3600.0,2099.9999046325684,fixed_bin_mass_below_range_fraction_bins_250,100,100,0.0,0.0,0.0,0.0,0.0,0.0,0.0,nan
golovin_controlled_high_resolution_convergence_v1,controlled,golovin,16384,0.1,300.0,3600.0,2099.9999046325684,fixed_bin_mass_below_range_fraction_bins_500,100,100,0.0,0.0,0.0,0.0,0.0,0.0,0.0,nan
golovin_controlled_high_resolution_convergence_v1,controlled,golovin,16384,0.1,300.0,3600.0,2099.9999046325684,fixed_bin_mass_below_range_fraction_bins_1000,100,100,0.0,0.0,0.0,0.0,0.0,0.0,0.0,nan
golovin_controlled_high_resolution_convergence_v1,controlled,golovin,16384,0.1,300.0,3600.0,2099.9999046325684,fixed_bin_mass_above_range_fraction_bins_250,100,100,0.0,0.0,0.0,0.0,0.0,0.0,0.0,nan
golovin_controlled_high_resolution_convergence_v1,controlled,golovin,16384,0.1,300.0,3600.0,2099.9999046325684,fixed_bin_mass_above_range_fraction_bins_500,100,100,0.0,0.0,0.0,0.0,0.0,0.0,0.0,nan
golovin_controlled_high_resolution_convergence_v1,controlled,golovin,16384,0.1,300.0,3600.0,2099.9999046325684,fixed_bin_mass_above_range_fraction_bins_1000,100,100,0.0,0.0,0.0,0.0,0.0,0.0,0.0,nan
golovin_controlled_high_resolution_convergence_v1,controlled,golovin,16384,0.1,300.0,3600.0,2400.0000953674316,golovin_fixed_bin_l1_relative,100,100,0.14077202783901593,0.010434321498230908,0.0010434321498230907,0.1387016320795067,0.14284242359852517,0.1387156365585064,0.14278949698258575,0.07412212254385785
golovin_controlled_high_resolution_convergence_v1,controlled,golovin,16384,0.1,300.0,3600.0,2400.0000953674316,golovin_fixed_bin_l1_relative_bins_250,100,100,0.09963405830505381,0.009240504123316642,0.0009240504123316642,0.0978005418127849,0.10146757479732273,0.09783790417690258,0.10149537990538078,0.09274443177878591
golovin_controlled_high_resolution_convergence_v1,controlled,golovin,16384,0.1,300.0,3600.0,2400.0000953674316,golovin_fixed_bin_l1_relative_bins_500,100,100,0.14077202783901593,0.010434321498230908,0.0010434321498230907,0.1387016320795067,0.14284242359852517,0.13868945899643859,0.14283866595164693,0.07412212254385785
golovin_controlled_high_resolution_convergence_v1,controlled,golovin,16384,0.1,300.0,3600.0,2400.0000953674316,golovin_fixed_bin_l1_relative_bins_1000,100,100,0.1982030950486601,0.009097214603521088,0.0009097214603521088,0.1963980103058075,0.2000081797915127,0.19644948825442832,0.19998282372732937,0.04589844876684527
golovin_controlled_high_resolution_convergence_v1,controlled,golovin,16384,0.1,300.0,3600.0,2400.0000953674316,radius_moment_0_m3,100,100,229029.0558493169,3237.83585614013,323.783585614013,228386.59897009615,229671.51272853767,228392.184088188,229664.57163016015,0.014137227454102466
golovin_controlled_high_resolution_convergence_v1,controlled,golovin,16384,0.1,300.0,3600.0,2400.0000953674316,radius_moment_3_um3_m3,100,100,238740390140.96005,293.1300350515573,29.313003505155727,238740390082.7967,238740390199.1234,238740390083.92438,238740390197.0009,1.2278192009256742e-09
golovin_controlled_high_resolution_convergence_v1,controlled,golovin,16384,0.1,300.0,3600.0,2400.0000953674316,radius_moment_6_um6_m3,100,100,1.826727430916734e+19,8.783267370376635e+17,8.783267370376635e+16,1.8092995229101169e+19,1.844155338923351e+19,1.809586661275133e+19,1.8443703120722252e+19,0.04808198104283569
golovin_controlled_high_resolution_convergence_v1,controlled,golovin,16384,0.1,300.0,3600.0,2400.0000953674316,golovin_relative_error_radius_moment_0_m3,100,100,-0.0007673189508647094,0.01412637969156425,0.001412637969156425,-0.003570299155719499,0.00203566125399008,-0.003453114776177853,0.0020365739114378946,18.410049270443416
golovin_controlled_high_resolution_convergence_v1,controlled,golovin,16384,0.1,300.0,3600.0,2400.0000953674316,golovin_relative_error_radius_moment_3_um3_m3,100,100,2.9729708141188472e-05,1.227855695644403e-09,1.227855695644403e-10,2.972946450797993e-05,2.9729951774397013e-05,2.9729465824602395e-05,2.9729945374656897e-05,4.130063066254233e-05
golovin_controlled_high_resolution_convergence_v1,controlled,golovin,16384,0.1,300.0,3600.0,2400.0000953674316,golovin_relative_error_radius_moment_6_um6_m3,100,100,0.0036349686273946936,0.04825675753546938,0.004825675753546938,-0.005940219005652699,0.013210156260442087,-0.0057971681116601005,0.013226694083100869,13.27570124588851
golovin_controlled_high_resolution_convergence_v1,controlled,golovin,16384,0.1,300.0,3600.0,2400.0000953674316,liquid_water_gm3,100,100,0.9982363476756813,1.2256537476609677e-09,1.2256537476609676e-10,0.998236347432485,0.9982363479188775,0.9982363474281056,0.9982363479112527,1.2278191938360198e-09
golovin_controlled_high_resolution_convergence_v1,controlled,golovin,16384,0.1,300.0,3600.0,2400.0000953674316,relative_liquid_mass_drift,100,100,2.5985591789456917e-10,1.2278191968164173e-09,1.2278191968164174e-10,1.6229951513933657e-11,5.034818842752047e-10,2.080395838932608e-11,4.924584327548053e-10,4.724999941369733
golovin_controlled_high_resolution_convergence_v1,controlled,golovin,16384,0.1,300.0,3600.0,2400.0000953674316,mass_fraction_r_ge_cloud_threshold,100,100,0.9883997441420957,0.0003581384318134655,3.581384318134655e-05,0.9883286817073539,0.9884708065768376,0.9883287831882425,0.9884708013984221,0.0003623416881034505
golovin_controlled_high_resolution_convergence_v1,controlled,golovin,16384,0.1,300.0,3600.0,2400.0000953674316,mass_fraction_r_ge_large_threshold,100,100,0.00022851304606154546,0.0004997825845357118,4.9978258453571175e-05,0.00012934533842720236,0.0003276807536958886,0.0001364409255333912,0.00033094892388328006,2.1871074459403306
golovin_controlled_high_resolution_convergence_v1,controlled,golovin,16384,0.1,300.0,3600.0,2400.0000953674316,mass_fraction_r_ge_onset_threshold,100,100,0.00022851304606154546,0.0004997825845357118,4.9978258453571175e-05,0.00012934533842720236,0.0003276807536958886,0.00013701890199180209,0.00033212588503764995,2.1871074459403306
golovin_controlled_high_resolution_convergence_v1,controlled,golovin,16384,0.1,300.0,3600.0,2400.0000953674316,mass_weighted_radius_q99_um,100,100,794.0545556640625,23.050147686461266,2.3050147686461266,789.4809062864578,798.6282050416672,789.5604199523926,798.4382731323242,0.029028418163515958
golovin_controlled_high_resolution_convergence_v1,controlled,golovin,16384,0.1,300.0,3600.0,2400.0000953674316,fixed_bin_mass_below_range_fraction,100,100,0.0,0.0,0.0,0.0,0.0,0.0,0.0,nan
golovin_controlled_high_resolution_convergence_v1,controlled,golovin,16384,0.1,300.0,3600.0,2400.0000953674316,fixed_bin_mass_above_range_fraction,100,100,0.0,0.0,0.0,0.0,0.0,0.0,0.0,nan
golovin_controlled_high_resolution_convergence_v1,controlled,golovin,16384,0.1,300.0,3600.0,2400.0000953674316,fixed_bin_mass_below_range_fraction_bins_250,100,100,0.0,0.0,0.0,0.0,0.0,0.0,0.0,nan
golovin_controlled_high_resolution_convergence_v1,controlled,golovin,16384,0.1,300.0,3600.0,2400.0000953674316,fixed_bin_mass_below_range_fraction_bins_500,100,100,0.0,0.0,0.0,0.0,0.0,0.0,0.0,nan
golovin_controlled_high_resolution_convergence_v1,controlled,golovin,16384,0.1,300.0,3600.0,2400.0000953674316,fixed_bin_mass_below_range_fraction_bins_1000,100,100,0.0,0.0,0.0,0.0,0.0,0.0,0.0,nan
golovin_controlled_high_resolution_convergence_v1,controlled,golovin,16384,0.1,300.0,3600.0,2400.0000953674316,fixed_bin_mass_above_range_fraction_bins_250,100,100,0.0,0.0,0.0,0.0,0.0,0.0,0.0,nan
golovin_controlled_high_resolution_convergence_v1,controlled,golovin,16384,0.1,300.0,3600.0,2400.0000953674316,fixed_bin_mass_above_range_fraction_bins_500,100,100,0.0,0.0,0.0,0.0,0.0,0.0,0.0,nan
golovin_controlled_high_resolution_convergence_v1,controlled,golovin,16384,0.1,300.0,3600.0,2400.0000953674316,fixed_bin_mass_above_range_fraction_bins_1000,100,100,0.0,0.0,0.0,0.0,0.0,0.0,0.0,nan
golovin_controlled_high_resolution_convergence_v1,controlled,golovin,16384,0.1,300.0,3600.0,2700.000047683716,golovin_fixed_bin_l1_relative,100,100,0.14975660596980295,0.010363935486746027,0.0010363935486746027,0.147700176322008,0.1518130356175979,0.14773738255727153,0.15180099242705278,0.06920519745777237
golovin_controlled_high_resolution_convergence_v1,controlled,golovin,16384,0.1,300.0,3600.0,2700.000047683716,golovin_fixed_bin_l1_relative_bins_250,100,100,0.10722076819996224,0.01129008024202253,0.001129008024202253,0.10498057133986304,0.10946096506006144,0.10501962308592648,0.1094484771229523,0.10529751308036707
golovin_controlled_high_resolution_convergence_v1,controlled,golovin,16384,0.1,300.0,3600.0,2700.000047683716,golovin_fixed_bin_l1_relative_bins_500,100,100,0.14975660596980295,0.010363935486746027,0.0010363935486746027,0.147700176322008,0.1518130356175979,0.1477187889002206,0.15174877606511997,0.06920519745777237
golovin_controlled_high_resolution_convergence_v1,controlled,golovin,16384,0.1,300.0,3600.0,2700.000047683716,golovin_fixed_bin_l1_relative_bins_1000,100,100,0.20987069924562082,0.009750469032303444,0.0009750469032303444,0.20793599465163934,0.2118054038396023,0.20795152237969672,0.21176310132129514,0.04645941080556484
golovin_controlled_high_resolution_convergence_v1,controlled,golovin,16384,0.1,300.0,3600.0,2700.000047683716,radius_moment_0_m3,100,100,146053.8331584903,2126.4547074794973,212.64547074794973,145631.89841075416,146475.76790622645,145640.0494994782,146477.34706975112,0.014559389928314823
golovin_controlled_high_resolution_convergence_v1,controlled,golovin,16384,0.1,300.0,3600.0,2700.000047683716,radius_moment_3_um3_m3,100,100,238740390134.894,306.13954692105557,30.61395469210556,238740390074.1493,238740390195.63873,238740390074.37424,238740390195.37125,1.282311496383496e-09
golovin_controlled_high_resolution_convergence_v1,controlled,golovin,16384,0.1,300.0,3600.0,2700.000047683716,radius_moment_6_um6_m3,100,100,4.479774329781328e+19,2.3865962077753713e+18,2.3865962077753712e+17,4.4324190832607306e+19,4.527129576301926e+19,4.433400142131141e+19,4.527373847972622e+19,0.05327492038849797
golovin_controlled_high_resolution_convergence_v1,controlled,golovin,16384,0.1,300.0,3600.0,2700.000047683716,golovin_relative_error_radius_moment_0_m3,100,100,-0.0006394283759008168,0.014550080241258853,0.0014550080241258854,-0.003526479962065658,0.002247623210264024,-0.003471548161062079,0.0021991306125909763,22.75482413610582
golovin_controlled_high_resolution_convergence_v1,controlled,golovin,16384,0.1,300.0,3600.0,2700.000047683716,golovin_relative_error_radius_moment_3_um3_m3,100,100,2.972968273172727e-05,1.2823496263223217e-09,1.2823496263223217e-10,2.972942828574063e-05,2.972993717771391e-05,2.9729434143174416e-05,2.972993888709724e-05,4.3133646527408414e-05
golovin_controlled_high_resolution_convergence_v1,controlled,golovin,16384,0.1,300.0,3600.0,2700.000047683716,golovin_relative_error_radius_moment_6_um6_m3,100,100,0.0006720322591207118,0.05331072285360114,0.005331072285360114,-0.009905971739623369,0.011250036257864793,-0.009718832894093855,0.010874290898204509,79.32762472348125
golovin_controlled_high_resolution_convergence_v1,controlled,golovin,16384,0.1,300.0,3600.0,2700.000047683716,liquid_water_gm3,100,100,0.9982363476503174,1.2800499604978248e-09,1.2800499604978248e-10,0.9982363473963277,0.9982363479043072,0.9982363474056847,0.9982363479054811,1.2823115122093578e-09
golovin_controlled_high_resolution_convergence_v1,controlled,golovin,16384,0.1,300.0,3600.0,2700.000047683716,relative_liquid_mass_drift,100,100,2.3444723162846517e-10,1.2823115117556935e-09,1.2823115117556935e-10,-1.9991192255540096e-11,4.888856555124704e-10,-1.4640177320446163e-11,4.828416861335504e-10,5.469510144559127
golovin_controlled_high_resolution_convergence_v1,controlled,golovin,16384,0.1,300.0,3600.0,2700.000047683716,mass_fraction_r_ge_cloud_threshold,100,100,0.9926414692330572,0.00023126111350535222,2.3126111350535223e-05,0.9925955820108912,0.9926873564552232,0.9925961765441431,0.9926876631726749,0.00023297547067425167
golovin_controlled_high_resolution_convergence_v1,controlled,golovin,16384,0.1,300.0,3600.0,2700.000047683716,mass_fraction_r_ge_large_threshold,100,100,0.020178145550216603,0.005206245990725161,0.0005206245990725161,0.019145113395324036,0.02121117770510917,0.019177627973939942,0.02119637477847169,0.2580140963781121
golovin_controlled_high_resolution_convergence_v1,controlled,golovin,16384,0.1,300.0,3600.0,2700.000047683716,mass_fraction_r_ge_onset_threshold,100,100,0.020178145550216603,0.005206245990725161,0.0005206245990725161,0.019145113395324036,0.02121117770510917,0.019160624516820147,0.021193224490978123,0.2580140963781121
golovin_controlled_high_resolution_convergence_v1,controlled,golovin,16384,0.1,300.0,3600.0,2700.000047683716,mass_weighted_radius_q99_um,100,100,1067.2961840820312,35.67679907383968,3.567679907383968,1060.2171331319657,1074.3752350320967,1060.4295264587404,1074.488073425293,0.0334272712728987
golovin_controlled_high_resolution_convergence_v1,controlled,golovin,16384,0.1,300.0,3600.0,2700.000047683716,fixed_bin_mass_below_range_fraction,100,100,0.0,0.0,0.0,0.0,0.0,0.0,0.0,nan
golovin_controlled_high_resolution_convergence_v1,controlled,golovin,16384,0.1,300.0,3600.0,2700.000047683716,fixed_bin_mass_above_range_fraction,100,100,0.0,0.0,0.0,0.0,0.0,0.0,0.0,nan
golovin_controlled_high_resolution_convergence_v1,controlled,golovin,16384,0.1,300.0,3600.0,2700.000047683716,fixed_bin_mass_below_range_fraction_bins_250,100,100,0.0,0.0,0.0,0.0,0.0,0.0,0.0,nan
golovin_controlled_high_resolution_convergence_v1,controlled,golovin,16384,0.1,300.0,3600.0,2700.000047683716,fixed_bin_mass_below_range_fraction_bins_500,100,100,0.0,0.0,0.0,0.0,0.0,0.0,0.0,nan
golovin_controlled_high_resolution_convergence_v1,controlled,golovin,16384,0.1,300.0,3600.0,2700.000047683716,fixed_bin_mass_below_range_fraction_bins_1000,100,100,0.0,0.0,0.0,0.0,0.0,0.0,0.0,nan
golovin_controlled_high_resolution_convergence_v1,controlled,golovin,16384,0.1,300.0,3600.0,2700.000047683716,fixed_bin_mass_above_range_fraction_bins_250,100,100,0.0,0.0,0.0,0.0,0.0,0.0,0.0,nan
golovin_controlled_high_resolution_convergence_v1,controlled,golovin,16384,0.1,300.0,3600.0,2700.000047683716,fixed_bin_mass_above_range_fraction_bins_500,100,100,0.0,0.0,0.0,0.0,0.0,0.0,0.0,nan
golovin_controlled_high_resolution_convergence_v1,controlled,golovin,16384,0.1,300.0,3600.0,2700.000047683716,fixed_bin_mass_above_range_fraction_bins_1000,100,100,0.0,0.0,0.0,0.0,0.0,0.0,0.0,nan
golovin_controlled_high_resolution_convergence_v1,controlled,golovin,16384,0.1,300.0,3600.0,300.00001192092896,golovin_fixed_bin_l1_relative,100,100,0.1123863565674946,0.009281278549603244,0.0009281278549603244,0.11054474954444278,0.11422796359054642,0.11059780201942031,0.11416463784217487,0.08258367681871857
golovin_controlled_high_resolution_convergence_v1,controlled,golovin,16384,0.1,300.0,3600.0,300.00001192092896,golovin_fixed_bin_l1_relative_bins_250,100,100,0.07955783810408237,0.01002618798895975,0.001002618798895975,0.07756842488733377,0.08154725132083097,0.07762034590293594,0.08150668395882518,0.1260238868713713
golovin_controlled_high_resolution_convergence_v1,controlled,golovin,16384,0.1,300.0,3600.0,300.00001192092896,golovin_fixed_bin_l1_relative_bins_500,100,100,0.1123863565674946,0.009281278549603244,0.0009281278549603244,0.11054474954444278,0.11422796359054642,0.11056589916573599,0.11422488179932147,0.08258367681871857
golovin_controlled_high_resolution_convergence_v1,controlled,golovin,16384,0.1,300.0,3600.0,300.00001192092896,golovin_fixed_bin_l1_relative_bins_1000,100,100,0.1616922696589598,0.009930565017297558,0.0009930565017297558,0.15972183011434452,0.1636627092035751,0.15976074863306913,0.16362679787450732,0.06141644890162675
golovin_controlled_high_resolution_convergence_v1,controlled,golovin,16384,0.1,300.0,3600.0,300.00001192092896,radius_moment_0_m3,100,100,5346711.75887273,37242.29860018204,3724.229860018204,5339322.078852877,5354101.438892582,5339330.638208305,5353839.474451431,0.006965458449930353
golovin_controlled_high_resolution_convergence_v1,controlled,golovin,16384,0.1,300.0,3600.0,300.00001192092896,radius_moment_3_um3_m3,100,100,238740390148.54483,311.4363909675313,31.143639096753127,238740390086.74908,238740390210.34058,238740390087.2063,238740390209.58276,1.3044981235632346e-09
golovin_controlled_high_resolution_convergence_v1,controlled,golovin,16384,0.1,300.0,3600.0,300.00001192092896,radius_moment_6_um6_m3,100,100,3.348862409097116e+16,680317222672330.5,68031722267233.05,3.3353634394402896e+16,3.3623613787539424e+16,3.335550786466716e+16,3.3624681096990464e+16,0.020314875308829132
golovin_controlled_high_resolution_convergence_v1,controlled,golovin,16384,0.1,300.0,3600.0,300.00001192092896,golovin_relative_error_radius_moment_0_m3,100,100,-0.0003910980438184486,0.006962734272756286,0.0006962734272756286,-0.0017726555811579234,0.0009904594935210263,-0.0017371209148925786,0.0009636730928367364,17.803040395641695
golovin_controlled_high_resolution_convergence_v1,controlled,golovin,16384,0.1,300.0,3600.0,300.00001192092896,golovin_relative_error_radius_moment_3_um3_m3,100,100,2.972973991191452e-05,1.304536901823709e-09,1.304536901823709e-10,2.9729481063491064e-05,2.9729998760337976e-05,2.9729484810047223e-05,2.972998939111415e-05,4.387986257831006e-05
golovin_controlled_high_resolution_convergence_v1,controlled,golovin,16384,0.1,300.0,3600.0,300.00001192092896,golovin_relative_error_radius_moment_6_um6_m3,100,100,0.0019931357856468514,0.020355365613788118,0.0020355365613788116,-0.0020458103650149127,0.006032081936308616,-0.0019285382744933725,0.0059312008111364715,10.212734004563565
golovin_controlled_high_resolution_convergence_v1,controlled,golovin,16384,0.1,300.0,3600.0,300.00001192092896,liquid_water_gm3,100,100,0.998236347707395,1.3021974350514597e-09,1.3021974350514597e-10,0.9982363474490108,0.9982363479657792,0.998236347453334,0.998236347956756,1.3044981161446972e-09
golovin_controlled_high_resolution_convergence_v1,controlled,golovin,16384,0.1,300.0,3600.0,300.00001192092896,relative_liquid_mass_drift,100,100,2.9162571135721295e-10,1.3044981180707022e-09,1.3044981180707022e-10,3.278498343836623e-11,5.504664392760597e-10,3.807088225227256e-11,5.377932894290448e-10,4.4731930939821
golovin_controlled_high_resolution_convergence_v1,controlled,golovin,16384,0.1,300.0,3600.0,300.00001192092896,mass_fraction_r_ge_cloud_threshold,100,100,0.6345995753222037,0.006369738452659893,0.0006369738452659892,0.6333356810207097,0.6358634696236977,0.6333581257014042,0.6358266464462432,0.010037413670543036
golovin_controlled_high_resolution_convergence_v1,controlled,golovin,16384,0.1,300.0,3600.0,300.00001192092896,mass_fraction_r_ge_large_threshold,100,100,0.0,0.0,0.0,0.0,0.0,0.0,0.0,nan
golovin_controlled_high_resolution_convergence_v1,controlled,golovin,16384,0.1,300.0,3600.0,300.00001192092896,mass_fraction_r_ge_onset_threshold,100,100,0.0,0.0,0.0,0.0,0.0,0.0,0.0,nan
golovin_controlled_high_resolution_convergence_v1,controlled,golovin,16384,0.1,300.0,3600.0,300.00001192092896,mass_weighted_radius_q99_um,100,100,87.96892677307129,1.5391218426757884,0.15391218426757886,87.66353160799187,88.2743219381507,87.6711753063202,88.26890705299378,0.01749619893222272
golovin_controlled_high_resolution_convergence_v1,controlled,golovin,16384,0.1,300.0,3600.0,300.00001192092896,fixed_bin_mass_below_range_fraction,100,100,0.0,0.0,0.0,0.0,0.0,0.0,0.0,nan
golovin_controlled_high_resolution_convergence_v1,controlled,golovin,16384,0.1,300.0,3600.0,300.00001192092896,fixed_bin_mass_above_range_fraction,100,100,0.0,0.0,0.0,0.0,0.0,0.0,0.0,nan
golovin_controlled_high_resolution_convergence_v1,controlled,golovin,16384,0.1,300.0,3600.0,300.00001192092896,fixed_bin_mass_below_range_fraction_bins_250,100,100,0.0,0.0,0.0,0.0,0.0,0.0,0.0,nan
golovin_controlled_high_resolution_convergence_v1,controlled,golovin,16384,0.1,300.0,3600.0,300.00001192092896,fixed_bin_mass_below_range_fraction_bins_500,100,100,0.0,0.0,0.0,0.0,0.0,0.0,0.0,nan
golovin_controlled_high_resolution_convergence_v1,controlled,golovin,16384,0.1,300.0,3600.0,300.00001192092896,fixed_bin_mass_below_range_fraction_bins_1000,100,100,0.0,0.0,0.0,0.0,0.0,0.0,0.0,nan
golovin_controlled_high_resolution_convergence_v1,controlled,golovin,16384,0.1,300.0,3600.0,300.00001192092896,fixed_bin_mass_above_range_fraction_bins_250,100,100,0.0,0.0,0.0,0.0,0.0,0.0,0.0,nan
golovin_controlled_high_resolution_convergence_v1,controlled,golovin,16384,0.1,300.0,3600.0,300.00001192092896,fixed_bin_mass_above_range_fraction_bins_500,100,100,0.0,0.0,0.0,0.0,0.0,0.0,0.0,nan
golovin_controlled_high_resolution_convergence_v1,controlled,golovin,16384,0.1,300.0,3600.0,300.00001192092896,fixed_bin_mass_above_range_fraction_bins_1000,100,100,0.0,0.0,0.0,0.0,0.0,0.0,0.0,nan
golovin_controlled_high_resolution_convergence_v1,controlled,golovin,16384,0.1,300.0,3600.0,3000.0,golovin_fixed_bin_l1_relative,100,100,0.1636939316396436,0.011524155655374034,0.0011524155655374033,0.16140728913923225,0.16598057414005496,0.16145785573412827,0.16590308394143252,0.07040062841635053
golovin_controlled_high_resolution_convergence_v1,controlled,golovin,16384,0.1,300.0,3600.0,3000.0,golovin_fixed_bin_l1_relative_bins_250,100,100,0.11664711438899814,0.011171396786135457,0.0011171396786135456,0.11443046690140334,0.11886376187659294,0.11446793823292241,0.11881888708809651,0.09577087992833465
golovin_controlled_high_resolution_convergence_v1,controlled,golovin,16384,0.1,300.0,3600.0,3000.0,golovin_fixed_bin_l1_relative_bins_500,100,100,0.1636939316396436,0.011524155655374034,0.0011524155655374033,0.16140728913923225,0.16598057414005496,0.1614114996921243,0.16599666841553454,0.07040062841635053
golovin_controlled_high_resolution_convergence_v1,controlled,golovin,16384,0.1,300.0,3600.0,3000.0,golovin_fixed_bin_l1_relative_bins_1000,100,100,0.2284362146171771,0.011039935740277658,0.0011039935740277658,0.22624565185314874,0.2306267773812055,0.2263031310165784,0.23055847518774217,0.04832830800833764
golovin_controlled_high_resolution_convergence_v1,controlled,golovin,16384,0.1,300.0,3600.0,3000.0,radius_moment_0_m3,100,100,93128.65448510442,1349.1230674862331,134.9123067486233,92860.95919907617,93396.34977113266,92865.74260978051,93392.63976975247,0.014486659073357711
golovin_controlled_high_resolution_convergence_v1,controlled,golovin,16384,0.1,300.0,3600.0,3000.0,radius_moment_3_um3_m3,100,100,238740390169.07474,349.63128791578237,34.963128791578235,238740390099.70032,238740390238.44916,238740390100.43088,238740390238.09763,1.4644831889073116e-09
golovin_controlled_high_resolution_convergence_v1,controlled,golovin,16384,0.1,300.0,3600.0,3000.0,radius_moment_6_um6_m3,100,100,1.1015142773188275e+20,6.754108489210081e+18,6.754108489210081e+17,1.0881126607616832e+20,1.1149158938759719e+20,1.0886746655812813e+20,1.115127279127925e+20,0.06131657690039309
golovin_controlled_high_resolution_convergence_v1,controlled,golovin,16384,0.1,300.0,3600.0,3000.0,golovin_relative_error_radius_moment_0_m3,100,100,-0.0006312053664861328,0.014477515016408149,0.001447751501640815,-0.003503858437726529,0.0022414477047542633,-0.003423525599766427,0.002182074702970534,22.93629900043984
golovin_controlled_high_resolution_convergence_v1,controlled,golovin,16384,0.1,300.0,3600.0,3000.0,golovin_relative_error_radius_moment_3_um3_m3,100,100,2.972982590691453e-05,1.464526733698994e-09,1.4645267336989938e-10,2.9729535313037424e-05,2.9730116500791637e-05,2.9729549183190263e-05,2.9730115519380094e-05,4.926119440741077e-05
golovin_controlled_high_resolution_convergence_v1,controlled,golovin,16384,0.1,300.0,3600.0,3000.0,golovin_relative_error_radius_moment_6_um6_m3,100,100,0.0003669763494485867,0.06133907863394467,0.006133907863394467,-0.011804027612567939,0.012537980311465111,-0.01173090174819078,0.012607711257350503,167.14722549862375
golovin_controlled_high_resolution_convergence_v1,controlled,golovin,16384,0.1,300.0,3600.0,3000.0,liquid_water_gm3,100,100,0.9982363477932359,1.4619003475050481e-09,1.4619003475050482e-10,0.9982363475031631,0.9982363480833086,0.9982363475057804,0.9982363480823301,1.4644831865087031e-09
golovin_controlled_high_resolution_convergence_v1,controlled,golovin,16384,0.1,300.0,3600.0,3000.0,relative_liquid_mass_drift,100,100,3.77618151192749e-10,1.4644831982620217e-09,1.4644831982620218e-10,8.703291246224945e-11,6.682033899232486e-10,8.750574870264319e-11,6.564943045850313e-10,3.8782118752403405
golovin_controlled_high_resolution_convergence_v1,controlled,golovin,16384,0.1,300.0,3600.0,3000.0,mass_fraction_r_ge_cloud_threshold,100,100,0.9953243956327437,0.00015026722797214517,1.5026722797214516e-05,0.9952945793546426,0.9953542119108447,0.9952953668973137,0.9953538836295067,0.00015097311854455036
golovin_controlled_high_resolution_convergence_v1,controlled,golovin,16384,0.1,300.0,3600.0,3000.0,mass_fraction_r_ge_large_threshold,100,100,0.14160980871450166,0.01287242476048878,0.001287242476048878,0.1390556403727234,0.14416397705627992,0.13910782740497038,0.1441686833668067,0.09090065778169906
golovin_controlled_high_resolution_convergence_v1,controlled,golovin,16384,0.1,300.0,3600.0,3000.0,mass_fraction_r_ge_onset_threshold,100,100,0.14160980871450166,0.01287242476048878,0.001287242476048878,0.1390556403727234,0.14416397705627992,0.13905246660522347,0.14408435752167018,0.09090065778169906
golovin_controlled_high_resolution_convergence_v1,controlled,golovin,16384,0.1,300.0,3600.0,3000.0,mass_weighted_radius_q99_um,100,100,1447.672578125,66.38975922089493,6.638975922089493,1434.499409559216,1460.845746690784,1435.6649963684083,1461.0999274902344,0.045859651017830134
golovin_controlled_high_resolution_convergence_v1,controlled,golovin,16384,0.1,300.0,3600.0,3000.0,fixed_bin_mass_below_range_fraction,100,100,0.0,0.0,0.0,0.0,0.0,0.0,0.0,nan
golovin_controlled_high_resolution_convergence_v1,controlled,golovin,16384,0.1,300.0,3600.0,3000.0,fixed_bin_mass_above_range_fraction,100,100,0.0,0.0,0.0,0.0,0.0,0.0,0.0,nan
golovin_controlled_high_resolution_convergence_v1,controlled,golovin,16384,0.1,300.0,3600.0,3000.0,fixed_bin_mass_below_range_fraction_bins_250,100,100,0.0,0.0,0.0,0.0,0.0,0.0,0.0,nan
golovin_controlled_high_resolution_convergence_v1,controlled,golovin,16384,0.1,300.0,3600.0,3000.0,fixed_bin_mass_below_range_fraction_bins_500,100,100,0.0,0.0,0.0,0.0,0.0,0.0,0.0,nan
golovin_controlled_high_resolution_convergence_v1,controlled,golovin,16384,0.1,300.0,3600.0,3000.0,fixed_bin_mass_below_range_fraction_bins_1000,100,100,0.0,0.0,0.0,0.0,0.0,0.0,0.0,nan
golovin_controlled_high_resolution_convergence_v1,controlled,golovin,16384,0.1,300.0,3600.0,3000.0,fixed_bin_mass_above_range_fraction_bins_250,100,100,0.0,0.0,0.0,0.0,0.0,0.0,0.0,nan
golovin_controlled_high_resolution_convergence_v1,controlled,golovin,16384,0.1,300.0,3600.0,3000.0,fixed_bin_mass_above_range_fraction_bins_500,100,100,0.0,0.0,0.0,0.0,0.0,0.0,0.0,nan
golovin_controlled_high_resolution_convergence_v1,controlled,golovin,16384,0.1,300.0,3600.0,3000.0,fixed_bin_mass_above_range_fraction_bins_1000,100,100,0.0,0.0,0.0,0.0,0.0,0.0,0.0,nan
golovin_controlled_high_resolution_convergence_v1,controlled,golovin,16384,0.1,300.0,3600.0,3299.999952316284,golovin_fixed_bin_l1_relative,100,100,0.17949821477380037,0.012196554343331601,0.0012196554343331602,0.17707815378590203,0.18191827576169872,0.1770864960094737,0.18184842847299082,0.06794805373803536
golovin_controlled_high_resolution_convergence_v1,controlled,golovin,16384,0.1,300.0,3600.0,3299.999952316284,golovin_fixed_bin_l1_relative_bins_250,100,100,0.12957902850338807,0.012022721916233955,0.0012022721916233954,0.12719345964034798,0.13196459736642815,0.12722267699646916,0.13192885270498894,0.09278292988529081
golovin_controlled_high_resolution_convergence_v1,controlled,golovin,16384,0.1,300.0,3600.0,3299.999952316284,golovin_fixed_bin_l1_relative_bins_500,100,100,0.17949821477380037,0.012196554343331601,0.0012196554343331602,0.17707815378590203,0.18191827576169872,0.17713403467147432,0.18189126076979345,0.06794805373803536
golovin_controlled_high_resolution_convergence_v1,controlled,golovin,16384,0.1,300.0,3600.0,3299.999952316284,golovin_fixed_bin_l1_relative_bins_1000,100,100,0.24952512634007118,0.01293043152946867,0.001293043152946867,0.24695944819686125,0.2520908044832811,0.24702144399143658,0.2520493851858416,0.05182015823066302
golovin_controlled_high_resolution_convergence_v1,controlled,golovin,16384,0.1,300.0,3600.0,3299.999952316284,radius_moment_0_m3,100,100,59363.430960231366,874.8364734819179,87.4836473481918,59189.844424176474,59537.01749628626,59193.96298666004,59537.38978904876,0.014736959426553136
golovin_controlled_high_resolution_convergence_v1,controlled,golovin,16384,0.1,300.0,3600.0,3299.999952316284,radius_moment_3_um3_m3,100,100,238740390137.0539,354.8493348791151,35.484933487911505,238740390066.64407,238740390207.4637,238740390069.14062,238740390207.3473,1.4863397629341497e-09
golovin_controlled_high_resolution_convergence_v1,controlled,golovin,16384,0.1,300.0,3600.0,3299.999952316284,radius_moment_6_um6_m3,100,100,2.7299965061624575e+20,1.882849489773515e+19,1.8828494897735153e+18,2.692636687413513e+20,2.767356324911402e+20,2.692663088318189e+20,2.7669728492516953e+20,0.06896893404527565
golovin_controlled_high_resolution_convergence_v1,controlled,golovin,16384,0.1,300.0,3600.0,3299.999952316284,golovin_relative_error_radius_moment_0_m3,100,100,-0.0009329080441495474,0.0147232111985578,0.00147232111985578,-0.0038543125683460837,0.001988496480046989,-0.0038145781652073867,0.001887705208696356,15.782060505201983
golovin_controlled_high_resolution_convergence_v1,controlled,golovin,16384,0.1,300.0,3600.0,3299.999952316284,golovin_relative_error_radius_moment_3_um3_m3,100,100,2.9729691779125655e-05,1.4863839537504106e-09,1.4863839537504105e-10,2.9729396848301893e-05,2.9729986709949416e-05,2.972940295613219e-05,2.9729979971913513e-05,4.999661499329963e-05
golovin_controlled_high_resolution_convergence_v1,controlled,golovin,16384,0.1,300.0,3600.0,3299.999952316284,golovin_relative_error_radius_moment_6_um6_m3,100,100,0.00801013332378386,0.06952138440217756,0.006952138440217756,-0.005784417619071768,0.021804684266639486,-0.005606306614267021,0.021497125547791377,8.67917943335015
golovin_controlled_high_resolution_convergence_v1,controlled,golovin,16384,0.1,300.0,3600.0,3299.999952316284,liquid_water_gm3,100,100,0.9982363476593485,1.4837183734807031e-09,1.483718373480703e-10,0.9982363473649466,0.9982363479537505,0.9982363473749458,0.99823634795202,1.4863397600775672e-09
golovin_controlled_high_resolution_convergence_v1,controlled,golovin,16384,0.1,300.0,3600.0,3299.999952316284,relative_liquid_mass_drift,100,100,2.4349434912807057e-10,1.4863397601850914e-09,1.4863397601850915e-10,-5.142770566954435e-11,5.384164039256854e-10,-3.8769640220426273e-11,5.356792394661802e-10,6.10420638305377
golovin_controlled_high_resolution_convergence_v1,controlled,golovin,16384,0.1,300.0,3600.0,3299.999952316284,mass_fraction_r_ge_cloud_threshold,100,100,0.9970251016414196,9.610267455248418e-05,9.610267455248418e-06,0.9970060327858256,0.9970441704970135,0.9970062938559229,0.9970439258373837,9.638942328961296e-05
golovin_controlled_high_resolution_convergence_v1,controlled,golovin,16384,0.1,300.0,3600.0,3299.999952316284,mass_fraction_r_ge_large_threshold,100,100,0.34913373111173146,0.013101302849087728,0.0013101302849087729,0.3465341483916287,0.3517333138318342,0.34657366813745577,0.35167930107844103,0.03752517067706353
golovin_controlled_high_resolution_convergence_v1,controlled,golovin,16384,0.1,300.0,3600.0,3299.999952316284,mass_fraction_r_ge_onset_threshold,100,100,0.34913373111173146,0.013101302849087728,0.0013101302849087729,0.3465341483916287,0.3517333138318342,0.3465683091104711,0.35169297089386536,0.03752517067706353
golovin_controlled_high_resolution_convergence_v1,controlled,golovin,16384,0.1,300.0,3600.0,3299.999952316284,mass_weighted_radius_q99_um,100,100,1978.6030041503907,98.83300614447774,9.883300614447773,1958.992391533579,1998.2136167672024,1959.9276757507325,1997.7621253356933,0.049950902701129014
golovin_controlled_high_resolution_convergence_v1,controlled,golovin,16384,0.1,300.0,3600.0,3299.999952316284,fixed_bin_mass_below_range_fraction,100,100,0.0,0.0,0.0,0.0,0.0,0.0,0.0,nan
golovin_controlled_high_resolution_convergence_v1,controlled,golovin,16384,0.1,300.0,3600.0,3299.999952316284,fixed_bin_mass_above_range_fraction,100,100,0.0,0.0,0.0,0.0,0.0,0.0,0.0,nan
golovin_controlled_high_resolution_convergence_v1,controlled,golovin,16384,0.1,300.0,3600.0,3299.999952316284,fixed_bin_mass_below_range_fraction_bins_250,100,100,0.0,0.0,0.0,0.0,0.0,0.0,0.0,nan
golovin_controlled_high_resolution_convergence_v1,controlled,golovin,16384,0.1,300.0,3600.0,3299.999952316284,fixed_bin_mass_below_range_fraction_bins_500,100,100,0.0,0.0,0.0,0.0,0.0,0.0,0.0,nan
golovin_controlled_high_resolution_convergence_v1,controlled,golovin,16384,0.1,300.0,3600.0,3299.999952316284,fixed_bin_mass_below_range_fraction_bins_1000,100,100,0.0,0.0,0.0,0.0,0.0,0.0,0.0,nan
golovin_controlled_high_resolution_convergence_v1,controlled,golovin,16384,0.1,300.0,3600.0,3299.999952316284,fixed_bin_mass_above_range_fraction_bins_250,100,100,0.0,0.0,0.0,0.0,0.0,0.0,0.0,nan
golovin_controlled_high_resolution_convergence_v1,controlled,golovin,16384,0.1,300.0,3600.0,3299.999952316284,fixed_bin_mass_above_range_fraction_bins_500,100,100,0.0,0.0,0.0,0.0,0.0,0.0,0.0,nan
golovin_controlled_high_resolution_convergence_v1,controlled,golovin,16384,0.1,300.0,3600.0,3299.999952316284,fixed_bin_mass_above_range_fraction_bins_1000,100,100,0.0,0.0,0.0,0.0,0.0,0.0,0.0,nan
golovin_controlled_high_resolution_convergence_v1,controlled,golovin,16384,0.1,300.0,3600.0,3599.9999046325684,golovin_fixed_bin_l1_relative,100,100,0.19293254074014127,0.013315814310100536,0.0013315814310100537,0.19029039429231343,0.1955746871879691,0.19030409803654255,0.1955594850289584,0.06901798037291937
golovin_controlled_high_resolution_convergence_v1,controlled,golovin,16384,0.1,300.0,3600.0,3599.9999046325684,golovin_fixed_bin_l1_relative_bins_250,100,100,0.1405525660056255,0.012541862876114612,0.0012541862876114611,0.13806398831329958,0.1430411436979514,0.138112089480579,0.1429875100386308,0.08923254290222375
golovin_controlled_high_resolution_convergence_v1,controlled,golovin,16384,0.1,300.0,3600.0,3599.9999046325684,golovin_fixed_bin_l1_relative_bins_500,100,100,0.19293254074014127,0.013315814310100536,0.0013315814310100537,0.19029039429231343,0.1955746871879691,0.190346316773251,0.1954938016696724,0.06901798037291937
golovin_controlled_high_resolution_convergence_v1,controlled,golovin,16384,0.1,300.0,3600.0,3599.9999046325684,golovin_fixed_bin_l1_relative_bins_1000,100,100,0.26905423676669527,0.014035202730332527,0.0014035202730332528,0.2662693480490475,0.271839125484343,0.2662747247186619,0.2717982058290815,0.05216495714394886
golovin_controlled_high_resolution_convergence_v1,controlled,golovin,16384,0.1,300.0,3600.0,3599.9999046325684,radius_moment_0_m3,100,100,37858.8318330646,552.550199964941,55.255019996494106,37749.19388572731,37968.46978040189,37748.67419044949,37968.16245549304,0.014595014510784845
golovin_controlled_high_resolution_convergence_v1,controlled,golovin,16384,0.1,300.0,3600.0,3599.9999046325684,radius_moment_3_um3_m3,100,100,238740390095.28882,447.1749721266679,44.71749721266679,238740390006.5596,238740390184.01804,238740390008.36688,238740390183.83096,1.8730595687985025e-09
golovin_controlled_high_resolution_convergence_v1,controlled,golovin,16384,0.1,300.0,3600.0,3599.9999046325684,radius_moment_6_um6_m3,100,100,6.720494827486354e+20,5.109942125701495e+19,5.109942125701495e+18,6.619102489611929e+20,6.821887165360779e+20,6.621349080294334e+20,6.821496333805704e+20,0.07603520658630952
golovin_controlled_high_resolution_convergence_v1,controlled,golovin,16384,0.1,300.0,3600.0,3599.9999046325684,golovin_relative_error_radius_moment_0_m3,100,100,-0.0007455878494025003,0.014584132645303746,0.0014584132645303746,-0.0036393961713021557,0.002148220472497155,-0.003579269663529439,0.0020730639582648125,19.5605825081393
golovin_controlled_high_resolution_convergence_v1,controlled,golovin,16384,0.1,300.0,3600.0,3599.9999046325684,golovin_relative_error_radius_moment_3_um3_m3,100,100,2.972951683454239e-05,1.8731152688135828e-09,1.8731152688135827e-10,2.9729145167835526e-05,2.9729888501249255e-05,2.9729146918769657e-05,2.9729882454830657e-05,6.30052374964006e-05
golovin_controlled_high_resolution_convergence_v1,controlled,golovin,16384,0.1,300.0,3600.0,3599.9999046325684,golovin_relative_error_radius_moment_6_um6_m3,100,100,0.008875670145944843,0.07671006999944839,0.007671006999944839,-0.006345271979083774,0.024096612270973462,-0.005575659725528983,0.024159438455304837,8.642735561156025
golovin_controlled_high_resolution_convergence_v1,controlled,golovin,16384,0.1,300.0,3600.0,3599.9999046325684,liquid_water_gm3,100,100,0.9982363474847176,1.869756140815347e-09,1.869756140815347e-10,0.9982363471137173,0.9982363478557178,0.9982363471219183,0.998236347849827,1.873059567032017e-09
golovin_controlled_high_resolution_convergence_v1,controlled,golovin,16384,0.1,300.0,3600.0,3599.9999046325684,relative_liquid_mass_drift,100,100,6.855496281765738e-11,1.873059566385101e-09,1.873059566385101e-10,-3.031006914775848e-10,4.4021061711289957e-10,-2.9698140002754054e-10,4.3751403036584863e-10,27.32201272382086
golovin_controlled_high_resolution_convergence_v1,controlled,golovin,16384,0.1,300.0,3600.0,3599.9999046325684,mass_fraction_r_ge_cloud_threshold,100,100,0.9981044461804137,6.107243613361258e-05,6.107243613361258e-06,0.9980923280841086,0.9981165642767188,0.9980925633026652,0.9981160168278473,6.11884220808023e-05
golovin_controlled_high_resolution_convergence_v1,controlled,golovin,16384,0.1,300.0,3600.0,3599.9999046325684,mass_fraction_r_ge_large_threshold,100,100,0.5503403867808869,0.011656554834809185,0.0011656554834809185,0.5480274734108544,0.5526533001509194,0.5480702414950042,0.5526101960505866,0.021180627689332453
golovin_controlled_high_resolution_convergence_v1,controlled,golovin,16384,0.1,300.0,3600.0,3599.9999046325684,mass_fraction_r_ge_onset_threshold,100,100,0.5503403867808869,0.011656554834809185,0.0011656554834809185,0.5480274734108544,0.5526533001509194,0.5480063202893718,0.5525851322923695,0.021180627689332453
golovin_controlled_high_resolution_convergence_v1,controlled,golovin,16384,0.1,300.0,3600.0,3599.9999046325684,mass_weighted_radius_q99_um,100,100,2669.663359375,145.6243910775861,14.56243910775861,2640.7683208409403,2698.5583979090593,2642.237407165527,2698.927311218262,0.054547847977236545
golovin_controlled_high_resolution_convergence_v1,controlled,golovin,16384,0.1,300.0,3600.0,3599.9999046325684,fixed_bin_mass_below_range_fraction,100,100,0.0,0.0,0.0,0.0,0.0,0.0,0.0,nan
golovin_controlled_high_resolution_convergence_v1,controlled,golovin,16384,0.1,300.0,3600.0,3599.9999046325684,fixed_bin_mass_above_range_fraction,100,100,0.0,0.0,0.0,0.0,0.0,0.0,0.0,nan
golovin_controlled_high_resolution_convergence_v1,controlled,golovin,16384,0.1,300.0,3600.0,3599.9999046325684,fixed_bin_mass_below_range_fraction_bins_250,100,100,0.0,0.0,0.0,0.0,0.0,0.0,0.0,nan
golovin_controlled_high_resolution_convergence_v1,controlled,golovin,16384,0.1,300.0,3600.0,3599.9999046325684,fixed_bin_mass_below_range_fraction_bins_500,100,100,0.0,0.0,0.0,0.0,0.0,0.0,0.0,nan
golovin_controlled_high_resolution_convergence_v1,controlled,golovin,16384,0.1,300.0,3600.0,3599.9999046325684,fixed_bin_mass_below_range_fraction_bins_1000,100,100,0.0,0.0,0.0,0.0,0.0,0.0,0.0,nan
golovin_controlled_high_resolution_convergence_v1,controlled,golovin,16384,0.1,300.0,3600.0,3599.9999046325684,fixed_bin_mass_above_range_fraction_bins_250,100,100,0.0,0.0,0.0,0.0,0.0,0.0,0.0,nan
golovin_controlled_high_resolution_convergence_v1,controlled,golovin,16384,0.1,300.0,3600.0,3599.9999046325684,fixed_bin_mass_above_range_fraction_bins_500,100,100,0.0,0.0,0.0,0.0,0.0,0.0,0.0,nan
golovin_controlled_high_resolution_convergence_v1,controlled,golovin,16384,0.1,300.0,3600.0,3599.9999046325684,fixed_bin_mass_above_range_fraction_bins_1000,100,100,0.0,0.0,0.0,0.0,0.0,0.0,0.0,nan
golovin_controlled_high_resolution_convergence_v1,controlled,golovin,16384,0.1,300.0,3600.0,600.0000238418579,golovin_fixed_bin_l1_relative,100,100,0.12576655600221773,0.010784430123272156,0.0010784430123272155,0.12362669109583815,0.1279064209085973,0.12369198801540483,0.1278718959679322,0.08574958610683421
golovin_controlled_high_resolution_convergence_v1,controlled,golovin,16384,0.1,300.0,3600.0,600.0000238418579,golovin_fixed_bin_l1_relative_bins_250,100,100,0.08847185057283748,0.010969290562493376,0.0010969290562493376,0.08629530534473985,0.0906483958009351,0.08634615199476989,0.09061965494904532,0.12398622263996312
golovin_controlled_high_resolution_convergence_v1,controlled,golovin,16384,0.1,300.0,3600.0,600.0000238418579,golovin_fixed_bin_l1_relative_bins_500,100,100,0.12576655600221773,0.010784430123272156,0.0010784430123272155,0.12362669109583815,0.1279064209085973,0.12368669284839995,0.12789222440046152,0.08574958610683421
golovin_controlled_high_resolution_convergence_v1,controlled,golovin,16384,0.1,300.0,3600.0,600.0000238418579,golovin_fixed_bin_l1_relative_bins_1000,100,100,0.17837563192492442,0.010420296438947702,0.0010420296438947703,0.17630801904145285,0.180443244808396,0.1763417195439382,0.18035498233660932,0.058417712814794374
golovin_controlled_high_resolution_convergence_v1,controlled,golovin,16384,0.1,300.0,3600.0,600.0000238418579,radius_moment_0_m3,100,100,3407824.499400831,34146.72367604384,3414.672367604384,3401049.0486049163,3414599.9501967453,3401140.214867176,3414474.4386833836,0.010020094544788785
golovin_controlled_high_resolution_convergence_v1,controlled,golovin,16384,0.1,300.0,3600.0,600.0000238418579,radius_moment_3_um3_m3,100,100,238740390132.10593,286.6621722849174,28.66621722849174,238740390075.22592,238740390188.98593,238740390075.97708,238740390187.44525,1.2007275858362055e-09
golovin_controlled_high_resolution_convergence_v1,controlled,golovin,16384,0.1,300.0,3600.0,600.0000238418579,radius_moment_6_um6_m3,100,100,8.271708864380346e+16,2176317043398977.5,217631704339897.75,8.228526012684958e+16,8.314891716075733e+16,8.228176077839962e+16,8.313640453722538e+16,0.026310368015618146
golovin_controlled_high_resolution_convergence_v1,controlled,golovin,16384,0.1,300.0,3600.0,600.0000238418579,golovin_relative_error_radius_moment_0_m3,100,100,-0.0007968204323567285,0.010012110328721348,0.0010012110328721348,-0.0027834403358969646,0.0011897994711835074,-0.00279480536953138,0.0011835396326674904,12.565077302434217
golovin_controlled_high_resolution_convergence_v1,controlled,golovin,16384,0.1,300.0,3600.0,600.0000238418579,golovin_relative_error_radius_moment_3_um3_m3,100,100,2.9729671053253525e-05,1.2007632793468382e-09,1.2007632793468382e-10,2.9729432795768153e-05,2.9729909310738898e-05,2.9729436960750697e-05,2.9729901631389276e-05,4.0389390020359144e-05
golovin_controlled_high_resolution_convergence_v1,controlled,golovin,16384,0.1,300.0,3600.0,600.0000238418579,golovin_relative_error_radius_moment_6_um6_m3,100,100,0.0062275302372416285,0.026474216627988354,0.0026474216627988354,0.0009744712959190794,0.011480589178564177,0.0010367639788447921,0.011357096194691668,4.2511582632980724
golovin_controlled_high_resolution_convergence_v1,controlled,golovin,16384,0.1,300.0,3600.0,600.0000238418579,liquid_water_gm3,100,100,0.99823634763866,1.1986099111465731e-09,1.198609911146573e-10,0.9982363474008298,0.9982363478764902,0.9982363474082706,0.998236347877404,1.200727577173381e-09
golovin_controlled_high_resolution_convergence_v1,controlled,golovin,16384,0.1,300.0,3600.0,600.0000238418579,relative_liquid_mass_drift,100,100,2.2276909539264976e-10,1.20072758061394e-09,1.20072758061394e-10,-1.5481306576502855e-11,4.610194973618024e-10,-9.907552528387579e-12,4.596156647496129e-10,5.390009680191743
golovin_controlled_high_resolution_convergence_v1,controlled,golovin,16384,0.1,300.0,3600.0,600.0000238418579,mass_fraction_r_ge_cloud_threshold,100,100,0.7903834458371465,0.004808203841239063,0.0004808203841239063,0.7894293938802995,0.7913374977939934,0.7894232507710388,0.7913060901085148,0.006083381258252926
golovin_controlled_high_resolution_convergence_v1,controlled,golovin,16384,0.1,300.0,3600.0,600.0000238418579,mass_fraction_r_ge_large_threshold,100,100,0.0,0.0,0.0,0.0,0.0,0.0,0.0,nan
golovin_controlled_high_resolution_convergence_v1,controlled,golovin,16384,0.1,300.0,3600.0,600.0000238418579,mass_fraction_r_ge_onset_threshold,100,100,0.0,0.0,0.0,0.0,0.0,0.0,0.0,nan
golovin_controlled_high_resolution_convergence_v1,controlled,golovin,16384,0.1,300.0,3600.0,600.0000238418579,mass_weighted_radius_q99_um,100,100,124.54769004821777,2.4773258879859736,0.24773258879859736,124.05613484606322,125.03924525037233,124.06398245239258,125.03659298324584,0.019890580764901335
golovin_controlled_high_resolution_convergence_v1,controlled,golovin,16384,0.1,300.0,3600.0,600.0000238418579,fixed_bin_mass_below_range_fraction,100,100,0.0,0.0,0.0,0.0,0.0,0.0,0.0,nan
golovin_controlled_high_resolution_convergence_v1,controlled,golovin,16384,0.1,300.0,3600.0,600.0000238418579,fixed_bin_mass_above_range_fraction,100,100,0.0,0.0,0.0,0.0,0.0,0.0,0.0,nan
golovin_controlled_high_resolution_convergence_v1,controlled,golovin,16384,0.1,300.0,3600.0,600.0000238418579,fixed_bin_mass_below_range_fraction_bins_250,100,100,0.0,0.0,0.0,0.0,0.0,0.0,0.0,nan
golovin_controlled_high_resolution_convergence_v1,controlled,golovin,16384,0.1,300.0,3600.0,600.0000238418579,fixed_bin_mass_below_range_fraction_bins_500,100,100,0.0,0.0,0.0,0.0,0.0,0.0,0.0,nan
golovin_controlled_high_resolution_convergence_v1,controlled,golovin,16384,0.1,300.0,3600.0,600.0000238418579,fixed_bin_mass_below_range_fraction_bins_1000,100,100,0.0,0.0,0.0,0.0,0.0,0.0,0.0,nan
golovin_controlled_high_resolution_convergence_v1,controlled,golovin,16384,0.1,300.0,3600.0,600.0000238418579,fixed_bin_mass_above_range_fraction_bins_250,100,100,0.0,0.0,0.0,0.0,0.0,0.0,0.0,nan
golovin_controlled_high_resolution_convergence_v1,controlled,golovin,16384,0.1,300.0,3600.0,600.0000238418579,fixed_bin_mass_above_range_fraction_bins_500,100,100,0.0,0.0,0.0,0.0,0.0,0.0,0.0,nan
golovin_controlled_high_resolution_convergence_v1,controlled,golovin,16384,0.1,300.0,3600.0,600.0000238418579,fixed_bin_mass_above_range_fraction_bins_1000,100,100,0.0,0.0,0.0,0.0,0.0,0.0,0.0,nan
golovin_controlled_high_resolution_convergence_v1,controlled,golovin,16384,0.1,300.0,3600.0,899.9999761581421,golovin_fixed_bin_l1_relative,100,100,0.13096344203615518,0.009216765869985915,0.0009216765869985915,0.12913463572835227,0.13279224834395809,0.12915681520078548,0.13274166938423138,0.07037663126967475
golovin_controlled_high_resolution_convergence_v1,controlled,golovin,16384,0.1,300.0,3600.0,899.9999761581421,golovin_fixed_bin_l1_relative_bins_250,100,100,0.09314790360519026,0.009801180009247708,0.0009801180009247708,0.09120313685320035,0.09509267035718018,0.09126546181997724,0.0950689614645657,0.10522169184601574
golovin_controlled_high_resolution_convergence_v1,controlled,golovin,16384,0.1,300.0,3600.0,899.9999761581421,golovin_fixed_bin_l1_relative_bins_500,100,100,0.13096344203615518,0.009216765869985915,0.0009216765869985915,0.12913463572835227,0.13279224834395809,0.12916014181963095,0.13278540411679407,0.07037663126967475
golovin_controlled_high_resolution_convergence_v1,controlled,golovin,16384,0.1,300.0,3600.0,899.9999761581421,golovin_fixed_bin_l1_relative_bins_1000,100,100,0.1846303733578536,0.008749202148785398,0.0008749202148785398,0.18289434183620595,0.18636640487950124,0.18298549167202227,0.18636323771921634,0.04738766428115027
golovin_controlled_high_resolution_convergence_v1,controlled,golovin,16384,0.1,300.0,3600.0,899.9999761581421,radius_moment_0_m3,100,100,2172913.1592488717,24463.810749581968,2446.3810749581967,2168059.0084498995,2177767.310047844,2168215.4395211297,2177587.98887227,0.011258531269624493
golovin_controlled_high_resolution_convergence_v1,controlled,golovin,16384,0.1,300.0,3600.0,899.9999761581421,radius_moment_3_um3_m3,100,100,238740390140.53336,262.9631589546454,26.296315895464538,238740390088.35577,238740390192.71094,238740390089.6323,238740390192.45502,1.101460707171725e-09
golovin_controlled_high_resolution_convergence_v1,controlled,golovin,16384,0.1,300.0,3600.0,899.9999761581421,radius_moment_6_um6_m3,100,100,2.03159001380308e+17,6318819193123696.0,631881919312369.6,2.0190521056460742e+17,2.0441279219600858e+17,2.019434924905015e+17,2.0437861410813277e+17,0.03110282660473922
golovin_controlled_high_resolution_convergence_v1,controlled,golovin,16384,0.1,300.0,3600.0,899.9999761581421,golovin_relative_error_radius_moment_0_m3,100,100,-0.0008006079201800776,0.011249517600320436,0.0011249517600320437,-0.0030327562721526344,0.0014315404317924792,-0.002961719876685545,0.0013957115457402696,14.051219475558181
golovin_controlled_high_resolution_convergence_v1,controlled,golovin,16384,0.1,300.0,3600.0,899.9999761581421,golovin_relative_error_radius_moment_3_um3_m3,100,100,2.9729706353833764e-05,1.1014934524348863e-09,1.1014934524348863e-10,2.9729487793635724e-05,2.9729924914031804e-05,2.9729490646425384e-05,2.972992627766957e-05,3.705026344105966e-05
golovin_controlled_high_resolution_convergence_v1,controlled,golovin,16384,0.1,300.0,3600.0,899.9999761581421,golovin_relative_error_radius_moment_6_um6_m3,100,100,0.004779151798921911,0.031251471734458816,0.003125147173445882,-0.0014218181988317853,0.010980121796675606,-0.0013948246281015283,0.0107957517244079,6.539125152188841
golovin_controlled_high_resolution_convergence_v1,controlled,golovin,16384,0.1,300.0,3600.0,899.9999761581421,liquid_water_gm3,100,100,0.998236347673897,1.0995181222991082e-09,1.0995181222991082e-10,0.9982363474557288,0.9982363478920653,0.9982363474561452,0.998236347881667,1.1014607160530863e-09
golovin_controlled_high_resolution_convergence_v1,controlled,golovin,16384,0.1,300.0,3600.0,899.9999761581421,relative_liquid_mass_drift,100,100,2.580686275788224e-10,1.1014607164769964e-09,1.1014607164769964e-10,3.951492506480471e-11,4.766223300928401e-10,3.8892624065756196e-11,4.728690515543031e-10,4.2680922776658505
golovin_controlled_high_resolution_convergence_v1,controlled,golovin,16384,0.1,300.0,3600.0,899.9999761581421,mass_fraction_r_ge_cloud_threshold,100,100,0.8756394158153086,0.0030626696814427456,0.00030626696814427457,0.8750317157054057,0.8762471159252114,0.87504620064539,0.8762435550624262,0.0034976379844562974
golovin_controlled_high_resolution_convergence_v1,controlled,golovin,16384,0.1,300.0,3600.0,899.9999761581421,mass_fraction_r_ge_large_threshold,100,100,0.0,0.0,0.0,0.0,0.0,0.0,0.0,nan
golovin_controlled_high_resolution_convergence_v1,controlled,golovin,16384,0.1,300.0,3600.0,899.9999761581421,mass_fraction_r_ge_onset_threshold,100,100,0.0,0.0,0.0,0.0,0.0,0.0,0.0,nan
golovin_controlled_high_resolution_convergence_v1,controlled,golovin,16384,0.1,300.0,3600.0,899.9999761581421,mass_weighted_radius_q99_um,100,100,171.57611068725586,4.35092979894568,0.435092979894568,170.71279182103282,172.4394295534789,170.73987346267702,172.44107905197143,0.025358599058562605
golovin_controlled_high_resolution_convergence_v1,controlled,golovin,16384,0.1,300.0,3600.0,899.9999761581421,fixed_bin_mass_below_range_fraction,100,100,0.0,0.0,0.0,0.0,0.0,0.0,0.0,nan
golovin_controlled_high_resolution_convergence_v1,controlled,golovin,16384,0.1,300.0,3600.0,899.9999761581421,fixed_bin_mass_above_range_fraction,100,100,0.0,0.0,0.0,0.0,0.0,0.0,0.0,nan
golovin_controlled_high_resolution_convergence_v1,controlled,golovin,16384,0.1,300.0,3600.0,899.9999761581421,fixed_bin_mass_below_range_fraction_bins_250,100,100,0.0,0.0,0.0,0.0,0.0,0.0,0.0,nan
golovin_controlled_high_resolution_convergence_v1,controlled,golovin,16384,0.1,300.0,3600.0,899.9999761581421,fixed_bin_mass_below_range_fraction_bins_500,100,100,0.0,0.0,0.0,0.0,0.0,0.0,0.0,nan
golovin_controlled_high_resolution_convergence_v1,controlled,golovin,16384,0.1,300.0,3600.0,899.9999761581421,fixed_bin_mass_below_range_fraction_bins_1000,100,100,0.0,0.0,0.0,0.0,0.0,0.0,0.0,nan
golovin_controlled_high_resolution_convergence_v1,controlled,golovin,16384,0.1,300.0,3600.0,899.9999761581421,fixed_bin_mass_above_range_fraction_bins_250,100,100,0.0,0.0,0.0,0.0,0.0,0.0,0.0,nan
golovin_controlled_high_resolution_convergence_v1,controlled,golovin,16384,0.1,300.0,3600.0,899.9999761581421,fixed_bin_mass_above_range_fraction_bins_500,100,100,0.0,0.0,0.0,0.0,0.0,0.0,0.0,nan
golovin_controlled_high_resolution_convergence_v1,controlled,golovin,16384,0.1,300.0,3600.0,899.9999761581421,fixed_bin_mass_above_range_fraction_bins_1000,100,100,0.0,0.0,0.0,0.0,0.0,0.0,0.0,nan
golovin_controlled_high_resolution_convergence_v1,controlled,golovin,32768,0.1,300.0,3600.0,0.0,golovin_fixed_bin_l1_relative,100,100,0.003150725428215288,8.717313461872983e-19,8.717313461872983e-20,0.003150725428215288,0.003150725428215288,0.003150725428215288,0.003150725428215288,2.76676392801732e-16
golovin_controlled_high_resolution_convergence_v1,controlled,golovin,32768,0.1,300.0,3600.0,0.0,golovin_fixed_bin_l1_relative_bins_250,100,100,0.002020990361909386,4.358656730936491e-19,4.358656730936491e-20,0.002020990361909386,0.002020990361909386,0.002020990361909386,0.002020990361909386,2.1566934771616283e-16
golovin_controlled_high_resolution_convergence_v1,controlled,golovin,32768,0.1,300.0,3600.0,0.0,golovin_fixed_bin_l1_relative_bins_500,100,100,0.003150725428215288,8.717313461872983e-19,8.717313461872983e-20,0.003150725428215288,0.003150725428215288,0.003150725428215288,0.003150725428215288,2.76676392801732e-16
golovin_controlled_high_resolution_convergence_v1,controlled,golovin,32768,0.1,300.0,3600.0,0.0,golovin_fixed_bin_l1_relative_bins_1000,100,100,0.007124586590200326,1.7434626923745965e-18,1.7434626923745965e-19,0.007124586590200326,0.007124586590200326,0.007124586590200326,0.007124586590200326,2.447107169379739e-16
golovin_controlled_high_resolution_convergence_v1,controlled,golovin,32768,0.1,300.0,3600.0,0.0,radius_moment_0_m3,100,100,8388607.999999999,0.0,0.0,8388607.999999999,8388607.999999999,8388607.999999999,8388607.999999999,0.0
golovin_controlled_high_resolution_convergence_v1,controlled,golovin,32768,0.1,300.0,3600.0,0.0,radius_moment_3_um3_m3,100,100,238740390076.04684,3.067132004575232e-05,3.0671320045752322e-06,238740390076.04684,238740390076.04684,238740390076.04684,238740390076.04684,1.284714330741542e-16
golovin_controlled_high_resolution_convergence_v1,controlled,golovin,32768,0.1,300.0,3600.0,0.0,radius_moment_6_um6_m3,100,100,1.3588188660031544e+16,0.0,0.0,1.3588188660031544e+16,1.3588188660031544e+16,1.3588188660031544e+16,1.3588188660031544e+16,0.0
golovin_controlled_high_resolution_convergence_v1,controlled,golovin,32768,0.1,300.0,3600.0,0.0,golovin_relative_error_radius_moment_0_m3,100,100,-1.1102230246251565e-16,0.0,0.0,-1.1102230246251565e-16,-1.1102230246251565e-16,-1.1102230246251565e-16,-1.1102230246251565e-16,0.0
golovin_controlled_high_resolution_convergence_v1,controlled,golovin,32768,0.1,300.0,3600.0,0.0,golovin_relative_error_radius_moment_3_um3_m3,100,100,2.9729436234138262e-05,0.0,0.0,2.9729436234138262e-05,2.9729436234138262e-05,2.9729436234138262e-05,2.9729436234138262e-05,0.0
golovin_controlled_high_resolution_convergence_v1,controlled,golovin,32768,0.1,300.0,3600.0,0.0,golovin_relative_error_radius_moment_6_um6_m3,100,100,-1.0369227709139395e-05,0.0,0.0,-1.0369227709139395e-05,-1.0369227709139395e-05,-1.0369227709139395e-05,-1.0369227709139395e-05,0.0
golovin_controlled_high_resolution_convergence_v1,controlled,golovin,32768,0.1,300.0,3600.0,0.0,liquid_water_gm3,100,100,0.9982363474042618,1.1158161231197418e-16,1.1158161231197418e-17,0.9982363474042618,0.9982363474042618,0.9982363474042618,0.9982363474042618,1.1177875119667055e-16
golovin_controlled_high_resolution_convergence_v1,controlled,golovin,32768,0.1,300.0,3600.0,0.0,relative_liquid_mass_drift,100,100,0.0,0.0,0.0,0.0,0.0,0.0,0.0,nan
golovin_controlled_high_resolution_convergence_v1,controlled,golovin,32768,0.1,300.0,3600.0,0.0,mass_fraction_r_ge_cloud_threshold,100,100,0.3428447259032381,1.1158161231197418e-16,1.1158161231197418e-17,0.3428447259032381,0.3428447259032381,0.3428447259032381,0.3428447259032381,3.2545815607344687e-16
golovin_controlled_high_resolution_convergence_v1,controlled,golovin,32768,0.1,300.0,3600.0,0.0,mass_fraction_r_ge_large_threshold,100,100,0.0,0.0,0.0,0.0,0.0,0.0,0.0,nan
golovin_controlled_high_resolution_convergence_v1,controlled,golovin,32768,0.1,300.0,3600.0,0.0,mass_fraction_r_ge_onset_threshold,100,100,0.0,0.0,0.0,0.0,0.0,0.0,0.0,nan
golovin_controlled_high_resolution_convergence_v1,controlled,golovin,32768,0.1,300.0,3600.0,0.0,mass_weighted_radius_q99_um,100,100,57.3795166015625,0.0,0.0,57.3795166015625,57.3795166015625,57.3795166015625,57.3795166015625,0.0
golovin_controlled_high_resolution_convergence_v1,controlled,golovin,32768,0.1,300.0,3600.0,0.0,fixed_bin_mass_below_range_fraction,100,100,0.0,0.0,0.0,0.0,0.0,0.0,0.0,nan
golovin_controlled_high_resolution_convergence_v1,controlled,golovin,32768,0.1,300.0,3600.0,0.0,fixed_bin_mass_above_range_fraction,100,100,0.0,0.0,0.0,0.0,0.0,0.0,0.0,nan
golovin_controlled_high_resolution_convergence_v1,controlled,golovin,32768,0.1,300.0,3600.0,0.0,fixed_bin_mass_below_range_fraction_bins_250,100,100,0.0,0.0,0.0,0.0,0.0,0.0,0.0,nan
golovin_controlled_high_resolution_convergence_v1,controlled,golovin,32768,0.1,300.0,3600.0,0.0,fixed_bin_mass_below_range_fraction_bins_500,100,100,0.0,0.0,0.0,0.0,0.0,0.0,0.0,nan
golovin_controlled_high_resolution_convergence_v1,controlled,golovin,32768,0.1,300.0,3600.0,0.0,fixed_bin_mass_below_range_fraction_bins_1000,100,100,0.0,0.0,0.0,0.0,0.0,0.0,0.0,nan
golovin_controlled_high_resolution_convergence_v1,controlled,golovin,32768,0.1,300.0,3600.0,0.0,fixed_bin_mass_above_range_fraction_bins_250,100,100,0.0,0.0,0.0,0.0,0.0,0.0,0.0,nan
golovin_controlled_high_resolution_convergence_v1,controlled,golovin,32768,0.1,300.0,3600.0,0.0,fixed_bin_mass_above_range_fraction_bins_500,100,100,0.0,0.0,0.0,0.0,0.0,0.0,0.0,nan
golovin_controlled_high_resolution_convergence_v1,controlled,golovin,32768,0.1,300.0,3600.0,0.0,fixed_bin_mass_above_range_fraction_bins_1000,100,100,0.0,0.0,0.0,0.0,0.0,0.0,0.0,nan
golovin_controlled_high_resolution_convergence_v1,controlled,golovin,32768,0.1,300.0,3600.0,1200.0000476837158,golovin_fixed_bin_l1_relative,100,100,0.0923819481131759,0.007141894110885049,0.0007141894110885049,0.09096484137705058,0.09379905484930123,0.09099959397631895,0.09378358091503107,0.07730832978468487
golovin_controlled_high_resolution_convergence_v1,controlled,golovin,32768,0.1,300.0,3600.0,1200.0000476837158,golovin_fixed_bin_l1_relative_bins_250,100,100,0.06651747376803191,0.007057866548509586,0.0007057866548509586,0.06511703992327317,0.06791790761279065,0.06512373527176311,0.06792356566494098,0.1061054509244092
golovin_controlled_high_resolution_convergence_v1,controlled,golovin,32768,0.1,300.0,3600.0,1200.0000476837158,golovin_fixed_bin_l1_relative_bins_500,100,100,0.0923819481131759,0.007141894110885049,0.0007141894110885049,0.09096484137705058,0.09379905484930123,0.09099719795358016,0.09377143559188078,0.07730832978468487
golovin_controlled_high_resolution_convergence_v1,controlled,golovin,32768,0.1,300.0,3600.0,1200.0000476837158,golovin_fixed_bin_l1_relative_bins_1000,100,100,0.13042147137555363,0.00660215269846447,0.0006602152698464471,0.12911146104542812,0.13173148170567914,0.1291037835312496,0.1316951884532393,0.05062167010409903
golovin_controlled_high_resolution_convergence_v1,controlled,golovin,32768,0.1,300.0,3600.0,1200.0000476837158,radius_moment_0_m3,100,100,1386747.3045331733,13257.17693959865,1325.717693959865,1384116.7930118002,1389377.8160545465,1384141.8304935966,1389264.7422022081,0.0095599082084111
golovin_controlled_high_resolution_convergence_v1,controlled,golovin,32768,0.1,300.0,3600.0,1200.0000476837158,radius_moment_3_um3_m3,100,100,238740390113.92853,204.90465500333573,20.490465500333574,238740390073.271,238740390154.58606,238740390073.0318,238740390153.27554,8.58273938924008e-10
golovin_controlled_high_resolution_convergence_v1,controlled,golovin,32768,0.1,300.0,3600.0,1200.0000476837158,radius_moment_6_um6_m3,100,100,4.974927679807415e+17,1.346787932422588e+16,1346787932422588.0,4.948204485350366e+17,5.001650874264464e+17,4.948772779615829e+17,5.001323688098438e+17,0.027071507750535254
golovin_controlled_high_resolution_convergence_v1,controlled,golovin,32768,0.1,300.0,3600.0,1200.0000476837158,golovin_relative_error_radius_moment_0_m3,100,100,9.303736626780523e-05,0.009560797637092566,0.0009560797637092565,-0.001804032307952838,0.0019901070404884486,-0.0017722876905389214,0.0019283205709268645,102.7629867506363
golovin_controlled_high_resolution_convergence_v1,controlled,golovin,32768,0.1,300.0,3600.0,1200.0000476837158,golovin_relative_error_radius_moment_3_um3_m3,100,100,2.972959491222893e-05,8.582994638491574e-10,8.582994638491574e-11,2.9729424606994357e-05,2.97297652174635e-05,2.9729424571814656e-05,2.9729760252212136e-05,2.8870203794674166e-05
golovin_controlled_high_resolution_convergence_v1,controlled,golovin,32768,0.1,300.0,3600.0,1200.0000476837158,golovin_relative_error_radius_moment_6_um6_m3,100,100,0.0003563960070663441,0.027081155927802816,0.0027081155927802815,-0.00501709285898379,0.005729884873116479,-0.0048247648404768405,0.005756282927028298,75.9861373047358
golovin_controlled_high_resolution_convergence_v1,controlled,golovin,32768,0.1,300.0,3600.0,1200.0000476837158,liquid_water_gm3,100,100,0.9982363475626554,8.567602413085533e-10,8.567602413085533e-11,0.9982363473926557,0.9982363477326552,0.9982363473914726,0.9982363477328225,8.582739382316248e-10
golovin_controlled_high_resolution_convergence_v1,controlled,golovin,32768,0.1,300.0,3600.0,1200.0000476837158,relative_liquid_mass_drift,100,100,1.5867329894447835e-10,8.582739454888291e-10,8.58273945488829e-11,-1.1626872229910787e-11,3.289734701188675e-10,-1.0581936854547806e-11,3.281412705724573e-10,5.409063473175466
golovin_controlled_high_resolution_convergence_v1,controlled,golovin,32768,0.1,300.0,3600.0,1200.0000476837158,mass_fraction_r_ge_cloud_threshold,100,100,0.9244162773990301,0.0013909971111762016,0.00013909971111762017,0.9241402733942697,0.9246922814037905,0.9241343234397699,0.9246842593878365,0.001504730222935883
golovin_controlled_high_resolution_convergence_v1,controlled,golovin,32768,0.1,300.0,3600.0,1200.0000476837158,mass_fraction_r_ge_large_threshold,100,100,0.0,0.0,0.0,0.0,0.0,0.0,0.0,nan
golovin_controlled_high_resolution_convergence_v1,controlled,golovin,32768,0.1,300.0,3600.0,1200.0000476837158,mass_fraction_r_ge_onset_threshold,100,100,0.0,0.0,0.0,0.0,0.0,0.0,0.0,nan
golovin_controlled_high_resolution_convergence_v1,controlled,golovin,32768,0.1,300.0,3600.0,1200.0000476837158,mass_weighted_radius_q99_um,100,100,234.59757888793945,4.1660787645926405,0.41660787645926406,233.77093847730455,235.42421929857434,233.79688065719606,235.42011374664307,0.01775840477272213
golovin_controlled_high_resolution_convergence_v1,controlled,golovin,32768,0.1,300.0,3600.0,1200.0000476837158,fixed_bin_mass_below_range_fraction,100,100,0.0,0.0,0.0,0.0,0.0,0.0,0.0,nan
golovin_controlled_high_resolution_convergence_v1,controlled,golovin,32768,0.1,300.0,3600.0,1200.0000476837158,fixed_bin_mass_above_range_fraction,100,100,0.0,0.0,0.0,0.0,0.0,0.0,0.0,nan
golovin_controlled_high_resolution_convergence_v1,controlled,golovin,32768,0.1,300.0,3600.0,1200.0000476837158,fixed_bin_mass_below_range_fraction_bins_250,100,100,0.0,0.0,0.0,0.0,0.0,0.0,0.0,nan
golovin_controlled_high_resolution_convergence_v1,controlled,golovin,32768,0.1,300.0,3600.0,1200.0000476837158,fixed_bin_mass_below_range_fraction_bins_500,100,100,0.0,0.0,0.0,0.0,0.0,0.0,0.0,nan
golovin_controlled_high_resolution_convergence_v1,controlled,golovin,32768,0.1,300.0,3600.0,1200.0000476837158,fixed_bin_mass_below_range_fraction_bins_1000,100,100,0.0,0.0,0.0,0.0,0.0,0.0,0.0,nan
golovin_controlled_high_resolution_convergence_v1,controlled,golovin,32768,0.1,300.0,3600.0,1200.0000476837158,fixed_bin_mass_above_range_fraction_bins_250,100,100,0.0,0.0,0.0,0.0,0.0,0.0,0.0,nan
golovin_controlled_high_resolution_convergence_v1,controlled,golovin,32768,0.1,300.0,3600.0,1200.0000476837158,fixed_bin_mass_above_range_fraction_bins_500,100,100,0.0,0.0,0.0,0.0,0.0,0.0,0.0,nan
golovin_controlled_high_resolution_convergence_v1,controlled,golovin,32768,0.1,300.0,3600.0,1200.0000476837158,fixed_bin_mass_above_range_fraction_bins_1000,100,100,0.0,0.0,0.0,0.0,0.0,0.0,0.0,nan
golovin_controlled_high_resolution_convergence_v1,controlled,golovin,32768,0.1,300.0,3600.0,1500.0,golovin_fixed_bin_l1_relative,100,100,0.09250374743128358,0.005986092164526851,0.000598609216452685,0.0913159768766223,0.09369151798594486,0.09136927601929465,0.09365855353014851,0.0647118882288917
golovin_controlled_high_resolution_convergence_v1,controlled,golovin,32768,0.1,300.0,3600.0,1500.0,golovin_fixed_bin_l1_relative_bins_250,100,100,0.06605683065304388,0.005647788616366941,0.0005647788616366941,0.06493618686188667,0.0671774744442011,0.06494182254408748,0.06714145762735951,0.08549893418337491
golovin_controlled_high_resolution_convergence_v1,controlled,golovin,32768,0.1,300.0,3600.0,1500.0,golovin_fixed_bin_l1_relative_bins_500,100,100,0.09250374743128358,0.005986092164526851,0.000598609216452685,0.0913159768766223,0.09369151798594486,0.09133174593739578,0.09366262343950858,0.0647118882288917
golovin_controlled_high_resolution_convergence_v1,controlled,golovin,32768,0.1,300.0,3600.0,1500.0,golovin_fixed_bin_l1_relative_bins_1000,100,100,0.13001535402422382,0.006146187955643003,0.0006146187955643004,0.1287958169913015,0.13123489105714614,0.12882669692916546,0.13121418992873374,0.04727278560113658
golovin_controlled_high_resolution_convergence_v1,controlled,golovin,32768,0.1,300.0,3600.0,1500.0,radius_moment_0_m3,100,100,884674.2015448213,8986.966246756121,898.6966246756122,882890.9924678064,886457.4106218361,882906.3736800862,886411.1397485882,0.010158503809722323
golovin_controlled_high_resolution_convergence_v1,controlled,golovin,32768,0.1,300.0,3600.0,1500.0,radius_moment_3_um3_m3,100,100,238740390121.56296,162.55650246287018,16.25565024628702,238740390089.30823,238740390153.8177,238740390090.18832,238740390153.61005,6.808923382428038e-10
golovin_controlled_high_resolution_convergence_v1,controlled,golovin,32768,0.1,300.0,3600.0,1500.0,radius_moment_6_um6_m3,100,100,1.2211173211381745e+18,3.9239172163422904e+16,3923917216342290.5,1.2133314180808863e+18,1.2289032241954627e+18,1.2135419795601705e+18,1.2287678322854802e+18,0.03213382652442355
golovin_controlled_high_resolution_convergence_v1,controlled,golovin,32768,0.1,300.0,3600.0,1500.0,golovin_relative_error_radius_moment_0_m3,100,100,0.0005980234872173129,0.010164578833595518,0.0010164578833595519,-0.0014188494755183593,0.0026148964499529853,-0.0013941256747318932,0.002525104769076695,16.996955890299105
golovin_controlled_high_resolution_convergence_v1,controlled,golovin,32768,0.1,300.0,3600.0,1500.0,golovin_relative_error_radius_moment_3_um3_m3,100,100,2.9729626891019655e-05,6.809125843116245e-10,6.809125843116245e-11,2.972949178319042e-05,2.972976199884889e-05,2.972949477977038e-05,2.9729760433506948e-05,2.290350251645122e-05
golovin_controlled_high_resolution_convergence_v1,controlled,golovin,32768,0.1,300.0,3600.0,1500.0,golovin_relative_error_radius_moment_6_um6_m3,100,100,-0.0017048438057560055,0.03207904336931815,0.0032079043369318146,-0.0080700219701637,0.004660334358651688,-0.007838159073694593,0.004670508263291589,18.81641195575265
golovin_controlled_high_resolution_convergence_v1,controlled,golovin,32768,0.1,300.0,3600.0,1500.0,liquid_water_gm3,100,100,0.9982363475945768,6.796914817147037e-10,6.796914817147036e-11,0.9982363474597112,0.9982363477294424,0.9982363474620314,0.9982363477262668,6.808923391264382e-10
golovin_controlled_high_resolution_convergence_v1,controlled,golovin,32768,0.1,300.0,3600.0,1500.0,relative_liquid_mass_drift,100,100,1.906511049032389e-10,6.808923291834281e-10,6.808923291834281e-11,5.5547294726147176e-11,3.257549150803306e-10,5.846174494505975e-11,3.2490072499058437e-10,3.571405104255762
golovin_controlled_high_resolution_convergence_v1,controlled,golovin,32768,0.1,300.0,3600.0,1500.0,mass_fraction_r_ge_cloud_threshold,100,100,0.9532429946869572,0.0009253124788980812,9.253124788980813e-05,0.9530593926163428,0.9534265967575716,0.9530638937965127,0.9534216048047927,0.0009706994796242397
golovin_controlled_high_resolution_convergence_v1,controlled,golovin,32768,0.1,300.0,3600.0,1500.0,mass_fraction_r_ge_large_threshold,100,100,0.0,0.0,0.0,0.0,0.0,0.0,0.0,nan
golovin_controlled_high_resolution_convergence_v1,controlled,golovin,32768,0.1,300.0,3600.0,1500.0,mass_fraction_r_ge_onset_threshold,100,100,0.0,0.0,0.0,0.0,0.0,0.0,0.0,nan
golovin_controlled_high_resolution_convergence_v1,controlled,golovin,32768,0.1,300.0,3600.0,1500.0,mass_weighted_radius_q99_um,100,100,319.4200421142578,5.8200331003004235,0.5820033100300424,318.2652212806168,320.5748629478988,318.2910827255249,320.55443173980717,0.018220625924964894
golovin_controlled_high_resolution_convergence_v1,controlled,golovin,32768,0.1,300.0,3600.0,1500.0,fixed_bin_mass_below_range_fraction,100,100,0.0,0.0,0.0,0.0,0.0,0.0,0.0,nan
golovin_controlled_high_resolution_convergence_v1,controlled,golovin,32768,0.1,300.0,3600.0,1500.0,fixed_bin_mass_above_range_fraction,100,100,0.0,0.0,0.0,0.0,0.0,0.0,0.0,nan
golovin_controlled_high_resolution_convergence_v1,controlled,golovin,32768,0.1,300.0,3600.0,1500.0,fixed_bin_mass_below_range_fraction_bins_250,100,100,0.0,0.0,0.0,0.0,0.0,0.0,0.0,nan
golovin_controlled_high_resolution_convergence_v1,controlled,golovin,32768,0.1,300.0,3600.0,1500.0,fixed_bin_mass_below_range_fraction_bins_500,100,100,0.0,0.0,0.0,0.0,0.0,0.0,0.0,nan
golovin_controlled_high_resolution_convergence_v1,controlled,golovin,32768,0.1,300.0,3600.0,1500.0,fixed_bin_mass_below_range_fraction_bins_1000,100,100,0.0,0.0,0.0,0.0,0.0,0.0,0.0,nan
golovin_controlled_high_resolution_convergence_v1,controlled,golovin,32768,0.1,300.0,3600.0,1500.0,fixed_bin_mass_above_range_fraction_bins_250,100,100,0.0,0.0,0.0,0.0,0.0,0.0,0.0,nan
golovin_controlled_high_resolution_convergence_v1,controlled,golovin,32768,0.1,300.0,3600.0,1500.0,fixed_bin_mass_above_range_fraction_bins_500,100,100,0.0,0.0,0.0,0.0,0.0,0.0,0.0,nan
golovin_controlled_high_resolution_convergence_v1,controlled,golovin,32768,0.1,300.0,3600.0,1500.0,fixed_bin_mass_above_range_fraction_bins_1000,100,100,0.0,0.0,0.0,0.0,0.0,0.0,0.0,nan
golovin_controlled_high_resolution_convergence_v1,controlled,golovin,32768,0.1,300.0,3600.0,1799.9999523162842,golovin_fixed_bin_l1_relative,100,100,0.09350787277738917,0.006608247497024022,0.0006608247497024022,0.09219665310700181,0.09481909244777653,0.09223488917005992,0.09480349195188702,0.07067049330440912
golovin_controlled_high_resolution_convergence_v1,controlled,golovin,32768,0.1,300.0,3600.0,1799.9999523162842,golovin_fixed_bin_l1_relative_bins_250,100,100,0.06657370535387724,0.006156375305918802,0.0006156375305918802,0.06535214692964403,0.06779526377811046,0.06536703876797904,0.06778723496276397,0.09247457796128597
golovin_controlled_high_resolution_convergence_v1,controlled,golovin,32768,0.1,300.0,3600.0,1799.9999523162842,golovin_fixed_bin_l1_relative_bins_500,100,100,0.09350787277738917,0.006608247497024022,0.0006608247497024022,0.09219665310700181,0.09481909244777653,0.09223215809580025,0.09482177388660529,0.07067049330440912
golovin_controlled_high_resolution_convergence_v1,controlled,golovin,32768,0.1,300.0,3600.0,1799.9999523162842,golovin_fixed_bin_l1_relative_bins_1000,100,100,0.13192392823165128,0.006311396451929439,0.0006311396451929438,0.1306716102488412,0.13317624621446136,0.1307088504122224,0.1331707011102933,0.04784118041760376
golovin_controlled_high_resolution_convergence_v1,controlled,golovin,32768,0.1,300.0,3600.0,1799.9999523162842,radius_moment_0_m3,100,100,564102.9891801206,5943.124439351162,594.3124439351162,562923.7443543258,565282.2340059155,562922.1544532824,565258.7381129061,0.010535530839836582
golovin_controlled_high_resolution_convergence_v1,controlled,golovin,32768,0.1,300.0,3600.0,1799.9999523162842,radius_moment_3_um3_m3,100,100,238740390119.13153,202.18325130777967,20.218325130777966,238740390079.01398,238740390159.24908,238740390079.73764,238740390159.0019,8.468749305758031e-10
golovin_controlled_high_resolution_convergence_v1,controlled,golovin,32768,0.1,300.0,3600.0,1799.9999523162842,radius_moment_6_um6_m3,100,100,3.0055958145818854e+18,1.110787143574212e+17,1.110787143574212e+16,2.9835553877830436e+18,3.0276362413807273e+18,2.9843539971857475e+18,3.0273130915920353e+18,0.03695730271466111
golovin_controlled_high_resolution_convergence_v1,controlled,golovin,32768,0.1,300.0,3600.0,1799.9999523162842,golovin_relative_error_radius_moment_0_m3,100,100,0.0006170149180966,0.01054203141953482,0.001054203141953482,-0.0014747528265831615,0.0027087826627763614,-0.0013945988928712875,0.002658941079937394,17.0855373352324
golovin_controlled_high_resolution_convergence_v1,controlled,golovin,32768,0.1,300.0,3600.0,1799.9999523162842,golovin_relative_error_radius_moment_3_um3_m3,100,100,2.9729616706173355e-05,8.46900120148354e-10,8.46900120148354e-11,2.9729448662815883e-05,2.9729784749530826e-05,2.972945369670882e-05,2.9729778866876443e-05,2.8486748703103704e-05
golovin_controlled_high_resolution_convergence_v1,controlled,golovin,32768,0.1,300.0,3600.0,1799.9999523162842,golovin_relative_error_radius_moment_6_um6_m3,100,100,-0.0009994198878655015,0.03692036685132622,0.003692036685132622,-0.008325221664384574,0.006326381888653572,-0.00818378632339608,0.006263625572466644,36.94179723617311
golovin_controlled_high_resolution_convergence_v1,controlled,golovin,32768,0.1,300.0,3600.0,1799.9999523162842,liquid_water_gm3,100,100,0.9982363475844102,8.453813560956415e-10,8.453813560956416e-11,0.9982363474166681,0.9982363477521522,0.9982363474191731,0.9982363477477378,8.468749491454044e-10
golovin_controlled_high_resolution_convergence_v1,controlled,golovin,32768,0.1,300.0,3600.0,1799.9999523162842,relative_liquid_mass_drift,100,100,1.8046656835579712e-10,8.468749425923563e-10,8.468749425923563e-11,1.2428206659244376e-11,3.4850493005234986e-10,1.2343983613050127e-11,3.475513665196494e-10,4.6926971034474825
golovin_controlled_high_resolution_convergence_v1,controlled,golovin,32768,0.1,300.0,3600.0,1799.9999523162842,mass_fraction_r_ge_cloud_threshold,100,100,0.970769483094821,0.0006028135568313707,6.028135568313707e-05,0.9706498718070099,0.9708890943826322,0.9706513852741644,0.9708852307764456,0.0006209646752693504
golovin_controlled_high_resolution_convergence_v1,controlled,golovin,32768,0.1,300.0,3600.0,1799.9999523162842,mass_fraction_r_ge_large_threshold,100,100,0.0,0.0,0.0,0.0,0.0,0.0,0.0,nan
golovin_controlled_high_resolution_convergence_v1,controlled,golovin,32768,0.1,300.0,3600.0,1799.9999523162842,mass_fraction_r_ge_onset_threshold,100,100,0.0,0.0,0.0,0.0,0.0,0.0,0.0,nan
golovin_controlled_high_resolution_convergence_v1,controlled,golovin,32768,0.1,300.0,3600.0,1799.9999523162842,mass_weighted_radius_q99_um,100,100,433.97861145019533,9.967024082089553,0.9967024082089553,432.0009376361401,435.95628526425054,432.07896241760255,435.9429008178711,0.022966625126485982
golovin_controlled_high_resolution_convergence_v1,controlled,golovin,32768,0.1,300.0,3600.0,1799.9999523162842,fixed_bin_mass_below_range_fraction,100,100,0.0,0.0,0.0,0.0,0.0,0.0,0.0,nan
golovin_controlled_high_resolution_convergence_v1,controlled,golovin,32768,0.1,300.0,3600.0,1799.9999523162842,fixed_bin_mass_above_range_fraction,100,100,0.0,0.0,0.0,0.0,0.0,0.0,0.0,nan
golovin_controlled_high_resolution_convergence_v1,controlled,golovin,32768,0.1,300.0,3600.0,1799.9999523162842,fixed_bin_mass_below_range_fraction_bins_250,100,100,0.0,0.0,0.0,0.0,0.0,0.0,0.0,nan
golovin_controlled_high_resolution_convergence_v1,controlled,golovin,32768,0.1,300.0,3600.0,1799.9999523162842,fixed_bin_mass_below_range_fraction_bins_500,100,100,0.0,0.0,0.0,0.0,0.0,0.0,0.0,nan
golovin_controlled_high_resolution_convergence_v1,controlled,golovin,32768,0.1,300.0,3600.0,1799.9999523162842,fixed_bin_mass_below_range_fraction_bins_1000,100,100,0.0,0.0,0.0,0.0,0.0,0.0,0.0,nan
golovin_controlled_high_resolution_convergence_v1,controlled,golovin,32768,0.1,300.0,3600.0,1799.9999523162842,fixed_bin_mass_above_range_fraction_bins_250,100,100,0.0,0.0,0.0,0.0,0.0,0.0,0.0,nan
golovin_controlled_high_resolution_convergence_v1,controlled,golovin,32768,0.1,300.0,3600.0,1799.9999523162842,fixed_bin_mass_above_range_fraction_bins_500,100,100,0.0,0.0,0.0,0.0,0.0,0.0,0.0,nan
golovin_controlled_high_resolution_convergence_v1,controlled,golovin,32768,0.1,300.0,3600.0,1799.9999523162842,fixed_bin_mass_above_range_fraction_bins_1000,100,100,0.0,0.0,0.0,0.0,0.0,0.0,0.0,nan
golovin_controlled_high_resolution_convergence_v1,controlled,golovin,32768,0.1,300.0,3600.0,2099.9999046325684,golovin_fixed_bin_l1_relative,100,100,0.09698382865918033,0.005971921410768839,0.0005971921410768839,0.09579886988950138,0.09816878742885927,0.09582343492495796,0.09814439465206688,0.06157646582251676
golovin_controlled_high_resolution_convergence_v1,controlled,golovin,32768,0.1,300.0,3600.0,2099.9999046325684,golovin_fixed_bin_l1_relative_bins_250,100,100,0.06926443923474522,0.006440778158027058,0.0006440778158027058,0.06798644911448874,0.0705424293550017,0.06799991684731163,0.07053379495568415,0.09298823796434003
golovin_controlled_high_resolution_convergence_v1,controlled,golovin,32768,0.1,300.0,3600.0,2099.9999046325684,golovin_fixed_bin_l1_relative_bins_500,100,100,0.09698382865918033,0.005971921410768839,0.0005971921410768839,0.09579886988950138,0.09816878742885927,0.0958258316624812,0.09817536932579687,0.06157646582251676
golovin_controlled_high_resolution_convergence_v1,controlled,golovin,32768,0.1,300.0,3600.0,2099.9999046325684,golovin_fixed_bin_l1_relative_bins_1000,100,100,0.13552180232712652,0.006279641996515909,0.0006279641996515909,0.13427578511718843,0.1367678195370646,0.13430481701074945,0.13674969130044437,0.046336765661940685
golovin_controlled_high_resolution_convergence_v1,controlled,golovin,32768,0.1,300.0,3600.0,2099.9999046325684,radius_moment_0_m3,100,100,359677.80176634603,3839.071367349938,383.9071367349938,358916.0467178015,360439.5568148906,358923.9100709481,360435.6817393844,0.01067363998694553
golovin_controlled_high_resolution_convergence_v1,controlled,golovin,32768,0.1,300.0,3600.0,2099.9999046325684,radius_moment_3_um3_m3,100,100,238740390120.73996,201.298060942919,20.1298060942919,238740390080.79807,238740390160.68185,238740390080.49857,238740390159.96075,8.431671777076138e-10
golovin_controlled_high_resolution_convergence_v1,controlled,golovin,32768,0.1,300.0,3600.0,2099.9999046325684,radius_moment_6_um6_m3,100,100,7.379964541916773e+18,2.883557501048017e+17,2.8835575010480172e+16,7.322748505172237e+18,7.437180578661309e+18,7.324749916154165e+18,7.438897562495108e+18,0.03907278259495649
golovin_controlled_high_resolution_convergence_v1,controlled,golovin,32768,0.1,300.0,3600.0,2099.9999046325684,golovin_relative_error_radius_moment_0_m3,100,100,0.0005903782251506651,0.010679941471576925,0.0010679941471576926,-0.0015287538658347076,0.0027095103161360375,-0.0015300187809188775,0.0027076476963107145,18.089998947456767
golovin_controlled_high_resolution_convergence_v1,controlled,golovin,32768,0.1,300.0,3600.0,2099.9999046325684,golovin_relative_error_radius_moment_3_um3_m3,100,100,2.9729623443739416e-05,8.431922437208605e-10,8.431922437208606e-11,2.9729456136105073e-05,2.972979075137376e-05,2.9729455962184014e-05,2.9729782917842007e-05,2.8362022321491037e-05
golovin_controlled_high_resolution_convergence_v1,controlled,golovin,32768,0.1,300.0,3600.0,2099.9999046325684,golovin_relative_error_radius_moment_6_um6_m3,100,100,-0.0027064065067447154,0.03896703576190488,0.0038967035761904877,-0.010438311797929296,0.005025498784439865,-0.010025939820744793,0.004980055613912592,14.398072006106243
golovin_controlled_high_resolution_convergence_v1,controlled,golovin,32768,0.1,300.0,3600.0,2099.9999046325684,liquid_water_gm3,100,100,0.9982363475911356,8.416801236343495e-10,8.416801236343495e-11,0.9982363474241279,0.9982363477581432,0.9982363474256719,0.9982363477541094,8.431671774579486e-10
golovin_controlled_high_resolution_convergence_v1,controlled,golovin,32768,0.1,300.0,3600.0,2099.9999046325684,relative_liquid_mass_drift,100,100,1.8720391903315203e-10,8.431671714777821e-10,8.43167171477782e-11,1.990125956641336e-11,3.545065784998907e-10,2.403141957652027e-11,3.538642366351928e-10,4.504003846887763
golovin_controlled_high_resolution_convergence_v1,controlled,golovin,32768,0.1,300.0,3600.0,2099.9999046325684,mass_fraction_r_ge_cloud_threshold,100,100,0.9816045869931287,0.00039754389058466584,3.975438905846658e-05,0.9815257056604589,0.9816834683257984,0.9815275524976189,0.9816813804720734,0.00040499392102723406
golovin_controlled_high_resolution_convergence_v1,controlled,golovin,32768,0.1,300.0,3600.0,2099.9999046325684,mass_fraction_r_ge_large_threshold,100,100,0.0,0.0,0.0,0.0,0.0,0.0,0.0,nan
golovin_controlled_high_resolution_convergence_v1,controlled,golovin,32768,0.1,300.0,3600.0,2099.9999046325684,mass_fraction_r_ge_onset_threshold,100,100,0.0,0.0,0.0,0.0,0.0,0.0,0.0,nan
golovin_controlled_high_resolution_convergence_v1,controlled,golovin,32768,0.1,300.0,3600.0,2099.9999046325684,mass_weighted_radius_q99_um,100,100,587.2127587890625,12.466694196364477,1.2466694196364476,584.7390961935954,589.6864213845296,584.8447922363282,589.6540082244874,0.02123028495169796
golovin_controlled_high_resolution_convergence_v1,controlled,golovin,32768,0.1,300.0,3600.0,2099.9999046325684,fixed_bin_mass_below_range_fraction,100,100,0.0,0.0,0.0,0.0,0.0,0.0,0.0,nan
golovin_controlled_high_resolution_convergence_v1,controlled,golovin,32768,0.1,300.0,3600.0,2099.9999046325684,fixed_bin_mass_above_range_fraction,100,100,0.0,0.0,0.0,0.0,0.0,0.0,0.0,nan
golovin_controlled_high_resolution_convergence_v1,controlled,golovin,32768,0.1,300.0,3600.0,2099.9999046325684,fixed_bin_mass_below_range_fraction_bins_250,100,100,0.0,0.0,0.0,0.0,0.0,0.0,0.0,nan
golovin_controlled_high_resolution_convergence_v1,controlled,golovin,32768,0.1,300.0,3600.0,2099.9999046325684,fixed_bin_mass_below_range_fraction_bins_500,100,100,0.0,0.0,0.0,0.0,0.0,0.0,0.0,nan
golovin_controlled_high_resolution_convergence_v1,controlled,golovin,32768,0.1,300.0,3600.0,2099.9999046325684,fixed_bin_mass_below_range_fraction_bins_1000,100,100,0.0,0.0,0.0,0.0,0.0,0.0,0.0,nan
golovin_controlled_high_resolution_convergence_v1,controlled,golovin,32768,0.1,300.0,3600.0,2099.9999046325684,fixed_bin_mass_above_range_fraction_bins_250,100,100,0.0,0.0,0.0,0.0,0.0,0.0,0.0,nan
golovin_controlled_high_resolution_convergence_v1,controlled,golovin,32768,0.1,300.0,3600.0,2099.9999046325684,fixed_bin_mass_above_range_fraction_bins_500,100,100,0.0,0.0,0.0,0.0,0.0,0.0,0.0,nan
golovin_controlled_high_resolution_convergence_v1,controlled,golovin,32768,0.1,300.0,3600.0,2099.9999046325684,fixed_bin_mass_above_range_fraction_bins_1000,100,100,0.0,0.0,0.0,0.0,0.0,0.0,0.0,nan
golovin_controlled_high_resolution_convergence_v1,controlled,golovin,32768,0.1,300.0,3600.0,2400.0000953674316,golovin_fixed_bin_l1_relative,100,100,0.10153000418897289,0.0070468272705495,0.00070468272705495,0.10013176077646031,0.10292824760148546,0.10014039776867699,0.10293148719707897,0.06940635260325195
golovin_controlled_high_resolution_convergence_v1,controlled,golovin,32768,0.1,300.0,3600.0,2400.0000953674316,golovin_fixed_bin_l1_relative_bins_250,100,100,0.0728336598277204,0.00699078039788042,0.000699078039788042,0.07144653733069116,0.07422078232474964,0.07147788266452032,0.07419311473634398,0.09598282462279532
golovin_controlled_high_resolution_convergence_v1,controlled,golovin,32768,0.1,300.0,3600.0,2400.0000953674316,golovin_fixed_bin_l1_relative_bins_500,100,100,0.10153000418897289,0.0070468272705495,0.00070468272705495,0.10013176077646031,0.10292824760148546,0.10016589293408666,0.10289143962093815,0.06940635260325195
golovin_controlled_high_resolution_convergence_v1,controlled,golovin,32768,0.1,300.0,3600.0,2400.0000953674316,golovin_fixed_bin_l1_relative_bins_1000,100,100,0.1410547351105241,0.007542566652273746,0.0007542566652273746,0.1395581262495329,0.1425513439715153,0.13958645255313262,0.14253011814429534,0.053472622853559165
golovin_controlled_high_resolution_convergence_v1,controlled,golovin,32768,0.1,300.0,3600.0,2400.0000953674316,radius_moment_0_m3,100,100,229334.02587249715,2531.8851161621346,253.18851161621348,228831.64493580133,229836.40680919297,228834.61321564607,229830.42842017335,0.011040163388444534
golovin_controlled_high_resolution_convergence_v1,controlled,golovin,32768,0.1,300.0,3600.0,2400.0000953674316,radius_moment_3_um3_m3,100,100,238740390147.87152,230.15842867558416,23.015842867558415,238740390102.2031,238740390193.53995,238740390102.91028,238740390193.86917,9.640531647494928e-10
golovin_controlled_high_resolution_convergence_v1,controlled,golovin,32768,0.1,300.0,3600.0,2400.0000953674316,radius_moment_6_um6_m3,100,100,1.8146613597931035e+19,7.47752441988234e+17,7.47752441988234e+16,1.7998243290832716e+19,1.8294983905029353e+19,1.8006318716532484e+19,1.829593727803741e+19,0.041206169842812335
golovin_controlled_high_resolution_convergence_v1,controlled,golovin,32768,0.1,300.0,3600.0,2400.0000953674316,golovin_relative_error_radius_moment_0_m3,100,100,0.0005632371777972544,0.011046381618913874,0.0011046381618913875,-0.001628604588396898,0.002755078943991407,-0.0016257943140555598,0.002717584870591453,19.61230908462897
golovin_controlled_high_resolution_convergence_v1,controlled,golovin,32768,0.1,300.0,3600.0,2400.0000953674316,golovin_relative_error_radius_moment_3_um3_m3,100,100,2.972973709160609e-05,9.640818226499582e-10,9.640818226499582e-11,2.972954579685657e-05,2.972992838635561e-05,2.9729553296688193e-05,2.972992462939089e-05,3.242819873177276e-05
golovin_controlled_high_resolution_convergence_v1,controlled,golovin,32768,0.1,300.0,3600.0,2400.0000953674316,golovin_relative_error_radius_moment_6_um6_m3,100,100,-0.0029943350709373882,0.041082784763312986,0.004108278476331299,-0.01114605086551157,0.0051573807236367925,-0.010763279430683455,0.005153389554486536,13.720169516784193
golovin_controlled_high_resolution_convergence_v1,controlled,golovin,32768,0.1,300.0,3600.0,2400.0000953674316,liquid_water_gm3,100,100,0.9982363477045797,9.623529001144787e-10,9.623529001144787e-11,0.998236347513628,0.9982363478955314,0.9982363475212542,0.9982363478890173,9.64053154673626e-10
golovin_controlled_high_resolution_convergence_v1,controlled,golovin,32768,0.1,300.0,3600.0,2400.0000953674316,relative_liquid_mass_drift,100,100,3.0084845836775284e-10,9.64053164934152e-10,9.64053164934152e-11,1.0955939515846475e-10,4.92137521577041e-10,1.1325257734395869e-10,4.90119007240386e-10,3.2044477480941826
golovin_controlled_high_resolution_convergence_v1,controlled,golovin,32768,0.1,300.0,3600.0,2400.0000953674316,mass_fraction_r_ge_cloud_threshold,100,100,0.9883602560687347,0.0002530931455528939,2.5309314555289393e-05,0.9883100368977611,0.9884104752397083,0.9883111218192417,0.98841026058399,0.00025607377876523275
golovin_controlled_high_resolution_convergence_v1,controlled,golovin,32768,0.1,300.0,3600.0,2400.0000953674316,mass_fraction_r_ge_large_threshold,100,100,0.00030812074350216137,0.00048140401394072694,4.8140401394072694e-05,0.00021259974299986793,0.00040364174400445477,0.00021675257841502469,0.0004052591720184846,1.5623875512858811
golovin_controlled_high_resolution_convergence_v1,controlled,golovin,32768,0.1,300.0,3600.0,2400.0000953674316,mass_fraction_r_ge_onset_threshold,100,100,0.00030812074350216137,0.00048140401394072694,4.8140401394072694e-05,0.00021259974299986793,0.00040364174400445477,0.00021628142132009676,0.00040510202701277,1.5623875512858811
golovin_controlled_high_resolution_convergence_v1,controlled,golovin,32768,0.1,300.0,3600.0,2400.0000953674316,mass_weighted_radius_q99_um,100,100,792.3578399658203,19.62210657763208,1.9622106577632081,788.464388316103,796.2512916155375,788.6878671722412,796.2026767425536,0.024764198179043087
golovin_controlled_high_resolution_convergence_v1,controlled,golovin,32768,0.1,300.0,3600.0,2400.0000953674316,fixed_bin_mass_below_range_fraction,100,100,0.0,0.0,0.0,0.0,0.0,0.0,0.0,nan
golovin_controlled_high_resolution_convergence_v1,controlled,golovin,32768,0.1,300.0,3600.0,2400.0000953674316,fixed_bin_mass_above_range_fraction,100,100,0.0,0.0,0.0,0.0,0.0,0.0,0.0,nan
golovin_controlled_high_resolution_convergence_v1,controlled,golovin,32768,0.1,300.0,3600.0,2400.0000953674316,fixed_bin_mass_below_range_fraction_bins_250,100,100,0.0,0.0,0.0,0.0,0.0,0.0,0.0,nan
golovin_controlled_high_resolution_convergence_v1,controlled,golovin,32768,0.1,300.0,3600.0,2400.0000953674316,fixed_bin_mass_below_range_fraction_bins_500,100,100,0.0,0.0,0.0,0.0,0.0,0.0,0.0,nan
golovin_controlled_high_resolution_convergence_v1,controlled,golovin,32768,0.1,300.0,3600.0,2400.0000953674316,fixed_bin_mass_below_range_fraction_bins_1000,100,100,0.0,0.0,0.0,0.0,0.0,0.0,0.0,nan
golovin_controlled_high_resolution_convergence_v1,controlled,golovin,32768,0.1,300.0,3600.0,2400.0000953674316,fixed_bin_mass_above_range_fraction_bins_250,100,100,0.0,0.0,0.0,0.0,0.0,0.0,0.0,nan
golovin_controlled_high_resolution_convergence_v1,controlled,golovin,32768,0.1,300.0,3600.0,2400.0000953674316,fixed_bin_mass_above_range_fraction_bins_500,100,100,0.0,0.0,0.0,0.0,0.0,0.0,0.0,nan
golovin_controlled_high_resolution_convergence_v1,controlled,golovin,32768,0.1,300.0,3600.0,2400.0000953674316,fixed_bin_mass_above_range_fraction_bins_1000,100,100,0.0,0.0,0.0,0.0,0.0,0.0,0.0,nan
golovin_controlled_high_resolution_convergence_v1,controlled,golovin,32768,0.1,300.0,3600.0,2700.000047683716,golovin_fixed_bin_l1_relative,100,100,0.108759080234139,0.007337244689448331,0.0007337244689448331,0.10730321170506492,0.11021494876321307,0.10733256616715615,0.11018354242485426,0.06746328374286124
golovin_controlled_high_resolution_convergence_v1,controlled,golovin,32768,0.1,300.0,3600.0,2700.000047683716,golovin_fixed_bin_l1_relative_bins_250,100,100,0.0780222561077228,0.007605088164343308,0.0007605088164343309,0.07651324162232288,0.07953127059312272,0.07651352509942967,0.07951559085305665,0.09747331779080073
golovin_controlled_high_resolution_convergence_v1,controlled,golovin,32768,0.1,300.0,3600.0,2700.000047683716,golovin_fixed_bin_l1_relative_bins_500,100,100,0.108759080234139,0.007337244689448331,0.0007337244689448331,0.10730321170506492,0.11021494876321307,0.10734642594292268,0.1101616488564779,0.06746328374286124
golovin_controlled_high_resolution_convergence_v1,controlled,golovin,32768,0.1,300.0,3600.0,2700.000047683716,golovin_fixed_bin_l1_relative_bins_1000,100,100,0.1509915690990549,0.007500559357323987,0.0007500559357323987,0.14950329539673665,0.15247984280137314,0.14951968966836493,0.15249806021681014,0.049675352088058636
golovin_controlled_high_resolution_convergence_v1,controlled,golovin,32768,0.1,300.0,3600.0,2700.000047683716,radius_moment_0_m3,100,100,146171.6687434853,1619.0195683953573,161.90195683953573,145850.42013622928,146492.9173507413,145853.68394558495,146489.99419652484,0.011076151639457254
golovin_controlled_high_resolution_convergence_v1,controlled,golovin,32768,0.1,300.0,3600.0,2700.000047683716,radius_moment_3_um3_m3,100,100,238740390110.61407,205.421019980235,20.5421019980235,238740390069.8541,238740390151.37405,238740390070.56815,238740390151.94522,8.604368112369196e-10
golovin_controlled_high_resolution_convergence_v1,controlled,golovin,32768,0.1,300.0,3600.0,2700.000047683716,radius_moment_6_um6_m3,100,100,4.4534665641135735e+19,2.0119787225918062e+18,2.011978722591806e+17,4.413544541237595e+19,4.493388586989552e+19,4.414956290203463e+19,4.493531014177274e+19,0.04517781134374081
golovin_controlled_high_resolution_convergence_v1,controlled,golovin,32768,0.1,300.0,3600.0,2700.000047683716,golovin_relative_error_radius_moment_0_m3,100,100,0.0001668513021578344,0.011077999709781199,0.00110779997097812,-0.0020312641792238927,0.0023649667835395614,-0.002052275176548497,0.00233343356711316,66.39444563220653
golovin_controlled_high_resolution_convergence_v1,controlled,golovin,32768,0.1,300.0,3600.0,2700.000047683716,golovin_relative_error_radius_moment_3_um3_m3,100,100,2.9729581028692386e-05,8.604623927569733e-10,8.604623927569733e-11,2.9729410294285796e-05,2.9729751763098976e-05,2.972941376171412e-05,2.9729752018255284e-05,2.8942970704044917e-05
golovin_controlled_high_resolution_convergence_v1,controlled,golovin,32768,0.1,300.0,3600.0,2700.000047683716,golovin_relative_error_radius_moment_6_um6_m3,100,100,-0.005204479233866513,0.044942684362770775,0.004494268436277078,-0.01412208285010727,0.003713124382374245,-0.013940180595658588,0.003803785393356271,8.635385471483945
golovin_controlled_high_resolution_convergence_v1,controlled,golovin,32768,0.1,300.0,3600.0,2700.000047683716,liquid_water_gm3,100,100,0.9982363475487969,8.5891929353911e-10,8.5891929353911e-11,0.9982363473783686,0.9982363477192251,0.9982363473759377,0.9982363477164593,8.604368050193879e-10
golovin_controlled_high_resolution_convergence_v1,controlled,golovin,32768,0.1,300.0,3600.0,2700.000047683716,relative_liquid_mass_drift,100,100,1.4479017651503056e-10,8.604368006035059e-10,8.604368006035059e-11,-2.59391520375953e-11,3.155195050676564e-10,-2.4644928736661243e-11,3.140142690316594e-10,5.942646257594586
golovin_controlled_high_resolution_convergence_v1,controlled,golovin,32768,0.1,300.0,3600.0,2700.000047683716,mass_fraction_r_ge_cloud_threshold,100,100,0.9926183893768079,0.00016303227649746465,1.6303227649746465e-05,0.9925860402361397,0.9926507385174761,0.9925870010743936,0.9926498378561766,0.0001642446666737865
golovin_controlled_high_resolution_convergence_v1,controlled,golovin,32768,0.1,300.0,3600.0,2700.000047683716,mass_fraction_r_ge_large_threshold,100,100,0.019861931842030466,0.004082873479554668,0.00040828734795546686,0.019051801165098966,0.020672062518961965,0.019076532098961357,0.02066311102723097,0.20556275754178
golovin_controlled_high_resolution_convergence_v1,controlled,golovin,32768,0.1,300.0,3600.0,2700.000047683716,mass_fraction_r_ge_onset_threshold,100,100,0.019861931842030466,0.004082873479554668,0.00040828734795546686,0.019051801165098966,0.020672062518961965,0.019068554275881902,0.020656688774987733,0.20556275754178
golovin_controlled_high_resolution_convergence_v1,controlled,golovin,32768,0.1,300.0,3600.0,2700.000047683716,mass_weighted_radius_q99_um,100,100,1069.5314916992188,26.274213863807546,2.6274213863807545,1064.3181176454013,1074.7448657530363,1064.5460346832276,1074.7551967468262,0.02456609652705445
golovin_controlled_high_resolution_convergence_v1,controlled,golovin,32768,0.1,300.0,3600.0,2700.000047683716,fixed_bin_mass_below_range_fraction,100,100,0.0,0.0,0.0,0.0,0.0,0.0,0.0,nan
golovin_controlled_high_resolution_convergence_v1,controlled,golovin,32768,0.1,300.0,3600.0,2700.000047683716,fixed_bin_mass_above_range_fraction,100,100,0.0,0.0,0.0,0.0,0.0,0.0,0.0,nan
golovin_controlled_high_resolution_convergence_v1,controlled,golovin,32768,0.1,300.0,3600.0,2700.000047683716,fixed_bin_mass_below_range_fraction_bins_250,100,100,0.0,0.0,0.0,0.0,0.0,0.0,0.0,nan
golovin_controlled_high_resolution_convergence_v1,controlled,golovin,32768,0.1,300.0,3600.0,2700.000047683716,fixed_bin_mass_below_range_fraction_bins_500,100,100,0.0,0.0,0.0,0.0,0.0,0.0,0.0,nan
golovin_controlled_high_resolution_convergence_v1,controlled,golovin,32768,0.1,300.0,3600.0,2700.000047683716,fixed_bin_mass_below_range_fraction_bins_1000,100,100,0.0,0.0,0.0,0.0,0.0,0.0,0.0,nan
golovin_controlled_high_resolution_convergence_v1,controlled,golovin,32768,0.1,300.0,3600.0,2700.000047683716,fixed_bin_mass_above_range_fraction_bins_250,100,100,0.0,0.0,0.0,0.0,0.0,0.0,0.0,nan
golovin_controlled_high_resolution_convergence_v1,controlled,golovin,32768,0.1,300.0,3600.0,2700.000047683716,fixed_bin_mass_above_range_fraction_bins_500,100,100,0.0,0.0,0.0,0.0,0.0,0.0,0.0,nan
golovin_controlled_high_resolution_convergence_v1,controlled,golovin,32768,0.1,300.0,3600.0,2700.000047683716,fixed_bin_mass_above_range_fraction_bins_1000,100,100,0.0,0.0,0.0,0.0,0.0,0.0,0.0,nan
golovin_controlled_high_resolution_convergence_v1,controlled,golovin,32768,0.1,300.0,3600.0,300.00001192092896,golovin_fixed_bin_l1_relative,100,100,0.08071524938855063,0.0076804566721579036,0.0007680456672157904,0.07919128015606855,0.0822392186210327,0.07922282142224261,0.08220375861802781,0.09515496427676737
golovin_controlled_high_resolution_convergence_v1,controlled,golovin,32768,0.1,300.0,3600.0,300.00001192092896,golovin_fixed_bin_l1_relative_bins_250,100,100,0.05696742931957232,0.007520923406487738,0.0007520923406487738,0.05547511494809872,0.05845974369104592,0.05548843018136539,0.058414690525180446,0.13202146377884338
golovin_controlled_high_resolution_convergence_v1,controlled,golovin,32768,0.1,300.0,3600.0,300.00001192092896,golovin_fixed_bin_l1_relative_bins_500,100,100,0.08071524938855063,0.0076804566721579036,0.0007680456672157904,0.07919128015606855,0.0822392186210327,0.07921191225191315,0.08221685924665664,0.09515496427676737
golovin_controlled_high_resolution_convergence_v1,controlled,golovin,32768,0.1,300.0,3600.0,300.00001192092896,golovin_fixed_bin_l1_relative_bins_1000,100,100,0.11310552950245426,0.007270151350363092,0.0007270151350363092,0.11166297374745532,0.11454808525745319,0.11169176575938193,0.11448696251440618,0.06427759440536758
golovin_controlled_high_resolution_convergence_v1,controlled,golovin,32768,0.1,300.0,3600.0,300.00001192092896,radius_moment_0_m3,100,100,5349020.771692554,30686.63342623435,3068.6633426234353,5342931.877869409,5355109.6655156985,5342915.121916509,5354861.944388301,0.005736869370302406
golovin_controlled_high_resolution_convergence_v1,controlled,golovin,32768,0.1,300.0,3600.0,300.00001192092896,radius_moment_3_um3_m3,100,100,238740390102.29886,204.01062878650035,20.401062878650034,238740390061.81873,238740390142.779,238740390062.1818,238740390141.80362,8.545291758092671e-10
golovin_controlled_high_resolution_convergence_v1,controlled,golovin,32768,0.1,300.0,3600.0,300.00001192092896,radius_moment_6_um6_m3,100,100,3.3461994583805804e+16,484323551762264.75,48432355176226.48,3.336589428365988e+16,3.355809488395173e+16,3.336642374413979e+16,3.3556417005541296e+16,0.014473839882714492
golovin_controlled_high_resolution_convergence_v1,controlled,golovin,32768,0.1,300.0,3600.0,300.00001192092896,golovin_relative_error_radius_moment_0_m3,100,100,4.058966883934922e-05,0.005737102227930319,0.0005737102227930319,-0.001097775880525005,0.0011789552182037036,-0.0011126473497492916,0.0011734013549047349,141.3439033128683
golovin_controlled_high_resolution_convergence_v1,controlled,golovin,32768,0.1,300.0,3600.0,300.00001192092896,golovin_relative_error_radius_moment_3_um3_m3,100,100,2.9729546197911904e-05,8.545545909582388e-10,8.545545909582388e-11,2.972937663574136e-05,2.972971576008245e-05,2.9729375037269133e-05,2.9729709323874644e-05,2.8744286416933588e-05
golovin_controlled_high_resolution_convergence_v1,controlled,golovin,32768,0.1,300.0,3600.0,300.00001192092896,golovin_relative_error_radius_moment_6_um6_m3,100,100,0.0011963701939472571,0.014491155953342135,0.0014491155953342135,-0.0016789895351231325,0.004071729923017646,-0.0016139316160142113,0.004014926144986514,12.112601957702223
golovin_controlled_high_resolution_convergence_v1,controlled,golovin,32768,0.1,300.0,3600.0,300.00001192092896,liquid_water_gm3,100,100,0.9982363475140285,8.530220801639024e-10,8.530220801639024e-11,0.9982363473447704,0.9982363476832865,0.9982363473483117,0.9982363476818199,8.545291726636058e-10
golovin_controlled_high_resolution_convergence_v1,controlled,golovin,32768,0.1,300.0,3600.0,300.00001192092896,relative_liquid_mass_drift,100,100,1.0996042631994385e-10,8.545291740501545e-10,8.545291740501545e-11,-5.959670095760183e-11,2.795175535974895e-10,-5.565124996942391e-11,2.767650696955392e-10,7.771242824794014
golovin_controlled_high_resolution_convergence_v1,controlled,golovin,32768,0.1,300.0,3600.0,300.00001192092896,mass_fraction_r_ge_cloud_threshold,100,100,0.6350470297849701,0.00404767650516964,0.00040476765051696397,0.6342438829513605,0.6358501766185797,0.6342556027781705,0.6358490265352611,0.006373821646784494
golovin_controlled_high_resolution_convergence_v1,controlled,golovin,32768,0.1,300.0,3600.0,300.00001192092896,mass_fraction_r_ge_large_threshold,100,100,0.0,0.0,0.0,0.0,0.0,0.0,0.0,nan
golovin_controlled_high_resolution_convergence_v1,controlled,golovin,32768,0.1,300.0,3600.0,300.00001192092896,mass_fraction_r_ge_onset_threshold,100,100,0.0,0.0,0.0,0.0,0.0,0.0,0.0,nan
golovin_controlled_high_resolution_convergence_v1,controlled,golovin,32768,0.1,300.0,3600.0,300.00001192092896,mass_weighted_radius_q99_um,100,100,87.99134521484375,1.1696507303066996,0.11696507303066997,87.75926113419276,88.22342929549474,87.76919347953798,88.22300094985961,0.013292792915608077
golovin_controlled_high_resolution_convergence_v1,controlled,golovin,32768,0.1,300.0,3600.0,300.00001192092896,fixed_bin_mass_below_range_fraction,100,100,0.0,0.0,0.0,0.0,0.0,0.0,0.0,nan
golovin_controlled_high_resolution_convergence_v1,controlled,golovin,32768,0.1,300.0,3600.0,300.00001192092896,fixed_bin_mass_above_range_fraction,100,100,0.0,0.0,0.0,0.0,0.0,0.0,0.0,nan
golovin_controlled_high_resolution_convergence_v1,controlled,golovin,32768,0.1,300.0,3600.0,300.00001192092896,fixed_bin_mass_below_range_fraction_bins_250,100,100,0.0,0.0,0.0,0.0,0.0,0.0,0.0,nan
golovin_controlled_high_resolution_convergence_v1,controlled,golovin,32768,0.1,300.0,3600.0,300.00001192092896,fixed_bin_mass_below_range_fraction_bins_500,100,100,0.0,0.0,0.0,0.0,0.0,0.0,0.0,nan
golovin_controlled_high_resolution_convergence_v1,controlled,golovin,32768,0.1,300.0,3600.0,300.00001192092896,fixed_bin_mass_below_range_fraction_bins_1000,100,100,0.0,0.0,0.0,0.0,0.0,0.0,0.0,nan
golovin_controlled_high_resolution_convergence_v1,controlled,golovin,32768,0.1,300.0,3600.0,300.00001192092896,fixed_bin_mass_above_range_fraction_bins_250,100,100,0.0,0.0,0.0,0.0,0.0,0.0,0.0,nan
golovin_controlled_high_resolution_convergence_v1,controlled,golovin,32768,0.1,300.0,3600.0,300.00001192092896,fixed_bin_mass_above_range_fraction_bins_500,100,100,0.0,0.0,0.0,0.0,0.0,0.0,0.0,nan
golovin_controlled_high_resolution_convergence_v1,controlled,golovin,32768,0.1,300.0,3600.0,300.00001192092896,fixed_bin_mass_above_range_fraction_bins_1000,100,100,0.0,0.0,0.0,0.0,0.0,0.0,0.0,nan
golovin_controlled_high_resolution_convergence_v1,controlled,golovin,32768,0.1,300.0,3600.0,3000.0,golovin_fixed_bin_l1_relative,100,100,0.11746937794879271,0.007590520394985068,0.0007590520394985068,0.11596325402488353,0.1189755018727019,0.11594978994695948,0.11894740397668506,0.06461701362114924
golovin_controlled_high_resolution_convergence_v1,controlled,golovin,32768,0.1,300.0,3600.0,3000.0,golovin_fixed_bin_l1_relative_bins_250,100,100,0.08472903671868154,0.008555925226613133,0.0008555925226613134,0.08303135553156638,0.0864267179057967,0.08303903578119723,0.08638017701315322,0.10097984773532395
golovin_controlled_high_resolution_convergence_v1,controlled,golovin,32768,0.1,300.0,3600.0,3000.0,golovin_fixed_bin_l1_relative_bins_500,100,100,0.11746937794879271,0.007590520394985068,0.0007590520394985068,0.11596325402488353,0.1189755018727019,0.11596653226177475,0.11894605044990053,0.06461701362114924
golovin_controlled_high_resolution_convergence_v1,controlled,golovin,32768,0.1,300.0,3600.0,3000.0,golovin_fixed_bin_l1_relative_bins_1000,100,100,0.16386439914256892,0.007552804748675675,0.0007552804748675675,0.16236575882113446,0.16536303946400338,0.16239945950299361,0.16535872152243355,0.04609179778033676
golovin_controlled_high_resolution_convergence_v1,controlled,golovin,32768,0.1,300.0,3600.0,3000.0,radius_moment_0_m3,100,100,93209.7569938352,1027.222223915011,102.7222223915011,93005.93381886135,93413.58016880904,93004.97454369554,93406.92903258988,0.011020543954244516
golovin_controlled_high_resolution_convergence_v1,controlled,golovin,32768,0.1,300.0,3600.0,3000.0,radius_moment_3_um3_m3,100,100,238740390112.31973,237.75219383570854,23.775219383570853,238740390065.14453,238740390159.49493,238740390065.4298,238740390158.148,9.95860791397106e-10
golovin_controlled_high_resolution_convergence_v1,controlled,golovin,32768,0.1,300.0,3600.0,3000.0,radius_moment_6_um6_m3,100,100,1.0936465954041935e+20,5.565422542289699e+18,5.5654225422896986e+17,1.082603589653041e+20,1.104689601155346e+20,1.0831174193947589e+20,1.1043838660559118e+20,0.05088867432749436
golovin_controlled_high_resolution_convergence_v1,controlled,golovin,32768,0.1,300.0,3600.0,3000.0,golovin_relative_error_radius_moment_0_m3,100,100,0.00023911018612389977,0.0110231790785606,0.00110231790785606,-0.001948127692681369,0.002426348064929169,-0.0019492690024662696,0.002294681762756447,46.10083433605257
golovin_controlled_high_resolution_convergence_v1,controlled,golovin,32768,0.1,300.0,3600.0,3000.0,golovin_relative_error_radius_moment_3_um3_m3,100,100,2.9729588173281753e-05,9.958903888974307e-10,9.958903888974308e-11,2.9729390567022594e-05,2.972978577954091e-05,2.9729394840042612e-05,2.9729777247826382e-05,3.3498290763154476e-05
golovin_controlled_high_resolution_convergence_v1,controlled,golovin,32768,0.1,300.0,3600.0,3000.0,golovin_relative_error_radius_moment_6_um6_m3,100,100,-0.006778250298888222,0.05054373815552402,0.0050543738155524025,-0.01680722450336182,0.0032507239055853754,-0.016550652573072824,0.0032302062010128897,7.45675298591648
golovin_controlled_high_resolution_convergence_v1,controlled,golovin,32768,0.1,300.0,3600.0,3000.0,liquid_water_gm3,100,100,0.9982363475559284,9.941044339876055e-10,9.941044339876055e-11,0.9982363473586765,0.9982363477531803,0.9982363473558479,0.9982363477511733,9.958607862973139e-10
golovin_controlled_high_resolution_convergence_v1,controlled,golovin,32768,0.1,300.0,3600.0,3000.0,relative_liquid_mass_drift,100,100,1.5193453939410516e-10,9.958607880751564e-10,9.958607880751565e-11,-4.5665846317788266e-11,3.495349251059986e-10,-4.193394848028825e-11,3.4716949523505565e-10,6.55453850089991
golovin_controlled_high_resolution_convergence_v1,controlled,golovin,32768,0.1,300.0,3600.0,3000.0,mass_fraction_r_ge_cloud_threshold,100,100,0.9953105220259053,0.00010430684530460645,1.0430684530460646e-05,0.9952898252848433,0.9953312187669673,0.9952902744019791,0.9953308094229744,0.00010479829459885045
golovin_controlled_high_resolution_convergence_v1,controlled,golovin,32768,0.1,300.0,3600.0,3000.0,mass_fraction_r_ge_large_threshold,100,100,0.13858651164212737,0.01077113105842272,0.001077113105842272,0.13644928555873925,0.1407237377255155,0.1364921293336928,0.14068076062313212,0.07772135203342923
golovin_controlled_high_resolution_convergence_v1,controlled,golovin,32768,0.1,300.0,3600.0,3000.0,mass_fraction_r_ge_onset_threshold,100,100,0.13858651164212737,0.01077113105842272,0.001077113105842272,0.13644928555873925,0.1407237377255155,0.13648795955392204,0.14068839967936506,0.07772135203342923
golovin_controlled_high_resolution_convergence_v1,controlled,golovin,32768,0.1,300.0,3600.0,3000.0,mass_weighted_radius_q99_um,100,100,1443.9404235839843,43.525624803184975,4.352562480318498,1435.3039953276973,1452.5768518402713,1435.5106076049806,1452.2881852722167,0.030143643111777862
golovin_controlled_high_resolution_convergence_v1,controlled,golovin,32768,0.1,300.0,3600.0,3000.0,fixed_bin_mass_below_range_fraction,100,100,0.0,0.0,0.0,0.0,0.0,0.0,0.0,nan
golovin_controlled_high_resolution_convergence_v1,controlled,golovin,32768,0.1,300.0,3600.0,3000.0,fixed_bin_mass_above_range_fraction,100,100,0.0,0.0,0.0,0.0,0.0,0.0,0.0,nan
golovin_controlled_high_resolution_convergence_v1,controlled,golovin,32768,0.1,300.0,3600.0,3000.0,fixed_bin_mass_below_range_fraction_bins_250,100,100,0.0,0.0,0.0,0.0,0.0,0.0,0.0,nan
golovin_controlled_high_resolution_convergence_v1,controlled,golovin,32768,0.1,300.0,3600.0,3000.0,fixed_bin_mass_below_range_fraction_bins_500,100,100,0.0,0.0,0.0,0.0,0.0,0.0,0.0,nan
golovin_controlled_high_resolution_convergence_v1,controlled,golovin,32768,0.1,300.0,3600.0,3000.0,fixed_bin_mass_below_range_fraction_bins_1000,100,100,0.0,0.0,0.0,0.0,0.0,0.0,0.0,nan
golovin_controlled_high_resolution_convergence_v1,controlled,golovin,32768,0.1,300.0,3600.0,3000.0,fixed_bin_mass_above_range_fraction_bins_250,100,100,0.0,0.0,0.0,0.0,0.0,0.0,0.0,nan
golovin_controlled_high_resolution_convergence_v1,controlled,golovin,32768,0.1,300.0,3600.0,3000.0,fixed_bin_mass_above_range_fraction_bins_500,100,100,0.0,0.0,0.0,0.0,0.0,0.0,0.0,nan
golovin_controlled_high_resolution_convergence_v1,controlled,golovin,32768,0.1,300.0,3600.0,3000.0,fixed_bin_mass_above_range_fraction_bins_1000,100,100,0.0,0.0,0.0,0.0,0.0,0.0,0.0,nan
golovin_controlled_high_resolution_convergence_v1,controlled,golovin,32768,0.1,300.0,3600.0,3299.999952316284,golovin_fixed_bin_l1_relative,100,100,0.12674990649002227,0.008253538889627614,0.0008253538889627614,0.1251122253124846,0.12838758766755995,0.12518599056189728,0.12837930752491328,0.06511672567014738
golovin_controlled_high_resolution_convergence_v1,controlled,golovin,32768,0.1,300.0,3600.0,3299.999952316284,golovin_fixed_bin_l1_relative_bins_250,100,100,0.0917396257959286,0.009021957417303578,0.0009021957417303577,0.08994947371153815,0.09352977788031906,0.08996130218717079,0.09345172599372369,0.09834308063750541
golovin_controlled_high_resolution_convergence_v1,controlled,golovin,32768,0.1,300.0,3600.0,3299.999952316284,golovin_fixed_bin_l1_relative_bins_500,100,100,0.12674990649002227,0.008253538889627614,0.0008253538889627614,0.1251122253124846,0.12838758766755995,0.12512106962531575,0.1283756666546345,0.06511672567014738
golovin_controlled_high_resolution_convergence_v1,controlled,golovin,32768,0.1,300.0,3600.0,3299.999952316284,golovin_fixed_bin_l1_relative_bins_1000,100,100,0.17667063966191068,0.008595640872473524,0.0008595640872473524,0.1749650780290196,0.17837620129480178,0.1749800428533574,0.17840459291933297,0.048653476825140526
golovin_controlled_high_resolution_convergence_v1,controlled,golovin,32768,0.1,300.0,3600.0,3299.999952316284,radius_moment_0_m3,100,100,59419.9381131145,658.377124004169,65.8377124004169,59289.30180811592,59550.57441811308,59291.525633617704,59547.91244497427,0.011080070846772885
golovin_controlled_high_resolution_convergence_v1,controlled,golovin,32768,0.1,300.0,3600.0,3299.999952316284,radius_moment_3_um3_m3,100,100,238740390137.0466,191.94150368405562,19.194150368405563,238740390098.96124,238740390175.13196,238740390099.65402,238740390174.71304,8.039758315460298e-10
golovin_controlled_high_resolution_convergence_v1,controlled,golovin,32768,0.1,300.0,3600.0,3299.999952316284,radius_moment_6_um6_m3,100,100,2.6873142014602235e+20,1.5259894857398401e+19,1.52598948573984e+18,2.657035259404747e+20,2.7175931435157e+20,2.657612029173079e+20,2.717200737580965e+20,0.0567849299092251
golovin_controlled_high_resolution_convergence_v1,controlled,golovin,32768,0.1,300.0,3600.0,3299.999952316284,golovin_relative_error_radius_moment_0_m3,100,100,1.8088823660795672e-05,0.011080271272220592,0.0011080271272220592,-0.002180477384990814,0.0022166550323124055,-0.002144100300439219,0.002147835690719637,612.5479179851326
golovin_controlled_high_resolution_convergence_v1,controlled,golovin,32768,0.1,300.0,3600.0,3299.999952316284,golovin_relative_error_radius_moment_3_um3_m3,100,100,2.9729691748570097e-05,8.039997359355629e-10,8.039997359355629e-11,2.9729532217579584e-05,2.972985127956061e-05,2.972953998744715e-05,2.972985173979359e-05,2.704366203104789e-05
golovin_controlled_high_resolution_convergence_v1,controlled,golovin,32768,0.1,300.0,3600.0,3299.999952316284,golovin_relative_error_radius_moment_6_um6_m3,100,100,-0.007749665473154513,0.05634486569851206,0.005634486569851206,-0.01892970923853928,0.003430378292230257,-0.01850824200888206,0.003221897300365801,7.270619085907046
golovin_controlled_high_resolution_convergence_v1,controlled,golovin,32768,0.1,300.0,3600.0,3299.999952316284,liquid_water_gm3,100,100,0.998236347659318,8.025578849253969e-10,8.02557884925397e-11,0.9982363475000731,0.998236347818563,0.9982363475037109,0.9982363478149624,8.039758187600047e-10
golovin_controlled_high_resolution_convergence_v1,controlled,golovin,32768,0.1,300.0,3600.0,3299.999952316284,relative_liquid_mass_drift,100,100,2.5550676907570845e-10,8.039758174969152e-10,8.039758174969152e-11,9.598052450141575e-11,4.150330136500012e-10,9.797172384473645e-11,4.1196393110731755e-10,3.1465930253248655
golovin_controlled_high_resolution_convergence_v1,controlled,golovin,32768,0.1,300.0,3600.0,3299.999952316284,mass_fraction_r_ge_cloud_threshold,100,100,0.9970177278520868,6.759332589715541e-05,6.7593325897155414e-06,0.9970043158697808,0.9970311398343927,0.9970047882061037,0.9970309191070031,6.779551056005221e-05
golovin_controlled_high_resolution_convergence_v1,controlled,golovin,32768,0.1,300.0,3600.0,3299.999952316284,mass_fraction_r_ge_large_threshold,100,100,0.3459031425470412,0.011846384234077408,0.0011846384234077407,0.34355256290581493,0.34825372218826744,0.34362705973905844,0.3481868453840476,0.034247691844737596
golovin_controlled_high_resolution_convergence_v1,controlled,golovin,32768,0.1,300.0,3600.0,3299.999952316284,mass_fraction_r_ge_onset_threshold,100,100,0.3459031425470412,0.011846384234077408,0.0011846384234077407,0.34355256290581493,0.34825372218826744,0.3436129268114823,0.3482212586109752,0.034247691844737596
golovin_controlled_high_resolution_convergence_v1,controlled,golovin,32768,0.1,300.0,3600.0,3299.999952316284,mass_weighted_radius_q99_um,100,100,1947.7745092773437,66.59679249814687,6.659679249814687,1934.560260817733,1960.9887577369543,1935.0337799682618,1960.8519195556642,0.034191222947493737
golovin_controlled_high_resolution_convergence_v1,controlled,golovin,32768,0.1,300.0,3600.0,3299.999952316284,fixed_bin_mass_below_range_fraction,100,100,0.0,0.0,0.0,0.0,0.0,0.0,0.0,nan
golovin_controlled_high_resolution_convergence_v1,controlled,golovin,32768,0.1,300.0,3600.0,3299.999952316284,fixed_bin_mass_above_range_fraction,100,100,0.0,0.0,0.0,0.0,0.0,0.0,0.0,nan
golovin_controlled_high_resolution_convergence_v1,controlled,golovin,32768,0.1,300.0,3600.0,3299.999952316284,fixed_bin_mass_below_range_fraction_bins_250,100,100,0.0,0.0,0.0,0.0,0.0,0.0,0.0,nan
golovin_controlled_high_resolution_convergence_v1,controlled,golovin,32768,0.1,300.0,3600.0,3299.999952316284,fixed_bin_mass_below_range_fraction_bins_500,100,100,0.0,0.0,0.0,0.0,0.0,0.0,0.0,nan
golovin_controlled_high_resolution_convergence_v1,controlled,golovin,32768,0.1,300.0,3600.0,3299.999952316284,fixed_bin_mass_below_range_fraction_bins_1000,100,100,0.0,0.0,0.0,0.0,0.0,0.0,0.0,nan
golovin_controlled_high_resolution_convergence_v1,controlled,golovin,32768,0.1,300.0,3600.0,3299.999952316284,fixed_bin_mass_above_range_fraction_bins_250,100,100,0.0,0.0,0.0,0.0,0.0,0.0,0.0,nan
golovin_controlled_high_resolution_convergence_v1,controlled,golovin,32768,0.1,300.0,3600.0,3299.999952316284,fixed_bin_mass_above_range_fraction_bins_500,100,100,0.0,0.0,0.0,0.0,0.0,0.0,0.0,nan
golovin_controlled_high_resolution_convergence_v1,controlled,golovin,32768,0.1,300.0,3600.0,3299.999952316284,fixed_bin_mass_above_range_fraction_bins_1000,100,100,0.0,0.0,0.0,0.0,0.0,0.0,0.0,nan
golovin_controlled_high_resolution_convergence_v1,controlled,golovin,32768,0.1,300.0,3600.0,3599.9999046325684,golovin_fixed_bin_l1_relative,100,100,0.13738152307354767,0.009958114244303873,0.0009958114244303872,0.13540561716460947,0.13935742898248588,0.13545944672114407,0.1393267000651397,0.07248510586807777
golovin_controlled_high_resolution_convergence_v1,controlled,golovin,32768,0.1,300.0,3600.0,3599.9999046325684,golovin_fixed_bin_l1_relative_bins_250,100,100,0.09779529345368733,0.009744513049390611,0.0009744513049390611,0.09586177065593174,0.09972881625144292,0.09591925266071746,0.09969064062842295,0.09964194293261461
golovin_controlled_high_resolution_convergence_v1,controlled,golovin,32768,0.1,300.0,3600.0,3599.9999046325684,golovin_fixed_bin_l1_relative_bins_500,100,100,0.13738152307354767,0.009958114244303873,0.0009958114244303872,0.13540561716460947,0.13935742898248588,0.13546173826513982,0.13926469153327006,0.07248510586807777
golovin_controlled_high_resolution_convergence_v1,controlled,golovin,32768,0.1,300.0,3600.0,3599.9999046325684,golovin_fixed_bin_l1_relative_bins_1000,100,100,0.19315679247326528,0.010186643453366399,0.0010186643453366398,0.19113554141127165,0.19517804353525892,0.19118260976011103,0.19517967635919897,0.052737692125304506
golovin_controlled_high_resolution_convergence_v1,controlled,golovin,32768,0.1,300.0,3600.0,3599.9999046325684,radius_moment_0_m3,100,100,37892.29992655254,428.10105753745995,42.810105753745994,37807.35538901675,37977.24446408833,37805.40478028197,37974.38416726796,0.011297837776204068
golovin_controlled_high_resolution_convergence_v1,controlled,golovin,32768,0.1,300.0,3600.0,3599.9999046325684,radius_moment_3_um3_m3,100,100,238740390144.25137,341.0005821726713,34.100058217267126,238740390076.58945,238740390211.9133,238740390077.9624,238740390211.60608,1.4283321811053101e-09
golovin_controlled_high_resolution_convergence_v1,controlled,golovin,32768,0.1,300.0,3600.0,3599.9999046325684,radius_moment_6_um6_m3,100,100,6.609134630883888e+20,4.311401951980867e+19,4.3114019519808666e+18,6.523587062501655e+20,6.69468219926612e+20,6.526130492305024e+20,6.693280310400814e+20,0.06523398588120866
golovin_controlled_high_resolution_convergence_v1,controlled,golovin,32768,0.1,300.0,3600.0,3599.9999046325684,golovin_relative_error_radius_moment_0_m3,100,100,0.0001377764401125481,0.011299394352073847,0.0011299394352073846,-0.002104268541491927,0.002379821421717023,-0.0020919359682832995,0.0023277105797610566,82.01252944874678
golovin_controlled_high_resolution_convergence_v1,controlled,golovin,32768,0.1,300.0,3600.0,3599.9999046325684,golovin_relative_error_radius_moment_3_um3_m3,100,100,2.972972192763823e-05,1.4283746445430162e-09,1.4283746445430163e-10,2.9729438507119938e-05,2.9730005348156524e-05,2.9729448898345836e-05,2.972999940415183e-05,4.804534156154108e-05
golovin_controlled_high_resolution_convergence_v1,controlled,golovin,32768,0.1,300.0,3600.0,3599.9999046325684,golovin_relative_error_radius_moment_6_um6_m3,100,100,-0.007841639495511848,0.06472244448107292,0.006472244448107292,-0.02068397664425741,0.005000697653233717,-0.020518744885327653,0.005094386006909433,8.253687831239466
golovin_controlled_high_resolution_convergence_v1,controlled,golovin,32768,0.1,300.0,3600.0,3599.9999046325684,liquid_water_gm3,100,100,0.9982363476894429,1.4258131216100455e-09,1.4258131216100455e-10,0.9982363474065307,0.9982363479723552,0.9982363474146192,0.998236347972828,1.4283322030001097e-09
golovin_controlled_high_resolution_convergence_v1,controlled,golovin,32768,0.1,300.0,3600.0,3599.9999046325684,relative_liquid_mass_drift,100,100,2.8568492793645815e-10,1.4283322004918406e-09,1.4283322004918407e-10,2.2728314651941965e-12,5.69097024407722e-10,4.816613774494284e-12,5.659332857066432e-10,4.999676429585845
golovin_controlled_high_resolution_convergence_v1,controlled,golovin,32768,0.1,300.0,3600.0,3599.9999046325684,mass_fraction_r_ge_cloud_threshold,100,100,0.9981010399127677,4.349899254790474e-05,4.3498992547904745e-06,0.9980924087689286,0.9981096710566068,0.9980927053854438,0.9981094455112687,4.358175255654125e-05
golovin_controlled_high_resolution_convergence_v1,controlled,golovin,32768,0.1,300.0,3600.0,3599.9999046325684,mass_fraction_r_ge_large_threshold,100,100,0.5490867352373265,0.009658056524085959,0.0009658056524085958,0.5471703672898794,0.5510031031847736,0.5472381952047157,0.5509640265706133,0.01758930949208152
golovin_controlled_high_resolution_convergence_v1,controlled,golovin,32768,0.1,300.0,3600.0,3599.9999046325684,mass_fraction_r_ge_onset_threshold,100,100,0.5490867352373265,0.009658056524085959,0.0009658056524085958,0.5471703672898794,0.5510031031847736,0.5472467266987789,0.5509214612634321,0.01758930949208152
golovin_controlled_high_resolution_convergence_v1,controlled,golovin,32768,0.1,300.0,3600.0,3599.9999046325684,mass_weighted_radius_q99_um,100,100,2624.6158666992187,101.05528942328314,10.105528942328315,2604.5643048671036,2644.667428531334,2605.4296755981445,2644.6505428466794,0.03850288749125515
golovin_controlled_high_resolution_convergence_v1,controlled,golovin,32768,0.1,300.0,3600.0,3599.9999046325684,fixed_bin_mass_below_range_fraction,100,100,0.0,0.0,0.0,0.0,0.0,0.0,0.0,nan
golovin_controlled_high_resolution_convergence_v1,controlled,golovin,32768,0.1,300.0,3600.0,3599.9999046325684,fixed_bin_mass_above_range_fraction,100,100,0.0,0.0,0.0,0.0,0.0,0.0,0.0,nan
golovin_controlled_high_resolution_convergence_v1,controlled,golovin,32768,0.1,300.0,3600.0,3599.9999046325684,fixed_bin_mass_below_range_fraction_bins_250,100,100,0.0,0.0,0.0,0.0,0.0,0.0,0.0,nan
golovin_controlled_high_resolution_convergence_v1,controlled,golovin,32768,0.1,300.0,3600.0,3599.9999046325684,fixed_bin_mass_below_range_fraction_bins_500,100,100,0.0,0.0,0.0,0.0,0.0,0.0,0.0,nan
golovin_controlled_high_resolution_convergence_v1,controlled,golovin,32768,0.1,300.0,3600.0,3599.9999046325684,fixed_bin_mass_below_range_fraction_bins_1000,100,100,0.0,0.0,0.0,0.0,0.0,0.0,0.0,nan
golovin_controlled_high_resolution_convergence_v1,controlled,golovin,32768,0.1,300.0,3600.0,3599.9999046325684,fixed_bin_mass_above_range_fraction_bins_250,100,100,0.0,0.0,0.0,0.0,0.0,0.0,0.0,nan
golovin_controlled_high_resolution_convergence_v1,controlled,golovin,32768,0.1,300.0,3600.0,3599.9999046325684,fixed_bin_mass_above_range_fraction_bins_500,100,100,0.0,0.0,0.0,0.0,0.0,0.0,0.0,nan
golovin_controlled_high_resolution_convergence_v1,controlled,golovin,32768,0.1,300.0,3600.0,3599.9999046325684,fixed_bin_mass_above_range_fraction_bins_1000,100,100,0.0,0.0,0.0,0.0,0.0,0.0,0.0,nan
golovin_controlled_high_resolution_convergence_v1,controlled,golovin,32768,0.1,300.0,3600.0,600.0000238418579,golovin_fixed_bin_l1_relative,100,100,0.09148626029457516,0.0076410722708591785,0.0007641072270859179,0.08997010578176158,0.09300241480738873,0.08996945079934772,0.09297843487045034,0.0835215282191644
golovin_controlled_high_resolution_convergence_v1,controlled,golovin,32768,0.1,300.0,3600.0,600.0000238418579,golovin_fixed_bin_l1_relative_bins_250,100,100,0.06374236017414842,0.007691588684988251,0.0007691588684988251,0.06221618210881002,0.0652685382394868,0.06225009667798133,0.06525575292684124,0.12066683229134148
golovin_controlled_high_resolution_convergence_v1,controlled,golovin,32768,0.1,300.0,3600.0,600.0000238418579,golovin_fixed_bin_l1_relative_bins_500,100,100,0.09148626029457516,0.0076410722708591785,0.0007641072270859179,0.08997010578176158,0.09300241480738873,0.09001345584752218,0.09295386192381147,0.0835215282191644
golovin_controlled_high_resolution_convergence_v1,controlled,golovin,32768,0.1,300.0,3600.0,600.0000238418579,golovin_fixed_bin_l1_relative_bins_1000,100,100,0.12776579315099218,0.007549355433603801,0.0007549355433603801,0.1262678372485014,0.12926374905348295,0.12628501661044073,0.12923369166755766,0.05908745406277921
golovin_controlled_high_resolution_convergence_v1,controlled,golovin,32768,0.1,300.0,3600.0,600.0000238418579,radius_moment_0_m3,100,100,3413566.096044576,26596.32176300975,2659.632176300975,3408288.808795375,3418843.383293777,3408376.03450719,3418864.0115016885,0.0077913598315345
golovin_controlled_high_resolution_convergence_v1,controlled,golovin,32768,0.1,300.0,3600.0,600.0000238418579,radius_moment_3_um3_m3,100,100,238740390125.19736,203.1196897689893,20.31196897689893,238740390084.894,238740390165.5007,238740390084.2114,238740390165.55505,8.507973437694046e-10
golovin_controlled_high_resolution_convergence_v1,controlled,golovin,32768,0.1,300.0,3600.0,600.0000238418579,radius_moment_6_um6_m3,100,100,8.21585734237572e+16,1556015073949457.8,155601507394945.78,8.184982627509174e+16,8.246732057242266e+16,8.186275868355614e+16,8.246295309139811e+16,0.018939168599287244
golovin_controlled_high_resolution_convergence_v1,controlled,golovin,32768,0.1,300.0,3600.0,600.0000238418579,golovin_relative_error_radius_moment_0_m3,100,100,0.0008866646248207821,0.00779826815467637,0.0007798268154676371,-0.0006606809617317563,0.0024340102113733207,-0.0006165141377150977,0.002407658090441134,8.795059525750903
golovin_controlled_high_resolution_convergence_v1,controlled,golovin,32768,0.1,300.0,3600.0,600.0000238418579,golovin_relative_error_radius_moment_3_um3_m3,100,100,2.9729642114628697e-05,8.508226444473881e-10,8.508226444473881e-11,2.9729473292957305e-05,2.9729810936300088e-05,2.9729480379749372e-05,2.9729808819826953e-05,2.8618664199416458e-05
golovin_controlled_high_resolution_convergence_v1,controlled,golovin,32768,0.1,300.0,3600.0,600.0000238418579,golovin_relative_error_radius_moment_6_um6_m3,100,100,-0.0005666328514415253,0.018928437044179895,0.0018928437044179896,-0.00432244541645133,0.00318917971356828,-0.004189321308264916,0.003182075565106512,33.40511761015192
golovin_controlled_high_resolution_convergence_v1,controlled,golovin,32768,0.1,300.0,3600.0,600.0000238418579,liquid_water_gm3,100,100,0.9982363476097731,8.49296825690055e-10,8.49296825690055e-11,0.9982363474412542,0.998236347778292,0.9982363474431675,0.9982363477716982,8.507973364460769e-10
golovin_controlled_high_resolution_convergence_v1,controlled,golovin,32768,0.1,300.0,3600.0,600.0000238418579,relative_liquid_mass_drift,100,100,2.058742687438553e-10,8.507973285250329e-10,8.507973285250329e-11,3.705762058147444e-11,3.7469091690623614e-10,4.1174245846153945e-11,3.6915125362080286e-10,4.132606438464528
golovin_controlled_high_resolution_convergence_v1,controlled,golovin,32768,0.1,300.0,3600.0,600.0000238418579,mass_fraction_r_ge_cloud_threshold,100,100,0.7904702394047527,0.0031512514742611294,0.00031512514742611296,0.7898449627453586,0.7910955160641467,0.7898674787977229,0.7910925050591722,0.003986552961986418
golovin_controlled_high_resolution_convergence_v1,controlled,golovin,32768,0.1,300.0,3600.0,600.0000238418579,mass_fraction_r_ge_large_threshold,100,100,0.0,0.0,0.0,0.0,0.0,0.0,0.0,nan
golovin_controlled_high_resolution_convergence_v1,controlled,golovin,32768,0.1,300.0,3600.0,600.0000238418579,mass_fraction_r_ge_onset_threshold,100,100,0.0,0.0,0.0,0.0,0.0,0.0,0.0,nan
golovin_controlled_high_resolution_convergence_v1,controlled,golovin,32768,0.1,300.0,3600.0,600.0000238418579,mass_weighted_radius_q99_um,100,100,124.2420817565918,2.0312330784131447,0.20312330784131447,123.83904104591076,124.64512246727284,123.84167376518249,124.62959428405762,0.01634899423524329
golovin_controlled_high_resolution_convergence_v1,controlled,golovin,32768,0.1,300.0,3600.0,600.0000238418579,fixed_bin_mass_below_range_fraction,100,100,0.0,0.0,0.0,0.0,0.0,0.0,0.0,nan
golovin_controlled_high_resolution_convergence_v1,controlled,golovin,32768,0.1,300.0,3600.0,600.0000238418579,fixed_bin_mass_above_range_fraction,100,100,0.0,0.0,0.0,0.0,0.0,0.0,0.0,nan
golovin_controlled_high_resolution_convergence_v1,controlled,golovin,32768,0.1,300.0,3600.0,600.0000238418579,fixed_bin_mass_below_range_fraction_bins_250,100,100,0.0,0.0,0.0,0.0,0.0,0.0,0.0,nan
golovin_controlled_high_resolution_convergence_v1,controlled,golovin,32768,0.1,300.0,3600.0,600.0000238418579,fixed_bin_mass_below_range_fraction_bins_500,100,100,0.0,0.0,0.0,0.0,0.0,0.0,0.0,nan
golovin_controlled_high_resolution_convergence_v1,controlled,golovin,32768,0.1,300.0,3600.0,600.0000238418579,fixed_bin_mass_below_range_fraction_bins_1000,100,100,0.0,0.0,0.0,0.0,0.0,0.0,0.0,nan
golovin_controlled_high_resolution_convergence_v1,controlled,golovin,32768,0.1,300.0,3600.0,600.0000238418579,fixed_bin_mass_above_range_fraction_bins_250,100,100,0.0,0.0,0.0,0.0,0.0,0.0,0.0,nan
golovin_controlled_high_resolution_convergence_v1,controlled,golovin,32768,0.1,300.0,3600.0,600.0000238418579,fixed_bin_mass_above_range_fraction_bins_500,100,100,0.0,0.0,0.0,0.0,0.0,0.0,0.0,nan
golovin_controlled_high_resolution_convergence_v1,controlled,golovin,32768,0.1,300.0,3600.0,600.0000238418579,fixed_bin_mass_above_range_fraction_bins_1000,100,100,0.0,0.0,0.0,0.0,0.0,0.0,0.0,nan
golovin_controlled_high_resolution_convergence_v1,controlled,golovin,32768,0.1,300.0,3600.0,899.9999761581421,golovin_fixed_bin_l1_relative,100,100,0.09181697645808529,0.006865271660451965,0.0006865271660451965,0.09045475761749383,0.09317919529867674,0.09045982025655097,0.09316890504744639,0.07477126698444465
golovin_controlled_high_resolution_convergence_v1,controlled,golovin,32768,0.1,300.0,3600.0,899.9999761581421,golovin_fixed_bin_l1_relative_bins_250,100,100,0.06560795290603777,0.007044603100528897,0.0007044603100528897,0.064210150817111,0.06700575499496454,0.06423301276001502,0.0669806680720617,0.10737422505192348
golovin_controlled_high_resolution_convergence_v1,controlled,golovin,32768,0.1,300.0,3600.0,899.9999761581421,golovin_fixed_bin_l1_relative_bins_500,100,100,0.09181697645808529,0.006865271660451965,0.0006865271660451965,0.09045475761749383,0.09317919529867674,0.09048127109113183,0.09313859012646418,0.07477126698444465
golovin_controlled_high_resolution_convergence_v1,controlled,golovin,32768,0.1,300.0,3600.0,899.9999761581421,golovin_fixed_bin_l1_relative_bins_1000,100,100,0.12973867224933286,0.006410926836856657,0.0006410926836856657,0.12846660527882572,0.13101073921984,0.12848651412054457,0.1310036309224962,0.04941415482144047
golovin_controlled_high_resolution_convergence_v1,controlled,golovin,32768,0.1,300.0,3600.0,899.9999761581421,radius_moment_0_m3,100,100,2175776.435152697,19202.53828939089,1920.253828939089,2171966.2349539674,2179586.6353514264,2171990.500654733,2179541.65582676,0.008825602658042966
golovin_controlled_high_resolution_convergence_v1,controlled,golovin,32768,0.1,300.0,3600.0,899.9999761581421,radius_moment_3_um3_m3,100,100,238740390103.84317,176.39698633413138,17.63969863341314,238740390068.8422,238740390138.84415,238740390068.63638,238740390139.133,7.388652848284501e-10
golovin_controlled_high_resolution_convergence_v1,controlled,golovin,32768,0.1,300.0,3600.0,899.9999761581421,radius_moment_6_um6_m3,100,100,2.024029987497326e+17,4689918121479971.0,468991812147997.1,2.014724172459133e+17,2.033335802535519e+17,2.0148902408001258e+17,2.033113077326014e+17,0.023171188917408107
golovin_controlled_high_resolution_convergence_v1,controlled,golovin,32768,0.1,300.0,3600.0,899.9999761581421,golovin_relative_error_radius_moment_0_m3,100,100,0.0005160501019234475,0.008830157111194186,0.0008830157111194186,-0.0012360446405968377,0.002268144844443733,-0.0012727014613451743,0.002213588737166209,17.11104615284831
golovin_controlled_high_resolution_convergence_v1,controlled,golovin,32768,0.1,300.0,3600.0,899.9999761581421,golovin_relative_error_radius_moment_3_um3_m3,100,100,2.972955266678845e-05,7.388872504146301e-10,7.388872504146302e-11,2.972940605552769e-05,2.972969927804921e-05,2.9729410284494827e-05,2.9729698424483862e-05,2.4853628263302382e-05
golovin_controlled_high_resolution_convergence_v1,controlled,golovin,32768,0.1,300.0,3600.0,899.9999761581421,golovin_relative_error_radius_moment_6_um6_m3,100,100,0.001040131244841841,0.02319528999498123,0.002319528999498123,-0.003562317515658618,0.0056425800053423,-0.0033454881427891154,0.005575644773431924,22.300349220360392
golovin_controlled_high_resolution_convergence_v1,controlled,golovin,32768,0.1,300.0,3600.0,899.9999761581421,liquid_water_gm3,100,100,0.9982363475204857,7.375621669150622e-10,7.375621669150621e-11,0.9982363473741374,0.9982363476668341,0.9982363473765593,0.998236347664021,7.388652684778401e-10
golovin_controlled_high_resolution_convergence_v1,controlled,golovin,32768,0.1,300.0,3600.0,899.9999761581421,relative_liquid_mass_drift,100,100,1.16429081931102e-10,7.388652661566551e-10,7.38865266156655e-11,-3.017781667354249e-11,2.630359805357465e-10,-2.7870829255594018e-11,2.617580568964328e-10,6.346054215164949
golovin_controlled_high_resolution_convergence_v1,controlled,golovin,32768,0.1,300.0,3600.0,899.9999761581421,mass_fraction_r_ge_cloud_threshold,100,100,0.8757503815699915,0.002145946191920062,0.0002145946191920062,0.8753245792888715,0.8761761838511115,0.8753329803702163,0.8761648508292016,0.002450408514893184
golovin_controlled_high_resolution_convergence_v1,controlled,golovin,32768,0.1,300.0,3600.0,899.9999761581421,mass_fraction_r_ge_large_threshold,100,100,0.0,0.0,0.0,0.0,0.0,0.0,0.0,nan
golovin_controlled_high_resolution_convergence_v1,controlled,golovin,32768,0.1,300.0,3600.0,899.9999761581421,mass_fraction_r_ge_onset_threshold,100,100,0.0,0.0,0.0,0.0,0.0,0.0,0.0,nan
golovin_controlled_high_resolution_convergence_v1,controlled,golovin,32768,0.1,300.0,3600.0,899.9999761581421,mass_weighted_radius_q99_um,100,100,172.0766310119629,3.033615375033563,0.3033615375033563,171.4746959067894,172.67856611713637,171.49180598831177,172.66888731002808,0.017629444260927354
golovin_controlled_high_resolution_convergence_v1,controlled,golovin,32768,0.1,300.0,3600.0,899.9999761581421,fixed_bin_mass_below_range_fraction,100,100,0.0,0.0,0.0,0.0,0.0,0.0,0.0,nan
golovin_controlled_high_resolution_convergence_v1,controlled,golovin,32768,0.1,300.0,3600.0,899.9999761581421,fixed_bin_mass_above_range_fraction,100,100,0.0,0.0,0.0,0.0,0.0,0.0,0.0,nan
golovin_controlled_high_resolution_convergence_v1,controlled,golovin,32768,0.1,300.0,3600.0,899.9999761581421,fixed_bin_mass_below_range_fraction_bins_250,100,100,0.0,0.0,0.0,0.0,0.0,0.0,0.0,nan
golovin_controlled_high_resolution_convergence_v1,controlled,golovin,32768,0.1,300.0,3600.0,899.9999761581421,fixed_bin_mass_below_range_fraction_bins_500,100,100,0.0,0.0,0.0,0.0,0.0,0.0,0.0,nan
golovin_controlled_high_resolution_convergence_v1,controlled,golovin,32768,0.1,300.0,3600.0,899.9999761581421,fixed_bin_mass_below_range_fraction_bins_1000,100,100,0.0,0.0,0.0,0.0,0.0,0.0,0.0,nan
golovin_controlled_high_resolution_convergence_v1,controlled,golovin,32768,0.1,300.0,3600.0,899.9999761581421,fixed_bin_mass_above_range_fraction_bins_250,100,100,0.0,0.0,0.0,0.0,0.0,0.0,0.0,nan
golovin_controlled_high_resolution_convergence_v1,controlled,golovin,32768,0.1,300.0,3600.0,899.9999761581421,fixed_bin_mass_above_range_fraction_bins_500,100,100,0.0,0.0,0.0,0.0,0.0,0.0,0.0,nan
golovin_controlled_high_resolution_convergence_v1,controlled,golovin,32768,0.1,300.0,3600.0,899.9999761581421,fixed_bin_mass_above_range_fraction_bins_1000,100,100,0.0,0.0,0.0,0.0,0.0,0.0,0.0,nan
golovin_controlled_high_resolution_convergence_v1,controlled,golovin,65536,0.1,300.0,3600.0,0.0,golovin_fixed_bin_l1_relative,100,100,0.0019165819707387965,2.1793283654682456e-19,2.1793283654682456e-20,0.0019165819707387965,0.0019165819707387965,0.0019165819707387965,0.0019165819707387965,1.1370911334557566e-16
golovin_controlled_high_resolution_convergence_v1,controlled,golovin,65536,0.1,300.0,3600.0,0.0,golovin_fixed_bin_l1_relative_bins_250,100,100,0.0010222790274925003,2.1793283654682456e-19,2.1793283654682456e-20,0.0010222790274925003,0.0010222790274925003,0.0010222790274925003,0.0010222790274925003,2.1318331951050748e-16
golovin_controlled_high_resolution_convergence_v1,controlled,golovin,65536,0.1,300.0,3600.0,0.0,golovin_fixed_bin_l1_relative_bins_500,100,100,0.0019165819707387965,2.1793283654682456e-19,2.1793283654682456e-20,0.0019165819707387965,0.0019165819707387965,0.0019165819707387965,0.0019165819707387965,1.1370911334557566e-16
golovin_controlled_high_resolution_convergence_v1,controlled,golovin,65536,0.1,300.0,3600.0,0.0,golovin_fixed_bin_l1_relative_bins_1000,100,100,0.0031358864248044586,4.358656730936491e-19,4.358656730936491e-20,0.0031358864248044586,0.0031358864248044586,0.0031358864248044586,0.0031358864248044586,1.389928122542984e-16
golovin_controlled_high_resolution_convergence_v1,controlled,golovin,65536,0.1,300.0,3600.0,0.0,radius_moment_0_m3,100,100,8388608.0,0.0,0.0,8388608.0,8388608.0,8388608.0,8388608.0,0.0
golovin_controlled_high_resolution_convergence_v1,controlled,golovin,65536,0.1,300.0,3600.0,0.0,radius_moment_3_um3_m3,100,100,238740389844.23218,6.134264009150464e-05,6.1342640091504645e-06,238740389844.23218,238740389844.23218,238740389844.23218,238740389844.23218,2.5694286639779754e-16
golovin_controlled_high_resolution_convergence_v1,controlled,golovin,65536,0.1,300.0,3600.0,0.0,radius_moment_6_um6_m3,100,100,1.3588188760957168e+16,0.0,0.0,1.3588188760957168e+16,1.3588188760957168e+16,1.3588188760957168e+16,1.3588188760957168e+16,0.0
golovin_controlled_high_resolution_convergence_v1,controlled,golovin,65536,0.1,300.0,3600.0,0.0,golovin_relative_error_radius_moment_0_m3,100,100,0.0,0.0,0.0,0.0,0.0,0.0,0.0,nan
golovin_controlled_high_resolution_convergence_v1,controlled,golovin,65536,0.1,300.0,3600.0,0.0,golovin_relative_error_radius_moment_3_um3_m3,100,100,2.9728465215095312e-05,0.0,0.0,2.9728465215095312e-05,2.9728465215095312e-05,2.9728465215095312e-05,2.9728465215095312e-05,0.0
golovin_controlled_high_resolution_convergence_v1,controlled,golovin,65536,0.1,300.0,3600.0,0.0,golovin_relative_error_radius_moment_6_um6_m3,100,100,-1.0361800333757998e-05,0.0,0.0,-1.0361800333757998e-05,-1.0361800333757998e-05,-1.0361800333757998e-05,-1.0361800333757998e-05,0.0
golovin_controlled_high_resolution_convergence_v1,controlled,golovin,65536,0.1,300.0,3600.0,0.0,liquid_water_gm3,100,100,0.998236346434984,2.2316322462394835e-16,2.2316322462394835e-17,0.998236346434984,0.998236346434984,0.998236346434984,0.998236346434984,2.235575026104133e-16
golovin_controlled_high_resolution_convergence_v1,controlled,golovin,65536,0.1,300.0,3600.0,0.0,relative_liquid_mass_drift,100,100,0.0,0.0,0.0,0.0,0.0,0.0,0.0,nan
golovin_controlled_high_resolution_convergence_v1,controlled,golovin,65536,0.1,300.0,3600.0,0.0,mass_fraction_r_ge_cloud_threshold,100,100,0.3428447257059643,5.579080615598709e-17,5.579080615598709e-18,0.3428447257059643,0.3428447257059643,0.3428447257059643,0.3428447257059643,1.627290781303582e-16
golovin_controlled_high_resolution_convergence_v1,controlled,golovin,65536,0.1,300.0,3600.0,0.0,mass_fraction_r_ge_large_threshold,100,100,0.0,0.0,0.0,0.0,0.0,0.0,0.0,nan
golovin_controlled_high_resolution_convergence_v1,controlled,golovin,65536,0.1,300.0,3600.0,0.0,mass_fraction_r_ge_onset_threshold,100,100,0.0,0.0,0.0,0.0,0.0,0.0,0.0,nan
golovin_controlled_high_resolution_convergence_v1,controlled,golovin,65536,0.1,300.0,3600.0,0.0,mass_weighted_radius_q99_um,100,100,57.37762451171875,0.0,0.0,57.37762451171875,57.37762451171875,57.37762451171875,57.37762451171875,0.0
golovin_controlled_high_resolution_convergence_v1,controlled,golovin,65536,0.1,300.0,3600.0,0.0,fixed_bin_mass_below_range_fraction,100,100,0.0,0.0,0.0,0.0,0.0,0.0,0.0,nan
golovin_controlled_high_resolution_convergence_v1,controlled,golovin,65536,0.1,300.0,3600.0,0.0,fixed_bin_mass_above_range_fraction,100,100,0.0,0.0,0.0,0.0,0.0,0.0,0.0,nan
golovin_controlled_high_resolution_convergence_v1,controlled,golovin,65536,0.1,300.0,3600.0,0.0,fixed_bin_mass_below_range_fraction_bins_250,100,100,0.0,0.0,0.0,0.0,0.0,0.0,0.0,nan
golovin_controlled_high_resolution_convergence_v1,controlled,golovin,65536,0.1,300.0,3600.0,0.0,fixed_bin_mass_below_range_fraction_bins_500,100,100,0.0,0.0,0.0,0.0,0.0,0.0,0.0,nan
golovin_controlled_high_resolution_convergence_v1,controlled,golovin,65536,0.1,300.0,3600.0,0.0,fixed_bin_mass_below_range_fraction_bins_1000,100,100,0.0,0.0,0.0,0.0,0.0,0.0,0.0,nan
golovin_controlled_high_resolution_convergence_v1,controlled,golovin,65536,0.1,300.0,3600.0,0.0,fixed_bin_mass_above_range_fraction_bins_250,100,100,0.0,0.0,0.0,0.0,0.0,0.0,0.0,nan
golovin_controlled_high_resolution_convergence_v1,controlled,golovin,65536,0.1,300.0,3600.0,0.0,fixed_bin_mass_above_range_fraction_bins_500,100,100,0.0,0.0,0.0,0.0,0.0,0.0,0.0,nan
golovin_controlled_high_resolution_convergence_v1,controlled,golovin,65536,0.1,300.0,3600.0,0.0,fixed_bin_mass_above_range_fraction_bins_1000,100,100,0.0,0.0,0.0,0.0,0.0,0.0,0.0,nan
golovin_controlled_high_resolution_convergence_v1,controlled,golovin,65536,0.1,300.0,3600.0,1200.0000476837158,golovin_fixed_bin_l1_relative,100,100,0.0654696237982819,0.004377231892198768,0.00043772318921987674,0.06460108602612935,0.06633816157043446,0.0646301957246531,0.06632237132775229,0.06685897425782425
golovin_controlled_high_resolution_convergence_v1,controlled,golovin,65536,0.1,300.0,3600.0,1200.0000476837158,golovin_fixed_bin_l1_relative_bins_250,100,100,0.04632929378811561,0.004179725781938423,0.0004179725781938423,0.04549994551316511,0.04715864206306611,0.04552092525243755,0.04714334228846955,0.09021777454787379
golovin_controlled_high_resolution_convergence_v1,controlled,golovin,65536,0.1,300.0,3600.0,1200.0000476837158,golovin_fixed_bin_l1_relative_bins_500,100,100,0.0654696237982819,0.004377231892198768,0.00043772318921987674,0.06460108602612935,0.06633816157043446,0.06461437425549296,0.06632431232288506,0.06685897425782425
golovin_controlled_high_resolution_convergence_v1,controlled,golovin,65536,0.1,300.0,3600.0,1200.0000476837158,golovin_fixed_bin_l1_relative_bins_1000,100,100,0.09199486221398054,0.00383014435819665,0.000383014435819665,0.09123487847772485,0.09275484595023623,0.0912479190543511,0.0927417067632947,0.0416343289833699
golovin_controlled_high_resolution_convergence_v1,controlled,golovin,65536,0.1,300.0,3600.0,1200.0000476837158,radius_moment_0_m3,100,100,1386384.9366783744,8398.997067926533,839.8997067926533,1384718.393442524,1388051.479914225,1384757.1122848296,1388039.332480125,0.006058199887867799
golovin_controlled_high_resolution_convergence_v1,controlled,golovin,65536,0.1,300.0,3600.0,1200.0000476837158,radius_moment_3_um3_m3,100,100,238740390119.46866,140.6959297034595,14.069592970345951,238740390091.55154,238740390147.38577,238740390091.86017,238740390147.50952,5.8932604421503e-10
golovin_controlled_high_resolution_convergence_v1,controlled,golovin,65536,0.1,300.0,3600.0,1200.0000476837158,radius_moment_6_um6_m3,100,100,4.9605142095570106e+17,9973094276024970.0,997309427602497.0,4.9407254268347526e+17,4.9803029922792685e+17,4.941197266176153e+17,4.980265812450803e+17,0.020104960604307186
golovin_controlled_high_resolution_convergence_v1,controlled,golovin,65536,0.1,300.0,3600.0,1200.0000476837158,golovin_relative_error_radius_moment_0_m3,100,100,-0.00016829472168030768,0.006057180324803787,0.0006057180324803787,-0.0013701707096094471,0.001033581266248832,-0.0013373455559697967,0.001018913429891891,35.99150504737751
golovin_controlled_high_resolution_convergence_v1,controlled,golovin,65536,0.1,300.0,3600.0,1200.0000476837158,golovin_relative_error_radius_moment_3_um3_m3,100,100,2.9729618118579104e-05,5.893435671490794e-10,5.893435671490794e-11,2.972950118002948e-05,2.9729735057128727e-05,2.9729503646269305e-05,2.972973428664588e-05,1.982344895243634e-05
golovin_controlled_high_resolution_convergence_v1,controlled,golovin,65536,0.1,300.0,3600.0,1200.0000476837158,golovin_relative_error_radius_moment_6_um6_m3,100,100,-0.002541858617251641,0.020053856636945616,0.0020053856636945617,-0.006520978845622768,0.0014372616111194866,-0.00644904065268166,0.0012451362935594799,7.889446132385068
golovin_controlled_high_resolution_convergence_v1,controlled,golovin,65536,0.1,300.0,3600.0,1200.0000476837158,liquid_water_gm3,100,100,0.99823634758582,5.882866781874125e-10,5.882866781874126e-11,0.9982363474690912,0.9982363477025489,0.9982363474699312,0.9982363477011977,5.893260444885138e-10
golovin_controlled_high_resolution_convergence_v1,controlled,golovin,65536,0.1,300.0,3600.0,1200.0000476837158,relative_liquid_mass_drift,100,100,1.1528691024054184e-09,5.893260415435811e-10,5.893260415435811e-11,1.0359340302412089e-09,1.2698041745696278e-09,1.0366053030397282e-09,1.2681184881069284e-09,0.5111820937120912
golovin_controlled_high_resolution_convergence_v1,controlled,golovin,65536,0.1,300.0,3600.0,1200.0000476837158,mass_fraction_r_ge_cloud_threshold,100,100,0.9245679951383279,0.0009836736388323247,9.836736388323247e-05,0.9243728129474279,0.9247631773292279,0.9243795419605011,0.924756638357088,0.0010639278495522158
golovin_controlled_high_resolution_convergence_v1,controlled,golovin,65536,0.1,300.0,3600.0,1200.0000476837158,mass_fraction_r_ge_large_threshold,100,100,0.0,0.0,0.0,0.0,0.0,0.0,0.0,nan
golovin_controlled_high_resolution_convergence_v1,controlled,golovin,65536,0.1,300.0,3600.0,1200.0000476837158,mass_fraction_r_ge_onset_threshold,100,100,0.0,0.0,0.0,0.0,0.0,0.0,0.0,nan
golovin_controlled_high_resolution_convergence_v1,controlled,golovin,65536,0.1,300.0,3600.0,1200.0000476837158,mass_weighted_radius_q99_um,100,100,234.58061264038085,2.6952256234361616,0.26952256234361616,234.04582140334364,235.11540387741806,234.06011426162718,235.1040254058838,0.01148954976755911
golovin_controlled_high_resolution_convergence_v1,controlled,golovin,65536,0.1,300.0,3600.0,1200.0000476837158,fixed_bin_mass_below_range_fraction,100,100,0.0,0.0,0.0,0.0,0.0,0.0,0.0,nan
golovin_controlled_high_resolution_convergence_v1,controlled,golovin,65536,0.1,300.0,3600.0,1200.0000476837158,fixed_bin_mass_above_range_fraction,100,100,0.0,0.0,0.0,0.0,0.0,0.0,0.0,nan
golovin_controlled_high_resolution_convergence_v1,controlled,golovin,65536,0.1,300.0,3600.0,1200.0000476837158,fixed_bin_mass_below_range_fraction_bins_250,100,100,0.0,0.0,0.0,0.0,0.0,0.0,0.0,nan
golovin_controlled_high_resolution_convergence_v1,controlled,golovin,65536,0.1,300.0,3600.0,1200.0000476837158,fixed_bin_mass_below_range_fraction_bins_500,100,100,0.0,0.0,0.0,0.0,0.0,0.0,0.0,nan
golovin_controlled_high_resolution_convergence_v1,controlled,golovin,65536,0.1,300.0,3600.0,1200.0000476837158,fixed_bin_mass_below_range_fraction_bins_1000,100,100,0.0,0.0,0.0,0.0,0.0,0.0,0.0,nan
golovin_controlled_high_resolution_convergence_v1,controlled,golovin,65536,0.1,300.0,3600.0,1200.0000476837158,fixed_bin_mass_above_range_fraction_bins_250,100,100,0.0,0.0,0.0,0.0,0.0,0.0,0.0,nan
golovin_controlled_high_resolution_convergence_v1,controlled,golovin,65536,0.1,300.0,3600.0,1200.0000476837158,fixed_bin_mass_above_range_fraction_bins_500,100,100,0.0,0.0,0.0,0.0,0.0,0.0,0.0,nan
golovin_controlled_high_resolution_convergence_v1,controlled,golovin,65536,0.1,300.0,3600.0,1200.0000476837158,fixed_bin_mass_above_range_fraction_bins_1000,100,100,0.0,0.0,0.0,0.0,0.0,0.0,0.0,nan
golovin_controlled_high_resolution_convergence_v1,controlled,golovin,65536,0.1,300.0,3600.0,1500.0,golovin_fixed_bin_l1_relative,100,100,0.06530646645652184,0.005055843822395511,0.0005055843822395511,0.06430327735482477,0.06630965555821891,0.06435809677968102,0.0663304053086951,0.07741720072638547
golovin_controlled_high_resolution_convergence_v1,controlled,golovin,65536,0.1,300.0,3600.0,1500.0,golovin_fixed_bin_l1_relative_bins_250,100,100,0.04677224266374145,0.005246209712517922,0.0005246209712517923,0.04573128083942591,0.04781320448805699,0.04575735897850034,0.047792818083161985,0.11216502382052472
golovin_controlled_high_resolution_convergence_v1,controlled,golovin,65536,0.1,300.0,3600.0,1500.0,golovin_fixed_bin_l1_relative_bins_500,100,100,0.06530646645652184,0.005055843822395511,0.0005055843822395511,0.06430327735482477,0.06630965555821891,0.06435155533238142,0.06631588427140045,0.07741720072638547
golovin_controlled_high_resolution_convergence_v1,controlled,golovin,65536,0.1,300.0,3600.0,1500.0,golovin_fixed_bin_l1_relative_bins_1000,100,100,0.09202513144635537,0.004614175807849807,0.0004614175807849807,0.09110957886080182,0.09294068403190892,0.0911313994959064,0.09293152260992577,0.05014038812364609
golovin_controlled_high_resolution_convergence_v1,controlled,golovin,65536,0.1,300.0,3600.0,1500.0,radius_moment_0_m3,100,100,883794.8384797849,5263.138525909506,526.3138525909505,882750.5176116192,884839.1593479506,882757.9836426253,884819.3516983606,0.005955158705116029
golovin_controlled_high_resolution_convergence_v1,controlled,golovin,65536,0.1,300.0,3600.0,1500.0,radius_moment_3_um3_m3,100,100,238740390116.0372,129.64968432075898,12.964968432075898,238740390090.3119,238740390141.7625,238740390090.0311,238740390141.1142,5.430571854965309e-10
golovin_controlled_high_resolution_convergence_v1,controlled,golovin,65536,0.1,300.0,3600.0,1500.0,radius_moment_6_um6_m3,100,100,1.2201677021426025e+18,2.6391160171264404e+16,2639116017126440.5,1.214931123404217e+18,1.225404280880988e+18,1.2150083166458908e+18,1.225347707474449e+18,0.021629125344755303
golovin_controlled_high_resolution_convergence_v1,controlled,golovin,65536,0.1,300.0,3600.0,1500.0,golovin_relative_error_radius_moment_0_m3,100,100,-0.00039656745175943754,0.005952797083003512,0.0005952797083003512,-0.0015777315399044122,0.000784596636385537,-0.0015650279116610514,0.0007451493567403895,15.01080599679307
golovin_controlled_high_resolution_convergence_v1,controlled,golovin,65536,0.1,300.0,3600.0,1500.0,golovin_relative_error_radius_moment_3_um3_m3,100,100,2.972960374493683e-05,5.43073327102118e-10,5.43073327102118e-11,2.972949598740667e-05,2.972971150246699e-05,2.9729498118053254e-05,2.972971007909114e-05,1.8267089321518704e-05
golovin_controlled_high_resolution_convergence_v1,controlled,golovin,65536,0.1,300.0,3600.0,1500.0,golovin_relative_error_radius_moment_6_um6_m3,100,100,-0.0024811820224850843,0.02157545954778782,0.002157545954778782,-0.006762221279783845,0.0017998572348136765,-0.006698936909048325,0.0017449933168063455,8.695637543826159
golovin_controlled_high_resolution_convergence_v1,controlled,golovin,65536,0.1,300.0,3600.0,1500.0,liquid_water_gm3,100,100,0.9982363475714723,5.420994081529357e-10,5.4209940815293565e-11,0.998236347463908,0.9982363476790366,0.998236347465769,0.998236347676297,5.430571722536101e-10
golovin_controlled_high_resolution_convergence_v1,controlled,golovin,65536,0.1,300.0,3600.0,1500.0,relative_liquid_mass_drift,100,100,1.1384959108795555e-09,5.430571696877551e-10,5.4305716968775516e-11,1.030741586702057e-09,1.2462502350570542e-09,1.0334328457983767e-09,1.2434161659746756e-09,0.47699527464109315
golovin_controlled_high_resolution_convergence_v1,controlled,golovin,65536,0.1,300.0,3600.0,1500.0,mass_fraction_r_ge_cloud_threshold,100,100,0.9534044066326282,0.0006169149000598923,6.169149000598922e-05,0.9532819973323896,0.9535268159328667,0.9532843173824627,0.9535224414273824,0.0006470652912532696
golovin_controlled_high_resolution_convergence_v1,controlled,golovin,65536,0.1,300.0,3600.0,1500.0,mass_fraction_r_ge_large_threshold,100,100,0.0,0.0,0.0,0.0,0.0,0.0,0.0,nan
golovin_controlled_high_resolution_convergence_v1,controlled,golovin,65536,0.1,300.0,3600.0,1500.0,mass_fraction_r_ge_onset_threshold,100,100,0.0,0.0,0.0,0.0,0.0,0.0,0.0,nan
golovin_controlled_high_resolution_convergence_v1,controlled,golovin,65536,0.1,300.0,3600.0,1500.0,mass_weighted_radius_q99_um,100,100,318.87428405761716,4.040700805102472,0.4040700805102472,318.0725213542398,319.6760467609945,318.0921438369751,319.685577545166,0.012671767549534852
golovin_controlled_high_resolution_convergence_v1,controlled,golovin,65536,0.1,300.0,3600.0,1500.0,fixed_bin_mass_below_range_fraction,100,100,0.0,0.0,0.0,0.0,0.0,0.0,0.0,nan
golovin_controlled_high_resolution_convergence_v1,controlled,golovin,65536,0.1,300.0,3600.0,1500.0,fixed_bin_mass_above_range_fraction,100,100,0.0,0.0,0.0,0.0,0.0,0.0,0.0,nan
golovin_controlled_high_resolution_convergence_v1,controlled,golovin,65536,0.1,300.0,3600.0,1500.0,fixed_bin_mass_below_range_fraction_bins_250,100,100,0.0,0.0,0.0,0.0,0.0,0.0,0.0,nan
golovin_controlled_high_resolution_convergence_v1,controlled,golovin,65536,0.1,300.0,3600.0,1500.0,fixed_bin_mass_below_range_fraction_bins_500,100,100,0.0,0.0,0.0,0.0,0.0,0.0,0.0,nan
golovin_controlled_high_resolution_convergence_v1,controlled,golovin,65536,0.1,300.0,3600.0,1500.0,fixed_bin_mass_below_range_fraction_bins_1000,100,100,0.0,0.0,0.0,0.0,0.0,0.0,0.0,nan
golovin_controlled_high_resolution_convergence_v1,controlled,golovin,65536,0.1,300.0,3600.0,1500.0,fixed_bin_mass_above_range_fraction_bins_250,100,100,0.0,0.0,0.0,0.0,0.0,0.0,0.0,nan
golovin_controlled_high_resolution_convergence_v1,controlled,golovin,65536,0.1,300.0,3600.0,1500.0,fixed_bin_mass_above_range_fraction_bins_500,100,100,0.0,0.0,0.0,0.0,0.0,0.0,0.0,nan
golovin_controlled_high_resolution_convergence_v1,controlled,golovin,65536,0.1,300.0,3600.0,1500.0,fixed_bin_mass_above_range_fraction_bins_1000,100,100,0.0,0.0,0.0,0.0,0.0,0.0,0.0,nan
golovin_controlled_high_resolution_convergence_v1,controlled,golovin,65536,0.1,300.0,3600.0,1799.9999523162842,golovin_fixed_bin_l1_relative,100,100,0.06735622957820081,0.005227336947224504,0.0005227336947224504,0.06631901251996712,0.0683934466364345,0.06631518170189564,0.06839534461454869,0.0776073271909549
golovin_controlled_high_resolution_convergence_v1,controlled,golovin,65536,0.1,300.0,3600.0,1799.9999523162842,golovin_fixed_bin_l1_relative_bins_250,100,100,0.04834104650136149,0.005545055409312966,0.0005545055409312966,0.04724078720729702,0.049441305795425966,0.047254340619573613,0.049405805451134405,0.11470697907122869
golovin_controlled_high_resolution_convergence_v1,controlled,golovin,65536,0.1,300.0,3600.0,1799.9999523162842,golovin_fixed_bin_l1_relative_bins_500,100,100,0.06735622957820081,0.005227336947224504,0.0005227336947224504,0.06631901251996712,0.0683934466364345,0.06633571681713028,0.06836171508065217,0.0776073271909549
golovin_controlled_high_resolution_convergence_v1,controlled,golovin,65536,0.1,300.0,3600.0,1799.9999523162842,golovin_fixed_bin_l1_relative_bins_1000,100,100,0.09410572536152621,0.004822986016980431,0.00048229860169804315,0.09314874030031053,0.09506271042274189,0.0931746458401307,0.09505914529220896,0.05125071825812886
golovin_controlled_high_resolution_convergence_v1,controlled,golovin,65536,0.1,300.0,3600.0,1799.9999523162842,radius_moment_0_m3,100,100,563361.9477257421,3668.3563376778457,366.83563376778454,562634.0662427741,564089.8292087101,562647.9851135763,564086.6216274634,0.006511544403179478
golovin_controlled_high_resolution_convergence_v1,controlled,golovin,65536,0.1,300.0,3600.0,1799.9999523162842,radius_moment_3_um3_m3,100,100,238740390135.29758,134.9945290369642,13.499452903696419,238740390108.51172,238740390162.08344,238740390108.82056,238740390162.55267,5.654448707253133e-10
golovin_controlled_high_resolution_convergence_v1,controlled,golovin,65536,0.1,300.0,3600.0,1799.9999523162842,radius_moment_6_um6_m3,100,100,2.999813905097045e+18,6.943337506812197e+16,6943337506812197.0,2.9860368171154427e+18,3.0135909930786473e+18,2.9863424830867676e+18,3.013407265970991e+18,0.023145894133681528
golovin_controlled_high_resolution_convergence_v1,controlled,golovin,65536,0.1,300.0,3600.0,1799.9999523162842,golovin_relative_error_radius_moment_0_m3,100,100,-0.0006974590383142853,0.0065070028676820855,0.0006507002867682085,-0.0019885895777219074,0.0005936715010933369,-0.0019679947614202093,0.000550928811091581,9.329584262624373
golovin_controlled_high_resolution_convergence_v1,controlled,golovin,65536,0.1,300.0,3600.0,1799.9999523162842,golovin_relative_error_radius_moment_3_um3_m3,100,100,2.9729684421995196e-05,5.654616856426008e-10,5.6546168564260084e-11,2.9729572222128984e-05,2.972979662186141e-05,2.972957586622788e-05,2.9729795974328343e-05,1.9020103867104958e-05
golovin_controlled_high_resolution_convergence_v1,controlled,golovin,65536,0.1,300.0,3600.0,1799.9999523162842,golovin_relative_error_radius_moment_6_um6_m3,100,100,-0.0029212121998885374,0.0230782800653609,0.00230782800653609,-0.007500443651803336,0.0016580192520262611,-0.007374979855291342,0.0016231726860852112,7.900240888437164
golovin_controlled_high_resolution_convergence_v1,controlled,golovin,65536,0.1,300.0,3600.0,1799.9999523162842,liquid_water_gm3,100,100,0.9982363476520046,5.644476511510252e-10,5.644476511510252e-11,0.998236347540006,0.9982363477640033,0.9982363475435334,0.998236347761191,5.654448993754708e-10
golovin_controlled_high_resolution_convergence_v1,controlled,golovin,65536,0.1,300.0,3600.0,1799.9999523162842,relative_liquid_mass_drift,100,100,1.219170551181037e-09,5.654448889135412e-10,5.6544488891354123e-11,1.106974017804022e-09,1.3313670845580517e-09,1.1076138889398736e-09,1.3283904032324046e-09,0.46379474009258387
golovin_controlled_high_resolution_convergence_v1,controlled,golovin,65536,0.1,300.0,3600.0,1799.9999523162842,mass_fraction_r_ge_cloud_threshold,100,100,0.9708960065516447,0.00042399622277319204,4.2399622277319204e-05,0.9708118765023811,0.9709801366009082,0.9708125049612277,0.9709781755565369,0.0004367061146735065
golovin_controlled_high_resolution_convergence_v1,controlled,golovin,65536,0.1,300.0,3600.0,1799.9999523162842,mass_fraction_r_ge_large_threshold,100,100,0.0,0.0,0.0,0.0,0.0,0.0,0.0,nan
golovin_controlled_high_resolution_convergence_v1,controlled,golovin,65536,0.1,300.0,3600.0,1799.9999523162842,mass_fraction_r_ge_onset_threshold,100,100,0.0,0.0,0.0,0.0,0.0,0.0,0.0,nan
golovin_controlled_high_resolution_convergence_v1,controlled,golovin,65536,0.1,300.0,3600.0,1799.9999523162842,mass_weighted_radius_q99_um,100,100,432.36991149902343,6.024718985809778,0.6024718985809778,431.1744765450046,433.56534645304225,431.21867471313476,433.5278621826172,0.013934177253273984
golovin_controlled_high_resolution_convergence_v1,controlled,golovin,65536,0.1,300.0,3600.0,1799.9999523162842,fixed_bin_mass_below_range_fraction,100,100,0.0,0.0,0.0,0.0,0.0,0.0,0.0,nan
golovin_controlled_high_resolution_convergence_v1,controlled,golovin,65536,0.1,300.0,3600.0,1799.9999523162842,fixed_bin_mass_above_range_fraction,100,100,0.0,0.0,0.0,0.0,0.0,0.0,0.0,nan
golovin_controlled_high_resolution_convergence_v1,controlled,golovin,65536,0.1,300.0,3600.0,1799.9999523162842,fixed_bin_mass_below_range_fraction_bins_250,100,100,0.0,0.0,0.0,0.0,0.0,0.0,0.0,nan
golovin_controlled_high_resolution_convergence_v1,controlled,golovin,65536,0.1,300.0,3600.0,1799.9999523162842,fixed_bin_mass_below_range_fraction_bins_500,100,100,0.0,0.0,0.0,0.0,0.0,0.0,0.0,nan
golovin_controlled_high_resolution_convergence_v1,controlled,golovin,65536,0.1,300.0,3600.0,1799.9999523162842,fixed_bin_mass_below_range_fraction_bins_1000,100,100,0.0,0.0,0.0,0.0,0.0,0.0,0.0,nan
golovin_controlled_high_resolution_convergence_v1,controlled,golovin,65536,0.1,300.0,3600.0,1799.9999523162842,fixed_bin_mass_above_range_fraction_bins_250,100,100,0.0,0.0,0.0,0.0,0.0,0.0,0.0,nan
golovin_controlled_high_resolution_convergence_v1,controlled,golovin,65536,0.1,300.0,3600.0,1799.9999523162842,fixed_bin_mass_above_range_fraction_bins_500,100,100,0.0,0.0,0.0,0.0,0.0,0.0,0.0,nan
golovin_controlled_high_resolution_convergence_v1,controlled,golovin,65536,0.1,300.0,3600.0,1799.9999523162842,fixed_bin_mass_above_range_fraction_bins_1000,100,100,0.0,0.0,0.0,0.0,0.0,0.0,0.0,nan
golovin_controlled_high_resolution_convergence_v1,controlled,golovin,65536,0.1,300.0,3600.0,2099.9999046325684,golovin_fixed_bin_l1_relative,100,100,0.06879478375153499,0.004715331119998529,0.0004715331119998529,0.06785915975747057,0.0697304077455994,0.06787425459175087,0.06971715834943487,0.06854198622135095
golovin_controlled_high_resolution_convergence_v1,controlled,golovin,65536,0.1,300.0,3600.0,2099.9999046325684,golovin_fixed_bin_l1_relative_bins_250,100,100,0.0492900639225041,0.004397561805563745,0.00043975618055637456,0.04841749225447925,0.050162635590528956,0.04843820244930288,0.05016721108365881,0.0892180179047399
golovin_controlled_high_resolution_convergence_v1,controlled,golovin,65536,0.1,300.0,3600.0,2099.9999046325684,golovin_fixed_bin_l1_relative_bins_500,100,100,0.06879478375153499,0.004715331119998529,0.0004715331119998529,0.06785915975747057,0.0697304077455994,0.06787691645385423,0.06970394608864071,0.06854198622135095
golovin_controlled_high_resolution_convergence_v1,controlled,golovin,65536,0.1,300.0,3600.0,2099.9999046325684,golovin_fixed_bin_l1_relative_bins_1000,100,100,0.09567901984194054,0.004383183378171587,0.0004383183378171587,0.09480930116585255,0.09654873851802852,0.09483446147542407,0.09653298859477687,0.045811332363275684
golovin_controlled_high_resolution_convergence_v1,controlled,golovin,65536,0.1,300.0,3600.0,2099.9999046325684,radius_moment_0_m3,100,100,359210.8190804241,2570.548293185676,257.0548293185676,358700.76653060305,359720.8716302451,358717.19488358963,359706.87051709637,0.0071560993061574605
golovin_controlled_high_resolution_convergence_v1,controlled,golovin,65536,0.1,300.0,3600.0,2099.9999046325684,radius_moment_3_um3_m3,100,100,238740390121.9796,127.64789804960995,12.764789804960994,238740390096.6515,238740390147.30774,238740390097.5723,238740390146.8631,5.346724028740625e-10
golovin_controlled_high_resolution_convergence_v1,controlled,golovin,65536,0.1,300.0,3600.0,2099.9999046325684,radius_moment_6_um6_m3,100,100,7.3683772394874e+18,1.92439347529038e+17,1.92439347529038e+16,7.330193097935465e+18,7.406561381039334e+18,7.331093107606052e+18,7.406823828668627e+18,0.026116923886272896
golovin_controlled_high_resolution_convergence_v1,controlled,golovin,65536,0.1,300.0,3600.0,2099.9999046325684,golovin_relative_error_radius_moment_0_m3,100,100,-0.0007087244162593375,0.007151027603854004,0.0007151027603854004,-0.002127643435542289,0.0007101946030236138,-0.00210997472518104,0.000687593929436511,10.089997522023129
golovin_controlled_high_resolution_convergence_v1,controlled,golovin,65536,0.1,300.0,3600.0,2099.9999046325684,golovin_relative_error_radius_moment_3_um3_m3,100,100,2.9729628636221416e-05,5.346882959651775e-10,5.346882959651775e-11,2.972952254246335e-05,2.9729734729979483e-05,2.97295241785005e-05,2.9729734108925876e-05,1.7985031111815982e-05
golovin_controlled_high_resolution_convergence_v1,controlled,golovin,65536,0.1,300.0,3600.0,2099.9999046325684,golovin_relative_error_radius_moment_6_um6_m3,100,100,-0.004272259894392712,0.026005345599788666,0.0026005345599788665,-0.009432284651489105,0.0008877648627036794,-0.009344616445017006,0.0007749501403721633,6.087023318483118
golovin_controlled_high_resolution_convergence_v1,controlled,golovin,65536,0.1,300.0,3600.0,2099.9999046325684,liquid_water_gm3,100,100,0.998236347596319,5.337294051828636e-10,5.337294051828636e-11,0.9982363474904155,0.9982363477022225,0.9982363474901919,0.9982363476980888,5.346723814135254e-10
golovin_controlled_high_resolution_convergence_v1,controlled,golovin,65536,0.1,300.0,3600.0,2099.9999046325684,relative_liquid_mass_drift,100,100,1.1633864327453836e-09,5.346723855982688e-10,5.3467238559826874e-11,1.0572958316404601e-09,1.269477033850307e-09,1.0596533568385525e-09,1.2679994788045157e-09,0.459582792569222
golovin_controlled_high_resolution_convergence_v1,controlled,golovin,65536,0.1,300.0,3600.0,2099.9999046325684,mass_fraction_r_ge_cloud_threshold,100,100,0.9816738273123546,0.00028041163692629377,2.8041163692629375e-05,0.9816181875600135,0.9817294670646958,0.9816192576969154,0.9817289860849564,0.00028564644296773207
golovin_controlled_high_resolution_convergence_v1,controlled,golovin,65536,0.1,300.0,3600.0,2099.9999046325684,mass_fraction_r_ge_large_threshold,100,100,0.0,0.0,0.0,0.0,0.0,0.0,0.0,nan
golovin_controlled_high_resolution_convergence_v1,controlled,golovin,65536,0.1,300.0,3600.0,2099.9999046325684,mass_fraction_r_ge_onset_threshold,100,100,0.0,0.0,0.0,0.0,0.0,0.0,0.0,nan
golovin_controlled_high_resolution_convergence_v1,controlled,golovin,65536,0.1,300.0,3600.0,2099.9999046325684,mass_weighted_radius_q99_um,100,100,585.7184503173828,8.340928514382574,0.8340928514382574,584.063429142362,587.3734714924036,584.0541610107422,587.3562855072022,0.014240508404443946
golovin_controlled_high_resolution_convergence_v1,controlled,golovin,65536,0.1,300.0,3600.0,2099.9999046325684,fixed_bin_mass_below_range_fraction,100,100,0.0,0.0,0.0,0.0,0.0,0.0,0.0,nan
golovin_controlled_high_resolution_convergence_v1,controlled,golovin,65536,0.1,300.0,3600.0,2099.9999046325684,fixed_bin_mass_above_range_fraction,100,100,0.0,0.0,0.0,0.0,0.0,0.0,0.0,nan
golovin_controlled_high_resolution_convergence_v1,controlled,golovin,65536,0.1,300.0,3600.0,2099.9999046325684,fixed_bin_mass_below_range_fraction_bins_250,100,100,0.0,0.0,0.0,0.0,0.0,0.0,0.0,nan
golovin_controlled_high_resolution_convergence_v1,controlled,golovin,65536,0.1,300.0,3600.0,2099.9999046325684,fixed_bin_mass_below_range_fraction_bins_500,100,100,0.0,0.0,0.0,0.0,0.0,0.0,0.0,nan
golovin_controlled_high_resolution_convergence_v1,controlled,golovin,65536,0.1,300.0,3600.0,2099.9999046325684,fixed_bin_mass_below_range_fraction_bins_1000,100,100,0.0,0.0,0.0,0.0,0.0,0.0,0.0,nan
golovin_controlled_high_resolution_convergence_v1,controlled,golovin,65536,0.1,300.0,3600.0,2099.9999046325684,fixed_bin_mass_above_range_fraction_bins_250,100,100,0.0,0.0,0.0,0.0,0.0,0.0,0.0,nan
golovin_controlled_high_resolution_convergence_v1,controlled,golovin,65536,0.1,300.0,3600.0,2099.9999046325684,fixed_bin_mass_above_range_fraction_bins_500,100,100,0.0,0.0,0.0,0.0,0.0,0.0,0.0,nan
golovin_controlled_high_resolution_convergence_v1,controlled,golovin,65536,0.1,300.0,3600.0,2099.9999046325684,fixed_bin_mass_above_range_fraction_bins_1000,100,100,0.0,0.0,0.0,0.0,0.0,0.0,0.0,nan
golovin_controlled_high_resolution_convergence_v1,controlled,golovin,65536,0.1,300.0,3600.0,2400.0000953674316,golovin_fixed_bin_l1_relative,100,100,0.07111805200723542,0.00449563229673852,0.00044956322967385203,0.07022602102610663,0.07201008298836421,0.07022934296238698,0.07196636842797628,0.06321365911823826
golovin_controlled_high_resolution_convergence_v1,controlled,golovin,65536,0.1,300.0,3600.0,2400.0000953674316,golovin_fixed_bin_l1_relative_bins_250,100,100,0.050689795572153556,0.004337594558250788,0.0004337594558250788,0.049829122706994536,0.05155046843731258,0.04985740009497447,0.051547961011754254,0.08557135631128182
golovin_controlled_high_resolution_convergence_v1,controlled,golovin,65536,0.1,300.0,3600.0,2400.0000953674316,golovin_fixed_bin_l1_relative_bins_500,100,100,0.07111805200723542,0.00449563229673852,0.00044956322967385203,0.07022602102610663,0.07201008298836421,0.07024914832115002,0.07197440111120998,0.06321365911823826
golovin_controlled_high_resolution_convergence_v1,controlled,golovin,65536,0.1,300.0,3600.0,2400.0000953674316,golovin_fixed_bin_l1_relative_bins_1000,100,100,0.10011686076842272,0.004265964923596308,0.0004265964923596308,0.09927040077679543,0.10096332076005,0.0992673230376257,0.1009561531663661,0.04260985503194894
golovin_controlled_high_resolution_convergence_v1,controlled,golovin,65536,0.1,300.0,3600.0,2400.0000953674316,radius_moment_0_m3,100,100,229018.6443455183,1650.9525736055605,165.09525736055605,228691.05953723696,229346.22915379962,228703.12722781705,229349.27753396967,0.00720881296945756
golovin_controlled_high_resolution_convergence_v1,controlled,golovin,65536,0.1,300.0,3600.0,2400.0000953674316,radius_moment_3_um3_m3,100,100,238740390108.9715,125.36259660898287,12.536259660898287,238740390084.09683,238740390133.84616,238740390084.9896,238740390133.27484,5.251000744019976e-10
golovin_controlled_high_resolution_convergence_v1,controlled,golovin,65536,0.1,300.0,3600.0,2400.0000953674316,radius_moment_6_um6_m3,100,100,1.8131888412358203e+19,5.2308221548251405e+17,5.230822154825141e+16,1.8028097552454826e+19,1.823567927226158e+19,1.802934910609844e+19,1.8232500835815363e+19,0.02884874446535836
golovin_controlled_high_resolution_convergence_v1,controlled,golovin,65536,0.1,300.0,3600.0,2400.0000953674316,golovin_relative_error_radius_moment_0_m3,100,100,-0.000812743383218264,0.007202954054415781,0.0007202954054415781,-0.002241965736845255,0.0006164789704087267,-0.0022153082187817814,0.0006305573389232294,8.862519465730811
golovin_controlled_high_resolution_convergence_v1,controlled,golovin,65536,0.1,300.0,3600.0,2400.0000953674316,golovin_relative_error_radius_moment_3_um3_m3,100,100,2.9729574148342763e-05,5.251156851694835e-10,5.251156851694835e-11,2.9729469953998357e-05,2.972967834268717e-05,2.9729470861655892e-05,2.9729674967174657e-05,1.7663074571781425e-05
golovin_controlled_high_resolution_convergence_v1,controlled,golovin,65536,0.1,300.0,3600.0,2400.0000953674316,golovin_relative_error_radius_moment_6_um6_m3,100,100,-0.003803361689265714,0.0287390222558754,0.00287390222558754,-0.009505807202478444,0.0018990838239470158,-0.009448523543517542,0.0017056100404055036,7.5562159489027785
golovin_controlled_high_resolution_convergence_v1,controlled,golovin,65536,0.1,300.0,3600.0,2400.0000953674316,liquid_water_gm3,100,100,0.9982363475419289,5.241739876223574e-10,5.241739876223574e-11,0.9982363474379214,0.9982363476459364,0.9982363474404736,0.9982363476431677,5.251000816721318e-10
golovin_controlled_high_resolution_convergence_v1,controlled,golovin,65536,0.1,300.0,3600.0,2400.0000953674316,relative_liquid_mass_drift,100,100,1.108900170576632e-09,5.251000787430452e-10,5.251000787430452e-11,1.0047089228245007e-09,1.2130914183287634e-09,1.0075923384811338e-09,1.2131256639791309e-09,0.4735323275042796
golovin_controlled_high_resolution_convergence_v1,controlled,golovin,65536,0.1,300.0,3600.0,2400.0000953674316,mass_fraction_r_ge_cloud_threshold,100,100,0.9884162982532141,0.0001741703390927943,1.741703390927943e-05,0.988381739079285,0.9884508574271432,0.988382390111556,0.9884503123387671,0.0001762115207940198
golovin_controlled_high_resolution_convergence_v1,controlled,golovin,65536,0.1,300.0,3600.0,2400.0000953674316,mass_fraction_r_ge_large_threshold,100,100,0.0002452108972283812,0.00029803801413445964,2.9803801413445964e-05,0.0001860736892421065,0.0003043481052146559,0.0001893399903182618,0.000304282693382116,1.2154354374262455
golovin_controlled_high_resolution_convergence_v1,controlled,golovin,65536,0.1,300.0,3600.0,2400.0000953674316,mass_fraction_r_ge_onset_threshold,100,100,0.0002452108972283812,0.00029803801413445964,2.9803801413445964e-05,0.0001860736892421065,0.0003043481052146559,0.00018992492873399054,0.0003064241065972175,1.2154354374262455
golovin_controlled_high_resolution_convergence_v1,controlled,golovin,65536,0.1,300.0,3600.0,2400.0000953674316,mass_weighted_radius_q99_um,100,100,792.4930267333984,13.421104362975477,1.3421104362975478,789.8299884547959,795.156065012001,789.8143477478027,795.1803624572754,0.016935296476104457
golovin_controlled_high_resolution_convergence_v1,controlled,golovin,65536,0.1,300.0,3600.0,2400.0000953674316,fixed_bin_mass_below_range_fraction,100,100,0.0,0.0,0.0,0.0,0.0,0.0,0.0,nan
golovin_controlled_high_resolution_convergence_v1,controlled,golovin,65536,0.1,300.0,3600.0,2400.0000953674316,fixed_bin_mass_above_range_fraction,100,100,0.0,0.0,0.0,0.0,0.0,0.0,0.0,nan
golovin_controlled_high_resolution_convergence_v1,controlled,golovin,65536,0.1,300.0,3600.0,2400.0000953674316,fixed_bin_mass_below_range_fraction_bins_250,100,100,0.0,0.0,0.0,0.0,0.0,0.0,0.0,nan
golovin_controlled_high_resolution_convergence_v1,controlled,golovin,65536,0.1,300.0,3600.0,2400.0000953674316,fixed_bin_mass_below_range_fraction_bins_500,100,100,0.0,0.0,0.0,0.0,0.0,0.0,0.0,nan
golovin_controlled_high_resolution_convergence_v1,controlled,golovin,65536,0.1,300.0,3600.0,2400.0000953674316,fixed_bin_mass_below_range_fraction_bins_1000,100,100,0.0,0.0,0.0,0.0,0.0,0.0,0.0,nan
golovin_controlled_high_resolution_convergence_v1,controlled,golovin,65536,0.1,300.0,3600.0,2400.0000953674316,fixed_bin_mass_above_range_fraction_bins_250,100,100,0.0,0.0,0.0,0.0,0.0,0.0,0.0,nan
golovin_controlled_high_resolution_convergence_v1,controlled,golovin,65536,0.1,300.0,3600.0,2400.0000953674316,fixed_bin_mass_above_range_fraction_bins_500,100,100,0.0,0.0,0.0,0.0,0.0,0.0,0.0,nan
golovin_controlled_high_resolution_convergence_v1,controlled,golovin,65536,0.1,300.0,3600.0,2400.0000953674316,fixed_bin_mass_above_range_fraction_bins_1000,100,100,0.0,0.0,0.0,0.0,0.0,0.0,0.0,nan
golovin_controlled_high_resolution_convergence_v1,controlled,golovin,65536,0.1,300.0,3600.0,2700.000047683716,golovin_fixed_bin_l1_relative,100,100,0.07648063896386184,0.004967227864906701,0.0004967227864906701,0.07549503319066782,0.07746624473705586,0.075488765603243,0.0774579086597437,0.06494752047317211
golovin_controlled_high_resolution_convergence_v1,controlled,golovin,65536,0.1,300.0,3600.0,2700.000047683716,golovin_fixed_bin_l1_relative_bins_250,100,100,0.05396360948128926,0.005478452981418958,0.0005478452981418959,0.052876565553869194,0.05505065340870933,0.052899260100927346,0.05502556586902582,0.10152124800544515
golovin_controlled_high_resolution_convergence_v1,controlled,golovin,65536,0.1,300.0,3600.0,2700.000047683716,golovin_fixed_bin_l1_relative_bins_500,100,100,0.07648063896386184,0.004967227864906701,0.0004967227864906701,0.07549503319066782,0.07746624473705586,0.07550887822976222,0.07746513629624976,0.06494752047317211
golovin_controlled_high_resolution_convergence_v1,controlled,golovin,65536,0.1,300.0,3600.0,2700.000047683716,golovin_fixed_bin_l1_relative_bins_1000,100,100,0.10717480587594375,0.004646798556453997,0.0004646798556453997,0.10625278022931141,0.10809683152257608,0.10626376981820346,0.10806345862777243,0.04335719125848222
golovin_controlled_high_resolution_convergence_v1,controlled,golovin,65536,0.1,300.0,3600.0,2700.000047683716,radius_moment_0_m3,100,100,146014.3186890396,1071.2535080695627,107.12535080695628,145801.75875202377,146226.8786260554,145801.5997956224,146220.32752609797,0.007336633267802764
golovin_controlled_high_resolution_convergence_v1,controlled,golovin,65536,0.1,300.0,3600.0,2700.000047683716,radius_moment_3_um3_m3,100,100,238740390122.87686,146.32554325207167,14.632554325207167,238740390093.8427,238740390151.911,238740390093.87003,238740390151.1362,6.129065265276631e-10
golovin_controlled_high_resolution_convergence_v1,controlled,golovin,65536,0.1,300.0,3600.0,2700.000047683716,radius_moment_6_um6_m3,100,100,4.456577197108282e+19,1.3396162888687706e+18,1.3396162888687706e+17,4.4299963036183355e+19,4.483158090598229e+19,4.4304866484340744e+19,4.4829498608525e+19,0.03005930851457035
golovin_controlled_high_resolution_convergence_v1,controlled,golovin,65536,0.1,300.0,3600.0,2700.000047683716,golovin_relative_error_radius_moment_0_m3,100,100,-0.0009098026750458454,0.007329958379229887,0.0007329958379229888,-0.00236422544209493,0.0005446200920032391,-0.0023097787161292997,0.0004923293127039091,8.05664632593054
golovin_controlled_high_resolution_convergence_v1,controlled,golovin,65536,0.1,300.0,3600.0,2700.000047683716,golovin_relative_error_radius_moment_3_um3_m3,100,100,2.9729632394632777e-05,6.129247360008268e-10,6.129247360008267e-11,2.9729510777067654e-05,2.97297540121979e-05,2.9729515183180567e-05,2.972975272406997e-05,2.061662680065566e-05
golovin_controlled_high_resolution_convergence_v1,controlled,golovin,65536,0.1,300.0,3600.0,2700.000047683716,golovin_relative_error_radius_moment_6_um6_m3,100,100,-0.004509639893470564,0.02992375185772291,0.002992375185772291,-0.0104471614625865,0.001427881675645371,-0.010412496485354757,0.0013682959437571994,6.635508059312903
golovin_controlled_high_resolution_convergence_v1,controlled,golovin,65536,0.1,300.0,3600.0,2700.000047683716,liquid_water_gm3,100,100,0.9982363476000704,6.118255685553767e-10,6.118255685553767e-11,0.998236347478671,0.9982363477214699,0.998236347479875,0.9982363477167417,6.12906522614919e-10
golovin_controlled_high_resolution_convergence_v1,controlled,golovin,65536,0.1,300.0,3600.0,2700.000047683716,relative_liquid_mass_drift,100,100,1.167144735303438e-09,6.12906515705438e-10,6.12906515705438e-11,1.0455307854833883e-09,1.2887586851234878e-09,1.0454478082677633e-09,1.2870941159814905e-09,0.5251332565417369
golovin_controlled_high_resolution_convergence_v1,controlled,golovin,65536,0.1,300.0,3600.0,2700.000047683716,mass_fraction_r_ge_cloud_threshold,100,100,0.9926529949485355,0.0001123410884655408,1.123410884655408e-05,0.9926307040393262,0.9926752858577449,0.9926308563991176,0.9926748681697752,0.00011317256789354186
golovin_controlled_high_resolution_convergence_v1,controlled,golovin,65536,0.1,300.0,3600.0,2700.000047683716,mass_fraction_r_ge_large_threshold,100,100,0.020117197241911487,0.0029204604589934888,0.0002920460458993489,0.019537714526994213,0.02069667995682876,0.01954661876416868,0.0206944195230543,0.14517233309762953
golovin_controlled_high_resolution_convergence_v1,controlled,golovin,65536,0.1,300.0,3600.0,2700.000047683716,mass_fraction_r_ge_onset_threshold,100,100,0.020117197241911487,0.0029204604589934888,0.0002920460458993489,0.019537714526994213,0.02069667995682876,0.01954099696410081,0.020688147789927315,0.14517233309762953
golovin_controlled_high_resolution_convergence_v1,controlled,golovin,65536,0.1,300.0,3600.0,2700.000047683716,mass_weighted_radius_q99_um,100,100,1069.0094561767578,19.17072894558008,1.917072894558008,1065.2055676419488,1072.8133447115667,1065.3675984191893,1072.8502873687744,0.01793317059527512
golovin_controlled_high_resolution_convergence_v1,controlled,golovin,65536,0.1,300.0,3600.0,2700.000047683716,fixed_bin_mass_below_range_fraction,100,100,0.0,0.0,0.0,0.0,0.0,0.0,0.0,nan
golovin_controlled_high_resolution_convergence_v1,controlled,golovin,65536,0.1,300.0,3600.0,2700.000047683716,fixed_bin_mass_above_range_fraction,100,100,0.0,0.0,0.0,0.0,0.0,0.0,0.0,nan
golovin_controlled_high_resolution_convergence_v1,controlled,golovin,65536,0.1,300.0,3600.0,2700.000047683716,fixed_bin_mass_below_range_fraction_bins_250,100,100,0.0,0.0,0.0,0.0,0.0,0.0,0.0,nan
golovin_controlled_high_resolution_convergence_v1,controlled,golovin,65536,0.1,300.0,3600.0,2700.000047683716,fixed_bin_mass_below_range_fraction_bins_500,100,100,0.0,0.0,0.0,0.0,0.0,0.0,0.0,nan
golovin_controlled_high_resolution_convergence_v1,controlled,golovin,65536,0.1,300.0,3600.0,2700.000047683716,fixed_bin_mass_below_range_fraction_bins_1000,100,100,0.0,0.0,0.0,0.0,0.0,0.0,0.0,nan
golovin_controlled_high_resolution_convergence_v1,controlled,golovin,65536,0.1,300.0,3600.0,2700.000047683716,fixed_bin_mass_above_range_fraction_bins_250,100,100,0.0,0.0,0.0,0.0,0.0,0.0,0.0,nan
golovin_controlled_high_resolution_convergence_v1,controlled,golovin,65536,0.1,300.0,3600.0,2700.000047683716,fixed_bin_mass_above_range_fraction_bins_500,100,100,0.0,0.0,0.0,0.0,0.0,0.0,0.0,nan
golovin_controlled_high_resolution_convergence_v1,controlled,golovin,65536,0.1,300.0,3600.0,2700.000047683716,fixed_bin_mass_above_range_fraction_bins_1000,100,100,0.0,0.0,0.0,0.0,0.0,0.0,0.0,nan
golovin_controlled_high_resolution_convergence_v1,controlled,golovin,65536,0.1,300.0,3600.0,300.00001192092896,golovin_fixed_bin_l1_relative,100,100,0.05719714377737579,0.004898922735522008,0.0004898922735522008,0.0562250912237423,0.058169196331009275,0.056258480620071584,0.05815027623269832,0.08564977920208258
golovin_controlled_high_resolution_convergence_v1,controlled,golovin,65536,0.1,300.0,3600.0,300.00001192092896,golovin_fixed_bin_l1_relative_bins_250,100,100,0.040192312473808015,0.0045922888433741,0.00045922888433740994,0.03928110273684761,0.04110352221076842,0.039291334718592884,0.04110239334906641,0.1142578906443052
golovin_controlled_high_resolution_convergence_v1,controlled,golovin,65536,0.1,300.0,3600.0,300.00001192092896,golovin_fixed_bin_l1_relative_bins_500,100,100,0.05719714377737579,0.004898922735522008,0.0004898922735522008,0.0562250912237423,0.058169196331009275,0.05625238806281384,0.058162995001079736,0.08564977920208258
golovin_controlled_high_resolution_convergence_v1,controlled,golovin,65536,0.1,300.0,3600.0,300.00001192092896,golovin_fixed_bin_l1_relative_bins_1000,100,100,0.080603890781266,0.004688351004451909,0.00046883510044519087,0.07967362022746392,0.08153416133506806,0.07971455616163098,0.08154086602977673,0.05816531880793003
golovin_controlled_high_resolution_convergence_v1,controlled,golovin,65536,0.1,300.0,3600.0,300.00001192092896,radius_moment_0_m3,100,100,5348365.394103273,20155.213996435763,2015.5213996435764,5344366.162375815,5352364.62583073,5344478.840108827,5352224.947750792,0.0037684811173629737
golovin_controlled_high_resolution_convergence_v1,controlled,golovin,65536,0.1,300.0,3600.0,300.00001192092896,radius_moment_3_um3_m3,100,100,238740390029.57635,144.04608070147302,14.404608070147301,238740390000.99448,238740390058.15823,238740390001.16385,238740390057.82462,6.03358655331123e-10
golovin_controlled_high_resolution_convergence_v1,controlled,golovin,65536,0.1,300.0,3600.0,300.00001192092896,radius_moment_6_um6_m3,100,100,3.34110371627859e+16,336710245580449.2,33671024558044.918,3.3344226545080544e+16,3.3477847780491256e+16,3.334559700158711e+16,3.3476099515404444e+16,0.010077814823284983
golovin_controlled_high_resolution_convergence_v1,controlled,golovin,65536,0.1,300.0,3600.0,300.00001192092896,golovin_relative_error_radius_moment_0_m3,100,100,-8.193821407888269e-05,0.0037681723347504333,0.00037681723347504333,-0.0008296253563899605,0.0006657489282321951,-0.000803036184758762,0.0006540689620104627,45.98797248769394
golovin_controlled_high_resolution_convergence_v1,controlled,golovin,65536,0.1,300.0,3600.0,300.00001192092896,golovin_relative_error_radius_moment_3_um3_m3,100,100,2.9729241579772303e-05,6.033765922516501e-10,6.033765922516501e-11,2.9729121856766047e-05,2.9729361302778558e-05,2.972912241005432e-05,2.9729360724786324e-05,2.029572771416362e-05
golovin_controlled_high_resolution_convergence_v1,controlled,golovin,65536,0.1,300.0,3600.0,300.00001192092896,golovin_relative_error_radius_moment_6_um6_m3,100,100,-0.00032829638956404563,0.010074506313063808,0.0010074506313063809,-0.0023272970100886043,0.0016707042309605132,-0.0023400592527728723,0.0016164501406054847,30.687228471936713
golovin_controlled_high_resolution_convergence_v1,controlled,golovin,65536,0.1,300.0,3600.0,300.00001192092896,liquid_water_gm3,100,100,0.9982363472099566,6.02294561053397e-10,6.02294561053397e-11,0.9982363470904483,0.9982363473294649,0.9982363470928822,0.9982363473247913,6.033586762661908e-10
golovin_controlled_high_resolution_convergence_v1,controlled,golovin,65536,0.1,300.0,3600.0,300.00001192092896,relative_liquid_mass_drift,100,100,7.763415021955211e-10,6.033586819044638e-10,6.033586819044638e-11,6.566220497433537e-10,8.960609546476885e-10,6.577154079423497e-10,8.92038253708094e-10,0.7771820522259137
golovin_controlled_high_resolution_convergence_v1,controlled,golovin,65536,0.1,300.0,3600.0,300.00001192092896,mass_fraction_r_ge_cloud_threshold,100,100,0.6351068382037289,0.003301168470450272,0.0003301168470450272,0.6344518147598179,0.6357618616476399,0.6344554420802241,0.6357588804971478,0.005197815976579561
golovin_controlled_high_resolution_convergence_v1,controlled,golovin,65536,0.1,300.0,3600.0,300.00001192092896,mass_fraction_r_ge_large_threshold,100,100,0.0,0.0,0.0,0.0,0.0,0.0,0.0,nan
golovin_controlled_high_resolution_convergence_v1,controlled,golovin,65536,0.1,300.0,3600.0,300.00001192092896,mass_fraction_r_ge_onset_threshold,100,100,0.0,0.0,0.0,0.0,0.0,0.0,0.0,nan
golovin_controlled_high_resolution_convergence_v1,controlled,golovin,65536,0.1,300.0,3600.0,300.00001192092896,mass_weighted_radius_q99_um,100,100,87.9894654083252,0.6926807530676024,0.06926807530676024,87.85202251909776,88.12690829755265,87.8519499988556,88.12285398483276,0.007872314598720858
golovin_controlled_high_resolution_convergence_v1,controlled,golovin,65536,0.1,300.0,3600.0,300.00001192092896,fixed_bin_mass_below_range_fraction,100,100,0.0,0.0,0.0,0.0,0.0,0.0,0.0,nan
golovin_controlled_high_resolution_convergence_v1,controlled,golovin,65536,0.1,300.0,3600.0,300.00001192092896,fixed_bin_mass_above_range_fraction,100,100,0.0,0.0,0.0,0.0,0.0,0.0,0.0,nan
golovin_controlled_high_resolution_convergence_v1,controlled,golovin,65536,0.1,300.0,3600.0,300.00001192092896,fixed_bin_mass_below_range_fraction_bins_250,100,100,0.0,0.0,0.0,0.0,0.0,0.0,0.0,nan
golovin_controlled_high_resolution_convergence_v1,controlled,golovin,65536,0.1,300.0,3600.0,300.00001192092896,fixed_bin_mass_below_range_fraction_bins_500,100,100,0.0,0.0,0.0,0.0,0.0,0.0,0.0,nan
golovin_controlled_high_resolution_convergence_v1,controlled,golovin,65536,0.1,300.0,3600.0,300.00001192092896,fixed_bin_mass_below_range_fraction_bins_1000,100,100,0.0,0.0,0.0,0.0,0.0,0.0,0.0,nan
golovin_controlled_high_resolution_convergence_v1,controlled,golovin,65536,0.1,300.0,3600.0,300.00001192092896,fixed_bin_mass_above_range_fraction_bins_250,100,100,0.0,0.0,0.0,0.0,0.0,0.0,0.0,nan
golovin_controlled_high_resolution_convergence_v1,controlled,golovin,65536,0.1,300.0,3600.0,300.00001192092896,fixed_bin_mass_above_range_fraction_bins_500,100,100,0.0,0.0,0.0,0.0,0.0,0.0,0.0,nan
golovin_controlled_high_resolution_convergence_v1,controlled,golovin,65536,0.1,300.0,3600.0,300.00001192092896,fixed_bin_mass_above_range_fraction_bins_1000,100,100,0.0,0.0,0.0,0.0,0.0,0.0,0.0,nan
golovin_controlled_high_resolution_convergence_v1,controlled,golovin,65536,0.1,300.0,3600.0,3000.0,golovin_fixed_bin_l1_relative,100,100,0.0828337803679424,0.005774013895442896,0.0005774013895442896,0.08168809074293906,0.08397946999294573,0.08173698155358324,0.08397371225623798,0.06970602898714863
golovin_controlled_high_resolution_convergence_v1,controlled,golovin,65536,0.1,300.0,3600.0,3000.0,golovin_fixed_bin_l1_relative_bins_250,100,100,0.05999041356112257,0.0062228452508898404,0.0006222845250889841,0.0587556660577311,0.06122516106451404,0.05878849265722554,0.06121798323585076,0.10373066097551663
golovin_controlled_high_resolution_convergence_v1,controlled,golovin,65536,0.1,300.0,3600.0,3000.0,golovin_fixed_bin_l1_relative_bins_500,100,100,0.0828337803679424,0.005774013895442896,0.0005774013895442896,0.08168809074293906,0.08397946999294573,0.08171537516875557,0.08396986433206712,0.06970602898714863
golovin_controlled_high_resolution_convergence_v1,controlled,golovin,65536,0.1,300.0,3600.0,3000.0,golovin_fixed_bin_l1_relative_bins_1000,100,100,0.1156517423702997,0.005675777232704237,0.0005675777232704237,0.1145255450304437,0.1167779397101557,0.11453334320989715,0.11676018621754992,0.04907645242845751
golovin_controlled_high_resolution_convergence_v1,controlled,golovin,65536,0.1,300.0,3600.0,3000.0,radius_moment_0_m3,100,100,93090.51809094775,694.3663267963755,69.43663267963754,92952.74074732374,93228.29543457176,92954.05400390392,93227.22856810906,0.00745904460557403
golovin_controlled_high_resolution_convergence_v1,controlled,golovin,65536,0.1,300.0,3600.0,3000.0,radius_moment_3_um3_m3,100,100,238740390098.97595,165.08721076415856,16.508721076415856,238740390066.21906,238740390131.73285,238740390067.0569,238740390130.8632,6.914925903225567e-10
golovin_controlled_high_resolution_convergence_v1,controlled,golovin,65536,0.1,300.0,3600.0,3000.0,radius_moment_6_um6_m3,100,100,1.0962259320503697e+20,3.805220951771344e+18,3.805220951771344e+17,1.0886755481333332e+20,1.1037763159674062e+20,1.088841463038799e+20,1.1035461312314152e+20,0.03471201365081829
golovin_controlled_high_resolution_convergence_v1,controlled,golovin,65536,0.1,300.0,3600.0,3000.0,golovin_relative_error_radius_moment_0_m3,100,100,-0.001040449142966453,0.007451283849006806,0.0007451283849006806,-0.0025189455153945923,0.0004380472294616862,-0.0024988968385737526,0.00044322751337770274,7.161603139738523
golovin_controlled_high_resolution_convergence_v1,controlled,golovin,65536,0.1,300.0,3600.0,3000.0,golovin_relative_error_radius_moment_3_um3_m3,100,100,2.9729532278941483e-05,6.915131462590548e-10,6.915131462590548e-11,2.9729395067730777e-05,2.972966949015219e-05,2.9729394003556563e-05,2.9729667478530007e-05,2.3260142129746148e-05
golovin_controlled_high_resolution_convergence_v1,controlled,golovin,65536,0.1,300.0,3600.0,3000.0,golovin_relative_error_radius_moment_6_um6_m3,100,100,-0.004435763002215522,0.03455803938493359,0.003455803938493359,-0.01129282775833315,0.0024213017539021064,-0.01102232894773844,0.002283807253041639,7.790776776773907
golovin_controlled_high_resolution_convergence_v1,controlled,golovin,65536,0.1,300.0,3600.0,3000.0,liquid_water_gm3,100,100,0.9982363475001346,6.902730432318781e-10,6.902730432318782e-11,0.9982363473631695,0.9982363476370997,0.9982363473668019,0.998236347630664,6.914925958772354e-10
golovin_controlled_high_resolution_convergence_v1,controlled,golovin,65536,0.1,300.0,3600.0,3000.0,relative_liquid_mass_drift,100,100,1.067032013857272e-09,6.91492586122205e-10,6.91492586122205e-11,9.298248827292711e-10,1.204239144985273e-09,9.34506134309121e-10,1.2003942310156999e-09,0.6480523331464919
golovin_controlled_high_resolution_convergence_v1,controlled,golovin,65536,0.1,300.0,3600.0,3000.0,mass_fraction_r_ge_cloud_threshold,100,100,0.9953318861548501,7.21520815600673e-05,7.21520815600673e-06,0.9953175696165177,0.9953462026931825,0.9953179676352553,0.9953461014061284,7.249047535169806e-05
golovin_controlled_high_resolution_convergence_v1,controlled,golovin,65536,0.1,300.0,3600.0,3000.0,mass_fraction_r_ge_large_threshold,100,100,0.13951414909695048,0.007441460339006982,0.0007441460339006982,0.1380376019220289,0.14099069627187205,0.1380865130626461,0.140971318394812,0.053338391748608945
golovin_controlled_high_resolution_convergence_v1,controlled,golovin,65536,0.1,300.0,3600.0,3000.0,mass_fraction_r_ge_onset_threshold,100,100,0.13951414909695048,0.007441460339006982,0.0007441460339006982,0.1380376019220289,0.14099069627187205,0.13808559950294663,0.14095666686535088,0.053338391748608945
golovin_controlled_high_resolution_convergence_v1,controlled,golovin,65536,0.1,300.0,3600.0,3000.0,mass_weighted_radius_q99_um,100,100,1447.5874072265624,31.79964144810287,3.1799641448102873,1441.2776684649928,1453.897145988132,1441.4026511535646,1453.846603210449,0.021967337716088532
golovin_controlled_high_resolution_convergence_v1,controlled,golovin,65536,0.1,300.0,3600.0,3000.0,fixed_bin_mass_below_range_fraction,100,100,0.0,0.0,0.0,0.0,0.0,0.0,0.0,nan
golovin_controlled_high_resolution_convergence_v1,controlled,golovin,65536,0.1,300.0,3600.0,3000.0,fixed_bin_mass_above_range_fraction,100,100,0.0,0.0,0.0,0.0,0.0,0.0,0.0,nan
golovin_controlled_high_resolution_convergence_v1,controlled,golovin,65536,0.1,300.0,3600.0,3000.0,fixed_bin_mass_below_range_fraction_bins_250,100,100,0.0,0.0,0.0,0.0,0.0,0.0,0.0,nan
golovin_controlled_high_resolution_convergence_v1,controlled,golovin,65536,0.1,300.0,3600.0,3000.0,fixed_bin_mass_below_range_fraction_bins_500,100,100,0.0,0.0,0.0,0.0,0.0,0.0,0.0,nan
golovin_controlled_high_resolution_convergence_v1,controlled,golovin,65536,0.1,300.0,3600.0,3000.0,fixed_bin_mass_below_range_fraction_bins_1000,100,100,0.0,0.0,0.0,0.0,0.0,0.0,0.0,nan
golovin_controlled_high_resolution_convergence_v1,controlled,golovin,65536,0.1,300.0,3600.0,3000.0,fixed_bin_mass_above_range_fraction_bins_250,100,100,0.0,0.0,0.0,0.0,0.0,0.0,0.0,nan
golovin_controlled_high_resolution_convergence_v1,controlled,golovin,65536,0.1,300.0,3600.0,3000.0,fixed_bin_mass_above_range_fraction_bins_500,100,100,0.0,0.0,0.0,0.0,0.0,0.0,0.0,nan
golovin_controlled_high_resolution_convergence_v1,controlled,golovin,65536,0.1,300.0,3600.0,3000.0,fixed_bin_mass_above_range_fraction_bins_1000,100,100,0.0,0.0,0.0,0.0,0.0,0.0,0.0,nan
golovin_controlled_high_resolution_convergence_v1,controlled,golovin,65536,0.1,300.0,3600.0,3299.999952316284,golovin_fixed_bin_l1_relative,100,100,0.0903311260417909,0.00662542509255013,0.000662542509255013,0.0890164979637805,0.0916457541198013,0.08903492428596459,0.09161421172603898,0.07334598142267079
golovin_controlled_high_resolution_convergence_v1,controlled,golovin,65536,0.1,300.0,3600.0,3299.999952316284,golovin_fixed_bin_l1_relative_bins_250,100,100,0.0657181542082281,0.007317924360747415,0.0007317924360747415,0.06426611925152588,0.06717018916493032,0.06430999540452415,0.06714631639816145,0.11135316335210142
golovin_controlled_high_resolution_convergence_v1,controlled,golovin,65536,0.1,300.0,3600.0,3299.999952316284,golovin_fixed_bin_l1_relative_bins_500,100,100,0.0903311260417909,0.00662542509255013,0.000662542509255013,0.0890164979637805,0.0916457541198013,0.08904572126963207,0.09163455692208838,0.07334598142267079
golovin_controlled_high_resolution_convergence_v1,controlled,golovin,65536,0.1,300.0,3600.0,3299.999952316284,golovin_fixed_bin_l1_relative_bins_1000,100,100,0.12635041822771922,0.005544188408491835,0.0005544188408491836,0.12525033096542737,0.12745050549001108,0.12525531570688272,0.12741049712265956,0.0438794622626388
golovin_controlled_high_resolution_convergence_v1,controlled,golovin,65536,0.1,300.0,3600.0,3299.999952316284,radius_moment_0_m3,100,100,59353.79658628198,451.34067747143115,45.13406774714311,59264.24080396404,59443.35236859991,59265.62233834346,59441.80425154522,0.007604242751604306
golovin_controlled_high_resolution_convergence_v1,controlled,golovin,65536,0.1,300.0,3600.0,3299.999952316284,radius_moment_3_um3_m3,100,100,238740390119.63794,172.60130528314752,17.260130528314754,238740390085.3901,238740390153.88577,238740390086.6119,238740390154.0498,7.229665043131299e-10
golovin_controlled_high_resolution_convergence_v1,controlled,golovin,65536,0.1,300.0,3600.0,3299.999952316284,radius_moment_6_um6_m3,100,100,2.6957028975740086e+20,1.0457219223632447e+19,1.0457219223632448e+18,2.6749535059240216e+20,2.7164522892239956e+20,2.675534481624209e+20,2.716228517026593e+20,0.03879218007683041
golovin_controlled_high_resolution_convergence_v1,controlled,golovin,65536,0.1,300.0,3600.0,3299.999952316284,golovin_relative_error_radius_moment_0_m3,100,100,-0.0010950514009052837,0.007595915714926339,0.0007595915714926338,-0.0026022458733431335,0.00041214307153256634,-0.0025724469234026655,0.0004050413127968093,6.936583715291138
golovin_controlled_high_resolution_convergence_v1,controlled,golovin,65536,0.1,300.0,3600.0,3299.999952316284,golovin_relative_error_radius_moment_3_um3_m3,100,100,2.9729618827158966e-05,7.229880001191546e-10,7.229880001191546e-11,2.9729475370654403e-05,2.972976228366353e-05,2.972948010072235e-05,2.972975920925475e-05,2.4318777994512387e-05
golovin_controlled_high_resolution_convergence_v1,controlled,golovin,65536,0.1,300.0,3600.0,3299.999952316284,golovin_relative_error_radius_moment_6_um6_m3,100,100,-0.004652265652685604,0.03861170854986618,0.003861170854986618,-0.012313666316121474,0.003009135010750264,-0.012211571876028652,0.002822809173347143,8.299549387850815
golovin_controlled_high_resolution_convergence_v1,controlled,golovin,65536,0.1,300.0,3600.0,3299.999952316284,liquid_water_gm3,100,100,0.9982363475865274,7.216914401373216e-10,7.216914401373216e-11,0.9982363474433281,0.9982363477297266,0.9982363474459862,0.9982363477255041,7.229665017529981e-10
golovin_controlled_high_resolution_convergence_v1,controlled,golovin,65536,0.1,300.0,3600.0,3299.999952316284,relative_liquid_mass_drift,100,100,1.1535776567317413e-09,7.229665108659777e-10,7.229665108659777e-11,1.0101254161027855e-09,1.2970298973606972e-09,1.0116697294615395e-09,1.2951052916765348e-09,0.6267168115185676
golovin_controlled_high_resolution_convergence_v1,controlled,golovin,65536,0.1,300.0,3600.0,3299.999952316284,mass_fraction_r_ge_cloud_threshold,100,100,0.9970306522429822,4.500097955849225e-05,4.500097955849225e-06,0.9970217230723344,0.9970395814136299,0.9970218759527041,0.9970395362713474,4.5135001072690447e-05
golovin_controlled_high_resolution_convergence_v1,controlled,golovin,65536,0.1,300.0,3600.0,3299.999952316284,mass_fraction_r_ge_large_threshold,100,100,0.3475005772413376,0.008510283477833811,0.0008510283477833811,0.3458119523673852,0.34918920211529,0.34585899409733273,0.34914607754512933,0.024489983715691666
golovin_controlled_high_resolution_convergence_v1,controlled,golovin,65536,0.1,300.0,3600.0,3299.999952316284,mass_fraction_r_ge_onset_threshold,100,100,0.3475005772413376,0.008510283477833811,0.0008510283477833811,0.3458119523673852,0.34918920211529,0.34579938711696157,0.34912813068501297,0.024489983715691666
golovin_controlled_high_resolution_convergence_v1,controlled,golovin,65536,0.1,300.0,3600.0,3299.999952316284,mass_weighted_radius_q99_um,100,100,1954.098642578125,45.00842470057986,4.500842470057986,1945.1679946526158,1963.0292905036342,1945.2207098388672,1962.8645570068359,0.023032831465047404
golovin_controlled_high_resolution_convergence_v1,controlled,golovin,65536,0.1,300.0,3600.0,3299.999952316284,fixed_bin_mass_below_range_fraction,100,100,0.0,0.0,0.0,0.0,0.0,0.0,0.0,nan
golovin_controlled_high_resolution_convergence_v1,controlled,golovin,65536,0.1,300.0,3600.0,3299.999952316284,fixed_bin_mass_above_range_fraction,100,100,0.0,0.0,0.0,0.0,0.0,0.0,0.0,nan
golovin_controlled_high_resolution_convergence_v1,controlled,golovin,65536,0.1,300.0,3600.0,3299.999952316284,fixed_bin_mass_below_range_fraction_bins_250,100,100,0.0,0.0,0.0,0.0,0.0,0.0,0.0,nan
golovin_controlled_high_resolution_convergence_v1,controlled,golovin,65536,0.1,300.0,3600.0,3299.999952316284,fixed_bin_mass_below_range_fraction_bins_500,100,100,0.0,0.0,0.0,0.0,0.0,0.0,0.0,nan
golovin_controlled_high_resolution_convergence_v1,controlled,golovin,65536,0.1,300.0,3600.0,3299.999952316284,fixed_bin_mass_below_range_fraction_bins_1000,100,100,0.0,0.0,0.0,0.0,0.0,0.0,0.0,nan
golovin_controlled_high_resolution_convergence_v1,controlled,golovin,65536,0.1,300.0,3600.0,3299.999952316284,fixed_bin_mass_above_range_fraction_bins_250,100,100,0.0,0.0,0.0,0.0,0.0,0.0,0.0,nan
golovin_controlled_high_resolution_convergence_v1,controlled,golovin,65536,0.1,300.0,3600.0,3299.999952316284,fixed_bin_mass_above_range_fraction_bins_500,100,100,0.0,0.0,0.0,0.0,0.0,0.0,0.0,nan
golovin_controlled_high_resolution_convergence_v1,controlled,golovin,65536,0.1,300.0,3600.0,3299.999952316284,fixed_bin_mass_above_range_fraction_bins_1000,100,100,0.0,0.0,0.0,0.0,0.0,0.0,0.0,nan
golovin_controlled_high_resolution_convergence_v1,controlled,golovin,65536,0.1,300.0,3600.0,3599.9999046325684,golovin_fixed_bin_l1_relative,100,100,0.09775045781192374,0.00721798730686808,0.000721798730686808,0.09631825253486141,0.09918266308898606,0.09635551667675123,0.09916543428139653,0.07384095653808406
golovin_controlled_high_resolution_convergence_v1,controlled,golovin,65536,0.1,300.0,3600.0,3599.9999046325684,golovin_fixed_bin_l1_relative_bins_250,100,100,0.07010209728687594,0.0069967200774449885,0.0006996720077444989,0.0687137962285588,0.07149039834519308,0.0687931131116843,0.07146342195452052,0.09980757135999223
golovin_controlled_high_resolution_convergence_v1,controlled,golovin,65536,0.1,300.0,3600.0,3599.9999046325684,golovin_fixed_bin_l1_relative_bins_500,100,100,0.09775045781192374,0.00721798730686808,0.000721798730686808,0.09631825253486141,0.09918266308898606,0.09634569347513557,0.09918661086286057,0.07384095653808406
golovin_controlled_high_resolution_convergence_v1,controlled,golovin,65536,0.1,300.0,3600.0,3599.9999046325684,golovin_fixed_bin_l1_relative_bins_1000,100,100,0.1367692214410384,0.007132291986735852,0.0007132291986735852,0.13535401997466387,0.13818442290741292,0.1353648191574414,0.13814507102038265,0.05214837016390126
golovin_controlled_high_resolution_convergence_v1,controlled,golovin,65536,0.1,300.0,3600.0,3599.9999046325684,radius_moment_0_m3,100,100,37838.398071641204,290.6067062999951,29.06067062999951,37780.73539635269,37896.06074692972,37781.99860377435,37895.53481596735,0.007680206380560188
golovin_controlled_high_resolution_convergence_v1,controlled,golovin,65536,0.1,300.0,3600.0,3599.9999046325684,radius_moment_3_um3_m3,100,100,238740390144.8503,189.10070046330605,18.910070046330606,238740390107.32864,238740390182.37198,238740390107.29117,238740390181.8273,7.920767003378586e-10
golovin_controlled_high_resolution_convergence_v1,controlled,golovin,65536,0.1,300.0,3600.0,3599.9999046325684,radius_moment_6_um6_m3,100,100,6.640571344800024e+20,2.8459720950572892e+19,2.845972095057289e+18,6.584101084052478e+20,6.69704160554757e+20,6.585864286124409e+20,6.696624210098217e+20,0.04285733782961101
golovin_controlled_high_resolution_convergence_v1,controlled,golovin,65536,0.1,300.0,3600.0,3599.9999046325684,golovin_relative_error_radius_moment_0_m3,100,100,-0.0012849210847544535,0.007670337921446538,0.0007670337921446538,-0.002806882537567488,0.00023704036805858122,-0.002795003555814813,0.0002153085731793523,5.9695011720601725
golovin_controlled_high_resolution_convergence_v1,controlled,golovin,65536,0.1,300.0,3600.0,3599.9999046325684,golovin_relative_error_radius_moment_3_um3_m3,100,100,2.972972443621824e-05,7.921002565765443e-10,7.921002565765443e-11,2.9729567266342596e-05,2.9729881606093886e-05,2.9729567172277205e-05,2.972987747575195e-05,2.6643377010638148e-05
golovin_controlled_high_resolution_convergence_v1,controlled,golovin,65536,0.1,300.0,3600.0,3599.9999046325684,golovin_relative_error_radius_moment_6_um6_m3,100,100,-0.003122383453588584,0.04272352078710697,0.004272352078710697,-0.011599656871311818,0.005354889964134649,-0.011334518085596372,0.00534730402185719,13.682983343382901
golovin_controlled_high_resolution_convergence_v1,controlled,golovin,65536,0.1,300.0,3600.0,3599.9999046325684,liquid_water_gm3,100,100,0.9982363476919472,7.906797566729105e-10,7.906797566729105e-11,0.9982363475350592,0.9982363478488353,0.9982363475375217,0.9982363478449799,7.920767045810997e-10
golovin_controlled_high_resolution_convergence_v1,controlled,golovin,65536,0.1,300.0,3600.0,3599.9999046325684,relative_liquid_mass_drift,100,100,1.2591835785169537e-09,7.92076696174438e-10,7.920766961744381e-11,1.1020183777663651e-09,1.4163487792675422e-09,1.1013869692100276e-09,1.413215892420716e-09,0.6290398871841494
golovin_controlled_high_resolution_convergence_v1,controlled,golovin,65536,0.1,300.0,3600.0,3599.9999046325684,mass_fraction_r_ge_cloud_threshold,100,100,0.9981095129562381,2.8668957440001044e-05,2.8668957440001044e-06,0.9981038244131044,0.9981152014993717,0.9981040407949795,0.9981150916012624,2.872325838783788e-05
golovin_controlled_high_resolution_convergence_v1,controlled,golovin,65536,0.1,300.0,3600.0,3599.9999046325684,mass_fraction_r_ge_large_threshold,100,100,0.5496923336403414,0.006337995537115252,0.0006337995537115252,0.5484347378219591,0.5509499294587238,0.5484431879350193,0.5508890809998047,0.011530078098673546
golovin_controlled_high_resolution_convergence_v1,controlled,golovin,65536,0.1,300.0,3600.0,3599.9999046325684,mass_fraction_r_ge_onset_threshold,100,100,0.5496923336403414,0.006337995537115252,0.0006337995537115252,0.5484347378219591,0.5509499294587238,0.5484432701860035,0.5509127315435192,0.011530078098673546
golovin_controlled_high_resolution_convergence_v1,controlled,golovin,65536,0.1,300.0,3600.0,3599.9999046325684,mass_weighted_radius_q99_um,100,100,2635.8759423828124,63.63616778542023,6.363616778542022,2623.2491460974297,2648.502738668195,2623.5413739013675,2648.441693054199,0.024142322771038154
golovin_controlled_high_resolution_convergence_v1,controlled,golovin,65536,0.1,300.0,3600.0,3599.9999046325684,fixed_bin_mass_below_range_fraction,100,100,0.0,0.0,0.0,0.0,0.0,0.0,0.0,nan
golovin_controlled_high_resolution_convergence_v1,controlled,golovin,65536,0.1,300.0,3600.0,3599.9999046325684,fixed_bin_mass_above_range_fraction,100,100,0.0,0.0,0.0,0.0,0.0,0.0,0.0,nan
golovin_controlled_high_resolution_convergence_v1,controlled,golovin,65536,0.1,300.0,3600.0,3599.9999046325684,fixed_bin_mass_below_range_fraction_bins_250,100,100,0.0,0.0,0.0,0.0,0.0,0.0,0.0,nan
golovin_controlled_high_resolution_convergence_v1,controlled,golovin,65536,0.1,300.0,3600.0,3599.9999046325684,fixed_bin_mass_below_range_fraction_bins_500,100,100,0.0,0.0,0.0,0.0,0.0,0.0,0.0,nan
golovin_controlled_high_resolution_convergence_v1,controlled,golovin,65536,0.1,300.0,3600.0,3599.9999046325684,fixed_bin_mass_below_range_fraction_bins_1000,100,100,0.0,0.0,0.0,0.0,0.0,0.0,0.0,nan
golovin_controlled_high_resolution_convergence_v1,controlled,golovin,65536,0.1,300.0,3600.0,3599.9999046325684,fixed_bin_mass_above_range_fraction_bins_250,100,100,0.0,0.0,0.0,0.0,0.0,0.0,0.0,nan
golovin_controlled_high_resolution_convergence_v1,controlled,golovin,65536,0.1,300.0,3600.0,3599.9999046325684,fixed_bin_mass_above_range_fraction_bins_500,100,100,0.0,0.0,0.0,0.0,0.0,0.0,0.0,nan
golovin_controlled_high_resolution_convergence_v1,controlled,golovin,65536,0.1,300.0,3600.0,3599.9999046325684,fixed_bin_mass_above_range_fraction_bins_1000,100,100,0.0,0.0,0.0,0.0,0.0,0.0,0.0,nan
golovin_controlled_high_resolution_convergence_v1,controlled,golovin,65536,0.1,300.0,3600.0,600.0000238418579,golovin_fixed_bin_l1_relative,100,100,0.06350800470559512,0.005100350756455477,0.0005100350756455477,0.062495984462595564,0.06452002494859467,0.06249391833564771,0.06448631160699947,0.08031036056162116
golovin_controlled_high_resolution_convergence_v1,controlled,golovin,65536,0.1,300.0,3600.0,600.0000238418579,golovin_fixed_bin_l1_relative_bins_250,100,100,0.04488839376851979,0.0053985660550436056,0.0005398566055043605,0.043817201140452136,0.04595958639658744,0.04383184010186066,0.045941645688997224,0.1202664119122395
golovin_controlled_high_resolution_convergence_v1,controlled,golovin,65536,0.1,300.0,3600.0,600.0000238418579,golovin_fixed_bin_l1_relative_bins_500,100,100,0.06350800470559512,0.005100350756455477,0.0005100350756455477,0.062495984462595564,0.06452002494859467,0.06251151893019231,0.06449765991621664,0.08031036056162116
golovin_controlled_high_resolution_convergence_v1,controlled,golovin,65536,0.1,300.0,3600.0,600.0000238418579,golovin_fixed_bin_l1_relative_bins_1000,100,100,0.08921543370739052,0.005548904584123069,0.0005548904584123069,0.08811441065353526,0.09031645676124578,0.08815636435044621,0.09032845163756315,0.062196688998031546
golovin_controlled_high_resolution_convergence_v1,controlled,golovin,65536,0.1,300.0,3600.0,600.0000238418579,radius_moment_0_m3,100,100,3409484.0908648456,15193.277318907078,1519.3277318907078,3406469.4150242126,3412498.7667054785,3406642.341122706,3412549.911996563,0.004456180734092579
golovin_controlled_high_resolution_convergence_v1,controlled,golovin,65536,0.1,300.0,3600.0,600.0000238418579,radius_moment_3_um3_m3,100,100,238740390082.19736,149.9548570299809,14.99548570299809,238740390052.44305,238740390111.95166,238740390053.0504,238740390112.01096,6.28108452777312e-10
golovin_controlled_high_resolution_convergence_v1,controlled,golovin,65536,0.1,300.0,3600.0,600.0000238418579,radius_moment_6_um6_m3,100,100,8.202956791811443e+16,1199641921845397.5,119964192184539.75,8.17915329343985e+16,8.226760290183037e+16,8.179835964128158e+16,8.226254340885834e+16,0.014624506166397627
golovin_controlled_high_resolution_convergence_v1,controlled,golovin,65536,0.1,300.0,3600.0,600.0000238418579,golovin_relative_error_radius_moment_0_m3,100,100,-0.0003102140745708781,0.004454798364110033,0.0004454798364110033,-0.0011941427175675352,0.0005737145684257788,-0.0011838818764144557,0.0005808839990298322,14.360400540408733
golovin_controlled_high_resolution_convergence_v1,controlled,golovin,65536,0.1,300.0,3600.0,600.0000238418579,golovin_relative_error_radius_moment_3_um3_m3,100,100,2.9729461997189955e-05,6.28127123828184e-10,6.28127123828184e-11,2.972933736314127e-05,2.9729586631238638e-05,2.9729337806909618e-05,2.9729585361145063e-05,2.112810261711278e-05
golovin_controlled_high_resolution_convergence_v1,controlled,golovin,65536,0.1,300.0,3600.0,600.0000238418579,golovin_relative_error_radius_moment_6_um6_m3,100,100,-0.0021359445070887016,0.014593269032782625,0.0014593269032782625,-0.005031565686479542,0.0007596766723021388,-0.004943344652750428,0.0007274639849901776,6.832232290844153
golovin_controlled_high_resolution_convergence_v1,controlled,golovin,65536,0.1,300.0,3600.0,600.0000238418579,liquid_water_gm3,100,100,0.9982363474299786,6.270006979280508e-10,6.270006979280509e-11,0.998236347305568,0.9982363475543892,0.9982363473066442,0.9982363475522327,6.281084630331314e-10
golovin_controlled_high_resolution_convergence_v1,controlled,golovin,65536,0.1,300.0,3600.0,600.0000238418579,relative_liquid_mass_drift,100,100,9.967523273424206e-10,6.281084597430178e-10,6.281084597430178e-11,8.721219820167276e-10,1.1213826726681137e-09,8.728666730239976e-10,1.116487103630659e-09,0.6301549968964755
golovin_controlled_high_resolution_convergence_v1,controlled,golovin,65536,0.1,300.0,3600.0,600.0000238418579,mass_fraction_r_ge_cloud_threshold,100,100,0.7906022713400447,0.002314778601635548,0.0002314778601635548,0.7901429690459912,0.7910615736340981,0.7901347735002103,0.7910477076405326,0.002927867381043663
golovin_controlled_high_resolution_convergence_v1,controlled,golovin,65536,0.1,300.0,3600.0,600.0000238418579,mass_fraction_r_ge_large_threshold,100,100,0.0,0.0,0.0,0.0,0.0,0.0,0.0,nan
golovin_controlled_high_resolution_convergence_v1,controlled,golovin,65536,0.1,300.0,3600.0,600.0000238418579,mass_fraction_r_ge_onset_threshold,100,100,0.0,0.0,0.0,0.0,0.0,0.0,0.0,nan
golovin_controlled_high_resolution_convergence_v1,controlled,golovin,65536,0.1,300.0,3600.0,600.0000238418579,mass_weighted_radius_q99_um,100,100,124.19246360778808,1.477803377527002,0.14778033775270022,123.89923535650802,124.48569185906815,123.91111568641664,124.47475347328187,0.011899299962307288
golovin_controlled_high_resolution_convergence_v1,controlled,golovin,65536,0.1,300.0,3600.0,600.0000238418579,fixed_bin_mass_below_range_fraction,100,100,0.0,0.0,0.0,0.0,0.0,0.0,0.0,nan
golovin_controlled_high_resolution_convergence_v1,controlled,golovin,65536,0.1,300.0,3600.0,600.0000238418579,fixed_bin_mass_above_range_fraction,100,100,0.0,0.0,0.0,0.0,0.0,0.0,0.0,nan
golovin_controlled_high_resolution_convergence_v1,controlled,golovin,65536,0.1,300.0,3600.0,600.0000238418579,fixed_bin_mass_below_range_fraction_bins_250,100,100,0.0,0.0,0.0,0.0,0.0,0.0,0.0,nan
golovin_controlled_high_resolution_convergence_v1,controlled,golovin,65536,0.1,300.0,3600.0,600.0000238418579,fixed_bin_mass_below_range_fraction_bins_500,100,100,0.0,0.0,0.0,0.0,0.0,0.0,0.0,nan
golovin_controlled_high_resolution_convergence_v1,controlled,golovin,65536,0.1,300.0,3600.0,600.0000238418579,fixed_bin_mass_below_range_fraction_bins_1000,100,100,0.0,0.0,0.0,0.0,0.0,0.0,0.0,nan
golovin_controlled_high_resolution_convergence_v1,controlled,golovin,65536,0.1,300.0,3600.0,600.0000238418579,fixed_bin_mass_above_range_fraction_bins_250,100,100,0.0,0.0,0.0,0.0,0.0,0.0,0.0,nan
golovin_controlled_high_resolution_convergence_v1,controlled,golovin,65536,0.1,300.0,3600.0,600.0000238418579,fixed_bin_mass_above_range_fraction_bins_500,100,100,0.0,0.0,0.0,0.0,0.0,0.0,0.0,nan
golovin_controlled_high_resolution_convergence_v1,controlled,golovin,65536,0.1,300.0,3600.0,600.0000238418579,fixed_bin_mass_above_range_fraction_bins_1000,100,100,0.0,0.0,0.0,0.0,0.0,0.0,0.0,nan
golovin_controlled_high_resolution_convergence_v1,controlled,golovin,65536,0.1,300.0,3600.0,899.9999761581421,golovin_fixed_bin_l1_relative,100,100,0.06507013436789384,0.004822108292064581,0.0004822108292064581,0.06411332346634384,0.06602694526944385,0.06414704277453383,0.06602400303949717,0.07410632141623255
golovin_controlled_high_resolution_convergence_v1,controlled,golovin,65536,0.1,300.0,3600.0,899.9999761581421,golovin_fixed_bin_l1_relative_bins_250,100,100,0.04625053094318736,0.004526335752455335,0.00045263357524553353,0.045352407730328004,0.047148654156046715,0.04537390128483873,0.047113032367715114,0.09786559548938667
golovin_controlled_high_resolution_convergence_v1,controlled,golovin,65536,0.1,300.0,3600.0,899.9999761581421,golovin_fixed_bin_l1_relative_bins_500,100,100,0.06507013436789384,0.004822108292064581,0.0004822108292064581,0.06411332346634384,0.06602694526944385,0.06414218340387894,0.0660132970790518,0.07410632141623255
golovin_controlled_high_resolution_convergence_v1,controlled,golovin,65536,0.1,300.0,3600.0,899.9999761581421,golovin_fixed_bin_l1_relative_bins_1000,100,100,0.09112944158529303,0.005059247584152649,0.0005059247584152649,0.0901255771034182,0.09213330606716785,0.09013164107801752,0.09209844065191058,0.055517157749917986
golovin_controlled_high_resolution_convergence_v1,controlled,golovin,65536,0.1,300.0,3600.0,899.9999761581421,radius_moment_0_m3,100,100,2173732.842527927,12357.936844251108,1235.7936844251108,2171280.759750627,2176184.925305227,2171342.4047179325,2176194.3847923107,0.005685122201990349
golovin_controlled_high_resolution_convergence_v1,controlled,golovin,65536,0.1,300.0,3600.0,899.9999761581421,radius_moment_3_um3_m3,100,100,238740390120.26016,124.0443849946786,12.40443849946786,238740390095.64706,238740390144.87326,238740390095.6817,238740390144.05707,5.195785469404402e-10
golovin_controlled_high_resolution_convergence_v1,controlled,golovin,65536,0.1,300.0,3600.0,899.9999761581421,radius_moment_6_um6_m3,100,100,2.017990572535325e+17,3477572981065256.0,347757298106525.6,2.0110903132759165e+17,2.0248908317947338e+17,2.0112391627171885e+17,2.024742995404636e+17,0.01723285048203257
golovin_controlled_high_resolution_convergence_v1,controlled,golovin,65536,0.1,300.0,3600.0,899.9999761581421,golovin_relative_error_radius_moment_0_m3,100,100,-0.00042368211868436647,0.005682713517370827,0.0005682713517370828,-0.0015512557679020135,0.0007038915305332806,-0.0015127481467098712,0.0006874684873261932,13.412681977273436
golovin_controlled_high_resolution_convergence_v1,controlled,golovin,65536,0.1,300.0,3600.0,899.9999761581421,golovin_relative_error_radius_moment_3_um3_m3,100,100,2.9729621433831622e-05,5.195939906085363e-10,5.1959399060853625e-11,2.972951833511121e-05,2.9729724532552033e-05,2.9729520061007543e-05,2.9729721002739906e-05,1.7477316075651413e-05
golovin_controlled_high_resolution_convergence_v1,controlled,golovin,65536,0.1,300.0,3600.0,899.9999761581421,golovin_relative_error_radius_moment_6_um6_m3,100,100,-0.0019468288217326535,0.01719930107203355,0.0017199301072033549,-0.005359543295989394,0.0014658856525240874,-0.005324352395762204,0.001400065475435554,8.834521494666586
golovin_controlled_high_resolution_convergence_v1,controlled,golovin,65536,0.1,300.0,3600.0,899.9999761581421,liquid_water_gm3,100,100,0.9982363475891295,5.186621858738302e-10,5.1866218587383026e-11,0.9982363474862157,0.9982363476920433,0.9982363474835069,0.9982363476877169,5.195785418217507e-10
golovin_controlled_high_resolution_convergence_v1,controlled,golovin,65536,0.1,300.0,3600.0,899.9999761581421,relative_liquid_mass_drift,100,100,1.1561842261365029e-09,5.195785359983016e-10,5.195785359983016e-11,1.0530885722556746e-09,1.2592798800173312e-09,1.0532533674667554e-09,1.2564679310600458e-09,0.449390784143909
golovin_controlled_high_resolution_convergence_v1,controlled,golovin,65536,0.1,300.0,3600.0,899.9999761581421,mass_fraction_r_ge_cloud_threshold,100,100,0.875899728255822,0.0015692160742786828,0.00015692160742786828,0.8755883617422934,0.8762110947693506,0.8755872796599187,0.8761936989703903,0.0017915476208714676
golovin_controlled_high_resolution_convergence_v1,controlled,golovin,65536,0.1,300.0,3600.0,899.9999761581421,mass_fraction_r_ge_large_threshold,100,100,0.0,0.0,0.0,0.0,0.0,0.0,0.0,nan
golovin_controlled_high_resolution_convergence_v1,controlled,golovin,65536,0.1,300.0,3600.0,899.9999761581421,mass_fraction_r_ge_onset_threshold,100,100,0.0,0.0,0.0,0.0,0.0,0.0,0.0,nan
golovin_controlled_high_resolution_convergence_v1,controlled,golovin,65536,0.1,300.0,3600.0,899.9999761581421,mass_weighted_radius_q99_um,100,100,171.61764083862306,2.030617991928352,0.20306179919283518,171.214722174445,172.02055950280112,171.21733488082884,172.01799930953982,0.011832221804271273
golovin_controlled_high_resolution_convergence_v1,controlled,golovin,65536,0.1,300.0,3600.0,899.9999761581421,fixed_bin_mass_below_range_fraction,100,100,0.0,0.0,0.0,0.0,0.0,0.0,0.0,nan
golovin_controlled_high_resolution_convergence_v1,controlled,golovin,65536,0.1,300.0,3600.0,899.9999761581421,fixed_bin_mass_above_range_fraction,100,100,0.0,0.0,0.0,0.0,0.0,0.0,0.0,nan
golovin_controlled_high_resolution_convergence_v1,controlled,golovin,65536,0.1,300.0,3600.0,899.9999761581421,fixed_bin_mass_below_range_fraction_bins_250,100,100,0.0,0.0,0.0,0.0,0.0,0.0,0.0,nan
golovin_controlled_high_resolution_convergence_v1,controlled,golovin,65536,0.1,300.0,3600.0,899.9999761581421,fixed_bin_mass_below_range_fraction_bins_500,100,100,0.0,0.0,0.0,0.0,0.0,0.0,0.0,nan
golovin_controlled_high_resolution_convergence_v1,controlled,golovin,65536,0.1,300.0,3600.0,899.9999761581421,fixed_bin_mass_below_range_fraction_bins_1000,100,100,0.0,0.0,0.0,0.0,0.0,0.0,0.0,nan
golovin_controlled_high_resolution_convergence_v1,controlled,golovin,65536,0.1,300.0,3600.0,899.9999761581421,fixed_bin_mass_above_range_fraction_bins_250,100,100,0.0,0.0,0.0,0.0,0.0,0.0,0.0,nan
golovin_controlled_high_resolution_convergence_v1,controlled,golovin,65536,0.1,300.0,3600.0,899.9999761581421,fixed_bin_mass_above_range_fraction_bins_500,100,100,0.0,0.0,0.0,0.0,0.0,0.0,0.0,nan
golovin_controlled_high_resolution_convergence_v1,controlled,golovin,65536,0.1,300.0,3600.0,899.9999761581421,fixed_bin_mass_above_range_fraction_bins_1000,100,100,0.0,0.0,0.0,0.0,0.0,0.0,0.0,nan
